Working Ion,Battery Formula,Formula (Charged State),Formula (Discharged State),Electrode_data_material_id,PC1,PC2,PC3,PC4,PC5,PC6,PC7,PC8,PC9,PC10,PC11,PC12,PC13,PC14,PC15,PC16,PC17,PC18,PC19,PC20,PC21,PC22,PC23,PC24,PC25,PC26,PC27,PC28,PC29,PC30,PC31,PC32,PC33,PC34,PC35,PC36,PC37,PC38,PC39,PC40,PC41,PC42,PC43,PC44,PC45,PC46,PC47,PC48,PC49,PC50,PC51,PC52,PC53,PC54,PC55,PC56,PC57,PC58,PC59,PC60,PC61,PC62,PC63,PC64,PC65,PC66,PC67,PC68,PC69,PC70,PC71,PC72,PC73,PC74,PC75,PC76,PC77,PC78,PC79,PC80,Average Voltage (V)
Mg,Mg0-0.5MnSO5,MnSO5,MgMn2(SO5)2,mp-aaaewpfd,-5.922015398951886,-0.9179146378978652,-3.981839286976582,0.2380470034237774,-3.77581503636706,5.842773638523662,8.253474199264229,2.677414508004208,-1.5561958058892342,4.251375830475915,1.9159717101873128,2.008819398413149,-1.608232645452431,-0.8218978003515877,0.4547363103428298,-0.4935862694911163,1.896721794830004,1.0509995699753936,0.1692526737951596,0.5264824937409673,-0.5459193809093854,0.3454118871543021,1.143270368547603,-1.3531901426278712,-0.6267406175455843,1.448898851866936,0.0406995798855219,2.266252162379553,1.6071180220965882,0.1010324911231119,-0.6883713446893317,-0.8124975925620674,0.9220344049724996,-0.0549539222177421,-1.1579272537250702,-0.2437180163352243,-0.502522668598183,-1.0752400469673338,0.2907400607456014,0.6586936891999609,-0.5801311255199005,0.2026169390424809,0.4532336435489781,-0.2840122258087337,-0.2222855046998874,0.3574925545630691,-0.0557443070922924,0.6285066919821469,-0.1495898084992584,0.6674099828031737,0.2846942389470927,0.1431046257972212,-0.1492001255605683,-0.3264094420667066,-0.7290616576210405,-0.1095004114064083,-0.0055451783350377,0.6363199202250107,-0.390565010640837,0.2125279316174416,0.2814009114047033,0.2925297132671159,0.5942232153387053,0.4295530089121721,-0.270328417907792,0.7941997300286374,1.3800414947151205,0.1693845322372311,0.0612886956641697,-0.411609335858038,0.3020087105236161,-0.003933045750747,-0.1634832685552091,0.0400285364982191,0.1790256361185807,-0.5940705274801366,-0.139185898760887,-0.2639555416202189,0.2332404146575855,0.3976799834376943,3.443114699999999
Y,Y0.33-0.67VO3,YV3O9,Y2V3O9,mp-aaacyvei,0.4256878328447496,-1.231216375258828,-0.7358970967369047,3.098989756647957,5.092201731317672,-0.5247624695284302,1.270803775423904,3.6658209937221296,-1.0502612795703603,-0.5775207721549555,-4.871381599942676,1.827864970298973,-0.442388723815691,-0.2736281874590489,0.6938468392505924,-0.9787745861727792,0.2639515794529284,-2.846516791434792,2.217205474965004,0.5803079232047451,0.0342146302862959,2.4268954249563945,0.2664861729926571,1.79927550985062,0.7053157436086298,-0.5937567995606703,-1.1803531187862608,-0.7071748447241886,-0.9637361633671764,0.5912939329887128,1.1757032765104751,0.4561260333020275,-1.6304550634017263,1.449140946850663,-0.6758189792243585,1.9906637825983995,-2.3065844925743746,-1.5500088576549842,-1.2069227609509658,1.9629819670565452,1.7023060640574157,1.8382990673298132,0.1399883817966502,-1.010140551084109,-0.2554400323790702,0.5157170175063801,-0.0871117458827539,-0.0821902888486196,0.8163380922074065,2.0374486311443616,-1.1635931615410606,2.0183853214450647,0.7287105582454246,-0.0040857031240685,-0.2459875692634779,2.1767417433708265,0.4855974959614403,-0.3294209685430515,0.4623330682353712,-0.9089626981351976,-0.7238956037924473,0.070162403073691,0.0980668612443235,-0.4615465206810202,-0.1301569873292026,0.0903179067516126,-0.3856375337459574,-0.6697347224366034,-0.7879381426858885,0.7744348586099591,0.5499377748767871,-0.6867567112659692,-0.0007308493723208,0.509925531941388,-0.0008380727971166,-0.1291323436718185,-0.4389784685357727,-0.1821878986623071,-0.3309433621293442,-0.1860340516718342,2.799240672222221
Li,Li3.33-5CrP2(O4F)2,Li10Cr3P6(O4F)6,Li5CrP2(O4F)2,mp-aaabrhlh,-2.784228195805313,8.512476022328263,3.871989497723866,-4.990975659009009,0.3755917268800702,1.002541428479442,-1.862859544459128,-1.2186368102779856,-4.399226071118144,0.8704072255917848,0.877984132248566,1.49709697125901,0.7366729990094195,0.550128603380001,-1.9720093863274064,1.963984887684288,-0.7595207891983619,0.0332831517839492,3.279172366294754,1.059076727876895,1.623856867335958,-1.7683950484754338,-2.334633542393165,-0.1694299341514945,-2.621875823359221,-0.7939012256864078,0.3893080772760607,-0.8579532766815736,0.0866446184740862,-0.3421370114870228,0.472391959081358,-0.3267846378906643,-0.832889694408461,-1.1473618284290412,0.6711148749101487,-0.3209807109724356,0.5796383610864599,0.538586242322667,0.1653417218244011,0.7061380079561513,-0.0367046324713467,-0.7172896518144443,2.08851028754595,-0.2633050290851506,1.179523293632503,0.5085474786184891,0.7648531941672917,-0.5123335795961099,0.529616483722018,-0.4609195707611409,0.709250816712802,0.6499904537527889,-0.372252464756762,0.3864500227760518,0.1885400891863981,0.2269722412781547,-0.1504303840471139,-0.5626143860356033,0.3191373969806773,-0.5864829691591155,-0.5594187270069153,-0.4784154690562867,0.0548678750082868,0.3297452127950432,-0.5460705632933357,0.2213616951946171,-0.5229190526283879,0.3673053742343429,0.2018460658979849,0.1605813766992438,0.2416701801178665,0.5193565990442176,0.0951609079382588,-0.0183935718472295,-0.1871394092611392,-0.0469060625698041,-0.2378551321311385,0.2789761587840073,0.5612310416626951,0.5153582854518285,4.518893421333331
Li,Li0-1Fe4OF7,Fe4OF7,LiFe4OF7,mp-aaabydnh,-1.512487200612726,4.199607865258997,-5.111473776918753,1.3178970869029771,1.1979739697763323,-4.191176922374972,-0.4885056329651057,-1.4784873583668978,0.0125576678421272,3.638369722957032,3.597611512063981,0.0763206650433869,-0.3526508706852893,-0.2324364486516797,-0.7303914430354317,-1.2666836196765143,-0.4018389420194194,0.0649322893073656,0.6494862412667226,-2.70236094212811,-2.55025701602442,0.0047513444020444,0.2266028357258875,0.7533082861692382,-0.3378598915524939,-0.8722944698512736,-1.1471598520533224,-2.158832854337717,-0.6768834689903757,0.2550828054857355,0.29204782894847,0.0187004787263523,-0.2980593279376172,-0.3123795133923908,0.5510938064914642,0.0157112255485404,0.1009148217642656,-0.2122107991530699,-0.442918366534172,-0.2509067452712374,-0.0623767526713297,-0.4326472199640701,-0.4971368396644094,-0.3577526105541771,-0.51754726344013,-0.2117332512733655,0.1941873330418405,-0.1083143891546456,-0.3864616582394395,0.1085262502695697,0.0522344251872832,-0.1938268845200213,-0.1581700331456902,0.285324764603712,-0.2269894787895634,-0.1096193576176894,0.1450568853702378,-0.056919076979813,0.0010198597121994,0.3986315647542379,0.2178783885564415,0.4103104639589894,0.3459866490221249,0.0411618143597328,0.918919440851517,0.0357642461222819,-0.020626990570536,0.2561392319111279,-0.0599618149471022,0.0918529129658131,-0.4483034079898077,-0.319687002331436,0.2905567375694955,0.0271301589692771,0.3254350955253185,-0.225103667051953,0.1444606615022021,0.0085233709749685,0.1796865035135814,-0.185732254412423,2.796471663333339
Ca,Ca0-1Mn7O12,Mn7O12,CaMn7O12,mp-aaabqyao,-4.226041650179068,-0.4904433954983342,-2.8287447732678257,3.2564934754054127,1.335867395215836,-2.519214280722598,2.986775361539727,1.5036376536307248,-0.5901137782814367,-0.953251300105242,2.526349284733969,-3.454487357847846,1.944672032456896,-0.1398499416201345,1.5801738301206347,-1.42721979626804,1.938841699118386,-0.9290186845098454,-0.0685556658728524,1.157265024964694,0.2010280432772187,1.312324910172655,-1.589923300145389,-1.2415529123024225,-0.3065375982050569,-0.2972451824597505,-2.4017716677164778,0.7700414218013628,-0.4315450045361977,-0.7588684789341766,-1.7307326936432408,0.2590196382830487,0.1528401442424661,1.6592501251511858,-0.9503342424421904,1.059808023913238,-1.313354266072601,0.996018347736316,0.4752167521508046,0.5187790239485599,-1.7220544002316067,-2.067574400931711,0.7530695127513538,0.703558647016037,0.0123378016444024,0.1143011143197106,0.1750503697514316,-0.3923996896756382,0.4459768358024694,0.7311794081565713,1.0732660668553904,-0.0767337857891417,-0.3523584865666268,0.1133453804204935,-0.1560073452844545,-0.1874330252630332,0.2127537762674533,-0.0969437409161254,-0.2753260899402733,-0.1156636691893804,0.3920645905209899,0.1581138401058228,0.0396896906111649,-0.5422470467754448,0.448131822788067,-0.0037973744258364,0.2765372299032171,0.1405375661634256,0.5149206810550155,0.3764022999017028,-0.2226160594054175,0.1408500298600327,0.2155867079864072,0.0667103848621877,0.1667388645923461,0.135562501348252,-0.3029163026945561,0.0478989545600574,0.0613259762389508,0.2154308442132578,3.580753594999993
Li,Li1-4V3CrO8,LiV3CrO8,Li4V3CrO8,mp-aaabrulp,0.3697546367678899,4.960816932348023,2.761653264156357,-6.556414593155133,1.7705009649803038,-0.4637967237271103,-1.6157670592817857,-0.1650271039812294,-3.1974130304508583,0.681934364506681,-0.9247943879858804,0.5662190397084491,1.358420534634153,1.4730268254575365,-0.1185091455387776,1.9365097379099452,0.3337497758647164,-0.5570333729638227,-0.3187715793411661,-0.4057532528050499,-0.0478798096930696,-0.1573109982820369,-0.3292886287754474,0.7778391023078524,-0.6084092907871407,1.7676200726969746,-0.500682840409125,1.280269662071131,0.8244356870188311,0.0876783717495634,0.1148586526399052,0.0473825708980802,-0.2728572411981222,-0.4002684536328356,-0.1865334731074145,0.0050278593904024,-0.071991594222955,-0.5608711268253446,0.0836117934144424,-1.0549817715758771,-0.1732269855411511,0.5667795074424502,-0.2434581606672465,0.0369721020228542,0.3805178758872689,-0.2623889576189249,-0.3375272213849192,0.2696041094234844,0.0149421912973896,0.1996045832978409,-0.3302199638933684,0.2423953403166653,-0.2548410532627686,0.2940947315860609,0.4757643927533918,-0.1930752493066808,0.0183481719323764,-0.1918425236943254,-0.485511184969393,-0.0247642784152757,-0.3359077715852877,-0.1235794922962975,-0.1889083434225281,0.2661569668800584,-0.2082377469410327,0.0446753309508558,0.6324728995416694,0.0715840431391117,0.0460540082634772,0.121101036124515,-0.1244129413546035,-0.0351676169910507,0.0427069331788215,-0.0019599037017536,0.4811603367705543,0.373097256428764,-0.2443049632246461,-0.3698291606535523,-0.1555727067082283,0.2007208824458027,2.83081522
Mg,Mg0-0.5Fe2CoO4,Fe2CoO4,MgFe4(CoO4)2,mp-aaaabzaz,0.3245080634798549,-2.9352790792084607,-5.322614733918622,1.2705655429713063,4.049047642606382,0.1366492348182295,1.2616478685693138,-0.0379183545579971,-0.5306658710469507,0.0831004594284002,1.2589916625900013,-0.6194672576341635,0.4985339882557744,0.2159440980720362,2.1333998753001917,-1.0635269125939208,-0.2663229324872483,-1.3033856430477166,-1.223450326320881,-1.343532339319601,-1.1931314750028268,-1.3079032912418354,0.0819668216608903,-0.5566447109223238,-0.6024342077460678,0.7078613622323292,1.2717757880983749,-0.8183285076415244,-0.3861780547390636,-0.9662757628856872,-0.4494956242874918,0.2859740071343372,0.0269107728621332,0.2119529656325358,0.2786571903537204,0.6056585563546273,-0.1132693762327126,0.0408407190744304,-0.7255567842659166,-0.4785743040796926,0.298666188533402,-0.0655828570732491,0.1274619647118144,-0.3539347409999599,0.337294185385951,-0.1620596230980382,0.1660180764999701,0.0698411087250594,-0.7178884936793015,0.2471289745177351,0.1389135088673802,0.1071905656962444,-0.4034419706253085,0.1291391345299052,0.1658614417026525,0.1204485118229378,-0.1066753393718896,-0.0307426267142633,0.1260371173955151,0.2983934313282753,-0.0148735765176953,-0.1485284468744011,0.5167804926580551,-0.0817953352500373,0.4434430955812133,-0.1999480801559567,0.0618759472615552,-0.0226638911170057,0.4332390349157606,-0.1870669687200055,0.1797861578267978,-0.0838847800934964,0.1481069939558587,0.245121050812667,0.2631135127248294,0.1928436764023449,-0.0207786690063875,-0.0035330224534758,-0.1969260165579493,0.1915294842563902,0.8917927700000131
Zn,Zn0-2Nb2CrO8,Nb2CrO8,Nb2Zn2CrO8,mp-aaachoup,5.638055461152288,-2.34704705413644,-4.705624284805192,0.7734763971650623,5.301819298886696,1.7673398993132452,0.096827188943039,2.986966966151268,-3.3829649025344883,-0.4710673272959701,-2.587098596183975,0.4906500479903036,-1.8159484014319816,1.4096587097487634,0.6473171577293612,1.3580817426269969,-1.1393727043212722,1.900696116838055,0.5471397206713164,0.0080710338981904,1.2809526436236205,1.685276765607193,1.0242103241690437,2.910753468016459,0.4461300573961269,-0.0391941507931944,-0.5497162239725838,-0.3010374537307549,0.9717559935281822,-0.2889260950710534,0.6185686411169987,0.3082072814459107,-1.1188310604439686,0.1067009443666629,0.5396570408847962,-0.3830823768951499,-1.2626830402101137,0.0903753745833556,0.7646623617518024,-0.4033967343451012,0.3873716621963552,0.347341461840615,1.0453984695683194,0.1266922396265911,0.7430427091553933,0.0467422867790187,1.373642995305905,-0.5397598237035734,-0.2830162397426105,-1.0114836415268722,0.7223259546248317,-0.6061880457124751,1.3609290115546406,-0.2290405833846678,1.0564191594965004,-0.0671260762185339,-0.2019877708678701,0.186579867390051,-1.287991693412068,0.4356668501809826,0.3124186955903255,0.2197433907119242,-0.2881186264494455,0.5106663222229071,-0.3369616976023171,0.1305757006818239,0.284292711754094,-0.1178734459968281,0.1336924804821705,0.0768675123884635,0.2374623491402526,0.0697870484816311,-0.3419487184899384,-0.0911272390554138,0.2190794834971524,-0.3166638691520091,-0.3223512827214955,-0.0198489908639884,-0.0056013198857323,0.1007257391445284,1.902528271250002
Ca,Ca0-1Ta2Bi2O9,Ta2Bi2O9,CaTa2Bi2O9,mp-aaadbajx,11.701131809793946,-2.405314990228124,4.170508398199532,5.053857455283965,-3.7350524512424648,-0.6506965981457836,-1.922805060680198,2.6856792510486853,1.243342578290479,1.7659441330706829,-3.317565499257417,-1.6743119111192843,-1.3837506351629791,1.0616640443038448,-0.3934514687780615,-0.0140079603518449,1.9484144578671283,-1.4593447653835,-0.1300006621327497,-1.0401566254687356,-0.4720708359433108,0.5611607204855571,0.8667799837916635,0.6281201624797393,1.3009974316281134,-1.1726792728397886,-0.8859396033446109,0.3517558656291706,1.146361720170274,-1.756791400551818,-2.157260384688364,0.0457068733675211,0.7795254473835216,-0.5723035979531356,-0.5458163221422412,0.2633973164954244,-0.3976080026736044,-0.7991708953492598,1.6216074361069734,0.0361728529603402,-0.671618226522256,-1.2497415375100582,0.1458074348672061,-0.5976106486682355,-0.4901209705555138,2.650161696361194,0.2481353310192127,0.9376796793646094,-0.3013664336217246,-0.0827302698144499,0.7071036033546062,-0.3358773357027793,0.7895011851742887,0.3397374449589073,-0.4609920005319722,-0.0652180215956439,-0.1039980932458882,-0.4198724379123232,-0.5649899570340505,-1.094465084672406,0.7518682902800516,0.8176942377108469,0.2505934128441919,0.0145956721861791,-0.0129145887432163,-0.0757338635991558,0.3486365495217038,-0.0056894962051512,0.1982468084606802,0.2355400374396134,0.1313772368797409,0.0161553122436583,0.2164333477634124,-0.4238603942176339,-0.1305387260569691,0.3224464853168404,0.1547559441396434,0.081397075325281,-0.2410826406075624,-0.0637182865277599,0.9567844699999972
Mg,Mg0-1V4FeNiO12,V4FeNiO12,MgV4FeNiO12,mp-aaabrbsz,0.7647702610505284,-0.7355292108682424,-4.513250605884684,-0.0263863583144157,4.0643320769820726,0.7158822472339675,0.9783609842949876,1.0687900006668585,-1.3354348001890035,-0.4245937981193847,-0.9164710856063782,-0.0266214365644561,-0.2112060973831461,0.4685198905568067,0.1876283505096213,-0.1188916709328385,0.4861619307871062,-1.0999557289712805,-1.6300650536108248,-0.8067869735466425,-0.94153601794967,-0.6359778116373812,1.0955619495938822,0.6665213569766473,-0.3743412065873937,-1.379925016616156,-0.2198289553841436,0.7691654567215479,0.3866862461640578,-0.5673872784060993,-0.5907480105803383,0.1926297398707176,0.288999761776772,0.3867826774340517,-0.3464190525967046,0.192785508796592,-0.5081761391385519,0.339417670230856,-0.0831938972116679,-0.1975839011220169,0.680868016058981,-0.0558629736710806,0.5531193435569651,-0.4008397345544145,0.684347083287729,0.0455063548020127,0.5802632997980842,0.2740837300074788,-0.3402374175694654,-0.4042861813716571,0.1453977684566581,0.1420746555068015,-0.2433584918972636,-0.3366383799788833,0.5034423620320955,0.104179098647038,0.3326017465993628,0.3988183423985932,-0.1515782109695266,-0.0183514497919316,-0.4566659042285311,-0.2685960563963749,0.3374158223937277,-0.0601808426845557,0.162261433045854,-0.2145307495053213,0.1091530978996642,-0.2352385786903019,0.2035968023436386,-0.0520984989824916,-0.0991290555628051,0.0091937686421846,0.1908786255364327,0.0195190941717957,0.0632276927431345,0.1327028304935396,-0.0825238845365566,-0.2048530063261431,-0.1319101810103224,0.314592924361572,0.5803468150000031
Li,Li0-2Mn(SiO3)2,Mn(SiO3)2,Li2Mn(SiO3)2,mp-aaacnakn,-4.733704308832111,2.6916055329219506,-1.966709291270408,-0.7277127107897536,-1.538609177836304,0.0914033684646897,-1.316388894838303,0.3922349330336622,0.2883964487471995,-0.4932105686672023,-0.485737574581349,-3.935105504762864,1.9221684123806635,0.6999820411745682,-1.1414398368908183,-0.0187607370644499,1.292311793239873,2.019863363963776,-0.3242051869357424,0.1089818280486958,0.5205596007843405,-0.1027050221408733,1.3406867823104782,1.14387733964363,0.1001418570649978,-0.3168309611119141,-0.5062000391332775,-0.8391483057272493,-0.360767831988314,0.7394475243839527,-0.593021875355526,-0.3985146291774482,0.3604408100128689,-0.0051655111143538,-1.11912339686454,-1.2553445422966525,-1.3178462535863402,-1.0224357878338133,-0.2478894157684996,-0.6878258357515535,2.0023838228716,0.7518565368418709,0.0848859943642225,0.2068595253127758,-0.4870733534570104,-0.3522557350568539,-0.9036764124762808,0.1933900641923593,0.6619661285535332,-1.2238992178914143,0.6780619249976673,-0.276605415337484,0.0131816888064051,-0.2895410197350226,0.4190246135056842,0.0991410160369936,-0.0167581301833298,-0.1484466009571283,-0.494956782559094,-0.2527810576729005,-0.3967216943640977,-0.3033026346366554,-0.6299919914242897,0.1884557893168658,-0.6946471838322639,-0.2972238256931477,0.501390318412251,0.1605935585935808,0.3227293843997915,0.1386825452377557,0.0748919569119424,0.1383628452496825,0.2718497387510035,0.0136346768920552,0.1588382768118085,-0.5813947645234807,0.1308229845272079,-0.0191728350624012,0.1634446339157604,0.3504523635147171,3.1748533633333382
Zn,Zn0-0.5SnO2,SnO2,Zn(SnO2)2,mp-aaaczjoo,-4.165338846444674,-8.295597668243445,-2.3190005986603413,11.706273865331411,0.2879163636643423,5.61952581603963,-2.677863310771938,2.9653605134206207,-1.1444638783042849,-0.781685065469997,-0.3671352045294072,-0.1476511346659359,-2.018773996657297,1.4478101214154768,3.617811883568904,0.8925471412531437,-2.637359895027138,1.008504736410078,2.68398701544223,-1.5729285750006992,3.0445065045359443,1.5694945190599765,-1.0771394817344078,0.5658579754041823,-0.0256604364525922,0.9228831849692986,-2.1747723943532926,-0.1838537858025635,-0.056353225582497,-0.5824303716268491,0.744783039534349,-1.7069092299074695,-0.1119115909960078,-3.157249909789014,1.12717400921579,-2.2647809902141125,1.191960071107736,1.309192167853665,1.605587746519226,0.6338623477442329,-0.8964203651625063,-1.1889797743655268,0.6326685068078362,-1.2234563430671288,-0.7204113080342707,0.7381965699244454,0.2227885424730206,-0.2647443272490631,0.2278396657521044,-0.2860545129234513,-0.7065266511097559,-0.5637774836985341,-0.6661999162339377,2.363786077594712,1.481857923216808,-0.9749738256009288,0.795667931601495,-0.4465024488637774,-0.7453018071168858,0.969153108341684,1.3011696121991074,-0.1346522504963579,-0.6280752344197438,-0.0421156959330381,-0.4852171841552241,0.1587717046558631,-0.0482881344433001,-1.473576737661421,-0.4277954687457695,0.1136523244690076,-0.1491266076306491,0.2967266262323996,0.1525669963424,-0.1835511842296761,0.1156581011100524,0.5219646923350374,-0.6721081176780241,-0.5208383471905865,0.1626464747459279,0.0267900701766264,0.169281858333335
Li,Li0-2MnFe(PO4)2,MnFe(PO4)2,Li2MnFe(PO4)2,mp-aaabrrwb,-3.344206212737918,3.078745837492978,-2.72047555589099,-1.179797423002264,-3.894250967138669,-0.6763191892457654,-0.2131037813431755,-0.0923500109178539,-1.3248652545900057,-1.6026745685527803,1.5740025512213205,-0.7666385203823657,0.4686396518512252,-0.0776702671965513,0.5527007377490347,-0.5640594048650688,-0.0669360344098628,0.2116615624116288,-0.5938478991188735,-0.2142801422652973,0.1642051403721084,-0.0231870639277406,1.432738513710197,0.5669887234751214,0.7502089973718652,-0.8898844281492245,-0.1677732012254574,-0.3289559670832688,-0.1789735381523625,-0.0203783706795053,0.0555331295014078,0.2403294294129211,-0.0305313347831532,-0.2499466165767863,0.0576141134265322,0.9554396027181428,0.2660299147046381,-0.6405241489373112,-0.180138952887811,-0.8919085379357543,0.0183586243296298,0.0519639356442512,-0.5625189145695381,-0.7367832032438086,-0.9240979334111696,0.2539673557155275,0.0673479143151086,0.0456851124992644,-0.1144666849497651,-0.0856494241538081,-0.2866346297596925,-0.1708689158901234,0.2454441413777805,0.0422649757294517,0.6026469372294837,0.1142361110993948,-0.0892302087767522,0.1536635057897177,0.0282805681779284,0.1120290343405409,0.1739361077224487,-0.2895015036039338,-0.1589923251970556,-0.0337790023925493,-0.1915926968767478,0.0671680493083103,0.0976981428328487,-0.0173634935120855,-0.0750073488994971,0.2110756621979276,-0.013682847326629,0.0324306451281122,0.0774640807359466,0.251131339330353,-0.1189003436549997,0.1715773146349123,-0.024649084010471,0.028181432905212,0.097132492525799,0.0369863196848085,3.646459799166668
Li,Li0-2.5Ni3(P2O7)2,Ni3(P2O7)2,Li5Ni6(P2O7)4,mp-aaabwlaj,-3.109636421821986,1.643857737583925,-3.6068204201581215,-0.1137115988452927,-4.480242423770365,0.4978799920302765,-1.3564324837229422,-1.946809424711454,1.1437270591224808,-2.0687059261516976,0.2098066353117879,1.254877902574494,0.5683397728523283,-1.1680857413736228,0.4897553742839615,-1.3449136750750244,-1.5147636451015185,-1.1592968846359688,0.2656085160400444,-1.626424588853199,-0.4394944169292081,0.0255791462910724,-0.1277636237380341,-0.4944921337017203,0.9378017692784224,1.4736357409444238,-0.3938456711823267,0.7090029819348866,0.9702308261681905,0.3712623913786627,0.5623002465607096,0.1451085622099345,-0.0028105121056762,-0.2841512535623798,-0.6832748263370959,0.1137583182557079,0.715734091236477,-0.6044631830536282,-0.3160111013946492,0.1565643598649627,-0.3508368753450223,0.0521318297042779,-0.0511085910169389,-0.1901733963005355,0.1663465062194666,-0.2022932564962522,-0.2317550443333625,-0.0523704989863083,-0.5017589706169459,0.1475798074885187,-0.0850295259187326,0.0245351564888087,0.0890943131697799,-0.3709973106752668,0.1473568523119889,0.0831960406686679,0.0220950987799432,0.1316073821242891,0.057732510055714,0.0048660351153082,0.1727408017339851,0.0625065189010668,-0.166571431266353,-0.0599393402857259,0.0314843248218287,-0.2064444843342449,0.0002593715959906,-0.2965932362078487,-0.054767249631999,0.051094842509194,-0.0080915548304082,-0.0364221704092224,-0.1596571373141295,0.0308934148790479,-0.0755293940799564,0.0123660474824375,-0.0676483672157648,0.091070195785433,0.1754659588747765,-0.0506359294385787,4.494455401333339
Li,Li0.75-1CoS2,Li3(CoS2)4,LiCoS2,mp-aaabrrfw,-4.113201069749711,-3.910736723835804,4.768105738732057,-10.049162214228604,-3.044781152293011,4.061981125447103,4.84674082368859,-0.258937480645957,-2.095359672827046,7.948269926019492,1.2676371962392003,2.5713231651252118,1.5522565605094851,-0.6780802830824642,2.3222019931999296,-0.6726358803371139,0.6018181135329898,-0.7469369519626897,0.6250867071380064,-0.0696743909414139,-0.7199010989798583,-0.2503381662345906,-1.798054177320189,-0.6002073738361128,-0.3719910321291558,-0.4895048513734936,-0.9767359163048316,-0.928727362355074,-0.8193174315822693,-0.058898722939664,0.6804659416439252,-0.0489886185147263,-1.0521427821320657,-0.4273100081003148,0.2671781582724934,-1.0471345894294763,-0.6484252824651904,0.6013379571783795,0.790252712700459,0.7779834860634083,0.9560164811456549,-0.948558451867172,-0.0461626329463722,1.8781194790510205,1.1461935268314314,1.0930849094262474,-0.620713407050347,-0.2372246740331946,1.3893924232858657,-0.5293411215798465,-0.6369532957160458,0.7098110667941689,1.2908434039627632,0.0479307206432868,0.1976693260269819,0.505636500267753,0.1774816868695241,-0.9798180106837237,0.2420807982470177,0.6112035740541933,0.9350339052452898,0.3363828788154204,-0.044217205280836,0.571210056579952,0.6132520971277461,-0.6186710315635818,0.2738072151678588,-0.2872590312291049,0.0678261607245009,-0.179008999014155,-0.3540277028328233,0.0681006428700643,-0.5792614903491785,-0.1783649798762934,-0.0144571542841396,0.0973116972649756,-0.031368310300941,-0.6002727348446217,0.1086834775313891,0.3657850460404482,1.9788784333333247
Zn,Zn0-0.5CuO2,CuO2,Zn(CuO2)2,mp-aaabcrsm,-1.3359232370373286,-8.220167781156665,-4.211497597845007,5.8465608151443496,8.286979162126656,7.574412567999252,-1.067745006439659,-4.6994378975371305,3.0800471747030995,-1.027395461447297,2.2115857464744164,0.0540950846637154,-1.6168239808156375,-0.569018425953708,1.3210097473283513,0.8456988505560373,-4.10421910237619,2.634378035593054,1.575212958053871,0.7605118522049895,3.230250932171134,1.153598195630595,-1.2424105221748187,2.406608405782705,0.5382389887542358,1.3163043946658273,-2.9512332377357056,0.6457993681199737,0.09983525279578,-0.8305731329859448,-0.1795575295154888,-0.288745557146333,-0.9355313208602488,0.7184359264425764,1.0953471984592371,0.0032453187401877,0.5047634698027317,0.5988169445855477,1.126861279025408,0.0897216113513027,-0.1641598177566876,-0.4046223646511234,0.3297122431837115,0.3448244767227573,-0.5708151517405429,-0.70817867681874,-0.0496176522891998,0.0552513373274212,0.5926974810241605,0.1090869480019652,0.4718191134872924,-0.0581596772083181,0.1051898981936762,0.6780261192282219,-0.1274891337447059,-0.1399141173314606,-0.6966674274131864,0.0408325505150262,0.0075502384496475,0.5059592162365443,0.063647061007399,-0.0433915373705981,0.284068956505641,-0.2347148042525095,-0.7495525537931613,-0.3714171021269186,0.2365426710841589,-0.2448252989758862,-0.2882905107803862,0.4507946437540013,-0.2725117611325996,0.1690145981995933,0.3598825880622302,-0.3389444564086636,0.0192696293186428,-0.3074978682541492,-0.3922875472577986,-0.0287103373112134,0.6795516289785042,-0.0801975541340841,2.395578419999998
Li,Li0-1Cr(PO3)3,Cr(PO3)3,LiCr(PO3)3,mp-aaaabmqi,-1.6707067578953627,3.497659352814014,-6.525446424103134,-2.507370551566508,-4.7913986392008585,-0.9535111875455712,0.220733514836863,-0.8671451023943872,-1.1962505332767397,-4.025608327214728,-0.8446149818146694,2.298279356991665,2.478757130837643,-0.6675078601661967,-0.9845006177872376,1.615918504341029,-1.321975342591262,1.9196634822332288,0.2901867414111749,1.5762113833954938,-1.1984412351699596,-0.2786210970784445,-0.7477412491994581,-0.3051853696012552,0.2872883989395428,1.166319830337179,1.5826846898234173,-1.4165116541569998,-0.6815100104283934,-0.4246223519914445,-0.2347859817707208,0.3451385123298089,-0.3974948368266351,0.2727043805156295,0.4913300059778436,0.7406538771876788,-0.3424166980166511,-0.0210187283100987,-0.3896272338586298,0.8661989596193916,-0.3421931154114577,-0.0161493136925013,0.4597323242041931,-0.0807167587694329,-0.0161975200486866,0.1920466684562713,-0.5322856824844321,0.7142572564867213,-0.0791397272127196,-0.168146473273011,0.1312941576704578,-0.5210837825132666,0.2243372922059834,0.5472221848982212,0.1636723007547627,-0.0683231713175676,0.0398283419393313,-0.3183751821793509,0.1006404270819401,0.1671913301777667,0.1078452484465983,-0.2290220370966022,0.0582334335357644,0.0899085797514132,-0.1412870114783187,0.0197896455101261,-0.018380243804848,-0.1300997817395161,0.117174605623512,-0.0543786990094224,0.0471352994678643,-0.2302464447370778,-0.0443498579069666,-0.0796364099508142,-0.2517669665399614,0.1146413157916331,0.1837304745279333,0.0079958543204114,-0.243271982870631,0.0108223914682053,2.827416993333334
Li,Li0-1Fe(CO3)2,Fe(CO3)2,LiFe(CO3)2,mp-aaabqvuv,-0.0070951010653804,2.5074024574238005,-3.806606395888956,-3.193000432257163,-1.981077108303084,1.420373600089531,-0.125178920057105,-1.7238353880985688,2.335858972541798,-0.9286467574263226,-3.159119338381496,-3.774734276940025,-0.0468222506776329,-0.5804386358695492,0.0768323486174525,-3.525826144767903,0.3454776015774,1.647054948511787,1.2584904264511756,-4.062488357843636,1.47188473491759,-1.9569562433201515,-1.7573157888687787,-0.5085172109605332,-0.2529846569471943,-1.2558147622140323,-0.4396737139403159,-2.48088086901076,1.4848160242724358,-1.282438244638217,0.2420134718793141,0.6153579177480206,-0.1895690207049494,-2.426234233978811,0.1888971232243366,0.96769436380913,-0.2516577240888368,0.0319438865334684,-0.0905878063964546,0.1656440107713106,-1.6973721702445137,0.6039632884675062,-1.6277808797071631,-0.6922260822093855,-0.2867099107870953,-1.199546430194662,0.7669223369886626,0.1926620903069679,-0.5804408727399226,-0.1277419221107182,-0.2056063068344198,-0.2346646866308359,0.435829487394018,-0.1387415248035942,-0.2334192332561615,0.0140197394015187,0.2523709155298513,0.6625351784311272,0.3372608589380742,-0.3945966661365881,-0.377879747435584,-0.7008258708866347,-0.0761960710364785,-0.0455962559318898,-0.2228859831181243,0.6709401702467124,0.3888635426755754,0.2012382590908731,-0.0852992362677698,0.490754102790512,-0.2612755398795434,-0.2498712201361097,-0.6283552494812907,0.1824006405560969,-0.1329238050072131,0.0087031249738079,-0.1065446587058333,-0.3300080041262825,-0.1570411288502173,0.1457721150139198,4.887855148333334
Y,Y0-1Cr4(CuO4)3,Cr4(CuO4)3,YCr4(CuO4)3,mp-aaachjcq,4.305586575986754,-2.403498374077026,-2.194624729004731,-0.2495612514660972,5.707142485411504,2.703421356365414,1.974859957527812,-3.28487809096581,0.7368304244589503,-2.091466139960587,1.546024001906915,-1.1289579471041629,1.6511181090349536,1.4763997521389995,-1.1824252609010422,3.624406777709829,0.7801174683259647,1.4423899687016362,1.1689491998592398,1.7275765107561531,0.195430188844512,0.3396325319175193,-2.885702882759072,1.9174145080557383,-1.7392878648573546,0.2340493980582915,-2.4127587833398554,0.2762110610965501,0.2913178318629518,-1.0027580455318292,-0.9571814324586853,0.4856257927139801,-1.2106758476122352,1.9033090952598464,-0.1843150287640081,1.4575827894231803,-2.094509264472564,-0.5297329848369026,-0.1950328265325067,0.0445037398802677,-0.3679112182441412,-0.557419794338105,0.2138628145121804,-0.3184802414586751,0.3280459752469248,-0.0239465381954131,1.6788222671714663,-0.3233549080864736,-0.6452036819494086,0.5231619541067493,0.3009056086329493,-0.0952298233158999,0.6760730972979735,-0.2672250926002456,-0.1043497135063277,0.4597526288218834,0.7373983186599362,-0.6640933866999317,0.1176689474807881,0.3392007563486958,-0.3316560229408208,0.539047789609304,-0.2871790988532754,0.0076145727958131,-0.2888534005483539,-0.3055648709620296,0.3052276956617945,0.3012970761063941,-0.4212931714769221,0.2152706076649913,0.1075116134104804,0.2847658269923142,-0.0176510806303052,-0.1045455866767617,-0.1719074794892165,-0.051861889866484,0.351647528844045,0.5623230250115049,0.3362324019343365,-0.064262534051239,3.501150748888887
Mg,Mg0.12-0.17FeOF,MgFe8(OF)8,MgFe6(OF)6,mp-aaacsfht,-0.2468363334511049,2.1432031210211515,-2.9270271912316312,1.9940573848547145,4.730264981458718,1.4553116899519418,1.0174119851427923,-0.113375144492476,-2.6435538625434023,1.6783202654038107,3.2212038599608173,0.4149636470371201,-1.9798945483566197,-0.589200785491835,-2.918889670542044,-1.579736593638497,0.2383480834027571,-2.35952292270924,0.0903182316934794,-2.110593566454785,-2.250405995944309,-1.5024446506054598,-1.0885668187934132,-0.1666780430162674,-0.3019724600348039,1.3675411453996045,-0.5346718383711667,-0.639793468408775,-0.0563489648089813,0.7626144020925772,1.3158757363129423,0.4555829108545656,-0.7865610193430507,0.297161507872864,-0.0377382020905814,-0.6887999595181417,-1.026892677013422,-1.2045588868491783,0.4499321791010855,-0.6236508594843551,-0.2432134331284196,0.1509341818695598,-0.9407877880356618,-0.1069955151120824,0.4572512123036088,-0.2926205035753017,0.3861797446424348,0.2414540354763615,-0.9884919258087722,0.391545370756121,-0.4252075520576777,-0.0894833731328476,0.0185648820853232,0.2899826449309888,0.2193434714440882,-0.8363590323098868,-0.6918245386155384,-0.3910571688985942,0.0565434816741898,-0.3997606422213823,0.0447331023479915,0.0179981744786149,0.0278640623473284,0.0879086139437535,0.3149850696754534,0.2054007601632533,-0.848006927702971,-0.2481825496409897,0.7127309067085718,0.2919243117730598,0.1961591322222865,0.121781498395206,0.7115245438567019,0.7356375669714923,0.0918505814166324,0.1773544074232218,0.1221152642063955,0.6711267172448429,-0.0714346273719223,0.047834597365082,1.833082449999968
Li,Li0-1FePO4,FePO4,LiFePO4,mp-aaaabedd,-3.3742527035326826,1.990660404152965,-3.39147338771605,-0.4980319907447089,-3.883804023612092,-0.765277554716641,-0.4961485946058561,-1.3511785079656224,0.1757226279746591,-1.5284748159142842,0.6746262539128125,0.25913895886654,0.9520183584693548,-0.744217842957267,1.2742991410862476,-1.4892426055182408,-1.1498166770191065,-0.6037067199930577,0.1969316925220886,-1.1843032036336114,0.4901574506715363,-0.2665540690714618,0.1728829276719816,-0.3101962963594083,0.4729057899271434,1.23491611990103,1.3617240066743663,-1.5871686714341255,-0.5814801525622317,-0.5400519878530703,-0.352062123284366,0.1840519257566334,-0.1198739636744198,0.1788168896923836,0.3637283250521988,0.4953757061286944,-0.317838655479934,-0.3738382275093108,-0.2626861162283587,-0.6227917430616529,-0.0889667851615592,0.2688180153503389,-0.706079385076412,-0.3085560724960326,-0.8031174603434369,0.0829978232497885,0.1111702430668702,0.0358975159831073,-0.4577671956289037,-0.0694867485507225,-0.3519816058836862,-0.2393141178578652,0.1947784416744258,-0.0663200156128339,0.1986712447929979,-0.0529022230699051,-0.1771418108323203,0.3428307990809292,0.0513389375638381,-0.1918959175475698,0.3395964890465606,-0.1002009203448423,-0.0957255334860874,-0.0266087867224859,0.0693582762439583,0.0409500418050786,-0.0902332050196518,-0.0885151314615489,-0.0072542674409186,0.098747901114355,-0.0348891801365505,-0.1770253019119326,-0.0376618727864861,-0.0155629412549359,-0.1069980280879869,-0.001143282998005,-0.0179180284822278,-0.0124186145783001,0.1190416773689908,0.1318253339271196,3.499170160833334
Zn,Zn0-1Ca2Sn,Ca2Sn,Ca2ZnSn,mp-aaacflru,-7.590060211672807,-20.15572326941128,12.657351958157925,-3.3568914721650387,3.262791424969278,-1.716083484253208,-2.8755558533505705,-0.4105010466447329,-1.5216775218641738,-1.9172062399241183,0.8656261235574647,-0.7119868036968573,2.913576668244191,-2.362612241714263,-1.565521298843858,-2.5706407790241856,-1.6485931384222392,-0.1645725928773442,2.3485912324852314,2.2606837881546404,-1.299997423749149,-0.8112905848160035,0.9726091072046206,-3.673781304205744,2.805980109654312,-0.0766849369353642,-3.0788907526533293,-2.02781658398049,-1.9802525478879045,0.5217006040469294,-0.94975978259919,-0.0253211728063676,-0.0410545636131831,-0.3610265067382808,-0.9809663053635622,-0.8657909477952197,1.7293871355388777,0.5648048977427537,2.22821995010805,1.1128869278367173,-2.227553369659666,2.8544215350022477,2.071473408299145,1.7482962752293727,-1.568385062091729,0.0786678011258536,2.35750540507385,-3.0271067169608767,-1.6028782750574204,-2.941138015846443,-0.06642535538673,-0.7524527286578594,-0.6160209256426172,-0.2833035594727005,0.0664882087008416,-0.5462324262660814,1.6011099740033643,1.110784707330144,1.726508115902761,1.3867236887014571,-0.7373151208344392,1.4522797144127164,1.1584361072458071,1.1033729755151915,-1.0770304116293428,-0.3911447631152639,-0.6158754715257329,-0.6496698083344717,-1.2690917103522197,0.6970226772548797,-1.234924552055352,-1.053351219785505,0.5061788655169359,-0.1180121863250899,-1.020706077677017,0.9321167614586005,0.185767511163073,-0.6662139218141119,-0.5153011983389133,0.4053862500356593,0.104746029999999
Mg,Mg0-1Mn3NiO8,Mn3NiO8,MgMn3NiO8,mp-aaabrbxc,-0.8637936958392939,-0.8839688424851103,-4.611109790667891,1.4659608241349795,2.032391773007522,1.009266104218175,1.5431533666164765,1.2286235700700072,-2.2954560803634907,-0.7915181571784006,2.192535919932609,-1.822615739039333,0.2563673997944429,0.312120108823939,1.207479765999517,-0.341168618877213,0.1658800291003499,-0.1405870052266872,-1.045061919369355,-0.1629417145758173,0.8402261122306854,-1.3621953604965775,-1.0181283694031975,-2.1940316522361143,-0.0519144031361316,-1.7956308404959085,-0.0553430723384553,-0.2722468742609207,0.2597496132828207,-0.824525399789817,0.9031566943077414,0.31444005535208,-0.2920322797152818,-0.7939032749868359,0.2101066707034457,0.0282625805136196,0.133374466959897,-0.6345310428831441,-0.4795100641997232,-0.1543579238101489,0.2641431111589258,-0.1261389754041919,0.5762810483193885,-0.2775780991418864,0.2968819520198694,0.8913046601862353,-0.1584097173831375,-0.2624708659693853,-0.2799347956873301,0.783633782773063,-0.360892673169528,0.1453039985712735,-0.5107636440201769,-0.312166222417994,-0.0407091066576215,0.2719049717362343,0.045815834265302,0.3760896203032375,0.0711957373637146,0.0503788273507853,0.5581755633471345,-0.0730236037937538,0.3755156022378383,-0.2349226716532845,0.1548401345114228,-0.1094033093228185,0.2683261814436023,-0.3506737179428155,0.1393311062333669,-0.0696815070679622,-0.0550401682368457,-0.0464643445239669,0.0845263967136659,0.2358643175069417,0.0307408343825616,0.2034341224993489,-0.02644141592923,-0.1002059080795201,-0.0826604244322395,-0.2122033755151018,3.478198839999994
Mg,Mg0-1BaTi4O8,BaTi4O8,BaMgTi4O8,mp-aaachpll,1.2331846268172169,-0.2640111292432984,6.942491076782835,4.1273171708233525,3.141913073806483,-1.4474164291279772,1.9396804936782823,2.180653449865564,0.2490122407775988,-0.7167355568957523,-4.98837046328115,2.9520950066855605,2.255149880671377,-0.2054734427941059,-0.0485154815190376,0.7978164143171865,0.136756368330794,0.7880032946039482,-0.3504724681496349,-1.2079311389977208,0.5239828114707195,0.5842958510580983,-1.7786253720836736,-1.3322728891379798,-1.3683850306623422,-1.7730285636000107,0.488846815375118,0.9325700529852284,-0.1175157946458508,-0.9765502022576568,1.27738374595462,0.3485777272814205,0.1414890196813431,-1.2556203902853071,-0.4152174868254965,-0.7316077268077689,-0.0652486445806821,1.1960420523823516,-0.4245084650498483,-0.0076741774405984,-0.607299473475474,0.0920718880643409,-0.5368837135578175,0.0604868552372379,0.026098955845213,-1.537967460400058,0.3584662243673638,-1.651857697028616,0.787695178846159,1.0848271480931764,-0.3325107453507237,-0.6444751774254087,-0.3973265177868961,0.2961224940713416,0.2013764422503969,0.1086362165089387,0.3413409701085081,-0.4252428245909868,0.3150590067152035,-0.1455407700992632,-0.2238500416942328,0.1284134875393105,-0.1348146539967888,-0.216391710496739,0.1586521149718437,0.0672138272077814,0.571182523597408,0.0234210582359346,0.2084799004787983,0.0018031078709232,0.0229287971961674,-0.147009070775787,0.2030686172904298,-0.06653053348041,-0.028753964463722,0.0284207098731439,-0.3060775134382164,-0.0338804862976988,0.3639856447926296,-0.124383330436043,0.463460850000001
Ca,Ca0-0.5SbPO5,SbPO5,CaSb2(PO5)2,mp-aaachjsu,-6.05851248561521,-3.4925501549198805,-0.983314548560792,9.824716821872194,-5.336556569574558,0.972160559127186,-1.2833650400170094,0.8319706011434025,1.9142859760616209,-1.5925196987645642,-1.5727663754355998,0.7744362817374395,-0.6789689280035277,1.060363980722782,-0.2631795868076878,1.6811819502844312,2.177958032111624,-1.7824940776167022,0.6541498875987108,0.9613041190683992,-0.4080651532425238,0.3030625382324559,-0.0115299176381548,-0.8781089010927231,-2.18785162896478,2.023999306565291,-0.1654564621608565,-1.3696290340970476,-1.4531905551831683,-0.5089332034956495,-1.0045795116537586,-0.5912825037286261,0.7952004525354701,-1.1889955569676496,0.0096672147963996,0.6619332524053964,-1.0991602256115118,-0.0289910391262064,0.2635097212044172,-1.7254484421257728,-0.4418855283379052,-1.097070734967526,-0.0947981751607352,-0.5825427022665863,0.8062149502867351,-0.9098194002905272,0.3493874635558743,0.1232387036542615,-0.0725103363811598,0.2584157871555405,0.788455819039287,-0.3134734391360816,0.7120579631593714,-0.4371196408079826,-0.9800516705316084,0.3578464487762737,0.4554853894296612,-0.0392004846508077,0.2762098209350773,-0.1961768005059594,0.1454058518402081,-0.3608110704806273,0.2206375786297187,-0.2436368743577211,0.5502434788285474,-0.3437727771592599,0.2414117792844162,0.6468633798179588,-0.3879368819367128,0.2977321409142462,0.2070096094155955,0.2001890584051248,-0.3834995084704133,-0.1244160156034256,-0.259891930216555,-0.076237267563545,-0.0546985163005838,0.1319757638495875,-0.0521958112165681,0.3273947277397212,2.725309177499997
Mg,Mg0-0.5WO2,WO2,Mg(WO2)2,mp-aaachpsy,21.45238586249505,-5.773931832193634,-7.642485697747659,-0.2190924867007156,0.8381239894100593,-4.571389952034725,-1.4754043222709972,-0.5508128729712166,1.5796376467101996,3.873925782475416,0.0245226868797703,-0.938032696681996,1.5949791744165462,-1.1130002258954277,3.225493851217824,-0.2998933671806517,-0.7729512230567538,0.3998171727507969,1.1687746076336851,1.7461197482767767,-1.904054657193209,-2.3328869477969425,0.8687884384458328,-1.4097841663643325,-1.609494955052313,0.6033650614763661,1.412762268445182,0.2346306278556313,0.0448636744420478,-1.257509133589772,-0.566650643176469,-0.2331148212328471,0.326029833211853,-0.1722556854170989,0.5514932739750945,0.1015206520489086,1.340980158297859,1.745888830430053,0.6684963882095288,0.4749710672545345,0.0381390001122384,1.3259378136333575,-0.93117556159894,-0.7358295155281794,-0.6123718780572084,0.4670824563314786,-0.0807706577599726,0.1294037780179463,0.977685230691708,-0.247190204754858,-0.2272745179947578,0.2522074277373936,0.1085497613260512,-0.1270959430560014,0.5117958889916979,-0.1649544524563505,-0.2917504951182085,0.0854928400639519,-0.1165691584195477,0.2608457536743864,-0.1609999204343454,-0.3023359394703784,-0.3285082193805603,0.2523740251804202,0.1575547058823388,-0.2774066629156788,0.1116042175191487,-0.2277929679270765,0.3676685288477074,0.2098802091751187,0.0157799832563063,-0.2611056087253675,-0.1071473653879006,0.2516165229519186,-0.0132024574069668,0.3309257065998001,0.0537087623044364,-0.1140238882288751,0.1636008321559985,-0.2118658082308406,1.338949182499999
Li,Li0-4Mn3Co(PO4)4,Mn3Co(PO4)4,Li4Mn3Co(PO4)4,mp-aaabrclg,-3.059285989314149,3.0588356477073524,-2.461974126960474,-0.9914403346508016,-3.917171118556512,-0.4023060338997978,-0.3543765537985007,-0.1605467394876559,-1.0718173583744508,-1.6562429829571697,2.0067214037315817,-0.952513026378379,0.4233919312512976,-0.3750489138275157,0.182618023477061,-0.660792156232352,0.1446475999764854,0.1676903204562794,-1.0573927207168266,0.4220383417222991,0.4351835709944572,0.4344701336210241,1.6118271404521345,0.1281581796727452,1.4817267943646588,-0.9398945114802986,-0.1210073890007444,-0.0571479846344252,-0.4348831507056319,-0.0078043755517839,0.2729694529760044,0.2740227086607874,0.0110972297850353,0.0081922898055426,0.2094595470659083,0.6059779701223788,0.431075090799987,-0.4380645546359379,-0.071863132102421,-0.6727698535114007,0.0231051376223298,-0.1282400075191937,-0.1111730747980432,-0.2734269035579561,-0.3574085476270757,0.0878174142596857,-0.2143445117481547,0.0806474561625374,-0.1864311660402396,0.1169806932134056,-0.1176509856647574,0.0181034995799042,-0.0543476677814737,-0.2358298174362705,0.6539443641872738,0.0807559870408294,-0.0372323764121148,-0.239049625045225,0.1002750625880576,0.304268978507761,0.066576968362016,-0.3746525663175662,-0.3321561233243489,-0.1350706344945365,-0.1506634083210057,-0.2024276425365454,0.1605783072501905,-0.1992428104579017,-0.0746222346095292,0.1725477911090514,0.199390475442885,0.1057300295509503,0.155565972764148,0.5149656139279626,0.1271934731547693,0.3368974805979581,0.0449013015193949,0.0299809089689684,0.1702350215380218,-0.208289027932493,4.160325675833339
Al,Al4-4.5Fe(SiO6)2,Al4Fe(SiO6)2,Al9Fe2(SiO6)4,mp-aaacqdke,-2.208445135933188,-1.9262493121342763,-2.8282668977284597,0.7549049128728758,3.9333950192554905,8.480194163290797,-1.5700610663185988,-0.3351381254258509,-1.7416934824847956,-3.025857013758563,0.064486095443398,-1.3621968736515913,-0.2842958166121878,0.3776217669060459,-1.009647716443752,0.7268876542244016,-0.6063860260662585,2.0227633110393497,1.2835822165426818,-0.3035530099710064,0.9164930175210718,-1.2480600270417257,-0.0154525905274684,0.6317415068387306,0.5905929461869223,1.8252883102291413,0.2484973662842716,-1.9365723443154248,0.52468350300359,-1.017391098255937,-1.1051842499954772,-1.0263998301481043,1.1482861675027862,-0.1071226800459801,0.864370766872943,-1.7370596396611009,0.2554455901120245,0.0908098868464054,0.1082401643199726,-0.4936440122306146,2.120839021985472,-0.9966365997673584,1.4014938388760727,-0.6651088656753981,-0.4365031516310198,-1.6824623834915151,0.2629513152351257,1.7907907076407044,0.7781865847706401,0.6210683487116999,-0.7272909181203522,-0.5173925762568267,0.0739520139657987,0.5090284102586858,0.7115376834084202,0.8637153307215067,0.4356213882343128,-0.0838828543526227,1.128551596062096,-1.3747589238368831,-0.2964415547346078,-0.2717614483638815,0.0360250896865072,-0.4236968467672721,-0.3973390834361147,0.1250522311351895,0.2304446256414541,-0.0988145991557708,0.5098728688933062,-0.1821170198101367,0.220411136495548,-0.1580051813821364,-0.424606185107553,0.8463511422459311,-0.1439124603681902,0.2678779726991172,0.8077663216699706,-0.1582634818261019,0.0725008256615422,-0.3369220882145444,3.140196106666662
Mg,Mg0-0.5ScCrO4,ScCrO4,MgSc2Cr2O8,mp-aaackrgw,1.8032389330547092,0.9699377914732262,-1.832856463134132,-2.151443974669517,4.298685170440406,0.410024411268362,1.4979770864545718,0.2747633105500861,-3.3987564063813336,-2.1096896660743942,-1.086701260355937,1.5381778628637504,2.519574238168621,0.6068167253668187,-0.9236057169508244,1.772742820941431,0.7662712412519718,-1.5225651606312822,-0.4756759414091945,0.9533771847008028,0.3361755894273384,0.7012979407139662,0.2563692414376073,-0.7288745558627058,0.3880376969641124,1.2132414674590997,1.6228284945997364,-0.7139941866405366,-1.584585673041386,0.0033371726994051,0.013165230095667,0.1949771707475274,-0.7711677756445243,1.339869913286594,0.5579650916125517,-0.7032452580724228,-1.4562399554520642,0.4641793663858332,1.0418121982929216,0.5240643227568366,-0.4073360012977513,0.883401058271411,0.6745070416436064,-0.302489481356748,0.1411644092342943,-1.44343461527953,-0.8194806504586752,0.887608066729319,0.0045318816619448,-0.6946204748572363,0.0915914341955172,0.0508268163341916,0.1228756874094668,-1.0666381882582354,0.359884274597681,0.2478031285684554,0.2092659309648613,-0.2408103579802196,0.4174056255470273,0.1566172144580977,-0.3014498322459605,-0.013629786999179,0.0200193694310703,-0.140375599385733,-0.0887132404880405,-1.1809337221724392,-0.2250669705547362,-0.0853106253707144,-0.3838962006489271,-0.1586558885669148,0.0298723737930284,-0.3185026095675007,-0.5787869632429152,-0.2772924598358408,-0.4392030737545861,0.2508370259205831,0.3398939663895883,-0.4559733933582524,0.1607606855880975,0.1134913541083604,1.9842769100000024
Y,Y0-1Ba2TlW2O7,Ba2TlW2O7,Ba2YTlW2O7,mp-aaachnwg,21.433020687552755,-0.4604539203963825,11.8495358201726,-1.4881918157481293,-1.2405572664219398,-0.8757706528503131,1.3044829921673124,0.2550291812356626,-2.6486670442518823,-1.574523138233619,0.6050295902218134,-0.1939299968251599,-0.9108329535828904,0.8235533524134684,-0.2823772289405663,1.6158153761028493,0.3794615967355619,-1.6604845987365766,-0.176233772681157,-1.863953998513716,2.080226465181759,2.1775777058750467,0.3868004545694827,-0.699574349335303,1.6770556253222093,1.3849421005384717,-0.971667207095309,-0.4775867320257708,-1.129400455008651,2.9674342747085816,-1.6878272873214826,-0.9909513776797544,0.2154264137259692,-1.5529517371375312,1.6487406420687234,0.9918991785558362,0.5436754265922679,-0.7291276356196645,0.0297384216384239,0.4015019830163437,-1.2343821871803318,0.0955543632689813,-0.3082952105650874,-0.4370746313700202,1.5922130335633535,1.345593432942634,0.456835318263695,1.08594963381384,-0.1646279618915196,0.1725715018277974,1.016499692947431,0.4301999986896056,-0.3309592154090418,0.1089672713392895,0.2033181501089159,0.1064357243472351,0.6805398189241189,-0.0068823619388326,-0.1109357855000266,0.7523824106808579,0.2544587163659387,-0.6221326361699,-0.755450591361581,0.0733288869144077,0.1092178710245283,0.1381574474682932,0.1583822818141452,-0.1399917244711673,-0.5352791130607494,0.0607688808623011,0.4085855810717085,0.456159695554436,-0.0619649618705301,-0.3836612259590926,-0.145224679660595,0.1502931130793462,1.1708292398218347,0.5670704635868109,-0.1021314345828581,-0.0450525990553442,1.336861652222223
Li,Li3-5VO3F2,Li3VO3F2,Li5VO3F2,mp-aaabrhxn,-5.226194713259819,7.33326239000942,5.71813680951712,-4.258880698156761,3.7592387856096536,-1.0414448279239676,-3.1352040357429765,-1.0350648984669706,-1.5959969820482562,3.868349011283841,-0.8431586146629843,2.04748516515432,-1.0708093623555872,-0.3840261201048192,-0.7686650645133841,0.1006968705376041,-0.7827547910108742,-1.2746371744710774,1.7287840791908773,1.8281897356852563,1.4065940074226633,-1.9213626181820695,0.4333694453414644,0.6714195323732551,0.3806997565425876,1.467887673476887,0.3312066422737596,0.4732436949197814,0.7187410797595919,0.2262306157028011,0.6532222858722322,-0.0161301684683741,-0.0738415753241374,-1.0743459803958055,-1.0080202291891522,0.4975772340249321,1.3492924787875815,-0.263649282072532,-0.562076336182939,-0.1370874729584395,-0.1511769719676387,-1.1895359213579524,0.905124481962836,-1.241593366122227,-0.3444966905451654,-0.1065216834128964,0.8352231746223326,-0.9629739472128488,0.2883786782283476,0.7033368294281102,0.6366094559659715,0.1965592748178773,0.2143212347323816,0.130562415356678,-0.0241288003487718,-0.115800321636016,0.1196653905557137,-0.7573062030540333,0.213753796722238,-0.4590355503898148,-0.1280494735297724,-0.3978511635521859,0.2219070367038129,0.0626272965998911,-0.5611239068023924,0.2411490135237201,-0.2627106344463477,0.2694266107155223,0.2415918952253791,-0.0970873404436254,0.2993274456715616,0.2256310308091679,0.288121577787864,-0.1045600059640359,-0.1051778313712631,0.1175632390828572,0.1541309870412039,0.3887131376625068,0.1404634012332511,-0.0540813463501782,2.031409783333331
Al,Al0-1Ba2V3O8,Ba2V3O8,Ba2AlV3O8,mp-aaachqma,3.264976750318834,0.3179543667861584,8.228718812000567,3.6570114665561526,3.4599864000907483,-0.8838815247705542,2.3309936610344257,2.4432762369810703,-0.3119905806934629,-0.7182040438011754,-3.088104503433424,2.3051370500689807,2.969397688964464,-0.7309240502532867,-0.4778160772387134,0.0374394831328057,-0.8632469752671289,2.119470417151698,-0.792346839135011,-1.2087576022961617,0.1793335584409461,0.9904056359516517,-1.1155311235896144,0.1075112465441487,0.4531616261973901,-0.9510673027312656,1.499437375566799,1.370392409235533,1.2079825763000582,1.9296257796618523,-1.7947452983980494,0.2265593804625911,0.742544643344748,-0.5782832957019979,0.6071333201406529,0.0939080470381611,0.5541380774847572,1.035809620501673,0.0347660440910012,-1.0107955748560298,-0.8084239572197285,-0.3929637055926507,-0.6314628314278695,-0.519940568484878,-0.0819148202769215,-0.3980825684106474,0.3660287115433632,-1.430988202653115,0.6469709995663218,0.949046927362174,-0.4009415462189032,-0.5025428012796187,0.0753847800487737,-1.0287284049170338,0.7432327127254618,0.4626644280853149,0.9431823474173876,-0.4256806287901913,1.0629910589343088,-0.4957262031399783,0.3156223416968137,0.242764059765779,0.2197096474349651,-0.5015015225623697,0.0171374848660705,0.7265618627511611,0.2583033552305417,0.436725463036673,0.0973803188530363,0.4189931622396451,0.0344005560159841,0.7223210151272702,-0.4704768085418185,0.0533306612845643,0.0790257640388884,-0.5890492442302989,0.041155453422077,0.26979767771554,-0.149903217217293,-0.0009546513132746,0.912303609999997
Mg,Mg0-1Mn3Cd2O8,Mn3Cd2O8,MgMn3Cd2O8,mp-aaaabbxu,-1.808567543713905,-1.367080005513365,0.4476349983785891,4.762864191214177,0.8042000172509443,2.3278561308225734,-0.574492283226013,3.009949968702137,-2.522255057381461,0.9746092291083032,2.46991240423834,-2.0403484559382985,0.7098870824335923,-0.0150539290852169,0.3141060918565705,-0.2008669788884351,0.5528942524027844,0.7094305829622957,-0.8052510029101779,1.0546695574933722,-1.122494780833716,0.6634497756600027,-0.2293820951859904,1.5065947591951112,-0.6159258116387907,-1.570000776383163,0.7884240375936566,0.5914166658069493,0.9500613211416956,-0.7468788854234593,-0.9512684521044604,0.34062128389676,0.0395333824634171,0.63754254646078,-0.8111082033543244,-0.2694968354573996,1.448976682359327,-1.1947164678376694,0.1369827259117685,0.8101750114513567,0.0395782193185406,0.590887650577229,0.2712467365912359,-0.4402459289080295,1.2193242084061255,-0.1692882676198929,-0.0475941578311123,-0.1591260164037508,-0.4037616268083656,0.0849976497116432,-0.2778749630398258,-0.3174336042042087,-0.2960101593047886,-0.4017549395619557,-0.9992416840849412,0.158365372628055,-0.2811769462721813,0.2066119563049577,-0.0021225326802829,-0.0204443563756694,0.7316692614490815,-0.0687062141761394,0.4593316010849843,0.3459997289216992,0.2166285046701799,0.0480303864947562,0.337769992659208,-0.2602736858818279,-0.4348293927102971,-0.2772704246862537,0.1683414611704241,-0.1278133680766835,0.0487713000153125,0.3447905994355447,-0.1987570909902403,0.0300756802583389,0.2816763076022613,0.0303365187002297,0.1313469362250255,-0.2734417212679876,1.902205949999999
Li,Li3-4VFe3O8,Li3VFe3O8,Li4VFe3O8,mp-aaabrbyb,-1.2601504488169035,4.42415048881039,4.244382665825113,-5.287720174164019,1.8442347843378544,0.2202843927867135,-1.5305464769384267,-0.4983074894774829,-2.736191190436788,1.568779107077409,-0.1793806578796342,0.353466933925714,0.8057705529000623,0.3213968104272283,1.4092053807394955,0.110254097187898,-0.3989152185834845,-1.5718084528251162,-0.1924086323469836,-0.3497153304800515,1.212248301657627,-0.98188893688847,-2.4892770096295718,-0.2239781947227233,-0.6051508932008621,-1.1858660043564853,-0.4114110925710013,-0.6245667115126081,-0.2180486472881293,-0.7665180175732244,-0.1465308958400777,0.0890256833369794,-0.3506415422016649,-1.3575019668505026,0.1588359820090192,-0.3489522131982588,-0.1994586513748984,-0.4069878510928575,0.2795299040068997,-0.2467835963668093,0.3386721161852596,-0.3560654839147645,0.1219850808883358,-0.5261371965481058,-0.2520750219345127,0.07220051795985,0.1335184908067383,0.2979986901679188,0.6233271284029918,0.2367188138910403,0.0242351507662192,0.2686654425792821,0.2961992562223534,-0.295088967642345,0.0156657277816053,-0.287350173262164,0.0519970453398822,-0.0981436478927613,0.1057156778821804,0.2664297931716475,0.4466120586070279,0.3197047311676499,0.0803088244247989,0.2444440797290161,-0.3044634776959006,-0.0834210706043667,-0.2041280117179794,0.2975178167110182,0.0697895307942182,0.2216297266305195,0.0458468577391474,-0.1228143589103163,-0.1075210000253873,0.0125112255001911,-0.0121994321327068,-0.1293161070043127,-0.0498559112575815,-0.0380964056778135,-0.1456027746243801,0.0383177678822538,2.732292303333342
Mg,Mg0-0.5CrS2,CrS2,Mg(CrS2)2,mp-aaabqzgp,-1.6634280561585597,-10.966776783302464,-4.269180053848122,-10.049088717577902,-2.994633007254256,3.977169443234728,10.417750467034502,0.952892327659258,-1.435836517589483,2.842102030466336,-0.8437232783046009,2.634968447576725,2.41446943799258,0.6167594490653303,0.3393241361129666,2.190040404135142,-0.1970677327474262,-0.129400499079602,0.2373516035620995,0.2067664249875705,0.2846490392732307,-1.661913726468348,-0.2738502567615557,-0.6316953645942096,-0.8913059893271703,-1.5146452294844823,1.3007388461828255,1.232760744557302,-0.241141432223864,-0.7766104896347769,0.6973955203656252,0.3234413852405872,0.0680930519138907,-2.139810675345678,-1.5308884248750592,0.6753306216282524,1.1680301154132189,0.8254912781320769,-0.4560693333200538,0.1611456280847064,-0.767384020179289,0.1661669004620221,-0.943348385563363,-0.4924729140903516,-0.7402224195622374,-0.4374070227366808,0.0653084246533552,0.0984386894693068,-1.135290399451069,-0.3929371462573769,-0.2690210562636608,-0.0530901783059098,0.1114770732098409,0.5725195870261356,-0.2537701152997593,0.4228788769424736,-0.2293833206149577,-0.1004331099483054,-0.8210805702234687,-0.1178207337277793,-0.057070353792866,-0.2499459487423222,-0.5018272431245279,-0.8264797059167381,-0.1538097439676491,-0.0784329156854157,-0.913517427346064,0.1397389937847629,-0.3763376115429946,0.1421450566476454,0.03786271010285,0.3094265335594377,0.0918863385624449,-0.0368434787421734,-0.0291834432034602,-0.5738628261316376,0.0586708870002035,0.0470209494836594,0.0288896041655571,-0.2897170656882906,1.308924164999997
Mg,Mg0-1WF5,WF5,MgWF5,mp-aaadawpi,18.711298061937207,0.2853664017724235,-9.656511475954744,1.496264807206199,0.1046279922227807,-4.329256876814081,-2.7912828874545887,-1.4576421679347975,0.6860375805504864,5.084820277590355,3.112689851709032,1.758935509519587,-2.5002461259956705,-1.908877627072603,-1.859920417982513,0.3945598216152541,0.3857472105174909,1.0915749963587713,3.876817415441312,2.4590723804082235,-1.1623043675920426,-1.5687547828416109,1.9496467102201136,-1.712236516653371,-1.2315954223179346,-2.207918210431148,0.3941856131701688,-0.2701734820249811,0.9491500874212652,-0.4741287473783783,0.4294902899280038,-0.3813775217575218,0.7082751043037485,0.6776822786704935,0.2811004557525248,-0.4079035897439775,2.4411128246107405,1.729024877911466,0.2185718462716303,0.0880606867872095,0.386609287171105,1.2857768395800795,-0.704246190950803,-0.3041564599648222,-0.6841889412526341,-0.2725363827540229,0.7918955733563585,-0.0192731414970801,0.8216040130427119,-0.6270817366128221,-0.7767663634479925,-0.0952127459148387,-0.4492657664103978,-0.1624992426057701,-0.1837654946153816,0.5927770398057732,-0.1828551457341739,-0.0807736534589107,-0.1285562003586561,0.2729254134436784,-0.0806498272706585,-0.0306329776666508,-0.4730722414496489,-0.4016872542657723,-0.2657050926990176,-0.7659857058955071,0.0716995345210726,-0.3211499706990174,-0.2918669144663972,0.0621513507506909,-0.565772632822175,-0.150667810438582,-0.56140349502977,0.0341063247019641,-0.5485787539735967,-0.1325612131476051,0.3909478438614816,-0.1154979394137735,-0.3380992234605126,-0.3960511839635136,2.539433027499996
Ca,Ca0-1Ni2P2O9,Ni2P2O9,CaNi2P2O9,mp-aaachksw,-1.6696355955125946,-0.3913344844108904,-3.3453775690260588,1.97462181100594,-2.2606794720033867,1.3201227905769022,1.3715811412516723,-2.167579331417696,2.003140786888993,-4.342898478956272,0.22133305094906,0.5147208373631043,0.0450722144304314,-1.0571785721818578,0.5703160960961393,-0.9019433768417852,0.5664806337684258,-2.799464742503882,1.7133194723589409,-0.507321614812941,-0.1615264656977151,1.304333948916903,0.0959956849754719,-1.807210412240178,0.5743438981679554,0.9342430473747688,0.7917256995577497,-0.7846464127375172,-0.6298098659816912,-1.133508119427349,-0.9697252711063106,-0.2492782022190693,1.0876377429876616,-0.1257225856743899,-0.1778784972507991,0.7205318799321827,0.4592604090080804,-0.2109410202705305,-0.1129253367182721,-0.183699491130587,-0.0344282388622911,-1.0460835660304362,-0.907320941524885,-0.0032541930466011,-0.1058429719426002,-0.1047501848542726,0.276061004012107,-0.0610400140321681,-0.1947350554408221,0.2581346859469636,0.094853478632109,0.4657834935331313,0.1768667410119097,-0.3400907454687343,0.1948666610303636,-0.273545133428791,0.3413201551187915,0.0692401178691989,-0.0184256643016127,-0.3204987301507814,0.3550762164579827,0.074905888664325,0.123061697767725,-0.0490909553115831,-0.0077802934901499,-0.1595746214830209,0.0839962970958144,-0.0200920336226453,0.0773903694764412,0.0121443575374902,-0.0026752583370504,0.1037163341654416,-0.3449153933664413,-0.3536428510751259,-0.0499273232210859,0.0323915618062474,-0.1737336622076208,0.1303317923611457,0.0794406600654739,0.1013653598809924,5.048711906250001
Li,Li0-1CoP2O7,CoP2O7,LiCoP2O7,mp-aaaabmtq,-3.324262548865044,2.1450155897387284,-4.103221120840838,-0.2628319304150333,-4.867645742870357,0.6831032774316779,-1.132959833388505,-1.6278436392466138,0.9200889694517296,-2.7671601808576747,0.0922708053809539,1.4690888510017548,0.4702189708427572,-1.1439562269053942,0.0527959566990354,-0.8401837651174212,-1.3241903445683156,-0.5003051014100373,-0.0529884372040422,-0.7196570396429582,-0.4543808867354872,0.4755948231755797,0.6524546419766426,0.3448334264925375,0.6922356908062683,-0.9512923753045516,-0.1805539577325511,-0.0036010556488134,-0.2137854536809328,0.0489588554749023,-0.1822421558041233,0.0381768153897488,0.2064590919041421,0.1943953707794466,-0.081268475198061,0.0400962449310851,0.5682421802253672,-0.16664616044734,-0.1253022487994009,0.4196783685695156,-0.2306758990504831,-0.122856845733864,0.3008971054588232,0.0802720564679301,0.238983464678629,0.0607002789154069,-0.0436452439231992,0.0337840153438374,-0.2194013422677482,0.0330345417461805,-0.0027613053376514,0.05439164256855,0.227251073062037,-0.1808638103613031,0.0980659189119295,-0.0274617158962294,-0.0689222998843277,-0.3434958050719229,0.2067520071920509,0.0934792160956119,0.1648525558710468,0.1468234451506701,-0.2358459361079788,0.0095289640963465,0.1367149826377904,-0.1614720802017668,-0.0030938572520301,-0.3284534359505148,-0.0172843918333879,0.029347534427956,0.0592855710541559,-0.1386737792032618,-0.1212103546826757,0.0207075423077236,-0.1355944977597521,0.0522083942202769,-0.0156115459994885,-0.0537078041175455,0.0938503342398469,-0.0796657679984431,5.041513038333325
Li,Li1-2VF4,LiVF4,Li2VF4,mp-aaabqwlx,-3.734969818355978,7.974377127297114,2.963005422458051,-3.246780692270927,3.5861437130748954,-1.6282628636552057,-2.752993769831137,-0.812356197793022,-1.215170205068648,4.677208246430597,-0.3742316248698487,2.9454028311885057,-2.228145065890613,0.3204821225683533,-2.0630219047376674,1.3389425698747046,-0.8558020741838596,-0.9681901323334524,1.0247862918717068,0.3681340556212923,1.6731068644232825,-0.2081647421538175,-1.8272051100657007,0.3354926549140371,0.1714586515093936,-0.9967027810228662,1.0235535673996137,0.4078054804707963,-0.1443022671803935,2.2979840727471106,-2.573667046744977,-0.1568427602970342,0.3407136742001722,-0.6769698045819202,1.073270181127453,1.470145096744768,0.3902604189776585,0.0445847067819063,-0.4783379402103526,-0.957953350516323,-0.26521420667438,-0.6486694571446792,-0.9513448757596914,-0.7360851956106216,-0.2444859044507064,0.2383649188010185,0.1102564795510008,0.1513383820048795,-0.4157603161601927,0.5761066831725478,-0.1340031419618144,0.0188658527565458,0.3107903780231387,-0.1042579932067035,-0.0347051272054561,0.195604678026005,0.0210359947205155,-0.1169531506104199,-0.1741095092878885,0.0090409804534349,0.3577640248548829,-0.0749851628774985,0.1139032087531007,-0.0950644655272609,0.1468076111300493,-0.0188874382103533,0.11217182987263,-0.049593253241587,-0.0227562322843395,0.0510676760061655,-0.0373583533603817,-0.2433504242600348,0.1165191630965956,0.1219140633549678,0.0125747027505707,-0.1910336875896461,0.0198609175987265,0.1404065271038177,0.1578731306507248,-0.1143855179890463,2.402084283333335
Li,Li0.5-1.5VP2HO8,LiV2P4(HO8)2,Li3V2P4(HO8)2,mp-aaabsiro,-3.759699861103317,7.596707542246698,1.6221946110954788,-1.1932978633854538,-0.771748425049845,2.5623013378361685,-1.9953466741272528,0.5813914789443473,-0.8087593860040944,-0.5166145333172346,-3.428486667050429,1.3768051463653976,-0.0820581431064809,-0.0799252993973511,0.2316968602638975,0.7222936896547136,0.6671468061618484,0.7018164544530192,-0.1307674465039654,0.1781255865116535,-0.2202300361036563,0.0849928493869695,-0.931031488986462,-0.6087595637038731,-1.0735036867783965,1.2063767010191075,-0.4190869561720351,2.9042745406577346,1.0336076725798804,-0.3421409410197764,0.50355284403717,0.0491704617052079,-0.6788486905131592,0.9393945867029844,0.9865380339181872,0.5288682118547687,0.8349985428116039,-0.7126967766844965,-0.04478917445392,-0.276735000303738,0.3010709126737492,-0.1108450995189249,-0.9778895093879648,-0.1343446053085418,0.583628168507507,1.6563366428924942,0.7858623565313596,0.2131012258210857,1.1458224402472856,0.2424193798966134,0.0185942229459034,-0.2897598476637495,-0.2352519037276959,0.8960244677861725,0.04833710604902,-0.1714282936206646,-0.521743616641822,-0.5174737609604906,1.18114666541845,-0.0219118479480713,0.0147218427489109,0.1754356819342624,-0.1949751498583814,0.5345305104931904,0.7609574183622397,-0.805725323783291,-0.0357271071663608,0.0231164204458853,-0.0881422435669306,-0.6742699001929083,0.070433167805009,0.1332966473073542,-0.3528952190799682,0.2551104893307473,-0.040455326015303,-0.7477002885397627,0.0401286962995294,-0.6916948057694091,-0.0097084320235942,-0.0644448457735796,4.201950488333328
Li,Li0-2Cr3(P2O7)2,Cr3(P2O7)2,Li2Cr3(P2O7)2,mp-aaacotcf,-0.7171744269801895,3.409140888148105,-6.153023224507944,-3.055938796910703,-3.733074080173787,-1.5823270175859654,0.2790595754602185,-0.7658069897759197,-1.1277811167665686,-3.205060275191093,-0.7045849963275824,1.8379754254885865,2.973334409748684,-0.7603392366559932,-0.9947649218569694,1.2693382225605676,-1.2457762043009937,1.4883019017848165,0.1430287370575356,1.16873972637669,-1.6602817602059092,-0.6760739094789311,-0.7835551005979647,-0.0055732107596627,0.6702356698259784,1.5585782736030005,-0.1127069650959671,0.2578571486963254,0.3964342768327006,0.8907248050776981,0.9161175820146656,0.5070529829247209,-0.6612846803810758,-0.5512080714108336,-0.8713227079167617,0.4408472266608746,-0.4469890208246052,-0.8634622523952787,-0.0959011601281936,0.8393290066180333,-0.8613394260307359,0.0447608553396639,0.091250410773931,-0.3302600747602852,-0.2212215435544426,-0.020945182498142,-0.903096923542525,0.4075712489510842,-0.1003059682966005,0.1069691130625864,0.0136261637521719,-0.5244961613524742,0.1912910207426177,0.4010842406053321,-0.0563871417137066,-0.1702470467704815,0.0420767273527344,0.2468263264386205,-8.107786282240857e-05,0.1512601273383838,0.3167601170026187,0.0107523137713707,0.0146350521551311,-0.1237821195970269,-0.0603991006853605,-0.0134022003449546,-0.0983959959305044,-0.2641375993350724,-0.0537756924805509,-0.0732012060683629,0.0183211942322976,-0.1795638344302264,-0.1240333117296397,-0.0421817846871446,-0.1145634011498254,0.0827595731234481,0.0678933099946148,0.020249341295971,-0.0316993640981016,0.0212552575097027,3.444103373333338
Mg,Mg0-0.5SnO2,SnO2,Mg(SnO2)2,mp-aaaczegf,-4.790854678420682,-6.262457971960281,-0.8172882040570258,10.576099285513514,-2.0286161745664946,2.933507078020281,-3.1091791568193683,1.6013873455289973,1.387693440162126,1.1833808728520965,-1.3664365740296076,-1.0249169139785683,-0.254441099249208,1.867727822432269,1.4797781955665734,0.93673893628602,-0.1579817375208848,-1.1473537259849411,0.1641639214592892,-1.2144408361915422,1.8838408184747504,-2.030623847793456,-0.1704338797536814,-2.0847584387541542,-1.9366057182699712,-0.7378983790121202,-0.2841269909239256,0.2797009201666587,-0.3856301384742173,-0.1062389587541863,0.4177959453940133,-1.05268644007399,-0.0897597364476979,-1.4600931713834304,0.0909560470212643,-1.970774087604446,1.164790961990517,-0.7707793975650771,0.0677835876846151,0.0323070924478379,-1.0954789062787929,0.8169505565626574,1.5033900013443369,-1.0885271329959805,0.3264011864149687,0.714037542632117,0.0593105287833869,-0.3759483990584699,0.1420146087061337,-0.1033155882139758,-0.1798678190397924,-1.006160787984295,0.6111877238341966,0.6848830821781544,-0.0044680005865794,0.307762987467143,-0.3504058245993971,0.2328205688005463,-1.3731254149697052,0.0893366086293635,1.2257157894880002,-0.0433771800988122,-0.2363643092405428,0.9584066394814562,-0.2472251134399301,0.3069251199061427,0.6195048095035378,-0.010532293117812,-0.0436237874405025,-0.4692738144812017,0.2315253160901193,-0.1534462290629495,-0.226345302661269,0.0053356521421215,0.2499507983190916,0.1913344898893025,0.0060286558457321,0.1024920659746488,0.442421736468718,0.0077430912519485,1.6610494541666692
Y,Y0-1BaCuWO5,BaCuWO5,BaYCuWO5,mp-aaachigi,19.7789444221192,-0.1881538960628622,9.874232341646971,-2.0249725345851206,0.6314803204958478,1.8151517701463984,1.5227461337867836,-3.3484080327899792,0.5587142004526431,-2.585685064751133,1.5659061168445454,0.3182153542772211,0.4178448213305227,0.749747440446782,-2.299251211789082,0.0429602044939032,0.7278676255300537,-0.1691228208874659,0.5367910111070215,-0.0503871673365067,1.7140266077267032,1.8561429117323,-0.5582352417283943,0.5492990162922885,0.9839999282613668,0.7677313298198453,0.0990108534375039,0.1381795181752159,0.2545283330155991,2.364259428774014,-1.5105845536458258,-0.4482600017181455,0.1683154678677775,-1.228436621815599,1.1247081573233202,0.9175973895583234,-1.5849871881023534,0.1761286655854327,-0.1753019912279101,-0.1855151728789667,-0.3870403299887555,0.1056326893961575,-0.1838767754961426,-0.4011276572267975,1.549602183187175,1.323119412400345,0.7745144157378404,0.0495655531199191,0.0919196592278659,0.1500472821520521,0.917673626050766,0.1088345283229004,-0.5054502814408461,0.115883366304419,0.1879002588430926,0.4676898030790313,0.7274115905825556,-0.5800234653806141,-0.718367377529934,0.3626482360902009,0.2394400335700766,-0.9013522590326496,-0.4274389311216557,-0.0085577073045174,0.1938079705322659,0.0222684318803739,0.3752950685611108,0.0973428000962794,-0.3294445874043645,0.0005448927192638,0.0777090312206169,0.7352854683280063,0.3766635153715599,-0.1946297886619288,0.2349169408993464,0.2550069015233417,0.92216531756557,0.3767380912464289,-0.0869725812934082,0.1818180769098547,2.075069658888888
Mg,Mg0-0.5Mn3(OF2)2,Mn3(OF2)2,MgMn6(OF2)4,mp-aaabrhse,-4.034096418976616,2.583775747400082,-5.19615167166522,4.5219347371071565,3.7321619584700265,-1.2508600388892104,1.250889224415276,2.642274921900863,-3.237938259554531,2.7638758908022507,4.624366442270539,-2.216552742210761,-0.8145601864935,-0.4440936099997821,-2.0873285298227664,-1.5851966146139658,0.7498152805542802,0.2236679707856971,0.401067385816088,0.6240149306006623,-1.935836855320602,-0.6427222849319231,-0.4487356558822791,-1.0933432598596922,0.3907529150894642,1.0919160208370935,-0.0581239456483912,0.2671344717514227,0.2069638655606757,0.5898716666892756,0.6912746551664898,0.2782673764440759,-0.0466862015407797,-0.1740344313428379,-0.6662160354738816,-0.6182703773938415,-0.3109056231956508,-1.1006989522428772,0.2245527434236429,0.3942242171050125,-1.2930472980188985,-0.3385196636646698,0.7685004576331179,0.116101949236972,0.9708530642200984,-0.1497977401026738,0.2112190577656788,-0.2438825106674062,-0.0295914803966231,0.2599739380096915,-0.1982015191205685,0.3742625875718191,-0.596663147167356,-0.0413437956111394,-0.5002121257682501,0.516067752478836,-0.7204040318303333,-0.4799993072866174,-0.2910847702953501,-0.3959318943610985,0.9000106455761584,0.1085929373221113,0.0534978036607015,-0.0667667994743397,-0.0963916887769914,0.2636552157959226,0.327341608146644,0.2461213313541686,0.0083421809386039,0.0507052667612706,0.0284834767385654,-0.1842893017190335,0.2031770277197581,0.3640350536939275,0.0833099944863205,-0.0433366102653194,0.1036066297180558,-0.3354197090782773,0.1926805605963572,0.0053640800122536,2.269248065000003
Li,Li0-1Mn4(PO4)3,Mn4(PO4)3,LiMn4(PO4)3,mp-aaaabmjk,-5.769275862571417,2.216956773047601,-3.1195961324418944,1.438110367292536,-3.119285540046852,-1.1528887537893504,0.6563474828791535,1.820089278100736,-1.5130425046219058,-0.7755682052359156,2.062201283298791,-1.459633191235142,1.1307618104731176,-0.7592059677297569,0.8586798617422949,-1.8740759023477933,0.3373569128748748,-0.385147031878594,-2.038846544371148,0.5545246937036468,-0.1237109053541648,0.8634448869675402,-2.0456284164716174,-0.5472507125242897,1.5587027195410728,-0.4619006902766264,-0.0031897283496789,0.9870437533818314,-0.2567175755556368,2.707247303052955,-2.453940792159772,-0.2412206232752388,0.4656444861365814,-0.3887702181108139,1.2833214029369713,0.8531408109772202,-0.8989866291934995,0.8394903757386466,-0.2619898121217493,0.8701328409901107,-0.702976465548366,-0.1431233428813548,-0.2286755067519171,-0.1547967249927853,0.0195565718710638,-0.2812562841256843,0.1119653608198039,0.3633098653525969,0.4160064587575862,0.1448426986564757,0.2418395120145458,0.2479791961303876,0.6074175595387677,-0.0144119292737865,0.1709435229643075,-0.4174219846305388,-0.1620564743735689,-0.0782895118670223,-0.4908165250676317,-0.2375223371568781,-0.0878055436653422,0.0547078446212151,-0.1361277103560083,-0.4690344053624732,-0.0757992297311221,-0.0223273574825512,-0.0233346942026564,0.1248491382102283,-0.1045180289130603,0.29366441420166,-0.177203444231803,0.2035120873450719,-0.1481906766401892,0.2971830261040548,0.1528276681883391,-0.2632585524132305,-0.0310754166241188,0.045606975554541,0.0596421057769831,-0.0029638691182989,3.376437088333323
Mg,Mg0-1Sr3Co2S2O5,Sr3Co2S2O5,Sr3MgCo2S2O5,mp-aaachoge,0.9234212141776104,-1.1799353639602996,7.255618678023787,-0.6722995763262611,0.3679371023343529,1.878090714474856,9.50057633277746,0.227038526002514,-0.269287841311833,3.7298757931045943,0.6937703057145979,4.062095049179586,2.7371819973407945,-1.9194913766639172,1.8893177151863512,-1.276829436612923,-0.3203459437604125,0.8318932611285225,1.6322854371970985,-0.354568914773061,0.2548521947623434,1.1353783164553175,1.182310832934185,-1.5069534768526278,0.5919070617542684,-0.1952737904403441,0.922910232559468,0.4236788541913509,0.8472288510445537,3.376494840543863,-1.3060475918650012,-0.9693310525383751,-0.2818955998783303,-0.1628728634478663,1.6508868640326884,-0.6459017425416055,0.0009182519784667,-1.3053153873751986,-0.0579293359839219,-0.4579749290931812,-1.0303235418759658,-0.2010918472293577,1.1750940993099117,-0.2062934387984475,-0.3824361306728054,-0.2962567847966232,0.5008145010076848,0.5957742077452076,0.3527177914406693,0.444210213099257,0.2744243685112351,1.1024882497533386,-0.6063614749526643,-1.0679197547432675,0.5423937572128626,-0.7244239027613046,-0.0254576852791508,-0.0167153410142152,0.9131872293083972,0.4174237394033478,-0.0270145572704476,0.2941385506283654,0.4923144465148396,0.1536003205586193,0.2702888756021566,0.204971230553866,1.0784074145161875,-0.0368704395269143,-0.3566843438803533,-0.7546243339657716,-0.0429443537304515,0.0220162486882774,0.3397794513033604,0.4621011225243155,-0.7677274786565705,-0.0565948955975922,-0.8596648950601401,0.1436232751599035,0.0263264731153833,-0.2505821001122994,2.486625550000004
Li,Li0-1TiSe2,TiSe2,LiTiSe2,mp-aaaaadgk,-5.86868247306214,-8.882885289657562,2.1464346889429677,-6.484618182605163,-2.2538235271142413,-4.203787518005124,-1.842132020205098,2.263605003788327,-1.397674766535857,1.9731143768244923,-2.1240187430480555,-1.965298836879212,2.805152961983041,1.9045548465752835,-2.47800642083792,0.4075691111016301,-2.8926271583777945,-1.509110336862058,-2.1291000474422344,-1.0473324579459784,1.1540832933774825,-0.5282341134043074,-1.6885345034279964,1.4631497740620505,-1.0849486387227023,-0.5751156426137661,0.3721463694825551,0.119371861858308,-0.1167616268412805,-1.0843559585747098,1.568286841793062,0.693197212117256,-2.562414460283707,-1.227025151356194,1.809789288394711,0.1607267757624291,-0.1027064145239545,0.8901759097312882,0.5961078871925389,0.1832106374221583,0.2994438314608142,-1.5599560860363784,-1.779676915494729,0.7695095425976259,1.20100668665678,0.9970790962607812,1.1698528859496278,-0.3324829178889419,0.4492935875362054,-0.973403196339578,-0.3497810108808299,1.3651308497187316,0.2802416676496564,-0.3324769819008906,-0.4183768505623271,1.3147623293143234,0.1621382194325876,0.2387660526778649,-0.5976692846269532,-0.1183396680983432,0.6250254005252732,0.0971173821686344,0.1555715566398698,-0.1082115202526057,-0.0939225255189626,0.1407797541357474,0.0185042395386505,-0.3718989986481787,0.2719109591253666,-0.3284635181512768,-0.1887361715593251,-0.0620203526977476,0.2625307929664997,-0.4491947150650362,-0.6267361037763268,0.2592025149612425,-0.0668364326275965,-0.05036264446014,-0.3396736210988718,0.3788836371950503,1.563008453333332
Ca,Ca0-0.5MoPO5,MoPO5,CaMo2(PO5)2,mp-aaachkqe,5.484625950312421,0.1407024158939699,-3.389200838955781,0.3652898344012472,-2.9824842989069835,-0.0272442954440173,1.1654722903679635,-0.2719473299504636,2.7249940506199337,-2.4264682693607256,-2.320535766763966,-1.296204301650238,-1.1383409219860074,-2.6367812426696347,-1.2873361842264133,-2.703972944373991,0.7328944112565827,-1.2995236426839147,0.0597604502230624,3.128825942198306,0.8340806077871613,2.639908294409898,-0.4746205907941684,-1.1305893930444946,-1.9886221914534783,1.769578582479342,1.436525305340652,-0.694423017137056,-1.286152536452246,-0.1120195169531789,-1.0844488937510564,-0.7802144432800697,0.854732738946764,-0.6061868071770995,-0.7041689416790877,-0.3163326266306429,0.3781752875976655,-0.601075450307778,-0.8199100218825963,-0.5089247007417175,-0.3256554704229472,-1.1019734641567325,-0.8719398824449306,0.8937601518178541,-1.3897985779271578,-0.7322690447929597,0.9688739830306858,0.3549860444679434,0.2512350012085108,-0.0823591746695284,-0.2702585670253935,1.0156487561374103,0.2897646177002139,-0.2070883469134512,0.1799239904866145,-0.7105724439430803,-0.1607529186877201,0.1334339699732842,-0.2441773508245838,-0.5116890775786884,0.5804134579837367,0.2214812871576863,0.1210799846126954,-0.2102210142316032,-0.129885994975635,-0.3830223072179167,0.1089158713680704,0.1789173240344851,-0.0459225494229297,0.0350694211684303,0.1420464022560149,-0.0669996627808335,-0.2289123756974678,-0.0782003654286628,0.2265290433394184,0.2454407034928982,0.0113849879131912,0.1605115868966183,0.0584521005135756,0.0526395373882266,3.178556944999999
Ca,Ca0-0.25WO2,WO2,Ca(WO2)4,mp-aaaablnz,21.857716741161795,-4.774659167563639,-6.1240481593192655,-0.4073525191060069,-0.4477925363796077,-6.582242204348233,-0.0698008125798522,-1.5915086357577397,3.445720180379713,2.969648065647215,-0.1592386832944856,-1.8651247513811828,2.4450682217709345,-0.705871184409659,3.3353258396601126,0.4747556617451419,0.1696477942480973,0.0620900314338711,1.9462487725817084,1.3735638918120414,-2.167179184945672,-0.30980255240448,-1.7074602434125064,-2.4071122432167718,-1.9579806115872949,-1.3528683086877265,-1.5954848940877402,-0.1117816452182006,0.2253134377883144,-1.1309374625648052,0.5318572387743365,-0.3194105897362775,0.0719952659565414,-2.3609486275840634,0.1807817245475562,-0.0173546337259718,0.7813316029199998,1.5448942123011613,0.8528558107507367,0.9876012500637668,0.1601089266045681,-0.4892832313364768,-1.175127051826781,-0.4986719147078871,-0.4970589513933571,0.858036838721627,0.0710310905887918,-0.2919509543261098,1.2306071316293563,0.0957558959940181,0.4371025918292949,0.4539184850708175,0.3348445947604077,-0.3376591202955795,0.488501288494591,-0.7968200367242688,-0.1669604165498463,0.1545110524630591,-0.1194230817431767,-0.3368904730489039,-0.2779535512321717,-0.1242493819878719,0.6781464919960238,0.361968061091051,-0.0977092711504526,-0.2950000837434109,-0.0218619409335034,-0.0991157405247515,0.5847675130577275,-0.2214228294423029,0.1739284933630528,-0.0186625165925636,0.5177339446907419,0.1899317201532474,0.5070468748709137,0.3817755830726747,-0.1449282309172818,-0.2323095871462309,0.5267484789961213,0.289161150781208,1.541626339999996
Mg,Mg0-1V5O12,V5O12,MgV5O12,mp-aaaewaft,-1.4931726225042996,-1.0821539151175783,-5.608496325318981,1.3476481631745074,4.89826858434456,-0.299601163532329,0.8432695448035767,1.793255002192978,0.1720658983118597,0.004592345708591,-3.220359596906021,0.669755478082447,-0.018385575113352,0.1372172162824903,-0.3527234807625097,-0.1270278146904429,0.2126923213149194,-1.3326199119498714,-1.8895888179327225,0.0182612733706188,-0.6918771654213774,-0.6591974530571133,0.6521532482732014,-1.1589867576389536,0.4162986041740636,0.8992423113735943,-0.3753017834019613,1.7676534276981677,1.1516070892539918,0.0318658509012653,0.5149782355371099,0.3155752289551273,0.0046580811852948,0.2680706917947357,-0.897723675560801,0.0795332143999893,-0.3495572120263622,0.4547434140945271,0.2134757267308616,0.1968628898444763,0.3385599075212311,0.0429248339367917,0.551979619129349,-0.0941952757921959,0.368709040504931,-0.1114552242606854,-0.2750218060449333,-0.0243759312257706,0.1351045688163219,0.0124754837681709,-0.1386876356766924,0.1341850133440513,0.0454871220714943,-0.5566395549503864,0.1676239409829546,0.009370076309242,0.3331859692557753,0.4509270896637613,0.1806135666197763,0.2706462095387642,0.1146438546294703,-0.1543735039496781,0.1750796747351705,-0.4104992172415507,0.1095323081431415,-0.2591777767935011,-0.0796021602302619,-0.0665005725585788,0.1206518265563696,0.036448700859065,0.0854903792953257,0.0922636232592544,0.0608290582092181,0.0208330724327244,-0.0641076583356068,0.1795406189057842,-0.0326117063836986,-0.2169857914725572,0.0265403915389773,0.2702298781640658,2.712110415000016
Li,Li4-8FeCo3O8,Li4FeCo3O8,Li8FeCo3O8,mp-aaabqxot,-2.2100703274648525,3.919919375322668,5.548829026800683,-5.244613794499126,1.8707156728945933,0.2465058708181134,-2.9100440376524537,-1.73599042843474,-2.455712306722292,1.8986876660048295,1.295074147220962,1.0631254397827956,0.7449420438645056,-0.329746034603927,1.8653580733730863,-0.8073003530063291,-0.3117915921016395,-2.60461443264364,0.5708332944112356,0.4169962641079444,0.5014144931525512,-0.8407434289027566,0.2154684036216092,0.6842716637026109,0.3786391250284717,1.595571517444572,0.093001302673634,0.7324749832063694,0.7168179688496359,0.49774612123573,0.6305625443399189,0.1530092447937879,-0.2993118410175733,-0.4509639418847701,-0.9974818691254208,-0.3816835593170637,0.107511535954939,-0.2039795580346983,0.2852045976645375,-0.6558561930247213,0.1152628786863913,-0.3213400191097403,-0.2340307023027303,-0.1526827376088661,-0.0280984711188854,-0.4011667140286989,-0.1604104405784019,-0.0136782615618813,0.1380295802560039,0.4799208676896046,0.4460073561748316,0.0897691282642899,-0.0114006883675368,-0.283008258860569,0.1789068001455074,0.0099225193638176,0.2091447807618111,0.2658500767786385,-0.0379384558157504,0.075198070934549,0.0780954400426972,-0.1519556283781753,0.1514723751131214,0.1263917478505976,-0.2717581220084991,-0.075220255714497,0.1730023929874255,0.172568687812272,0.1600283575483475,0.1256806767783812,0.1215292357741216,-0.077745969448296,-0.1121763920165119,-0.140163574835771,-0.0850151947900415,0.0949554936964071,0.1833726713448211,0.1230255860021413,-0.2565981615402596,-0.0775463764026891,1.857991143333334
Mg,Mg0-1Zn(NiO2)4,Zn(NiO2)4,MgZn(NiO2)4,mp-aaachrmy,-0.2402036971429204,-2.7730786620964625,-3.084622985968421,1.7276347803290195,3.0396726920554524,2.996528989122869,-0.9335097018188784,-1.32630089943169,0.381172969127785,-0.927199817195602,0.1316673182459995,0.9813363607821548,-0.940421465423055,0.4932013954611738,1.6776516842252691,0.1954354459070476,-1.174610703565535,-2.07297036814029,-0.4980775575055887,-2.865166738451754,-1.3064229575178703,0.3110304737905182,1.1308291599504618,-0.0043408239456019,-0.4674020490758985,-1.3628211065367417,0.1093332680106084,0.4755223323278454,0.1245520731647324,-0.1085516380483704,-0.3215467509421016,0.030074403539929,0.2551407303322509,0.6147005941183213,-0.3830027750344158,-0.2175376201407194,1.735909743661764,-1.1536801807049888,-0.5279379623363363,0.8081781338460218,-0.156724193940226,0.5829360761571529,0.3463375334484365,0.1318185128072242,1.2282816459982289,-0.6804190068072817,-0.4512362598276727,0.2202745818308168,-0.0953642687816868,0.410468199626937,-0.2465638703911074,0.1956509211076922,0.2030978162202416,-0.2461629633271054,-0.4866652719338068,-0.1904476407687628,-0.1260422581236148,-0.2392864551307804,-0.1176140679037973,-0.3088826743228695,0.2233987387988612,0.1231338472787042,0.1159102722096611,-0.2271801840320398,-0.2045837950468891,-0.1129484506185784,0.3755494616539073,-0.233160512161359,0.0512584515761895,-0.3238095072998298,0.0720789727708397,0.1599775650656818,0.4879516673778718,0.077867062681478,0.272472792120303,0.2591805550924274,0.0868874761104324,0.0870461069949251,-0.2661049543391493,-0.0923609513742136,2.660684964999999
Ca,Ca0-1MoO3,MoO3,CaMoO3,mp-aaabosom,6.65699887908266,-1.4118913824173307,-3.294195617722849,0.4268605751415356,1.0080723133094678,-4.170805842433082,0.5614665283668353,-1.0465417129304968,3.736065352991461,0.914604791118656,-1.6472786260739063,-2.5438877069519124,0.2494060125946114,-1.1148483821230009,0.6630297239232106,-1.8228104343395048,1.199804893611136,-0.2784299076178938,0.2473887720046435,2.335448057794788,1.4955996312332078,3.081357235788444,2.5753027898427105,0.5283405407907706,-3.4118979120424284,-0.036199046366473,-0.0489623231974063,0.0897238572989577,0.7902159675138479,0.5737656117695994,-0.2253864151503692,-0.968490403266596,0.3918426215323737,-1.074001141629829,-1.394284103128063,-0.4116956572328698,0.7318069703548326,0.3465906568157356,-0.3870745189096083,-1.134606672535442,0.4469290604569837,-0.4585127374461408,0.1419689470604618,1.5583383503323285,-0.9604067216734852,-0.2087987816403893,0.5868196327292354,0.7674151596685265,0.5519637315237941,-0.7532522169248975,-0.3802340542399247,0.6619361860969234,0.0501863982947227,-0.1457070118428914,-0.2386809863077012,-0.192462038122742,-0.2634719750898906,0.0376993165380972,-0.0388696381802991,0.2279058607209592,-0.0238399671405689,-0.020608675147327,-0.2233245271093393,0.326793240654154,-0.1788435563926425,0.145192986046844,0.0067171768450251,0.1410886284777412,0.0598041467094323,-0.0463100084050895,-0.1318748212551951,-0.1735688247837319,-0.3679852362095562,0.1829339537555201,0.1763139084923828,-0.1949443459702172,-0.0627663767398892,0.2078646271946446,-0.0605068492519779,-0.0716518525271804,2.7045520812499992
Li,Li0-1V6O7F5,V6O7F5,LiV6O7F5,mp-aaabradz,-1.9982306755972443,4.387277897273238,-4.398611648095975,0.0426647165220219,2.83048819361054,-4.681139817477758,-0.3456737133025642,0.7857482500453689,0.8471328837172081,3.483213468074154,-1.3615806196074651,0.4454656444034669,0.2462993899364792,0.2157462045151119,-2.1285723863138672,-0.1715040100394876,-0.387464462561272,0.1941842894050823,-1.1188175801483164,-1.475999997008031,-2.077701074916519,-0.3297749542268862,-0.7790637927525923,-0.336046887879815,1.0354232968120314,1.634074171990003,-1.447643841471192,0.0324548745764203,-0.1264328440393693,0.4147012706428388,0.4663538768146409,0.1008819643597248,-0.1206819856058206,-0.4619245564012886,-0.2894380596242769,-0.3171330533628853,-0.3648046684564157,-0.2210098097917607,-0.0774443448928754,0.4884447974280905,0.0677812720083113,-0.6620618685429372,0.3784534630017419,-0.1397958973142787,0.1694175076665681,0.0544305649231171,-0.0803602456232467,-0.5473428598416151,0.4346956889638018,0.1230517714398663,0.3375180984354622,0.3551918958913203,-0.1030130066376657,0.2613371750930162,0.0394055273670187,-0.6072412820818403,-0.0377760775465081,-0.3242977162549467,0.1606929025539649,-0.1629145731401811,-0.4483279238446819,-0.136685439140793,0.0693578081766215,0.0658523596703142,0.2211290931882128,0.3423845217887818,-0.1502304688413971,0.0352749880015374,-0.3949913032142909,0.111845077007573,-0.2518282166606317,0.2111671602791031,0.0686441780799707,-0.0240752015287552,0.2626710471416254,0.0113354591121065,-0.0118100904810443,-0.0308870852191136,0.1839887064218656,-0.0553311691661837,2.022202873333303
Ca,Ca0-1Fe3(P2O7)2,Fe3(P2O7)2,CaFe3(P2O7)2,mp-aaaabnxy,-2.197159688577563,0.3394532636264551,-3.867482937583744,1.777565047750367,-2.362889620895897,1.0116701896916878,2.1400840710691367,-1.2014849272765653,0.707596454016621,-4.340293067889377,0.5744791460156639,-0.0832585271645509,-0.2802167059256714,-1.0244052955822809,0.17007203690554,-1.4155353498387797,0.945141071068897,-2.383256891353585,1.071105308047201,-0.2096278791383147,-1.4020744761089956,1.1148088946540196,0.8281562970437063,-0.5704595612874419,-0.0891626435773414,-1.09562098856246,-0.6018981190960064,-0.8828031478782556,-0.1811006638562337,0.0691191687826916,0.0794929130055445,0.1458423819287267,0.2721128077494821,-0.3398544686171659,-0.625179570535392,0.8747422121995108,-0.3058012738820796,-0.340801781403978,0.385824871183542,-0.6667430101100497,-0.2233016028385135,-1.6646557772584556,-1.053280193256132,-0.3216203697066579,-0.6539033053946952,0.2880614254318885,0.3583729290313913,-0.1724865642866717,-0.2352337499668482,0.2463533979960537,0.1928797602422591,-0.0082960685899503,0.3001826632836346,0.1030782138246373,0.0522896095870839,-0.3575064432939741,0.3436406053374267,0.335287146586336,-0.0821397859227686,-0.2572206266358434,0.3868389912218872,0.0828351383435353,0.4348776081757085,0.0010407516343611,0.2172688703073947,0.0480587693830654,0.1408818042607544,0.2228168322529584,0.1043340489247542,0.1108957046334209,-0.1113702153489201,-0.0752090292396096,-0.4050271383190821,-0.4499592059576135,-0.1467383909244883,0.0523376008762241,-0.1710458726218693,0.1218471552301005,-0.0963757323009436,0.0806457137040497,3.626405594999997
Li,Li0-1CrO2,CrO2,LiCrO2,mp-aaadbsgj,0.173925198505035,1.5947276281773437,-5.3652250941158055,-4.015088635127748,0.156201773546758,-5.822438253683686,0.066176614633799,-1.8169107168705192,-0.3584050429890861,-0.0676178261755297,0.2728253660879879,1.01254833590677,4.434643863371026,0.252493056541521,1.4448508714128752,1.8188839556158656,-1.2646945801033662,2.6885910493048155,0.4240607624899228,0.6616965492870889,1.8727383046789856,-1.5011941382474696,-0.592662618714014,0.6724194434221631,-0.6329293350433679,0.1582248876359239,-1.0402236385131554,-0.4408307556368196,-0.24300468708822,0.3043120134907629,-0.6369469299875242,0.6117421795324313,-1.0738242443444173,1.5256554469808397,-1.2974290093663985,0.7639478602322873,-0.8381306044912442,-0.051970833738705,-0.108044805495734,-0.1324425127357421,-1.2921042956383624,-0.0063142676144878,0.3404683972689142,0.7513106788318807,-0.5299402158777895,-0.2351636237557552,-1.063550383104965,0.194066811956065,0.1760608704004793,0.4488413108775317,0.6359353727170939,-0.771202739207803,-0.696134558870592,0.375773209535112,-0.44803092133682,-0.0848717749584833,0.1129591094946008,-0.0938981642004801,-0.0353672449910756,0.6420997999096061,0.080524227287481,-0.4567046127580677,-0.3336451873213211,0.3350663696620686,0.0931379012980778,0.196873261451828,-0.1411558582891996,-0.2600756217538442,0.0549860498172463,0.1402908659598877,0.1804568366977513,-0.2718116234378209,0.0419849131291391,-0.0749522205047186,-0.2587248044496491,0.0346606183192901,-0.0987352349277852,0.1389353342067349,-0.0383353672059427,-0.031883706787807,4.059322523333336
Li,Li0-1Mo(PO3)4,Mo(PO3)4,LiMo(PO3)4,mp-aaabnsfh,2.0634848995786914,2.644761504136456,-4.606755585019771,-1.1532177281464264,-6.744016937565664,0.6269917082169889,-1.7824442107312928,-0.4045198103777054,1.637314109088422,-1.6486220645999652,-2.657193300678719,0.8624420206684162,-0.8829512186937836,-3.1832448656385166,-2.2833674297349744,-3.0765664686623264,-1.9920907561952856,1.2183087983271124,-1.0946219813196267,2.606470805450149,0.1547630048342454,1.761019843763046,-0.6378068298179446,1.2417697100371827,-2.6745350660537768,-0.3430358897397952,0.4977972186661735,-0.4518596092515197,0.0121665714566232,0.8436073220572853,-0.2294261267713236,-0.1859021829037412,-0.4251533087440998,0.0866342661103912,-0.3481223617760737,-0.4034938118018945,-0.0913180729573575,-0.4167642502921551,-1.3696963903068795,0.2631263911744768,-0.4396882239526318,-1.1055809887248524,1.658262173847717,1.0754949856978482,0.4340035140549182,0.0231698438661213,0.4302001152840147,0.2721897888273676,-0.343822010148351,-0.0234249906244344,0.0458026166383822,-0.1951911871453857,-0.1669389484500468,0.478256493089806,-0.1614340326831195,-0.0706144680103061,-0.0429035736358655,-0.2992870394600995,0.1192026055663351,0.0006702834422789,-0.071473702095233,0.1894348508261242,0.2757250041375771,-0.1485427685477555,-0.105427226944949,-0.2984078176883432,0.1550749540356067,0.2802611746959354,0.0001938617975869,-0.2556382686990597,-0.2033620496127391,-0.1946064583454889,0.1112488728217401,-0.1337482998601007,0.0057723320378757,0.1957819729933439,0.198804533669199,0.1820234077207802,-0.4718822756495023,-0.4312156454761128,4.383969038333338
Ca,Ca0-0.5CoO2,CoO2,Ca(CoO2)2,mp-aaaczfbx,-0.10137688230779,-1.781355977231874,-3.4587373287392693,1.3079832614477949,2.0006401035733234,-2.448395512843904,1.545150660865366,-2.3878624244532123,2.615782754488477,-1.2327035268251096,0.935733042368874,-0.4153300808026852,1.8338503502642003,0.1135442478534453,2.114108108026629,0.3796493365670523,0.839619102853059,-1.862270659266216,1.0002523856667331,-1.0235239481558167,1.2886738252451084,1.28321872323831,-0.4915463413469597,-1.824959044426688,-0.5206239500426283,-1.2598921362271274,-0.7557701327678077,-0.1232418410268995,0.8332067568992761,-1.0278299412285092,0.3517303871438652,-0.2223419701724202,0.3376313447129521,-1.805549871724916,-0.7265758721669892,0.116224781102146,0.2399839494461781,0.3228727446515295,0.0526149740493434,0.0850863147641056,0.5740984567391056,-0.7054875915350117,0.0785475594719049,0.5339697643947593,0.221209366937831,0.2045025812220355,-0.1497764313080458,0.1590676449439008,0.4122224329999055,-0.0753218312382203,0.2225902400634365,0.3431252641750001,0.1229982185258752,-0.0819960550748505,-0.1838591558040335,-0.0950784548528362,0.2359382603732329,-0.0686643541136495,0.2663478538324833,0.1387025871857093,0.0698071150640698,0.2606087510539138,-0.0016141685228787,0.1209526175529455,-0.0724601989399766,-0.090343031506001,0.0235642880735477,-0.0141334865111056,-0.0046694499457698,-0.1202126651202728,-0.1601554345575097,0.0582104151230065,-0.2401873385737932,-0.2209326016367146,-0.0684909611806139,-0.0735329026776187,-0.1097481928640742,0.0709939133330955,-0.0886613674832575,0.1283275291097055,3.220358399166666
Mg,Mg0-1.5Sb,Sb,Mg3Sb2,mp-aaaaaadc,-10.650674973933128,-25.68438997369668,0.3467099380098114,-0.8975488474008808,-4.07722901839622,-4.101239124928339,-4.208663555716993,3.2171396965876324,-1.7203892257877638,-1.1058074105218152,1.0402241201232802,-2.90968036550155,1.2374316838121706,2.418096961601799,-4.942891144945967,1.0867193162014843,-2.6411404320803618,-1.2891648740980806,1.159993158597035,-1.2709810205325602,1.374587046829136,-2.917916736481946,2.443428000177044,0.4839387017873641,-2.723110270644736,-0.453435937551212,3.4937299873796035,2.4297382936652285,0.6061061298152934,0.7731897178004307,3.411164192869505,-1.9321019082287825,2.7009444834586622,1.2673434115755842,2.1251022329013844,0.4114168433638901,-1.6274405170391193,-1.965852961231416,-0.0939467314396987,0.8900640843942845,0.4200433028316191,-1.486843267800042,-1.5871321947664454,0.6264296996487018,0.9012912941351698,-0.2569749408029885,-0.2161522631441662,0.6480623621964088,0.5511293607206081,0.0012424776417941,-0.0497765102693988,-0.300178731355966,0.7920405126264681,-0.8654716620791398,-0.7703980310532871,0.8784539231552373,0.2545073109821426,0.2735550580861828,-0.8888981663929925,0.6777540104143042,0.9867444594015324,-0.0944831581883136,-0.6568365036449315,0.1397729025831874,-0.6284491895581353,-0.1929356171898776,-1.2054059753112671,-0.403477846731432,-0.5805724215153937,-0.7006311690123709,-1.2430414468676605,0.6899320562958029,0.891425526644305,-0.5808652920093657,0.3122463844052148,0.3987441841948113,-1.2375294565370325,-0.1964839646155807,1.016386476590649,-0.5288529418620845,0.462860618333333
Ca,Ca0-0.5CoO2,CoO2,Ca(CoO2)2,mp-aaacyuxn,-0.0820408511977197,-1.5231026967702983,-3.5182847644892736,1.3332808345636151,1.973385437884189,-2.319862785847521,1.2312548188559218,-2.324740168667385,2.621062565151985,-1.3851748241472857,0.7955248099699385,-0.4136575156523776,1.5583550079510686,0.0209163757805928,1.9008718032364251,0.0902611813608311,0.9819391699546955,-1.902099342838995,1.0718443567790197,-0.7414564273856732,-0.6345148092436305,1.8019966604322477,2.1219769146880068,0.0228381174617625,-0.2468261129101092,-0.9411853646831788,-0.7939599999682874,0.1808241123060415,0.6145078462061623,-0.4213862324828143,-0.286528306270418,-0.2571569087555591,0.6403527216453522,-0.655875971320632,-0.8864490478755472,0.5334596606110343,0.5793273663742892,0.3455110367788895,0.1131686226705325,-0.2233813755241776,0.4470271948910272,-0.7193682373760674,0.012660841808224,0.4247161942878479,0.2407920528991768,0.0646019722129561,-0.0271583927884561,0.1024079586145358,0.2161565174841768,-0.1315612007667205,0.2899807889753518,0.1759024212762963,0.0347463153635966,0.0193346756652771,-0.2733083812740375,-0.0192379618431985,0.1954072039342348,-0.0976651084005962,0.1607041049125131,0.187736074933643,0.1103207126830089,0.2415330044552977,0.0169485118923011,0.0599335077639344,-0.0271032675355389,-0.0126681831991509,0.0788966435250813,-0.0078665799646952,0.010499031410348,-0.1457835559926969,-0.1429001739270137,0.1078321819520258,-0.1891890389885726,-0.1313723031298838,-0.0198128074623826,-0.0069158504118195,-0.0910034742884331,0.0605391742268432,-0.1288391558295081,0.0676373670464191,3.411189181250001
Li,Li0-1Cu4(PO4)3,Cu4(PO4)3,LiCu4(PO4)3,mp-aaackrod,-2.9569004234991167,-0.8029747332100458,-1.3760107778040789,2.122582838381693,-1.6024480785630697,4.580159164066112,-1.8353186378856132,-6.565182787206623,5.204991510777622,-1.0011666689653418,2.006013862352872,-0.7650713834498533,2.031863656861525,-1.4041098798180658,-1.5093304411274877,-0.7251710347564865,-1.4622164059601688,-0.0518137854508555,-1.114999038782963,0.3551407355282318,-0.992068365604428,0.1839188374683112,-1.134134260064091,0.2202328546844118,0.3768417330837572,1.3890035616202678,0.5223438899013643,-0.7356732825090971,-0.8967712415605776,-1.2411451263026674,-0.674625139647407,-0.1332521114563347,0.2888417637347783,-0.0226702666959274,1.421761280858454,-0.0429125763725705,-0.3652821812457364,-0.0614217084769297,-0.327260036564737,0.0948127274696567,-0.1443668532901693,0.2619848365735767,0.233383622964119,-0.5908287943850794,0.6498432615466132,-0.1124893062208685,-0.1447854301162688,-0.3242797160370362,0.0253599215332504,0.4331514509993907,0.1067250096089018,0.130292859011216,0.1937492152318367,-0.3483995585405871,0.3690371357668497,-0.1429414682045658,0.2773223455746573,0.4207662345913936,-0.1533942186741001,0.1361168991963837,-0.0438574158260768,0.3082358208048344,0.1126101531911821,0.0068105182277061,-0.3886341438717832,-0.0937401266071489,-0.3938194256641742,-0.0240837388085174,-0.2883717280776254,0.2617352257970985,-0.3303150657549262,0.3448483695360138,-0.1388692585422125,-0.1241975987380631,-0.0385915275086359,-0.3471619173552127,0.1016607284614481,0.1401122279647346,0.1325789070316212,-0.2155237508814872,4.369306513333346
Y,Y0.67-1TiO3,Y2Ti3O9,YTiO3,mp-aaaczrut,-1.215284618088644,-2.1382879635720067,1.0053232321112584,3.718077450085509,5.36560951834492,-1.5617167179752591,0.4910082847538334,3.946421130858872,-1.112713410549015,0.3357662374348293,-6.735069530040597,2.6384546497417665,0.3507046069524425,0.5015374989306419,1.843292230076322,-0.1296497450182669,-0.505434347728578,-3.3023775502349944,3.26798948029623,0.455857002479434,1.2158429315755426,1.705429939202424,-0.5590106255308084,1.517936281212363,0.384150107190601,2.269860714442275,-1.03749531975068,-2.1321300747651013,-2.3561736275379577,0.2526216104779523,1.277432116770421,-0.2003799848629335,-2.268549841212034,1.237855677820623,0.5413286068538773,3.788229864843177,-1.7891520063405486,-1.1780538332058774,-3.5903816897523013,3.170632500146209,1.9520134965966245,4.340233060694318,0.8006472477426193,-2.5998635367984937,-1.4184341058248455,0.2304486265627907,0.4105030902504663,0.6932665541588864,1.8374016438076215,0.9862789836379484,-1.6937377770900537,1.8550625477318796,0.1275245029199634,0.905932251149702,-0.9111875795879112,0.5505529993807834,0.4611789705559388,-0.6929032930712361,-0.546054484257636,-1.3046368909173514,0.1945843756040626,-0.4368455156672947,0.0105572498009285,-0.9664977785729456,0.0312244701722837,0.6200492595199446,-0.1734749551172927,-0.1023600540033904,0.0582243610458105,0.4332268309785524,-0.1847329380207657,-0.8192809619417446,-0.4805417801815413,-0.285410328310167,-0.0210362490691032,-0.2358661991232173,-0.6117761161115869,-0.1411897991604255,-0.6642028035701486,0.4632230571868398,0.9697321780555532
Ca,Ca0.5-1.5BaTl(CuO3)2,Ba2CaTl2(CuO3)4,Ba2Ca3Tl2(CuO3)4,mp-aaadyudj,4.969003913341738,-3.1400780306774867,12.845912860724638,7.362961117303127,1.1456536455350248,1.7078610338544498,0.2289202332052622,-4.551118420081753,3.879487491884121,-0.4286275673632139,1.5653614233080224,0.9758699670704316,1.5476308776322811,-0.6608127030029133,0.2376200580206176,0.7671399002490397,0.4689199552457601,-0.0820393329446575,-0.1634984596484882,0.3306503274269745,0.4314505920895428,0.8477280948066058,-0.6029167693952115,0.0147764222645136,2.3600607577307637,-0.7951792234624943,1.040356703205275,1.0768084868283818,0.2464343484104247,2.493227029346846,-0.7386418652993,0.2531012361704258,0.1617426645266465,-0.7140268600895257,-0.0599245067617697,1.261977894533558,-1.072234789733376,1.3652153179491675,-0.970148127431437,0.6442727091200796,0.4546326298195996,-0.2136142703567251,-0.5002082905375406,0.5349875661823408,-0.3770090546255014,0.1847148565033543,-0.4444448428930251,0.4686533544870494,-0.2023587769393196,0.1335233039166355,0.0271865129219556,0.4726850698373411,0.065094258265792,0.8070194117164043,0.0741734302435303,-0.1345109272877903,-0.6421134092520111,0.2987281006227206,0.0235643339529718,0.3162180500417438,-0.0831021065400707,-0.2466266464775235,-0.3462191218911921,0.1310163900051575,-0.0660607022633748,0.2992431645601721,-0.1586413109775279,-0.0054880456087474,-0.1051007824425114,-0.0523540872955564,-0.2293993816945213,-0.4381984486791403,0.6217518037037734,-0.7508341302576519,0.1765402132369667,0.0474483025183012,0.4518428811647518,-0.0061979035022568,-0.1133116929985947,0.1268198126544824,3.6907708324999993
Li,Li1.5-4Fe2Si3O10,Li3Fe4(Si3O10)2,Li4Fe2Si3O10,mp-aaabsjpc,-2.430761832481848,4.846101247144846,2.986805204500302,-4.072359567608414,0.2480479422356208,2.6501544026625106,-2.1424464001643115,-0.5788620572659642,-1.706980399373142,-0.4090562551053002,-1.015461305641429,-1.6878881662956644,1.9999092205369655,0.6092344268900115,-0.8473423757003062,0.7570274330658643,0.4029440081391476,0.027833757788746,1.8417218997348797,-0.6966561853594578,-1.1867451714034618,-1.211775175144866,-0.5800772318351948,-0.1628870478070077,-0.3234333619197948,1.38935549153507,-0.6736648496645959,0.5739176066388005,0.8891927473205314,0.4553914093000383,0.1788730824041758,-0.2863937668366512,-0.0742254632535017,0.0857661766367494,-0.2616016078343018,-1.326037137513005,-0.44553397467276,-0.8713960863875808,0.1505123255211834,-1.086162459351669,0.8172160468499351,0.8011532243951779,-0.1168924311061167,0.3978207003331062,-0.9486622661566296,0.4362441186213381,-0.2059370918925982,0.138270814056908,0.0027729386835547,-0.0304069625283017,-0.2974000501854775,0.1975286684473839,-0.1207167777636004,0.074252314422868,0.0451575702550059,0.190527125898772,-0.3821885312004507,0.1108975849972939,0.1045755918696861,-0.2059963706047617,-0.2915816854341383,-0.2794085524681399,-0.1888137895827761,-0.2971681058566123,-0.3170714448762537,-0.0826596468740404,0.5317192707384101,-0.0873377223811401,0.2046942207016659,-0.115779486642669,-0.1558651428078372,0.0103652513756326,-0.1447874204451752,-0.0339152208733081,0.5280491449658862,0.1134356973330436,-0.1280122050870124,-0.2539263117429521,-0.0942656616728192,0.0845438195258455,3.285240055333331
Al,Al0-1Zr5Sn3,Zr5Sn3,Zr5AlSn3,mp-aaabdbfm,-4.165538428404373,-24.321686777789203,5.870732349014271,-7.002585798804796,3.648428313159892,-1.0440231817304135,-4.052307993225646,4.0298724330037,-1.4232790296585007,0.5004325892454423,-4.626159647833038,-5.517825651187168,2.874417553688046,2.172019640861773,-4.325077851138704,-0.3416954137678071,-2.798025458122254,0.9272729670423672,0.7292125917248226,-1.898533504685446,-2.2526755193147032,-1.0222043821876854,-0.2527219730674162,-1.1235583599376406,2.8579729772998275,-0.956833901006468,0.0479768915823697,0.7478401039257028,-1.7947497279051567,0.0475213332310507,3.654418383897065,-1.5838909165780508,3.0488568683848927,1.1021029982661408,3.253625766299424,-0.4157946666065903,1.6481918345148852,-0.0557705600713517,-0.3301228115513469,2.381106439607352,-1.916720335272969,-2.7019442699933944,-0.280847433701979,-1.207794675128286,1.1503045455771097,-0.527640964996491,1.6801886227962568,0.8828048412784415,-0.8687275354524384,-3.196948529763647,-2.7711497833455367,-1.039581999359024,-0.9077914187185157,-0.5834112404096424,0.5475706607095995,1.5143045420876489,1.357236493113739,0.0762096333054368,2.961515738262633,0.735464874268841,0.8546181887979902,1.0550571500205046,0.0482071587206427,1.6065708240653886,-0.8379001377684218,-1.1949543240220426,2.317528968730157,0.0300315522074521,-0.1961355865726007,-0.6899514598545343,-0.1034200622170077,0.3222420646035002,-0.1814402654226612,0.2356844167573301,0.7572751030940853,-0.8060076532036187,0.9083615568722868,1.6861585973806814,-2.534019989161901,0.9599892659482758,0.296972876666667
Li,Li0-2Mn3CrO8,Mn3CrO8,Li2Mn3CrO8,mp-aaabrzkx,-0.0087712073087733,2.4433204292811244,-3.498475534707991,-2.863548002415341,-1.0068453864044362,-3.309592816177994,0.693600586638649,-0.0317879087315013,-2.4350144937982243,-0.8533191280371583,2.077740406393487,-2.0358275640914005,2.233116481276783,1.6018766872014296,1.2214644575692457,2.2487775783787995,0.6063076854521471,2.4389979338286896,-0.8534642968582566,-0.1236436100304225,1.427596633917311,-1.621224982031988,-0.0698174040614661,-1.2269083270036754,0.0556491509645108,0.0848447617187496,-2.1057659323430467,-1.005674938926742,-0.7042329549055041,0.0984813739887348,-0.3023597459449091,0.3272641317230849,-0.8146964413479665,1.86481190466678,-0.2561968100518268,1.4894757423000935,0.8289716671349459,0.1015655917180604,-0.5906576624331676,-0.2089898460742802,-0.6720586523553186,-0.7584595035319667,-0.1165522446801353,-0.0812202117576493,-1.343477712032252,0.0095610992047459,-0.8726584475791374,-0.2814769646851715,-0.2341397265057233,0.2827029197376928,0.5843516233425835,-0.5807432443212032,-0.6046735251746832,-0.0201790492851064,-0.1965896032776303,-0.1067715456742809,0.1845468586266015,-0.5003006475643997,0.0196179451890749,0.2368665289918304,0.4320813685946346,-0.1242349164308897,-0.3573135010829698,-0.3290630445220341,0.1854783786451427,0.142357175203736,0.1790395910750061,0.1840768636933935,-0.1782584052296787,0.2734119787250416,0.1604008465934016,0.2656258217129575,0.2194584953434206,0.5079258391405392,-0.1634010930115519,0.0064299028031973,0.069149163820025,-0.0969049835628166,0.1775730562363068,0.1178699075928617,4.251562798333329
Y,Y0-1Sr2VCu2O7,Sr2VCu2O7,Sr2YVCu2O7,mp-aaachkel,2.5814216987561536,-0.8232994529678738,6.670294880414375,2.3251994451251368,6.184863410924232,1.1649343447836262,2.5812417481597967,-3.4363667895343486,3.3626968779339066,-1.5446895428491714,-0.9049644987076556,-0.2270209557662524,2.041392967074613,-0.4844446712645499,-0.9743596548430986,0.7505610909495466,-0.4931359511192077,1.3073035614408222,0.6280825884916023,1.9668749904284504,-1.0756550030083742,1.120228388181838,1.1889482295712324,1.6881658331487377,0.2317641666383554,-1.0941009822327068,-0.8079172394167201,1.6062275128089392,0.374400058797022,-1.224774773436038,0.0811156061085404,0.0275072208552226,0.1329254789676199,-1.1366562996363638,0.5108633711237498,0.770174298747729,-1.5739908259027784,-0.8716762971432589,-1.37016899106026,-0.5740193645158818,0.0608522015443564,-0.0954293628626749,1.2892366846456838,0.0044372508389957,0.3936860762981536,0.8199534728315808,1.3592892112580268,0.6715255555295317,-0.6770430128545788,-0.475924831745204,0.2086324590716586,0.621633737723004,-0.1454564509362035,-0.147467484295845,0.5721302014433933,0.6295846009572399,0.3463225544787141,0.1777145935269693,0.1677019926647489,0.6659379291392749,0.0909978567780997,-0.5832837501902197,0.1744377328470087,0.5745311895692045,0.3737651424247319,-0.061887630009149,-0.5548638255059393,0.0479511667608516,-0.1400463884541578,-0.1745256724135247,0.0071618339525825,0.7971578738805987,0.0862202646429332,0.0801227353611655,-0.9003718128975194,0.389097718956568,0.9693357565273076,0.2089494333614145,0.1535093254596145,0.3008032172798197,2.774527993888888
Li,Li0-0.5CrCu(WO4)2,CrCu(WO4)2,LiCr2Cu2(WO4)4,mp-aaacrbmm,19.508240102968948,0.0419788568041467,-0.0779452504636231,-4.059343856253281,-2.652302208765547,1.51797048666072,-3.0375344822847423,-3.638644352616531,1.436875022093779,1.295313996054922,2.0590455246094224,-0.6570683152257752,0.6738469809056109,1.4866198831602084,-1.6090665350305176,0.7977419940751395,0.9403721233454976,0.9899183148396294,-2.825762317042888,-0.243099444958568,-2.132646298660964,-0.1505471023667222,-0.4617031397365327,1.5337194304688837,0.4277031162287005,-0.4220172192591287,-1.5227409949162811,0.4805688280578539,-0.7386540613728826,-0.9656870020679672,-0.7256863618982693,0.0953650225581925,0.4095416656761566,-0.3661261762712709,0.9057490347041198,-0.0104472315214509,-1.58801836403233,0.2737921219184678,-0.6078867352985364,0.6471978166821412,-0.2047374994997311,-0.3917427070658984,0.4120458808373722,-0.0772237619142293,1.1867000210217924,-0.1673449774152972,0.1544797935496962,-0.5246019612761417,-0.641262662978955,0.5821248607079642,-0.2249253657152508,-0.2938626258628098,-0.1214786582710783,-0.3145163335334736,-0.0766181718338058,-1.0608227948537867,0.5731090159602472,-0.5134307103895485,-0.2268963275292521,-0.1916554127630033,-0.4387280675836307,0.2438630699794077,0.5598893861294403,-0.1262156058541939,-0.0523892984155321,0.2635302980785627,-0.4917524258082145,0.5371021445913757,-0.1584544023883221,-0.6895510434516235,-0.1192535315563552,0.6216271752397532,0.4973703420198214,0.1111628838419924,0.6007889692727724,-0.3003504244089466,-0.2340326022692245,-0.3053290738610977,0.3396147210058086,-0.0702494573162828,1.474245423333348
Li,Li1-1.5Mn2(PO4)3,LiMn2(PO4)3,Li3Mn4(PO4)6,mp-aaaabnae,-6.692042587836774,5.063395501472092,1.775647657928134,-0.0249446445836404,-1.9628151911393965,2.1215186354208204,-0.7469677966464193,1.858721275533978,-2.8378732837336664,-0.3925117670315692,1.6293843224606095,-1.4603213556078554,-0.3478060543460173,-0.8014732308843577,-0.2412317096416384,-1.308623710792811,0.429460554258498,-0.4101914382571219,-1.082115324863585,1.5387843620813002,-1.4664083355074942,1.481663864624406,-1.002642094329232,0.3904205938658585,-0.9778058502385284,-1.428820502509363,-1.1331039284188662,1.709352501968063,-0.3130738406159238,-1.0159571234432665,-1.3378494901362212,-0.3875097481653893,0.7624506150881379,0.6313001567479718,0.7348946596631162,0.6207173050725971,0.5695595817246148,1.4073301693117373,0.2353395411996467,0.9152550406956234,1.0568981185792587,0.9485848458509508,-0.7010197232134321,0.0639787631277972,0.10082694671491,0.2147596398889592,-0.4541407671240386,0.6237604748630994,-0.5269343244612954,-0.3336131533145336,-0.1936959046183311,-0.0325303899799475,0.5614288498135477,0.242965293009664,0.0478269056962917,-0.3684766458130301,-0.0466776601004339,-0.536964742282732,0.130205453701968,0.3892653642808067,-0.5442100669447242,-0.1670885145997175,0.1952368595279937,0.2105215702739783,0.1532548822016803,0.1733257212424417,-0.2629165465630335,-0.332357953964158,-0.4910211360276387,-0.0986133132057992,0.0122186667309001,-0.0411391200640962,-0.4614608549974299,-0.1463793160428848,-0.2283053683805627,-0.0255038275278875,-0.2570670596377655,-0.1075408866489598,-0.3369657962117726,-0.2312616789613305,5.161204413333398
Mg,Mg0-1BaMoF7,BaMoF7,BaMgMoF7,mp-aaachqgb,8.035837441697334,5.566499376553807,6.080241348528831,3.152879684710945,1.694260895951725,-1.740450345998649,1.5088378272335492,0.6767228278671342,-0.4143164750560821,1.2138276972928108,0.6473220825461813,1.930896103881221,-2.879333354013901,-3.1959605393673423,-5.528055612876577,-2.4051941163811463,-0.334985268407216,1.4094455975937654,1.737507864201312,0.0305660757346394,0.4589534775575385,2.5594794391576525,0.1657550265871157,0.4208898594381032,-3.169951398670111,-0.7737033831044966,0.9229919940877296,-0.3987686628060282,-0.576233047165559,0.2312304029837484,-0.3778150044088477,-0.6920874243152533,1.1111982077232367,0.0600013843324811,-1.1182668157464857,-1.2741272887168398,2.075713448835148,-0.0126579120307459,-0.1891136285327299,-0.1400555571145837,0.7967349448163907,0.5165310764525733,-1.9338936966773383,-0.2881833176545422,0.1071909329077649,-1.146095592266722,-0.7248094511722407,-0.5574235608921541,0.6707302652209723,-0.4657600431561607,0.3476908640212151,-0.6350135734925518,-0.1812188417512653,-0.4779953644984603,0.6439270519422805,0.5039440434209147,0.1209704673102271,-0.230095906650957,-0.6589454356147094,-0.4823641848724986,0.4368521188117512,-0.04671599687462,0.013036809271678,-0.593993450183969,0.2857032510669645,-0.2396240928046712,-0.026744062863152,0.4783515755262824,-0.4100909028280394,0.3299645176381164,0.0889818780155515,0.4849819277779148,0.2998806743775669,0.305328586980924,-0.1180694362970329,0.0738481865588275,-0.0929613534211645,-0.132826853000454,0.1284259262765284,-0.3221861847495174,3.392384753749998
Li,Li0-1V3OF11,V3OF11,LiV3OF11,mp-aaabrfua,-2.7859236580058178,5.962470028237298,-5.642871786682164,0.8499869873752594,1.675464355072195,-4.174236887740241,-1.241338967461413,0.1693507648037291,0.913809052680974,3.193453775863603,-0.6326109076456633,1.9690225566883064,-1.5341876978313616,0.0055055772728637,-3.5763705822952097,0.6680648914519592,-0.1918631195641375,0.7672690128938623,-0.1912614911567898,-1.3497682274283238,-1.518509411139542,0.5190871833067797,-0.7801265941157012,-0.9213440896276116,0.9027594635949254,1.1247703016792945,-1.2381451267027066,0.1263397302678769,0.5839182972599125,0.0400726775674351,0.2495900441472865,-0.1153991789611421,0.3399862644079691,-0.0145049412854781,-0.0893044675872761,-0.2327932185902868,-0.0886850140104204,0.2587600139064985,-0.4554680939873202,0.5878963423062196,0.3506548898724413,-0.3385833346224012,0.0029450664709228,0.4875331693722232,-0.3943835776636892,0.2317118499466198,-0.1502561323387968,0.2604948599274451,0.4370497592869048,-0.127644523552424,0.3236556893910031,-0.1459512755844169,0.1429273254596442,-0.1348044243268048,-0.1798383428680168,0.1688106044671183,0.4767807706269931,0.678344074182239,-0.1305201476589874,0.1502167386207711,0.1098694421244075,0.1388978118024644,0.3845896462280427,-0.3010082937909034,0.3356539841946489,-0.0840750257856586,0.0167681765945358,0.031747906239495,-0.234067462068278,-0.2825524803617383,0.0403317261623665,-0.2590037798883342,0.1928916856380055,-0.1053712078564634,0.0520763101660433,-0.1332626784621455,0.2277382812619974,-0.254776279474191,0.0525762553744858,-0.1168285565581292,4.290585468333337
Ca,Ca1.5-3Cu3(AsO4)4,Ca3Cu6(AsO4)8,Ca3Cu3(AsO4)4,mp-aaacyxxs,-0.5445877345122058,-0.3512307360687319,4.537569747149007,2.832637880856352,1.6068636345064349,4.840552087086513,0.5654195393491425,-4.968514346100303,2.3987105898465555,-2.799326923891768,1.3447158942728457,-1.171412626056283,0.5332481676798486,-0.2647510867074433,-2.731067482245963,0.3847181985628919,1.1626515406985274,-1.819119398052556,-0.1614897159407026,1.098420861060626,-0.3091424630610381,1.7845135721241965,0.9695877373655148,-1.6388198978283648,0.592336421721207,1.9294758693182932,-1.6037004293173602,1.3728791418361983,-0.2848020602169935,0.1902601616366086,2.347365007736775,-0.4689732137435174,-0.2189330831485776,-0.3115156017285749,0.6566501359523532,0.9550037067222586,-0.0248189603475651,1.8622266736478936,-0.1572253108218006,0.6942578218377313,0.0561464864389535,0.5349585085598518,-0.4145455999155632,0.5770565027704879,0.0604582299846633,1.0823244718075071,-0.9466470222363744,0.6910521549888059,-0.5170642846242823,1.3931118994791176,0.4173170589986502,0.7309642270812499,-0.5354206418047645,0.141558664778196,0.1119855078825714,0.3135709500868431,-0.4969182099939254,0.6130628310776153,-0.4606431929729158,0.3303128075541234,0.1645090916108532,-0.7134933785803235,0.1488630878022744,0.2913961568127217,0.1418972671258631,-0.0845876744925782,-0.2167659813008918,-0.3149768906642554,0.395804789263763,0.0635873242961716,-0.3703880677256956,-0.2522961806812392,0.0164707910999686,-0.2427760136280594,-0.1148331803463277,0.1076800658975866,0.1996540544145106,0.0364024409956622,-0.1650636288862014,-0.2171847054058505,4.577865301666669
Li,Li0.5-1KMnO2,K2LiMn2O4,KLiMnO2,mp-aaacvlno,-4.893207637792933,4.810566578978014,11.103966318571867,-0.1071518514215163,2.386759279562072,-3.2836382999865705,4.1871072465433326,0.5414770289818979,-2.4049970990147607,-1.995676940148647,2.964830476173777,-1.7203173692471396,1.7238545443735709,-2.0405817956586816,2.272095555931989,-3.039472077561433,-0.5056753004522986,1.312338660720499,-1.806085245547079,0.9203958392353218,-0.1190496614525794,-1.1901083809208342,0.9343014373118222,0.5590303427872424,-0.2482643216239626,2.369584965111577,-0.6460575370504045,1.995692237837226,0.5368443366487006,0.208178108716134,-0.0156486363794346,-0.7020941073690963,0.9435477384275416,-1.70507257181229,-1.076222299188552,-0.7380039642522527,0.8319765713917756,-0.1185978925852758,-0.0491022890678476,0.7907051800859429,0.2710420021666825,0.5230959847334001,-0.1217207958694694,-0.9973937891454928,0.8996401711950252,-0.1370352679153349,-0.3376573069697007,-0.9054337693480544,0.6936892630672437,-0.3364441098673901,-0.1402868301849209,0.0314193863652138,0.1853881600768539,-0.0651901876796736,-0.1119787935928125,-0.0741764381228071,0.7561813829044418,-0.4493839540711238,0.1372746652267029,-0.0421322934500193,-0.036590051166145,0.1675780300662917,0.3068706572294861,-0.2366580002424508,0.4362098685125361,-0.6514015382497277,-0.3704741128903523,-0.9485615383043996,-0.0796610604124254,0.4804671960583893,0.3206301822211274,-0.679484887018659,0.0480755125371643,-0.3556602285839246,0.0083032470801599,-0.0439409874628144,-0.0384765680426561,0.5624820454678774,-0.674635895295559,-0.6116628133501718,2.019857713333327
Ca,Ca1.5-3CoRhO6,Ca3Co2(RhO6)2,Ca3CoRhO6,mp-aaadakyu,7.425997748975724,1.799468228937432,6.392493535425023,-3.4850184688101367,1.1875703668665805,1.594938057777871,0.4671470613864438,-2.222588074851507,-1.016252887886542,-2.7301776540468565,2.415537274684049,1.5145344124516191,0.7522089776584874,-0.7849689518683006,-0.4723945659896844,-0.0063594730890326,1.059943620417144,-4.309986151880197,1.2036621075279572,-1.4638110076109865,1.1035344043033863,1.4468565744749158,0.907043209631802,-0.1056206931273172,1.8326572618785544,1.591331989992375,0.1937055113143211,0.487645478074731,1.5684147321497404,0.1720648596770326,0.5307339452051221,-0.0469736222684096,-0.0818358557792345,0.2091622211105399,-0.9727114262339016,-1.029276764589377,-0.405869008402608,-1.6058147864152357,0.5618655106197539,-1.377689294449098,0.8131978679468916,-0.7948455438015303,0.668368681340049,-0.1707805960992279,-1.590336894872619,1.0262354432051852,0.6964562215318519,0.1665353718254256,0.77951695545504,1.3679338183389147,-0.6648074855167239,0.130530308175426,1.1320871650002124,-0.2498049274162775,-0.9894913073971758,0.5104741583432582,-0.8582758934329677,0.8088051077315995,1.2313853561107972,0.8594163731801587,-0.2677294806711037,-1.8713771088446864,0.073760035441718,-0.5955630517582157,0.7449768177126982,0.1868722172129636,-0.3707713836434982,0.2858665376778778,-0.3186093542476961,-0.2039729839837155,-0.3506484988270617,0.0659196152904961,0.0207350472033078,0.7842548101805047,0.3848363059006762,0.1844762506972403,0.0107147516805308,-0.2848784687404326,0.4702982091542743,-0.2678968688882475,3.560951855
Mg,Mg0-1Fe3P3O13,Fe3P3O13,MgFe3P3O13,mp-aaaczesc,-2.043074606674641,-0.7882274700696207,-5.683663755133494,1.9585102505462677,-0.8691207499838637,2.970924150814118,1.2853366270140594,0.0422243215405306,-1.010294465571669,-3.2248842965666635,0.6237126091601232,0.7603828304584892,-1.1432981367355732,-1.3091523049377085,0.0829098100097968,-2.0668618359241435,-0.416750124232781,-2.104648495360785,-0.2569529782025324,-0.5910513089843066,-1.0236293637866314,-1.1101787173408713,1.058537789215295,-0.2283258962240353,-0.3742680002405226,-1.3343656773091428,0.5703323143750051,-0.4455139368343645,-0.2477989350545268,0.4072207865401149,0.1553994936526063,0.3650088493538893,-0.0418627614474135,0.2477338769302352,-0.5721025036029147,0.3513372921780978,0.0917032527883869,-0.8009287482997263,0.2338843859201517,-0.513260759182905,-0.4131614695701296,-0.2285492052183268,-0.8126348321798258,-0.4730917414597014,-0.838049635714554,0.3211581605604312,-0.1434581601160636,-0.2468788558886754,-0.0640730029758658,0.2527065468513521,-0.3022062596493935,0.0238790478463389,-0.1115787065995731,-0.0631966136737523,-0.3306877830394391,-0.1168544287650096,0.5297929871339495,0.5535973453801262,-0.2857361813715532,0.3066847341896005,-0.1706895423638514,0.2398804350795687,0.2111700547556565,-0.0659671944742195,0.1306682539794636,0.1534251690978717,0.1503830040351406,0.1472579616624243,-0.0338044852035319,-0.065512987950344,0.3617248192912547,-0.0140307562913166,-0.13808116014312,-0.2307267501375463,0.1280865110204944,-0.4810536315239631,-0.21868748924951,-0.0979256046708229,-0.108304491188736,0.3311751015256248,3.861524804999992
Li,Li0-1AgClO4,AgClO4,LiAgClO4,mp-aaabfkfm,-3.666854503784396,-1.5418017271642557,1.490475076204144,6.41038942713256,-2.6615835874303984,1.5867350421484443,-1.86386995215751,-5.028951710428923,4.332356080343727,2.353908359179702,5.417394739806836,-2.033236245786266,1.0395779526995037,-0.1303314021528794,-1.1938563089589784,0.377618332658838,-0.0688101653456458,1.1949202298870747,-2.215857114591058,1.1051025639374945,1.511139949240718,-0.2416567499257337,-1.5865268800150556,0.6520656652269202,-0.4814041685451299,-0.6262592962219637,-0.8731498782588455,-0.3057500975881501,1.0693568569711716,-0.9420240901404072,-0.3396510841388091,1.268341717560376,-1.3484796186832917,2.5428651548705985,0.3776374063232076,1.5387744094720288,-0.586146212082779,0.2982888133496191,1.4981455749906387,-1.886759606962861,-0.7678338189701376,0.4260815214206728,-0.3034432048294381,-0.4812189152370771,-1.7290797273951004,-0.1168348787280195,0.3374452726707082,0.0681969234875019,1.0378131253926346,0.7597649842698201,0.1342154655250831,-1.3884657688142708,1.137637583194818,-1.1539084583081158,-1.421077587286344,0.3364704832577327,0.9202298912857094,-0.2661591272227888,0.1392036248273984,-0.5831178416899995,-0.6844196188602975,-0.8050499345027143,-0.1391560784444067,-0.2300338977789177,-0.4756904582534212,-1.1421996819715672,0.2418826752050367,-0.9380122842439804,-0.4506137379965595,0.0714867490351798,-0.3267699283719978,0.0075583536187724,-0.2733145925887253,0.3227647233158457,-0.5276475240916575,-0.1667797482818889,0.1949927698925098,-0.0995130623356406,0.0416116439438271,0.153484477065536,1.5458820933333342
Li,Li0-1CoO2,CoO2,LiCoO2,mp-aaacutxx,-1.654976474429634,0.1975885771446382,-3.4866530325607727,-0.9887048087369338,-0.054537597275393,-3.710004515226751,-1.516268246832633,-2.5297924111143777,1.993552399696863,1.207090360076346,0.9587251240211808,0.6057316997227382,2.590398254103986,-0.0249086855070838,2.556151714240757,-0.069322979528501,-1.0965386973408708,0.0518051268366341,0.0150171515919084,-1.6238352950156207,1.655301470101843,0.0924671027149771,0.2068707347454296,0.0389051595299181,0.678949428973482,-0.4559932134738003,0.544751020361377,0.2150538431310246,1.658511844933111,2.598927440561749,-1.665665877365513,-0.3928837792020569,0.0343323303063006,-0.3474644783079456,0.8507301956982668,0.2588952341945114,0.4150157674935805,0.8468117554879161,-0.6846308224443688,-0.3875476876758508,0.4088513161181613,0.3973122227018911,-0.0161036221266938,0.7434869481142627,0.6644159382731598,0.2379389329056253,-0.3222287074607601,-0.0894816630034518,-0.4268764926859732,0.4026195277980997,0.1745553338709022,-0.2866711548486752,-0.2122931402931732,-0.0643559108943639,-0.5832783228349967,0.2912960958602511,0.2726520624485564,-0.2561530781445072,-0.1100119581595713,0.0739636483203492,-0.2738863142279944,0.0664852447339819,-0.3998674096524224,0.1441870314962443,-0.0295263937483028,-0.2399110109624034,-0.010740975689873,-0.1065865180124447,-0.1561966475111153,0.1114957757320152,0.2335392428355636,0.0212769568320821,-0.1265269219795476,-0.1620989890921219,-0.2310316936783067,0.0293648555466992,-0.0522132111569874,0.0493200626148125,-0.0334157897320041,0.0162811276943908,3.808281968333333
Li,Li0-1V3F10,V3F10,LiV3F10,mp-aaackqzn,-2.632529114477054,5.5375902765842335,-5.91083665062279,0.4681716817286686,2.356595469874313,-4.93528689908916,-1.419736284660122,-0.0932474493367548,0.9532207876102524,4.216260439679483,-0.5532088335960146,2.563837947910379,-1.756406448291308,0.4073987626745726,-2.865739396034715,1.0984191152552285,-0.3809077767086163,0.2143510934018369,-0.8610601310250847,-1.0611836109974633,-0.922488794658922,1.1201923876260529,-0.8645185052468701,-0.4768189831933453,0.5405046216718572,0.7691386752683738,0.7772622042536522,-1.2972508049109912,-1.11142251585986,-1.1677393052955916,-1.1529331731507362,0.0208936734051611,0.3788222991999844,0.3637212611243857,0.7430184419684817,0.3908054394651852,-0.7733547747827648,0.4286117262897017,-0.505575788443404,0.2669086543875817,0.4344886071224703,-0.5644000507150932,-0.2514078669954852,0.1327414709093287,-0.5319692531770769,0.0316278393784797,-0.1506837587472857,0.5967566004170762,0.1551356932071894,-0.2768905091208627,0.2580374087693781,-0.1998655473543026,0.0251339235762821,-0.1616791525343252,-0.126636508164513,0.0064668299950114,0.3665240663847346,0.2178702209287786,-0.1147626349614047,0.348730043697843,0.0518775160772232,-0.022881197440898,0.4492834122784482,0.0479100322599696,0.4297949975144131,0.0016363331766275,-0.0763554579081569,-0.1338825334748584,-0.2384691219815967,-0.1018419950803265,-0.2023699346598461,-0.31659660562171,0.1007398323955553,0.1419729917999536,0.2113388661761726,-0.3270269523054325,0.1252237163530531,-0.1805288593300199,0.0476246076222035,-0.1567852916329416,3.938468448333329
Zn,Zn0-1V2O5,V2O5,V2ZnO5,mp-aaaablkh,-1.4241957111867678,-2.9244212925159645,-6.297559324830261,2.4231961134908224,6.632726248509893,1.28330003342358,0.6075764259694295,3.0874869125446964,-1.2738018030025815,-0.352407076380194,-3.459389913878409,0.9308980702947104,-1.5923760494400585,0.4224802649686306,1.4535449767214434,0.4495170800677167,-2.434448182125865,1.0692486287910148,0.1395962045028187,0.927568272911028,1.3338061697798178,0.9955393245598884,0.2771896616195037,0.7072440324953901,1.5976316621473572,1.4953207083615838,0.5455402366745767,0.244308286894912,-0.6398543748127931,-1.3699883747315365,-0.207203511839106,0.1526061935665117,-0.2530875177477977,0.0908312322938022,1.0374926276001415,-0.1326955847025721,-0.9830198135431334,-0.0434994835152146,0.2986177466140575,-0.0335846998896639,0.8130008013489864,0.2938073963177467,0.2887110803251642,0.7556395653316647,0.5791147300112369,0.448314305069521,0.4186443787873486,-0.4621150259515943,-0.5317503198723306,-0.4305622985501306,0.6728282389509208,-0.0968699432599749,1.0448627052400563,-1.1273473138744865,-0.2601908608525718,-0.0645036738797397,-0.5529382257530907,0.4118076674569647,-0.0924141684630175,0.1918747554207389,0.0389804727590498,-0.3429271018296231,-0.1092966857344668,-0.0551176761336116,-0.1482801588301062,-0.3080281395656423,0.1225733889988261,0.3106305032752741,0.0702004659404387,-0.1913357939715473,-0.0729551034314149,-0.1006848306227497,-0.2746059656380112,-0.1645631866693624,0.1825987709227402,-0.0582905601810716,0.0610299891148372,0.3008554012297815,0.0124418724256304,-0.0178308178918473,0.733069899999997
Mg,Mg0-0.5Sm(CuO2)2,Sm(CuO2)2,Sm2Mg(CuO2)4,mp-aaaaanyf,3.3596185038301534,-4.872767735575884,5.5847853152749245,6.598058377817338,4.515940381812898,4.0494321856288265,-1.4595077063451136,-4.146186299840445,3.619704524177932,1.5152826778212,0.6272725584514288,0.947626125472675,2.856224909467182,-0.706046602400689,-0.806658742488299,0.6207176810261443,-0.122249233781887,0.091882807000023,-0.6253829932236655,0.4976769379974098,-0.1588249780392176,0.8932434538141241,-0.622097251808551,-0.0927303391595727,1.0221500721738188,-1.0138416399039047,1.678114709105076,0.3131069039500363,0.4522829197710705,3.072422555424751,0.1718766821129193,0.5416825513625582,-1.3024333689187937,0.41292362832051,0.7075154939824639,0.802805732448537,-0.4463174651564073,0.6106447099432444,-1.0113896128984352,0.5414347898543431,0.1048673736911107,0.4894407379309525,-0.4383761791284575,0.1556915695041822,-1.245570241332525,-0.2122597963741725,-0.6069570683967439,-0.4786584577521103,-0.4026895111418729,-0.1201125691022687,-0.0494342303601429,-0.1893209791754013,0.498252877310968,0.5087023174952638,-0.3696101492191683,0.5453185083330286,-1.3691799479323277,0.2132453890310306,0.498991168944662,-0.3561200318795193,-0.0186794062797274,0.5340336852420855,0.585081696507092,0.0793724613086247,-0.3406984790707052,0.2323207802816765,0.145300702389452,0.1001843123747309,0.2300476768671158,0.1117524398325452,-0.5302926592591571,-0.1308596835391549,-0.1330172857461012,0.2956194114389006,-0.3223198626107907,-0.1053871046378699,-0.0733247371384601,-0.0631600584346763,0.3434875682954348,0.0407654078248363,0.30173752
Zn,Zn0-0.5NiO2,NiO2,Zn(NiO2)2,mp-aaaczbej,-0.5199472621852196,-5.957310215602659,-7.140260073235229,4.00458097350293,5.99953042272884,3.3546368334468046,-0.0232740115331998,0.4679890195791402,-0.9214078364431476,-1.4938160557144005,-0.2487775306358892,1.7955804851032957,-2.335327643827376,-0.0092307861915084,4.145715470972083,0.0237983013066615,-3.948829226994637,0.7887864240249408,2.15161145168617,-1.8404131104095611,2.656460180875136,1.4314073829200715,-1.220622817808635,0.8098517181438268,0.6947496951734887,-0.1550742065668791,-1.4426261949032286,0.3891998977678395,0.5479130860206985,-1.0908130469908297,1.0999615391043376,-0.4793341015837296,-0.4670300209552701,-2.2789021066966546,0.812965421368472,-0.9389288751821026,0.3387956166054829,0.4119704326010261,0.2700155924031875,0.902378026458354,0.7318642285865917,-0.6527345127925919,0.1248678047072171,0.5617951633786669,0.2512174448676523,0.0453518654366719,-0.2296842490643345,0.1725902592726584,-0.4458821466679422,-0.3326331309050134,-0.1220010073323536,0.1238727058791806,0.1627160873110012,0.2502103819925408,-0.1405975905543376,-0.3534881605142981,-0.3259560059997355,-0.2959558976784925,-0.0300300596428618,-0.0660382005263943,-0.0620242299056341,-0.295361927608794,-0.0191026996604325,-0.3528831876002885,-0.173652604407919,-0.4571082457611319,0.3451212248366982,0.1083539061674131,-0.2763280819684154,-0.0911954888950211,0.0225598375851003,-0.0500043221826992,0.0480365886228766,-0.3632009132841021,0.057769912998928,-0.3058432276002884,-0.4215487149218696,0.0978528966007972,0.3776433061514085,0.0860343356504739,2.379686749166666
Li,Li0-1MnVO4,MnVO4,LiMnVO4,mp-aaaabllx,-1.8287166809489048,2.695007082422457,-2.3227502933612425,-1.6929890161782364,-0.0905459029486085,-2.8408682835687045,-0.231445136594006,1.3004820304356366,-0.9230005186326948,0.924782112124095,-0.3337393342912966,-2.524735357395852,1.4839626521054423,0.6994675376497269,0.8149183461713592,-0.3090485322989663,0.5526258657689396,0.8886739720509998,-1.5876532556533365,0.030784339642188,0.4759551297196463,0.4174830162435106,0.5052452974962257,-0.7635648667917785,0.8324154010933996,1.260573684945144,0.6056766717383172,-1.2279005476717864,-0.5283167983756706,-0.9364874748607896,-0.7131109317879724,-0.1200634611157218,0.129860588349678,0.4257207278467076,0.7859420739325057,0.0520807366758134,0.171444832655381,-0.063158089984494,-0.4539865954836166,-0.3335573838225281,0.9220220340923094,0.0871826066069516,0.0112562230321427,0.1310180620379837,-0.3458227030974457,0.109103255640669,-0.5188056607623857,-0.0769387254382805,0.1973709521031689,-0.0192269939645497,0.2027380555863417,-0.0969670090037795,-0.4219247358623947,-0.1926579603980151,0.0405435016073712,-0.209110011823853,0.3277147898518306,0.1782566978684925,-0.1087747585276643,-0.0774554130485825,0.076934950805682,0.0122649127020143,-0.0740537927628873,-0.3037366553296589,-0.15752610211786,-0.3312216831534171,-0.1022629758156663,-0.0072852086026083,-0.183222181969732,-0.0126691995973188,0.2838460494973078,0.3626341985684058,0.0673787459820556,-0.0287087430591934,-0.1406363852642831,0.0344845483348645,0.2064330950196369,0.1156435526199046,-0.0744425663646458,-0.200572803456973,3.546131023333334
Mg,Mg0-0.5AlGaCu2(AsO5)2,AlGaCu2(AsO5)2,MgAl2Ga2Cu4(AsO5)4,mp-aaacryea,-1.7622245100328406,-1.056902262996996,1.8356705803263431,0.9236473208085348,0.2155477333144797,8.600128906193957,-4.123516462346392,-4.947049690883363,1.789438685870374,-0.7566146468119607,2.54885578207283,-4.297603051664341,-4.581247544270207,3.148869924433164,1.905620490941373,3.838200686407768,-3.9203537387285294,3.1231871485879217,-1.668236495356238,0.3478184937513176,-2.7724306591225774,2.5043396837379683,1.0097252186102377,-2.722367103195524,-0.5910845003571991,-0.9942364940962628,-0.2169882517155191,0.0345111118473985,-1.854528778062421,1.241307777500069,0.4280698317538309,0.2748192606708004,1.0091297133825723,0.0324818365260569,-0.4069674088182892,1.1246805103949586,2.14339072983523,-2.9787290023475363,-1.1029184022314242,-0.1491551059096079,0.2831590373433618,-0.3119620630053016,0.2032561539027781,0.6474695245614446,2.6292727982762707,-0.4194122649525144,-1.7449994620156488,-1.0915381902333732,2.796301938807315,0.8612121821251716,-0.2970109377844274,0.5162744093176495,-0.1454854072585697,-0.6937386556909058,0.0761885408531729,-0.7311632047421274,0.0927638998430926,1.3368467293194006,-1.2942322225114742,-0.1881936067036635,-0.0741385036145502,-0.4314759083761313,-0.9331451285399196,0.0101971390825763,-0.2902125411455945,0.7421920280500939,0.6247813948204322,-0.0156606987372793,0.1248532847117628,0.1746497354511547,-0.9225904058353636,-0.013252453190022,0.1945075669506816,-0.3135650219600484,0.6964771734057281,-0.1899981550942985,0.0910023605828287,-0.1951240771676045,-0.7698499148299283,-0.2749020639337883,1.395848474999998
Li,Li0-1Mn3Cr3(CoO8)2,Mn3Cr3(CoO8)2,Li10Mn3Cr3(CoO8)2,mp-aaabslec,0.5905955514456068,2.7980506773025664,-2.0343581478854587,-4.180899438543352,-0.9116678088955188,-2.972051139157016,-0.7782369916371673,-0.8448932420347434,-2.1443740747648548,-0.2555565123731777,1.958404708065557,-1.67498022016964,2.3267401804877688,1.5508454194639132,0.8786269518897766,1.918199235879046,1.2455276310204402,1.6888274432511516,-0.3463974780161232,-0.0263293346861843,1.3662063194691618,-0.3273256278787796,3.136884892512784,0.8802409580850272,0.5456181609819389,-0.4247438086274261,0.0416514556045619,-0.4473826701212772,0.3438484510446493,0.0998208299375087,0.5970700023755188,-0.135711347764725,-0.1943390967309664,-0.3896697866827623,0.1510178959432005,-0.0851796004993823,0.8104448728542304,-0.4509812706768259,-0.4663633906200878,-1.0319506268393883,-0.1790454949684754,0.2879054556418183,0.0033381068320308,0.5066146195221988,-0.2465039814549142,0.0578893090114985,-0.256305324120628,-0.1545377071384129,-0.2517042650928119,0.3059653556278913,0.1687036990679658,0.1543989026844884,-0.6306193997059635,0.1900620673069569,0.0438697429631861,0.2793480030985644,0.1853559723778964,-0.1706436279948884,-0.0266922905744747,-0.0956957899735701,-0.3594476687002796,-0.123998527512455,-0.1951327237834,-0.2213068564048509,-0.0321425564011413,-0.3017727794374126,0.3727391172512,0.0793000871300135,0.0015373973764487,0.144471111472333,0.4162421081676231,0.2975638382540813,0.1437280237364457,0.2424578466198117,-0.0197482740473553,0.3882557912751117,0.141920246650956,0.1259747311782306,0.0913994228552697,0.0075862935608317,3.147956751333332
Li,Li0-2Fe2C2O7,Fe2C2O7,Li2Fe2C2O7,mp-aaabrdke,0.2037276580597632,2.6217681031294444,-3.0612557473279085,-3.3890531367231267,-1.615877474244367,0.5802748579052267,-0.5801339771519795,-1.6459572172040775,2.0669627762276286,-0.4690482373653492,-2.7204014009168627,-3.7795669880359593,0.2917622311744016,-0.5968410399856677,0.3394563238976646,-3.65577118438462,0.307994546085021,1.4837821719166402,1.442962914397173,-3.367875306855462,0.2367129616899387,-1.4903675989917142,1.2822490623634537,1.5472274672877986,0.2860795609636392,-0.8425234989982846,-0.2418610698164312,-1.991592131890808,1.1170788657013488,-0.5674317248683566,-0.3848414006765543,0.5675257149957351,0.0189262915234033,-1.3417037143907522,-0.1994596305620766,1.1247803252538198,0.0817664325857599,-0.5358562328878673,0.0503328849189752,-0.3985057330163296,-1.9357275316802036,0.6317959861631505,-1.6639866175722515,-0.7997937887624524,-0.3340741314940961,-0.905261172250996,0.7579327744006482,-0.0626841271043279,-0.8599950798288118,-0.0409485013114391,-0.2605280388552961,-0.2376678483358155,0.1447515051588553,-0.0865235665210884,-0.2600371300326014,0.0198355109802474,0.2289172698352382,0.5496063095092018,0.0941879740708789,-0.4083928460399397,0.1452415596359383,-0.28070289549849,0.0731558266962787,-0.1507452552439719,0.2234606358959415,0.5959741587068264,0.1267025446483911,0.3224965956107103,-0.1200218806048012,0.3477478607489457,-0.1022639044736511,-0.1677128122599597,-0.321309608198175,0.143753817987099,-0.1175211523577461,0.0247543471811846,-0.0678422470643806,-0.1872889033338275,0.0038740463680346,0.0716105291454418,3.078690095833335
Li,Li0-1Cr(PO3)4,Cr(PO3)4,LiCr(PO3)4,mp-aaaabuyz,-1.9159522240508904,3.606925483445544,-6.8190210156261095,-2.358494863963513,-5.233178980185464,-0.5763580567989032,0.1052573838722815,-0.771767473662011,-1.3321347757627062,-4.404916713990424,-0.8443013028402624,2.5053145929410388,2.0234948440528773,-0.7116123705241664,-1.4321466685743756,1.566209623224344,-1.1842715692184855,2.0397861285187524,0.1529902723460169,1.529821113240113,-1.7242349270248674,-0.0447209475268063,-0.0531584396912738,0.589973814940028,0.0241855505449675,-0.9275632550586024,0.0193983779985671,-0.808424068010556,-0.2874154110272328,0.5419152327743911,0.419169403844524,0.3667629123956228,-0.5944473633300249,0.2064315901876051,0.0413599596089656,0.6641236626906468,-0.0157192060429379,-0.0545360742835849,-0.2023192190970127,1.0286963165050935,-0.4420352020285989,-0.2123763812277845,0.6904260750332378,-0.1547552119569609,0.0592731643936028,0.2305633670649019,-0.5379319977419217,0.7306576025174525,0.1392022506899449,-0.2087153587095704,0.3081920571842066,-0.4836871608298848,0.2568469350320709,0.6188161626503529,0.1973674056572173,-0.0911973553998522,0.0585544299235147,-0.4097888175807528,0.0856331066694035,0.2769549903581592,0.0251128076966988,-0.2538555242631354,0.1682984580296901,0.1488152625155772,-0.1388789196287017,0.0837316662953166,0.0766242666686593,-0.0877578169278099,0.1388704653702664,-0.1082954721411723,0.0059257511718581,-0.234150013202263,-0.0910480722815579,-0.1298982805794216,-0.3035047908938434,0.1374549082930946,0.2026092844095913,0.0254932300603146,-0.361435399325227,-0.0471151232363815,5.179941748333339
Li,Li0-1CoP2O7,CoP2O7,LiCoP2O7,mp-aaabngrc,-3.324242961334236,2.1460766446349724,-4.103512070181662,-0.2627726318582681,-4.867887244721292,0.6837684405673718,-1.133793542198978,-1.6275105693442324,0.91989393368813,-2.7671264527376898,0.091807682913278,1.4692209421827866,0.4696976166410216,-1.1441129426762586,0.0521649303649969,-0.840697160200805,-1.3236652509596616,-0.5011894119180322,-0.0532216336463161,-0.7191846829419573,-0.4591867227398333,0.4771721631160645,0.6576210716936672,0.3471485693014389,0.6930677389659753,-0.9492038237175155,-0.1792380923004425,-0.002499420193718,-0.212827432530073,0.0485779213847873,-0.1813394300054414,0.0385413245592523,0.2056901056691284,0.1922465483849307,-0.0819997346191967,0.0395102232030463,0.5686502396266061,-0.1667568470208343,-0.1256604335775038,0.4195347614981324,-0.2297725530959496,-0.1221125729903292,0.300672883808862,0.0795808125687243,0.2396199213586607,0.0607622322835094,-0.0434895771229866,0.03375160694069,-0.2196606415817695,0.0325959984908514,-0.0032967912375106,0.0543638640101664,0.2273101656214355,-0.1805590425055461,0.0979649247126982,-0.0271847926380092,-0.0689742388354588,-0.3434984258662598,0.2065719000174269,0.093371034575264,0.1649155905561344,0.1469449927924632,-0.2356937332082814,0.009162038661507,0.1368229010915428,-0.1615294455629697,-0.0029167039522175,-0.32840428448857,-0.0173058520158741,0.0295039609970945,0.0593432260827943,-0.1384446392151582,-0.1210494069721059,0.0210034650201555,-0.1354730090107031,0.0523752971737951,-0.0154467226511691,-0.0536791834051556,0.0937570888515557,-0.0797554163101734,5.065783453333329
Li,Li0-1Mn2P3O10,Mn2P3O10,LiMn2P3O10,mp-aaabnsgg,-6.49833266265857,2.773788667515529,-3.4013921689156126,1.4383566970048802,-4.1716827582362015,-0.5786797203309041,0.1046779450723465,1.5732022806464074,-1.5350490867355686,-1.467110588943974,1.9143175664595489,-1.008819225630379,0.362513164647905,-0.8240017482914214,0.3547174752711379,-1.7404924515215543,0.3835036719115355,-0.1789737836867118,-1.823096871548698,0.8720798757130775,-0.762140844509812,1.470181049084737,0.0424417744447753,0.5068690486145084,0.8173512382115815,-0.9554136997786924,-0.4433348440392768,1.0174986273432782,-0.6540290217863587,-0.1622366054616489,-0.7996764613438742,0.0335121032601657,0.504447896389551,0.0214377730208347,0.0809625211680251,0.505806854536099,-0.5682226405514291,0.5436170322647131,0.1098044172409443,1.03807072392808,-0.6369308405553749,0.1572152687555135,0.3942205618939378,-0.0667045053137876,-0.2432106493287123,-0.4793466253943755,0.0999053336791672,0.6288462105435186,0.7874216592076436,-0.3695763091520361,0.2175375773994565,0.1735047939311298,0.7160071502506349,0.1472585620515676,0.3565364153549271,-0.2055819925426351,-0.118461048674244,-0.0400886809744495,-0.2772203187664034,0.1051073524540997,-0.3335149863564915,-0.1348244012430489,-0.1068215276900147,-0.2343037225547045,-0.2822788301067022,-0.014245448395627,0.0817397982803206,0.1259600114561053,0.0044541276395724,0.1864028981912812,-0.1750620265817766,0.0841213432396001,-0.2411500517958899,0.1762070519430101,-0.0589156145872074,-0.1881244504900122,0.0129165019844985,0.0728471161184513,-0.0384260848571931,0.011290133164814,4.432370943333329
Li,Li2-3Cr(PO4)2,Li2Cr(PO4)2,Li3Cr(PO4)2,mp-aaabetgh,-2.191775117195427,6.53053115746959,3.1249328455480745,-5.72000067559352,-0.805435314374268,2.2797601697113508,-2.0623912935710336,-0.7281793772887659,-4.266947447995266,-1.2493182184769118,-0.700484948100199,1.3547239624175087,1.376837655157186,0.72056085276151,-0.6872327097514059,2.1589198833572625,-0.5438552739723964,-0.0377187349873565,2.0826189178569114,1.161079812137484,-0.7996432720423946,-0.4086485617627864,-0.0694853439051245,1.552095298529968,-2.684132943145217,-0.7466272340171985,0.0002836384217356,0.1285218384983124,0.4950370729900891,-0.1421975076560825,-0.684712591840927,-0.3324657308655594,-0.4132364484567405,0.3487489234820331,0.6822527096392,0.210200440030964,0.5531892138829482,0.7704989487354614,0.2996543332767378,0.3237481269789886,-0.0177293284025027,-0.1346333438414581,1.54838953133118,0.0276601626789249,1.1172925811544283,0.4328604469828491,0.3982791414210446,0.0397054680749258,0.323178644191893,-0.5130999564950407,0.3334459490576308,0.2004046504173351,-0.4443463147033326,0.0253777137169052,-0.2500861492998444,0.4520604923983553,0.0972452210486263,0.1354410950947522,-0.0117007143347745,0.0809849470486088,0.1861312512200553,0.0540229433692543,0.2515582584803049,-0.0009547324675557,0.0300190173188304,-0.0928772917759455,-0.1362184341797661,0.2317354091336527,0.1679849738454786,0.1810114581672247,0.2083942151516728,0.114705815271911,-0.0659381645883909,0.1272592103372466,-0.1034576210893751,-0.1363069475943969,-0.1927369316737687,0.0372057268610885,0.4220669345027729,0.3642959049929255,4.60104921333333
Li,Li0-1VF3,VF3,LiVF3,mp-aaabfwhv,-3.072102465469112,5.266031276970682,-4.612046220749913,-0.490843037993885,2.317707692106447,-6.003712140611188,-1.6966126491643314,-0.6677863009752075,1.0054577306113834,4.834112517844583,-0.1639544167486226,2.3287956599074624,-1.0106854262077642,0.6471916207169248,-2.3431004667742674,1.268305350272199,-0.5020885400379888,0.4478340373263748,-0.2434013001670332,-0.939970068063488,2.699883054755298,0.5747225210640876,-1.4777810729397305,-0.6825213719630672,0.3979994185942093,-1.3566136858847029,0.0821739010927637,-0.7872611387924371,-0.2888674567174898,-0.669712810201172,0.3377147358145653,0.15176045175385,-0.3047670245159697,-1.2400499222062016,-0.1224636083657641,-0.3056142625227138,-0.7704699973413185,-0.157912104494548,0.0141575130590229,-0.0913702407070456,0.0463901318874647,-0.0999137181870859,-0.0896402992801368,0.3200008347545532,-0.3988898252882082,0.2305182052275257,-0.4674737937946986,0.3779316692022763,0.4655765656705191,-0.2535779211190397,-0.0060890791700825,0.0089779573880845,-0.2182119473110866,-0.0957017311234888,-0.1288479812373981,0.118751993862275,0.182700693370835,0.0841030370077902,0.1027123419231783,0.4618834344850149,0.0863895125959572,-0.087758090001186,0.0369528357883415,0.3857963421864845,0.5117047922280625,0.1677368584031626,0.0284726328284432,-0.210506106557875,0.1011794721963314,0.064193240673503,0.0738269410703435,-0.3956667239296341,-0.1637818268494159,-0.1042748821378127,0.0696044588970186,-0.146531326870145,0.0084571361827998,0.2363368297985631,0.0349933378434028,0.0162449916482939,2.350988858333328
Li,Li0-1Mo3P3O13,Mo3P3O13,LiMo3P3O13,mp-aaachqeq,4.611706141796251,1.8634775914528885,-4.264243821222148,-1.4862705920744324,-4.806132988467344,-0.3179136001937188,-1.4023773621474798,-0.1993296300472437,2.2489229007793443,-0.1562162824347479,-2.717994742590652,-0.1925469471910655,-0.037661373682341,-3.154995285077032,-1.530662303753774,-3.766060036961962,-1.97099059097971,0.4264756199387821,-1.6299162131972322,1.8011210104824378,-0.7508813099852402,1.4820058910205356,-1.015589233201811,1.7664800398639098,-2.464778381997511,-0.055158108161593,0.0257967516312543,-0.1459404285564189,-0.9696659866916916,0.8649550416193899,-0.9112949797441988,-0.3871513628656743,-0.1121322076502976,-0.5685908624151512,-0.4759726797643074,-1.0937991805309493,-0.5941194902866166,-1.447799589698759,-1.2407419585120412,0.4484616717015999,-1.0043558482246968,-0.9176684074178596,0.7895456673269806,0.9011352661116188,-0.0922366333524749,0.0707421278089681,-0.1310434738336231,0.1410029889440255,-0.3658920934754753,0.4754939657548641,-0.1328240119307618,-0.1057661092716777,0.0828906244220509,0.3021658355101894,-0.0616062242016545,-0.3810294906362678,0.1154148332655135,0.6402023903741222,-0.0575746458229248,-0.3269569258461148,-0.0523751948529397,0.3750273239856961,0.2770040136091502,-0.3906496592920731,-0.1504050593479684,-0.1479652870866082,-0.1544668055233787,0.0050448708686181,-0.0852650447168205,-0.1459460904345218,-0.0696129848662465,0.0169314914445838,-0.2813636892465373,0.03399419720367,0.1725429408843591,0.0506289795512229,0.0248973203444024,-0.0481075794838455,0.0409096549683893,-0.0571151355420056,3.560031048333319
Mg,Mg0-1Cr3(FeO4)2,Cr3(FeO4)2,MgCr3(FeO4)2,mp-aaabrbkg,2.5402334367742143,-1.3873002703797417,-5.838540029592375,-1.4471127632790266,4.073339391934703,-0.4010998398396053,2.237058085276,0.5253118451274922,-2.703321778840625,-1.1903063410575256,0.7126280029385658,-0.0182502043331543,1.087437749611261,1.6091426579613015,0.922153058800444,2.046444126655389,0.7732977909916656,0.0664830872484013,-1.8254431940051572,-0.6773795467012281,0.5127120498957198,-2.088960258986369,-1.1768059981712573,-0.8998057130746169,-1.6721412138312923,-1.2112980809241571,-0.0774186494824452,0.2921674729097041,-0.1808243859492345,-0.7200515172486002,0.5218557602437727,0.1130260553055826,-0.1651437580093533,-1.8605102824059827,-0.2738949363570852,0.518784069247639,-0.396312047973367,0.1716121979420907,-0.6920572875938119,0.3345152263469574,-0.3526629143967026,-0.22768249012922,0.080282819092018,-0.245589649929644,0.0762364675638367,-0.010109564156992,0.1061230814578557,-0.0076084954649074,-0.652204005297784,0.1802941428787864,-0.0122639226677675,0.2120682563809911,0.0334761246308565,0.3349671192748553,0.0882719751410596,-0.0523990589839974,-0.0775054135956981,0.0087572656393506,0.2233803726369152,0.1914663339914922,-0.0254818192387401,0.456285280385761,0.3292367831905776,0.0737348196153581,0.6058700985559708,-0.1310269295386424,-0.0200125066278447,0.0281670319790328,0.3011807427518027,-0.0630484759319104,-0.1621148945663952,-0.0711815030093095,0.1745402233615251,0.0087468270790715,0.007122207782278,-0.0267292589182908,-0.2249520613179616,-0.0387520619529188,-0.065278027673151,0.1333608595958207,3.146963384999996
Mg,Mg0-1Gd6WO12,Gd6WO12,Gd6MgWO12,mp-aaabqwnt,17.49769609780424,-1.8568088143315344,4.053959764276865,-0.5442010461935721,-0.5160165536987723,-0.5736526629237546,-1.4602593161529485,0.7005182409569339,-1.80963696523251,1.1159384606732587,-1.973395209028757,2.7845631547588594,1.1015444724461143,0.2048234775139992,-1.160417857829816,-0.5562143868912904,-0.5699446419701419,-2.365311900676554,0.7913042420622536,2.69778621469509,2.7738583308767044,0.4485609256555498,-1.438593493451928,-1.3799346582144487,-0.1907012989743842,-0.8062490331875884,1.4374522880300789,0.1028845909687127,-0.7023321826991294,0.4415010900418384,1.1212729649447637,0.1351643487664178,-1.972135746424142,0.3895936363198845,-0.0580914909838495,-2.120453881395865,0.8648734084491212,0.5902906081504792,2.8141329146933103,1.413818796669722,-0.4635723160628406,0.3800677165335355,2.0311442106345714,-2.999494159135512,0.6136510208420645,-0.094166652227072,-0.3005897061303787,0.7507402730355837,2.072533947728648,-2.804053901541706,1.0291822491599971,1.8757444750979992,-1.0644747223875817,-1.890613570893012,2.0610268269224394,0.7952412422801438,-0.1811494285128032,-0.92505320214523,-1.4194917007751338,-0.2630108556833415,-0.2687687678085152,-1.23380939011382,0.2387725105168616,-0.2578035577626685,0.9972355174759788,-1.2611602197084937,0.4410165729067784,0.1566983589511981,-0.80351365156913,0.3594863558929094,-0.7326671250346618,-0.0186459048997218,0.6133195866628272,0.2863848710082514,0.7856412594771834,0.5419283073093003,0.5091508801503419,0.4004068916271733,0.4413069163701562,-0.2907029387526258,0.147416084999993
Ca,Ca0-1Ti3(P2O7)2,Ti3(P2O7)2,CaTi3(P2O7)2,mp-aaachoxb,-4.129038818091248,0.683252286233017,-2.70047121433674,2.0176290353909687,-0.1553703440588058,0.2401028596505927,1.589017063891647,0.5665014030642079,1.368789825117784,-3.34848664593533,-3.980616850354344,0.4057026153545168,0.075005609302944,0.0897845035709562,-1.6810981005709271,0.5414603303921129,1.3116502122856013,-1.718474294424644,0.2076646488775687,1.710760176189544,-0.6614053917753697,1.5509299762239903,1.2489713685225414,-1.0827133275534004,-0.2542349839786817,-0.8040901050809605,-1.0295662632684517,-0.2109463149095072,-1.009184856279747,0.2205573852248925,0.470639822859753,-0.2112406261934698,0.041418896606001,-0.0350775052497016,0.0137635372651897,0.3130909079666513,0.0678155618205213,0.5198699547871677,1.000779048414585,-0.2404412849761199,-0.4219667585382345,-1.2306983502120332,-0.4824989576232532,-0.0432427562208519,-0.0886821372115155,0.1793295510471065,0.3065636519593294,-0.2096415789298891,0.2938305992761915,0.383916343301776,0.376749757544408,0.1104876925056477,0.1357772548303172,0.3385384157388303,0.0277186566778201,-0.3137537230872108,0.1556378610976283,0.3791038616125991,-0.3258610470289467,-0.3617242964643498,0.4355748553733627,0.2686856984106398,0.4171296474073986,-0.0569853716580543,-0.0063420602474217,0.1651412263026374,0.2507741087560758,0.1759158967352517,0.0652736714614892,0.1339465428563243,0.2022598079570957,0.1986893902131996,-0.2199942989688341,-0.3092627870104484,-0.0278137334899913,0.2147235129921514,-0.0821629624161025,0.1451758018831728,-0.1757180254917192,-0.0950656676882724,1.030481287499998
Li,Li0-4MnFe3(PO4)4,MnFe3(PO4)4,Li4MnFe3(PO4)4,mp-aaabrbgj,-3.1432903845069204,2.965529447915213,-2.7961067197369256,-1.2396162711868297,-3.8585777131462646,-0.6296830106748645,-0.2301885098836762,-0.2860309938748764,-1.1366379425375934,-1.5931472512483176,1.496778957142632,-0.671305635704275,0.4666049989214272,-0.1443659304579709,0.5906068743080779,-0.6716142281391678,-0.169604701287835,0.1253541616603175,-0.5238513103399196,-0.415255586597924,0.0873625463949171,-0.0444104526366378,1.3862236244167938,0.6376926730592147,0.6537042763341412,-0.8487899213427837,-0.2002234289449022,-0.4372508877635368,-0.1885887401756243,0.0199130664537095,0.0811575555252208,0.2179340366410917,-0.044842272035352,-0.2703155857855283,0.0582504106481844,0.8798761161721971,0.267508788090149,-0.6670290018240843,-0.1663178185528734,-0.9247981145478728,0.0183372931809044,0.1247199735504697,-0.7275976462889211,-0.7379749243001289,-1.0012313927941536,0.2050975450330503,0.0675859532208211,0.0668956991162166,-0.1694743484599966,-0.0233340882650978,-0.2856539272925063,-0.1830924683624676,0.3132515516884926,0.0501153836320249,0.6449292066404976,0.1540491697359553,-0.1016278866949777,0.396583375284433,0.0371083917395517,0.04898578482877,0.0038038374952034,-0.3446850050910938,-0.0779213919068895,0.0158316235785527,-0.2960787643388005,0.1092746361840483,0.0149438814603167,-0.0762644646256276,-0.048246256954628,0.1291932652209886,-0.0207289217503187,0.0523298278321511,0.0004798730202544,0.1600864170916343,-0.10516059141748,0.1820645266172342,-0.0466580244528379,0.0568804919492467,0.0822019386813324,0.1120113384504455,3.56418499083333
Mg,Mg0-0.5BiO2,BiO2,Mg(BiO2)2,mp-aaadbdvy,-0.7897668250903761,-8.33444118479412,1.6805158716441382,15.252408233734926,-4.877571387348599,0.52804998547501,-3.3743662821285527,3.809886104637706,0.1891733146384318,2.8559070803097493,0.1326874064634663,0.6386932975991397,-0.1280767140133745,1.747027108847394,1.5844136643167102,1.785045609858591,0.5751617867124541,-0.5044138130789432,-0.5463187068300169,-0.2594498670918737,-0.6073280271055127,-2.524356852813717,0.3096695538455709,0.3498748521066798,-2.1689213648281167,1.352897825827958,2.24676731456064,-0.5839066116229511,-0.1322745707521533,-0.6123972505891264,-1.1894195862323864,-0.03401539898673,-0.1859296497136018,-0.2575145111064323,-0.4424243314716062,-0.0817974451565518,0.6425872350445965,-0.7800773222059689,0.754860957994712,-0.3376445522529367,-1.2097992551783137,0.2329466998294174,0.4603454917467298,-0.617646462734955,0.2270441495750984,1.4112075572366825,-1.2066265424420826,1.161564863245047,0.1751231404503916,-0.1902894053379933,0.47969867963928,0.1800576254329292,0.0954220769653727,-0.4233863133906599,-0.1836095596287925,0.3628745915811363,0.3571360643140853,0.0795826563569466,-0.3529433382449517,-0.2898706605693071,0.5530040965618085,-0.314765153735121,-0.2827610870661715,0.2477601342600716,0.0423158044023845,0.0433949047460334,0.0719005054117906,0.1451576971590584,0.0112610440218052,0.0695856792368508,0.1819577151643714,-0.1290149716458409,0.1690947372202902,-0.2683618906360883,0.3655347691973563,0.1529663450132439,-0.0801485628901511,0.0098435927680766,-0.0357786115564143,-0.1522946660121291,2.660745357500002
Mg,Mg0-1V4O5F7,V4O5F7,MgV4O5F7,mp-aaabqzyd,-1.6287183199461497,2.4462544830528805,-6.343412523048038,2.702430248127408,5.592541647190258,-1.6580831658617905,0.755754251162614,1.4800822679109786,-0.4238779356887835,2.303145861174217,-0.4769245949924339,1.2120775951383027,-2.067815008950071,-0.230730949317282,-3.6292142851095,-0.1849072525591535,0.3903164889626799,-0.6277432051131556,-0.2073279486911845,-0.2461263461510108,-0.9175089156142928,-1.1255532121683514,0.2522980491070161,-1.2771635553820757,0.5604109115106483,1.0402232930877275,-0.4211342285346489,0.68552856578691,0.4868253253499658,0.2116620193420449,0.5928232590215708,0.1560968063970924,0.2447159851143963,0.0223319510054696,-0.566067801003277,-0.2219439008726439,-0.1534100043328189,-0.0300371900328411,0.2859371710442632,0.1561745078529368,-0.1113740151110176,-0.3402425468542116,0.1604964212386613,0.1006626711986871,0.3842915085756636,0.0438297727389346,-0.0065627430513122,-0.4593525038157008,0.2474023131401034,-0.0612149085958938,-0.2083838191986181,0.3595455653306503,0.146435529596225,-0.0922774608407879,0.478755691717682,0.0969524806997986,-0.1421795622424928,-0.0725118032079941,0.2620123146809625,0.0370958930761795,0.0531411805766754,-0.0518352990441735,-0.1950203725784685,-0.2135169498785211,0.0146190637743275,-0.1651119528515897,-0.4430350390024475,0.0875944168125466,-0.0457004319458254,0.0858070701881192,-0.1274389878023069,0.0161340640047566,0.0208279927989237,-0.1155912351822753,-0.3092157928778193,0.1149478988172033,0.0028578681708422,-0.3145350455423757,-0.0784964414130596,0.1080978201791048,2.440691070000004
Li,Li0-2CoP2O7,CoP2O7,Li2CoP2O7,mp-aaacsuzk,-3.7366334459700417,2.1652093114226925,-3.3961963413120966,-0.5809622567737824,-4.69863634160628,0.0981044425684892,-1.5011488442791217,-1.9080896806883607,1.036718004134024,-2.3052020017501897,0.182397835356147,1.3290652937688516,0.802800986642558,-1.0340533046740443,0.2023548547327703,-0.866160807867757,-1.245330181251997,-0.4722042526362452,0.4978414147190708,-0.471778382730645,0.7902792961201223,0.4254852134617291,1.519333086639567,0.6712805589088993,0.8422350665061548,-0.8102688190536397,0.2584974403993585,0.1151276555606526,-0.0034848249478655,0.0932291015277073,0.0445441769611959,0.1143118502517558,0.0607842086054902,0.0745569784722412,-0.3134319807873334,0.0600066952771438,0.5349500753209658,-0.3256353885582736,-0.0521963307538148,0.0107405193279709,-0.3131640443289396,0.2331134921948798,0.2811215830364572,0.1850665560042242,0.4185237525071468,0.0682520747134427,-0.0681034756674821,-0.1223530725944804,-0.3079366154381037,-0.0374167183467826,-0.1473869352193197,0.0832756835825002,0.0390680949538535,-0.25033696862417,0.2612851919325917,0.2344993543365441,-0.1937340441343275,-0.3878455250438382,0.2939988375361417,0.0159752845223584,0.2035117456951199,0.0465114283699927,-0.4002528994141167,0.0204760473080557,0.1746594271097755,-0.1457485049428862,0.0716648652617123,-0.3283213937439388,0.2013918382728303,0.0915415721602314,0.1677436801231596,-0.1348280076432255,0.2429305506621616,0.1266848184131373,0.0689468842809801,0.2544042794889234,-0.0904769391601132,-0.147321599688406,0.2841390195195736,0.1701144421398035,4.672090509583339
Mg,Mg0-0.25VO2,VO2,MgV4O8,mp-aaaborpw,-1.311212939714849,-1.4154941180472564,-5.238767803341327,1.0451753021608028,5.221533916674511,-0.6086905096648407,0.8728933737382529,1.6981093676412011,0.2090884312859283,0.1984176833072486,-3.2314905805452323,0.4277230959773395,0.3127297855278761,0.2898084268427033,0.0058836005423132,-0.2986553516387747,0.2737648620853331,-1.234737412420185,-1.862912089350557,0.0999183866585122,-0.4005399596150936,-0.4702303585647484,1.7278824963635422,0.105421269187581,0.2407138012579271,-1.285051395957635,-0.1270158984562302,0.8413371390712931,-0.2872044451745776,-0.1540283496286698,-0.1966997695950346,0.1988183160961517,0.1505922906469363,0.3861510604064929,-0.5312206165452829,-0.1175024004915801,-0.2880099689859514,0.3949540456534848,0.3257446534430986,0.174890026272513,0.1891757421179251,0.0187632080947181,0.5187612678857246,-0.1230276091851614,0.5121389304528955,-0.0605609912815447,-0.1976999147739431,-0.1606805028133852,0.3217306105386893,-0.0046347028719492,-0.0810244725847655,0.2511792916850632,-0.0919964698791048,-0.3322126890752085,0.2456452870543077,-0.0395221202393123,0.2379629436825568,0.3486092488588658,0.2691386428930981,0.2774758194660767,0.1004839536844353,-0.1550113018793043,-0.0249971921796076,-0.2999232461450258,0.2312061034481576,-0.1141742780607271,-0.0157634317240547,-0.0034093055494215,0.0887043905783487,0.0147362858349497,0.0920424472413772,0.0703570670180808,-0.0076861854918838,-0.024742792229914,-0.0752313362003872,0.2055440065403185,-0.0162218014064506,-0.1635197883549192,-0.0038166978129765,0.1571176269413333,2.067099594999999
Mg,Mg0-0.5CoPO4,CoPO4,MgCo2(PO4)2,mp-aaaaboag,-1.3384712681090378,-1.3353530494356216,-5.356105929172201,1.611687854943849,-0.5235206816424441,3.1376035302338394,0.733968728987993,-0.4054299736814962,-0.001915828635167,-3.313991128897646,0.1834319316862432,1.2214624779090208,-0.4409700612821607,-1.363615224001819,0.0981151204978596,-1.1082602219008415,-0.7331523523230481,-2.106673697969429,-0.0059948016908518,-0.2151545501056015,0.0085138388116891,-1.03372495012138,0.1165655072352204,-1.456890863388726,0.5274237999996414,0.635449591303592,2.096283602594626,-0.2701990804202158,-0.8596571769687834,-0.7322901405563451,-0.9149075795877878,0.0440875773161325,0.7413307507715127,0.505715578309833,-0.224721364455329,0.0732250212097502,0.6936628264461554,-0.8218960290945336,-0.1847893140457832,0.101349625077948,-0.2683390131493641,0.3682494650399692,-0.5470750187898815,-0.0141386788349304,-0.3184548735022642,-0.0173097583378987,-0.1816995987970774,-0.0813852713857339,0.2276328754060618,0.3031945000099797,-0.2898030666042515,0.5559145604431343,-0.2426249388213009,-0.1578423007724991,-0.4000726235515895,-0.1757031281670684,0.3801422595719775,-0.0419818954540877,-0.2646406614422719,0.3180516472135108,0.0350289329331379,0.318695522724548,-0.1997812513006175,-0.0640940536689708,0.0927965583935966,0.0269689485430669,0.1577381124823108,-0.119359741790646,-0.176005184884167,-0.1053769030577492,0.4871618453594472,-0.0464526038809052,-0.0212213082439028,-0.164547315673907,0.285921311917184,-0.4654857733190964,-0.201343687074602,-0.1974944964905696,0.0372777934432944,0.2192974990463475,2.463848355
Li,Li7-8FeO5F,Li7FeO5F,Li8FeO5F,mp-aaabqyae,-5.740775143654155,6.377190609154821,7.123576558086026,-4.328632255955971,3.4086999521724093,-0.4668822977247557,-3.482498492994234,-2.394051229619381,-3.161960317395001,3.6816697902252735,1.9017360098111489,2.1934083252490195,-0.5268271246758486,-1.2291672793266075,1.2319528644253763,-1.7268644362698202,-0.3373434389403448,-3.1593528381937093,2.181789509672148,1.91323991007809,1.0819124270847975,-2.406699894279969,0.7251884258394123,0.6131801807951544,0.6208252584994197,1.7727790479190526,0.4881530753638077,-1.4137448825359047,0.6980858949877274,1.420937242970772,2.021069160544261,0.149977883563353,-0.9847236484261572,-0.521059481513584,-1.47185707759897,-0.0512074991922007,0.7831979346554073,0.6202444370290982,-0.4579492483394343,0.431920348211748,0.5678256067370984,-2.008479773065611,1.7159606316015106,-1.641003350698751,-0.5741168630869637,-0.953431945528744,1.4990024758207428,-0.8472551463912773,0.7579294534614037,0.189965744248527,1.4395093080290386,-0.1603833334783624,0.1446508045203597,-0.1779489199073169,-0.0152824898376138,-0.3500029395453551,0.4072285261849798,-0.8369148467802935,0.3390073185355223,-0.8183935484718756,-0.6887391149428935,-1.1607494266089715,0.015429320387266,0.4062857730954985,-1.3656254580629554,0.450110180105306,-0.3383531661430351,0.3365807927530183,0.5276335985586013,-0.3756535863628349,0.1780645848179089,0.1963461719575957,0.4044354513506167,-0.2891101452438839,-0.0332381787590533,0.0756337563508012,0.3519020950853274,0.3261864369784501,-0.1760015368806917,-0.1987901323877844,2.987245803333327
Mg,Mg0-1Dy2V2O7,Dy2V2O7,Dy2MgV2O7,mp-aaabspqc,4.098224809031749,-2.103710587090289,3.348145386919456,4.938315258865243,2.574793773092454,-0.5389383531054058,-1.0817624410389914,3.42056582216946,-0.5471645447256577,2.0011369946106345,-3.483687774273383,1.9933825773827152,2.7351884942380327,-0.4689972270127819,-0.4517150521883906,-0.0917387209465568,0.8440143620031051,-0.6186289192041758,-0.241921790788029,1.1546469995184516,-0.3795767401157282,1.1387427074079632,0.996388481893438,0.6315320982656153,2.3567410808761755,-1.8857364271171584,0.8230290011991162,0.6507278897127367,-0.1987921627598752,-0.4324623105687312,0.2027947427007432,1.1330414704125715,-0.6918148600637098,0.9645513999961683,-0.8994290731071737,-0.156803159650259,-0.0124290059407766,-0.6285088913978314,0.693161044565223,0.6626040110996734,-0.50633017635767,-0.1949411401041452,0.537496230553315,-0.3033464754196704,-0.4070313653523207,-0.6312798535158007,-0.9489867321997872,-0.1577574823183709,-0.0526630106070046,-0.0181795924984497,-0.3750532302968336,0.178154171047817,0.2346275043217469,-0.8975072496696189,0.0804798159617995,0.1368675437012901,-0.372708664960333,-0.097322633888538,0.8666680236139253,-0.0378465568342189,-0.2873081959297482,-0.1949417735608763,0.1847799460279216,-0.1673736384010798,-0.1037636660014155,-0.5152654217580565,-0.1349466306689273,0.1572298370783165,0.0289156553607244,-0.0121161405945128,-0.1923355380789869,-0.2480340971819937,-0.3655873123154706,-0.1574373962546423,-0.2818591644631711,0.3521563066688371,-0.0876391224342061,-0.2792808817638948,0.2127150109461377,-0.0497210863686919,1.070840325000003
Li,Li0-4V2Cr3Sb3O16,V2Cr3Sb3O16,Li4V2Cr3Sb3O16,mp-aaabryfv,3.275883726767723,2.161550135027346,0.2390838774557756,-1.414812586625393,-2.6965376104586283,-1.0849975454597711,-1.4907069240674438,1.0510566966981358,-2.354841797085565,-0.2535208205208394,-0.5021800954175413,-0.079250010227421,1.7590739512176532,2.343952073657909,-0.563069960579041,2.763325868843822,1.7271462083038462,1.1903368300674713,-1.1623156891095696,-1.693043653887846,0.0951140746101632,0.292622917782681,0.7788600796196068,2.398355327563704,-0.5027882178147234,-0.1761018157888253,0.0124626410566293,-0.4734485070298001,0.5005640670180548,-0.0517832358699118,-0.0777854613762635,-0.0824781921734234,-0.5879983408200511,0.2577374684526357,0.0275296935688913,-0.2517030215929336,0.5072475642300107,0.6140269782664962,-0.1971637164693734,0.4391951575956668,-0.2774165677994953,0.1464024522330359,0.4715347454395842,0.3352676700705689,-0.7121084000712781,0.0873935682992328,0.5244152131116815,-0.7639317951268685,-0.0242363969749732,-0.2394949695686912,-0.4470228886467405,0.2816322791441872,0.1606078441275371,0.1313942115341415,-0.0800316344374829,-0.3261555521380811,-0.3454937283969121,0.4043520732176671,-0.4353285640801429,-0.5543269328382721,-0.1943579848166719,0.5584871951445209,-0.0692958400554299,0.245647048141468,-0.0574520736795848,0.2795596044248253,0.127369310607922,0.096125909808901,-0.0924682648500468,-0.0719637038191349,0.168047300181682,0.0595449362762601,0.0185476389946325,0.1356315433512442,0.0833202204551886,0.309230546686437,0.0171915541864043,-0.0864726386741392,-0.0135657463561907,-0.2299264375542782,2.776187298333331
Li,Li0-2VPHO5,VPHO5,Li2VPHO5,mp-aaackqzt,-3.594934866222786,5.833013498379453,-2.104740838050022,-0.1944411025979088,-1.376043068478192,-1.1219298308828212,-1.6128345976741674,0.0493588024069436,1.023435540925424,-0.1853213580553228,-3.489749158825299,1.92382376626057,1.5365262675894436,-0.9451907496995288,0.6593058294072467,-0.4993164216475045,1.063422174887254,0.9948004650135944,-0.6992800473217816,0.7999872956627897,2.1454987839168336,-0.001749212954521,0.6697546691350854,0.034925976431749,1.603921785660592,1.9219599381010208,0.2583295012687858,1.771999248632128,0.3656602556926602,0.6629839615020552,1.6518875056848776,0.4588521643577334,-1.2297911528839034,0.7115133638457104,-0.4537523830953087,-0.368812694474078,0.2687498598781465,-1.2975584031254814,0.2848889423848777,-0.1532349094569128,-0.4110570704044015,0.1627575504676397,-1.19790439582675,0.1559017591574927,0.3977176328665131,1.6451131727875965,0.7705099733065599,0.0551297684148007,1.383198077001648,-0.2302434558442122,0.1739190705532238,-0.6523720509720556,-0.3676072983279981,0.8777056699348907,0.0145384525713762,-0.4223000745214275,-0.6043542333450141,0.2750258801285294,1.387136310587115,-0.601134054654246,0.2588096097342888,-0.0130491503852468,-0.1458240756050018,0.5052319137635151,0.4897294744567664,-0.376753341657116,-0.0484989224864212,-0.0692701271784387,0.3410577046880033,-0.3583565849043973,0.5194142722591796,0.2590544398550795,0.1021616648715917,0.3479471113520593,0.1870936392480708,-0.1025891417956618,0.1967904727036436,-0.3706151205190607,-0.1370740153561656,0.4296081733214806,2.479366997083336
Mg,Mg0-0.5TiCoO3,TiCoO3,MgTi2(CoO3)2,mp-aaaabctc,0.4499275283275629,-1.842296506745097,-3.2119136527148977,-0.2197483806163421,4.207188623990705,0.7400023584476626,0.7446378356574422,0.0833714985908986,-0.5718873358516456,-0.3108877796582546,-1.0653037605358329,0.7667506868961453,0.5173257306542214,0.0366569749350001,0.8106843935118835,-0.2948734856922669,-0.3571284533600433,-2.1632441691387414,-1.1708988359275352,-1.0752115273113525,1.4111082506471964,-1.0723030964953078,-1.251424869645935,-1.2058442135299785,-0.281538428630172,-1.4966874817879334,0.4210557633812996,0.6613995370593261,-0.4611189544743794,-0.412852071132588,0.4439092635280844,0.2225477683085975,-0.2632247438183469,-0.7359587851967735,-0.8815533389329498,-0.8283106181325672,-0.9010477108835168,-0.0924907015743468,0.1113242500059289,0.4646233551201278,0.3909052438340852,0.2126441094634087,0.0971791886423358,-0.2358215381063195,0.4081848656091603,0.031976856183683,-0.1451892296213623,0.3611475222447377,0.0073837268394508,-0.7418069665362187,0.1749209196483,0.4818916486755327,-0.1956325841203139,-0.0558360228211386,0.657937376322597,-0.1578284231243479,-0.1344929523051691,0.2121471729977264,-0.106370971671421,-0.3037254804160225,-0.0995798571312597,0.0878352617303567,-0.0429938768924787,0.0256665682179475,0.3183978693325483,-0.1502229181663172,0.2933589893073014,-0.2433875667420749,0.1604662777472966,0.1127340150850928,-0.0495458062376083,-0.0809264834478656,0.1505850832891345,-0.0383351331088624,-0.0332006060493772,0.1910820617077948,0.0214010497794086,0.0759169195289233,-0.080116391867666,0.1435927947053656,0.4227429175
Ca,Ca0-1TiS2,TiS2,CaTiS2,mp-aaaaadey,-6.460052803912217,-10.262796647295833,1.3267384075510396,-7.347941482881668,-1.6633908761837126,0.5989590438018066,9.930341917106151,1.0785360279131246,1.474956217577664,4.879541411202457,-2.4557568925896267,0.4628917234649398,1.5620312962176337,1.1823159034102206,-0.7984183561619067,1.2708223943409052,1.2138716283543172,-1.5302528802480393,1.5663475013624824,1.4814329098942831,2.116779717613602,1.4205366339385124,1.1230650531205402,-1.4818026638978024,-0.5089464790059691,-0.5405318595557316,-0.4948642131000297,-0.736090572388757,-0.0166049611659295,-0.5159665801604445,1.0346321651016817,-0.1116230786108865,0.046510041395188,-2.2594608824034084,-1.2482253062039748,0.087245356257092,-0.0608304605418971,0.6540894272880069,0.7680332158941661,-1.7014456361627788,-0.373076983117959,-0.4794812970832672,-0.3227509614802292,0.2605043236827526,0.7341466232648874,0.3051907291851292,0.2691613012200092,-0.5429055258525882,-0.1387114644733885,0.0046904171164726,-0.6413918194180148,-0.2687371696345579,-0.0168934564309957,0.2073862466346059,0.3524314304149168,-0.025148150726374,-0.532005159760547,0.4440446634416228,0.1722694834617562,-0.7568436052059966,0.5632141167787722,0.3407662928967866,0.7713331275251595,0.0651018342275756,-0.2333715064986444,0.2418511247214456,-0.1439916228277296,-0.0093258659527767,0.0396907391020848,0.375129869308538,-0.6086067829216278,0.198825620785398,-0.0969337886374581,-0.1295743362850968,0.2469212180255478,-0.1387986328066455,0.1588572960270171,-0.3272295009936511,-0.1757995145964099,-0.1824869761689994,1.16891634
Li,Li0.5-0.88MnBO3,LiMn2(BO3)2,Li7Mn8(BO3)8,mp-aaabsikl,0.205642598220576,7.603650515404192,2.9720296091626563,-9.5442995065507,2.757143794009288,2.650203576344325,-2.920566197030517,15.632113401877286,9.67621429838028,-1.1070557616938506,5.702837967891888,-2.7914586798766274,0.093195470861181,-10.141790624573373,0.4056659877057141,5.671378623695232,-0.5907475128409975,-1.813207559126618,-0.3801348843161009,-1.9003807007249387,0.1638353306959724,-0.3123694920712951,0.2213078148433334,-0.2065240489054744,-0.4176739854163764,1.086409894867386,-0.4285615938755751,-0.1602095646711345,0.1781061259742962,0.386247368531329,0.5736542288544949,0.1063414572188948,-0.5570276568685141,-0.0836194263263339,0.1508565598161383,-0.0232900930167312,-0.5620940690878804,0.108185266700369,0.2552393304514712,-0.246717863129517,-0.1415323806156374,0.5066519069996337,-0.2049548999782806,-0.0895304076134751,0.1828751582383977,-0.4275203328025393,-0.1830220810227764,0.4673605029888653,-0.3411140802850406,-0.1733056097682971,-0.0332633380352195,-0.2261205766107308,-0.0312838159019042,0.0508329703532351,0.0340612577870875,-0.0787899764732294,0.2222774914902603,-0.1522688325130387,-0.1817131876541294,-0.0733477460232965,0.1475667914428274,0.166829721387395,-0.0029518595773207,0.0336727245265018,-0.0811505307943423,0.0642729466367874,0.1392801335288221,0.1439415706730237,-0.151122918364832,0.0436265954671616,-0.1701454048768368,0.0727032271700498,0.1057250062128374,-0.0526544373527598,-0.0588876165591708,-0.0583104515508496,0.1505871165021317,-0.1470608695988094,-0.1213895549255846,-0.0584801240592657,3.369401980000006
Li,Li0-2V(CO3)2,V(CO3)2,Li2V(CO3)2,mp-aaabrjph,-1.5911681417707328,3.367031065716934,-1.962502141535169,-4.064650913995448,-0.1583156989585999,1.0162828002272248,-0.9651219566282654,-0.6020468729858934,3.049780827458676,-0.3208703850485229,-5.60795823397091,-3.3628844066113945,0.5906636653120024,0.0226461843411807,-1.457788194514906,-2.0554118056719344,0.6941903047313661,2.3609106584164925,1.1041626638683062,-2.5935649253638564,1.323767833959974,-1.1069672891080944,1.0951244078357467,2.265558855406986,0.6519143361250609,-0.8696631742970136,-0.2322804514386136,-0.3419706154253562,1.4140615248193418,-1.5691171479060737,-0.9765664608163964,0.2633036310798258,0.5772658451728212,-1.354606478700468,0.1105357983550578,1.080409286325209,0.9286002899663468,0.3585398697813389,-0.0700018768391516,0.2429513822443251,-1.9225589097758549,1.1710959342823628,-1.325861236414366,-0.191061076090776,0.2987803620113402,-0.4733543111475705,1.1241555313937408,-0.4187166819273701,-0.8396004479739536,0.3182332276415964,-0.1965722344347254,0.371472450803427,-0.0433175073613312,-0.2001285096466074,-0.4400100726968012,0.3048409844874448,-0.2143610806391098,0.5198280620917426,0.3882033435253062,-0.4971665578737493,-0.3498170235183764,-0.6576052293572734,0.1224175042811215,0.1132170463191619,0.0795482925142296,1.0283930866162097,0.236467289822316,-0.0150305296586321,0.2243152140745319,0.4707019788866515,-0.1455551965090482,-0.1502004548341459,-0.2309039575718691,0.6408157376502824,0.0442746152584779,0.1851637824850867,-0.3559322059579149,-0.3939900844400222,0.0146074793157818,0.2281268556193481,2.909366055833335
Li,Li0-9Mn15O32,Mn15O32,Li9Mn15O32,mp-aaabxjzn,-5.4824448952329865,2.083257755848656,-2.9090981146105097,1.141837418661764,-1.238277569401992,-3.434334014145402,-0.1709012880252651,1.4553921972304698,-1.2875090492993464,1.1789818382802684,2.502028689907662,-2.548305794606144,2.2195890559158133,0.0055724070015612,1.941286630133641,-1.6091850279486035,0.7537483180656254,0.3309733997754306,-1.2694121304204842,0.5062162956806987,-0.122278761064969,1.2863851879025314,1.3490738764747667,0.9317860597953976,0.4619824258070089,-0.765812862006955,-0.4865965200815044,0.945980871454916,-0.0334414981255515,-0.2967075144123259,-0.543165326252791,-0.1773310216026968,0.289848227884619,-0.1804307198140884,0.0080883034811782,-0.0477839061134061,-0.4533778007151364,0.9122740930898514,0.1249664443087549,0.7374196281174251,-0.6158276021799017,0.5042985821684037,0.6796918683173944,0.3296813534259613,-0.0828494805140385,-0.0478610581354996,-0.1039396900970883,0.0108875883690031,0.6668812243795329,-0.1203391757012159,0.0259947157637703,0.0620299285007368,-0.0476047733503393,0.0155462134533845,-0.416037976274951,-0.0007570907814683,-0.062892110082115,0.0049892583229015,-0.4343504648858144,0.0733782200571902,0.0547442138500122,0.2089072480943244,-0.4202323723797395,-0.3545085582340091,0.0728687425788981,-0.1815790250459414,0.0965755308716339,0.2400725465820782,0.0042705096190394,0.3069720165561805,-0.2956320134549535,0.1465259674021963,0.0638638881926044,0.1835308079429086,-0.0370283428410408,-0.1864297797486951,-0.0331486914165575,0.1615992400847724,0.0261900395362733,0.0072247859108965,4.32901753111111
Li,Li1-4Fe3(OF3)2,LiFe3(OF3)2,Li4Fe3(OF3)2,mp-aaabrawn,-2.3409744156377195,7.219588700848837,2.5333740201618333,-2.257332508046458,1.5390792566555282,-1.1650943347313152,-2.157177829431927,-1.5863727211612424,-2.588174759731793,3.5005564731594183,3.0402541895459056,0.9833584612694768,-1.0767242148848517,-0.260746233177499,-1.1840277918716613,-0.8627202793073008,-0.4900085548993343,-1.8879748417044435,2.27221097537656,-1.6751329053910493,-0.4833172127431122,-0.1911955938448897,-0.6142419217793951,0.1482890532407081,-0.3604968612689628,1.3410189808964743,-0.0991776809212082,0.1661910600698863,0.2369076083188176,0.6087493682320316,0.6543975606886278,0.2777980516855445,-0.4537003790423585,-0.0318563734722951,-0.1792524548936792,-0.3146245292213174,-0.7623726810593414,-0.8012701408271645,0.7497729614231624,-1.3952891037098183,-0.2070919383289252,0.7610800067107222,-1.288190736785575,0.4109521121643357,-0.3593781915127564,-0.167246310336605,-0.6566574069497464,0.259289061723076,-0.1322702995208404,0.1967581641814191,-0.5336177660956539,0.094258476221277,0.1103870424450116,0.4074917818308935,0.2842514467396428,-0.1837658325600655,-0.3991337419426305,0.0214603902259996,-0.1230766112544138,0.0470900713749637,0.2658567695240572,0.1454062141859001,-0.09601357483787,-0.0038417455690414,0.350780613720221,0.2355187539077723,0.1030149554287116,0.1200664795531735,0.0924058894585176,0.1541117489221209,-0.1558704729963019,-0.1906387666369258,0.1684278256198939,-0.0895788047008664,0.1138896900238122,0.0498786342527836,0.1070665842683273,0.1897768663306555,-0.1211500068150389,-0.2518056606812679,3.149515881666667
Li,Li4-1Ti2Fe3Ni3O16,Li4Ti2Fe3Ni3O16,Li10Ti2Fe3Ni3O16,mp-aaabrpdw,-1.2350758342407209,4.195051224475474,4.171758856622452,-4.864226342291796,1.2447343163896698,0.2942623652856986,-2.2705158201284887,-1.0758415131151806,-2.1525068317307885,1.230138809011588,0.160583722444095,0.6945828145168713,0.4434370195123262,0.2628558493118758,1.2769658086361062,-0.3183455214632532,-0.3242707812409255,-1.730171691718895,0.1994411872104674,-0.2917312817521605,0.0840936220218701,-0.1910452174630887,0.8408996984610658,1.429459381887867,-0.2195879852771518,-0.8900255554015146,0.0074467375316262,0.1643018359943524,-0.4266619252751176,-0.0268756282822086,-0.3899530763259939,0.0866833970312457,-0.0922377146737465,0.0657388318935359,-0.1058335480259858,-0.2880941038362682,0.0067636543869733,-0.4042386137341581,0.3226371481766577,-1.0181039550557651,0.3801871625276579,-0.0142690946686603,-0.3313322645660821,0.0746514314499656,0.0522629105433112,-0.0081481381924555,-0.3254047644275927,0.3127458240502473,-0.0278407727543991,0.1404486185378101,0.1542585967586135,0.2518342677249025,-0.151771246546041,-0.0649830233461036,0.494574990988583,-0.0404590641228476,-0.0642268552420256,0.0014286676269956,-0.1610348146530577,0.0267061047443473,-0.2368772093619026,-0.1141878546399265,0.1532564090932046,0.2661886818262897,-0.4916541769833009,-0.1105811162951709,0.2191464304162935,0.0653726353848858,0.0712319856660312,0.0563276058328282,0.0789099261993498,0.1026021161569006,0.0645331356371978,-0.0266522324925652,0.214753063217767,0.1597447543665841,-0.018212434983326,0.0370133689248364,-0.177500397618739,-0.0350653783513882,3.699384154999998
Li,Li3-4Fe3WO8,Li3Fe3WO8,Li4Fe3WO8,mp-aaacpaek,14.372160900814364,4.058023355048915,7.191730107051686,-7.011418090970218,-2.9141096548503254,1.9477920495642496,-4.43953724818067,-1.2598455939473467,-3.298770339693045,1.6297335419153527,1.0521597934080558,0.7802595731548627,-2.4465267080289563,1.2811930473415611,0.2561359583933331,-0.6065467393193216,1.4956047994364052,-1.303500661742533,-1.14585742169699,0.4812695585575535,1.2586793082220495,-0.9535527933940274,1.1581650642271974,0.6588853436008526,1.443965449727489,-0.4153621301570473,-0.2637287933430105,-0.6146963347359102,-1.3201781549475302,0.1679606568547718,0.1949760919079139,0.3387255109824212,0.0714283088619653,-0.1029442768037615,-0.2846519212687056,0.5539679760738917,-0.4072925963437798,0.8162295944026137,-0.7831110985872575,-0.3148437160823423,0.5580511631078996,-1.4337104773000209,1.2663941895975503,0.0689695320017541,0.5916690089175738,-1.2829416359741923,0.5402265336532157,-0.951596693395961,-0.2535650623822599,-0.1141476312085813,0.3027043377136182,0.4956656191839646,-0.868342608822678,0.0856453674137294,-0.4526975905811503,-0.1944455998041597,-0.4608924293483665,-1.1448212158183035,0.2763298054104781,0.7533348097020981,0.3429664999252647,0.0346474892357549,0.1049376824762998,-0.1364002704225146,0.3401422133746289,0.315475546246337,0.4794201677096795,0.9705452892589616,-0.265747074309009,-0.2125441314848656,-0.5668727637683884,0.3815205157957685,0.4296233132439379,0.6755482321274378,1.1544860721887702,0.1183639253950607,-0.1588499070247153,-0.5848799198073815,-0.354914350033892,-0.3822350600657654,2.658499533333331
Li,Li3-5Mn(CO3)4,Li3Mn(CO3)4,Li5Mn(CO3)4,mp-aaabrega,-3.3027852804177145,5.956954579972061,3.286997659723188,-4.297090922943407,1.7151079944376306,2.7804635363770664,-1.5567439019562035,0.4996805216069293,0.0849258536127061,1.3886486440023424,-3.9203577522461326,-5.688735536915457,-1.0454010142062384,-0.5381311231559109,-1.018204784452622,-3.7541353751738296,1.287959333705207,1.975173856859334,1.1699894212535231,-0.0178350421872228,0.518229268241081,-0.7637414034488892,0.7885248047945217,0.8337853463962027,-0.106057717029595,-1.3791578361495067,-0.3567207315982115,-1.7125330716344236,1.3884955004032749,-0.7888470039352798,-0.6493294359032383,0.4753486114343163,0.0761111226537086,-0.359652896293454,-0.137141908185905,1.1525847026606122,0.1931400624833139,0.7927139185158364,0.4724488206049822,0.4966421225557699,0.2126872407168533,0.7346529378455072,-1.05870386214888,-0.4447505132840267,0.0776385381977377,-1.701571922198312,-0.2785101802332253,0.6744349784807324,-0.4169257354807527,-0.753132505185692,0.6027220463456823,-0.3548565248216571,0.1643523246205443,-0.5203109923883106,-0.4440778379591788,-0.08146916669726,0.2806561368654252,-0.024339101676802,0.294862539293444,-0.2496094121961325,-0.6211895756706861,-0.6795216717999881,-0.0127187252700753,-0.0759410956932978,-0.8377100676138612,0.2322128947704428,0.1809889622436863,-0.0233239029665943,-0.0280209878985802,0.0032262921798527,0.2277550712567419,0.1165934680457682,-0.1188936051168597,0.0935926078166788,0.4321170241806239,0.1493429850454232,-0.0359870687288038,-0.5269683065788624,-0.257827307654124,0.3374362247783457,4.325464949583339
Mg,Mg0-0.5FeNiO3,FeNiO3,MgFe2(NiO3)2,mp-aaacukga,0.1312361537292325,-3.058071242358438,-5.245237770205708,1.6314148890648408,3.5609384686656065,0.2982333739985896,1.056607694714498,-0.5800040163421301,-0.4520587780277695,0.0909904627945572,1.3603660542379197,-0.3598276242915197,0.2096319893125202,-0.004972850078986,2.101758334962066,-1.1482378143894536,-0.3821772556427642,-1.5337648786110982,-0.9628834055118616,-1.9271564581942628,0.5174075829250712,-1.357778744418637,-0.91935230081498,-1.5171510719893295,-1.0386120324529966,-1.5242722816482284,0.0573864306811424,-0.5760294724561276,0.3400202264445626,-0.4211625919471153,1.0720546838832703,0.3469704375707252,-0.5876084507346445,-1.001044004305692,-0.2386631965125939,-0.1239464109542435,-0.0844445744794949,-0.1720717710961533,-0.5031981867451105,-0.1071968892253226,0.4632790446975076,0.1338074167498513,0.1648654801099386,-0.1060292697634873,0.4294585955381081,-0.077359443415376,-0.3562658974681159,0.324857142914999,-0.2557558862834003,0.1171388779724961,0.0821925187111587,0.1554184713589352,-0.315008152581736,-0.0782782025510207,0.277708606533914,0.1154372653645499,0.0812645390458411,0.419553541553419,0.1668268991994212,0.2878975173724739,-0.100176045886679,-0.3250353336211514,0.4087397282798515,0.0561207701154785,0.0015483006751799,-0.1648506794294948,0.0713100613726901,0.0186900803358444,0.2987382651756678,-0.225095194123848,0.0663665638088492,-0.0324766636224899,-0.0364507716422143,0.0117760668360051,0.0819610045422146,0.0352817388157134,0.0127544625580586,0.1222704878323305,-0.2307681026542544,0.1363143126590501,2.54282932
Mg,Mg0-1Mn(CoO3)2,Mn(CoO3)2,MgMn(CoO3)2,mp-aaabrkuj,-0.1705712286503579,-1.0580424931437569,-4.842092567394956,1.1756404193986238,2.420202481684308,1.1400064692333445,0.914361361620787,0.7629324760783137,-1.5794321368529645,-0.8611264875287302,1.9584228031385824,-1.674511817341982,0.1230106071859383,-0.0133668929037614,0.8950636553650149,-0.6572920431031474,0.2820634492217954,-0.3036409305311876,-0.8601591216391817,-0.0553138117977322,-0.946858788643819,-0.6661215473177753,1.7993648960502635,-0.3053734237020892,0.1959161796241063,-1.317756415461728,-0.1082449027636936,-0.0672710416986695,-0.0378423723939571,-0.0319506883060969,0.2775156850175448,0.1564886077492256,0.0723719319786282,0.3253030443368032,-0.035666820290672,0.1668673632551803,0.5073061954474571,-0.7525030776432493,-0.4576030946159618,-0.314745695541281,0.2756207734772231,0.284597119477795,0.2344558481424098,-0.1756235679183751,0.1820442714448141,0.4300427287197599,-0.3918298709179197,-0.0527945726494914,-0.1785739828813868,0.6549683426611143,-0.0851009502712829,-0.1748421479589993,-0.2419830581668097,0.0439362465289922,0.1108450315331478,0.4371620119503807,0.1074766885295844,0.9532068579965964,0.0476455552161471,0.0558237519700297,0.0315443053228746,-0.2440141676133436,0.3721898211267703,-0.2626647374737675,-0.31277259605908,-0.0434633134767133,0.2121004676421496,-0.436385936756663,0.1026638938081255,-0.3760624029809447,0.0173889883195133,0.1324389982032963,-0.0317820646076621,0.0196033200665271,-0.0221428595576716,0.296358336402076,0.1328371404275658,-0.0235496534011962,-0.0960917410675089,-0.0485306635983244,2.399382120000003
Zn,Zn0-1TiV(PO4)3,TiV(PO4)3,TiVZn(PO4)3,mp-aaachkud,-2.779787033585229,-1.0104395606568182,-5.227619675960085,1.9396618828011736,1.3696602464044152,3.7661283702781807,0.9457151957049732,2.891846564761272,-1.3348653495826155,-3.0207546507121306,-3.258721068994241,1.635103693233509,-2.243466206090491,-0.4296107166010352,-0.912398225680664,-0.0744721361214667,-1.8461207791304253,0.0093805625172945,-0.183414689815592,1.2214568360893856,2.374241294571334,-0.1250211557710141,-1.910332043419405,-1.330806751439917,1.344202953468281,-1.1717167739989456,-0.259804301777931,0.8210131526755842,-0.6103832466751431,-0.8875031766747099,0.6993177543066387,0.1573737583355801,-0.405011539105594,-0.9733415337312012,0.8659654328939225,-0.5804763639831985,-0.0066088922142108,-0.7771257164152958,0.7068984013363881,0.4307826789052408,0.2653677937190803,0.1926437444819655,-0.0680771103441074,0.6361716061953469,-0.5589362037318323,1.081393130445934,-0.2831968381480133,-0.8001727699058981,0.7490557891187808,-0.0566186864862278,0.6419086339664822,0.4305168206938219,0.0746601878058331,-0.9689052194095832,-1.7811938506717422,0.2899444020429596,0.0929855515428499,0.2788194807675323,-0.7719943329908958,-0.0346985218279802,-1.6848569976092973,0.8908362016229927,0.3122035314799333,1.004202563310482,0.3774720440975898,-0.0357701260827773,-0.1384744248473386,1.0146340362219994,0.5981011784490037,-0.3685868632074096,-0.3501197513494034,-0.2561527280286307,-0.1019231074671069,0.3412765217926488,-0.1512217581950652,0.1622529891943655,0.1329638233396936,0.3093154753400269,-0.2435419491799292,-0.1050969190709812,1.050007147500004
Mg,Mg0-1FeAgS2,FeAgS2,MgFeAgS2,mp-aaackktd,-0.3382579748286692,-13.795729634811638,2.8775048586361245,-4.691855969842098,-1.5522756780968738,7.736980349710175,6.235943164918799,-3.262174704898637,1.7272298353987483,6.006582902774735,4.290309496922125,-0.279369445054094,1.1744623838621897,0.3825734725231009,-1.7679934477934467,0.7327242240955233,0.8511860093087866,0.0481995194623419,-0.9332297544799568,-0.2749638642140243,0.2843450762853233,-0.6453242782711015,-0.424201637118377,0.002678833451295,0.97356973134283,-1.0698506392960987,1.3343292608426762,-1.219461396168005,0.4811147595257665,-0.0529897495040239,1.0063585197432292,0.5693175866552144,-0.8118387159330035,-1.0398834323836978,-1.3396376645629142,-1.0245639651116685,-1.6676525080907083,-1.254359464516741,-0.0277920711375762,-0.1313716065524386,-0.0223113417940668,1.0196998028781274,-0.0790373257817153,0.4116107872434755,-0.5337415789103597,0.0102289895765326,-0.33327986258244,0.0948240681276678,1.1962412805358276,-0.9527139138908052,-0.4739918681543252,-0.2949373967331305,0.7843806394987568,0.5986885716419785,-0.4817202448361088,-0.2971165937252928,0.1010405161759051,-0.5833161943826355,0.1765016885449039,0.862328757739992,-0.0523139919257573,0.0462689045803211,-0.1394578994857781,-0.0743829027664226,0.6944622151220053,-0.2404610900766335,-0.27048793052625,0.2507076857649892,-0.5004209956710004,0.2699424798055098,0.2321382616575324,-0.6977697033456125,-0.0405761174925848,-0.2764702801436485,0.1794927971251961,-0.0365568425748895,-0.8925807650625481,0.0692562255068686,0.1436226031074749,-0.0508528448121079,0.439064385000001
Li,Li0-1K2CoF6,K2CoF6,K2LiCoF6,mp-aaacqrip,-1.1460880033065122,7.304500286002435,7.445856598021058,1.0050194541533306,2.294081401608499,-5.881609121177124,5.301904676863635,-3.079397937299043,-0.4107174721803522,-2.325044089329155,3.626132823619464,4.094328604262404,-3.0162994618961805,-1.4986847691437224,-0.6441533970337043,-1.0344610009518138,-2.3665890690779587,1.397321746786102,-1.3463548901844735,-3.3839909177544825,2.8978229682898933,-1.8232449377068536,0.2964597185813188,-0.357240985906442,-0.6153424137423711,0.3363719075705933,-0.4633760646512119,1.0663544145200676,-1.781307816363969,0.312668408066951,-0.7129168775346711,-0.2538804073395764,0.3516648050958142,0.8754644825950685,-0.7063354535078663,0.362072146095542,-0.3040262666444748,0.5359439574367979,-0.8166059961550463,-0.4048830742735901,-1.9819786543145652,-0.924849030343516,0.4571462038068222,0.3580861311834146,-2.1296929691942985,-0.1349987534526185,1.1200105532793745,1.4552049221814285,-0.1607559375105546,-0.5839476522185545,0.1683171678957021,0.8083672563617663,-0.1301725276043469,-0.058171353270183,0.0051428449064763,0.574425850518197,-0.4429865473296108,0.3187601032699789,-0.6483522356953325,-0.3468419434550636,-0.2638345760807333,0.0877800215875483,0.5226206914453694,-0.4939405387538239,-0.7421038019297787,-0.1703866639733259,0.3051731086666051,-0.9928215365672228,-0.0666881316816853,0.1061198117617545,0.1694566418178946,-0.4726293304419816,0.2660857676220471,0.2234894280009547,0.7120224388875641,0.0797082791243981,-0.3032553586513489,0.5332910698155615,-0.6974737335106842,-0.6878816405759713,5.18577194333334
Li,Li0-1Mn7(OF3)3,Mn7(OF3)3,LiMn7(OF3)3,mp-aaabxand,-4.882847711125047,4.943381648978009,-3.642639808477653,2.8801064418087927,0.7677792666027926,-4.115118403344613,0.2238253698204556,1.9748037863800088,-2.0757373312411893,3.9069273534786655,4.74807662547553,-2.671739828643709,0.8594186627295813,-0.4060320295094476,-1.2967010073426115,-1.9535290895914288,1.0296636655654594,0.2661984209626406,-0.2653757450024471,-0.2695677339299624,-2.336580494835629,0.7295477050646341,-1.178197451564164,-0.5231823896699275,1.1555658132058182,1.4938662982266115,-1.3603998663470316,0.4103301308787976,-0.1603507017390414,0.2034094579709794,0.3019037487961308,-0.060507743946805,0.0731481227483187,-0.5640507498044625,0.227171614279448,-0.310192237371193,-0.1489843391465379,0.0588064077815422,-0.0266037679055794,1.1645137274302364,-1.2758027418732147,-0.3196527730965814,0.5348186520425322,-0.1951551330921157,0.1140967934596111,-0.4759179831216149,0.1983765282642823,-0.2802436091602698,0.3973073579479703,0.2221833215534147,0.1498667268951566,0.445409423971472,-0.1871419129267034,0.2521203950467561,-0.1514667750194778,-0.2283534721109333,-0.1539368222083005,-0.6440966033815898,-0.2762729529194233,0.1051578721796726,0.2748832026025636,0.5758185790445461,-0.235900136616981,-0.5345642234048931,0.8687132914952468,-0.0566405919740917,0.2213118642271534,0.3757036177666091,-0.0710482910549488,0.577238889925218,-0.7166816425398589,-0.013403479496541,0.6354937699421158,0.417932687350256,0.5537692246280992,-0.1690114380090779,0.1006774071553687,0.02465266310799,0.1795098156091824,-0.2873701866410185,3.273994633333335
Li,Li0-1MoP2O7,MoP2O7,LiMoP2O7,mp-aaaabmvg,3.057422044837641,2.471177029601662,-4.008006072789543,-1.5575018290440057,-5.934544499663442,-0.1068888063454319,-1.8453386714872584,-0.5286511238744709,1.9788852185972592,-0.7589915648989843,-2.6196545960000743,0.3512306375477487,-0.2864459097174326,-3.1047742242188074,-1.8479309168789884,-3.345348518888993,-2.0641854385409366,0.9435038883387286,-0.9774059696914156,2.3772038490118987,0.5689324047517895,1.6484453089567566,-0.328586522121313,1.6249191245741286,-2.4337490917463165,-0.1464611855065909,0.5465972374294532,-0.2716670205595593,-0.3334676378869444,0.8785954157167775,-0.470366155669395,-0.2422846266493751,-0.3072121737952373,-0.2727784194481485,-0.6259587761916287,-0.700697526187099,-0.2855668337818551,-0.9644344078594912,-1.1311478015585872,0.0830564266877323,-0.7538398860123046,-0.7664605216889298,1.212619268876919,1.0381450927065687,0.2816819231427131,0.0936879198534704,0.1726227171808403,0.1967256530093936,-0.4093044822765112,0.1537600403921611,-0.2113036584843816,-0.1889441233152021,-0.1230434157934409,0.304708434690135,-0.1366034354892805,-0.0066981502291789,-0.0624361271547585,0.22434307454501,0.1176659704100768,-0.0998928387273877,0.099713560862735,0.2164453041956976,0.0213586050017956,-0.1823275093495522,-0.1909415358729589,-0.2369076348393448,0.0092368203423926,0.1355971014931747,0.1047488905947244,-0.1094364591936197,-0.0617475679921136,-0.1880384960178721,-0.0176379728024817,-0.0588970720410502,0.0345205226549822,0.206191413127463,0.045426887823786,0.1310937802626521,-0.1610544929404152,-0.0810305673346426,3.386779793333336
Li,Li1-2FeCO4,LiFeCO4,Li2FeCO4,mp-aaabrdmj,-0.4027628699450982,5.337436440320081,3.4927518997266214,-5.419784525855982,1.21022813777243,2.5848693369398483,-2.084913421393213,-1.4231821410392158,-0.8219960083367472,0.7035491745882557,-2.983394319671466,-3.374526002568704,-0.1534205778771855,-0.2245665586476177,0.1470483583429758,-3.2606042828280226,0.4411292077253148,-0.0928170344001956,2.5352922716683253,-1.903505572865314,-0.0373904900698904,-1.0227972152793243,1.0759121190063363,0.7336577188458272,-0.0627121470151173,-1.0764835640794572,-0.1514337504669067,-2.098649460778633,1.0068812915650407,-0.0801726562314344,-0.1000513274106335,0.4896209420844327,-0.6326447958165837,0.1540474597204277,0.4526717538498396,0.0668580522022101,-0.6898808252547639,0.2285444738985222,1.1459494873064002,0.1446485470035724,-1.0786215270750867,0.6807227627115299,-0.5697838649407508,0.1572347354309949,0.0291250054860063,-0.880153048044904,-0.08646535282812,0.1612556569764371,0.3434905538385641,-0.3401377014052456,0.0014370419608788,-0.0104856350206381,-0.0055541237096075,-0.3129929231074311,-0.4601973061307328,-0.385234702896583,0.2015550630370993,0.3015537778136708,0.0093904517655054,-0.2664615985422134,0.2720748291255978,-0.1209170953186992,-0.0213241455839059,-0.4569829266866744,0.0762990611448453,0.3123828533340857,-0.2304007902369076,0.4007229926233464,-0.0818276909351604,0.0945336948367204,0.1621975801699495,0.0862972059130493,-0.3190637773133087,-0.046954374021197,0.1264218158791814,0.06744130155826,0.1205258413175369,-0.0999232711864004,-0.067536113890054,-0.0372140145198539,2.798012045833335
Mg,Mg0-0.5CrSb(PO4)2,CrSb(PO4)2,MgCr2Sb2(PO4)4,mp-aaabqycl,2.7564107452842146,-0.0759115056547124,-2.4236400338584074,1.3059768120469852,-2.3575053748119994,3.920735274813852,0.3094947431096486,2.0825848211013795,-4.350349713831811,-3.7652033791929935,0.0431266258881722,1.514056406705009,-0.7945865904890381,1.2954931887214705,-2.068153077382435,2.886437153988365,2.2679694108268302,-0.2903485435241481,-1.178225226550102,-0.5782770154759455,-0.4304546006397947,-0.8388806178378426,0.3362145083492667,1.557002881881214,-1.3720447568808176,-0.6897967702547024,0.903589078175738,0.21598755421447,0.3983123486483703,0.0278032530942766,-0.479068981904982,0.1238323811344635,-0.0264163591935879,0.3392715219287895,-0.6150871126305696,0.4604081066259515,-0.0506269640785001,0.6661744613409314,-0.0084205562972412,0.57097961329153,-0.7005379605336457,-0.4129021519751739,0.3774517453226043,0.4694857571527872,-0.4180330116536239,0.0414746103736364,0.4082616784384323,-0.5582322328514115,0.0534972331057727,-0.3852636811834571,-0.1994084115279425,0.5284694691481565,0.0656080441158718,0.272536221456759,-0.3430416374121324,-0.1149985965560511,0.4535505816873997,0.250216742059292,-0.2447590503859557,0.4492759181405748,-0.6794263490803033,0.574166456563385,-0.0166443035552415,0.4502596703259885,0.4135691161908703,0.4351153707456879,-0.083357944699518,0.5290368882074759,-0.0825320143529718,0.1504701703154846,0.2343906782362526,-0.1206583053083861,-0.3259112257974447,-0.2926007058261738,-0.2891090079399808,-0.5646083266072885,-0.2313448537938195,-0.0072230430945897,-0.4321052209265046,0.0391756609061505,2.113019834999993
Li,Li1-2FeSiO4,LiFeSiO4,Li2FeSiO4,mp-aaabrewj,-2.497227518734975,4.765317568638308,3.883856415609968,-4.351336605304888,0.7497931348826495,2.37687358812491,-2.1596995754969277,-0.785578836320665,-1.94162276149648,-0.0369723429033199,-0.8323001745538948,-1.5628241582317404,2.2103788591276783,0.5698571903169266,0.0931086508826518,0.6161909128143864,0.2159033128347482,-0.1250192392276056,1.9952588297006275,-0.0926534926307422,-0.5440270947691053,-1.3498778551260926,-0.4065183408574863,-0.081714679111541,-0.3779768213156371,1.164729407385071,1.0390992858333472,-1.24908514619778,-0.7594096154321467,-0.6887697384700769,-1.1006047569472106,-0.4826792456994495,0.2483639783201678,0.4589597004109927,0.633564417848519,-1.2848833192867968,-0.3872260946738318,-0.5889985928044655,-0.152805440195812,-0.8838915822186678,0.941839045229834,0.4371457695225307,0.0164902434703851,0.3003125771640305,-0.9445458759084776,0.504948160074998,0.1716774257761583,0.0048252755893352,-0.0139494030158037,0.0129867990390972,-0.2014986501199404,0.243234296472882,-0.190829593826375,-0.0555626123457895,-0.0650371464374846,0.0711736783070828,-0.1794143178742378,0.0718237568917493,0.1387122649888905,-0.4267435273782892,-0.0464185230405157,-0.0981453350978142,-0.2004961613646432,-0.4079648358043748,-0.2274300952077599,-0.1448813026078336,0.3673411334365577,0.072638696071984,0.2321900653435863,-0.1458469604149071,0.0607568752066322,0.0310139789836093,-0.160828693033319,-0.1024350551034174,0.3386539314589029,0.0377817307439365,-0.0109265053763741,-0.212380820300921,0.0065457524491603,0.1776959337583418,3.146241033333337
Li,Li3-4MnSi2O7,Li3MnSi2O7,Li4MnSi2O7,mp-aaabqwlu,-5.750545769620776,5.25910588411333,4.972276201799678,-3.203680388956624,1.4919383268954431,2.2122839506679024,-2.2186732833964,0.8433056113402339,-1.5846837194734495,1.3095149866861444,-0.7678258486348454,-3.3090892900277598,1.4518059708197235,-0.3724333042793338,-0.5911014004032369,-0.4972876541423741,0.7427185304108549,0.8430834079611877,0.6916610267809091,2.4909353767918643,-0.2115648201870167,-1.356192957559932,-0.3557918794773476,-0.0880597268729956,-0.0824163362207726,1.309677791636753,-0.6288722919889401,0.1878264771415491,0.7011831045961865,0.4487217020505223,0.2076524857258605,-0.3852138108718927,0.2138052720187111,-0.4918029865038116,-1.33754337140352,-0.6729093339767813,0.9699878326278032,-0.851222607634899,-0.7923447057062499,-0.4771260934742133,1.9697144525043664,-0.1504565393152467,-0.1306139835229337,-0.6517520989582904,-1.3342600782551477,-0.094250357749533,-0.1182648369655129,0.2502181636445162,-0.6352940131222533,-0.1677477072887003,0.3078113075127539,-0.2548567059828364,-0.1441586797345853,-0.6303308185951119,-0.3463455961336271,0.11092010502696,0.2248778783857959,-0.0585242946637374,0.3127793033794838,-0.2999631764567655,0.0332359308750983,-0.0601721726619823,-0.0989061260134503,-0.1328125832978195,-0.9851732685247891,-0.4419917232383649,0.6009207211906813,-0.0870053863039091,0.2711729302891859,-0.3135163927906099,0.1082202372886725,-0.0287609957557088,0.0925153196889455,-0.3207856468246094,0.2247860311722338,-0.2183228360234692,0.1043842666982021,-0.192828591193663,-0.0819292158031052,0.145915704529131,3.821909265833346
Mg,Mg0-1Cu3(NiO3)4,Cu3(NiO3)4,MgCu3(NiO3)4,mp-aaachjjs,0.7307632828065286,-4.655342334865064,-3.3659552754102835,2.531151072469993,5.137886631587939,4.50983724988214,-0.3322112986511226,-5.15015655162779,3.465946059830764,-0.8675899983973994,1.881012548952652,-0.2710617362901751,0.6310368631616922,0.2127347864409915,-0.1267012192344555,0.8981324314978548,-0.9992234063590816,-0.4021194636685184,-1.0916747593123957,-1.409258758701933,0.5389020980984577,-1.1252499437972496,-1.0877821772568907,-0.5469702820177361,-1.475259008161152,-0.4523066773409741,-1.3281383684875867,0.4470513745035355,0.3643422334958416,-0.4604649860680813,-0.8704853649920473,0.2006749825088419,-0.5045672613506421,2.6862782201361286,-0.519386107591466,0.309915616016521,0.7046794487798592,0.2485861715036187,-0.4790161656926107,0.6042694914001868,-0.8281228782185623,0.2512663385470944,0.8378996371102897,0.0923603348087115,-0.0848591186198036,-0.4233988961120937,0.0543526058548494,-0.0035365505937599,0.160994212934092,0.1780880866083531,0.022291587127943,-0.0679307504752186,0.1466763155620401,-0.5749829095861674,-0.4447338745583677,-0.3987517262255429,0.0444812056146917,-0.5714907561251495,-0.1979232012851312,0.02977905493682,0.2641886274773773,-0.2731352258217312,0.0521364211029986,-0.232625752793436,-0.2163431910849319,0.0748373050249591,0.1214408752065982,-0.0375480872148987,0.1356560429576844,-0.2946572249799221,0.1696444956619887,-0.0311979374088374,0.4756542802277048,-0.0338582635074797,0.1352596043028866,0.1611867901668108,0.1061337139269271,-0.0302397985090322,-0.1232170613748812,0.4545105019895457,3.405434725000003
Mg,Mg0-1VS2,VS2,MgVS2,mp-aaacfrhu,-5.092318600084618,-10.949605872000696,-1.6589980991404698,-8.258564428254994,-1.2974707216248873,3.703795237486308,8.819401800361643,2.606562873569451,-0.0404530250673949,5.469301487022154,-2.395088602791609,1.4792928225382282,0.8837737177309376,0.4087423521609796,-0.9078596912491852,0.1107735466253961,0.2616165439983899,-1.131975188182307,-0.5160481530131247,0.0093770503095328,2.217162217198297,-0.6832056272941982,0.3845859603493845,-0.6207465937870315,0.3264476944094453,-1.3332792433488927,0.9631456494734496,0.8730545360364945,0.4751827765226399,-1.1953884451084231,0.3509030990418785,0.2927693947634789,0.1016309806613026,-1.4200950240011727,-0.939453271781722,-0.2389646809711005,0.630267885809811,0.2489433398154816,0.1237194969373716,-0.9049753092313234,-0.1911865201634612,0.313517380805981,-0.5046790431307413,0.187211086095437,0.1308057231522375,0.4356960655594366,-0.062918038738271,-0.53535515464316,0.1140399837298096,0.3073483582862359,-0.1913706082079452,0.1448645746746316,0.0415555564380851,0.2176836992576074,-0.0684222963140379,0.3540119908951424,0.0826034778338257,0.3812704357148957,-0.3018937592412167,-0.0198699177409697,0.0666369747549087,-0.2815162957503547,-0.1297536273183366,-0.6283879908411174,-0.1542766744283677,-0.0167050672950222,-0.4925495342957117,0.1365864820376128,-0.403553946808693,0.3058332247746345,-0.4255583611062429,0.1493058788950609,0.0206107688392886,-0.2880479745839301,0.175690372678559,-0.3788044496565454,-0.0210811269473516,-0.1884268078122653,0.0675519119516232,-0.2569814813549163,0.7237540050000011
Li,Li0.5-1AgF2,LiAg2F4,LiAgF2,mp-aaabqvvo,-2.635748200866613,1.81310028143446,7.584679710126684,4.574024644606923,3.611402672213529,1.7720759287809074,-4.819442017897941,-7.2265940431913,4.055982380464075,6.366972265169752,3.955835576508841,2.156436366831744,-1.2388395981800755,-0.1720746452709689,-1.3467801672192128,1.544906358671302,-0.4892156249488447,-1.0631897987234855,-0.3989294921984709,1.1878555086721718,-0.0928252099684558,-0.873462158074593,-1.4243557317036508,0.1824393578376696,1.6454157853535092,-1.3052451179541948,1.5432966488797184,1.5199807572055195,-1.358588828148933,2.8309276464929964,-1.816968365825241,0.1622784948772357,0.2429997358586531,-1.0686211573823132,0.0633629346123147,0.6480661653640902,-2.493907579581915,0.5164726373777935,0.3503082981171606,0.0287392675865583,-0.922881878734344,0.1328585416988152,-1.99283586299378,-0.9291867265291404,-2.264060282905007,0.2820679842870626,-0.277032213766364,1.5867301715025235,-0.965097079051634,-1.0794549387716104,0.2100121539950409,-0.5602468029927332,1.8536253619879632,1.2935770482588431,-0.4401352727201094,0.0678419762640463,-0.6701762346328564,-1.124397280310722,-0.244605115738865,-0.079837006736194,0.1706535671175421,0.6389084635400721,-0.035706547656983,-0.5610263267264624,0.8856278140523833,0.6507810184838763,-0.3383916876817524,0.2793618180090907,-0.3434007582977794,0.0935277593554058,-0.1731646566317582,-0.0864833478347386,-0.0870724609812469,-0.0206060448693829,-0.1610627907730132,-0.2148559443513818,-0.2128383031518505,-0.2239030486998369,0.1328684958160313,0.0355000566724932,4.882004773333329
Mg,Mg0-0.5ZnCrO4,ZnCrO4,MgZn2Cr2O8,mp-aaabraey,1.41993080154008,-0.0342034385648025,-2.49661927268723,-1.1723262912373464,2.8435704505509727,2.599323376897676,0.2497904968051262,0.0454162905420826,-3.2845896852207384,-1.8297213620481856,1.0741280393612611,0.451376345435964,0.2159130850266322,1.9319037576810427,-0.0258640167240458,3.84281252505606,0.3430184760065125,0.443474817234934,-0.6942990617634153,-0.3345007529463268,-0.350582661682181,-0.0411180800351905,-0.0145474838937327,-0.482608792687318,-1.4155983250051627,0.8158132757230254,1.6763497755775032,-0.5254402260257985,0.4919126178381007,-1.385309889450811,-0.9730143067403504,0.0596501664062471,0.0502007494412721,0.7085239932151564,1.0334915348616798,0.8779735429945023,1.7255128646025313,-0.7060636409497557,-0.3646656495302356,0.3201142264735658,-0.4141519324287854,0.5416425167704234,0.4341665705961876,0.1089073050013756,1.0963980583329582,-0.6609313527491714,0.3847124122501391,0.7626778167974289,-0.1884579785630052,0.0972449607084371,-0.3028545797937872,-0.1605187288382234,0.4927033252583365,-0.292392829252478,-0.6174808502943298,0.0575482791585908,0.2308453063031025,0.2714866717818667,0.3312108082241208,-0.0335126888148067,-0.0769193031275786,0.3809927676414257,0.2533647882916989,-0.1741090829359019,-0.3428685609650258,-0.371572611965604,-0.0716962762386567,0.137685459757204,-0.1284003316776119,0.344320187155621,-0.2758966244287053,0.0417204545239182,0.4211416004304756,0.071082665047145,-0.2666574687968775,0.1360051023970808,0.1109350154382335,0.068799887640095,-0.3600134058067477,-0.3711315448203865,1.9836906200000024
Al,Al0-0.67VSiO4,VSiO4,Al2V3(SiO4)3,mp-aaacncdg,-1.7762014983109542,-2.3062413066911502,-4.959630500193228,1.0541978371316734,4.480648101060536,4.491710414841167,-0.2455415718673739,1.1327348889910545,0.0117239359305936,-2.035642248055091,-3.251427450316429,-1.5730793871657394,0.5247956491727347,0.2261890003544099,-1.558304918175354,0.1208582265840938,-1.2540603235858356,2.28374091701802,0.059590678492874,0.0399243326751708,2.550451737914112,-2.1362689271745783,-0.6312916369644579,-0.9456546961577192,0.6301474331429769,0.2738327723645986,-2.231264670755013,0.1892489180770277,-1.263068993429986,0.2260866308848725,-1.1470478906332504,-0.2414562417634673,0.2733475846911749,2.434194267679654,-0.9179952547092975,-1.4104748189449063,-0.7127027065026985,0.2602240284420669,1.0025955707584833,-0.2318578601102717,0.2105857442439462,-0.4798708004196226,0.2319286850265151,0.173981154185631,-0.7275239763456887,-0.7534049952367048,-0.6826412588840873,0.0614565424143745,0.3469546077361165,0.1201018656655258,-0.3191904426024544,-0.1096847734041044,0.0329890399877442,-0.3104270852328595,1.0362331336794617,0.2904183544620599,-0.3049121287833043,0.2670634394424349,1.0558532515136514,-1.2520582295150973,0.5083793456896762,-0.1365727260935818,0.2588679851282905,-0.1809805865474947,0.2150048042535394,0.1946937291193637,0.0869648469679994,-0.0073032974449512,0.2075679549425197,-0.1328414125163179,0.1472212492631807,-0.1069580469033084,-0.4159307217403802,0.2729971561103979,-0.2636547898049682,0.1687750195493448,0.6939869185905323,0.1972882795558589,-0.1064325076772986,-0.2643537016953822,2.245492587916667
Zn,Zn0-1BiMoO5,BiMoO5,ZnBiMoO5,mp-aaachkri,10.320212031339134,-4.267551324250335,0.2790072346590764,5.429330439138751,-1.0514803684769525,3.434162311755471,-1.7113398734922205,4.442150863935413,-2.3402789102008854,0.2013640724207077,-1.0237192215105224,-1.3745252820720464,-4.05609524018622,0.3441871049840117,0.1410739849365568,0.1183724452000161,-0.4247077656880573,2.266972214383977,-1.1738564648308436,-0.4931770383314544,2.174150188714981,3.308835050234519,0.7937775362530893,3.081903901593964,-1.5991354513413825,0.8963176982289592,0.2713280127989881,-1.396313403691367,0.6056156417195412,0.524911620922125,0.5165871180691821,-0.3437301631522049,-0.7179428275833407,-0.5226906272005213,-1.279780688732465,-0.1324710902290547,1.7837549959336203,0.4908485286569594,-0.1642736551603315,1.2059616934042616,0.2530297564420706,-0.7573004540873676,-1.1048758768804412,0.8039799632426905,-1.378734422447159,1.9034578343978488,-0.471733090314211,-1.7962928490560772,-0.8147517858270112,-0.0428694931638047,0.113665160768124,-0.7073773809562,0.7237337282001148,0.5331729128022055,-0.1083966027934281,-1.098108021347125,0.4305777104927807,-0.0812655481004921,0.6771800948830525,0.5180666425577257,0.5112250437355793,-0.0656599546366313,-0.1665967966179466,-0.8402037583913623,-0.5630677926939173,1.0482608220731884,0.1044619270485961,-0.6391036551283894,-0.7651877698643296,0.3296567866142681,0.4286212060864249,0.0869440379089966,0.4319271376044858,-0.977050539814664,0.4929318272848853,0.2157913798415306,0.2318078715106058,-0.3307202679538933,-0.8482657385292689,0.3694022807561917,1.5648343075
Mg,Mg0-1Mn2Co5O12,Mn2Co5O12,MgMn2Co5O12,mp-aaabrbwg,0.0888683778200274,-1.324543341027044,-4.995877713439428,1.2824509216206263,2.793271583342249,1.233544650490297,1.1164511713888534,0.9495425085025364,-1.5567793876723564,-0.7317808770942673,1.8060008992670888,-1.8420363144042404,0.0767186764840337,0.0103587385424265,1.031259776641808,-0.7910137363634823,0.1830792985088984,-0.4014598414378497,-1.1902353418634506,-0.308149691448929,-1.77720456791671,-0.6437492386185703,1.3096190087083863,-0.2342492077243508,0.2110885634280189,-1.2723108216996974,-0.4464740880412813,-0.196733029052863,-0.3394677742447818,-0.0113047522763149,0.2846162097661319,0.1981700532906153,-0.0080608463429961,0.2503218452339861,0.1126025347090114,0.1865325815808463,0.4342847933871689,-0.7022081303592522,-0.5627263548370032,-0.051025874064408,0.2545737541515523,0.0082187048258393,0.2650952218392423,-0.4203649338288566,0.2196905451554878,0.317378187510463,-0.3420057074889148,-0.2623087626277189,-0.3143324995203939,0.7184898930364316,0.0876689446462983,-0.0494051954068648,-0.1919220046227187,0.0194934919674128,0.3095745564704718,0.333142003569349,0.0683498364903359,0.8747838618931059,-0.0030991646009762,-0.0549677467518081,-0.1463899683096089,-0.1734987690370307,0.7331221922756005,-0.4083692425463214,-0.1996024769023927,-0.1326222995223582,0.2000983046062766,-0.3624271462664391,0.3023880940076105,-0.4889601025693215,0.2039466853481241,0.2514046497003682,0.1989296056015073,0.1371600419066345,0.154537011315059,0.4596249137660363,0.1727363716233613,-0.0803624560460565,-0.129480002478408,0.2301213069499406,2.267175589999998
Y,Y0-1Re(WO4)2,Re(WO4)2,YRe(WO4)2,mp-aaadxiei,22.81559355825721,-4.61161634987406,-7.13154946084098,0.671696322575728,0.5950415444551012,-2.94516888588357,-0.0963070910229791,0.4953501158307768,0.0281879696242164,1.4230313761160058,1.463162488772768,-2.137380645211287,-0.4252302743171815,-0.4097333787238539,3.1797455341566434,-1.1748999866562286,0.6101188477551988,-1.3023722512342666,3.034060699309171,1.201131304052124,-2.250609284452171,0.3527942117224382,0.8544482874440318,-1.844243179661848,-0.1289742346129311,1.6776596920660756,-2.593656359791821,-0.0157056603084999,0.9879543121750906,0.2711063781027805,1.9622720077401397,-0.1650483218649616,-0.8515945712017395,0.196641771087098,-0.1711660535746142,1.354875515436866,-1.121147034964853,-0.4958845787749462,-0.9743499345935964,1.3539977044151903,1.236299711379079,0.1771267580472766,-0.2985862615922416,-0.4865521806016483,-0.049216622386188,2.5887101450253103,0.1435223890898462,-0.7384032730912793,-1.2424183468490884,1.8882123648422848,-0.8195214366699464,0.8599970948694973,0.7210510855953391,-0.234549443460219,-0.1989132276436573,2.653103277030327,1.3897731163761038,-0.0319856821855059,0.8811682917312753,-1.2282782723117494,-1.5971178803318196,0.5452008091979148,0.6697342732133762,-0.8925967528576134,-0.666916398431884,0.4061004925828967,0.1792745366224497,-0.1520211394358683,-0.7223305170131262,0.4143329987267871,0.4783558871526919,-0.1821461354122021,0.4789555794520586,0.0897837171125822,0.1726102962995503,0.1775425522839618,-0.3422000095481441,-0.0829967125500808,0.168049665305852,-0.187373344764339,2.396634955555553
Li,Li0-3V4(OF3)3,V4(OF3)3,Li3V4(OF3)3,mp-aaabrnml,-2.8381359523123244,5.583899667452299,-4.24875876189931,-0.0923655344891491,1.9805620227694172,-5.152780589601782,-1.3307283158757175,-0.0845278854199381,0.9696953814671724,3.6942832181381786,-0.605198189490112,1.2838092262272471,-0.4381826185483216,0.183834202026318,-2.711671686092516,0.4514979796055663,-0.3924698399723474,0.8045783979466541,0.1508326018216824,-0.9734531796338628,-0.110405868868176,0.1514327681652353,0.1764201173316518,-0.2609986680081998,1.214474577810435,1.4780872592582817,-0.6927330679355318,0.2053044924128132,0.6466674623657175,0.2243532492556703,0.4623803049522531,-0.0070810398430649,0.0676108895338103,-0.3843944688877698,-0.5090977787378907,-0.3940595060157333,-0.0371298230232293,-0.1736559773216702,-0.0075832440085265,-0.0762997902079165,0.025038075395465,0.0499857672573835,0.1401642315904024,0.4685149019488189,-0.1419497837178075,0.2400297444933248,-0.2289790944588553,-0.0995127119436309,0.410800982326626,-0.0734877151257133,0.0098163116129019,-0.0022097151241811,-0.1695342677282842,0.0294560988534364,-0.32997873158995,0.1031871406428534,0.1383145571583387,0.2665671862143925,0.0835834620550599,0.2389350254126014,0.1655827434041516,0.0515470163362273,-0.1504550920396858,0.0792367926657923,0.4017731262168547,0.1737494028374243,0.0494923758539901,-0.0079689919422292,-0.0440395525995197,0.0681379088784412,0.1529138670380271,-0.1737879780766843,-0.0678579628062512,-0.2019522797741931,-0.0343530503222823,0.0285802613707137,0.0902960104527658,0.137211148176476,0.027484607738111,-0.0302526839243691,2.939484168333331
Mg,Mg0.5-1VCrS4,MgV2(CrS4)2,MgVCrS4,mp-aaacsxul,-1.1152922385313866,-8.723935834745644,-0.190436368423584,-10.320890911997225,-0.741124662644196,5.90965827183088,8.941717985578933,1.3845711534463931,-3.222766652240096,4.021613376112926,-0.3883380600185798,2.1558806055465363,0.9177199204410188,1.5161638049274793,-2.0087602586827478,1.9049950177153787,1.7565391920402291,-1.2732019787243671,-0.7763456611218114,-0.386898777857941,-0.9409049293859642,-0.3462834114176333,1.083854883419706,0.1123882414247316,0.2621556137500048,1.722528203756002,1.1500447344913034,-1.4174493753772548,-0.5368770091852917,-0.8800471737701165,-0.3987320092557174,-0.2866115989733439,0.0148858660051606,0.5851165203681667,0.2834811854186799,-0.2154030735380532,0.4598651863961733,1.2914187874750929,-0.1027445571573432,0.083538771196639,-0.1763102114900663,0.6662866379254949,0.5359824504472998,1.071846204393035,0.5604747630585422,0.1562405662318898,0.6309281695107387,0.2452223662486053,-0.3833954886791216,-0.5189227664291939,-0.6640560743508117,-0.6746765149000231,-0.0398114589517818,0.5372668413321725,-0.7032454390189857,-0.1969479584816446,0.2271277333733385,-0.9346009927096948,-0.3860335353969636,0.1495708203512565,-0.5370518054753438,0.3454869613678074,-0.7752245466552863,0.4697360285246896,0.0969138547587644,-0.052819382473935,-0.1695463142430411,-0.4526187609551202,0.0522490452483734,0.8129659592425683,0.5071610533405241,0.0222781593331773,-0.2910110238400087,-0.2220581298460105,0.7958651226282617,0.2421781120810713,-0.0303561616333183,0.6093715205278881,0.3835783029312963,0.0344991031579072,1.128488389999998
Mg,Mg0-1Mn4CuO8,Mn4CuO8,MgMn4CuO8,mp-aaabratd,-0.7325335463902242,-1.6796087015852634,-2.4533363758560265,2.233395452404116,3.8312703997735498,3.758108732308835,0.91706214874636,-1.5224579257707376,-0.3003612131883894,-0.1449943122389253,3.440177064740384,-3.8646218487887833,1.1972606645165027,0.3354903724190133,-1.1217010365004434,0.1433497723390483,0.7886766796599118,0.870599932956727,-2.3925801397237056,2.048380103494774,-1.010939187057374,-0.355886217329573,1.2241642084384987,0.5914523554569316,-0.2398358740327883,-1.1355900664789609,-0.406068871025926,0.3512386231165229,-0.1323870629138374,-0.4688759187647554,0.5885634629977835,0.1198756003274649,-0.2022669317923865,0.2800074892302321,0.4017626492931683,0.2133293546101396,-0.1748016270872787,-0.2013773637166613,-0.5724934934442384,-0.4460437083489692,0.1851252771586444,0.4321251639359589,0.6429867029027979,-0.7475557863458896,0.912116595335846,0.7958789377157771,0.1709986386209008,-0.5379142371361236,-0.8708394804673599,0.6272093522809835,-0.901738635898727,-0.1129660996901035,-1.0165553428564529,-0.6642673574813327,-0.5048240563076131,-0.3770096733575046,0.3697773908882336,-0.5637440917994192,-0.5444568872248787,-0.1285997196748835,0.8694133759728259,-0.0686357266957649,-0.1500195150327713,-0.1679880809788431,0.4735014595407297,0.1638689992551502,0.3505191976181775,-0.2712929093825604,-0.0865019106563604,-0.2524904497073296,0.3723571515000897,-0.3698397706415417,0.0795603350750103,0.285225587334839,0.123787087159468,0.3448900845827028,0.0318999738433547,-0.0608536944477941,-0.2659897121693172,-0.3779508530107818,2.505560964999998
Mg,Mg0-1BaBi2O5,BaBi2O5,BaMgBi2O5,mp-aaaacbdj,0.4386430487867068,-4.026362118165609,11.23506197153527,13.28079336046836,-2.447166256744531,-1.239703311705791,-0.1823362792937256,3.3196771447672453,-0.0981735525345303,1.355892088480546,-1.5729158428171284,1.5133981816757618,2.432578264122111,-0.1096119698813554,0.7134381983871845,0.0259874584135153,-0.6171878919141532,0.560769760184441,0.9205761500681038,0.5622514677272326,-1.3014551171856334,-1.2070028102646395,-0.2890044388462857,-1.5645049570944882,-0.0004984717040986,-0.7934800622454177,0.2325743347633402,0.7501402185835357,-0.3185240702334372,2.8820112199458165,-0.9139685590748488,-0.2134080516057407,-0.2016093920060073,-0.739226106181333,1.4084006531048332,-0.2307665785834125,-0.1550452749219468,0.4470985392051183,0.9065016835342298,-1.1091835620809327,-0.6403920013977669,0.7253291257179009,-1.0961043594176072,0.0833886282180132,0.0627030605555352,1.288633983571179,-0.9625594568403764,2.209402662946451,-0.869750256833365,-0.0722420050347464,1.221537428391348,-0.458632670192752,-0.4868133167387697,-0.4625460585440121,-0.1247755867042182,0.2326255955206131,0.3761838252629899,-0.3351746769939408,0.2837301452306155,-0.1761260396927269,0.1681811675487085,-0.0822393383848063,0.3663794581043753,-0.4920224527522051,-0.2071673188975368,0.7170021538447134,-0.1952641692669737,0.520574836937455,0.0035980159273509,0.0505680921487192,0.4848419304472449,-0.1350995878587355,-0.0794960453601009,-0.1350063963428242,0.4456989264846034,0.0560933288119837,-0.0455843111969224,-0.0837794842201789,0.258096183307709,-0.1962615647788936,0.051757750000001
Li,Li0-1CrP2O7,CrP2O7,LiCrP2O7,mp-aaaabnia,-1.3440618900544938,3.594364478190302,-6.269308003655516,-2.7966982727146408,-4.500614819234398,-1.2429417731750427,0.1015025748018541,-0.9263935218136624,-1.1378151969135355,-3.7319174620413937,-0.7610574873116422,2.1466612642623493,2.5505812399284533,-0.6648757782609068,-1.0752231949188698,1.3604670262136769,-1.2186231366091458,1.849224032709232,0.320027548981088,1.4406193771912266,-1.2041789155729885,-0.199249670505603,0.3026705894720626,0.9003685060589799,0.2383365448290137,-0.7910145975780385,0.1402360084974763,-0.6697618768740551,-0.5442627385486519,0.5870567411836143,0.3083268458968109,0.3613277653563715,-0.529256280417963,-0.0676650831567145,-0.2403987243884596,0.4836108034332657,-0.2147867254884753,-0.4478071082218236,-0.0598040506106259,0.8455020613540732,-0.657578449049722,0.0451495365855987,0.3906943119125872,-0.1575780358771228,-0.0172237512670914,0.1855619740938588,-0.6840106583160659,0.5444170354543899,0.0587363169395837,-0.0911652077570084,0.0884552747296992,-0.480937211063108,0.1801540673100214,0.4631804712385121,0.0948483541888372,-0.0496880189992164,-0.0086855339834546,-0.0100977065013565,0.1279951866046489,0.1897391963779605,0.2212845402504156,-0.1580440542884787,-0.0487279328848718,0.0460945672154837,-0.1639265838764955,0.0669455554621989,-0.0203968862271791,-0.1999282868972035,0.1188682849873321,-0.0574619598904463,0.0885401000517745,-0.1888329638763331,-0.0818371559922417,-0.0525806767360759,-0.2250767886318899,0.1397911776473878,0.0940645841779959,0.001629723377985,-0.1249748487183506,0.1352604446040221,4.769492360833344
Li,Li1-5Ti2Co3O10,LiTi2Co3O10,Li5Ti2Co3O10,mp-aaabrklu,-1.172201166110428,3.859940567342031,3.001673012347519,-4.399502551495263,1.1602181783339294,0.0908934365429785,-2.3445479205809425,-1.128539953057131,-0.9969888724887032,1.0431524047893803,-0.9071401774093688,1.194679340933825,0.8428169468837141,-0.0489470725112978,0.7112446631652446,0.1762881417762829,-0.8898367555996527,-1.611369436902084,0.3002895859091488,-0.8875928549050262,-0.2463920320318011,-0.1070999522350228,-0.3826818613752606,0.3378182388920189,-0.1437340418991056,1.1859669132263275,-0.0705695992815297,2.009903892590266,0.9266484700096635,-0.0518507933151729,-0.0849211516624782,0.1919535420638685,-0.0006988161918118,-0.0822295294830815,-0.6972668683370141,-0.4623434535646469,-0.4042195542030069,-0.5875058633973418,0.3865010255007691,-0.9152768806748812,0.1831060188450717,0.558162935555036,-0.6430758031372954,0.6087533657864251,0.3410416106690244,0.2072832470356505,-0.8818125438281907,0.4192920941976353,-0.462893830040818,0.0843719983772598,-0.1555002227929407,0.1924140270535186,-0.162885053975759,0.2705964354041648,0.3733191508329224,-0.0910057675548924,-0.3049534552799636,-0.3801124182632,-0.2552667613883134,-0.1034834441296333,-0.2680725506455145,0.1136098498678636,-0.0757528939771654,0.2370945500048481,-0.0793034673118686,-0.1096777820547627,0.4617513607379507,-0.2034086033625251,-0.0383252054334556,0.0329528250564126,-0.0951325757044381,0.0392633615189641,0.2351526251740544,-0.0953082198152759,0.3816012119527751,0.2394482713115812,-0.0983273070679954,-0.0630975147423933,-0.1215274169717513,0.0108917066457738,3.472139000833331
Mg,Mg0-0.5Eu2Cu2O5,Eu2Cu2O5,Eu4Mg(Cu2O5)2,mp-aaackowr,3.368943663996822,-3.728929248328921,8.921568677216952,6.093197985850571,3.21364653219082,3.073399279405157,-1.0756083447860638,-4.189611946451221,3.385009534467847,0.9141431710958302,0.4245488836600233,1.1569327161663296,2.8612323185740864,-0.8134847936514281,0.4265012267893402,0.4234693237979415,-2.198566058503519,0.3174357625175802,-0.2045557842192445,1.0624940370645723,-1.210807015932937,1.586240675164879,-0.0319594489337584,-0.313615263845192,0.0863596904909128,0.6983256581105941,2.84794601387259,-0.2047640945672892,-0.8099142731944793,-0.3319694448245817,0.5708040534013079,0.809509615948781,-0.7697196622386535,0.7404725956707514,-0.6098657852034138,0.3387891691147341,-0.3444842613325682,0.0235912209575315,0.2546951528367446,0.8272263954027825,-0.1085889840398767,0.1621690053695131,0.0370286285309598,-0.1323360782416038,-0.9337395395630692,0.3245598291122647,-0.8780171408949935,-0.7334592970684277,1.240617763038085,-1.0234154494710392,-0.4007075076223666,0.92477061601141,-0.009384476098779,-0.5283267205692814,0.2009734568675224,-0.0633531102268067,-0.4365785429117598,0.44880595147873,-0.0602499082529238,-0.3069970708383107,-0.1461881458730473,0.5616804420162091,0.2007208239493775,0.0415515861599653,-0.318182551813348,0.5913797030998417,0.0555910243531059,0.4172790024885612,-0.4237050343081361,0.271041616750163,0.4117228007995758,-0.146902846155635,0.0069000380601488,0.2682260634176128,-0.2156001684535523,-0.0233138551121088,-0.1720652550456619,-0.8427874307272452,0.2757885553809757,0.1457162669053284,1.520935600000005
Li,Li1.33-2CuO2,Li4(CuO2)3,Li2CuO2,mp-aaabqvit,-3.653485664478436,1.3576218175755634,7.191713285841981,-2.622210117487069,3.9613009876171343,3.393501400314233,-4.1625096114590185,-7.527624891688113,2.769342032876843,2.485904017851856,1.3544991932632071,1.3208550054583703,1.435869569298421,-1.339882548093553,0.8721219752921303,-0.5594367577642482,-1.4816384458857716,-1.948929971898487,-0.0795949867148921,2.775790390667916,0.1951926352824594,-1.0381788467919848,1.212952488486283,2.0136913172620527,0.0964319592464773,-0.7197946674970652,0.4427365893812875,0.7394930068923209,-1.2584140509968915,0.3201627081221405,0.5078947837739177,-0.005381930846386,-0.1537990051684651,-0.6641877836341142,-0.7624696559668295,-0.2252553307140103,-1.0086502812086449,1.0599618647479652,0.0285386853615327,0.5677381300459019,-0.1160989510362705,-0.5807191079732706,0.4273448764852712,-0.2974694652609516,-0.2502150782411036,0.3907229179708588,-0.2281400606352762,-0.6177088319719574,0.3501942800801005,0.195789369561533,0.6350119883160774,0.0117718837119298,0.1671111350572613,0.1542512476895458,0.1114939535093454,-0.0374584494123039,0.1014450519023704,0.3354831577304027,-0.2367454134199998,-0.1359667657908706,0.4670925475929833,0.5618043749305516,-0.0491436096692208,0.0454655593559149,-0.1699419493726935,0.43060151008432,0.1202539656691936,0.2848837662986951,0.2618726249439792,0.0575675582578835,-0.1593077085870788,-0.0474554168290459,-0.0842470829278662,-0.550419042207164,-0.1301231022490578,-0.0333159405535291,0.1785712952897678,-0.0846134243904351,-0.2295859720276767,0.0431711471101181,2.569628238333329
Li,Li0-4V2F9,V2F9,Li4V2F9,mp-aaackray,-3.958594054645869,5.29734882451309,-4.459134837495173,-0.4967280641185165,1.6886344207565005,-6.136032776439019,-2.357942601221035,-1.1309156859415432,1.2893818793040472,4.409063172288175,-0.2063791716937407,2.7067566157783256,-1.4079704757288034,0.500782002708641,-2.415969063807847,1.3341965062299437,-0.2421068454631716,0.8294888975908957,0.5509146696965646,-0.6085150611703432,3.3969200844852736,0.6250566090853725,-0.8954103534416764,0.7939964523007567,0.3869261925880226,-0.7084833129548395,1.0391348151092967,-0.5329212906293673,0.4560530576531295,0.5321518149618245,2.273995440762968,-1.2848724665512734,3.9115979216507912,1.9139956978189288,0.8497275558594026,1.5222354493222905,-0.612161473403586,-0.7245421953173729,0.9209634659134336,-0.6075118501470047,-0.2699024262385721,-0.0519665159741496,0.3753036515868882,0.562036399509247,-0.6187785674932631,0.2216599240756209,-0.7436339777706404,0.5081290616817224,-0.2411810798257063,-0.8530512656428118,0.2183361658320561,-0.130572300030645,-0.1958872171173919,0.0367245421258239,-0.3121471872964716,0.2166220826408857,0.2711146460249701,0.0854199369077016,0.1535205084238812,0.570768687660735,-0.020239386463438,-0.3363012200308214,0.129986530189102,0.4809160300335088,0.1539940893202931,0.031219782249617,-0.0960146322145875,-0.1113258820366836,0.439082642430028,-0.132997369735313,0.4082899239869039,-0.2478077173801121,0.1167266337089937,-0.1705063130343989,0.2353810241543537,0.0347037588375885,0.0100384064448006,0.1289270196298295,0.039920962084553,0.2604043982483681,3.936393839583332
Li,Li1-3V2(PO4)3,LiV2(PO4)3,Li3V2(PO4)3,mp-aaaabnuu,-4.21525696360881,5.257800215998737,1.947168726468227,-2.879686253341678,-0.6987893338645937,1.7939450984730814,-1.8616729822723597,0.6646122055113687,-1.0381316740829816,-0.5594949495459512,-3.083906518121683,0.4421022524760855,-0.269613171498898,0.4243575425052354,-0.9138885275127282,0.7562581183810562,-0.7585562888168941,-0.0644990522929194,0.3552084714369226,0.3512415376819829,-0.5780902221568195,0.2375368620368371,0.2062009239065775,0.3740389728030779,-0.8711504026207264,-1.2983929085820525,-0.6598998139506862,1.08435677220348,0.1361553235374534,-0.840470287126785,-0.956989677188358,-0.2195288157242827,0.3259675756092471,0.4194458556643037,1.0780284832008062,0.364058351614606,0.7913062998501097,0.0865715685586231,0.2506217766675839,-0.4374525283863209,0.2490965514544983,0.5567389306408084,0.0359746841624273,0.5149170331462842,0.0209035597202051,1.0875770258838513,-0.1870215898821735,-0.1347564036511174,0.2025987737316177,0.385546237700742,-0.4893126622762517,0.35904299436778,0.1952113785469961,0.2336362498141844,0.0604692906029093,-0.0181340712974031,-0.4130829038385309,-0.4775729366075183,0.2715244333788291,0.1736875010514095,0.137864922087139,0.1981482526309845,0.0302600447908359,-0.0078878728717984,0.1443636154689727,-0.0485240396107336,-0.0516325412440481,-0.0285615117513219,-0.1018629232467997,-0.0086439686867905,-0.1108651355729844,-0.0209853537060121,-0.1079492679800779,0.0058276131927832,-0.0233068628750518,-0.0463081314885389,-0.1682951876312417,-0.0384656526865396,0.1178321000826175,-0.069252668529906,3.707869343333333
Zn,Zn0-0.5CrO2,CrO2,ZnCr2O4,mp-aaachptz,1.9459915898223032,-3.134367174584072,-8.896200295707123,0.5132326417769426,6.199959160158314,0.246555207085748,2.151727284545625,1.800104601913512,-3.555221022454932,-2.132132830256771,-0.4055387279406017,1.1616288021792427,0.2771999469956338,0.4230142470831265,2.3685165258079617,2.126696664808419,-2.469203101780057,2.911161196313419,1.3895766525694138,2.092126125742546,0.2042686886361708,0.3390247830336541,0.0564646451662435,1.3900885749082084,0.6894890718077403,1.8664666791943192,1.049418328450238,-0.6371060623410628,-1.140423307286204,-0.5186236431489253,0.72929491131407,0.3511393976330748,-0.8457199322237581,-0.8062926983205818,0.5875742769140534,0.3834765390792511,-1.0760665471303017,-0.0440622348703517,0.344241405512006,0.277537747166822,-0.0103425006992173,0.1120806678264704,-0.6393989182995111,0.2696457645424977,-0.1853361618199106,-0.2901538174517785,0.1093005842335301,-0.2887541095731078,-0.7704522958261747,-0.5292781200815353,0.6342118097331574,-0.1776354252710904,1.0938474269181229,-0.4269211381628529,0.147878529787734,-0.3810834612229285,-0.8098327159397252,-0.0511733290970623,-0.2069474295125484,0.4736756078623624,0.38842043076049,-0.3423720745705543,-0.1715424921693512,-0.1980700461764744,0.1293243013302865,-0.3171682108829485,0.181239162663991,0.099323029651276,-0.2098790117818754,-0.0772966232426947,0.115489922884261,-0.2791476612275636,0.0011357838727013,-0.1924991198264938,0.573289343771101,-0.2237476560757585,-0.1078243736667457,0.3866343305741905,0.2073379112397686,-0.2271217095942974,1.7654479225000022
Li,Li0-0.5MnV2O4,MnV2O4,LiMn2V4O8,mp-aaaacaml,-1.0886674155935296,1.3960095230079042,-2.2611753103236976,-1.9599631079645372,1.2220564691226714,-3.1583888347114293,0.4744163501293267,1.662260158180998,-0.7812380621764312,1.2497310011085787,-0.5894976903815234,-3.064786928945244,1.8681763711449757,0.7165757502872011,0.8286233579374847,-0.6104056568070947,0.3439780427457494,0.9473563272908592,-2.117416632777108,-0.7785895899202515,0.6200732142836934,-0.6467982463588906,-1.639220731627717,-0.8570305897888758,0.5128801942090909,0.0852077255542205,-2.730221287525184,-0.8085091021848393,-1.2825024265686749,0.0205582333684585,-1.1115289077349029,0.3065747609566487,-0.5730605612046445,2.248052706193965,-0.2725043974586199,0.3068573031323721,0.2145049045218369,-0.276734128597342,-0.3409957323233956,-0.0039969554209161,-0.277949048093135,-1.0198721599000904,0.0260565718235201,-0.088598339929756,-0.7788118822293721,-0.4669798088482459,-0.4523026496292704,-0.4626660240394183,0.4421862823464622,0.4468788192635636,1.0302503797144849,-0.0721176885367744,-0.7457979133527848,-0.2180521593232137,0.5612455323361552,-0.5114215513063531,0.3024862323664244,0.231648940026498,-0.0838568873389744,-0.1047000191829243,-0.4426994360945737,-0.287656122353229,0.0047599517663287,-0.4223174869702014,-0.0034964804302835,-0.1227659381179595,0.1436638228581018,-0.2169506098481639,-0.241287957207688,-0.3320650724449886,0.1375121857941098,0.3147917617776989,0.228779537217036,-0.0210951808094671,0.1938329762147257,0.1119074257720013,0.2422410928984451,-0.0027097989693859,0.0711754550414287,-0.1987302279752666,1.227560993333317
Li,Li0-1BaSrNdTlCu2O7,BaSrNdTlCu2O7,BaSrLiNdTlCu2O7,mp-aaacrvtl,5.10992785642357,-1.8254369090535192,13.468456896150126,6.469160733079412,0.3329264285632043,0.8701323219328874,-0.9415271036515492,-4.059165164298287,3.47298246976792,0.9609744637840192,0.9066358325223918,1.1321149877879009,2.3244893743456467,-0.5629533977142479,0.0034397555679325,0.4979308498180105,-0.7907192966811999,1.4695734555772502,-2.026869262564281,-0.5360219023992565,-1.2347081582924715,0.22007570900394,1.723500037907832,1.0232272201325443,1.5389527844914586,-1.1163864533059316,0.6767931615034719,0.8037030538885334,-0.9235098614975568,0.1045658055571495,1.2512563477394814,0.6781458756219131,-0.4210734904297926,-0.1155882603664325,-0.6972496702153407,-0.0858264520718711,-0.2132136317884256,-0.086838036975339,-0.8093443203887654,0.4226663385301593,0.3612937310083292,-0.8211125169478819,0.1259595639861318,0.1330302320015728,-0.7152103087510397,-0.1600696623847515,-0.8990397792975517,0.3058438100883509,-0.1014215903052985,-1.383671715107896,-0.2558011306615262,0.8038582418819643,-0.4565234552976215,-0.1041768262938766,0.6039907462425842,-0.100800702294237,-0.5441693881530145,-0.1847231439656169,-0.1552996416074839,-0.708867814774428,-0.2192583222474751,-0.134451897266252,-0.3055444268305184,-0.369513903042619,-0.2619757971080967,0.3024101858745541,0.0482388976351891,0.1757120929857861,0.0041552409474334,-0.3826190594166857,-0.1522298785021772,-0.9424919445062784,0.5929371291360493,-0.8328126957997078,0.3541636538001241,-0.344594897800476,0.4345142729703056,0.4074923444550926,-0.2533933109871255,-0.0610296819740823,0.9113540533333452
Y,Y0-0.5SrCuBiO4,SrCuBiO4,Sr2YCu2(BiO4)2,mp-aaacyjja,5.448349391691676,-3.591334864565129,10.814360859370035,8.55776155124711,1.0444183088025782,2.565042957876313,0.6680833454485461,-2.240975914913971,2.591049861445697,-0.4154252999682232,0.7329947624516708,-0.7549380949246367,1.8101454134876835,-0.3855015927384274,-0.4571641651208195,0.3906641336519308,0.4092779856076414,0.6368854246554031,1.0112234331725245,0.9802927023018256,0.0200999864840754,0.9956791351345622,-0.9135679074701124,0.0601767003057892,1.9904174817144795,-0.5761918431283999,0.4946746737578939,0.0555526330739769,0.3680387207505675,2.7041460132768997,-0.0837019947777523,0.3279733389320538,-0.8693334545710024,-0.2726055593490483,0.7671269248978527,1.226011838518713,-1.4648851801189504,0.7181459023730472,-1.033012986993852,0.3958223100906305,0.2097953595908356,-0.2620908445248883,-0.3669792160664789,0.7571503376472731,-0.5251304636250241,1.596034846392658,0.0659556465971462,-0.1777692761760074,-1.3775211721311,-0.1612206010846048,-0.3647047869018727,0.9515125613047358,-0.1194518286764691,-0.4000586668027124,0.6429834424921147,-0.41542069300805,-0.2107048045552353,0.3845527054878976,0.2611838079989059,0.2405436229639208,0.2877993689091034,-0.2648753853426821,-0.3371589596894615,0.4225298521292711,-0.1919852655862645,0.5969420632098151,-0.2366014617644596,0.2587697363776525,-0.1905451542682317,-0.2829352809931186,0.2018785782583766,0.1053618634045624,0.0996855928793564,-0.5885625123287115,-0.33937195301471,0.7301411229814053,1.5332478389627542,0.3545262908432612,0.0821976943390768,-0.1148711646044341,2.819716808888891
Ca,Ca0-0.5Sr2MnGaO5,Sr2MnGaO5,Sr4CaMn2(GaO5)2,mp-aaacuzsr,-3.401012823406126,2.889646151096134,9.923691989693062,1.9323461052764817,1.7303046265895738,-1.3640880740963488,0.9341208734738718,0.8458957193036388,-0.9327263013791328,0.0911305693845622,1.874924401194311,-4.41685636978001,-0.1692197660009258,0.8571997177153846,5.921224438459292,0.6966313029039767,-3.6131519671870023,3.8486972222770808,1.680747492900508,2.935980874051388,-2.954645251466411,4.0831386906509,-0.0674746184985226,-3.887069151954316,-0.1976618476567083,-0.2558021852677627,0.9804257394726764,0.7725863967048465,-0.3297281775148828,-1.0322972917366324,-1.3217960418248609,0.2872838142897812,1.490025914285142,-0.0296768812105835,-0.0785000661432864,0.8578557104349125,0.90791451751808,-2.9983638723903074,-1.2585710053210903,-0.3021970488427918,0.2632147563830175,-1.484377128540317,1.019442347773295,1.052741294795232,2.050321047514035,-1.0006446066120602,0.3622873538666199,0.9762894617302422,0.8475231886089941,-0.0191656584771546,-1.3810620258680726,0.2440793927389648,0.4541142762443998,-0.1427643794904562,0.4919780440242985,-0.0612600466897818,0.5593757596365571,1.836848511850355,-0.0957830916270277,-0.1663516763823615,-1.2604209794792014,-0.2136002103362617,-0.7461228909777169,0.0253563047897193,0.6471514245255753,0.1491214147574018,-0.5106059491847713,0.3538873759916653,-0.5099845433680976,0.026963696495222,-0.6796206551139307,0.2628488622883864,0.1361171855756817,-0.8405624735586447,0.0693814821878873,-0.076277154916269,-0.3101854560518851,-0.7137797006734885,-0.6995719810992774,-0.2383647913958738,0.938815774999997
Zn,Zn0-4Cr5(TeO6)3,Cr5(TeO6)3,Zn4Cr5(TeO6)3,mp-aaachodb,4.257047203819344,-2.392945059946236,-3.0318692271744743,1.912664681029326,2.0378869327432776,2.924724554463544,0.3448438465215667,3.1360482203963924,-5.700369012222678,-2.3435810917095057,0.5351160513846245,1.584500189337107,-1.573634145228443,2.287362153630476,0.2718464779921773,4.001186637289034,-0.0221207922231901,2.171396769300676,-0.5970668257479487,-1.2029184630554026,0.8058107741685898,1.3764433093806152,0.5657143957458555,4.10737233718885,-1.09557336873071,0.5528744925494492,0.0405923530679505,-0.1951125699454069,0.687376002881652,-0.1436761191813279,0.2568391595764685,0.0922106369461197,-0.5124208807240591,-0.8924219030234433,-0.4805768514243531,0.4056974310654288,-0.5492299648175051,1.0976259151875325,0.59571960870632,0.1866206791051633,-0.5333338743663876,-0.2671596434454392,-0.3013817034250379,0.9652474270370396,-0.1238679815725266,0.4813638138767218,1.3872988036500915,-0.4441458329607118,-0.7037007891706407,-0.3123604560013455,0.0082335301872557,0.2672666829668693,0.7470506516824846,0.1376539848012671,0.1301815324711956,-0.8913676521718334,-0.522425173576275,0.3216349681689207,0.4343163337481121,0.4020022411184214,0.9602000383874038,-0.0033451689470091,0.1831340821873076,0.0649110102471489,-0.2325699054123766,0.7798165416651691,-0.0383474648026613,-0.5420384246603703,-0.3465561289871276,-0.0369086906936162,-0.1540296080990172,0.148108074402051,0.2170900507169707,-0.162279524695244,-0.2297067678424921,0.151752645944431,0.2417976099120552,-0.3721528413436822,-0.4224143876786187,0.1256302071369924,1.338937660624999
Li,Li2-3Ti(BO3)2,Li2Ti(BO3)2,Li3Ti(BO3)2,mp-aaabrgdy,-0.2831147598096892,7.338304349896213,4.182648398272182,-11.87945635317294,5.359972322408877,3.580225595068527,-4.944803437833347,13.971931853237187,14.95599238564585,-4.309402938566669,5.349311299347157,9.93521862149824,1.5431662682860503,14.58395963871484,-0.0715515489110347,-7.099628660026841,-1.0902964391465206,0.6898069781873866,1.2123552817556698,2.1772786226182386,0.2360412395145578,-0.4500312581192937,0.0564695793659109,0.8418630868360875,-0.9691895419703872,-0.7229544939699113,0.3951278930051372,0.0887166319612812,-0.5002248228031497,-0.2766859898852363,-0.1178654954442125,-0.1820078239345,0.0865080629646537,-0.2870580525426766,-0.4497426231300718,0.2845940255086773,1.297376286677134,0.5594213321556365,-0.3729407697626807,0.9640853897202136,-0.559189858699326,-0.2936826171914419,0.207361648868844,-0.0321740470493948,-0.5010903233156537,0.1137344659959243,-0.2898529117296244,-0.9808719109922236,0.1525387224104464,0.3710473250313642,-0.2454979372392384,0.3726806629275567,0.0100507761874857,-0.2452265327990889,-0.1690720217727236,0.0042238064122882,-0.1641956147652477,0.2990508584198884,0.3230267772267648,-0.0837602371028858,0.222401895399607,-0.004653583607248,-0.2719962780098005,-0.0489250397506653,-0.2216640296613276,0.2683350679220247,0.2900078006455273,0.1532392705025304,-0.110178570093896,0.1024002370257615,-0.4154654000155588,-0.1234921215282779,-0.1346461259924794,-0.0749991656544068,-0.1850121091301258,-0.1253217255924986,0.0595444879326553,-0.0285531307932193,0.1113909850287042,0.0592402426521472,1.158541833333335
Mg,Mg0-0.5VZn2O4,VZn2O4,MgV2Zn4O8,mp-aaaacekp,-1.6848826080653532,-1.55558260728429,-1.1362992133486,1.0433112621672735,3.838272159167452,2.382231384513397,-0.6800380135467721,0.4197215245035885,0.2546048963441292,0.2016102960515094,-1.4478072669339002,0.2910664724022059,-0.6146049645207501,0.6532953744692677,0.3013997582150483,1.4252550118126597,-1.19761228894505,-0.0821112348731317,-0.925470708774818,0.3096164743711359,0.0685089460178313,-0.1290207046704732,-0.0322333494200061,-0.9239206389039494,0.33572414822711,0.189557950455295,1.5234505354132717,0.0719602594410934,0.4185602694476679,-1.996922613998168,-1.323082636304363,0.3013278094273588,0.3919732872802636,0.5034901689793394,0.8494448123177014,1.1247264539871236,2.2631558734362804,-1.3694704020059538,-0.4947337181761506,0.0845903389597403,-0.0710997470956776,0.2090895042733218,0.3140247374327655,-0.534965392237048,0.8392761620261779,0.2001600941723647,0.4636629042440227,0.7070580641633517,-0.1959410523712174,-0.0079857150589711,0.1372727910600018,-0.0211155650077388,0.4640966978578599,-0.0449671350372507,-0.0888368956441304,0.2729042756359436,-0.001011120083516,0.1734676514009638,0.4836238092824613,0.1584806277822109,0.0207012818501208,0.4084182761918488,0.5655877757154287,-0.3864625477034624,-0.3017930534290755,-0.1660539285968247,-0.0301700254187079,0.4644862533301873,-0.1950949325430588,0.2752589460504573,-0.1684989678678937,0.0667758370027648,0.868669312177443,0.1904289526628342,-0.1640175083936993,0.4237138984239001,0.3408087834240899,0.1385209720739022,-0.4513295620277204,-0.3722128916269124,0.8833229275000011
Li,Li0-1MnF3,MnF3,LiMnF3,mp-aaabfrie,-5.9200271209614135,5.897684230052452,-3.5994358441765155,2.3376829040630267,-0.1063445351793357,-4.48021267892462,-1.5045910983991595,0.6757752984776874,-1.6186794801073707,4.285485481223766,5.062572468406135,-1.562419247645541,0.2377101142763859,-0.1831272760029254,-1.7358325939397548,-1.1257348525638022,1.2640538398999688,0.6992623243716459,1.3650228839003586,0.5277703762789345,0.5144784296655751,1.622467781760873,1.1877180313446858,0.4833413201148787,1.065493405905757,-1.042036582294815,-0.2343493424431069,-0.1693022070097661,-0.4952264360279417,-0.223535834968192,-0.4427043286923898,-0.356476596814408,0.4183697783813788,0.0086542103711144,0.3255390589616213,-0.4657704041558448,0.1658253649764147,0.1063348105326972,0.1075074162625168,0.7390414657053107,-1.2047256269205562,0.6195628875090541,0.1612705668566147,0.2385385202244497,-0.236746154490242,-0.4791647758212222,0.1981791412048285,0.2853014174364754,0.2791181718752463,-0.1515878271431347,-0.2719583709142575,-0.0565897301812069,-0.1711169051815736,0.1833939891555761,-0.2515782082532221,0.4459286512494125,0.1709247028396449,0.1685790892149074,-0.1737606911096794,0.3260328742076086,-0.066951138982714,0.5462697852022729,-0.3222031788636392,-0.3444205381838735,0.564106977906745,-0.1899295934153756,0.4526948051159092,0.0478518187418048,0.1943354324145935,0.175207840528767,-0.4250456344452386,-0.1401614540151307,0.0271610371857084,-0.0302255995375002,0.2382476679322057,-0.1406852708306487,0.2133552855053389,0.2315068322209189,0.2786588888496455,0.0794149896335258,3.999895563333337
Li,Li1-4Nb(TeO4)3,LiNb(TeO4)3,Li4Nb(TeO4)3,mp-aaabrdwv,0.4645338307437528,3.382079302510033,5.019157064782214,0.6172940219340011,-2.6427007222282537,0.3336275769703312,-3.235222471310608,1.8915511092843165,-0.4292364390895861,2.543190638154185,-2.577253303304311,-0.1656870152181918,-2.964975079726503,0.4927611205682622,-0.1668933848915341,-0.0103600090971452,-0.2663947405749056,0.2240820973717246,-1.155013261292693,0.9415429765706944,0.4432613764912242,-0.0975195419094545,1.203907555414572,0.2749824037677688,-0.1167235672098735,-1.337760247972588,-0.5333869566642502,0.227761917258145,0.5708884141274272,-0.8667820505909185,-0.2189885621830692,0.6414168193621019,-0.4442812433144906,0.2189019259980458,1.3016087542199242,1.8140272786758893,0.4068622530935227,-0.1539837676263779,0.4468998824595867,-2.04556857759272,0.789607559892061,0.2595315183057773,-0.050256842793499,0.0597249329082584,-0.4734362475593461,1.121841756512986,-0.6027433299421987,0.6506676733154527,0.2926063343878128,0.0855080307311229,-0.4652941938238504,0.3062290766380343,0.7010050676969735,-0.0211219892197103,0.8565556965577422,-0.1395113232652853,-0.3060832421947424,-0.8338669526367104,-0.0451209258278569,0.8135777202506123,0.2758985661117243,0.0597051747541729,0.750555231233111,0.0671532058933713,-0.3310010532847283,0.3072819721898765,-0.5390725933923315,0.9646241152126614,0.0548847348440367,0.2113320519390168,0.4706338914988828,0.2080752905696812,0.6821573350656738,0.4376659572694008,0.580106366172284,0.6675013955303373,-0.0522886599046662,-0.2362282191677509,0.2810012598318447,-0.1776108160213871,3.126698679999998
Mg,Mg0-0.25MoO3,MoO3,Mg(MoO3)4,mp-aaaboskg,7.145150865873427,-2.5655562682909334,-6.865811005448996,1.6178742724977162,2.596507599061452,-0.926894407830118,0.1430827091872315,0.9772874307481532,1.5278144595161771,1.631603592371056,-1.9886002795248816,-1.4143387222037276,-1.4554133360853565,-1.620564235039409,0.3121626318906919,-2.824039806762844,-0.1128788754365832,-0.2594741444596577,-2.1847955124926526,1.6194599855789016,-0.6251744441498391,0.8773410613095602,1.0860306850924757,0.4716675417585846,-4.161087503766922,-0.5861735618007615,0.0067096966168848,0.7184141960738374,0.2626242373039748,0.6141687213622873,-0.2724114753817876,-0.778721146353752,0.0533723382272987,-0.0507599217255816,-0.37044846794638,-0.6952907041857841,0.4471392688141381,0.7549779682401476,-1.2858508514682416,0.2112943730412969,0.3268432095531573,0.3158418890774548,0.6931440917203271,1.0669804485012937,-0.7856564755053745,-0.5422272554841048,0.4615285662018219,0.5553366622431766,0.1608776006619285,-0.421247787480368,-0.4061687153543798,0.5732442080970166,0.2179281019837019,-0.4036913159785794,0.2608056468636138,-0.3547271311247753,0.0168110920460965,0.205888234758224,-0.1401421752352658,0.1354532938684575,-0.1375836242961162,-0.016186766051046,0.328100671105395,-0.1573530426132144,-0.086118530792457,-0.6152906443680508,-0.2906968149733548,-0.0795329214813519,0.33173319883422,-0.0578525566551686,0.0843424852443523,0.0818132645165909,0.1114816148140122,0.2659895338196766,0.148876160622294,0.1491555800020393,-0.0303609383001965,-0.1909811057307883,0.1828601141562173,0.3800646673606108,2.24037804499999
Li,Li0-2TiMn2O6,TiMn2O6,Li2TiMn2O6,mp-aaackrfp,-2.920712918533137,2.568565384250191,-1.5483528170361045,-1.1065866954243329,-0.4925840526200356,-2.842302823861924,-0.4965575331691614,0.964038647808746,-1.284999187635848,1.0014247496780389,0.0542711224905628,-2.459884800844251,1.4332915941644109,0.6411707850506153,1.04974350333291,-0.487198647073256,0.5717128396209952,0.719950254667226,-1.2941429503326922,0.5369927518939569,1.0661864216434078,0.2667217268945768,1.0270516028353844,-0.9248377911466572,0.706126320863986,1.4395241314597158,0.7219728790175182,-1.3069844534153998,-1.0019626044753318,-0.4753801678403708,-0.1011781146490427,-0.0804781667114789,-0.1679358540231145,0.4349749942053348,0.6873067317046391,0.1149160716853328,-0.23324487500381,0.1864357329560764,-0.4640310101474174,-0.5171056124960369,0.9001247515566269,0.3487280227856506,-0.1180001871176204,0.485834041089569,-0.0309129264734581,-0.2545722038555712,-0.7575734016029905,0.323797427739012,-0.1619672279515426,-0.3732898039068743,0.3283565035782774,-0.053671427541888,-0.9149204679664508,-0.0339849840756942,0.2974146817491614,-0.3725753258499006,0.2717722935090601,0.071680724752642,-0.466517103678824,-0.0047297871908161,0.3683378287523425,0.4179366221955899,-0.1493998692235814,0.0452516440034319,-0.2266810451621045,-0.2965251154906343,-0.0716542672829938,0.0103651461657862,0.081877935531236,0.1006589077393205,0.4219041289331633,0.4090980405466757,0.1116467346979099,-0.0526762329012392,-0.1951612893639132,-0.1354557801675687,0.2100042512749388,0.2025566359029184,-0.2010533080458361,-0.2709279226482817,3.331597120833334
Li,Li5-6VF8,Li5VF8,Li6VF8,mp-aaabqwgq,-5.617977238365852,8.007608165809597,4.829855194285744,-3.672304066098471,4.2761504872051885,-1.262094996379446,-3.4562474806836225,-1.6215710297965131,-1.4757559800288316,4.789145677128383,-0.5010180988818882,3.6706397666550328,-2.499006952330123,-0.2077475542318892,-0.882625693452861,0.8428617502535604,-0.945623845179174,-1.5845776823895164,1.3467377486747951,2.047101495706881,1.887861141887363,-1.0386333313569462,-0.3741885386703129,0.409932151124781,-0.0250559186924271,0.573097434218769,2.2175920854374813,-1.1955809431572082,-1.0027332830088225,-1.0624705918571613,-0.7935033915201578,0.0650952517057094,0.1621850429262187,-0.2654795063969561,-0.089054109261462,1.4343296038461746,0.9875088634042848,0.7030359323836067,-1.0312165700106335,0.0967010996789153,0.1588439513447003,-1.767888893805622,1.010098647121451,-1.731815766619011,-0.9101788746235364,-0.3259508942766003,0.9427448820875214,-0.0538823842879114,-0.1578976910363093,0.0903478236295104,0.8549785226346919,-0.1230083605579388,0.1742765020932274,-0.2881225942451763,-0.1610258779721733,0.3837672475722904,0.4051507097322906,-0.2622544081034695,-0.0560956740660678,-0.1095056671441551,0.1352330374180027,-0.3796426100839611,0.4834867854552533,-0.1596589598862908,-0.4203308915615421,-0.0086100070636187,-0.1640228942459354,0.1523959637612367,0.2564590551796938,-0.318496026352149,0.4201165890637911,-0.033184382534799,0.5905617800999731,0.3217234667564839,0.2074583560769252,-0.0692765392410049,0.1970420048137177,0.2267967754575569,0.2601540364531197,-0.1307738425458362,2.129598203333334
Li,Li3-4MnOF4,Li3MnOF4,Li4MnOF4,mp-aaacupwq,-7.607506679727433,7.922640099515789,5.789488739061472,-1.2713024144836742,2.6143398677351133,-0.7804587317829936,-2.408070067513073,-0.0186838945064343,-3.339781564897748,4.372402209954378,3.887989460623555,-0.4479860191511234,-0.4870090676405682,-1.346940506534416,-0.6782533391434546,-1.901903828484119,0.7580897556531677,-1.0427660379988992,1.788615733195704,3.0019664598306988,1.1824658091458125,-0.6503274934424476,0.7492784472914724,1.4726023241135306,0.6678801244522024,-0.9162683621406252,-0.1182403496720608,-0.2275459849836161,-1.2626198658417878,-0.1851155022292697,-0.3795785802049184,-0.5398379457225967,0.6964347726488931,-0.5896799754317268,-0.839278329852669,0.0265552238601142,1.3881647681681863,0.9989430605912,-0.3617916352090395,1.322044780136434,0.474196079173918,-0.4859916001087964,-0.0744884641714019,-1.625444680973009,-0.4192195220122613,-0.6624234311658993,0.7546030924896707,-0.5327256892038243,-0.5964353447707342,-0.0274545184372501,0.659162596555231,-0.2188018230159212,0.3124024656541709,-0.0055642905738302,-0.0426418171992879,0.1652723293677777,0.5138228990028619,0.34689925308317,0.0587207766498056,-0.2435557856412206,-0.282539775266405,-0.2027729974525595,0.0204216385837229,-0.1395105116050065,0.0682134811022658,0.354483728282627,-0.2965710970778002,-0.1483298853416309,0.0341889703265891,-0.5197774319420213,0.3256245829031734,-0.0903923815175223,0.1797304670806088,-0.4178799172891104,-0.1056731674105308,0.1009745024399103,0.1594485782906914,0.0178761344638823,0.0674328976672568,0.0047823029538223,2.8052929008333343
Mg,Mg0-1V6O11F,V6O11F,MgV6O11F,mp-aaabrmei,-1.252764039101193,0.9143639709354976,-5.505778178938448,2.049678658016622,5.910962546775584,-1.7120034509164987,1.3297362094523102,1.666816443762514,-0.1523682203709579,1.943516225941702,-1.610879305295399,0.3603720233570778,-0.7545630128146521,0.1471478578872334,-1.8006371033600936,-0.4818086185482009,0.0246817265437791,-0.9373639940737292,-0.8865119206918826,-0.1666474738382067,-0.7407698519975475,-1.4571318546782115,0.2851749954818187,-1.0010730400377768,0.3980488544056802,1.0239727677441202,1.1725242340571882,-0.6315506776665006,-1.4213612351229712,-0.7887835732451839,-0.5639415611244676,0.1026309069731803,0.3064492240042215,0.3897163885441156,0.3612326687325609,-0.1834565848897192,-0.4561048379391487,0.1895179420492753,0.2478761590505795,0.2298654810279958,0.0734814752857317,-0.4627840987703349,0.4984330765371376,-0.2007186540867374,0.7249156292323228,0.0853046713420872,0.2913094896010371,-0.8498305631115756,0.1725827888865987,-0.0620062322989802,-0.0415279458325665,0.541964944876837,0.0804079260307883,0.4028665000512318,0.8956784164283472,-0.4377259897806412,-0.483716623774953,-1.0650432944249768,0.5454689884234492,-0.6302931319668594,-1.1200107570436115,-0.8220229005301956,-0.4761048244226849,0.2961231223542566,-0.720117997683039,0.1585304203723266,-0.8501562067449463,0.0131473684504577,-0.095492455151715,0.0958195658466181,0.0842806665930906,0.5443140544440934,-0.2714618526084034,-0.3500352060151893,-0.4673402829611348,0.3325810889662103,-0.2789403084471372,0.1307876036731482,-0.0089681104345501,0.2793395650811149,0.754821795000002
Mg,Mg0-1Ti3V5O16,Ti3V5O16,MgTi3V5O16,mp-aaabsefr,-1.3171534099163902,-1.0004802579995191,-4.471297807368368,0.8219447862681567,4.84934005472279,0.112351467723687,1.012029437034219,1.930868689250117,-0.0413362727186326,-0.2511516957013573,-3.507700412566701,0.8911223408073838,-0.168954462962781,0.2855751916083239,-0.2964440949226071,-0.454742000379504,0.1473712936917071,-1.593295437570219,-2.089226270026733,0.1054473389085176,-0.5122940715270193,-0.4490046129182692,1.3703173035007528,0.156676868183921,0.1773426898713794,-1.2488081266977915,-0.1637710812476323,0.990288821327579,-0.7859490878438472,-0.1206797752281547,-0.1263861254994598,0.2194829628682635,0.0716480020772444,0.3508889708521929,-0.4429964774214902,0.1141091102087279,-0.314480381439574,0.3374128922430466,0.2010244489777692,0.3409890293311425,-0.0429844251934588,-0.185375820736259,0.2439136492601228,-0.5376242034692419,0.4134701764271949,-0.0183424936471432,-0.0586191957804095,-0.221831625890001,-0.1937260244019182,0.0684974324357867,-0.0806690080308669,0.3250703961766545,-0.1078195526471185,-0.3800252047281182,0.5531382251089489,0.0061695591991244,0.1426234824685228,0.471493872093881,0.1384028117680495,-0.1057957575053808,-0.1136669893304927,-0.178840467093379,0.3606468736385015,-0.3395455836328409,0.2417500276536675,-0.1389092677167917,0.1360358443226813,-0.1073233437828584,0.1995939131396211,0.0637871628594329,0.0557433674553141,0.1352596874669342,0.1336731786373558,0.1296991362304454,0.0420183864209106,0.3395870332752706,-0.0652066036158915,-0.1822652227830187,0.0916323873831062,0.3306402638345492,2.624986359999998
Mg,Mg0-1FeF4,FeF4,MgFeF4,mp-aaadbmck,-1.7666947190261828,1.744266895194155,-7.05322006364114,3.6312727464312777,3.887033360347127,-1.144326326095174,0.0357503766816355,-1.115230562589561,-0.9711475441452844,2.5964314501895376,4.111839054409138,1.3189638877103975,-2.4477325636456966,-0.4537107441871544,-2.428552926020186,-0.5597399456721385,0.3781499948147674,-0.7496300262392243,2.266535595456433,-1.1637048311256506,1.023868091963334,-1.1558766477754394,-0.1163105923947172,-1.6459457404721165,-0.3388390080938678,-1.3640049549611113,1.3413509145014335,-1.5167027708245926,1.2960442148210185,3.0230596451812177,-1.095610477807038,-0.1568000679125013,0.0109579228414364,0.3868442738291015,0.9566709414547876,0.5490424474757605,0.2947036198142985,0.0497817467993927,-0.6213675197991075,-1.0829258386932386,-0.1242983273623743,0.0895094898002343,-1.0844426501497109,0.0691192654795072,0.1264274029027061,0.0676963099987115,0.3678730623342512,0.5178714463030699,-0.9115344536048976,-0.0378056107908996,-0.5478257239646158,-0.7233789566445991,-0.2823248624063755,0.0875759721479772,-0.0381434690330015,0.7037975927654091,0.0417195870875308,0.5049833169585765,0.0398000643135522,0.0778041684811909,0.232224276821927,-0.0899420763498382,-0.1079096208762106,-0.0770523119368502,0.0848503595965441,0.0422652002651938,-0.1074980387063553,-0.0925676743967331,-0.0732969158776623,-0.2124405276366695,-0.5026298366611459,-0.4254987309072798,-0.2785315488883223,-0.2647128330252034,-0.1811256158546739,-0.425588061193153,0.0274736178478362,-0.3287998855434565,0.0471646007304874,-0.2556691627125768,4.353590335000001
Y,Y0-1Ba2Fe3O8,Ba2Fe3O8,Ba2YFe3O8,mp-aaadcizz,3.8876793068135034,0.1266009515554818,8.48395417417903,4.18685202936428,1.8551208724968624,-1.7521187252411343,3.277718554616544,1.4699352181114214,-1.6043182157000386,-1.7224796154456825,-0.499445698143371,1.7346224335713458,2.2529942305554846,-0.9223579498981777,1.4142494010954858,-1.2491803774549028,-0.2114619886946823,-1.0082207143849553,2.445274296533199,-2.041596277579614,-0.3402088615874086,2.3380065520027995,-1.9882506162799929,1.034834155300936,-0.0414734118863005,-0.26448350035652,0.4614701713795486,-0.942246843031066,1.2604506460487,2.8115443547956067,-1.0036191267530483,0.245460461256874,-0.9836978198466392,0.0204261638959239,0.6295143202264216,0.9109664078662216,-1.0051838078966042,-0.0882297292206819,-0.3025140316049466,-0.2872609910647163,0.4940741130511655,0.3575992076126861,-0.689502607815269,-0.0681727000686127,0.4408527168416803,0.4462855339078093,0.6889576467271605,-0.6144757454283823,0.1120400695432687,0.7285572992080277,-0.3703247083488595,-0.0507279701284455,-0.0006312447151545,0.1744894736637157,-0.09139987931056,-0.1379889049762084,0.3213734526370599,0.3877043500489879,-0.283027960976576,0.9373338565820648,0.3918321146014966,-0.4123455653544596,-0.3365383329634381,0.2222754518665625,-0.0843909784538634,-0.1809027120829193,0.0124505185537624,-0.1327446343109302,-0.1366166121651088,0.3548020890097718,0.1283645286896103,0.6738772398123505,0.0197862394835486,0.3947942466602816,-0.301956522938175,0.1388097518496395,0.6707024614383356,0.3665494848093207,0.0667647696288423,0.1084237881060299,3.813406545555553
Li,Li0-3La7(FeO8)2,La7(FeO8)2,Li3La7(FeO8)2,mp-aaabrwes,2.698311854657724,0.6741864719219792,7.494265167353104,3.688235774046972,-0.5321410566748112,-2.1747066067111294,-1.3970569148120089,1.0501156957196485,-0.7163879879943157,2.3769648002576207,-0.9376295600359428,1.5373610272863265,3.452002357263768,-0.1613597984289127,1.0102861296338037,-1.0551510143396636,-0.1967502421432597,-0.508598918579375,-0.1400522742362484,-1.831211288387744,-0.2320960358359818,2.175872113362185,0.9637049247499688,1.4847334473627412,0.7379487073179354,-1.0330064788417552,0.4806698485428816,-1.4795573643960085,0.7590093619362819,0.217970198075651,0.9547549330801792,0.7013191350051724,-2.002766885415012,1.4971482725851035,0.1011617994248991,-0.7199122651786418,1.2825191838063386,-0.9384029411997846,0.5376290801237658,0.0830070648840595,-0.1288864566968217,-0.401195748853861,1.0238412893988618,-1.5269904700786288,-0.4837443301883313,-0.470018751603913,0.1636079158188419,0.5823039563315405,-0.1040761188737688,-0.9483763077785052,-0.8350958557851093,-0.3264870854398577,-0.2448351216514372,0.1959677217373762,0.704391069426321,0.288648840716154,0.0327577300481301,0.63065723613718,-1.410101617119717,-0.5096855757656708,-0.6734577575412481,-0.5900035131655433,0.3710029865158229,0.4683795842383418,-0.0929367069461605,0.308807668598158,-0.229393442555872,-0.1334254245572975,0.1705977905247925,0.3256122104319219,-0.7875322901868803,-0.312932585211313,-0.0425161569893424,0.039409460045581,0.3066579003998629,-0.1437807487967954,-0.4056130393588493,0.2597256057233155,0.2666322340129622,0.2837505487581004,3.935767320000001
Ca,Ca0-0.5NiO2,NiO2,Ca(NiO2)2,mp-aaachhke,-0.4471740990675659,-2.6158673100228094,-3.162588618560421,1.810838439710874,1.915540174927732,-2.214467794919497,0.8537044367484069,-3.106253111769373,3.4589943763853643,-1.5341302167980484,0.0097961145317152,0.1800798410946335,1.404368313910661,0.1859651968455057,2.719933619926183,0.1568801353681961,0.6702209184621036,-2.2018218613776184,1.5768486977352651,-2.106157643356753,1.0358340439711045,1.1871628480437584,-0.4374961138057661,-0.6555688077494605,-0.5820193335477725,-0.6293271747315501,-0.2248916440306923,0.1362701216104566,0.9452970240933456,0.2725853479465115,2.035695807277236,-1.8360096811105784,4.773512187069129,1.2276173231064489,0.0912560795762771,1.733882184826718,0.6656399145942075,-0.220639441752655,0.7425473938024466,0.2351672815896606,-0.1212466014920669,-1.1187218899231208,0.4906556355641659,0.4930760855661831,-0.0003655040042463,0.0547024479511503,-0.4353723269373925,0.15476356154394,-0.6266018248817843,-0.6510518278029852,0.4410267867698829,0.3590975468047916,0.0984602707150555,0.026719064303347,-0.586449198387083,-0.2658327532496028,0.3686600383709494,-0.1970503077887399,0.1444356145636441,0.1206076736048329,0.2203048882833846,0.1800280875838508,-0.1181455253884874,0.2299335126635935,-0.1307852532295016,-0.120623685094949,0.004874977277836,0.2115416411276769,0.1028750475183981,-0.2450932220447332,-0.1283491715473256,0.1928263420037962,-0.1513297138330269,-0.3204443365498356,0.0728874073135714,-0.0814062629814371,-0.1899170602718337,0.0079913238709134,-0.0283761125433901,0.2171425556988521,3.831553890000001
Mg,Mg0-1Ti(FeO2)4,Ti(FeO2)4,MgTi(FeO2)4,mp-aaaacams,0.3458573679594414,-1.2648844838147428,-3.9013814888261154,0.1382434569851016,3.782925229082085,0.8117820091810009,1.1842179714916825,0.6264115081739919,-1.621505268472854,-0.4716329445920492,0.0109022339074688,-0.0514412015440222,-0.0712609882450813,0.3685079148872685,0.6359659860936957,-0.8599403820322499,0.2176695543041992,-1.8045876073386935,-1.4259754754513103,-1.075333056741586,-1.0221610802803107,-0.7535889154279537,1.077865105403108,0.8051434466717305,-0.8184187052809226,-1.0793715646168125,-0.0620340521904548,0.2344090603725477,-0.2944204763985157,0.0342267207493272,0.0635477992487132,0.3026928602131951,-0.3000352420698572,0.246404938508566,-0.2704895325342188,0.1324054763292919,-0.7826367055449202,0.0798663889922056,0.213890121347778,-0.6391669664427523,0.1418455393657528,0.0357044645850724,-0.1337232584674554,-0.3741558978785982,0.2140823546296185,0.124653580880764,0.1483086364253471,0.1795173055484249,-0.6124186859379543,-0.1369683870618646,0.0570293382344005,-0.0320794855138792,-0.1221429219345466,0.1424737526967109,0.4741452467186153,-0.0725144806480189,-0.233111950511593,0.2729583577196505,-0.0878405972019077,0.1307099670577371,0.1602782621432682,0.3253108445829425,0.4791022169222567,0.0879160016459151,0.4106945952110034,0.074899854774548,-0.0683541994697948,0.0447359248302206,0.5536778076954414,0.0827412377181838,0.1415400866220066,0.0812493234571634,0.1823481373178184,0.31142760793265,0.1159070846940126,0.2508665205967434,-0.0366025202668308,0.1351185646865927,-0.2499627585403969,0.0856053758743389,2.8962515499999992
Li,Li0-4Mo3O8,Mo3O8,Li4Mo3O8,mp-aaaboskl,5.122550399760279,0.5986638581282234,-3.798719461102994,-2.0368621643645595,-1.0736543069326054,-5.028364453583808,-2.6552489449140126,-1.3260593275359294,3.174494861856576,3.710187700359301,-1.9636803796798143,-1.114935511004576,1.5990925177348156,-1.6428164965869354,0.8507552564431471,-2.7026190759388307,-1.631761325544972,1.7153114647806595,-0.8365142824175594,1.3627767713875356,1.5237668694391384,1.7053708768168658,1.629630347988497,2.524172422646513,-3.540074644751626,0.0762747276911183,0.506836878935967,0.0495762455015106,1.085258336688885,0.5390084821024872,-0.3869967863665243,-0.5764122351873894,-0.4580515885301404,-0.6779820506045395,-0.795394078464778,-1.127061173236472,-0.5107587043550689,-0.0899551985596489,-1.1382961313810045,-0.6557336224560185,-0.0902831585805956,0.0792749658995273,1.4454752980076953,1.8587922305881968,0.4138140376115925,0.600694225762097,-0.3867490252333165,0.2604150279920524,-0.3280521532690166,0.1800297737359174,-0.2081085197582046,-0.4391490460833231,-0.622587084911497,0.3660151237678658,-0.6826038733187022,0.370494758201877,0.3853053674348642,0.4076632269400891,-0.1467515648418684,0.2796811889687643,-0.5330080437683961,-0.1618784658780996,-0.2607568919184754,0.3135316755619002,-0.0723869486938682,-0.0218595881649132,-0.0949803361100628,0.1984543358923376,0.3499938457155885,0.2823524003161202,0.2114126904067564,-0.2913243805302151,-0.2451897212710675,-0.0832651406841483,-0.1533269861474004,0.0890133043039804,-0.2667403008444031,0.1361754177322552,-0.090892091020202,0.145665253372301,3.201325305833334
Li,Li4.5-5FeO4,Li9(FeO4)2,Li5FeO4,mp-aaabskdv,-5.155612350997133,4.230113500686299,7.060430710259806,-5.188490529314291,2.786530256007768,0.3556113697514504,-3.567721913998603,-2.1017487583739585,-3.020110471890588,2.3766223212272184,0.7815410999876693,1.9146901680364683,0.4854586334427409,-1.1121714522717574,2.8352817743725853,-1.582073057505626,-0.2450317194932968,-3.317593755773333,1.167882403574743,1.8401694778475517,0.8893953953202302,-1.7010496885184012,0.6397381407178216,0.672045025582559,0.5042440289800186,1.6369731204180296,0.1841392363471459,-0.9945828193971032,1.19910722856502,1.0947796647781027,1.5438199473492946,0.1648764957757143,-0.8902644070460531,-0.3856371902091049,-1.4633651625843542,-0.0403372436538165,0.5289561735246606,0.6776350444848624,-0.3797221851048277,0.2956257307975646,0.6199047773042929,-1.5198865421097056,1.2472057803640797,-1.3293540830036663,-0.6177792342976945,-0.9320362041262864,1.0299719423615792,-0.3173499149297282,0.7862086153929825,0.2252840628551823,0.99981267070129,-0.3445937484090399,0.0345210411965278,-0.8857188013745387,-0.4789231915583803,-0.0461874696804211,0.7490478681192791,0.151435656123843,0.1187211405275426,-0.0555773914532877,0.4229877386368675,-0.4460747888569522,0.2008030770090021,0.016704680439653,-0.6412227859604803,0.053508793413145,0.0701868819819381,0.3671975928569057,0.5802834814857227,-0.1400389412146941,0.125049315013742,-0.3253940566819364,0.3194356632521452,-0.0292301421114906,0.104844848658261,-0.0501098035790624,0.4161355867620931,-0.0801987363685749,-0.2328984546050559,-0.1269433713721088,3.397737743333327
Mg,Mg0-0.25VO2,VO2,MgV4O8,mp-aaaabcgk,-1.283368217972043,-1.6743478644651184,-5.136821539489101,1.130221405513688,5.426235575138692,-0.7441598455802136,1.1221160393771978,1.6543893535987264,0.300108188337508,0.3040385095017532,-3.1453795528254007,0.4610026545973601,0.6835736473082208,0.3203402623395747,0.1369498480346534,-0.0938377586332847,0.1866608772866836,-1.1037046670951836,-1.7704563313736774,0.0182339768220036,0.8136409546870988,-0.8841877101692855,-0.2254715006757572,-1.1629925052145915,0.8564900813292975,-0.9171057354525564,0.485334865338185,0.8080053455986794,0.5343324208573177,2.6626342522811104,-1.7766359513103551,-0.0916159502251136,0.1400538120657109,0.2000011375638567,0.726145990796421,0.4367288621424442,-0.4020054260818125,0.9778999574943676,-0.0381755777969685,-0.0504018672685551,0.2996483407113108,-0.1235985303227782,0.0389615389992614,-0.0400722750798156,0.7703806394530771,0.1065566379503756,-0.0541731071749104,-0.1615971138518571,0.0256184020628087,0.2797866884837068,-0.0788201899473664,0.1385874010559469,0.0090570671883235,-0.4509662801673607,0.0987953047659442,-0.0670978818066588,0.2043639436466854,0.2799999434823747,0.1932426443700885,0.0920546929069976,0.1457032194271842,-0.1761841593564701,-0.09020409836658,-0.2974128619729067,0.1531494662859515,-0.1325610855309838,-0.060851477693834,-0.0122084007351031,0.0878262558287511,0.0400060689455847,0.101203793755444,0.0962560488122328,0.0098182472791977,-0.0870594491172477,-0.0426354272466649,0.1569832412881933,-0.0166225044806555,-0.1484169756128832,0.0200636969470343,0.1792485515418007,0.8694684100000001
Mg,Mg0-0.5EuAg(WO4)2,EuAg(WO4)2,Eu2MgAg2(WO4)4,mp-aaacrajw,21.31920825194461,-0.6969530167019579,6.380936697867844,-2.297185714856274,-0.7403931162940877,4.06627032221887,-1.3569246723782316,-2.844823151939812,-0.7870198735838363,-0.9817330949991476,2.4297034771937858,-0.6911859118149535,-1.0773002321701706,2.2489658781099653,-2.3219493328654317,1.0748345933449306,0.8975374968413519,-0.3399429424602592,-2.7085825634505003,-0.3346920727787071,-0.3898336636037724,2.0461590685008813,1.801579402914096,-0.7832497934838704,0.3361601949088266,0.0759063071230361,-1.2035472118837558,0.2954125089198111,-1.8939794438382744,0.0476016107767272,0.2136988873790164,-0.3483844016759044,0.5361937712902262,-0.3000459672814121,0.9346890390128908,0.2324066123132185,-0.8208669795269625,-0.4193419394477626,0.3221863466888847,0.1953198472022649,-1.179731629360108,0.5074852408422276,-0.4960655173158442,-0.1621681810600357,-0.0327659985818431,0.6129973860871745,-0.5349966169686347,0.1556541146282672,0.9218403587629308,0.5515402502349509,-0.1609224076611265,-0.6132349754887376,0.26344600308731,-0.6738145455750729,-0.5003712869239093,-0.2403801852388344,0.8749324625614987,-0.4567633123300912,-0.0949899766181722,-0.5367361114748622,-0.1313565676605187,-0.0990524177363609,-0.0723838406701683,-0.5321964397221863,-0.1074038524079246,0.2642843159545853,-0.3884979737445084,0.3118694711075693,-0.0750434711791311,-0.1743393527820086,0.390002687687464,-0.4831435440641146,0.0706136202552361,-0.4148921923319104,-0.2390611791216687,-0.0421047079155085,-0.3425983907059708,-0.5819316485179127,-0.2843151213423143,0.0845838194493398,1.689100880000002
Mg,Mg0-3Si3(MoO6)2,Si3(MoO6)2,Mg3Si3(MoO6)2,mp-aaacnbup,5.055111029223761,-1.5291616834970043,-3.460657840239522,-0.015074687038816,0.344149530215612,2.7806656041332887,-0.6784842049264402,1.183047629415278,0.4369160982409794,-1.3076891551541914,-2.586853056955372,-2.429565968160629,-0.5854124565041506,-1.59294161232151,-2.731863348536898,-1.9584502824525791,0.8771870078491127,0.2881399746317128,0.2737915522369729,1.5161915413708784,4.402931736686926,-1.1711041676505107,-0.8611751160458017,-0.727370526428296,-2.7081005014205237,0.7307869826179529,-0.8796698145674725,0.1475893405914664,-0.9894020813485042,0.9724930595128184,-1.829992994759701,-0.8796182778912411,0.3308267015319694,2.7662160206404662,-2.431541272048217,-1.7199038366615242,0.6063646238920258,0.0702577754547002,0.1078366622192161,0.2722271410547874,1.0129848779743935,0.7812372157905073,-0.2558347632725198,0.3339946197984657,-0.3214661130891572,-1.3959512924002917,-0.4227883212085114,-0.7432434701711723,0.6368701235799346,-0.8893739717941153,0.8965182176816033,-0.0353760852678316,0.2142249075045057,-0.0735194139162358,0.8027449173241454,0.1908647258795114,-0.5023787810003174,0.2442309665233528,-0.2144507449525796,0.3586633603209535,0.2847738746078085,-0.4377238711146353,-0.2813444853420878,0.3554931934336712,0.67577415868443,0.1392728672250542,-0.1676531014074636,-0.1803318555721749,-0.3151359172750406,0.0162119268540006,-0.0583458643934494,0.1516200481482839,0.2072184999532738,-0.1071596602980184,0.0677347936936355,-0.1890539585681589,0.1429490477880417,0.1076696379463586,0.1490580508023616,-0.1404220991869133,2.355581750833332
Zn,Zn0-1Ti(BiO3)2,Ti(BiO3)2,TiZn(BiO3)2,mp-aaadaxhf,4.226732029685366,-4.822730397741927,2.840587902981308,9.158759538097446,-1.7983163218295812,2.520087564758396,-1.874993656796444,5.114572756588732,-2.3176809188371577,0.9436175508325858,-2.2051153709092217,1.0949835888184165,-1.7294426743845952,1.2250869584960078,0.7986400041686984,1.7731994156146764,-0.4275029894970394,1.5853916177472032,-0.0395366280308378,-0.2042771228668011,0.756067254591609,-0.2307403975055605,-1.391477565485754,0.9742024949025476,1.477495689751048,-0.2361407051887189,0.971279104103282,0.5795823721257128,0.8579004342808992,2.3869556929650755,-1.5989905990691209,0.1836843200176015,-0.2374717452681294,-0.7502171662128602,0.3137213962450818,0.7651541498871034,0.201662932258069,0.8247667424117691,0.2307003796330142,0.1843060123124632,-0.6094670685707628,-0.2027446280814692,-0.9253967052416066,0.5568439703654462,-0.3501792655960881,2.217922554781377,0.7109497550591181,0.3211857057056166,-1.208656882957741,-0.2982794847524416,0.821464847908588,0.5082518055269751,-0.1194993670758507,0.0234740121550928,0.4612168610845084,-0.5264210064153722,0.3108367087477974,-0.0516476211087599,-0.2821366966089317,0.5522893725128487,0.1801617727541928,0.5441688059888263,0.1366880700552365,0.0657972665945644,-0.38853095561429,1.2025345980549471,-0.5457100883348662,-0.1832992730374098,0.2921598726849186,0.28988096062985,0.1353546426812378,0.2948364560273879,0.0768113125321723,-0.1597819180304153,0.2126691613396541,0.3053794092626204,0.2392541644177515,-0.0244406189037059,-0.7501715216701834,0.1733717710397129,2.796908344999999
Li,Li0-1VF4,VF4,LiVF4,mp-aaabrfhk,-3.3061668476868715,5.731740471014289,-5.200348339027248,0.0278744279785012,1.8174516314233649,-5.403257050174557,-1.927185617912236,-0.7071228456673613,1.1436017145334871,4.23781952208152,-0.3369892779652341,2.726738984907944,-1.628037271624165,0.4955411139835293,-2.654406414758242,1.3495945462540615,-0.4937221490820276,0.5243520235454143,-0.0581179197449617,-0.6556148152768863,0.9969901839432492,1.11170131341845,-0.1174806216675911,-0.2915660335059578,0.640453123282147,0.7395471224864973,1.3836201726554211,-1.119985275462123,-0.610282055357985,-1.1718741879275956,-1.0033301868348572,0.0208979536108288,0.3307471530438879,0.4221100405841476,0.5234657566142759,0.4207969448372976,-0.5524499671352181,0.3783051336118391,-0.3102826586798514,-0.2806949254103052,0.3454915151593153,-0.0408093234101255,-0.1932680583507618,0.4809609086121194,-0.5248454543461039,0.1331151925335259,-0.2246164487289271,0.6892453428069278,0.1421419622573732,-0.4383437298538719,0.0447465617310276,-0.3500989751478865,-0.1068491592009213,-0.1654449511315539,-0.2143885200541818,0.3274806487570595,0.2389918276290868,0.1544053617105875,0.034316458191859,0.4571449378824858,0.0314654817743835,-0.1762911274422921,0.1195550009493971,0.2804475398999493,0.251943989065494,0.0840086344968456,-0.0521927502616361,-0.1764603749340008,0.0760345808054653,-0.0615383669813633,0.1532601498470196,-0.3389517237766244,-0.0316638744553686,0.0131171550421374,0.0300273253750012,-0.1931402429363385,0.0594875009773736,0.1267714242750318,-0.0614830996763187,-0.0287683566810817,3.923305307083336
Li,Li0-1Pr(WO4)2,Pr(WO4)2,LiPr(WO4)2,mp-aaaablhe,20.3636116898182,1.6003651451616063,3.137487189140218,-3.3304896550900667,-4.101753390103903,-0.9065894788989964,-2.9379832564920942,-0.9260024123048938,-1.3118972816465788,0.7570910190603334,0.6186456378028864,1.2286193784311212,0.9363488605004044,1.3156114377250108,-1.6863210377813873,-0.1672797960181565,1.0120317715095548,-1.2490452002267889,-1.976753864756736,-1.25090496517898,-0.2873815393741912,1.9833924192919048,0.3577536984367983,-1.4437677873216286,2.0602325140742286,2.5611645628817143,-1.6490985352698553,0.3602731095064301,-0.937698604325256,0.7665134708578846,1.0767233825814606,-0.2214858575436642,-0.4468425971624787,0.3674404732527769,0.7770681588469598,-1.4929710897853692,-0.7250441833894247,-0.4618186367970115,0.9503933779531202,0.7979206972297771,-0.9073866846428156,0.8781835518906893,0.1013655076968297,0.505153137196442,0.5183803751452642,-0.7246522401138328,-1.4726316937306798,0.9183050007953574,0.6619803504680996,0.7263477296170698,0.1896440485238316,-1.024171418471323,0.1843271832133637,-0.2249867284891178,-1.015918954639758,-0.1293426913316717,-0.1671749136348052,0.1059376581649283,-0.5094542038227488,-0.4006616760573561,0.3294283590158375,-0.5908239774589706,0.3196162693541594,0.0136721173776832,-0.5672400742597655,-0.3365268846181574,-0.8653407426048794,-0.8714292335377146,0.3098722407149353,-0.3539245034715,0.4577465227153855,-0.2907170147120604,-0.1343232957615804,-0.369030646908689,-0.1653215092480637,-0.3372135307200275,0.0697627657902963,0.7280523913097928,0.1101678036903815,0.1402563142147346,4.947659528333336
Li,Li0-1MnPO4,MnPO4,LiMnPO4,mp-aaabeszu,-6.509335068564778,2.6682024490344234,-2.557775800495042,0.9785260750709852,-3.602998374838775,-1.4926055749310705,-0.118836897511314,1.2010022288268936,-1.364146948897509,-0.6863405768503913,2.0991464855795203,-1.3070891970916207,1.189472005498257,-0.6608000434159246,0.9882144263114376,-1.620463698711378,0.2583358396489116,-0.1659155293420967,-1.157752730333369,1.0716615583913112,0.833875914005474,1.1761612428761778,-0.029185545389223,-0.179838396575425,1.1917895480196212,1.2133445884783052,1.418285255288218,0.4438368517704509,-0.8662416158767184,-1.1168666117525134,-1.2914668074261697,0.045039170766687,0.6312038382595535,0.0121373556223856,0.354331420997179,0.5720012839996548,-0.873307087506579,0.4759917137319469,0.0245106646680199,0.493925619829079,-0.6444236505651747,0.631033984326478,0.0710472588602464,0.1152179849336487,-0.1812399096353933,-0.4799182870168805,0.0910744108769477,0.5291553159166518,0.4965734032775197,-0.3382750445607904,-0.1000475343974895,0.067081987583319,0.5480726475427804,0.0238764149394887,0.3744394702903659,-0.0218828077635384,-0.2373260982090841,0.0204466912910525,-0.1878858872438006,0.0403885099732769,-0.0880151506130676,-0.1538714777621809,-0.3582662874907597,-0.1638905348757494,-0.280431233756333,-0.1035835682642221,0.001334480681096,0.1541408097227541,0.161675449467101,0.2409022173290459,-0.0906840286822961,0.0364518463795916,0.0696777660869369,0.1774527273674123,0.0382934418174326,-0.090417322586076,-0.0202792867699387,0.0889705325002965,0.1474720186579989,0.2315299608629062,4.234417403333329
Li,Li0-2VCo3O8,VCo3O8,Li2VCo3O8,mp-aaabqvii,-0.1977979315652143,1.1979245252750783,-2.817617537024492,-2.396896370365198,0.4987427021403334,-2.732360166642626,-1.0503579515596548,-1.202691694318497,1.0991599377269514,0.6585491922737173,-0.7810969378796453,0.3836531186042347,1.762020583752396,0.542502376453258,1.2778525743029714,0.3837932642680491,-0.5273674272464562,0.2646779050964855,-1.0833653082356014,-1.849537813131632,0.7840442395937245,-0.1974373944731864,-1.7458279725421075,0.8424719289665247,-0.1231152676830582,-0.5568794434279875,0.0108658318352931,0.2715089222419964,0.7461195057083462,0.2166101777425452,1.5799362798266354,-1.5155494390058342,4.256155067208255,1.8223157218346224,0.8975997604893078,0.826341286458538,-0.5351433318073365,-0.4736412686905751,0.8446407591898515,0.1161839275024835,0.2581460802339487,-0.2990420515469716,0.8623304481305624,0.5264710567003598,-0.0412580779047975,0.3872746009095891,-0.4768879341399513,0.5029920972505152,-0.6561461821094883,-0.8089508122173931,0.7245769971028513,0.1307613600307025,-0.0111898357210496,0.1277563604889916,-0.5533966720633631,-0.2833169567659927,0.236437801206136,-0.1047942965867574,-0.1158217835627654,0.2680293019030461,-0.0182939157141954,0.3954201838441785,0.0432520869291585,0.3439741489479299,-0.1138215047119854,-0.1296176824549879,-0.4292730106415791,0.1375531884300442,-0.0879379986488765,-0.0315604645918701,0.3732537756972889,0.1736101087750482,0.2469976176180272,0.0188840078755977,-0.0459162334375482,-0.1966219138966083,0.0446007391411675,-0.0752570693610062,0.0139107791059945,0.2060890545679573,4.186523248333336
Li,Li0-1V4OF11,V4OF11,LiV4OF11,mp-aaabsjgz,-2.4360135771774414,5.644152342737729,-5.326239846798687,0.6401817134119927,2.3384823639665258,-4.543130121975414,-1.038558476725731,0.3610714205190288,0.8363953914332409,3.666816418364465,-0.7077382726268797,1.5432416678776748,-1.1119016983168497,0.0807300057874283,-3.299949977054672,0.4245620361735925,-0.1615900066901933,0.5712386184415944,-0.406429475677269,-1.4337114117968148,-1.719395353841127,0.3185751268153418,-0.8555177164308252,-0.7202865457321019,0.9880447165028344,1.2452367122724657,-1.29590328913934,0.0069876735857763,0.2457735106701734,0.1657784270968789,0.2765060292712092,-0.0459653522144492,0.2232938689171359,-0.2047063846785326,-0.2000953886885045,-0.2845196149225316,-0.2644974552273386,0.0620917123940474,-0.3825530405097847,0.5698578424448164,0.1414756398910528,-0.5004977155448516,-0.022534768220557,0.2180216804551631,-0.3314011702869012,0.1397072418376964,-0.1708192766847336,0.0037712266031305,0.3574440861417921,-0.0358439149749781,0.3297142330497556,0.009040097512023,-0.0159494905772105,-0.045362678137539,-0.1124939142538648,0.0523007405614068,0.4148766158186177,0.5873056436694647,-0.1834768862633775,0.0948880067903936,0.1602048345470337,0.2139693291303562,0.3622240321811822,-0.3699196545677033,0.650518449434068,-0.0054211113204828,0.0953740916249845,-0.0105185212908077,-0.2307303420717373,-0.2061998970841276,-0.0571180998188444,-0.2728581539277392,0.2533942376695121,-0.0459468919130818,0.2431382345632807,-0.0672626381094622,0.2164195957542887,-0.2797444860673643,0.2011479591599846,-0.1172656972023343,2.814120238333321
Li,Li0-1V2(OF)3,V2(OF)3,LiV2(OF)3,mp-aaabrkyr,-2.6297601639535086,5.264023925862608,-4.450663241558958,0.0747148400949115,1.803516020739936,-4.673749748786803,-0.8943959938052113,0.2324080413970747,0.9498759273365984,3.147206972602542,-0.9417271430991973,1.0497115689034089,-0.2406786545184184,0.159066306046006,-2.4959690310210925,0.2932466180395422,-0.5031198281161808,0.6743873335363012,-0.3717165207037139,-1.0760011936152345,-0.8668639849800849,0.0006897339441884,-0.1507943958487081,-0.4137940643229862,1.0519959331957789,1.525551629133744,-1.0228452029605088,0.2284979029550619,0.5353208394841997,0.2397436342460256,0.4323258530736775,-0.0056768382759558,0.0366937902622301,-0.3161267371601072,-0.3193197840066777,-0.3346778379457762,-0.0747943931380931,-0.0871211697198748,0.041960334366004,0.1285788799918481,0.217280315284984,-0.1235080906507155,0.3702931067100266,0.4015744697938551,-0.0121884140441924,0.2616411319068421,-0.1487158300670727,-0.1761860133568382,0.5055806072637667,0.0059320817038489,0.0681598796184615,0.0905569999420173,-0.0045838437638494,0.0456105621154153,-0.3189724958166858,-0.2459701136337509,0.0125754715288543,-0.0516268674651609,0.2285484962955939,0.1328379169529239,-0.097711686227697,-0.0882041817534813,-0.1482401931668295,0.2606019352755022,0.0050911299139709,0.2474851017796205,-0.2048110049603569,0.0188756321872689,-0.2496487523433727,0.1520876161189471,-0.0497540973544903,0.0725308648682237,-0.1515446381235992,-0.1761191112142686,-0.0977053242925817,-0.0985180389343983,-0.0109348028590355,0.1346997929249917,0.0144752782840796,-0.0279996767326668,3.324755886666662
Li,Li0-1Sn(PO3)4,Sn(PO3)4,LiSn(PO3)4,mp-aaabrcal,-8.677546860466617,-0.9599315929813464,-0.9033879657664028,8.123975392619776,-7.790046305244292,2.24787429438255,-3.813614110659485,0.6267483773594564,1.290467854817683,-0.2461900405360006,-0.3869111736689115,0.1601742956307712,-1.4816070835997803,0.4393949400310394,0.6721621270732719,-0.7215936442299254,0.5437468400216172,-1.0965287651854707,-0.4110618537763227,-0.9710540563306872,-0.609001904239097,-0.0615594436490052,0.7136842912188781,-0.1752829163776269,-0.7832807761087667,-0.3824486629859553,-1.9095748057999489,-0.2866417239903933,-0.9042428214534656,0.2569472467106897,0.1907867709523898,-0.7381395292768923,0.4370286689358037,-0.0012593649355797,0.86450001135547,-0.0296596495779231,-0.0307724238359468,1.4354970634710238,-0.5664736475907867,-0.8102960836774397,0.2757268394924883,0.2810227068239778,0.76605040809262,-1.20787701583173,-0.0083876978215943,-1.1530697634191387,1.4100561150872917,-1.539577103136076,0.2680664461764779,-0.1446237293384786,0.0056635809967616,-0.50279014445914,0.7462501379463522,0.4522847959149967,0.0477747574481276,0.16826495231336,0.048868256427038,0.0728924193761999,-0.4078605061440737,0.2281442565087963,-0.1367757410369014,0.3702152139226748,-0.3583030014265766,-0.0391703183045883,0.5027913447831452,-0.2096244245789702,0.2712024503245477,-0.3341177006707225,-0.4207958459365962,-0.1791695987652791,0.1401609856608243,-0.0602086312793818,-0.2701562533770601,-0.0182686818468003,-0.232222990582669,0.194996322589272,-0.0195973004495775,0.0100840193922874,-0.0886592673355666,-0.2496560105115965,2.955058313333315
Li,Li2-3Bi(BO3)2,Li2Bi(BO3)2,Li3Bi(BO3)2,mp-aaabrsth,3.9700254681740392,5.313024825684304,8.990656084525558,-3.811051950512104,-0.5057490911200807,2.677701246874049,-6.041346463630141,16.420488369940827,11.923857757977736,0.7155033647157629,3.0605032039699043,0.7570190350520039,-0.859127942496239,-9.834896932838117,2.1078582528982093,7.503003302311966,-0.2954510167065466,-0.2428178891629088,1.0816069315680157,-1.5386183360384482,0.3934830947124719,-2.529814382658257,1.2293784971698305,1.8165820230595224,2.396354393666519,-2.5032817376680514,1.476902550489358,0.109101805048657,-0.0981537847395242,-0.8596898845842751,-0.003133179465625,1.1872667071793517,-0.0404910906004529,-0.0297741108759604,-0.6675138158170199,0.8377562813504127,-0.6914432761847308,1.1134199304904495,-0.5824019472313873,0.1413144512471449,-0.304322597579468,-0.4368599984468703,0.5858491063526126,0.6225696914358133,-1.346551857338737,-0.2005681255514936,0.68680345753132,-0.923530575564633,0.1734139635209035,0.1948291179738682,-0.5365718988277373,0.8869899526536292,0.130146109159852,-0.3967516781684436,-0.0936261739756824,0.0696011857126668,-0.3412500150606508,0.5264464102995566,0.7182277720519656,0.1690469471734435,-0.2270835667994839,-0.3686333349055504,-0.0326807494006721,-0.1921173729353973,-0.6328888491631162,0.4187428015325018,-0.4059658916090231,0.282920085151424,0.1739731940693363,0.0815602011189961,-0.0946633214663407,-0.4275343629828089,-0.3758753937893632,-0.2418071920744608,0.1169238458781267,-0.0732297734936587,0.0738525997558116,0.1769253539463465,0.2317311100608787,0.1242998473925182,3.916101730833337
Mg,Mg0-1Li14Co13O28,Li14Co13O28,Li14MgCo13O28,mp-aaabsgqu,-1.2226776923455174,3.651792416629685,4.449907510737019,-3.694813765061004,2.3820129594925,1.667029319280543,-1.7235356038483365,-1.5996942956743812,-1.65886364191001,0.9967673022713353,0.3568728943948213,1.2854588233800357,0.4340312887412956,-0.4100826684911075,1.289857728587584,-0.0843113670131233,-1.2456892913375968,-2.2687391344501338,-0.3026620162824888,-0.607276397844704,-1.2950196480428855,0.3057899593940606,-0.7544416484768312,-0.8206278951340475,0.0370453673291429,1.0393183457505784,0.0803558499774151,1.8500026229227104,-0.3228124700656414,0.5560621543366017,0.0500862586410941,0.2706022953657168,-0.0401486971760176,-0.151635599660882,-1.1333794404186852,-0.5717474378277415,0.2425907616825245,-0.5082549535325592,0.9215053938707674,-0.5302974457614144,-0.4202566889407652,-0.1255578232919416,-0.6821896248603962,-0.2868388067136481,-0.0520384594857038,-0.2434511062525945,0.4389280588382274,-0.8915250529476323,-0.3644324435392554,-1.725545358763035,0.3692568098779669,0.5484045625316276,-0.8286425480653543,-0.6679252865651389,-0.7101641816530895,0.174697920229137,-0.1178978087736443,0.0195410707213852,-0.0019463813141715,0.8851570205894991,0.3291474055052326,0.5040274184133715,0.4409483236196361,0.0299392656159278,-0.5548687334034216,-0.2021290217174425,0.396225284002397,0.1480318324027714,-0.450840167316801,0.1493091840579915,-0.2909319401424404,0.2610642015990884,-0.1739834007717193,-0.2858925832116157,-0.7991072119133693,0.6423146530065045,0.4501991366046312,0.1998817216462961,0.0344370811460659,0.3979419385767119,3.153296720000033
Li,Li1-6Ti3V(PO4)6,LiTi3V(PO4)6,Li6Ti3V(PO4)6,mp-aaabrcju,-4.421246708349887,4.792064578405988,1.6021557756378555,-2.580389132784497,-0.9705024355456958,1.519748091637484,-1.5818139750989904,0.5824384259809245,-0.8154287286938379,-0.6197536402579776,-3.0931085135640504,0.6099927038549795,-0.0409644569753089,0.7242472895556628,-0.8834265412123445,1.082281565659523,-0.7780922868070798,0.161145458635386,0.2722788001551467,0.1329715295880139,1.5905416233394831,-0.1224054090033954,-2.0090901808804515,-1.582202337427432,-1.2042406838123307,-1.509348595715786,-0.5613368035418821,0.7123679650651996,0.3727305806456522,-1.3009698494675426,0.1606983670762275,-0.1217212044957375,-0.2686444438456714,-0.61682813928266,1.3989061035507393,0.045520391308163,0.4188989175120002,0.2687198133269484,0.0987174907659352,-0.1936209616742556,0.3688810618518702,0.7686543551278948,0.1067157890698575,0.8012484445056882,0.1507228215209514,1.1849877362794297,-0.4559630060844157,0.0112313725452453,0.1721139254500643,0.3219744601585717,-0.5369639658838345,0.5801617183686539,0.0692528904037935,0.2876324430144095,0.4803050593962014,-0.037105270933873,-0.4731847902902721,-0.6127911579598052,0.2461178375988599,0.0034767936129832,-0.2435835911736166,0.030246071456455,0.1575272085686056,0.1601335495285124,0.1048666327157664,-0.0762851817889027,0.0015643651344246,-0.1152274449233299,0.0226787312796921,-0.1070942981835706,-0.2691751335101767,-0.0033266564048117,0.1505567192942614,-0.0736301139722432,0.279642220971134,0.1065333786219778,-0.260226509652501,-0.126545926832938,0.1520005028518006,-0.0235968858991592,2.343681571333336
Ca,Ca0-1NiSnP2O9,NiSnP2O9,CaNiSnP2O9,mp-aaachktj,-0.1642162799890867,-0.5568333659008082,0.6785093878325767,4.024322277758358,-4.259423921198966,3.3512514340026103,-0.3386374542928861,-0.6054459315645739,0.4751071738786879,-3.839570939432361,0.2248971902515365,-0.6987694219823297,-0.6303294529681684,0.5084297364162929,-0.0079510154968336,0.3499353808069963,2.466815295902608,-2.201716783626951,1.7733296675364585,-1.801489733623925,0.5699853847930988,1.4177622978510955,0.0883969987640589,-1.2269811769404702,0.271382234262593,1.2575200659970165,0.8953895965059859,-0.9988581221436512,0.1580596110226914,-1.262962495782747,-1.1342948380134912,-0.4604788730941676,0.9888721815549252,0.3538526426935386,-0.0987741154112609,0.3291597352394156,0.2134284693416437,0.5151352195662832,-0.701908285523761,0.1917218972608098,0.1180126664773069,-1.3934814718288917,0.2262388985634278,0.791169939495289,-0.0892379706215626,0.0489995330024597,0.722854352951111,-1.190913073082515,-0.3640526427296827,-0.1123958748721871,-0.0496996479235894,0.3816581170928186,0.0921174475324451,0.1318259209507429,0.114756119629379,-0.1830718869760486,0.1969902331110636,0.2752269830760719,0.0369610469702831,-0.3066719847088175,0.1066435611160268,0.3429482136772968,-0.0809460286896852,0.0965235219819333,0.4413797014133756,0.0008599957659051,0.0338846356008518,0.2208636106979085,0.3047341838639514,-0.0446902992757147,-0.0444952501737396,0.1084928602059579,-0.5445165545744628,-0.3863948991601336,-0.189856110479721,-0.0578091538443271,-0.2248451428184385,0.0941614649426744,0.2668270061738052,0.186590661004973,5.416001824999998
Li,Li0-1TiFe5O8,TiFe5O8,LiTiFe5O8,mp-aaacrgfa,-0.2746048204719223,0.9134907991562228,-2.4255460981230224,-2.070851053843357,0.7713144265237272,-2.2988469531669526,0.3146318778233705,-0.315748660387915,-0.4566657684755215,0.9438432251647754,0.0603139168329155,-0.4829794714118446,1.680108947612903,0.7601205186659731,1.4920841463301542,-0.4019044934386129,-0.3663942155861855,-0.7648859766752584,-2.077324377632288,-2.5510363874602398,-0.1383216096686915,-0.4928177596665697,-2.573908055259889,-0.3382534421425239,-0.6528046431667599,-0.9172016412804468,-1.0860769225926394,-0.8472974447802682,-0.5326207711364247,-0.4827338978416763,0.6210685615889733,0.1713609910921729,-0.8115973879882118,-1.2801072839992764,0.4591495994086651,-0.3961890637394729,-1.0020133260955864,0.1010378220730563,-0.3081736054374284,0.003230034308972,0.4963866787408815,-0.2300875964861415,-0.2251327594354675,-0.3290766677492964,-0.3284713761594069,0.2059462996564251,-0.0316516689893553,0.1888942501268568,-0.1340125486702384,-0.1095031877402263,0.4789736837855315,0.2109403505090098,-0.1897801689378776,0.3653218079688862,0.3016084223135141,-0.6136105487120017,-0.300080233720606,0.0049602392874847,-0.3006017935885753,-0.0325151249483881,-0.2393556936248022,0.2850792499389538,0.6618029119168476,0.1024613183119387,0.3001046122888335,0.2192260924150551,-0.2576497588328398,0.1651603692816887,0.1349161566329901,-0.0339553784558916,0.1416421826331253,0.2084433873124383,0.2956540537274642,0.4790044948206294,0.4113762212797497,-0.0545330735274835,-0.003286457015582,0.1876999483866752,-0.1398095079730195,-0.078543424408403,0.9400129433333332
Li,Li1.75-2SnO3,Li7(SnO3)4,Li2SnO3,mp-aaacromm,-7.24747822186799,0.9858213596184848,8.471802993330806,4.649358925264921,-0.902811708439379,1.5983360715246633,-5.307843322749619,-0.1721246106090797,-0.1784670376147307,3.5694566207159943,-1.3874379198104756,0.5694832720535574,1.162427468809245,-0.1960063118485479,3.27802407102881,-1.3608487212189784,-0.20271044363051,-2.7197255539087117,1.901484993057172,2.0658518770514203,-0.4370509353171177,-1.6862249004357446,1.8502976162879323,-0.6238222552535163,1.242925250601514,-0.9614840337366356,-1.4539428711528708,0.3140394476737569,-2.4672251792647355,0.6816599463927729,1.1133513303740896,-0.7509255378349943,-0.0706740897580833,0.1837265654987037,0.1133807017658361,-1.1524333141545358,0.579692077407501,1.707330122647604,-0.280995329078952,0.800340442234508,0.3071747189875614,0.2433325484804973,0.7720156358711652,-0.7749314100517789,-1.3866237465868334,-0.2042733868079796,0.7194522056861157,-0.4586006174189576,-0.692229240053853,0.1821423119004127,-0.5518102275316953,-0.6009257042305104,0.6542889777526786,0.527416234588165,-0.0372863096171836,-0.2862891130080536,-0.0879578943126113,0.5233468206747628,-0.5233105005223895,0.2996962775634592,0.3900374689873344,1.1062454094409926,-0.6184950358942999,-0.2950377226327611,-0.4813383585968976,0.5848894162002107,-0.0825234797793247,0.2528941704392701,0.2083486286807365,-0.1090095192769326,0.4672332952967354,-0.0601296868253704,-0.0254282390028111,-0.044081154200713,0.1801233432342317,0.199282884639896,-0.132143158379962,-0.3024271164613584,-0.0345591089765764,0.0579059375091317,4.657263323333329
Ca,Ca0-1Cu3(WO3)4,Cu3(WO3)4,CaCu3(WO3)4,mp-aaachjaj,20.899460521995287,-3.0644909262189044,1.3601878717576927,-2.507266576871653,-0.3597760836329414,1.437644126438292,-1.1057037442922772,-4.280594894831589,2.497868831546653,0.0547894859197103,2.711538693419452,-2.119936640081836,0.3165883338778248,1.902215505959904,-1.1634264462577038,1.135585341806874,2.2761722762078307,-0.395326909641907,-0.3929633077339426,-0.1866678151761141,0.4840268134310831,0.3628609657194543,-1.8467453211313525,-0.3454902304755792,-0.1848187254805751,0.6161116705360716,-3.111554770810858,-0.1341374368286436,-0.7513229807726298,-1.0046014911325274,-1.6256530396128683,0.0646702900940878,0.0949480582924873,1.329645615854886,-0.1603056387522176,1.117198934622692,-0.4881546137320499,0.1596414479008712,-0.0648256123909898,0.2027298401509289,-0.8979673146849614,-0.8751190046893363,-0.3354029239252297,0.4163209392444255,-0.0478581572257333,-0.4935446006092606,0.672065782599409,-0.1777571665514094,0.3968063807901036,0.459671897519752,0.770406042527642,-0.0397914063474529,0.141283005085649,-0.0151733095240025,0.0571581619828137,-1.0639622001578275,0.1321711976150731,-0.0144743088803401,0.2547341773500463,0.1335125965228228,0.1113344053612129,0.0903853609733932,0.5716285035567442,0.1855691025340551,-0.4416293448158018,0.2454908468958774,-0.2293067233052912,0.2719183318743938,0.5049252436945062,-0.0928914524545013,0.1761291082355934,0.1390336949658959,0.2685648954690634,0.0132186276010168,0.0811317390552936,0.1269033058870538,-0.3160610207736693,-0.1655070653365053,0.3792667017596198,0.3366184742636893,2.358407415000004
Mg,Mg0-0.5ScCrO4,ScCrO4,MgSc2Cr2O8,mp-aaabqxqe,1.8034543958935976,0.98160939533191,-1.836056905883188,-2.150791690545101,4.296028650080133,0.4173412057609955,1.488806289539368,0.2784270794762816,-3.400901799780928,-2.1093186567545623,-1.0917956075003723,1.5396308658550997,2.513839341949529,0.6050928518873105,-0.930547006625248,1.76709547502421,0.7720472709471669,-1.5322925762192272,-0.478241102274208,0.958573108411814,0.2833113933795312,0.7186486800592983,0.313199968324878,-0.7034079849647915,0.3971902267208887,1.2362155349164938,1.637303014352932,-0.701876196634488,-1.5740474403819278,-0.0008531022918596,0.0230952138811684,0.1989867716120654,-0.7796266242296759,1.3162328669469194,0.5499212379800588,-0.7096914970808491,-1.4517513020384367,0.4629618140773958,1.037872165733789,0.522484644971622,-0.3973991957978831,0.8915880584502948,0.672040603494033,-0.3100931642480111,0.1481654327146431,-1.442753128230402,-0.817768315656337,0.8872515742946976,0.0016795892077106,-0.6994444506658558,0.0857010892970663,0.0505212521919727,0.1235257055628499,-1.063285741844909,0.3587733384061357,0.2508492844088769,0.2086946025024187,-0.2408391867179242,0.4154244466261632,0.1554272177342698,-0.3007564507099977,-0.0122927629394546,0.0216936013277419,-0.1444117791689679,-0.087526137496763,-1.1815647411456711,-0.223118284256798,-0.0847699592893223,-0.3841322626562758,-0.1569351963063917,0.0305065791080507,-0.3159820696983603,-0.5770165384266478,-0.2740373099990899,-0.4378666975150482,0.2526729584092829,0.3417070232211017,-0.455658565521964,0.1597349863168938,0.1125052226793272,2.254323320000002
Mg,Mg0-1Sm3Bi(Ru2O7)2,Sm3Bi(Ru2O7)2,Sm3MgBi(Ru2O7)2,mp-aaacrjor,15.438649040323927,-0.8845748661073238,4.403311548442629,1.0699083583213034,-1.6207880753307635,1.4797251013367356,0.1018506832002057,1.3358978445547365,-7.034509637425728,-0.1131917422185717,3.0043818234068578,-0.6028789056584114,2.1169536028569067,1.541555595042542,-1.1950613635994822,1.460488882945726,2.9276573292446297,-0.9003735269612968,-0.4040296519378285,-1.3806532480550855,1.170574897901736,1.306183019310032,-1.4444516460236891,-1.3985331559112704,-1.117292824254657,-0.2807653874381536,-0.5748990609655328,-2.492907230111271,-0.3913325994067665,0.1941674160420289,2.2332247872220803,0.1622816696447554,-1.8641405449241264,-0.0413242018093554,1.3415462272168217,-0.7221324887903011,0.145094970671783,0.6157195627437502,0.41932955867078,0.6705197224779321,-0.9207849472227594,0.2909954501600155,0.4273925165181335,0.2940803144064162,0.0125436503130082,-0.9442936956367254,-0.1046933518822231,-0.5883450523651799,-0.2968804953187827,0.4610269018724778,-0.6974638175857918,-0.342359283822843,-0.1374592553186163,0.0532863734439989,0.4487986986000895,-0.1402217625879783,0.1817612110651622,0.979981689308009,0.4076199977552621,0.1386304334278904,-0.3503074044226506,0.7433779166246686,0.2098585973157356,0.098576813048834,0.0558975348759011,0.1370864675447644,-0.2773028051468853,-0.1258313045423829,0.1462747961682858,-0.32947869639099,0.0636480551105536,-0.6794358753750573,-0.322214359087915,-0.8652605971648211,-0.0483502972791006,0.1823421851031142,0.3782207850818607,0.0864701119706852,0.0294764288545127,-0.2235981659335224,0.7366794750000071
Mg,Mg0-1TlCu2(SeO5)2,TlCu2(SeO5)2,MgTlCu2(SeO5)2,mp-aaackwwf,3.4121538649794365,-3.8238426929329257,3.663642544057785,8.067186970808773,-2.4232765086143,6.036434135244452,-2.531847824313392,-2.442424754736156,1.7081136101398626,0.5435589851004128,3.3067763790460862,0.0188425810179783,-1.783727082561506,0.1098590828236437,-1.507557780337575,1.1623060974390365,1.044412012499348,0.7470762503872407,-2.504185806086109,-0.0115156563642258,-1.0496448794418836,0.5876248943803276,-0.1026626285670249,1.6658074680062935,-0.1982044665625294,-1.513912788609661,1.7932994161051774,-0.2124341322345019,0.8370767782581195,-0.0957090814197296,0.4779216420746826,1.1076638435309758,-0.1347049186362925,0.5459904101513078,-1.1844568568898264,0.745266285344869,-0.0732598518049761,0.0292711995264823,-0.697923890616894,-0.8401728840887686,0.1766226943171228,0.1690468749500456,0.2787797513295905,-0.2474385982311807,0.0708754538093017,-0.6132241984595698,-0.0755957428922121,-0.6317507419934907,1.3793942889001154,0.4043346940377717,-0.3618166579431902,0.0542425149003457,-1.4266636573502325,-0.121222436015919,-0.3261456978756607,-0.2846205300693591,0.4535364972331928,0.159137625498925,-0.2754166131628804,1.1518687587664769,0.0336356853488911,-1.2525994891357517,-0.1653800822702733,0.4457411121689684,-0.4447736198196449,0.1189639179689179,0.062790681197576,-1.1918366957864364,-0.2108874417082575,-0.2467408257257715,-0.3878370335479799,-0.3739498290291921,0.2263826956643498,-0.4224576164137286,0.4275458728710682,-0.8694856192896648,0.4585545444118509,0.3302607293510401,-0.24422256494233,0.5423895177204514,3.024133674999999
Li,Li0-1V2OF5,V2OF5,LiV2OF5,mp-aaabsdco,-2.6287418301014163,5.6693780829490645,-4.72158004907506,0.2076247460643563,2.1107788229325988,-4.903340282703322,-1.203862473762567,0.1011157921681709,0.9178724540246082,3.691985307400015,-0.6288563267940294,1.398137279704719,-0.7290523327594126,0.1415508010294489,-2.985296545588278,0.4633650364960144,-0.3183978164788124,0.7275497865354237,-0.0823075326918999,-1.1786576414713736,-0.815612867666029,0.2520784329126037,-0.2884723058535235,-0.4628494586318806,1.13592326824809,1.373465995504361,-0.9523902132306424,0.1245776818262039,0.4573967144553142,0.1927015886656836,0.3510779429654815,-0.0310468928231915,0.155679141330312,-0.3193944012067305,-0.3871016002326611,-0.3585172830077786,-0.1078815016235759,-0.0742739728218777,-0.1446778302594087,0.2004112963082035,0.0660777445097567,-0.1805561453601808,0.0699046528405044,0.3663175447819999,-0.2444664385725928,0.2084836346646592,-0.2038793043026568,-0.0236272171737699,0.3968978355562452,-0.076338696140524,0.1153238172083613,-0.0203230260389586,-0.1080193832721235,-0.0300082281438885,-0.2926358740322799,0.1097621515342532,0.2533003577158521,0.4554229450938073,-0.0176712958323786,0.2242051317467636,0.2225645670955306,0.1428509035268399,0.008093104857554,-0.0983124063008616,0.5072798108385231,0.0919226038714734,0.0755413419544103,-0.0156618596696728,-0.1265223645398476,-0.0417734010483392,0.0691930264495902,-0.2455198214738774,0.0197821112870845,-0.1412776512652868,0.041769372572237,-0.0337844316454034,0.1458904006465699,-0.022311668995415,0.0805464328003251,-0.0872530635691698,2.971250745833335
Li,Li2-3MnF6,Li2MnF6,Li3MnF6,mp-aaabqwur,-7.318741021408594,8.608364470508473,4.064736488503471,-0.4328112258344239,1.6618340134519305,-0.2442251780391357,-2.6260366290935364,0.198079161724365,-3.169931300001108,4.355204818962896,3.957270452651959,-0.3426355239832102,-1.3252238626046629,-1.037088099351053,-1.8192610023608584,-1.348851814785009,0.8229130850504046,-0.850082907312237,1.940383048599242,2.316643686704575,0.8476279078604437,0.4022979465812782,0.2016479232908651,0.9359173695981644,0.3241963126631831,-1.3242215878344967,-0.1610383114153543,0.3218821392937515,-1.289261880623216,-0.4658298148145222,-0.8070536516093761,-0.5195634118382532,0.8142032060988639,-0.1279301008846789,-0.4713004754321491,0.2106082357233197,1.174203873582042,0.9361571082788352,-0.2345846764187369,1.14825417205057,0.3369331779008137,0.0688757883638433,-0.6381107637051803,-1.3283427631841889,-0.59205799782469,-0.4588561190077945,0.2947502372298081,0.0811676866731992,-1.0848625068508246,-0.4620162346630688,0.2555216028700387,-0.3067298810551297,0.2744805188543214,0.0257295103310543,0.0357182671476977,0.455382372506319,0.4532090087939139,0.8336668455857248,-0.1261102900444858,0.0109760506179281,-0.2660932544191063,-0.0046418904389745,0.1698939280879084,-0.4091541142424477,0.4234635326671109,0.1596216737728014,-0.1651057969028124,-0.3749070607421224,-0.2005198337165932,-0.5752520540591796,0.3024307230054532,-0.1018888676589734,0.0508756424321328,-0.2627253733545255,-0.0615852912910325,0.0106381026691553,0.0671573103207848,-0.0780671268941721,0.1808006850537648,0.1230264391666127,4.537563478333337
Li,Li3-4VO3F2,Li3VO3F2,Li4VO3F2,mp-aaabqvxe,-4.997355641898729,7.557639398366096,5.464536452312318,-4.057669988192532,3.653774019857888,-0.8275571435770388,-2.933567613627305,-0.900791674708651,-1.5882534099503691,3.770270620697525,-0.902400756927827,2.0115135451810278,-1.1570788611267218,-0.3826944089823868,-0.9151432377686024,0.1235085994985683,-0.8762074355459052,-1.270619587833219,1.535223911379635,1.6960099133746962,0.9014941344743952,-1.8113703450567584,0.101122446888173,0.5137430315542292,0.3392165830020284,1.4152809259646364,0.1499208290299133,0.4605621330056575,0.5400347600674443,0.201582156555909,0.5216261935354688,-0.0265571372229113,-0.0263697163260522,-1.0615954753521584,-0.9307650650656152,0.5570344674882428,1.3988836246484329,-0.148095312263867,-0.4957341970371625,0.0162886216472229,-0.1112437713483028,-1.3281720098611354,1.0073917442728069,-1.3388573351529158,-0.4285421182826812,-0.0674850175315037,0.8701593906650507,-0.8241116018961306,0.2777954970378428,0.5914697670105495,0.5700106655416549,0.1523408196992898,0.2628008142827931,-0.0403902688821207,-0.205506839277155,-0.042810762429813,0.081172406485518,-0.5555035808204213,0.2784415580702002,-0.3269519103572583,0.0628129550156232,-0.3103307362957726,0.0207947698743645,0.0784902690476918,-0.6301545709950054,0.2178650360950509,-0.3149875151227421,0.2369571373234923,0.2007868439314726,-0.042696307414328,0.2482460355550429,0.1633008049273611,0.1838359419136804,-0.0294082999742241,-0.1795126402375663,-0.0037862226100445,0.1023649660208981,0.3680428701714267,0.1626860954711567,-0.0493262595975403,2.8770253258333343
Mg,Mg0-1ZnCu2SnS4,ZnCu2SnS4,MgZnCu2SnS4,mp-aaacgjai,-2.4838343392410374,-13.616192009805069,2.8225319341576576,-2.2370976302538934,-2.950124491072436,9.741802579671097,5.258445415253627,-2.5350777773940925,2.3443064482851046,5.757850280427576,3.7858659370085954,-2.1218551354864488,0.7857365350664972,0.3342897733992935,-2.6277699440152,0.5900551251993386,0.6044656516024912,1.350156902453715,0.3270416137067318,0.341149771094696,-1.0068534368152804,-0.6265319978338678,0.5408909777683342,-0.8761935555299507,2.4948052756136248,0.1068015758660362,0.5427826171536152,-1.5935709663278603,0.3678873830527898,3.521513411090764,-0.913029275118809,-0.5863962200630619,0.0713343750844248,-0.2116271464373631,0.8164523850173188,-0.6036721955272937,0.79490087296531,-0.4560725423239568,-1.1412775396603867,0.1944002183388569,0.2428912253301795,0.8647454331025051,0.3381927654912401,1.2811654642253658,0.4959716656725933,0.0179126237447004,-0.2993896199439935,-1.553952873393286,1.124623158094176,-0.0161957272248525,-0.6216258631229784,0.170735406845405,0.0266355031673779,0.5378270312460355,-0.0376901746102403,0.0158263891927888,-0.2995391794442507,0.7738596282946242,-0.1730914372505882,1.1207502078931026,0.328983346537176,0.6663893310931082,-0.1475303904904631,0.5685567758872667,-0.0770786650037505,0.0618153144646932,0.3702519248524631,0.0610775805453499,-0.2658748490220894,-0.2262171274299717,0.3504564826875455,-0.0800228167729992,0.0011813346027069,-0.6755438239628833,0.8201132072043874,-0.0107399680133258,-0.1994738810254562,0.3270946137298271,0.412275966228771,0.2263208034099139,0.08729996
Li,Li1-1.5VP2HO8,LiVP2HO8,Li3V2P4(HO8)2,mp-aaabskug,-3.852380033963232,7.719630968527763,2.2114469330327307,-1.3342830644236527,-0.3757530072297,2.7674076362770204,-2.0657531533453337,0.5222716907178381,-0.9512900898124932,-0.2777617130938327,-3.3853756162141897,1.339937574766081,-0.1406959356554851,-0.1244793862261527,0.4833406179735885,0.6095855995416729,0.5637985439346871,0.5293275905615704,-0.1333272195420941,0.3657986165401589,-0.4113335626222845,-0.1104626526850957,-1.0109397532775717,-0.6522341430302196,-1.091211639026628,1.2007359133966355,-0.4571159475930404,2.730033231015648,0.950390421862242,-0.2891440948473259,0.4844368364592081,-0.0007850354156496,-0.6858322115728755,0.8417919810461858,0.9003106093259536,0.6011534738331155,1.067056539422809,-0.5515846816400954,-0.162557835929225,-0.0114805086397269,0.3163843522863359,-0.5286033411389813,-0.624863737940317,-0.5051024634870701,0.5191412526306798,1.5665335592322405,0.9935965175778314,0.1114844164124301,1.1890976115402256,0.172274482597528,0.214781365231277,-0.3008304100404418,-0.2622918420688302,0.7665678383488898,-0.1436469094409444,-0.1251749078715984,-0.3923484424629735,-0.3775487906150572,1.1431181823553704,0.0868895713351904,0.1813263999565119,0.2062338830675403,-0.1169779072562221,0.4457285815082518,0.7290602752129611,-0.8253717036241278,-0.113092471360326,0.1213232500509675,-0.1531181801626036,-0.6251171585042078,0.1580766541694378,0.1272869698802336,-0.4679112615877684,0.2947023549999109,-0.1374491014791502,-0.8423961108236052,0.0767502305337333,-0.6580750730569694,0.1037156517267155,-0.0271075701808281,3.921301188333335
Zn,Zn0-1P2WO7,P2WO7,ZnP2WO7,mp-aaacxmej,16.387754065389093,-2.4931136246408663,-7.244022479307415,-0.833721170736014,-5.350368421731882,3.515077043579164,-1.2815066789949223,0.5002245998542468,-1.2576885941640383,-3.0465412679874384,-0.7160343554103898,2.8048254224015574,-3.266968938947738,-3.996906531813023,0.1703080909162805,-1.3631681360624497,-3.107594427385579,0.8720767663486129,2.845379887226099,4.7397683812246445,0.3374814036222008,-1.7252561241051108,-0.5138618775453574,-0.8056157462941486,2.5477683729196854,1.4295718297320572,0.1926878350601502,1.8647708670693983,-0.5019951175902766,0.5043690940060837,1.1143285877741702,0.5654457773099635,0.2962048519008743,-1.2684022233559356,-0.8651756019917994,0.0904509449640418,0.6675815815881414,-0.815666926269764,1.230003836276783,-0.922237476587254,-0.1335294861825933,0.1699608267135227,-1.7588945489998975,-1.156551981100128,-1.1171590347113949,-1.402589420329364,0.4757328032982836,-0.8481618858770206,0.9722516517253944,-0.8289448903008158,-0.5970612573621128,0.8191355749415488,-0.6363790472659399,-0.5240989776704129,-0.9933621831801296,-0.289552250572592,-0.3725009069409858,-0.1054195550838219,-1.4078016303530398,0.3853561268955912,-0.9505919762336904,0.5091044838912439,-0.1779572570194416,0.7473511796083774,0.7584275001636295,-0.0684747841249607,0.077875684247092,1.2880966384865888,-0.0089394532015993,-0.2920779205550774,-0.2861744152938906,-0.3015267462992282,-0.0187660404014571,0.6410040034817756,0.3305414840345257,0.4666344838803246,0.2322081811067916,0.2963492895998518,-0.274259705829686,-0.2017483533227612,0.043431905000006
Mg,Mg0-0.5KCoO2,KCoO2,K2Mg(CoO2)2,mp-aaaabejo,0.5643130357600934,1.7520299161905657,7.870277055641557,-0.0165783211776479,3.671787115218456,-3.3329682093268893,6.483717097923448,-1.632650449418762,-0.5797077055547639,-4.636889363811462,1.1531253115842617,2.159957040830223,0.424167486017733,-1.606535134911461,1.2168303170263968,-1.9222697856458135,-1.0480015564679943,-0.710836080152435,-2.2290960007184912,-2.2226147137108767,1.0401616763627557,-2.285900386735664,1.1314996997398858,-0.2685603264394085,0.4027226487323002,0.166616855615692,1.2968740171622744,1.5382243049848885,-0.2704394242389407,3.20851195989313,-1.5000863070981176,-0.9053889712309372,0.78853706377077,-2.116957105445482,1.1978933540119392,-0.3965544473364308,-0.5105536714092731,0.2879882865702678,-1.264856329425878,-0.9643430719049908,-1.810640273475269,0.2615561985305499,0.2102267797612677,0.2382542028282435,-1.3801679882015638,0.9795457733295372,0.8850803686854467,-0.0521236831664121,-0.2010665096328047,-0.4181830152747454,0.7027182858649577,0.3635591287790635,-0.5814090590791319,-0.0130604076931928,-0.0915160970945958,-0.1096578218832449,-0.0656425216198123,-0.396447489681188,0.215819254875302,-0.0684248721098552,-0.3537005323307349,0.4759549640265164,0.5864439353066372,0.0422456962928678,-0.708494366404001,-0.0912359772603949,0.3763341715450669,-0.5902366615435676,-0.1458766734201415,-0.0091457989084777,-0.353761553599607,0.2862353923700244,-0.6234708900665221,-0.07359732880899,-0.1359340634271239,0.0974844075322397,0.1913224373385138,-0.0147790529629288,-0.0888731546639386,-0.2229858265000661,0.017696979999997
Li,Li0-1Ti3MnCr(PO4)6,Ti3MnCr(PO4)6,LiTi3MnCr(PO4)6,mp-aaabrxvy,-0.5352420423558494,3.7659688597059415,-3.090337193035237,-2.786642754184082,-3.066649019486613,0.6897415845206509,0.486686368333162,0.600982309833646,-3.013966961996811,-2.920315573922477,-0.2471426188500356,-0.0297430752569428,0.2610061950714036,1.2587815443390091,-1.4634211629377634,2.015659806179966,0.9834765830620624,0.397528777595438,-2.1284415403670853,-0.5553593060755521,0.6284245104579492,-0.0086590232512613,-2.1359947883640453,-1.829167521816789,-0.2627256924027996,-0.8261439482111358,-0.8826993213413874,-1.2877370792523624,-0.3988343562131549,-0.090284989850164,1.051254097244624,-0.0127569961461575,-0.8670509779782126,-0.3944069512710391,1.1924615367211744,-0.0906435519269071,-0.3035475815821733,0.1950757336300053,-0.339011046937788,0.6409661835113001,0.5259498346756842,-0.4601497090008681,0.6663177281032868,-0.1409508366631807,-0.492442156656562,-0.1015014012751873,0.0142116243055633,0.5361041338842103,0.7565613517401333,-0.51927218271381,0.4635085976164942,0.3519978055477042,0.1854767625953773,0.0052097419428831,0.883770347446656,-0.5759374120794796,0.4281228854021577,0.2366363823920426,-0.6635541334529563,-0.5409255129106081,-0.8994837322010235,-0.199362286630185,0.4044064279212062,-0.2328431081727764,-0.5899902885253383,-0.2183999167922453,0.0524141005245729,-0.0816628633140529,-0.3095479229552466,-0.193923266258333,0.0524832514027201,0.2521050428182719,-0.0760381087872467,0.1110001934472072,0.2693408824534682,0.1041103114120324,0.1129920434591358,-0.2654121139906869,-0.0139585594304088,-0.1171506592781148,4.831531363333345
Li,Li0-1MnPO4,MnPO4,LiMnPO4,mp-aaaabmky,-6.509530943872859,2.657591900071984,-2.55486630708681,0.977933089503334,-3.600583356329436,-1.4992572062880098,-0.1104998094065834,1.1976715298030791,-1.3621965912615146,-0.6866778580502383,2.10377771025628,-1.3084101089019382,1.1946855475156135,-0.6592328857072808,0.9945246896518228,-1.6153297478775404,0.2530849035623707,-0.1570724242621466,-1.1554207659106297,1.0669379913813009,0.8819342740489351,1.1603878434713304,-0.0808498425594692,-0.2029898246644381,1.1834690664225518,1.1924590726079467,1.4051266009671308,0.4328204972194977,-0.8758218273853169,-1.1130572708513635,-1.3004940654129893,0.0413940790716525,0.6388937006096913,0.0336255795675445,0.3616440152085363,0.5778615012800424,-0.8773876815189677,0.4770985794668899,0.0280925124490494,0.4953616905429105,-0.6534571101105092,0.6235912568911292,0.0732894753598585,0.1221304239257061,-0.1876044764357104,-0.4805378206979059,0.0895177428748221,0.5294793999481259,0.4991663964177324,-0.3338896120074999,-0.0946926753988978,0.0673597731671543,0.5474817219487957,0.0208287363819194,0.3754494122826799,-0.0246520403457397,-0.2368067086977727,0.0204728992344203,-0.1860848154975606,0.0414703251767568,-0.0886454974639429,-0.1550869541801122,-0.3597883164877339,-0.1602212805273541,-0.281510418293858,-0.1030099146521929,-0.0004370523170296,0.1536492951033068,0.1618900512919634,0.2393379516376614,-0.09126057896868,0.0341604464985549,0.0680682889812392,0.1744935002430933,0.0370785543269435,-0.0920863521212576,-0.0219275202531327,0.0886843253763981,0.1484044725409113,0.2324264439802091,3.746454333333322
Mg,Mg0-0.5Sr2CoSO3,Sr2CoSO3,Sr4MgCo2(SO3)2,mp-aaachohc,0.912617503817968,-1.103501953470062,7.761736520301909,-0.4787152087911901,0.574536727004206,1.5836223064391317,9.35572445367326,0.2365004483825449,-0.3201642263502534,3.6035511932843214,0.6545100110250586,4.120926861363735,2.867234784315268,-1.969137096601312,2.0151260698171547,-1.315521889272691,-0.519499873404842,0.7579652852936493,1.5858970052829,-0.1458287592490761,0.391328716432302,1.1405133284180398,1.4124112129386015,-1.5176085024405497,0.6127140032316977,-0.1230324208880458,0.9783181374379876,0.3498687968848104,0.8916049009515417,3.4516164811821715,-1.3078847797368012,-1.0034374241592838,-0.4053337255579338,-0.2018536541136948,1.6058420017831132,-0.6603991112359406,0.1972526151644448,-1.450943216770754,-0.031284793597163,-0.3080762862960371,-1.1047777745187346,-0.3352982221957939,1.4574528442047514,-0.429804578268635,-0.3704185722913174,-0.2101982607309719,0.5377338066750916,0.6500383959140249,0.2230233697122352,0.1591800449486435,0.1316893043158388,1.2145360180398663,-0.6043851790578759,-1.2907149379107086,0.5806666934721009,-0.8449540058422547,0.0960931280839581,0.1140693809328868,0.9512470506194908,0.4585448247162431,-0.1404243432008141,0.2852129431468848,0.5935160891402984,0.1438241741992402,0.2331106878454127,0.1932408156026988,1.126647071517853,-0.0507872812393893,-0.4481647380033817,-0.86535547946387,-0.0751872675294699,0.10874120406316,0.4407199591257969,0.4744203992838213,-0.8956905991594537,-0.0765305517384264,-0.9975520831552916,0.1832509738406058,0.0425198623285185,-0.1963726093257934,2.212952474999999
Li,Li0-1TiCrSO8,TiCrSO8,LiTiCrSO8,mp-aaackriv,-0.5641553751585303,2.794841945021366,-2.606753344158311,-6.06152673280653,-4.527444481891514,2.6495372669516795,6.123040503840466,-0.1478039104504586,-1.2696699508723734,3.709265068508092,-0.8143374083653704,4.271296409731014,0.4047114549010161,0.9140340195798872,-0.6292893253719514,2.842550581080238,1.4081475283817222,1.588230830302648,-0.1976902608532232,-1.495725907509299,-0.4410025475004311,0.7867427294284611,0.7053605310827665,0.1152633430668796,-1.1952135679470532,2.4352882331904464,-1.080180334316467,0.860948589233717,1.5201643534794635,0.4120534080837708,-0.0203791022711317,-1.0368968557652836,-0.2857146631951399,0.2435577723080333,-0.0228630339684013,-0.1489391055946063,-0.7247593736785829,-0.1821447545972959,0.1817152148514826,0.8280779053135966,0.1371942333944479,0.2843591780566005,0.6834362244279443,-0.7190215778091549,-0.0657824276525242,0.0262056689753406,0.068542167619105,0.732552017697353,-0.5213531022614629,0.2646995890984809,0.3002193887287408,0.0156754681368988,0.2585864721132599,-0.2387018458819235,0.2914278629075423,-0.7744744781693373,-0.0614987408806092,0.4243032598714981,-0.3174110995851679,-0.2406534839013742,0.1021811974440758,0.5084835899868694,0.5536038083507324,0.4899576306939965,-0.0641078878275863,0.3587407620849437,0.9773191246954208,-0.3640018277814252,-0.0791081770987147,-0.536632418546464,-0.1426666277722259,-0.1550878978550548,0.6160630909635919,0.3548888886329192,-0.5898184841684984,0.0204272244513638,-1.0272654772846967,0.308325637381163,-0.3075158726981539,0.016634231387425,3.828873129999995
Li,Li0-2NiO2,NiO2,Li2NiO2,mp-aaabdboj,-2.812680232832878,-0.6299868977124247,-2.5004857804453,-1.1397429381417314,-0.3391588180281688,-4.019527641044766,-2.594517234231186,-3.580181586474521,2.530972530097162,1.387067650637251,0.4008114471236541,1.3988209768863744,2.3409085303278663,0.2574947589391635,3.3985460610443248,-0.0290690296299418,-1.279507453188098,-0.4724984191131373,0.9776873399274768,-2.44783063864632,4.238894709792427,-0.2409990303837872,0.8664538705988385,-0.3463719302386731,-0.1268136495954804,-1.0363624362448276,0.5934852099081462,0.2435285547076979,1.5612298665190731,-0.7549771041960281,0.8941392749883249,-0.1946129354636857,-0.2480172525894821,-1.292358857216869,-0.6768977034673725,-0.8701975863137438,0.5498537659890339,0.1062539501479101,-0.8220065231895493,0.045697696025636,0.2187327942500227,1.0878441569987858,0.3061408646877244,1.152151019243678,0.6685309156018973,0.0684172843298899,-0.6819145469238816,-0.3548820050906405,-0.1893400696163528,0.2603453067105524,0.0762500748878054,0.1835502836652439,-0.4526621895545675,0.2233524770845212,-0.1264670287132549,0.2072608773233068,0.4285660777181824,-0.7764066332781282,-0.1982989789627164,-0.2407108677605736,-0.6203631265417865,-0.1117154564488625,-0.2545839463713751,0.183112784499537,0.2462529555866939,-0.2137148640016744,0.2349767700901345,0.0881280583982262,-0.0920388161326151,0.1167559572379552,0.3071688758280949,0.0071553839484918,0.0076262742387299,-0.36750195652141,-0.2378298292137036,0.2204538293198735,-0.1118252266282817,0.022088908374147,-0.0192164409446212,0.0738241109014841,3.283090283333332
Mg,Mg0-1CrO3,CrO3,MgCrO3,mp-aaabqxaa,1.1460232574205045,-0.9159190151510348,-7.786918494682016,-0.610803008593371,3.223064049922995,-1.5533828974336756,1.7746219542649015,-0.3685710764122964,-1.6889422065969857,-2.049633379807021,0.2034111518484006,1.3441240850198883,1.969613552854596,0.1588201193177105,0.5271207492420421,1.8729799292228384,0.5250436522074158,0.6571803932369938,0.0259002996497805,1.8444204136111944,0.4574148710772995,-1.5836423285012562,1.7555731919744098,-0.9200324349678224,-0.7089684744539578,0.6701771244238106,2.642981038101612,-0.2157845369649192,0.029720259527282,-0.5660633044130523,0.0070241031229116,0.2651819199593865,0.0646902712385416,0.2549749415866587,-0.4717221332238402,0.6415217111563065,-0.2091507718081191,0.6701446037874998,0.0448497959025207,-0.1263524780861103,-0.0111653807665212,0.9019069815490102,-0.3405009327382143,0.1794637534102655,-0.335135928046241,-0.5622386143946363,-0.5552758399162413,0.849775941738347,0.1981776636350487,-0.4496208025497664,-0.2495568016437709,-0.1582561026771675,0.177826002464881,0.2181616291063223,0.2493908092382738,0.0396087628141579,0.0072140913132709,0.0230238300143878,0.0582369182760043,0.5661310475814181,0.3180612036581202,-0.3605571311342988,-0.4863629941078225,0.0797388286863796,0.0710545891200783,-0.0591086551957792,-0.1021752154225323,-0.1963337610842311,-0.2566667340626722,0.0589918714815822,-0.2527192370214332,-0.1254889149083443,0.009956476196941,-0.066138652573344,-0.0630250052464178,-0.0504000198550786,0.0486750000002084,0.0735271845507931,0.0336180852972567,-0.3266985102487077,2.943167040000003
Zn,Zn0-2CeIr2,CeIr2,Ce(Zn10Ir)2,mp-aaaaaawk,10.181297090626774,-27.20708974195021,8.055938998833474,-14.374251559863744,-0.8840172267872837,-3.24300149287534,-4.483414538855817,1.0123554682671032,-9.039497398667942,-5.378983401433675,7.316158715677426,-1.169355776244693,-1.3338877209149276,0.26827647625438,-7.769665721746931,-0.8489996344261967,-3.017166836517491,-0.1592032904733072,6.226018809151063,-4.005980099884496,-0.1383173118986783,3.900410283649744,0.18481908955365,-1.9631495752517023,3.3533022472298546,-1.431359292319279,0.9357842960713764,-0.2568669631114299,2.062741334966365,-1.5086328065443937,-0.8130735738480971,-0.4642624496320217,-0.1209437467690044,4.114591981600647,-0.4281512456027844,-6.550487318900047,-2.861055684076008,0.4285757535539812,-3.871372143862423,-0.9933067613764174,-2.1493927224121525,1.5195637110904818,-0.552888215614402,-4.08614258515211,1.1622816808556495,0.0237414084820692,0.2104461148460794,1.405878716805802,-1.2660707248885643,1.793281756358842,6.108930446781985,1.1484037049300038,-0.1827768489171304,1.6149242868078049,-1.1421565452321465,-2.7397277807718527,-0.1609202896048993,0.0765462969367097,0.4489260938042173,-0.907349547021472,-0.3044575063203755,1.0711518457930278,-0.2798701269626993,-0.831475244319184,0.6426645241050167,0.1807289747669018,1.232736727528552,0.814354167036958,-0.1596953973640341,2.502418491419077,1.3631648762388642,0.061350860678693,-0.0210256636013424,-0.15614500497238,1.0805808490295583,-0.9533988540291124,-0.7525061205315824,-0.886161236698621,-0.8188732621108915,1.4210164693292675,0.072331151374999
Mg,Mg0-0.25NbNO,NbNO,MgNb4(NO)4,mp-aaabqydb,3.430258986270222,-3.162151760455784,-3.2105663337026606,2.6300000193351085,4.047037145685521,-0.3055773156812158,-0.7584831972774505,3.0146316053421103,1.6086812866291644,2.715916487639149,-5.31595620335999,-2.081513268986489,0.7388536244690275,0.2158928319173981,0.412458569613726,-1.8496343674665523,0.4843653299764586,-0.9717120016230312,-1.426525539217164,-0.047921857675615,-0.6069358396490961,-1.0468570417124898,1.643204062127548,0.1516643261814762,0.3117047525277861,-1.0275333381275886,-0.7338428571044738,0.2288175547524704,-0.2549820377998784,-0.2692269462754861,-0.0853792540190712,0.0919823241888691,-0.2346866628841689,0.2345569972359673,0.1566567536824116,-0.820100000767547,-0.2053975103560799,0.1205475127917957,0.8848272510190311,-0.3953145906045077,-0.2128024295797809,0.2092242726395821,0.6597034332037192,-0.7471967019975769,0.3006088964979758,0.3646430205826612,0.1192571416308588,-0.7885046532662953,0.4275685905741529,0.539823436440647,0.0043999232874531,-0.0848000197201589,-0.1076836541655792,0.561534095406982,0.4297508798736874,0.4009713938548314,-0.1345873561728861,-0.1419195117406074,-0.2954057228727476,0.2152711999236903,0.3231902735799637,-0.0028010436521623,-0.42471026789039,-0.1368311070938313,0.4908239661322461,0.0736407634725021,-0.1556706148540702,0.1595524935566682,0.2604453400239869,0.2103756880477313,0.0341837951706169,0.0897178129902118,-0.1185523454954657,0.1248002979089776,-0.1939678661616443,0.3463004068312511,-0.0353954416050852,0.1753080216758908,0.132518217892225,0.2922540051768716,0.593471975000004
Li,Li0-1V(PO3)4,V(PO3)4,LiV(PO3)4,mp-aaaabwdb,-4.99578326787745,3.0859432491404624,-4.2653327168636,-0.2871598866200343,-3.947275044460981,0.2571008326705783,-0.876137441673782,0.7370383555191637,0.5619400355135264,-2.6725851653890014,-3.248742841435428,1.434538450005754,-0.1324282881418478,-0.3176948639260536,-1.8239762272926632,0.2319965235273194,-0.7630731265492326,0.5906060783725651,-1.2221694027838663,0.3673887096082461,-0.500726313356944,0.8228619785868607,0.3134404599177467,0.1247162501796949,0.8997338170283096,-0.9571586264214986,-0.4925424917613665,-0.1674320598489878,-0.0551753746492435,-0.0512531479857063,-0.0874362602632142,0.0879320258083036,-0.157097962096169,0.6800343301691982,0.571895617746737,0.12454201179571,0.5063743637522746,0.2636239536867093,0.256560650349708,0.5547993733497275,0.2018155249942734,-0.082390550012843,0.7634768208162436,0.3031302320908628,-0.1936446064419386,0.7023502773658133,-0.0877230111330983,0.2142593730020258,0.8078964173989236,0.0389863494055125,0.4390933365892329,0.1326817012882565,0.4573971770486199,0.104778982331665,-0.0818110231281598,-0.2117469521613352,-0.3836789239402077,-0.5981473506265058,0.2688808957373278,0.2215722201973097,0.3617755532842335,-0.0289471944454432,0.4171076500542967,0.0293737570470029,0.0326172967239756,0.0482173770225765,-0.196948878084538,-0.002660425568496,0.1436175030691832,-0.0326771817110635,0.0818694707974904,-0.0109253141111212,-0.0023186632520357,0.0820622899071717,-0.2295429534006881,0.0564899811166227,0.1712537300654905,0.0315976592010806,-0.3933393565273864,-0.3564270221952914,5.045728303333339
Li,Li0-2FeP2O7,FeP2O7,Li2FeP2O7,mp-aaaablja,-4.376932549044446,2.405604674290267,-3.391966148911791,-0.3388435538600359,-4.759511149465061,-0.3714757645693727,-0.940601026224236,-1.4394761219293963,0.0708678040053682,-2.0097574471867907,0.6183745499187576,0.6240524486837431,0.4010013171632651,-0.7586630252274732,0.6183368467875068,-1.4532068204547333,-0.9299504361733696,-0.4095325907451246,0.4824846656143089,-0.8487462614508541,0.7109283517956956,0.1153766412411848,1.694181946243522,0.7220333149616354,0.2744970271896117,-0.7537002178132536,0.2065922217090456,-0.850294239616561,0.1826340322190524,0.4131636243554134,0.5743601028859839,0.3007589136373094,-0.4894157517728487,0.1067267485261545,-0.1786590618496675,0.5898182751575063,0.0899594804166702,-0.306494533317801,-0.0532405177566636,-0.6936438113546107,-0.0866671703399622,0.3158481564711661,-0.3047607774651035,-0.3075014727259977,-0.5221208242118512,0.1424248386389203,0.1969497017708223,0.0565712366266793,-0.2779220736500691,-0.3402438620423665,-0.2973720029651323,-0.2112643841111105,0.1339328888213256,-0.1044875611343699,0.3376472038267111,0.2070272925634041,-0.2454394593217298,0.1174624222671203,0.1638616961515539,-0.1159749791782611,0.2114005814349181,-0.2850223358059807,-0.1041482112717689,0.075639177958277,-0.0104338925321733,0.1104869348281793,0.0978772329769356,-0.0438284057575324,0.1934596682239541,0.1206037203068066,-0.0562915898188548,-0.1901263724517083,0.255883285595233,0.0327292620430051,-0.0344202613784708,0.1431061875978723,-0.0606472371824054,-0.0995302508409266,0.1388667860632554,0.2223173021028646,4.729566960833329
Li,Li1-3V(PO4)2,LiV(PO4)2,Li3V(PO4)2,mp-aaaabnum,-4.964212593583442,5.378850025600776,2.845517550407586,-3.034178289432532,-0.5674204799332473,1.7913131623942522,-2.267372231870407,0.2876373681865699,-1.1284891360664686,-0.2692354600607183,-2.8593254355744206,0.4867125610823443,-0.3564733674958166,0.4319221903628396,-0.6757973393494007,0.6914857532684918,-0.7554313586697408,-0.1327688576049437,0.8979092268930207,0.7669489653903843,0.308136872392758,0.0389950254643365,0.7969123187467091,0.4556579176795174,-0.9530309088897908,-1.274802578371586,-0.3298694628397368,1.0189117724875048,0.437084138657308,-0.7962228947008843,-0.6926196291889458,-0.1993630894649139,0.1560351467347937,0.3871908387187949,0.9745128328267886,0.5819077129343184,1.0071227443121844,0.259705560290804,0.1137778472817181,-0.5438278065224241,0.2834536811378075,0.4522104192131044,0.3661880569975586,0.3761812592608404,0.1229631554024194,1.0488399255506813,0.0029268200704102,-0.3071911988147472,0.1711805845947104,0.2062244755781364,-0.3368794306927414,0.3444475262510397,0.0636701659456696,0.1582305657653653,0.0686369737329027,0.2018054712961539,-0.3802832564595095,-0.5523368524783291,0.3038418025450344,0.1825083006274446,0.210859317927889,0.1607569367860241,0.2244583009943022,-0.0723199857934776,0.134077801282968,-0.0610749251907233,-0.1263108874294143,0.1255708420383221,0.0651095600706296,0.0280254865486866,0.0914332114232395,0.0573624499317617,0.2361727099849077,0.141136078175321,0.0782749135431185,0.0497548949602805,-0.1681763977376577,-0.0469658013264439,0.3421947274983464,0.11945035413848,3.8496719158333312
Mg,Mg0-0.25FePO4,FePO4,MgFe4(PO4)4,mp-aaabeszn,-1.976004978821742,-0.963100774778179,-5.6775970478031486,2.0143074105278225,-0.6780935286819255,2.8855681172132304,1.4715538263433454,0.0652190645429266,-0.9611226321169491,-3.117433508062087,0.5758683709601156,0.6826890790601357,-0.9568773819310176,-1.296940142063175,0.4350035945785201,-1.9686300120947493,-0.575256677883535,-2.159376022457252,-0.2884014000801733,-0.5667939023469999,-0.8589206320421562,-1.3165970455767944,-0.0160078676840449,-1.283692843906889,-0.2043567959284547,0.6658025369429469,1.977377619409552,-1.1457998366444246,-0.6140554546180561,-0.5794171703088712,-0.4861247347139026,0.3419943193189017,0.1380005757129455,0.4534736410325963,0.0536135142957795,0.5004078588642079,-0.1793164566313543,-0.5916536573233182,-0.0390057759030739,-0.5432611135496702,-0.2354792562434507,-0.2295657668217437,-0.9073131473437164,-0.4298623033301014,-0.905145567975644,0.2924492741144955,-0.0909208038059367,-0.2410646705012501,-0.2643270711844249,0.2951826107073182,-0.3290641884682387,0.0205267035090702,-0.1073417157444039,-0.0697097224841158,-0.320861271308575,-0.1670846077758339,0.5553357243403059,0.4452703042314823,-0.3236129080811105,0.2059175244128285,-0.2320070532298122,0.2608232426772187,0.2891067833082882,-0.1075492639842576,0.1946747515275627,0.0664529042369344,0.0879862171182289,0.1739618194747825,-0.0052601404257739,-0.0574992733804909,0.4292358424818458,-0.00603666548999,-0.110516741002469,-0.2052161402993781,0.1541749750329745,-0.4806575540627087,-0.1841035627774833,-0.0852114039438036,-0.1181657876106113,0.3561238450844272,1.9644058400000024
Li,Li6-7CrFe3(PO4)6,Li6CrFe3(PO4)6,Li7CrFe3(PO4)6,mp-aaabrpec,-1.4136224532399522,6.1165374711304885,3.3751490034480107,-5.0669052711188565,-0.871767937246739,2.594660756545798,-1.7229278282090394,-0.3860578387989719,-4.230839058753883,-1.2734131323210849,0.0720320915662818,0.4710968062984131,0.0607615819837783,1.240416812795205,-0.5413618311046968,1.8593670252424823,0.2985407165544488,-0.6053868052571553,0.567348930334822,0.220649811964762,-0.7827318297896787,-0.5994145322933879,-0.4466757184428707,-0.6445468145788654,-0.9734659803590768,1.5292512359704395,-0.6746311190120254,0.559561224444695,1.1109645830578472,0.3334495499972846,0.5518787422381602,-0.247788898411406,-0.4352974987842246,0.1596113251912907,0.2910804278112429,0.4142036737707291,1.0664068233726332,0.6830980864099301,-0.1550458726535986,0.0998923108902831,0.2890444531941579,-0.3449166399153408,1.0531155611581478,-0.0569075710615304,-0.1488757037819904,0.1124865552871219,0.3702808651918762,0.4560643691914162,-0.0909507642402159,-0.6052475324863916,0.2761770927271886,0.344127269997355,-0.1497588013662968,-0.1302268226751601,-0.4174950610230415,0.2770862461697952,-0.0500945495651531,-0.1935647929410441,0.0483932836763377,0.1739744421890725,0.1917867172187752,0.0587328128424829,0.2343074430781685,-0.2469755662089442,-0.1279875098251731,-0.017816799440991,-0.0445128670606383,0.4315211050419595,0.1084555315168046,0.140194521061252,0.2687960386734372,0.153325253724225,-0.1518610208726875,0.3453398539008883,0.2120034342743074,-0.0127824451573018,-0.2117097277216965,-0.158321182299934,0.2818548771725795,0.4285354719234376,2.784357183333388
Mg,Mg0-0.5VCoO4,VCoO4,MgV2(CoO4)2,mp-aaabrwtd,0.7491638954911667,-1.3254274991289918,-4.600705226975745,0.1362142206593757,4.236578210835749,0.6983759774939898,0.6627722391607057,0.4562936787819611,-0.3842663097658101,-0.5641666041564414,-1.2090156405195174,0.5354678553117985,0.1205426074826013,0.4708619051732901,0.6486809788048947,0.123546245612156,-0.0120400733358145,-1.2851841393329648,-1.1987262847313558,-0.7496767475860131,-0.2239723791605375,-0.7805184603841112,0.1923137159074253,-0.7247425338416948,-0.1378586354984103,0.544816609541618,1.373095106156094,0.3858746133310332,-0.0828955363786976,-1.4093305122812405,-1.3371069286473158,0.0045936832424958,0.6921947699368678,0.7171383990269102,-0.0424635394662762,0.0808338802289346,-0.5919747105278748,0.5346216032146551,-0.2675128761556568,0.1942208848788032,0.7722363279210314,0.309710131642871,0.3590084604743477,0.1454351526816086,0.5449700638371373,0.0101565141151031,0.2827934383213675,0.4709600908142334,-0.2769172287877973,-0.5595254365602618,0.1399553377252854,0.2219996118206496,0.0081388799138952,-0.1622344186157526,0.2142043615879868,-0.0829973758898038,0.1270757987722175,-0.1267606230401874,-0.0845708082048515,-0.0409074007345285,0.0185997639755555,0.2376883010800007,0.1132329611644611,-0.0997162405009474,0.310406544318709,-0.1529972338104974,-0.0801899238098183,-0.1191665910861597,0.1147574122551501,0.0220567136258987,0.011593675039257,0.0009190954598871,0.28762545072164,0.0122510990909062,-0.0694249595442974,0.0090097905333923,0.0090752169223033,-0.1871254288332844,-0.1116375533404277,0.2471274304465099,2.717142159999999
Li,Li1-2Fe2(CO3)3,LiFe2(CO3)3,Li2Fe2(CO3)3,mp-aaabqwek,0.4571616056779486,5.025064974831297,1.56606837510312,-4.884130110451703,0.633345337157717,3.373199576137798,-1.3967690066255465,-1.1352741192865827,-0.3018444976166266,-0.0308972907309978,-3.5065737586276127,-3.8427231246578426,-0.4910309616022941,-0.1550102347535167,-0.4811475953502851,-3.440500797315816,0.6866113579089839,0.2042684016142792,2.060333727082321,-3.260518151317332,-1.5230937060732217,-0.7288450270089599,0.0571112211412364,0.6083914348625448,-0.5231936537174648,-1.1801459514313293,-0.668569396099991,-1.9095633015886284,0.8084438120230582,-0.3388961125047416,-0.3848748905740049,0.5328668192309085,-0.4387838979020523,0.139685657395063,0.936547938378292,0.2315265348667427,-1.0049180713653971,0.5675452699080117,1.2489754536176756,0.1334312997126688,-1.218355273106698,1.0849628245945746,-1.2624141172729206,0.3937545404538194,0.0460775572972017,-1.1443959211772838,-0.3436256811440309,0.5225357530603316,0.2051882110498186,-0.3116038054674439,-0.1520565955046541,-0.1670188450128965,0.2748101461960981,0.0432838424687097,-0.4402684365348589,-0.4564170922759463,-0.1243314018994325,0.2781423278670861,0.1014424911629764,-0.0781144972656568,-0.2739465110529968,-0.4517600212360789,-0.157036035506691,-0.2874131422504827,-0.1288728301671549,0.548545732650255,0.0352653002780752,0.2304047780023457,-0.0669796340664871,0.2245752436559618,0.008045255171177,0.1179678485901864,-0.701307759993836,0.1171760864479698,0.2363003984150244,0.2130903114059976,0.0234406565526667,-0.1458294995658416,-0.4027186923872544,-0.2006145639316487,3.709184028333344
Ca,Ca0-1Si2NiO6,Si2NiO6,CaSi2NiO6,mp-aaacucjw,-0.8731413948705439,-0.3013828997040793,-2.504253557602504,0.3936995680245869,-0.1415768030246823,2.1433068825749144,0.2765691708311383,-1.774186980373821,2.6511811877711398,-4.330168646127254,-2.1397040882740725,-1.3784021670387128,1.8136512945912489,0.5902281343253202,-1.1245312083795178,1.677958241008696,1.8890106882739937,-1.0430343980484769,2.636853134003642,-1.5491960571616303,-0.5179992757056319,-0.0201715278349887,0.5395592615048228,-1.2384385991413982,0.6006192212479922,1.7307300074785312,-1.278905519048354,0.7283156028205486,0.7889849132365679,0.2826700898241904,-0.4643986896854759,-0.859879868050788,1.4881973927038743,-0.9489310924896078,-2.478753245557197,-0.9286550025064548,0.6647781727424227,-0.9674250627985976,-0.1742661097189008,0.0975118109979824,1.6796204223463291,-0.5952330111836003,-0.5139161912317867,-0.1505763222481229,0.2702425573093809,-0.2886700065075961,-0.3626984254785342,-0.556258382516623,-0.3781094865961678,-0.5811417939653577,0.7673556821643088,0.3421014726756232,0.075711429030175,-0.1742254377996618,-0.0445711680472255,0.3227515439323179,-0.0632919956443668,-0.4991893344311317,0.1717889924680795,-0.161524492155672,0.3186703740058851,0.0248296570543613,-0.3213061769226659,0.2135380503693515,0.4731243770278846,0.0262802282995571,0.4741245315717588,-0.3099886973375522,0.180205182727399,0.2803403608418364,-0.12076370089241,0.0328411269559271,-0.1825828948875887,-0.0171612423404428,0.1624572834568614,-0.2173153459837054,-0.2573410862538975,-0.2129192490308187,0.1757041980353803,0.2712779717949991,4.568911971874992
Mg,Mg0-0.5V2O3F2,V2O3F2,MgV4(O3F2)2,mp-aaabrhyf,-1.4556893504407515,1.9427895286418144,-5.912914459550942,2.354025930765239,5.774273390981253,-1.7892541600740255,0.9284846056701505,1.5757082516719456,-0.3777543970545619,2.305605551977188,-0.7706510087703449,0.800376304885269,-1.5190611565494254,-0.1359410900031825,-3.114595941839759,-0.3596817629941978,0.2908841778453329,-0.7761940145650618,-0.4365403257963318,-0.2283006806046822,-0.8947100380386735,-1.3410194256296777,0.3546681221608412,-1.092654254397545,0.6012567954944256,1.1828619389150996,-0.376529612095464,0.7543176711653135,0.3576606130491304,0.3187567695969044,0.6673525789115352,0.2118389826201619,0.1137693632182892,-0.0976332668064473,-0.674502041995892,-0.2550863445351995,-0.1824548381414106,-0.1493117386282235,0.4188988391676796,0.0756869850400336,-0.1909231344590002,-0.3578906958431067,0.2884012603120693,-0.0561924843865738,0.5074145236048226,0.0345155328987577,0.0193486314646127,-0.6407357492094709,0.2645021761032852,-0.0362649495743697,-0.1946963139215054,0.4366570225209429,0.0871999113299879,0.0818645443241722,0.5356988548862768,-0.0894491825613568,-0.3149489355017051,-0.3894082098575988,0.38144761338307,-0.0812824253825854,-0.214663385669362,-0.2583694980016592,-0.3741959720057394,-0.0082845968829678,-0.1515280582091597,-0.007461853621144,-0.5411585254337252,0.0499911486987781,-0.0689501974797555,0.1698113927423686,-0.1363342344787934,0.1676389986178106,-0.1251102505898011,-0.1875908442196412,-0.3477979703579036,0.1708928992453925,-0.1071105085506953,-0.1212004314991326,-0.0482994638001781,0.1225551212938761,1.999557530000001
Li,Li0.33-0.83MnBO3,LiMn3(BO3)3,Li5Mn6(BO3)6,mp-aaabskqe,0.2850323957084652,7.504923924140098,2.553980727956364,-9.372036081314045,2.566399953151151,2.536655627532966,-2.8680113080000678,15.676686405118346,9.808501810699898,-1.2133619504998705,5.694416824562349,-2.8466026553728696,0.1226190228990156,-10.108811529448294,0.2915634924282718,5.68463567164183,-0.5437138095948507,-1.6988890173879372,-0.3841020204613712,-2.081320547111588,0.1890534870885712,-0.1460317926932038,0.2418150704459608,-0.256082088774452,-0.4200601652400571,1.068046380307038,-0.4448650398656727,-0.0390902297372378,0.2312409418456317,0.3565577346108764,0.5807076483231075,0.1241432627735778,-0.5482632774286703,-0.003695764492988,0.2590645789867106,-0.0955827501691844,-0.7172106960684601,0.032803965611663,0.2802253842266388,-0.4126006900788663,-0.1616043511292486,0.7631532917086387,-0.3260633014507597,0.1615326129626708,0.2466388502779616,-0.4245416962473571,-0.3123009820658012,0.5524238890678816,-0.3559534418207258,-0.1348287343643022,-0.1327148456604999,-0.1740163041414741,-0.053948921866786,0.1454552312495844,0.1514553708589847,-0.115423659507431,0.1689099519964184,-0.2460293812408649,-0.1923612241502586,-0.06565043458135,0.0431275974394723,0.1217889801929931,-0.0054469902688639,0.0692367599328092,-0.0796510662660121,0.0916854962476911,0.1689800292862321,0.1374362826861722,-0.1633546933920965,-0.0012096982079231,-0.1720175379030923,0.093010677152826,0.1678696788165755,-0.0501142183615849,0.0192746264017967,0.0175762468688038,0.1552624090053545,-0.1702638681434556,-0.159924034875121,-0.0643134557067726,3.399665673333334
Al,Al0-1V(WO4)2,V(WO4)2,AlV(WO4)2,mp-aaachhee,20.043388629052316,-3.190212086789217,-3.7931338795570673,-1.4295641894412272,-0.0466264747617736,2.7249967100758874,-2.782641862111692,0.3919934379752921,-2.743731838093084,0.5536771644602473,1.025508048570824,0.7280215291540979,-2.6256933217127814,1.4251887025747092,0.1016372946279151,-0.518047175556207,-0.0048332169621116,-0.2479436573063405,-2.0306202242104363,-0.37896046774778,0.5716778804833926,-0.7700342399105469,0.9076555684084576,-0.5580669916171312,1.8973364650671063,2.525895276282564,-1.5742530888882147,1.728356260769705,-0.603117178655584,0.5436927746094813,0.8921000664996094,-0.0692291753830724,0.332936739635127,-0.2896517862269688,-0.0606427013748349,-0.7057671691058087,-2.204297363374783,1.0321865025110226,0.4458474203319932,0.2247670980599726,0.3577052739210355,0.3666112847600246,0.3637646941813914,0.598612282008015,0.6653607333607378,-1.5087454176007449,-0.9142371546770296,0.6633827071389893,-0.000568068665739,-0.3872849398196115,-0.956362765845574,-0.2520745884673291,0.1812673073184632,-0.417782273604234,0.5698605285575448,-0.2125569630355348,-0.1917401129672949,0.5352629663137701,0.7480381843679589,-1.136248182541383,0.6779013159495086,0.2311813421631755,0.6137612371560683,0.111430259018256,-0.2388791630229991,0.1772314256113425,-0.3157388261161818,0.0956090634118231,0.2865713561028586,-0.1717139507818011,0.3862014508038662,0.1574361211472938,-0.4292947692736027,0.0832999650420597,-0.4603332867859959,-0.0740759986654076,0.34717287763304,0.1424580895143103,0.015499949223287,-0.0180156736915763,1.538551063333336
Li,Li0-1VPO5,VPO5,LiVPO5,mp-aaabrpil,-3.9624941086172183,3.031500578401133,-3.266646888287503,-1.1487310626079834,-2.4318375749155625,-1.0334083443791262,-1.0008967482176807,0.5039214437186023,0.9567181091105657,-1.3598837611696537,-3.293190468928015,0.922168830789854,0.8141821511848946,-0.2151487650157773,-1.115552318158989,-0.1178465426017555,-0.79035654412455,0.2051272222252637,-0.8827065252383732,0.1299302475171912,0.4514564201186551,0.6300236283426521,1.0125694671310643,0.6297468768424884,1.3589634567138005,-0.7494547425443561,-0.3004838711503287,0.1008255052633538,-0.468876871874913,-0.0005262991696801,-0.2599448355525084,0.0497282263086936,-0.0042890963506694,0.2648501384785811,0.0541750236675896,-0.3085401334115929,0.2399911791283118,-0.4072315795161019,0.3917682495836709,0.246389114561121,-0.147002404146261,0.3459094387827984,0.2311489074336767,0.2349320259615105,-0.261058182939928,0.5222574313259291,-0.2924582098244226,-0.1173132050676299,0.606298729517225,0.2331684373396876,-0.0003788917760328,0.0809806108199508,0.2890024040961851,-0.1681374327064925,-0.1311658669804712,-0.1531811723615386,-0.3145444817854819,0.2336771200920951,0.2596278270518634,-0.0662289811101611,0.4859182333106728,-0.0076569706144582,0.018382723046529,-0.1905988542285761,-0.120016669931673,0.0491109693497934,-0.2135377566366273,-0.1939077946455937,0.0925990521567683,-0.0552283824768073,0.2581092549230488,0.0802006550238208,-0.0136090685876598,0.0812034418177689,-0.1065724329350299,0.1323425724428794,0.0383285139294623,-0.0098437613229709,-0.0022050001996044,0.0922245735492721,3.273639053333331
Li,Li0-1P2WO7,P2WO7,LiP2WO7,mp-aaacxmej,14.756168198840433,2.2070087525550064,-5.268054095187967,-4.010905920593767,-10.237937932191103,-0.7858591522069092,-3.5415510779884647,-2.3032809168302597,1.3850228952280526,-0.9956018132132876,-1.5523567327586691,3.723358323576509,1.552061482749751,-4.566108981044716,-1.1562002127558828,-2.033700604447166,-3.671949286822171,1.1630057841896888,2.5155020989580787,3.447265875442376,-1.2779984053061355,-1.995641006117256,-1.858729739263283,0.3924689135714481,0.4971769516047027,1.2089981220395296,0.3793844551659421,0.9155539081299678,0.5538311135346315,0.234621473259548,0.0725100783669233,1.0490196199632165,-0.2244808313638222,-0.9650786867382466,-1.3063179863689915,0.6463766424489249,-1.9230665996096743,-1.2740294042166582,-0.1897663960568273,0.0470953715827889,-1.0234925815542948,-0.6814861938233171,1.0330402497393576,-0.6980347590592928,2.201107636389508,0.425589515873282,-0.5667474686848362,-0.7282046008943003,-0.7066571688725194,0.6469148348792525,-0.3069365756105184,-1.2952969574168751,-0.8430304384185621,0.9348252866447304,-0.0451143193255053,0.4523688487030931,0.2054495166133372,0.8036903508711721,0.1453201297561264,0.622399787860088,0.349256633399262,-0.0695499635474041,0.0999585543630769,-0.2924643552214712,0.08342529211166,0.2392284978737463,-0.026247957217056,-0.129877990745292,0.1675012124859278,0.1747372886550601,-0.3663942982600477,-0.1934285279039361,-0.1517391265021954,-0.2401756511768427,0.0943242317028199,0.2794862779235134,-0.0827654235624302,0.0639913323279285,-0.2421134887730526,0.015395352578702,3.905709743333337
Li,Li0-0.12FeO2,FeO2,Li(FeO2)8,mp-aaabthzw,-1.571025993415522,0.3902807952168494,-5.125317509143997,0.5267971952306629,-0.0118039562586811,-2.6983438246838016,0.381852478479293,-0.99748329723956,0.6327722794088905,0.6625903607459405,0.909465607178554,-0.2324560448865012,1.1405067076667277,0.0812488955188072,2.546541907554817,-1.1121654933479124,-0.7198209537118997,-0.3897782471480999,-1.6111564995522405,-2.6772900743164576,-1.9494193012921903,-0.3416968100967941,-1.4238855293644002,-0.2957012067584973,-0.4072794258926391,-0.4581240438690867,-0.644328358312775,-0.9644547307817598,0.9659364713489376,2.8550118758807064,-1.3731394850209768,-0.1128780778650854,-0.4995746022740711,-0.3818876101427013,1.6068425828836377,1.1479897369821486,-0.6308667320176978,1.34514483062709,-1.0650685389073251,-0.2222165977570391,0.7929106601997601,-0.6213998055476146,-0.5318503918554903,-0.3822778771963869,-0.3765820577923446,0.2155472400803748,0.0503078831825772,-0.0720608533561688,-0.6630463052937958,0.1613501782596303,0.4336546424028629,-0.4451750236283623,0.238869896489507,-0.0161964799150346,-0.2665054477702348,-0.5246643653882578,0.0721079566987812,0.1027052975705666,-0.4325683157127253,-0.1566488705725454,-0.2814707386021241,0.0162380118322594,0.7825843174865051,-0.2801936072917473,0.2203346399461069,-0.0382516412517972,-0.3349406528244242,0.1105807462057628,-0.1215130751247031,-0.1667666980170466,-0.2434362632772407,0.2944170773718736,0.2009336376977459,0.2451412513074298,0.4038475143306683,-0.282024205470083,-0.0420793409613225,-0.054880016651929,0.1108138544234561,0.1308688135155322,3.81678242333334
Mg,Mg0-1V2S5,V2S5,MgV2S5,mp-aaadaike,-5.070952457255359,-10.479495447682709,-2.2755714442416632,-7.7334814771552916,-1.9796104290013303,4.531877392576773,9.304262294358324,2.89959127445074,0.048082097789498,5.041869833382366,-2.9650398900706394,1.6964749072643717,0.382357900126302,0.377675871544031,-0.8671239949453798,0.0460241809215418,-0.0167968078593683,-1.3061462619001871,-0.7971220950239198,0.1380986054873874,-0.2345471169171318,-0.1269076647026055,1.2841226198753215,-0.2390701172376325,0.5552046029282398,0.8075521531599665,1.9327638324658944,0.4300664131619945,-0.2130628746123944,-1.6379072427233452,-1.0325348049682623,0.2460372004889287,0.6005243917176876,0.1482257721959456,-0.2584144548513621,0.6930038891698898,0.8868728320108362,0.9915881101864092,-0.0303142767816571,-0.909357161434634,0.0981222044529029,0.0270509944199031,-0.1898630599884533,0.0631161985822082,-0.0851273914709726,0.3537689984427443,0.2006516943823145,-0.3801079726639884,-0.5084993288408609,-0.0867226776491702,-0.3405652065218166,-0.1883352777779119,-0.0946100501496027,0.0193657139472249,-0.308475765959515,0.6678254263435401,0.0516250581713176,0.1878848365856232,-0.4767901146226634,-0.0441455754244955,-0.1035375370848708,-0.372673780831507,-0.2797549393128445,-0.7068404323439251,-0.2813776078448924,-0.1453973873989371,-0.7283886863091317,0.0878458616334317,-0.1198529845943041,0.5498570744762832,-0.015763857596418,0.3835251246557861,-0.301016385727923,-0.2687168593283352,0.4277083215864026,-0.3499966516042598,0.515508534316477,-0.1199488559424939,0.0924936003549732,-0.0619842963440825,1.234362154999996
Li,Li0-3Fe2P5O16,Fe2P5O16,Li3Fe2P5O16,mp-aaaabnzc,-4.349877633136976,2.4285504519436487,-3.852982256209289,-0.0672946200650593,-5.063804698397815,0.0955501346059801,-0.7322219266360811,-1.2644255734541068,-0.0421997846860239,-2.4131405535957438,0.5348224493618225,0.7594924627096281,0.1036345016627805,-0.8083885200181746,0.4554659586408012,-1.3909097979482818,-0.9860312017470126,-0.3629275473711822,0.1663509446259851,-0.9439023916943649,-0.0112233047711752,0.172027377042277,1.15361461900407,0.470529582941275,0.1327077771024975,-0.8669759208622242,-0.0305388486151551,-0.9694317581128524,0.1367437259186384,0.3927762957803343,0.5081792757114136,0.2803416519860572,-0.4636862417084496,0.2466734220729336,0.0074771164056365,0.6620436406011186,0.170573740416465,-0.0921894655443118,-0.0953197531305301,-0.4469145504030542,-0.0050838769794316,0.0610086143408208,-0.1812522385332675,-0.377288678454098,-0.5823337973929085,0.1557594766860851,0.2725066874316664,0.1878991301402632,-0.2351654421303175,-0.3780080523436427,-0.1800346261869833,-0.2286661966173829,0.2272377004352662,-0.0462032330466137,0.2602200507365567,0.0918655812913165,-0.1960391842047938,0.0383654343113344,0.1418074696707733,-0.0322187742221245,0.1707077086411464,-0.2693409155729351,-0.0162407321865518,0.1017382539507607,-0.0058936763761321,0.1107447398882293,0.0847294491572764,-0.0252304070574203,0.1172707358116468,0.1048814037753561,-0.1228953853262551,-0.2188189125034532,0.062434935570822,-0.0151277634681116,-0.1579736739650895,0.0496773941088307,-0.0216141855707698,-0.0392727186878422,0.0032551998078668,0.0696934202703772,3.812478795000008
Zn,Zn0-0.5TiO2,TiO2,Ti2ZnO4,mp-aaaabljq,-2.680480445758899,-3.793330154528102,-4.278261741223898,2.6978963327247474,6.559694579962507,0.7899437053173461,0.3468837109608096,2.1777781112481143,-0.680527201204036,-0.17481513262183,-4.367766235575956,1.6178291877232611,-1.276883062210176,0.6178531441449869,1.5229252122273464,0.7479900344336413,-2.775654760441125,0.5869857593193671,0.3596065403806826,0.8076021097249579,3.072275872461385,-0.6330406706137564,-0.5139473189313658,-0.1373088462250208,0.5468367177842611,0.2156158370804254,-2.0241054862548795,1.306864780654206,-1.686562352158387,-0.0348729579116318,-0.1151591592411645,0.3923207363848423,-1.1129593800103332,2.027470472947674,-0.2468312350479651,0.2310834029773468,-0.5695667748892809,0.0048473965861724,0.413671390973881,0.0813567756046742,-1.1081823125657673,0.0850624816318325,0.2813015260996429,0.5714050423020898,0.1519688892800106,-0.4481262359832798,0.3023570700625582,-0.3517763060264949,-0.8567751587189325,-0.5572483481827359,1.335234774125698,-0.4042634016529736,0.4535045038169376,-0.9148848856801096,-0.3616329728296303,0.0454159424246348,-0.6383033578973186,0.2695417079284536,-0.6521479417257414,-0.3108416478726863,-0.1230230518612891,0.1998917105622445,-0.388726018483741,0.6501125093911022,-0.0724399060325352,-0.0379539862530279,0.4085638617019509,0.0890157032522216,0.4800026161083343,-0.4929730315253691,-0.5359568897772159,-0.2814058284230902,-0.2297957636983822,0.0189095703478831,-0.0183601553519496,0.3920317338971379,0.1685104687155811,0.5835802948626089,-0.0025535472012871,-0.2200418938923447,0.065182297499998
Mg,Mg0-0.5CuSO5,CuSO5,MgCu2(SO5)2,mp-aaackwed,-3.1950568197145226,-3.918869012714414,-3.214899638758382,1.339250552847703,-2.209367035394989,9.84022620038114,6.703736700009383,-4.1473097118915545,3.811016405813709,4.480181278747469,2.694958125516398,2.87534812379445,-1.6189997626565753,-1.5198795506763487,-1.583938580844119,0.0289615385069845,0.8590799854471581,0.4873770189725439,-0.2658748320264141,0.8726042051341737,-0.4157446367612883,0.0711812475259259,1.375856316396278,-0.9830738274263322,-0.6217754734414166,1.766665173046163,-0.1982744789298833,1.0969787379586848,1.5757470240320772,0.444002103101187,0.7410619258572501,-0.5801916110338339,0.0639507295822775,0.3592720779902904,-0.3196490100547393,-0.061564042732953,-0.0466407630054348,-1.14659244077935,0.3406128466756935,-0.4291027291947873,0.648734865507382,1.059620436431005,0.1964226934154389,-1.183023734994243,0.2673068695896622,-0.1915415861336511,-0.7432939712301849,0.1866786325685051,0.841187335153507,0.8230479814920936,-0.1485605601308162,0.6585464375293861,-0.5362441230300407,-1.4267332487119206,-0.1186137400166756,-0.9003300385998825,0.466050126550579,0.4830766663630277,-0.6965685234680357,0.91005248459856,0.3786818777918911,-0.4099005144868354,0.1963262648099427,0.6816346061228071,-0.6396407471093203,0.0839751136416519,0.6829467025755153,-0.3640964439126501,-0.0404925493487513,-0.0620923374477959,0.2353268591060274,-0.1474824100422957,0.1519225654504439,-0.0138044618234982,0.2381942008258631,-0.559275720937906,-0.0427109158017563,0.0900439485345521,-0.1039409641492035,0.0543448706362263,3.785876390000003
Li,Li2-3Sn(PO3)6,Li2Sn(PO3)6,Li3Sn(PO3)6,mp-aaabrcnv,-8.867983293164961,2.188051515304774,4.315658679077021,5.879079083330677,-4.188364660927444,3.4148300784571246,-4.04359385518703,0.7891465383190914,-0.6494749697275946,1.1879095969634943,-0.8516930485035519,0.170451191415389,-1.243052730693824,-0.1957890063285719,0.8434747452366015,-1.1456899588998015,0.0293495065790513,-1.5471323139431443,1.078991900608404,1.0414228201447582,-1.8263081426353929,-0.5314779266680837,-0.4420563833673963,-2.746029586341014,-0.0493978527670769,0.6314131348721723,-1.826796307901866,1.5162594899965711,0.0707008049316969,0.3234918291116159,1.971221336073529,-0.0868940941963976,-0.3885181602939926,1.092150685566018,1.1536878502395385,0.2970743030083233,-0.3636454338844269,2.817269821372878,-0.153203899049316,-0.6268813618925058,1.1628363869721956,0.9379739150908424,0.2777172613146503,0.2033297722765043,-0.7203117508520049,-0.3252072057384699,0.4800358819721417,-0.7725796284416444,-0.5174595743349863,-0.1213038165680919,-0.7601221372590744,-0.5035744024917116,0.3442587932329619,1.1213286107089,-0.1053419615999507,-0.1644241797682548,-0.826260572574667,0.0653712594913256,0.0140272874985016,0.7490806610804085,-0.4027479876441303,0.4166132946565827,-0.0739986386663688,-0.5154857411876738,0.0703955830861649,0.3153656874606185,0.3979730989205786,-0.1738639911918116,-0.1073396992926133,-0.3124485388859596,0.4730702989219255,-0.0295373326127182,-0.1141625602124068,0.231149317667738,0.2246476589587761,0.4554937002727564,0.071095990284202,-0.1793988771398655,-0.2495099803272622,-0.2048800641159176,3.364304023333351
Li,Li0-1VF5,VF5,LiVF5,mp-aaabrcai,-3.4779974349916487,6.049580648911608,-5.631340856013004,0.2588736211169078,1.255502518840778,-4.873192798747393,-2.1104534872927534,-0.6895974259935767,1.1240667799952595,3.777299953407986,-0.3398979102443191,3.047391754681569,-2.223842292006484,0.4071752440070586,-3.238157099171872,1.3133611846830526,-0.3609865135991504,0.5868817931971023,-0.1256791491077586,-0.7560350287933697,0.2778087926011406,1.49936664720457,0.8209181137533484,0.6327114845981751,0.40752212186011,-1.3065307153131946,-0.1426317975746946,-0.3553548803838453,-0.1517272768219698,-0.2851295401748575,-0.3848995099517043,0.0239619876221994,0.1974085320676932,0.2939374895164391,0.0565125747192822,0.3307140762665781,-0.1875904455810751,0.3599111896260512,-0.1707290503278836,-0.0695888574998976,0.3598041130799234,-0.097816158234125,-0.060544986694722,0.4809726174824066,-0.490642743961711,0.2029194509431591,-0.2363695357245868,0.8120679081746713,0.3602511868559982,-0.5456120350815667,0.153238019568639,-0.404004991176151,0.0228886648321377,-0.2212106989256235,-0.227432653267323,0.4160081893319654,0.2623343312678515,0.3001157209357609,0.0756875498070177,0.539802630113232,-0.0291396562005405,-0.1996664127288838,0.1811963954123739,0.2811626153161924,0.0315924002162243,0.0686072848867753,-0.0573866077972319,-0.1337131633459284,0.0596682164410151,-0.162905080535161,0.1861947319406004,-0.2994756974140272,-0.0421486188477954,0.0286450237191079,-0.0627116147233654,-0.2223733266999685,0.042264632369999,0.0882070040393021,-0.1590784197702379,-0.0109288403186746,5.067682328333331
Li,Li0-1Rb2NiF6,Rb2NiF6,Rb2LiNiF6,mp-aaabfrcr,0.6506150504688316,6.2971918750933344,10.986801049151936,3.8590762354687302,2.248128575164208,-6.35648962939268,5.646034735623019,-2.911877534104114,0.2973028932243606,-2.878457747362966,2.8974980653457205,5.307463059624928,-2.0719354841606497,-1.8774027519018184,-0.2783636790375323,-0.9225626025248328,-3.202850267449248,2.263002089096253,-0.535132917207259,-4.600041509417882,2.775874817219096,-2.2463791417188683,0.5203847242331688,-0.5580272466922073,0.4648169125517977,0.2923849251787491,-0.9736231233018804,0.1652732218453129,-1.4324186941194357,-0.0292471090210131,-0.3202870683097759,0.0751321446093733,0.2428211997455927,1.894248223403408,-1.4186666517828497,0.4179466089496756,1.7674071789763304,0.5201989241422542,-0.0042864514779213,1.0980137257463825,0.6241232603828052,-0.2250826045846852,-0.9194082002433724,-0.671300706454703,0.1203786353618946,-0.3295738748682684,-1.1460392852140902,0.2737379659405699,-0.3717766206601414,-0.6684838875849229,-0.237068429479068,-0.3967609146928231,0.521818281000424,-0.4036747993029935,-0.0691009127140633,0.2379392746132074,-0.1041418146289994,0.0231838871500124,-0.4070817437734957,-0.4127277885917195,0.0137931333686412,0.0721337284040859,0.0230099779946978,-0.210985961791518,-0.1844335698164781,0.3904586573616789,0.1232846812649139,-0.064886058433786,-0.2217729611715899,0.2695467921558939,0.181026110542455,0.0554840626337411,0.301885507197439,0.4295459268004196,0.4386783298084037,-0.2234542611774895,-0.4957257787213212,0.0802971292567704,-0.546211205490258,-0.3605681896134939,4.5869878733333325
Zn,Zn0-0.5VO2,VO2,V2ZnO4,mp-aaaborqm,-1.1812660185275374,-3.421874048139189,-5.843436541540046,2.114250911282455,7.20373292530296,0.8904398518324919,0.7324601385717046,3.1277730290368546,-1.252743535597891,0.0938778865830444,-3.3525014417658534,0.6952846978299242,-1.053377444495869,0.4845350040517764,1.4846647173160283,0.3452125641207307,-2.40041118506903,1.114781411499708,0.1461741754969107,0.7165515554210163,2.136562403576764,0.6927182457742481,-0.5985829172590384,0.7905536135579172,2.2510528162061263,0.009463416113899,-0.2314588770432739,0.8482153646701698,0.2819272318408333,2.5098076008183257,-1.1074548782902358,-0.0450087218294564,-0.5397522181966083,-0.5431581112348232,1.5365439267657772,0.1610112307899318,-0.8381191032244819,0.1367434202620026,0.2149818831669513,-0.2703557379490393,0.5309717298080501,0.0482924119166125,-0.176496372064804,0.5815266486599374,0.9833905479117409,0.5819783963379106,0.4806110463632048,-0.6544846766414472,-0.6539882585338045,-0.1456974068303906,0.8049154701171045,-0.0857576062937015,1.018674010068417,-1.060627345447218,-0.3487615711578287,-0.1050636516172411,-0.6563288352801027,0.3773583714630802,-0.1428905287936979,0.0593178439068329,0.1274922600660414,-0.3265208308178436,-0.3066686762018985,-0.0270596297396599,-0.0231474029340529,-0.20493983035919,0.237698016889051,0.3573795179954077,0.067739464590297,-0.1940384894174384,-0.0638210999102493,-0.1318459564717232,-0.2976417392633028,-0.2150961081443062,0.2750262251782618,-0.0038997296683093,0.0518524864269461,0.3642307424923083,-0.0147961570998328,-0.0460996341964874,0.983379960000001
Mg,Mg0-0.5CoTeMoO6,CoTeMoO6,MgCo2Te2(MoO6)2,mp-aaabfkhi,7.749633834914063,-1.702761980809356,-1.7049440687111672,0.9150231392854122,0.4837866274628175,2.330779447817475,-0.059390634038714,1.2806175015280143,-1.557965959063684,-0.5016992536557922,-0.1647759338736985,-0.7018150877198818,-2.6755450100634373,0.5565906348115753,-0.6175654381292183,-0.6072325194560572,0.8896330308433121,-1.1916799670547942,-3.0357996012816133,-1.7194848736575812,0.9075272994791018,0.5668672291469279,0.2086937821345702,0.2913913777456248,-1.7340858801619872,1.773166836134378,1.767080878011063,-1.2527011220293771,0.2641546242637126,-0.7658404341970783,-0.7898523007471844,-0.0028275311241141,-0.2726148723129648,0.7377495232943306,0.1379506100651303,0.6118896440686344,0.4892087494110756,0.4458415586065297,-0.8469629028087129,0.4410004236058311,0.7619115777110907,-0.1687824122892691,0.2592675897503983,0.6552581259634594,0.2028215370762358,0.1676634007421055,-0.4070351813080868,-0.0972213849233599,-0.6142764016334996,-0.4178023529475959,-0.2657498003647475,-0.0615962623852911,0.4682774572127143,-0.066672838332473,0.3957147564157297,-0.5762018112562584,-0.0783297374012365,-0.0459094981864499,0.0861633224273786,-0.0171022517186535,0.4333671493477462,0.3464141248390165,0.2370575088153353,0.1992077079882966,0.1965061646732389,0.069631189757615,-0.1020861732419911,0.2089029366998011,0.4055405032534274,0.1094749948335685,-0.076114313285763,-0.1605457609656899,0.2094711723239516,-0.1083864949302739,-0.0363726703643157,0.2918410315565312,0.2581276062828267,-0.2350772831784727,-0.2388775927377242,-0.0837280594360782,1.379761859999992
Ca,Ca1-2CoSi2O7,CaCoSi2O7,Ca2CoSi2O7,mp-aaactvij,-0.4235370544688984,1.9920757644954936,3.943579759281084,-0.9721104452075924,2.129288043230832,3.4121922157454385,1.051698335948651,-1.2554095261684006,0.2510896430489147,-4.212243436778131,-1.564611056320288,-1.5427531387499551,2.0106031535005022,0.3904258558208112,-1.887714084719457,1.0501432865110942,1.889271284161421,-1.0446290782309078,2.1372823722350858,-0.6252666063766346,-0.3901415899787864,0.7074670676745267,1.7614729248853769,-0.2896760126911178,0.409028422135279,-0.7010402035224319,-0.9715679659759248,-0.2180866633957346,-0.5603343345737681,0.055168843171436,-0.0919999627504126,-0.9613889412954092,0.7087541600239281,-0.003630998067401,-0.2444449902819311,-1.452765739801705,0.0764715343623768,-0.624836038828881,-0.080683616627443,0.0133058674740289,1.0076619164755294,0.0849300780237978,0.2656079375394934,0.7094454576904163,-0.693469622951929,0.3647019399470104,0.1188902783805191,1.0417024104093824,-0.5732088710876043,0.901843469604099,0.4469492840105926,0.398526434364734,-0.0076151262921102,0.3334483754748085,-0.689592622480578,0.6352449484648203,-0.5845561696621407,-0.075210231601181,0.2167521341752605,-0.123710399139705,-0.3566685807135433,-0.4847990792147789,-0.2879776212064563,0.0837364926082499,0.0525492400549317,-0.441230598335418,0.3158861102903422,-0.6569951768308446,0.2848317345575874,-0.1458994067764811,0.0079065588872734,0.0173739928513445,0.0278873167599209,0.1415227225708781,0.2480278112277272,-0.0048745349757209,0.0787603941094301,-0.4463762213611108,0.0853205807025566,-0.0212015666869866,4.239384293750002
Al,Al0-1Sb(WO4)2,Sb(WO4)2,AlSb(WO4)2,mp-aaachpye,20.316436025556264,-3.0370679010791064,-1.9723123190784828,-1.3289325229224975,-2.6364447471575208,4.522221192412932,-2.772302259288403,0.8408708298570137,-3.3754640476151545,-0.8249205157814974,1.2316540330451795,-0.2255267692695028,-3.359929319863791,1.405814679745501,-0.6264208555312908,0.3986683976828064,0.3662392064661244,-0.5327211631839764,-1.9703510002458,-1.7504680577186027,1.375407566187484,-0.0918921760677259,1.7791562021841003,1.1799053852356791,0.3475143647937358,1.048336003324167,-1.4458540548522905,0.571158665896606,-1.5851409927575515,0.0736842970852075,-0.6352384609012502,-1.0034927490834766,0.8943385397724284,-0.7564633015386573,0.8717622699829121,-1.0318839625690537,-0.6680175057584103,0.7745194815356559,0.9310264807205788,0.3435332592917657,-0.9783801702187956,-0.1987064744382155,-0.2088312052423742,0.1306200996985234,-0.2627203620756561,0.2065763691821505,-0.429339280923929,-0.0354233659637694,0.5945012341944209,0.3231923364076077,-0.9924997103738552,-0.4197089500775955,-0.0303650404836844,0.4202475028319626,-0.0618868066289523,0.0418624072184363,0.384122817124519,0.8057287820240566,0.7141991648924784,-1.7023662074443149,0.2842500613492704,0.8574716127177404,0.5598520407448245,-0.1175847747884754,0.0618551418065196,0.4172804719402228,-0.1262568272221454,-0.1130414691748852,0.049166823532021,-0.0681225762408673,0.4485043939345933,0.1269711000179886,-0.5905500395078191,-0.1372264460563588,-0.5977756624302623,-0.5051617424216812,0.1484703379953756,-0.1201455861450006,-0.2940026076323578,0.2766298963161793,1.407975111666665
Mg,Mg0-1Ba3Mn2O8,Ba3Mn2O8,Ba3MgMn2O8,mp-aaaabcka,0.2935414803145273,0.6561951508067964,10.325755615412431,6.225366990151294,1.180554065071629,-1.7520674265858305,3.2888584880200806,3.6005737753812155,-2.381738701911317,-0.6514852590204243,0.9137758474949564,-0.1298705661127655,4.070611790709805,-1.6089636763644686,0.4288867976706376,-1.488675189953507,0.0168356337025304,1.7473404331955056,-0.1241078993213475,0.4114078207956482,1.3323425157814135,0.8523903411253265,-1.698796352844797,-0.4841033593196693,-0.6720690388804847,-1.4202399459497446,0.8636477525683313,0.1736320956720107,0.7163719176740092,-1.068047647920097,0.2187362446814431,0.1939905802768289,-0.0977489359696616,-1.290268158324336,-1.2289540938335048,-1.1360425769074634,1.051430287233126,-0.5403045383594547,0.4402964337788816,0.8425019290099027,0.0963820753729716,0.0875245416499873,0.1976397289161609,-0.7462041454270545,0.427153673730922,0.1434397811320352,-0.5085696897050533,-0.1939695004552307,-0.3702449373355037,-0.4277770695612637,-0.2054694325925329,-0.1672848100615334,-0.6397336962627209,-0.9634310364931964,-0.0316181032673874,0.3108054847096558,0.6456403692997241,0.5058594804244028,0.3865443114415006,0.1686132472202461,0.1392394540457872,-0.1669318471292826,0.7802741732299144,0.3903480750307244,-0.1001559928510383,0.6650441765784452,0.0797837832768405,0.1177452312077787,-0.4293476589290554,-0.1127761124428841,0.2089468128694095,0.3482190031179508,-0.7649043923212223,0.03492958532152,-0.4093436352403604,-0.289205899902967,-0.2757203442783016,-0.5830710858160767,0.6800491594273474,0.2824603780809512,1.03211353250001
Li,Li1-2TiCrO4,LiTiCrO4,Li2TiCrO4,mp-aaabratn,0.2075452863976836,5.023682885391466,3.559986326440468,-6.826052553881959,1.9745798821816327,-0.049716428286703,-1.5363025690013925,-0.6344196733112961,-3.703781901698608,0.5075971621907029,-0.8568493473213579,0.9571469947891268,1.6865422399865453,1.3016348642230815,0.6313608825138433,2.2774031356719044,0.0322244068403142,-0.6371878893753123,0.0484014132058469,0.2718107717264684,0.2118801289211202,-0.5190816819407469,-0.7869051606092273,0.7983623813818345,-1.2490735136859006,1.4739434624213053,1.1019218958465806,-0.6978986150293739,-0.9315057753440784,-0.9194919373367608,-1.253524901207801,-0.2130054275488307,-0.0147103455703298,0.0668818814528192,0.813241153996825,0.230702255897513,-0.1034428765789041,-0.0064698421460347,-0.1653291454331118,-0.4247126191362131,-0.1478528415540692,0.0174694880322118,0.2135240666755983,-0.24581831608836,0.4737763887557515,-0.3797649581330083,0.175767529194984,0.2250177401488091,0.0382219845569946,0.0367405293705217,-0.1052269947847327,0.1374026510254207,-0.2362392636274544,0.1924386964491026,0.3307983681119615,-0.2266468459273736,0.1990451311762185,-0.1480696062401583,-0.4258508797202942,-0.0566734683480689,-0.1517301474072982,0.1027732306135392,-0.0606624852881851,0.3581501343251071,-0.2769129546629159,-0.0673204605483094,0.2966129491540369,0.09716341288408,0.0230306123155773,0.1749365412255849,-0.1191786694171187,-0.0597495570475883,-0.0592274291657825,-0.1303528309855329,0.1397981969725999,0.0821835337311808,-0.1928410826323623,-0.1965410557146676,-0.0589766643906005,-0.0483899979829441,1.030354430833332
Zn,Zn0-0.5Co2O3,Co2O3,Zn(Co2O3)2,mp-aaachjnm,0.1051080545786184,-5.435746834605703,-7.204395871379714,3.193295162402929,6.757384672003969,2.538764790296099,0.5667464472673923,1.2889000932453043,-1.4517458003374517,-0.8411784686320806,0.2331383321884848,0.6885906534347596,-1.5649812168844135,-0.1956634558742647,3.8048491860026408,-0.2636470551037594,-3.464344603763123,0.9563537133946036,1.4234434426579778,-0.6287115667795248,0.4447732609003251,1.4355176470071875,-0.3141129432721582,1.7783964396611982,1.1933262889755905,2.080327438292473,-0.0923753470028005,-0.3072570035752023,-0.4838280015309898,-1.32030900746235,-0.1341341623745035,-0.2301840664686913,-0.244671777237685,-0.8857241420355395,1.3097308453811247,-0.1540588495749356,-0.196150919584942,0.3119518920799908,0.1811015368313974,0.3368656443243233,0.7779493816835996,-0.6122041748381998,0.0076559822398526,0.2615483220295912,0.2409775628605465,-0.1574182549469352,0.206952967342427,-0.2410520990534215,-0.6323557078834735,-0.2831306221053918,0.2259707590733168,-0.0609910536590452,0.1877791712889902,0.2115504384066656,-0.0345031814549184,-0.2465675832890601,-0.5480497331726284,-0.1523562823927745,0.0380902986008031,0.1676835850156757,-0.116130960495685,-0.1876628842821806,0.135246855797392,-0.5393445572617523,0.1184409722185467,-0.6462945693733636,0.4491947567956202,-0.0084382280580946,-0.1480915499618129,-0.0272197977070896,0.189869632718316,-0.0937741564238173,0.0749318186353646,-0.1849395320465564,0.2625269975995596,-0.0425631096776513,-0.2322902839887474,0.0042597216662172,0.3612478739453806,0.0925243196426312,1.227314342500002
Li,Li0-1VF5,VF5,LiVF5,mp-aaabrgqk,-3.4780953726456887,6.044275374430388,-5.629886109308888,0.2585771283330822,1.2567100280954475,-4.876518614425862,-2.106284943240388,-0.6912627755054837,1.1250419588132567,3.777131312808063,-0.3375822979059394,3.04673129877641,-2.221235520997806,0.4079588228613805,-3.23500196750168,1.3159281600999713,-0.3636119816424208,0.5913033457370773,-0.1245131668963888,-0.7583968122983749,0.3018379726228712,1.4914799475021463,0.7950859651682253,0.6211357705536685,0.4033618810615753,-1.316973473248374,-0.149211124735238,-0.3608630576593219,-0.1565173825762691,-0.2832248697242826,-0.3894131389451141,0.0221394417746822,0.2012534632427621,0.3046816014890185,0.0601688718249608,0.333644184906772,-0.1896307425872694,0.3604646224935227,-0.1689381264373689,-0.0688708221429819,0.355287383307256,-0.1015375219517994,-0.0594238784449159,0.4844288369784355,-0.4938250273618695,0.2026096841026464,-0.2371478697256497,0.8122299501904083,0.3615476834261046,-0.5434193188049214,0.1559154490679348,-0.4038660983842333,0.0225932020351454,-0.2227345382044081,-0.226927682271166,0.4146235730408647,0.2625940260235072,0.3001288249074448,0.0765880856801378,0.540343537714972,-0.0294548296259782,-0.2002741509378494,0.1804353809138868,0.2829972424903901,0.0310528079474618,0.0688941116927898,-0.0582723742962947,-0.1339589206556521,0.0597755173534463,-0.1636872133808533,0.1859064567974084,-0.3006213973545456,-0.0429533574006442,0.0271654101569484,-0.0633190584686099,-0.2232078414675593,0.0414405156284021,0.0880639004773528,-0.1586121928287816,-0.0104805987600231,4.638056219583331
Ca,Ca0-0.5FeO2,FeO2,Ca(FeO2)2,mp-aaaczdhr,-0.8585789644197431,-1.3549453293836322,-3.457265179863609,1.418274954203233,1.7024286712254566,-2.8354051451787226,2.285680756141698,-1.9329789608014547,1.4915218962783203,-0.9996357645363604,1.40535100320109,-1.1614788341738016,1.544210151522053,0.2275822140288816,2.4105893149596604,-0.510868040047996,0.987518719836282,-1.8182318902358348,0.8881451625072287,-1.2002711781568065,1.1934258924034824,0.7463838603862955,-0.3902668713353154,-1.587840376366777,-1.289892876927191,-1.1676302624190424,-0.5763685704685227,-1.0363885020571029,0.907962035486556,-0.6880687068978301,0.8154851206005833,0.1271359503576684,-0.243615177828349,-1.9877151129038264,-0.7780658889100441,0.5637047362556518,-0.8965437110518544,0.2548029957741555,0.3588350408416482,-0.9642006978836644,0.4296907405297247,-1.2519647236966254,-0.4525509956050622,0.2341440709133132,-0.2978463402467125,0.5476324692022134,-0.0634328410304553,0.020037416125889,-0.0237173076492847,-0.108719439885238,0.0032690017839136,-0.1401438724198943,0.0523454320016805,0.0069446774437606,-0.1493248020427259,-0.0803976285872519,0.116550302179824,0.3468710743391407,0.2231064395510255,0.1817855153270054,0.3234520537694699,0.0581968793516819,0.1601285656622884,0.3387319115602387,0.1526165590266925,0.2323850908158828,-0.0865718702466204,0.1999201887245882,0.1187229913988185,0.0361586970108106,-0.3453958853185961,-0.1144349860139499,-0.1819885532013678,-0.1814411165344103,-0.0250822603727969,-0.2382175835880367,-0.2048549009943643,0.1523423841048697,-0.1395775270255715,0.032687210560408,3.972899129166665
Zn,Zn0-0.5WO2,WO2,Zn(WO2)2,mp-aaachgji,21.351214028729444,-7.367530763226387,-8.981155750459036,0.8785698544789508,3.143467736233451,-2.1827158780770484,-1.5051102325415762,1.1024955235879734,-0.0939714716115538,3.134997564839623,-0.3938092711917884,-0.7497043444937848,-0.7025377508062196,-0.94474964346807,4.2009143195944985,0.0179484647722322,-3.5338337499871324,2.8196232295308,2.7682638499270333,2.3171992076130428,-1.7352879601969071,0.0578130405069536,1.100324546307943,1.826992305236774,-0.4008713602421153,-0.2212029140449876,-1.1858999069530765,0.6951660981756415,-0.0330088039592403,-0.3972454599325555,0.9217367790807918,-0.1485830682523505,-0.6625058153835703,-1.2982733415656154,0.9572628638413068,-0.3585699469943971,0.931302067117026,1.0576580250580636,1.3002713234212548,0.4979920635615185,0.0485837949152389,0.8136542991242421,-1.0088152155775902,-0.3855124352386902,-0.3138304434086747,0.9999608913602852,0.5593543986172221,-0.679770969188617,0.2822406332792174,-0.5515276510037687,0.5428264858449543,0.0574956650426431,1.0914823810024905,-0.7516520019184392,0.4805494197482732,-0.4351696282417502,-1.0531124750652143,0.1323723778132868,-0.3288520341663694,0.1358644956311246,-0.0428553723162644,-0.5368328450610659,-0.2949562638724786,0.1057586562202552,0.0340597053217576,-0.3601691720080051,0.6495071044923886,0.1538054382918711,0.2739786899727565,-0.0245046518183532,0.2028309395691949,-0.2321960007297138,-0.398083959770029,0.0787711765309091,0.4812445217857498,-0.0863673721042312,-0.1670580799577637,0.1111465975392264,0.2262906426700136,-0.0894485009168626,0.035978762500001
Li,Li0-1Fe2C2O7,Fe2C2O7,LiFe2C2O7,mp-aaabqvto,0.5894280296801404,2.526269668857541,-3.6859542079140017,-3.0486497232494494,-1.600425565842772,1.138287161354364,-0.2003868443107231,-1.392827997486784,2.0406022908170045,-0.7911396935289026,-2.8589568264700898,-3.744754200393999,-0.0084565799413858,-0.6971339033338116,0.1889378548747123,-3.7463608270156943,0.3277207940987175,1.3633588557491998,0.9518370842971522,-3.667638471248301,-0.9248442137058314,-1.5227907789744732,0.5358795713031004,1.3436191297451747,0.1306162514966576,-0.9459775222862556,-0.6514554279522744,-2.0500020304944853,0.9082188197848036,-0.6541964797905013,-0.5722230750933673,0.5283527688632382,0.1186845907214287,-1.3115560979112608,0.0668338719189347,1.180421982406202,0.083829707783254,-0.3429393186961488,-0.0680208472558276,-0.0375558771121294,-1.9057712110250529,0.3111290053671174,-1.674161396463988,-0.948298987045014,-0.480417164551418,-0.9804715882649944,0.7619644792672879,0.0148556163759939,-0.8194734977529728,-0.0280259183952152,-0.1083741727332695,-0.3075398248673447,0.3257747294520238,-0.021785579861051,-0.3195161325772926,-0.2094636565581192,0.2997423319773543,0.5954547086907253,0.0622051502476126,-0.3404118092598736,0.0326451223911774,-0.244106842505756,0.2638003806891998,-0.2208723836533137,0.1809536691361158,0.5588011143605468,0.0811960928168262,0.350538095404837,-0.1761029352043071,0.2717353476829522,-0.1643126327180394,-0.0539371822664686,-0.5031036742554319,0.1361514907328598,-0.1367658857486406,-0.0655747529392387,0.0015290566403887,-0.1005254330641854,-0.0743050618458136,-0.0223566897954359,3.224703233333334
Mg,Mg0-0.5TmMoClO4,TmMoClO4,Tm2MgMo2(ClO4)2,mp-aaabfvew,9.65269042727295,-0.8699634667696503,3.014845610828117,2.680481989671613,0.2005688193834026,0.3854437752735883,-0.4165972277403463,2.865343481818565,-1.2451991634597854,2.2622253290196523,-0.7895211623859082,-1.0635981283728433,0.5346352195720998,-0.7731302212260871,-2.2449847902208586,-2.3305584149609078,0.565187041018344,-0.969678173967214,-1.7722011601798051,1.9875254876205808,0.5660116417230974,3.2340541151046795,0.8598244372651639,0.5112795937671574,-0.8795313117479439,-0.6873943744780125,0.7302455925314666,-1.3417728083074951,-0.5071531284399119,0.7209563857594327,1.2302147385866915,0.7747315645484079,-1.8326125723865072,1.0584360289617498,-0.2096587357772081,0.6467292477958726,1.804507963242593,-0.5748853205342026,0.6624877343688952,0.4880439573738053,0.3993095660464147,-0.0012949661330914,-0.3067013661133816,0.5467210380019373,-1.1923319712863891,-0.3296206640792445,-1.9507787179410705,-0.7059724785055906,-0.1293065580448661,0.3953664713409872,-0.0461315520235491,-0.7598630528049846,0.6032699951172805,-0.294338285568119,-1.442554225533829,-0.1527989585844704,0.5486690379131576,-0.5985679634865769,0.755187736183002,-0.0175561971063767,-0.9105145484293068,0.2265278957443076,0.234106012865057,-0.0843739187394923,-0.1026180559740142,-0.349690165870783,0.3362567856791089,0.3520928765744385,-0.2327113836251564,0.1235655882840545,-0.1488648607445299,-0.3414185109547266,0.0587312219438888,-0.2073007835426104,0.1361444490823301,-0.0674560253921977,-0.0225079187851151,-0.4355173503803067,0.0963177428953418,-0.0603273310994769,0.9836347900000012
Li,Li0-1P2WO7,P2WO7,LiP2WO7,mp-aaabrait,14.783773185328124,2.172586089325933,-5.292416715922684,-3.96591913790993,-10.310199367615066,-0.7521220198854834,-3.4911815445245677,-2.3620450244513016,1.3965914889018556,-1.153948324404216,-1.601220515849852,3.732078509578224,1.502018838743831,-4.461631781213312,-0.9788144026770108,-2.115095850562685,-3.630718367324216,1.304650634469828,2.486343460223785,3.549482689543049,-1.2425571329977363,-1.6921083426168544,-0.8717641327697842,1.4650301095730909,0.1748711799049128,-1.046135606856308,0.5048447363102351,0.0172681583036505,-0.7392907678153443,-0.0235464149272138,-0.6575618840653404,0.9002553759566855,-0.0447608736585128,-0.6971633449579486,-0.7787214965525544,0.5322037851437773,-1.8971555153351196,-1.1529282322028376,-0.1322447458159409,0.1489815137892059,-0.9622864469976262,-0.7131890284725056,1.0878568454590092,-0.6325492563081965,2.306728479023745,0.5282565716335188,-0.4693261896494345,-0.7947310421158388,-0.5669085749849526,0.6493593280191257,-0.2611383090011356,-1.1969810505673268,-0.8567520781278877,1.0146836874063587,0.0221415307198574,0.3896355820235414,0.1809787381378973,0.7104007992236745,0.191253554217478,0.5772355835044997,0.2926607827360323,-0.05607463312576,0.0899961492175408,-0.2334788673988599,0.0754571266675113,0.2998700010303821,-0.0624251511411007,-0.0971102126550253,0.1565444127943388,0.1275440303091219,-0.3399414392092881,-0.1501945113394059,-0.1652548822313864,-0.2510995695436986,0.073155370778014,0.2634834263438154,-0.0803625453351775,0.0323660624544117,-0.2330971002324713,0.0212284167020247,2.437400798333333
Ca,Ca0-1V(Si2O5)2,V(Si2O5)2,CaV(Si2O5)2,mp-aaachjwm,-2.359264495251859,0.1427676725178989,-2.9342123977529044,0.866013222544705,1.309605887293126,1.671079161945301,1.2237811250677026,-0.3192975667669567,2.892684858341924,-3.6405468801815366,-4.150793752231015,-2.2920098078584834,1.645405617657943,0.5812409991409705,-2.3402851764853896,1.0007186812705082,2.297820999567465,-0.0501147720046045,1.4065999179313309,0.1012407169410314,0.4068938630659438,0.3287151045381328,-0.675283161262071,-1.9089544981556403,1.097973875075011,-0.2637691063815904,-0.7912282126372492,-0.776543493070929,0.2697711144574854,3.043049196288051,-1.8712581737587497,-0.9643030486590664,0.7649059340111524,-0.308152761103578,0.4659669460010565,-0.3855759900288551,-0.513417211324373,0.543102899606406,-0.0034987604412437,-0.2582918733796456,1.5995053750918444,-0.9070139162947928,-0.566392599521253,0.259258914439025,-0.0144651668257264,0.3482998469108285,0.0339637904162782,-0.5059807211538087,0.2450664997366857,0.1234857101841011,0.9421350760404598,0.2182752190632147,0.3377399507168991,0.1511485335462532,0.0981009705152117,0.0808525832692462,-0.1628521066870098,-0.0650793438069561,0.0982397602751134,-0.0272429092556036,-0.0537059582704468,-0.5480106266457871,0.308063236040846,0.1312471329616707,-0.1455216128195062,0.334166195125917,0.1042460313629427,-0.109332815159539,0.1737038126860567,0.3486145640711687,0.0565565073701742,0.0584149308837638,0.0239808639310516,0.3038763171119389,0.317421801366149,0.1465600177315656,-0.0385763697846567,-0.1713385194511671,-0.1205640035730154,-0.198477403699652,2.896597506249992
Zn,Zn0-0.5MoO2,MoO2,Zn(MoO2)2,mp-aaachptd,7.704926525467587,-5.044563913854415,-6.777099341762373,1.7307120691621505,5.493963753760702,-0.1369658290412125,0.2023746617933992,2.013034479436959,0.0946341270474122,1.7589079383033956,-2.2209628978638087,-1.7671899328929377,-2.006748795936492,-0.9731241077374372,2.392295017367298,-2.0053904928704065,-2.739362042263755,1.9199026422133167,0.1347862542080557,1.6981373600202936,1.0429343827160906,2.387308005174262,-0.2913771006031843,1.6970264839116649,-2.4288827067709464,2.5777610780575366,0.9079941672577936,-0.6200592583833155,-0.4934440581963748,-0.1675612252392012,0.0718380206359981,-0.7169547658134025,-0.6426936555574468,-1.041690123310392,0.865780597494395,-1.0882515024507056,-0.1637625640998112,0.1288694321978807,-0.7675013965515531,-0.5858486864777148,-0.072698443556681,0.0650772630775508,0.1137261795450858,1.2767662535564726,-0.9112837870570192,-0.1058872809542899,1.181801765081538,0.1213466908023702,-0.4455929465773067,-0.7493733333785295,0.3822337359464149,0.2520556687083203,0.5128461670273976,-0.2415693785280291,0.8990981665524811,-0.5535544901664431,-0.3835515879436227,0.1083863039675986,0.1774674232002991,0.4592710761514821,0.7276271524202106,-0.6946987712051186,-0.2608703124333005,-0.1231996304836083,0.3049762353956209,0.3209491315991969,-0.0089871483641936,-0.988261926611386,-0.3435936903677417,0.3797663381776721,0.4714203659716259,0.1108740096532611,-0.0937208549493776,-0.032856638457763,0.3421525125812051,0.0947388883510929,-0.1624903399937563,-0.4936926913234274,-0.3939502790725372,0.1758913312524191,0.437506464999998
Li,Li0-1Mn2F7,Mn2F7,LiMn2F7,mp-aaabqwoh,-5.683881885087136,6.09813061620973,-4.57407361998939,3.0121381784716403,-0.3549494144012951,-3.656795552989,-1.2054179113020334,1.0105793827657932,-1.6647889050864582,3.7924229739575366,4.941107505656415,-1.2925885080906871,-0.4134444428532705,-0.3342229122142381,-2.20963898771923,-1.1000079422709923,1.2758227723018891,0.6930129192119355,0.8632395625693721,0.2043465824344875,-0.8608695927839657,1.891373677714241,0.2851587657853499,0.0027384556121424,0.8393522877480912,-1.2451811864301034,-0.770525808165663,-0.2468291068786234,-0.6692494279913463,-0.3389024137012034,-0.6553652421580308,-0.4338700582127179,0.5923459704285549,0.2205090081940305,0.6955588109855277,-0.3727832212614235,0.2142042317477795,0.4250736521057671,-0.1308257562520954,1.2885779136781894,-1.003486203065099,0.2423141707248248,0.2458590616305529,0.1889663972661031,-0.3702793356115272,-0.4801876907322187,0.3046224956512041,0.5593424257097107,0.3413963556165113,-0.2249687683353975,-0.0707597684412762,-0.1020871762932714,0.0962934104735218,0.0279790998717426,-0.2929475071425885,0.3791947310061015,0.3003315168916055,0.3896888976945025,-0.232165499484952,0.3128843400168932,-0.050164859732141,0.6035989256291534,-0.1392603681511494,-0.5032894338734037,0.3882406372676011,-0.2978368900574077,0.3894920969060849,0.0567820002800187,0.0087016090974714,0.0977600478190497,-0.5378227828295866,-0.1211644182451881,0.0983884157383945,0.1113565406172505,0.1803537897229777,-0.3223373535090429,0.2476798338494001,-0.0307170953415261,0.1724812516618375,0.0330842987911603,5.479467553333334
Li,Li0-4.5V2(PO4)3,V2(PO4)3,Li9V4(PO4)6,mp-aaaabmqa,-4.7279979727944665,3.0226303352699517,-2.6306921625613677,-1.3915214158847318,-2.5911291586489247,-1.3988827253291811,-1.4647512441346042,0.1854936091900791,0.9538714375382352,-1.0369524308346096,-3.0124043174381847,0.9049297822649124,1.008765750135996,-0.2575347979496492,-1.2167034098908796,-0.0189374072404247,-0.7670737876998021,0.1761768656356715,-0.212617032911448,0.3967124644262204,1.693595304405576,0.2674540967944604,0.8948199417030509,-0.155539905634859,1.7159663998511645,1.6267772256850492,0.05997942968549,1.0371213544524458,1.2278385624470596,0.2955841871403621,0.8133016607147037,0.2941407434294318,-0.4158766201797675,-0.0608787224886501,-0.5827353070030173,-0.0745130751101591,0.2586731153561381,-0.5974608337122315,0.375801423310511,-0.306576411802285,-0.2859193501953209,0.7052905261376278,0.2062878367306794,0.3394920099325058,-0.1730089474827251,0.4318972523638967,-0.3937373244477726,-0.1686080194555096,0.3910712127391547,0.1398680798466391,-0.0931477668924846,0.0044490910303475,0.1638380942772749,-0.1837716385748839,-0.0121460296445411,0.1298989312758406,-0.447121035117218,-0.0067422759000244,0.3013285577549451,-0.0423322976212277,0.5638615644665191,-0.0774142024852331,0.0497733185907907,-0.1417614064600554,-0.0355626754519063,0.0127195870838113,-0.1757239219624297,-0.130881725707935,0.4039905294682744,0.0185984811932335,0.3379092149099003,0.068917407469299,0.4494084346125686,0.1745018614833319,0.0969784842985128,0.3671579244917644,0.0053314833817832,-0.0006056462721767,0.0384124947296639,0.2469399295911079,2.973455428888887
Li,Li0-1Ca9Mn(PO4)7,Ca9Mn(PO4)7,LiCa9Mn(PO4)7,mp-aaabsktl,-6.589501979728653,3.367033723743337,5.421488336036007,1.8714953493772333,0.5596281763510543,1.7604821344601804,1.3623536750695446,-0.8507161031108194,-0.397181855040432,-1.2627535769664526,1.7068038673067811,-1.3371188815835342,3.007805589233586,-1.3281489312778298,-1.312582752476838,-1.3809537113019568,0.1590459336893229,0.6950870260169927,-1.1723035125910866,1.350548779022791,1.9131552474882505,1.118461368873453,-1.4044349947452297,-1.8127209770980324,-0.3935341624546495,-1.4700797818940563,-0.5865233874633412,0.2422956620650868,0.3911499976236534,-1.266213593952833,0.7533485584226052,-0.2239583089547304,-0.475106442026757,-0.6625302800628942,0.9815403449727022,-0.2678740939036657,0.5544845422248554,1.3109342144610745,0.7621351133649009,1.1933646185181073,0.7590117350621605,-0.057866469712855,0.6312137682778199,-1.4087684421975708,0.2627687287946805,-0.4830492511130717,0.4042177241149112,0.7271380228201818,-0.8084040094599922,-1.4217418690610584,0.3556162200583742,-0.1357362324393608,0.4022066043871847,-0.2848245776432664,-0.2150929066937207,0.6311264579686867,-0.1526529194601258,0.459490986179062,0.0050203649945898,0.1030884520452939,-1.580184008808437,-1.1789893817311743,1.1081678759459237,-0.0053837962463373,0.0308825305981029,-0.1118322210803878,-0.8375327991579734,-0.757090012797462,-0.615244779094905,0.0192488157068147,-0.399267659177415,-0.3543166895167285,0.2748322901131797,-0.3927601705452505,0.2929061462478213,-0.2134571004677517,-0.2989684142862813,-0.1963476657781954,0.1354911633545026,0.0898940481670652,4.469982438333322
Li,Li0-3V5O12,V5O12,Li3V5O12,mp-aaabsggy,-2.670436524925979,2.028090129690156,-3.5388153918579355,-1.4764404713178154,1.1391347442389756,-3.824380561511725,-1.0513740068917563,0.3553964933078919,1.4629665443266602,1.363710177103927,-3.1480525155747587,0.5652213787329765,1.6796184586383838,0.4588845978519115,0.378440844127443,0.3448725117688537,-0.6080044416138345,0.2040800026988226,-1.616613205025116,-0.7074249012808083,-0.1362956774850239,0.3917255293279629,0.4901413768324516,-0.0866018354098106,1.0601395149474055,1.471002019534279,-0.824264515567035,1.1460355542281333,1.2659310165003437,0.0615283137532391,0.443730976608813,0.1421019691340158,-0.1976658141505903,-0.1763651370012471,-0.6453294311494705,-0.2180795829946637,-0.1695098517178508,0.224709022100902,-0.0313517337188608,-0.0584007230085428,0.4674026439743339,0.3010672736322081,0.5267715774469357,0.2949285051842609,0.0038763049579117,0.120405355346403,-0.4287296945920266,0.0947892205071036,0.3865670824082536,-0.0268197747526165,0.0568175835121418,-0.1462718078801695,-0.2150998979777957,-0.3073064731754123,-0.5612631359159836,-0.1157574349685038,0.2426313935344219,0.3941400144911998,-0.0384287293865024,0.3027332691537452,0.0157193691410683,-0.2897050646915812,-0.0707257394501854,-0.0712576044937463,-0.1045161467594453,0.0814804381477985,-0.2019019309514381,-0.0168999275421978,-0.1858138584418312,0.0695430834250327,0.1682176622340156,0.0365967071571768,-0.1472632121809778,-0.0029802822663039,-0.1708315193842145,-0.1096107640459137,-0.0732000345849579,0.0562012292787446,-0.0634309257968637,0.0197358378388011,3.373610086666659
Zn,Zn0-1BiAsO5,BiAsO5,ZnBiAsO5,mp-aaacyreg,1.0284921147475885,-7.943917576426271,-0.5959581378206918,12.870688763618494,-3.607327281898796,4.824039369082042,-2.953823802473079,3.575858096168972,-2.6815460940207654,-1.0185842758095818,0.6723638293093512,1.7552851020107263,-3.834470823862424,1.5594785216366078,2.0992598962216547,2.7269858099304547,-0.6288901622415314,2.9128479901545306,0.3572205992484699,-0.2070243001685375,1.5479079028646927,1.3301396002891737,0.287878940812619,2.1711893967133853,0.4378874429745015,3.666070368579661,0.1622093541988447,-1.2329404721000794,-1.501243388939809,-0.5014856085668175,0.241494441855034,-0.7344890261183132,0.6604899251042656,-2.5599225555494574,-0.0182629231405675,0.8351291452230621,1.2662970568368224,2.4521785285929787,0.227108635631106,0.4960886211124005,-0.3639228548422119,-1.6305140857625318,-0.9167649141160172,0.7261814981711007,0.1923054978142796,-0.3593372288800699,-1.1118419691549877,0.0914624524221483,0.2766558907134594,0.9912030119390252,0.1187159962545167,1.6650651960437952,-3.2917234495074483,1.0807845070316686,-0.2357900589506798,-0.4533114129366395,1.2724472606036452,-0.0239088093240549,0.6119257704264224,1.0525645307402556,0.0590649593974781,-0.7981096147777182,0.2514823210377139,-0.129880541508541,-0.5382913914505263,0.1834898409650491,-0.4840709073970178,-1.3087616596472709,-0.5349467335055597,0.2199465162987554,-0.1658295970152277,0.219156351917094,0.2906221398182207,-0.041990846446684,-0.1945799949867334,-0.2903407003745827,-0.5329461442810929,-0.559122576638484,-0.0369350092214921,0.1156223264037858,2.225673118749999
Li,Li0.67-0.83MnBO3,Li2Mn3(BO3)3,Li5Mn6(BO3)6,mp-aaabshgw,0.2081213977196297,7.632268699798935,3.2110814464724315,-9.579424588903064,2.8660227481747795,2.842939771117388,-2.8605864763898623,15.578090981023903,9.577473446627025,-1.2078266323263944,5.641921099334805,-2.735185243802193,0.0006467826506796,-10.088778942880449,0.6744517171812052,5.55090008033164,-0.5878194385886797,-1.787529844842811,-0.4773998016861318,-1.673340713295347,0.0304369598368445,-0.1561589828541811,1.064654277879528,0.8445038175211647,-0.7499843586354762,-1.1766615303160195,-0.3684585121719178,-1.1979232089430485,-1.2094275136059869,0.1606306417586606,-0.1793181413770705,-0.0671863044198312,-0.3672447680788403,0.1315502415254165,0.6226861438355168,-0.0679433977949528,-0.4149241387242512,0.3198364780734429,0.2638579260525928,0.063770930544887,-0.0575114144975957,0.1863508647720551,-0.0094814537812514,-0.2515926082140887,0.2108248584047861,-0.348001426503102,0.04910337306272,0.353355092620189,-0.1728344624337183,-0.1947198308729582,0.1172237065263107,-0.1672758399934482,-0.0154529955669381,0.0304418144741448,-0.000607968234086,-0.1258821611916901,0.2545801866879693,-0.161953391886498,-0.1227914103335141,-0.1204644790209021,0.1798061833830819,0.2202993687187686,-0.005653343125519,0.0594499009410866,-0.118052892604205,0.1114513523075528,0.070851929460841,0.1877813622519599,-0.1661109738730184,0.023805793606481,-0.1676486378838916,0.1057165030357558,0.0562836798356439,-0.0408921207249712,-0.1306344095825209,-0.150997821939756,0.1578963583689048,-0.1781236386915067,-0.0870406331725792,-0.0684632221391293,4.018246928333371
Mg,Mg0-1NiO2,NiO2,MgNiO2,mp-aaaablhq,-0.8847421737398605,-3.908785476777257,-5.081926415522345,1.9372985246680527,3.432522681203937,0.2279146610051215,-0.3329871255219316,-1.8844181869371968,1.269298698124835,-0.3466513910787012,0.2034983564986983,1.2557700895558803,0.4111897935422397,0.1031516704598946,2.3839966836503064,-0.1284832598887893,-0.6729043111899168,-1.6991774194807916,0.3089420532675815,-2.1825914133577164,2.6836911248786897,-1.450045900224703,0.4733522312989416,-1.7955098382679873,-0.9920145331489756,-1.7224686534179583,1.0539363151410222,0.5665825140920797,1.1642325207597064,-0.591197639361905,0.7386665186609164,-0.0827466613050015,0.0971744886566166,-0.8081404041796724,-1.0887139601706812,-0.6424225768407159,1.0317687909375983,-0.1891837010749542,-0.6872221446068678,0.3751452260915425,0.2866706687464443,1.0671409734978976,0.2951210822876459,0.6742921923571975,0.6625596838643364,-0.1119428107983173,-0.4591885564533539,0.5019626557901122,0.2155206511266893,-0.0990300232542032,-0.102083016217774,0.3398930414450077,-0.1710619609746518,0.2867011177510452,-0.1835895721777035,0.2049621318246987,0.0213793567850536,-0.1483002648603271,-0.067000303747024,-0.0018181036422604,0.189070690043425,-0.2153266085960187,-0.4026101762813909,0.2038544015105231,-0.0248934160093549,0.2154278027224705,0.3147228897623383,-0.1143268279843877,-0.3697151225445813,-0.3089644026041435,-0.2247693835230798,-0.1237946842874551,-0.1839697627529247,-0.3896866225253815,0.0164278922638152,-0.2000603062723835,-0.1324183144299454,0.055510908906223,0.0675915555652939,-0.2958505894913181,3.256187084999999
Li,Li0-6VCr3(PO4)6,VCr3(PO4)6,Li6VCr3(PO4)6,mp-aaabsbos,-0.6794285217079938,3.7605925526562367,-3.441356488643291,-3.7054872320584806,-3.575276804188358,-0.6458499180681845,-0.2948317722938802,-0.8220950890037486,-1.9574356111463889,-2.9678909367821062,-0.6227629967949417,1.213848937456672,1.8879166627204549,0.998867362031012,-1.4215709847671352,2.075813829714402,0.0063980664524095,0.8663018176634826,-0.4313151208479561,-0.1050944349920539,2.590459735081955,0.1363908028930629,-1.2835799374415695,-0.7185661394586997,-0.0356477116316265,-0.4836048862744478,-0.0019881933438673,-0.9184067421916724,-0.0296343264428217,-0.0375783514548982,1.0472557604057864,0.006911790489581,-0.9125758470167746,-0.7451634145998363,0.4497736685042392,-0.6509461724695271,-0.4674353886984923,-0.0651838521802786,0.2340497022489187,0.4617170305089252,-0.2114762200328403,0.7002215704739722,0.7268814218855425,0.4984515206232143,0.1436458942375705,0.0744489372273164,-0.1617903692439172,0.3639144744410474,0.7082853676633055,-0.3070235531498755,-0.1263747622094296,-0.0378712476831549,0.2475709118269057,0.0818064479470193,0.358916996856488,-0.2445625294086473,-0.1634559400072968,-0.0129127874612272,-0.2461184610384885,-0.2124260903463516,0.2532283472526572,0.3615755972560876,-0.2759811633824601,0.3503540844331089,-0.3464510240435738,-0.1516173155689729,-0.1240150563882888,-0.2738887454898681,0.3570636088927326,-0.0806192333140017,0.5570361368680408,-0.0640523430633363,0.1537797165877742,-0.1105656065627599,-0.1780282537437439,0.1845631959252429,0.0955781639613159,0.0745302885877004,-0.0619041689762832,0.1608771524233262,4.076617078333342
Li,Li0-4Mn5CoO12,Mn5CoO12,Li4Mn5CoO12,mp-aaabqzrv,-2.10168691951101,2.2721305841215047,-2.5629121737264384,-0.94837466119029,-1.34903033761824,-2.5615615562953824,-0.3761746775635837,0.0063496484828192,-0.9232539735370268,0.3995338621678383,2.468754761719722,-2.241291381020267,1.8104665101310151,0.2665347810739502,1.4762123013942552,-0.5595339377711487,0.5142591753038458,0.6148231923509442,-0.9822363950291262,-0.0385657363666079,0.1077804384102034,0.3176152238743418,2.126859336152885,0.2834027630801839,1.0570751042041922,-0.919059604446839,-0.4097343079005164,-0.2191114391081939,0.0984819446562214,-0.1590595897594447,0.3828210239940725,0.056388312045167,-0.1443873640435252,0.0084526222139697,0.3381105543649049,0.0798663632207354,0.552061707184462,0.037784099889436,-0.1779747558546591,-0.5985666029703967,0.1525084854322203,-0.1333527951891586,0.3092696419478892,-0.0187468865427628,-0.3230134205232866,0.4947162131224065,-0.3438819101567576,-0.4110649094025899,-0.1519923721272376,0.3544910092265755,-0.0582109707238968,-0.0422080677169123,-0.6047317954709066,-0.1971500641770664,-0.0833912515807537,0.0787796398481387,0.1213318365708312,-0.3577763021412943,-0.1224637896294639,0.2661850043181361,0.248734577577361,-0.0527066920609326,-0.3835229611098833,-0.3599359882072617,0.2448867982153788,-0.3486724828560697,0.2370749502522684,-0.0780767873772866,-0.2367665159830226,0.2827418198388579,0.0674129805660736,0.1741440965303079,0.2211191457185854,0.5347486214629708,0.0535000732946693,0.2852266803851327,0.1017406693448286,0.0980906343515338,0.0633454776110418,-0.4278370046079298,3.240190038333335
Mg,Mg0-0.33Cr(SO4)2,Cr(SO4)2,MgCr3(SO4)6,mp-aaabrzmv,-0.7486341079050686,-1.1491965931041983,-7.094889791731933,-3.3976901236059254,-4.1629233246464725,5.770954580081755,10.332844363945378,0.4986790272894846,-1.484962122730784,2.2620286516014088,0.3273590839379502,6.040533497350927,-1.122791801952862,-0.58461212220849,-0.2419189815915704,2.619933459553641,1.481018349464738,1.7133135453350432,0.695951219753898,0.499606657819209,0.5124280864706353,-1.3306840562708244,-0.587052019231252,-1.906361655119712,-2.500673846198465,-1.2040530327341346,0.0724076260113148,0.6558793939493344,0.7368509319702725,-0.9550448107561056,-0.0100838537162073,-0.7597446700796067,0.3851049475005886,-1.2890557995056733,0.0657963362022143,0.5021576552606027,0.6950412332023312,0.0058392670185447,0.0679868140763966,0.9081886880852622,-0.2488994185319998,-0.1833851174263093,-0.7716117728008076,-1.071802468940476,-1.1489783498956645,0.2840420591944774,0.0423790856955287,0.5498535428180152,-0.7197971526014709,0.6141221494936039,-0.0888166219512512,0.3651328333288565,0.323899015739883,-0.1230792077149256,0.0525574757786792,-0.7782192256417513,0.2585868679946099,-0.4387726610265688,-0.1761357745280657,0.5242422790066983,-0.1331433550515816,0.5791721591034616,0.5895110191100615,0.6324230270865547,0.4007338360579423,0.0781540387582138,0.1584076378586442,0.3018075859803616,0.3353095908994474,0.4789351463793989,-0.1625967680498269,0.1060894107121093,-0.3105299387718315,-0.3977194122115966,0.5636827473600163,-0.5374322110880289,0.8005329761417905,-0.3673588625772372,-0.0108531865676694,0.2134241829308394,5.148793355
Li,Li1-3Cr2(PO4)3,LiCr2(PO4)3,Li3Cr2(PO4)3,mp-aaaabntm,-1.0455240666913046,6.263791034216714,1.1782948939233835,-5.4704087988750265,-1.673136703363243,2.049564717720381,-1.442397216805094,-0.4100181814758725,-4.135384986972881,-2.103482571175055,-0.7043041142580482,1.3288107175845716,1.5789172622289096,0.8774873138850301,-1.1905156118911469,2.6067782866270037,-0.4597448855358918,0.3960299743071258,1.7238469338658091,0.359829513207082,-1.5267374077857925,0.0195490671872326,-0.6349830904761874,1.4732190329379866,-2.812571181487147,-0.8519599513492476,-0.2738265913894475,0.6161656889561609,0.3472808546211284,-0.330970568806222,-1.024098214990058,-0.2614377464889286,-0.1684496651616426,0.4981412155455865,1.0002716035935677,0.0359559041418033,-0.1301353061446737,0.2040606487469826,0.6009272828428494,-0.0375143307897387,-0.2156957571715303,0.7580235711011666,0.4701065986976379,0.7703904460684375,1.0726563511108405,0.5260326682847017,-0.2459325242487108,0.317751602437281,0.2273832552719683,-0.1273031462014469,-0.273609217379661,0.1480220404426715,-0.0925053237170751,0.4360153156085887,0.00829420381504,0.0627654975231305,-0.1766877767510644,-0.1128684852772125,-0.0161527690256598,-0.0124537940984769,-0.0864008106498396,0.3483410440031367,0.0247493496503178,0.207186719129543,0.1227773879740799,-0.0908163952955162,-0.0896121931002583,-0.0483568628484927,0.0222128480736865,0.0059083114249625,-0.0139713131106166,0.0728906064405968,-0.2634082183980813,-0.1537222765608678,-0.1729677985197993,-0.1759732179115864,-0.2139378383360647,0.110091732672206,0.0684831726092144,0.008417736573232,4.779084660833338
Li,Li1-2CoPO4F,LiCoPO4F,Li2CoPO4F,mp-aaabsenz,-3.0223427604717856,7.134057717589528,3.4388999347289064,-2.3482711814057384,-0.136529315583494,1.3690118395277189,-2.329025846384819,-1.5138621970265325,-2.040586746736703,1.260833865710924,1.437287151388042,1.0030339505606276,-0.5701858731416695,-0.5878554818536609,-1.328028454795518,-0.5442441567617037,-1.1281490822453557,-1.7977919640177782,2.4606982995718005,-0.5772222850652581,-0.647472215032251,-0.7449218209979372,-0.594631136388408,-0.5786840501295694,-0.2908996678046099,1.3368701051957377,-0.1400910131218213,1.2397276389870606,0.3270587007205058,0.3712957410624039,0.3969066677254417,-0.1520678091089316,-0.0236238397803464,0.1457354845645608,-0.1322208436682974,-0.533299595016699,0.3676226621787453,0.1965112513755593,0.6810095080237826,0.0568566293310205,-0.0372257689125058,-0.0893646862049378,0.3871407794934228,0.49695340713451,0.4262163175532567,0.5054406129187738,-0.0485365232905386,-0.487434047130421,-0.2378155955716569,-0.0858517349371971,0.0588850852345581,0.396745008054655,0.1215291917526516,0.6123497514529138,0.1908384009976789,-0.0986280721772862,-0.6919291587587346,-0.7684727881425538,0.2690608403588047,-0.3990681017582391,-0.3647591322171898,0.0419696553726722,-0.4806969961468147,0.2910993983450846,-0.1846395851965381,0.3258884782631734,-0.370378370061968,-0.0853472980988069,-0.1292125052709938,0.1275902869474441,-0.086780744460945,0.3667146182811444,-0.1670393774512394,-0.2541031526909215,-0.294952397139444,-0.0545383552269856,-0.1334491933966311,0.3640552204422476,0.1540605222448622,-0.0605419259534599,4.51474495083333
Mg,Mg0-0.5BaWO4,BaWO4,Ba2Mg(WO4)2,mp-aaabfxex,20.44619817481349,1.2318392251239312,8.485590580040581,-2.478002981194229,-1.5503354202283062,-0.3816738944417084,0.7516594444520556,-0.5838644915734719,-1.8330768416627783,-1.5787730817738466,-0.6112129963332202,2.2477312504919458,1.03263736073131,-2.1102520246427208,-1.0866498184419309,-0.6684496164862804,-1.217030088753004,-1.437237453285629,1.7665810061759553,-0.3550546833568191,-0.5956299268979698,0.6703364198217495,0.7143521066709486,0.7361044974558205,-2.1178147108472403,-0.1658004428194997,0.1780089064635132,1.44777216475636,-0.8064855421326996,-0.1322118813932872,-1.3412813828935812,-0.828305267342466,1.033689374151623,-0.5106303220853068,0.1135728557385535,-1.881760959835443,0.8451950057137465,0.2749666992874486,2.673399473853114,-0.6778235976654462,-0.7595371953029568,1.5747837087921857,-0.6130554202109763,-1.6616200106838526,1.2185928283179597,-0.8084928874148991,0.6838451637413754,0.4313026776485863,2.5228290405705978,-1.031551309300662,0.957342741748612,1.0676861141505132,-0.8001903265689819,-1.6084357978598764,0.9136768869722096,0.154636383313207,0.0890721617892669,0.0586792754944884,-1.3129282733744383,-0.0808842999375684,0.8243531439845534,-0.3071786436473958,0.2403978392382729,0.0942720129166845,0.6786446507243479,-0.472924616667965,-0.3725682102669578,-0.3441360446761851,-0.4124129904893179,0.788256497315656,-0.000566497036159,0.3283755107369928,0.0849697611620068,0.2502335774181934,-0.1004697141785416,-0.4418824873637809,0.2058519464679548,0.8274280000102872,0.5434207836663532,-0.2921932961540374,0.252973835000003
Mg,Mg0-0.5CrO2,CrO2,MgCr2O4,mp-aaadbayy,1.852513808170732,-1.373709034172495,-7.744268107016998,-0.8850481569322304,4.030798638168883,-1.8337289518664832,2.1924015508842745,-0.1000789581615103,-1.800931458285348,-1.5957619620263717,0.1372207008168491,0.8518931205741425,2.4087508797980903,0.210117476092892,0.9311643305336252,1.6170267101655984,0.3796282298041971,0.4756552229977771,-0.4418582642658095,1.5525860631441726,-0.4297538580669621,-1.811731737836596,0.9287011002280834,-0.7947374567428549,-0.644607998746883,0.7216921539453584,2.2235309071200446,-0.3972128841744088,-0.7060688824723478,-0.4195104889132306,-0.0923044261446333,0.3229355662949068,-0.0010131057049559,0.0482001162924229,-0.4536680412953109,0.6252266250153655,-0.4816398314162817,0.5185031142627423,0.0542693462177584,0.197839941960912,-0.2982870279196064,0.4967384043805545,-0.4086922259899476,-0.156919023586473,-0.3262689096630209,-0.7346533877716012,-0.5805749430234646,0.4116209832423186,0.0780633493653843,-0.2246334617248691,-0.1157729879069416,0.0076124642468457,0.0642707276785219,0.2243989682584558,0.2333189086716713,-0.1764999619774467,-0.0579092889489666,-0.0577747288991115,0.0303664490783675,0.5136144444565983,0.3457721291965938,-0.0988494234230505,-0.2671937063477201,-0.0102004505186617,0.3784663672626068,-0.21495961722068,-0.1749915300070352,-0.1644370712377379,-0.1513282090451913,0.0050716402545346,-0.0773842564318003,-0.1195847155554676,0.1355871099777781,0.0109685578289073,0.0189081820204152,0.0983332941851581,0.0218350877114816,0.0631762270222325,0.0366118286100784,-0.3278009857395739,2.834635107499999
Mg,Mg0-1Pr(SbO3)2,Pr(SbO3)2,PrMg(SbO3)2,mp-aaachlau,-1.2640858052515056,-3.694037968477424,4.043161114244885,10.270694386068904,-0.0108962951251126,1.033408259096146,-1.6468623793648751,3.022769451385509,-0.0759177512894679,1.9836050990467895,-3.9848843117116175,0.9516056333306072,1.5737496857196769,0.4616626199270509,-0.759721586376391,0.0726384933635535,0.4570087696042105,-0.69013423719333,0.537363874269859,1.4438404802460163,-0.6739563068175143,0.1374838885778515,0.9115447690552192,-2.1193393450914484,-1.2859248320601318,0.8028364979516738,0.7812472790290714,-1.2567929366487642,-1.0385831326028956,-0.543890034543622,1.08042070806847,0.0618509902268052,-1.172827691105474,1.1114837745484618,1.7341955052812386,-0.2749974041241811,0.2167411240795458,-0.026089731075808,0.4459790541974906,-1.489335689929084,-0.1592854803922024,0.66753103883177,0.1803756560931118,-0.3846053033850098,-0.3843946885480832,0.0840111474245031,-0.5040191054218759,1.0059256976449906,-1.0843959350350882,0.6242981224625579,0.0054270910343865,-1.1413728425823293,-0.073512582848879,0.6310955199822963,-0.1179388161145786,0.8116546602456698,0.0302691083803436,-0.4114923216104934,-0.235283400594139,-0.179829302112542,-0.0716654465638132,0.7916214686422619,0.3198776114856136,-0.0567974932007585,0.0086649222360811,-0.0235171278702462,0.0843798417910402,0.093201370131221,0.5246515623922292,0.0349008686427571,-0.2334183564901616,0.2266918690832668,-0.2207136237387199,0.451767167828874,0.0311427833186568,-0.1012771891214182,-0.3650718675377301,-0.0375410889992625,0.0322349901691015,-0.3815829182224639,1.375273009999998
Mg,Mg0-0.25NaFeO2,NaFeO2,Na4Mg(FeO2)4,mp-aaaabfea,-1.8062165473614933,3.558661957631618,6.475306731570174,-3.3224124351673376,2.317571823005861,0.1608455163543816,0.4633622735099234,-1.9272068993723204,-2.530492752686665,-0.3079207900317066,1.776763109549622,-1.2939858034738234,-2.2136108118368503,1.3239695129372204,3.3619615436295383,0.4520802517553302,-2.4206625743873658,-0.4971387507172396,-1.2314848249470869,-0.960324091771077,-1.5159429091229075,0.8029687622304574,0.3236283016165381,-1.8511763777663237,-1.1579666957329098,0.914657210320304,2.43512840250582,-0.6948633735069769,-1.7834583295964184,0.5230734865055827,-0.5650685875200174,0.3315171183543468,0.2229561631314791,-0.118823965118792,-0.5870876667965781,0.0350066808111002,-1.752286980762071,-0.9222909757372076,0.2145331340345897,-1.347653691453963,-0.5952276314358727,-0.463967665807109,-0.5419269872738445,-0.5023511608222403,-1.0708656525765106,0.4919131106419126,-0.0194892179684441,-1.53508910096521,0.7567654081097399,-1.316525383939802,0.62006156441114,-0.6750482607281492,-0.5395452500797815,-0.1939559353365207,-0.3168219155808002,-0.2838303026756646,-0.3120461727338711,0.1147816924218771,0.0255602061163926,0.1522107806925505,-0.01784671050534,0.2551110408278952,0.4559945985870685,0.1457124171693871,0.2932082965421099,-0.1612442776975491,-0.0768219153997957,-0.4937724155029497,0.1181916878957174,0.5760621989610516,-0.2282374369074244,-0.0251168169880924,-0.5790638961544172,0.0283327682203789,-0.6521626746443631,0.1789305291865915,0.0463740182964741,0.0588843608962782,-0.004158478969875,-0.0583402491063928,0.419411225000002
Mg,Mg0-1CoS2,CoS2,MgCoS2,mp-aaadazay,-3.9635451056333055,-12.001051279258697,-2.7288427271767985,-7.415742756405982,-3.392071831283308,4.746448684551086,8.40145605404765,0.3887393982731555,0.1502594055664022,4.386865702320729,1.030714988138925,1.9030276371275276,0.7168623954817508,-0.3682317352201101,0.3755320104307775,-0.3507616134379671,-0.4978566915422212,-1.515858415382278,0.4036983520526156,-0.8659373531345868,1.5314134966476918,-0.772390757552879,0.2966568993494844,-0.9298964814622708,0.2436789772388828,-1.3833980619423585,1.3203571587118264,0.392659347347464,0.3446068624432037,-0.5769116090838025,0.5706713979945106,0.3380923445501863,0.1471150746288789,-1.3648497962883055,-1.499081544390822,-0.2375395006576427,0.8322696724778972,-0.4461778391960995,-0.4042450813774175,-0.573124038435767,0.1161602381767528,0.7114800863528751,-0.4475296978431514,0.4447661038269482,0.286929547718327,-0.1744137934676727,-0.4547531248659115,-0.0189953300423684,0.2050364733336956,0.0252114076911126,-0.1511139588675847,0.2646650134839342,0.0044693139731205,0.2953250485800736,-0.0602700117733611,0.4122272452503859,-0.0101192305435116,0.1206851343327509,-0.6825976836324721,0.1565782232667095,0.2585191059083074,-0.3107198891783874,-0.3135120396493099,-0.5342864154084251,-0.2674210559851211,-0.0944482469670209,-0.4071987471504734,-0.1286895004008473,-0.5573902700714384,0.0477100398513315,-0.0784755651774397,-0.1208314798355385,-0.0224638752589273,-0.2584927877683215,0.4115926489136406,-0.3827879541566147,0.0094760109994522,-0.381400647502062,0.167057205730135,-0.2171216324870724,0.7911550150000001
Li,Li0-4Mn3Fe3(CoO8)2,Mn3Fe3(CoO8)2,Li4Mn3Fe3(CoO8)2,mp-aaabrszj,-1.1105282696673608,2.0689421780156985,-2.8615870681418976,-1.2437333023412414,-1.0743951198321453,-2.0460915916752223,-0.285179737389381,-0.3928214096419696,-0.6419790953263913,0.2142440024430544,2.2367151212075966,-1.9141886567523907,1.5793801770685374,0.6463397220291991,1.4974327400070038,-0.4435981435891211,0.3823692634147657,0.5400797581733882,-0.9583531751283294,-0.8992744319798788,-0.8206476402215469,0.0646754137317078,1.6562613735201237,0.3747971062786557,0.5247157671947562,-0.9074067536070766,-0.774672990004341,-0.4067418652327619,0.1050536264006883,-0.2611662874402405,0.2109469439974275,-0.0559746331369281,-0.008192674206219,-0.1450644458269142,0.5578875072444412,0.0904769845872617,0.6946085382503648,-0.0137589796794226,-0.3215708436193663,-0.6700319056353808,0.2348572188109993,-0.1132884136452024,-0.1420492566747355,-0.1482778322224397,-0.6106089511984587,0.3866439874986127,-0.1143846062074221,-0.2998043636959691,-0.3901247392280122,0.5120465201034057,-0.0123905456042725,-0.0907475813801532,-0.3157802560483327,-0.1104441975821756,0.053683284134574,0.1785422483762316,0.1749934296019032,0.3441678726082186,-0.0459048545335884,0.1080236266125995,-0.2480595748327754,-0.0262807776209097,-0.0412283991323241,-0.2918358105696002,-0.0423043849499955,-0.2834324646695519,0.0699257618447226,-0.2265375927909349,-0.203694210261677,-0.0328947479468867,0.0748675997751851,0.2943455500503245,-0.0380239369361479,0.3306182377582601,-0.0026461139635044,0.1749692729663365,0.081054060148797,0.1758347223159753,0.0888562332746986,-0.2471265357019588,3.871282515833333
Mg,Mg0-2MoWO6,MoWO6,Mg2MoWO6,mp-aaadbihf,18.33024958074932,-2.8433911049322464,-3.929942531278773,-1.4520181989939955,-1.2913455418366115,-0.5611296884898505,-2.2612289138017108,-0.4835207245610874,-0.8149769229067321,1.1379352677985823,0.4468779435031123,0.7124189986926783,-1.5463891087948984,0.6382990186799523,0.4418274743804399,-0.7302911868624964,1.578807728492718,-1.0122345162107995,-0.3779355647192157,0.5198492066480919,1.4459581679201403,-1.199284596066864,2.84188545688634,0.416109208922841,-1.1672053939473452,-0.4957112660940173,0.571894339195691,1.2185556922292549,0.3858361886954306,0.1800250842059016,-0.0958767788493964,-0.426620939488992,0.4750885132291286,-0.1635110794440647,-0.0061897371385522,-0.6702019192944955,-1.158189217714119,1.1168772789327732,-0.5072547179205043,-1.1734905181209576,-0.9029771352213538,1.0772293625136211,1.6482314525409296,1.3317025800420434,-0.188832084751865,-0.7569082147835217,2.025310775877187,0.872489186624231,1.2980126049882637,-0.6622018721614574,-0.2521871917198232,1.1748246911745142,-0.4322351391050773,0.2153085025506413,0.0366207473634943,0.1241069644066845,-0.4557699817454236,0.475421332267226,-0.2522185379329462,0.6058705325226996,-0.1873131698496865,-0.2814763729009161,-0.5137477903565068,-0.2336837138539367,0.0911017891872444,-0.2098034413433429,0.0082160947948852,-0.123762237326808,-0.1712518121248445,0.2174315827188221,-0.2958101241338903,-0.3534776096159429,-0.4841372686517461,0.4058035795386637,0.136824768310878,-0.1544481382214766,-0.1082145141439649,-0.0453812817896295,0.0016645906337977,-0.2020923922961352,2.004198107499999
Li,Li0-2NiH8(CO5)2,NiH8(CO5)2,Li2NiH8(CO5)2,mp-aaabrywa,-0.2435436158091845,6.337251935945458,-2.4471497153008723,-1.581989087652692,-1.5183137694991806,2.466228974930231,-1.9740253273418664,-2.769982770432489,2.7611031265752697,-0.9135036282771096,-4.95717572620736,0.6551710809968722,-0.4668830666601208,-1.8399847354676515,1.7047083706965849,-3.204115445360599,1.7591601228905036,1.7253774679130838,0.9137921535380762,-1.6496309213499718,1.3366630348538555,-1.685092140433145,1.5546736441416105,0.2012777265544069,0.3292159377134241,-1.3261234248905505,0.3077681636637722,-0.0687942945768986,0.8101862707756566,-0.57522053010317,0.9992447577662716,0.4912636420424254,-0.6239029181603062,1.046594188295212,0.1020154316150449,0.5034086694105463,0.8749015593548779,-0.4578573948286214,-0.9732751242817756,1.3558169814909014,-1.4816255546867023,-0.4957386219499311,-2.92384736097855,0.2822584925716359,1.3915094534051873,1.0713267003589817,3.4025699514389265,0.2102858674012498,-0.1836550171900889,-1.2492993060976147,0.2584857128656567,-1.4565383667223268,-1.5366521316608477,0.7783525656896865,-1.1501812813214545,-1.151576229058987,0.1060242020947947,0.9688339615517284,1.6576883546357584,-2.144294591201984,0.166282743777284,0.4482214943134048,-0.2696024169003914,-0.088203758012998,0.4758794787886833,-0.1125692892392035,0.1175187735881222,0.2308128629454235,-0.5472612486345851,0.975148181896478,-0.1861958478797256,0.2084322174816426,0.1074054904883328,0.1527010723344966,-0.2470763540134634,-0.5023979240751351,-0.4010075942072437,-0.0902517913347451,0.9115625167145036,0.1240554866723698,4.392236208333334
Ca,Ca1-2NiWO6,CaNiWO6,Ca2NiWO6,mp-aaadaabz,17.60187215585175,1.317186407963,7.059770280147228,-3.8004146745144816,-1.689497842222406,1.9171203407158648,-0.8868351131993424,-1.5815217368005947,-1.5809599871556006,-1.9431426290254756,1.0565269370676882,0.5355914344588768,-1.5966753259976143,1.2914096100761556,-0.900317857562967,-0.0611657600259853,2.6592931523922885,-2.34396933386845,0.0186560529550694,-0.3609055859237837,2.202885990676916,0.9732089753869608,1.2495942023545634,-1.0100336870170352,2.0228871409263576,1.7428590444459082,0.6580160534729964,-0.917865981135945,-1.085963853695575,-1.3133922620249916,-0.618088460443185,-0.2268498974928144,0.8454852440607427,-0.0464166862582933,0.3045321319903056,0.6693077430656621,-0.8545337152802093,0.3143526126059616,-0.6766547596895685,-0.0777917095850527,0.7958906090486023,-0.1784428110777589,0.391328015206366,0.5643910508557313,0.3459571669472354,-1.0425726594934746,0.3801350096627159,1.0452712231512502,-0.7226935751450254,0.6813553889668118,0.2551246855304057,0.1940794688259377,-0.1324672728391822,0.4102677440004867,-0.693153054535856,0.0857858022466307,-0.4830666321883339,-0.2229509546343221,0.1463044413883225,0.5674870722396034,-0.1041072839948838,-0.3537883269887175,0.1311194505562156,0.5046196245883517,-0.1883123118419717,-0.095412915563078,-0.2132600511917612,-0.0552780851473649,-0.0655353704821,-0.3042731752125699,-0.0153499989996863,0.3495260174852345,0.2189241668558517,0.3405524581172617,0.238626438464092,-0.2393606483007358,0.0012935603953079,-0.4336042552623291,0.0488060247333053,-0.197613782141069,4.501799702499997
Mg,Mg0-0.5Al2CuO4,Al2CuO4,MgAl4(CuO4)2,mp-aaaabpad,-2.5281722944217906,-4.7782532559735165,-0.7966997619736267,3.0377665825138287,4.4052626876263545,6.596068230896938,-1.4346604377910983,-6.003608480431666,3.929944610680834,-1.107312896900473,1.9366546362065609,-0.1373674206507499,-0.7556361790800923,0.0341103780308576,-1.060861429960058,0.6533243645593024,-0.800614382992001,-0.5556065712724428,-1.7555121429646958,-0.8491253684380382,2.331233441199495,-1.3389872338660336,-0.6496568536690926,-0.8747271417287612,0.2144544794839741,-0.1471926469667335,-1.2639069842491446,0.1955822259619171,-1.029237986912367,0.1595805439843199,-0.7251830769278248,0.3709734864774919,-0.1542732300763869,2.188051710727122,-1.0560479826630378,0.8191134384068839,0.4292227207426177,-0.8754525104762149,-0.8385196968166271,-0.170120253143639,-0.3338140416322445,0.4835379162511451,1.2236055204718082,0.0645804938516743,0.3635081696393187,-1.977215095608989,0.0284099632440071,0.3575604626974387,0.583533966113891,-0.0402315417525949,0.772458329230434,0.2071705528770467,-0.1031398779262033,0.5076146930150599,-0.0351665473928168,0.4709843565887914,-0.3089627393315604,0.1137184955941924,-0.1407882953234543,0.970329342083098,0.3067804803367901,-0.1987800467640733,0.0909110056223691,0.4675622340661673,-0.745385016745994,0.7568450137022246,0.5947533522799368,-0.1034400044345845,-0.2237987782021695,0.0033500667596903,-0.0308010398998849,-0.0139957453205996,0.2344194498343579,-0.2166117957239463,0.087514713096132,-0.0151973824077399,0.2718611366389152,0.0194481103937688,-0.1893518796627946,0.2541147761853377,0.8533669700000001
Li,Li0.5-1MnBO3,LiMn2(BO3)2,LiMnBO3,mp-aaabwium,0.1481778897371558,7.565217131403335,3.080779581469105,-9.591124440303467,2.6720175519173464,2.562628477580795,-2.943727454888981,15.492712939296853,9.69760445425908,-1.2095195948322526,5.68852075209022,-2.7693316914271104,0.0829961558602988,-10.017185639010696,0.6222447984348337,5.620021118785249,-0.5552134250458017,-1.6329768542109626,-0.3038340252031355,-1.7332894318198755,0.4769738832379693,-0.0406530115969856,1.328022922623045,0.9193644864384024,-0.709474442584209,-1.1633453843877315,-0.2096492321126951,-1.0492264550685333,-1.0548899429173526,0.133605007334428,-0.1211781527630984,-0.0316783566260509,-0.3990314189674609,0.182869727987909,0.6376081957036261,-0.1424721292622146,-0.5251576586451843,0.2029980128798747,0.3435510179647821,-0.2304053542145183,-0.1139919909182273,0.5463841241280845,-0.1721089751632841,0.0060893293458594,0.2978150896986365,-0.3043467190121516,-0.0974470228319747,0.3749667987861558,-0.2090300037689411,-0.1677934581426224,0.0035043002166077,-0.1316574301700074,-0.0676125818384097,0.1496147107484481,0.1050598552599655,-0.1211779189141146,0.1877665432110429,-0.2589671957849051,-0.1341132732344961,-0.1196569358049079,0.0876840195987785,0.1694543168730571,-0.0270188401228522,0.1105445258626946,-0.0641304988006359,0.1138128999146256,0.1118803551131035,0.1691536591578768,-0.1225036143582835,-0.0068170474389349,-0.103833323337615,0.0981995522399491,0.0747159643273033,-0.095186191772955,-0.0885692029406043,-0.0510419701106216,0.1459360481167602,-0.1543719307832276,-0.1045887247998425,-0.0292920071744853,3.431894488333331
Mg,Mg0-0.17CoOF,CoOF,MgCo6(OF)6,mp-aaabsidd,0.0422659678424723,0.2974306619936145,-6.843962193975055,3.3318130658423426,4.70510914694456,-0.9575464161617512,0.6995460321054464,-0.7016653997182998,-0.110226549272155,1.962845208774947,2.954722227804962,0.6951914420312617,-1.5275876705167366,-0.4950788235465702,-0.9087495395291824,-0.6364801269338248,-0.5280386655340689,-0.8308649712658015,0.5337509687738664,-1.5630310158246437,-1.8126721615984407,-1.36669392852923,-0.0736247312344665,-1.0310148655184035,-0.4518835250328842,0.817031136785614,1.2347669297390835,-1.3503971393440397,-0.8639637883413316,-0.8123016978360786,-0.590051491894568,-0.0909917616770321,0.5157509034534123,0.2097541589674007,0.4043905466136229,-0.0755642394154309,0.4845603837776296,-0.1428401425838575,-0.6354814447443821,0.3959595325834102,0.1128955470743081,-0.2048373767133021,0.1890958389316798,0.0278689672607078,0.5609159500298877,-0.1531823340350782,0.2178561923109097,-0.4538103848503117,-0.2125629214336668,-0.005972280163752,0.0170406595164622,0.5263836746101161,0.0102474327192776,0.4036595285020924,0.2732186933314776,-0.0163786358675613,-0.5212674661706672,-0.893461025272029,0.0264049400133454,-0.2683992804648071,-0.0968822350238652,0.034650014234364,0.0942150113804498,0.0988007423260533,-0.0716210545273685,-0.1430748988439099,-0.3243048835540847,-0.0866487497831235,0.0682580533125609,-0.2309661838189666,0.0182977968103051,0.0825718895597842,0.2307641046488882,-0.1137337955632017,-0.0950027389178646,0.1221226598661877,0.0711826286406314,-0.2053902407352322,-0.0582260092621436,0.3394089238226607,2.088889549999998
Li,Li0-1CoP2O7,CoP2O7,LiCoP2O7,mp-aaaaboae,-3.324066673556963,2.155626138701168,-4.106130614249071,-0.2622389448473822,-4.870060761379696,0.6897549087886174,-1.1412969214932356,-1.6245129402227998,0.9181386118157348,-2.766822899657828,0.0876395807041946,1.4704097628120725,0.4650054288254008,-1.145523384614038,0.0464856933586503,-0.8453177159512586,-1.318939408481775,-0.5091482064899874,-0.0553204016267817,-0.7149334726329479,-0.5024392467789485,0.4913682225804271,0.7041189391468887,0.3679848545815506,0.7005561724033377,-0.930406859434193,-0.1673953034114642,0.0074152989021397,-0.2042052421723343,0.0451495145737524,-0.1732148978173038,0.0418219070847833,0.1987692295540044,0.1729071468342879,-0.0885810694094182,0.0342360276506974,0.5723227742377558,-0.1677530261822831,-0.1288840965804304,0.4182422978556841,-0.2216424395051484,-0.1154141182985152,0.298654888959211,0.0733596174758727,0.2453480314789461,0.0613198125964323,-0.0420885759210735,0.0334599313123634,-0.221994335407961,0.02864910919289,-0.0081161643362431,0.0541138569847146,0.2278419986560217,-0.1778161318037338,0.0970559769196156,-0.024692483314028,-0.069441689395639,-0.3435220130152908,0.2049509354458108,0.092397400892132,0.1654829027219221,0.1480389215686014,-0.2343239071110046,0.0058597097479512,0.1377941671753154,-0.162045733813796,-0.0013223242539043,-0.3279619213310674,-0.0174989936582503,0.0309118001193406,0.0598621213405398,-0.1363823793222251,-0.119600877576978,0.0236667694320426,-0.134379610269263,0.0538774237554585,-0.0139633125162945,-0.053421596993647,0.0929178803569345,-0.080562251115746,5.270536673333344
Li,Li3-4Ni3SbO8,Li3Ni3SbO8,Li4Ni3SbO8,mp-aaabryay,0.0335712400983636,2.6843955009494502,6.332618455141789,-1.3651809149819458,-0.6320038791168738,1.4877141519489006,-3.1886598217836357,-0.8594818606354822,-1.7949084839869636,1.606942503503184,-0.0359393251386673,0.9503155124731107,0.5958512384346861,-0.0305682746685207,2.195615304839382,-0.2306367883001575,-0.1483198784909296,-1.7710375431541334,0.8834544131742612,-0.9026430332666626,1.0951629034948192,-1.0791412091551122,-2.172760389457228,-1.031789953930014,0.3483382927054401,-1.4617264187652752,0.1014055337252601,-0.3954521916378256,-0.7530727815840171,-0.2203174482101662,0.7798342051560794,0.1303685868073034,-0.3672906957507293,-0.6438833607158307,-0.4914028686977846,-1.0819768417419715,0.0563519009660173,0.6062356429841933,-0.406869848612876,0.9293163516215656,0.6431772244576485,-0.4815235076339748,0.0467443699203689,0.8821821785005218,-0.8965109871198599,-0.2882999100731903,-0.3899224805841447,-0.4798324858776691,-0.0753168199345552,0.0749461677525392,-0.3417252296128686,0.6855637481407783,0.1570698013988894,-0.221544469876026,0.15718237488904,-0.4036343354841982,-0.335875518406821,0.6195617607534535,0.5353389174934625,0.008189847117435,-0.0729994524314989,0.3700333057983785,-0.347388602021296,-0.1269672498863536,-0.4393242909868901,0.2082492366170143,0.0222482990877897,0.3170401563807966,-0.0360690352694957,-0.3953252946181354,0.1541655792038806,0.0870401877864521,-0.3083439772294289,-0.151551529396159,0.0570676379159838,-0.076462820282536,0.0697208620576722,0.0160539477589342,0.1170018186979202,-0.0360887846172203,4.149162853333341
Li,Li0-1Ti(PO3)4,Ti(PO3)4,LiTi(PO3)4,mp-aaabrpsu,-6.328099702576659,2.7059462336134743,-3.782951773504459,0.6814867271458938,-3.655269562875518,0.1925447349590231,-1.1118580251336656,0.6662071002587842,0.4272528589189709,-2.153966945666641,-3.7866142633576794,1.6218519545263554,-0.0990144670104013,0.012248527865041,-1.743659254371594,0.5136531014495783,-0.8685457006480984,0.5135178360834466,-1.0248610416769317,0.734033492945613,-0.6806662302739261,0.6587031171766414,0.5258794998908787,-0.0967748234771708,-0.4566102822086079,-0.6933385319032751,-0.8986137833642693,-0.4585533332090577,-0.5112137033474136,0.3338536475928255,0.6368419010349683,-0.0887220243875347,-0.6347128238511741,0.6336882248327987,1.1329623873127623,0.2295481346819318,0.3587501843485312,0.889001221553841,0.2928311242973059,0.2492102295669551,-0.0694630696397609,0.1525084311164903,0.6337347254926103,0.1443993519055313,0.1126678341212571,0.3924491662555162,0.0167492754376874,0.3068188139942704,0.358529089566746,0.1075032321251233,0.4104924782416658,-0.3160754543158345,0.3134139261042596,0.5256654263435138,-0.0441853406409448,-0.1091636356042135,-0.3496540914795744,-0.2045764493594514,-0.0659209804673435,0.1442151816399831,0.2441379347179758,0.1712509843245327,0.5128808483249231,0.123168545687323,-0.0680502324158238,0.2174922694700685,-0.0627347973366324,0.0753952519103275,0.1780407540997953,0.0002630113918205,0.1497559472035174,0.1010538078305887,0.0562679594695731,0.0911031712149256,-0.2724253380584427,0.0493837001910478,0.2151790293239114,0.1486460863821181,-0.4789326829933791,-0.3366736015030833,2.703610688333331
Li,Li0.5-2VH2OF5,LiV2H4(OF5)2,Li2VH2OF5,mp-aaabqwfh,-3.352797505336748,10.52036946449395,1.6981904879545395,-1.115669441972848,1.8862517990139605,-0.1347758465925681,-2.7463955362815544,-0.4818807928380207,-0.8488824010543489,3.0965492614143995,-1.2468835398425535,3.2167785962382203,-1.973049202588712,-0.3363478965621112,-1.4268295032505498,0.9386965072253636,0.9640066602414344,0.4932529788841012,0.8296071075262433,-0.0750733720043726,0.8090824238380759,-0.1075805106863533,-0.807540478420072,-0.0995867587941087,-0.5959200143688758,1.0386744664203376,0.1841393029626251,2.6483013471205488,0.2647683582878289,-0.303918042499498,0.4861433275489454,0.1390364078266087,-0.2966842265911378,0.6142237464065128,0.2914839786804419,0.4483743610066286,0.4714271637184241,-1.2996212708699768,-0.4652578795672942,-0.5693132226867292,-0.0142024594369291,-0.3486251627978927,-1.981760335587333,-0.2212017887726112,0.4579272387300077,1.1952396406379415,1.0242545059337391,0.0955005272308182,0.8503141976706536,-0.0020704250963197,-0.0994199629508801,-0.5332181909079325,-0.3729807860127007,0.8334078330235645,0.1608996239779689,-0.0210728582407537,-0.1997775513163117,0.2523247340903116,0.7807181172071964,-0.6009664145338993,0.0444408244159736,-0.1178101329995553,-0.2643459147631828,0.1112593375596846,0.2840388866726395,-0.7577363692958718,0.1113921688909396,0.0121870528953381,-0.1614811397876046,-0.3174445795644979,0.2237334014339353,0.2446603296290367,0.0996281687622672,0.0902378403710367,-0.379066166326186,-0.3651742501756256,-0.2194179590765859,-0.3586366981501457,0.4455492917944392,-0.0720083344760672,3.922542321666662
Li,Li0-1BaCaVP2O9,BaCaVP2O9,BaLiCaVP2O9,mp-aaabftls,0.5612553971350477,3.3395375477524536,8.745799093397286,3.174879875121663,-0.8940344242204037,0.5517770083688471,0.8451817631762724,0.556973004839345,0.5652785206421851,-1.931863771952865,-2.4920946879784296,0.9697425590512976,1.533589764021318,-0.4418991386771159,-1.672002590081032,0.6023522687150377,0.5673555591616579,3.0307571041543784,-0.8250966852459639,-0.3093140598059874,-0.3606628054782528,0.7033242795230393,1.2496760369401092,0.4222528990691114,0.3454697790049347,-1.428645324925492,0.363211684958916,0.6520877039381614,0.7076114635814008,-0.82228513366882,0.6199127181299295,0.2801797296465207,0.1539216303430332,0.4389785953292169,0.3673111209429852,-0.1406405392918983,0.8615383732117753,0.6562684021343859,-0.6456730128039447,-0.2198661071498427,0.3225759661836858,-0.7615977820415561,0.4875810844767407,0.1450981695486822,-0.3367120190616096,-0.7038332473644868,0.7839840571797787,-1.1959099103869248,0.1769072576149261,0.3051986517142599,-0.9262469514616052,-0.1236604402163059,0.176125689806776,-0.0183341267252759,-0.3301041314873654,0.7997914702580713,-0.3393976433384439,-0.4004798460532151,0.0193860859263756,-0.1501314369327777,0.010093464265531,-0.5217494557238194,0.1477354061420976,-0.3307997821679673,0.3976107955157946,-0.0334921529701425,-0.5934237833026884,0.1599015750956757,0.0339314318318626,-0.1522149090425285,0.1814596108888642,-0.8703453071850369,0.2525791628391671,0.1198464098509343,-0.0552219932748639,-0.3054756013530878,-0.3364253961138861,0.2435562878421099,0.3304338415645431,-0.2098373757912648,2.006046375833326
Ca,Ca1-2O2,CaO2,CaO,mp-aaaciliy,-10.67269241060292,-2.7480152976887138,8.401539387163009,5.073622617044207,6.168884752615688,-0.3073250954030505,-0.4858056406764025,-3.9431194623039545,3.4270363269416086,-0.3371290732979304,-3.823004492336729,2.946792465128197,2.5116879183169605,0.3513331035029222,1.964485516740684,1.022765478726272,-0.4152044237949862,-3.889203734985536,1.5773284782792252,2.8579985511347643,4.131830903704092,-0.257454710420667,2.1106940093256408,-2.0954822601888448,-1.5768861221946615,-0.2240879438762975,-1.231574587240894,-0.1983125990124508,-1.2225002763996324,0.3193752568116428,2.572575828046091,-1.1543025645186509,-0.835757763613713,-2.4484468469763883,0.1904586068734417,-0.2968887713201678,-0.1274405796609183,1.4160874707257278,0.7319070759735218,1.9201005289942348,-1.646344576147271,0.8448431823048558,0.8037651048586464,-1.1644971802501642,-0.2289548788391993,-1.1908527764212506,0.2415299208854503,1.4880221265925029,-0.6237209534235358,1.4718838163077452,-0.1770722659050365,-1.1809900809136218,2.690902297231649,0.8888316046141227,-1.7594842780950608,-0.6354964147544674,-0.030453245667368,0.099056096879775,0.4189638283386621,0.1063399247155596,-1.0866579102884235,-0.195484201190726,-0.2207479241560694,-0.5497313273845157,0.7383606133402122,1.0543187160973415,-0.8266373120021333,-0.1681542970445997,-1.014252058510209,-0.7430103417254902,0.0851810779897725,0.421606123547937,0.2512367615351319,0.3550824317618078,-0.0067772990750081,-0.2020847428206126,0.3977918221605687,-0.7153775874863809,0.3902063477907476,-0.0085913010420252,3.913668264999999
Mg,Mg0-1TiV3O8,TiV3O8,MgTiV3O8,mp-aaacwzfv,-1.304045841320404,-1.0295154028448452,-4.338710751561936,0.5987709678963135,4.958172412977959,-0.0955011638147547,0.8518501713919239,1.8495599117362995,0.0006251625070302,-0.006664161415094,-3.275613313762641,0.7859938958915986,0.0928358202941217,0.1867138713509214,-0.4822527788311956,-0.3087725812517008,0.1800080583877534,-1.645947569740582,-1.8795354220015612,0.0871811234775585,-0.1867643757487277,-0.7573563263964466,0.6762940609865981,-0.8119146110469753,0.578420288167707,1.0478273335513453,-0.1159988567892515,1.9694415159193617,0.6406604827503364,0.1049966446155541,0.5783664457859748,0.3488639075700631,-0.0425572719466114,-0.0102873348590439,-1.0557384457802286,0.132990465840167,-0.2707593804929304,0.1171934054729096,0.2259067313718994,0.0284345718438503,-0.1569482821396602,0.0622589456063467,0.0707828745089232,-0.4396733574677741,0.2654887301226977,-0.1066712257653805,-0.2367344545686545,-0.071087534194183,-0.1677738227090027,0.0922388302069982,-0.1599910551759117,0.1630912126344547,-0.0724135829176815,-0.3347228380034971,0.3817943030799454,0.0911414085727831,0.0937896329133408,0.5653865890038062,0.185937815535744,0.0992637995985316,0.1160534254989554,-0.1973608970069779,0.1453867203557031,-0.2778687564606196,0.2244945635188781,-0.1075492518044878,0.1506676222915476,-0.1045883742809129,0.1265854532727241,0.1183252536446458,-0.0718162389362359,0.0467368110644443,0.0572840610399533,0.0680388684376867,-0.0127820869764547,0.2611969246152012,-0.0263456936746145,-0.0627076445549612,0.0257160657902692,0.1470282925878054,1.578748524999999
Al,Al0-0.5CoO2,CoO2,Al(CoO2)2,mp-aaachhkm,-0.1040958729706586,-4.516196186230586,-7.005563150709735,2.574036193520368,5.233728351793844,2.706874316497092,-0.3156038916795911,-0.4573739749381946,-0.3756240294111189,-0.7746960109134419,1.110665889037005,0.6707272288267452,-0.4934770488648768,-0.2556892551514174,2.7095220322753923,-0.5310955186787886,-2.463468537244599,0.9598771840376684,-0.0557622694516346,-0.8284998875552219,0.7442168090975239,0.0784189734287541,0.6817731577519027,0.3431173746494662,0.5811819161771364,1.4725671177949236,0.506562671954416,0.2637690107893833,0.1257672398069182,-1.4130800444736216,-0.7499427419760244,-0.4492392808304617,0.7877185523282793,-0.3463110329117932,0.9754265380032472,-0.5541386367446068,-0.0712090395593285,1.6734781419643414,0.7508691462850523,-0.3285023408565854,0.8315250432381375,-0.9659440392962444,0.3863414599937657,-0.1116944080334883,-0.1875714344371673,-1.2323673133008923,-0.9444752831883204,1.2146645678463652,0.3565847042592615,-0.0717556732233733,-1.540558823872047,-0.0819475948732068,-0.6350598998037486,0.7908669913176031,0.4617690469570976,0.3678697027332601,0.0859730095724699,-0.2709011535045758,1.093399667584563,-1.5753523759565125,0.3833947021905845,0.0711935385255932,0.5893815051571496,-0.1198006851502025,0.1696059869569881,-0.1200558512873889,0.1471527663237539,0.1224021537724485,-0.1072542164911638,0.0610629452876454,-0.1011500095924932,0.0109784840146057,-0.1463743577609251,-0.0435094329960361,-0.4084030550716969,0.2311614881026539,0.2771947643120279,-0.0740069384688807,-0.2167214798918926,-0.2398552904344956,3.159547659999999
Mg,Mg0-1Ho(WO3)2,Ho(WO3)2,HoMg(WO3)2,mp-aaachgjv,21.55628047740486,-2.018824668644724,2.484363003794797,-1.609752953149991,-0.0871785014975813,0.8839843598602077,-2.2719479379338283,0.4915818791512225,-2.289146203182695,1.0023768719868869,0.3525151335222956,0.6318036220347264,1.857800402636656,0.9706941787244948,-1.5417525089156785,-0.9913702653131626,1.3124812323631438,-2.483530135126089,-0.0249453842907984,-0.1981372670090275,0.0188669450848789,2.1706640078727557,2.25985791393026,-1.2160333015009976,1.5702819825906542,-0.1492134244287116,-1.391794706176443,-0.3788900595604286,-1.958407504873099,0.2362131914790846,0.3937388901248969,-0.2366829551822069,-0.3412577328657923,0.4764076020390199,1.2443454158698304,-0.7459961436674423,0.1207698611576591,-0.9822239767810668,1.3400895122698284,0.7435869368741059,-1.2630195016563843,1.1806553721740076,-0.1097252318448461,0.1888669302036222,0.4288962964480096,-0.6359312548041265,-1.4687098689100415,0.8699677576875385,0.7601129315619259,0.3874224747182421,0.4389075352834761,-0.4770942471376922,0.6578109393862641,-0.5995640891367395,-0.470685005269822,-0.3902023964332375,-0.6182604949965949,-0.1296017527047725,0.2146838304597091,-0.4724925135415502,0.102883334036906,-0.2178739047215656,0.217205007295013,0.0069174794622068,-0.0984251268432576,-0.6128461901537886,-0.4982244298143754,-0.5979696485998269,0.4930367946319363,0.0346322968013831,0.4776004100175714,-0.4696287731540494,-0.5105488231712124,0.0425290900700702,-0.3587887076686879,0.2976612606518418,-0.0450312818287885,0.0237216503820629,0.2325083706585261,-0.1563145035127129,1.255477955
Li,Li2-5Cr3NiO8,Li2Cr3NiO8,Li5Cr3NiO8,mp-aaabryxx,1.0370349545855038,4.573847552655454,3.712374682361329,-7.302577180507495,1.4079769250273304,-0.2834877519747905,-1.7493444550269683,-1.088892072667682,-3.769543283003376,0.3837263863669654,0.4300694756175757,1.010441194791706,1.9258791941436555,1.1075603170342274,0.8461127877827428,2.0749978113897054,0.2321850430301287,-0.4036191815779527,0.4881075158875673,-0.0908081165685237,1.1589168467034607,-1.1106112886643171,-2.3808622733464406,1.8210729610916607,-1.323452822809171,-0.1546207781575266,0.5980708374876433,0.2457574592637935,-0.2097848414514761,0.5608618688271177,1.4386453921105222,-1.5284576382261303,4.091487286487282,1.356134817726691,1.0280654783938628,0.9852002823952186,-0.3398666154675557,-1.2344523272301808,1.2787140990140349,-0.4819724022103065,-0.7400715227732662,-0.2565003998212258,0.3045122575752108,0.3273474002503813,0.3149175805404606,-0.2195895198279874,-0.5854534000876354,0.2717242321596785,-0.4622023013135055,-0.0046792370337436,0.3874145623525602,0.5478450245044082,-0.0970700602209749,0.1261732887670681,-0.2767990532716177,-0.3312266455859254,0.0027047658793808,-0.0959054043636461,0.1864719441691816,0.2765433458063022,0.1515946328800651,0.1385837762198996,0.0193693031488996,0.5057951510076986,-0.1815363258869238,-0.3568316025518668,0.0143615148130031,0.1555712842350742,0.0952668312980477,0.1293630527931572,0.0010282803618424,-0.0201097256686846,-0.0045340369493978,-0.2247884266361186,0.1208183508555287,-0.0450345069723015,-0.0772212860235214,-0.0921432955271639,-0.0355877665301613,0.0397330851602379,2.840777478333332
Mg,Mg0-0.5TiGeO3,TiGeO3,MgTi2(GeO3)2,mp-aaabskga,-2.194662958405417,-2.692093594982621,-3.2212416804000354,2.9424017551756383,3.233253108160997,1.45152375535761,-0.1459545746799579,1.729189824550188,0.5802160667042386,-0.5278532790700856,-4.834843701574576,-0.6918958751727506,1.753949970843194,0.8012258569659333,-0.4324286917088336,0.4744715713552631,0.2259125960138643,-0.7094713644351264,0.3939226935387482,0.1861897407465791,1.4279645475699432,-2.03207688203698,-0.2347190115241966,-2.6350649174827043,-0.3330932011088751,-1.1763946305266828,-0.4197838067965044,0.2418955375734264,-1.1362815798386332,0.0369612667649586,1.1919712267611442,-0.5407503992278193,-0.3626232620684237,-0.8428121739802168,-0.0559820108679963,-1.8238852006635629,0.1537364636958403,0.3464747594307074,0.1130831024389071,1.1685027064999374,-0.5027932006351917,0.5604463832917761,0.6392719139555584,0.0710867057182469,0.025304167777437,0.4140747290057648,-0.2146186500580203,-0.1296506229051981,-0.3322696691031762,-0.1992799441264581,-0.1865510822628384,0.3437658260600297,-0.1150593047162135,0.4129587829572456,0.6560456980370641,-0.0407878793905386,-0.018539643194907,0.2238808254715681,0.0771463733703197,-0.0996876133468174,0.0460298917235369,0.5164414510528635,-0.3465721822461418,-0.2700451314379804,0.2732911955799135,0.1194662406654748,0.1617612881808009,0.1034356198032859,0.1292520736981686,0.063897088682316,0.2427182892044132,-0.1959784120084951,0.10267118764126,-0.3408138594433009,0.1393904533382159,0.2333448062299778,0.2518710238680441,0.2181195907006932,-0.1363114702349968,-0.1392988064389101,0.109692365000005
Ca,Ca0-1Ho(SbO3)2,Ho(SbO3)2,CaHo(SbO3)2,mp-aaachfqd,0.1175391598085366,-3.4543315038494176,5.903209476520496,9.990902532968423,-1.740977083278022,-0.3163284075400278,-1.9579331884043727,1.749854403268666,1.0081667792532976,1.9919536095666224,-3.5918644093085152,-0.0554609896062818,2.2911156114310693,0.8215130654082001,-0.6224501529195189,0.7285213623294344,1.7063514101326662,-1.2242096304648524,2.031435848447208,2.7106763329339727,-0.6213491441877771,1.3235084928646037,1.2165506625911844,-2.69711028893543,-0.3882656871825006,1.0468498243061934,-0.6002215720669979,-1.4359224783493172,-1.30113816317743,-1.1381128437024002,0.8063299810726958,-0.1138035123063591,-0.7371691523710133,0.1487649315045748,1.9886035982122177,0.5465892557842627,0.2333471808145678,0.4541045929262895,1.1249881719315449,-1.018690349925481,-0.7371686762609357,-0.0191176971314639,-0.1398024185046912,0.0700648914983846,0.5404738396605361,-0.5452762652757384,-0.1234658716545065,1.694137936056438,-1.6770244569064123,0.6685691417620778,-0.0559818807957724,-0.7148169347601707,0.1329490109152624,0.5809362758324674,-1.4302923708982551,0.0285208980670801,-0.6868742491842517,0.0209861814485068,0.340182173108968,0.0073677730128784,-0.2557879981500148,-0.1828686707018125,0.7314785063423699,-0.3696565047392818,0.2855248793175288,0.036063090635183,-0.1541482327517368,0.5386168247147073,-0.0560617856786826,-0.3606482412309298,0.2564692503851827,0.4347113600436036,-0.1469976278956635,0.3271281251137857,0.2026690841710731,0.1172033799795426,-0.0888100168520123,-0.2466506682316429,-0.4607792298115981,-0.0569348171799806,2.073028522499998
Mg,Mg0-0.25VO2F,VO2F,MgV4(O2F)4,mp-aaabqvyc,-1.6345410960115676,1.8997521539976667,-6.181057904246266,2.6774267033079195,5.350017664685311,-1.4987790765745983,1.1201828639798503,1.4474368991466011,-0.2793367903841361,1.7593967952114768,-0.8988535597935217,1.0022879728382428,-1.597202297222174,-0.0538771611467348,-2.7182048937477044,-0.1617748232338313,0.1678353438904443,-0.5567681731063948,-0.4092660553544666,-0.016709815911126,-0.380920674249982,-1.208335877469804,0.198977023272464,-1.3648914569887909,0.2590881250978601,0.7800775019912141,1.1268787485456435,-0.778761341158223,-1.0503577255237064,-0.98397957881235,-0.7259174226982275,-0.0236884893612948,0.5574020364245558,0.6363749779290053,0.6102460730933212,-0.121330532015357,-0.3761530333214191,0.3569887320059366,0.1956374896750878,0.1721831240469751,0.2371943781564279,-0.2930648724810315,0.345016587086619,0.2703102104145836,0.5126734919019393,0.1804886800711514,0.2036393168339181,-0.5300103434453387,0.2725099684859723,-0.022168869156806,-0.1863110324965901,0.4426507448048635,0.2252363855662633,0.0766861702248215,0.6083522355839323,-0.2119847345979381,-0.2909473574053711,-0.625338523303437,0.4622110672746159,-0.2365584962251312,-0.4261543459424634,-0.3668159294831623,-0.2982962623967592,0.115787487004306,-0.4478669671085396,-0.0376537279426654,-0.7741329757924792,0.0818417906011264,-0.1231458904458305,0.11374478025953,-0.1007904921687073,0.2882368178452734,-0.1325505496426811,-0.2377726729467613,-0.4615316463350381,0.0581873567408627,-0.105021921887716,-0.162384701362389,-0.0542669594216513,0.1605072970428192,2.516864130000006
Zn,Zn0-0.5V2O3,V2O3,V4ZnO6,mp-aaachjmi,-0.9499374700507814,-3.600584719123164,-5.7478335671913685,1.7508374209260675,7.775434224461442,0.6552682343724987,0.8556941458733597,3.348257028045869,-1.3222723186270968,0.4688589659087388,-3.697391598888019,0.3115678072268391,-0.8789631246498959,0.5173747125673662,1.8769569484925563,0.0169992200936392,-2.3552749968846465,0.6863339195139644,-0.2264279854005941,0.6322256135115168,0.9015630878118744,0.6723894382692668,-0.0079219546024123,1.027803236552992,1.8499909225488116,1.6395383554933205,0.4748324311863465,0.0585196474602644,-1.3308959004107257,-1.1295914316310995,-0.1402795021099616,0.281422930149475,-0.3922150734517616,-0.190355346098719,0.7406244361575468,-0.2174198745700539,-1.177822690551605,-0.2785668555696291,0.2584839421008012,0.0517028786220507,0.4899275335386288,-0.0557604897813591,0.2049307919539448,0.2684217714360568,0.7925505717612832,0.1849459567842662,0.5552285100700008,-0.9018253746105828,-0.6048810976966653,-0.4470073060737352,0.705020276835091,0.0685274260321371,0.6251982303577968,-0.966070575340092,-0.0935617329281804,-0.1053002778401761,-0.6445009898903951,0.3387383907209617,-0.008514182799984,0.0853430175569294,-0.1476107789822086,-0.3456695154097297,-0.278488243037424,-0.2015846124956356,0.3179684266841017,-0.3367908983752982,0.5278277792601829,0.2714655963444927,0.068045054663482,-0.1119865327394968,0.0505426640752629,-0.2277081719102779,-0.307937809465836,-0.1019015485871607,0.2879385640630387,0.2206876685682583,0.0959264477502648,0.249880312710496,0.0505369321689361,-0.0783269500752116,0.256923597499998
Al,Al0-4Fe13Si2(SbO14)2,Fe13Si2(SbO14)2,Al4Fe13Si2(SbO14)2,mp-aaacxwuy,1.9799176762394044,-2.856823633974216,-2.874379834387982,2.642180199196435,1.6098253265209468,5.035627827265239,-0.7787829848147233,1.9558717219166055,-2.612854480047948,-1.4038922396794813,0.2258074952114869,-1.0864049355643834,0.0385322296376896,0.2672032410696083,-0.0420230013241204,0.021727643576725,-0.3019261946513561,1.5698289429579644,0.3155398821818085,-1.7118490840311196,-0.5681526440369637,-1.372927542922768,-0.5744373395589706,1.6589969810245002,0.334244932759372,2.171311209786792,-0.2527482661156731,0.4164833776040488,1.2982135753106212,0.5360090195345684,0.2604831763149483,-0.0099769361234798,0.2644439990999593,-0.9508956097455185,-1.5238288725582227,-1.6841346563410935,-1.3926171705714796,0.0794839328094702,0.7704855711794765,-1.0057584956101648,0.4796051619016355,-1.6930722268059917,-0.2413530595812225,-0.3012222566641118,-1.4376023795941335,-0.7833607244161538,-0.3817893792464127,-0.7903167430673192,0.2375438194026804,-0.0343543767007841,-1.700501050098249,0.0529148883469419,-1.203804670571032,0.7390100286671591,0.1222842944900509,0.0708460339324418,0.2353217265889065,0.71653700682372,1.038535680898538,-1.7211055325649625,0.0726138447758395,0.9065162928707716,0.5008709212712774,-0.6006056422911894,0.7446738086347379,0.1226516307463469,0.2013383889799714,0.0788965375656159,0.1465117625160469,-0.3397392461809588,0.8536427375223022,-0.0298748495636798,0.2041269605016467,0.1727233239040243,0.1478556563635867,0.0131401784282176,0.2880778285776291,-0.0339675225793513,0.0952999591859532,0.4439512181322064,3.822717899999999
Li,Li1-1.25CuBO3,LiCuBO3,Li5Cu4(BO3)4,mp-aaabqwpr,2.9215760036280263,5.38548239899642,5.152943360630759,-10.956225671025052,5.860580455717143,6.85119222519509,-5.397655808289709,8.517782253105072,17.58266491572158,-4.072115070831701,8.284874951646078,8.835651088412764,2.421909437995621,15.144785029043488,-2.0516519784989424,-7.427628669644262,-1.0551949099664129,1.98787466401744,0.1404026730422219,4.175944237901787,-0.965932893664508,-1.2118091710407644,-0.7091666151221077,1.4320874862815485,-0.8965213306267558,-0.8239516799809435,0.5159035889153825,0.8780379615361411,-0.6612533538864854,-0.6964455661043392,-0.6041736977094032,-0.0358470736858029,0.549647199509943,-0.9743179112730876,-0.7557154824858152,0.0129444152157175,-0.7103486841318309,0.498029035576897,0.1974110562458559,0.5601037279307326,-0.5824100742020615,-0.6250336993834854,0.0019855668071049,-0.3295278992148469,-0.6034859200165937,0.9222725415448644,-0.435197422578383,-0.3053246957289346,-0.0922772038774751,-0.3670737521620879,0.3118651694144526,0.1344773947330869,0.2544290734434486,-0.1562418267005862,-0.2823062197182725,0.2264303415768593,-0.1701304311165472,-0.1199682048355485,0.0967775924158595,-0.2151892653935328,0.4359282960762887,0.3109528908675841,-0.1839653593555973,-0.1783520439042547,-0.0500458451788319,0.3775628702001398,0.2454386585851952,0.4847910248041714,-0.2869969785476439,0.0360820293757478,-0.4547192795998956,0.0805704973449868,0.0071315706115214,-0.3534612936851231,-0.1940803549544014,-0.0753831401510933,0.2835573547135411,-0.0274236851588007,-0.2515729897418014,0.2402003581149012,1.574718893333316
Li,Li0-3VCr(P2O7)2,VCr(P2O7)2,Li3VCr(P2O7)2,mp-aaabrrtz,-1.107671653232276,4.066380262992938,-3.3429306459875114,-3.438118285883669,-3.7064444440030297,-0.14356872460569,-0.7141224269858355,-0.4743399909748669,-1.9906452490150812,-3.0743845429781542,-0.8918179038966447,1.158708740014162,1.2647369349165654,0.9237517967727892,-2.028634148210813,1.8729102782268503,0.2203665110832302,0.6115964558298544,-0.5587405987947652,-0.0569944711611816,0.6428196446466612,0.4813089234715949,0.2273724955966705,-0.0720109980177263,0.5212384227083332,2.0644510514607752,-0.2299412034732379,0.1967124027292572,1.184027182690763,0.800152251562933,1.1283621931991852,0.0994255037845159,-0.8376773348508972,0.3244109684915833,-0.1080066794499586,-0.0756179654950125,-0.0194245857308763,0.0479606546818388,0.2137425887761855,0.0947878171534126,-0.2155842115910023,0.4942541638306224,0.9138188996405932,0.2700702034919752,0.1014011651621093,-0.0760170055811997,0.0086953822236106,0.4160798863697597,0.4453334697560168,-0.581808239104956,0.0975987570620703,-0.2003526537560002,0.1292117180722906,0.0391778664586133,0.2333410993956207,-0.0035248278233611,-0.152277481304469,-0.0714301276163295,-0.4378117535991241,-0.1411445266804286,0.2087357667223675,0.1186726932880947,-0.1942228087141209,0.1952362617594202,-0.2560239462147465,-0.0903161383529753,0.0453040632650883,-0.1839675057459871,0.3896901214027517,0.0206667521408503,0.4658959590736724,-0.0486266871410977,0.1997486263574585,0.1067351659867668,-0.0464035640564735,0.2750087023512042,0.0576333146479767,-0.0104956688262818,-0.1436010148396031,0.1836586118961256,3.421769275000006
Li,Li0.5-1TiO2,LiTi2O4,LiTiO2,mp-aaabrhmu,-4.488196331259156,3.5070522284802714,4.01096974313292,-3.494484872105337,2.98216199425101,-0.4372766333099385,-2.731990184486223,-0.2133350828844399,-0.3652391049931342,2.10628782364,-4.315701046340269,1.6791499046714455,0.8361117742142941,0.6686658576627308,0.8573351957607103,1.098836807345586,-1.132209800744239,-1.4352399684614137,-0.1603544766506917,0.5265229805757335,-0.3212719312703807,-0.6610044290420302,-0.0683523460178019,0.0345966622685115,-0.8309525209954028,1.552835419363787,-0.8602354655417136,1.6603044007191736,-0.0217377432385217,0.2575995868488823,0.4164290304713365,-0.1517758992256702,-0.242999116014921,-0.7400329516605069,-0.3164281074849399,0.1912316561526436,0.4392398898705916,-0.1340529275123213,-0.1863496079326821,-0.2513687119044146,-0.7520704530547277,0.1735840173255421,-0.1652536143834285,-0.592989248285937,0.2387433143712102,-0.3034844063485059,-0.2734763526077968,-0.2019802975699258,-0.322101210856609,0.4706414081104437,-0.5256034043065292,-0.2084561610030647,0.0476707570681461,0.3626080756861385,-0.1400518841062076,-0.4267442394894977,0.1081475281263129,-0.1574648533448844,-0.3293790839568011,-0.0206861167633577,0.1433665128716809,0.345375521693509,-0.2936669287493293,-0.0285326709319965,-0.0270942395595011,0.0570638184375633,0.4536775140910546,0.0448550614301669,-0.1802211375842028,0.1930297678515961,-0.0658414753159147,-0.1707320802695714,-0.0871375384089935,-0.1327492381253368,-0.016528433201399,0.1158625328709797,-0.1176289699673252,0.0488275755291222,-0.0861429227030718,-0.055008215132292,1.381267704444444
Mg,Mg0-0.5MnAgO3,MnAgO3,MgMn2(AgO3)2,mp-aaabqxsv,0.2291129298032458,-3.56228049536654,1.035553890814484,5.074001469889057,3.287287847977935,4.486354221946588,-0.1335453858967257,-2.0454122811799453,0.7704682479981684,1.308754575432185,4.614510650796429,-3.825477690201154,2.205848912865543,0.0554662865034951,-1.1277888778891365,0.8346955054702366,1.2129605973019428,1.9397197626013496,-1.9673084194441128,2.018737075370257,0.7145427774835912,-1.0135315981373945,-2.1756036909074994,0.2335805271908644,-0.4844003427519321,-1.7781144314704218,0.7423300678104705,0.3417654707124967,1.0843917312128126,-1.3500606668497028,0.1660863745509748,0.3589471459797904,-0.2996045034573479,-1.0707274033822458,-0.7422619749132723,-0.6485483544847642,-1.0357191788150262,-1.0282434299095582,-0.1800903938536508,0.5503131814618738,0.4630957264364628,1.224071530756493,0.1230484504225708,-1.1266016547515283,-0.1154951850220084,0.4249375981431821,0.2408059362423291,0.5531503997191803,-0.2407784907747965,-0.5914335244384263,-0.3574209387247072,-0.4085985774774353,0.2922190437239396,0.0334833349039601,-0.7606421676622552,0.2697385118508344,-0.0588706450494033,-0.1065691030004397,0.0486022532804517,0.0078248026338097,0.3057954934645611,-0.2375418931941132,0.3681526091931246,0.1772677337538873,0.2100950999691236,0.132855390393453,-0.1096718984067901,-0.3020273622198471,-0.3700935551189916,-0.1636874118943899,0.247687484608977,-0.3806079674185155,-0.169492544679745,0.1630169828867801,-0.3638222795588238,-0.1143219010455073,-0.0357158920276637,-0.1080497977526827,0.1826124682452387,0.0494649574718251,2.936252144999994
Li,Li1-2FeS2,LiFeS2,Li2FeS2,mp-aaabramo,-5.449299737531873,-3.85662018895856,5.788301523438724,-10.144843294540184,-2.418295577571116,3.060674481571608,3.983583402970811,-0.4127501501180582,-2.8305436279568195,8.345927371194485,1.4130579541060857,2.36384070498669,1.6466328013267035,-0.4001653244689745,3.129754568859727,-1.0327975547890658,1.113290835871515,-0.924180102376149,1.3305499647425976,0.0522728210971134,0.6164265820448115,-0.7129982417914157,-0.649839935436952,-0.4600148042689079,-0.2252805807797918,-0.2624243315007448,-0.6644227673323297,-1.90068174908178,-0.3952666391485013,0.4295389365361908,1.4169564239778447,-0.0173096781538104,-1.5814994409836889,-0.300610361300892,0.1133442928351909,-1.2314160930469258,-0.9557560211552888,0.2567782233636783,0.656365494932625,0.3557473235835547,0.885081651424516,-0.6125988311532929,-0.2474767869902848,1.8407695413654888,0.7294819413080846,0.7715801833986786,-0.3906934605591962,-0.5031535803319794,1.800938796494585,-0.2782114139486487,-0.8706041011825992,0.7623327480161591,1.345421866171841,-0.1429006901271867,-0.0628270797800234,-0.1203145080182203,0.4443221742576028,-1.4625751861274272,0.1419816676155973,0.5333559463667977,1.4987719826098789,0.181400276434951,0.2154789533864926,0.4531581543029648,0.7475147168481538,-0.6208284997682773,0.3858427732147409,0.1005095655839477,0.2453093572317389,-0.0584459643877482,-0.4600112446333271,-0.1787405777049368,-0.1334364724644308,-0.135926462621995,-0.3342209665795828,0.1595031148447043,-0.3917331041682407,-0.7327513353428441,-0.008496431087473,0.4303716001690497,1.003145033333333
Mg,Mg0.25-0.5CrO2,MgCr4O8,MgCr2O4,mp-aaadbazn,2.4771219605950607,0.1552784835403056,-2.3345844441956043,-2.718100861207108,4.433933131128139,2.243650676175606,1.501617033844466,0.2239106218619385,-4.143117468884196,-2.1633094310122414,0.5368858256882698,0.8863301202352808,1.3611925110811245,1.1099245194742706,-1.409013709718857,2.244371500104592,1.820815174070876,-1.4263487385411269,-1.7035078366137026,-0.2030826204567775,-0.4989391467878152,-1.081104147874186,0.949876879973626,1.7388301223626446,-0.803181151707169,-0.4935415229783145,-0.1246335560471823,0.3495326531768885,-0.9096816236576012,0.0387980159456326,0.038091960672551,-0.090143105936783,-0.1523127519773245,0.031519266049464,0.0286604271369538,-0.2453768575505526,-0.3533654516481566,-0.3869257586228651,0.1229600445580791,0.4493755885926455,-0.7196219099170573,1.0153921396435353,-0.5015320866144236,0.0198481051042409,0.7504661045435936,-0.943780186918981,0.6372575210044126,0.859088519429119,-0.6863290300868468,0.7515774718376876,-0.3133712078995063,-0.1997623500604825,0.0948247203401349,0.1522983319911761,-0.4012461726181918,-0.6610234245793418,0.0450998342773791,0.2894318213242022,0.2334372281539498,0.0604227020676171,0.1842830942186033,0.4972157931819485,-0.072421795151256,0.1933960123878408,0.5052394487103398,0.1605153026512957,-0.470109521629776,-0.4888450770161274,0.1922323871794692,0.0942930686328729,0.1560571278165604,-0.0868226649014553,0.2544136121534888,0.5329996910800749,-0.1451688415405017,-0.1352766254017209,-0.0218231729112797,0.4757850815223146,0.2426642453238515,-0.5958509441691919,2.494781164999996
Li,Li0-0.5DyMn2O4,DyMn2O4,LiDy2Mn4O8,mp-aaackkss,1.5034693769898393,0.8148629517566034,4.560432595729733,4.061860717409899,-1.4172623043213437,-2.4887615055145,-1.3970552115159824,3.9111348612834655,-2.240787327853673,3.0687792237319003,0.14481084449135,-1.8037892897507333,4.120371504306768,-0.2603219442997468,0.6714161383579227,-0.9343028413035772,1.4119925466457366,1.4659908623633893,-0.6709228152199512,0.9463343686048844,-2.0814094439442345,1.7623730973406804,-0.1488500020052697,0.801087608308969,1.3658029663837252,-1.3564255445794016,-0.1468063315572802,-0.8745467614467362,-0.5609649627903535,0.1506504821867245,0.6128351656833055,0.8501540651579694,-1.064272507051081,0.9540087733409208,-0.3865928955087815,-0.3898877106879395,0.7056800834505461,-0.576732805220761,-0.1263422606112987,0.97902564628252,0.5634382801809505,-0.4225633749589016,-0.0452786056398852,0.2549131997468546,-0.4050386216399469,-1.1997191052765674,-1.3754725393347018,-0.4925163412755973,-0.0901736015186925,0.0813196971670333,-0.2656431784719442,0.1880487088101735,-0.6914147922883521,-0.2106045312136372,-0.5274915030964822,-0.6322878035049184,-0.6889501969238649,-0.4300169984068346,0.4350582781514165,-0.1101282905707613,0.0592126665959039,0.0093078219256473,0.0891165777684647,-0.3180853815943255,0.0007459359651966,-0.4461823588251499,-0.2352811320781905,-0.0970742402836005,0.1471022103532224,-0.2738146852580549,0.0485962894538127,-0.0767716119931489,0.1840836011545555,0.0717376618960084,0.1637041031652246,-0.089534963547965,0.0125976285805354,-0.0435120518864854,-0.378036774899509,-0.2835899117522877,0.9469528733333352
Ca,Ca3-4Mn2O7,Ca3Mn2O7,Ca4Mn2O7,mp-aaadabgr,-4.62721959728289,1.574728630247964,6.725702918559231,0.9948792867414986,3.795395506387636,0.7045003389747126,1.999127606097954,-0.5069720977600205,-0.8574483688474204,-1.1848730360996136,2.241141680288002,-2.161431235898655,3.124935623103341,-1.6753932086133148,-0.3839531994243755,-2.0126037107776527,1.4853209309464204,-1.7662148693367112,0.8091296126778216,3.456151593409848,0.8832696139082067,1.299933617424865,1.5587560231660664,1.6470218885407932,0.3303002819050618,-0.4731980900434264,-0.7415877785490428,0.0912321571849176,0.0145021416978283,-0.6431346795138069,-0.5423964400609319,-0.6963180825556678,0.5001196791019844,-0.8824100846064746,-0.8520473210963642,-0.1150313126819692,0.4193593210636653,0.2676914051935307,0.7786037194958074,1.2980318683206122,0.4872347962254311,0.0032294781663904,0.165047521270554,-1.4556523445125276,0.2309432561492818,-0.0828744395567015,0.4190955385810561,1.102219555605911,-0.7965638551586407,0.8812740514156706,0.4080430001164155,-0.283662917226387,0.8707605124724551,-0.1946199222098817,-0.7896947933636295,0.0616422562930731,0.1908445633487213,0.7126236278972882,0.2109461224255948,0.5332656374447187,-0.3120046649438923,-0.2809122756807576,-0.0976783992401349,0.6083901128911412,0.7463277380619274,0.0234670539183975,-0.7247889722399316,-0.7991865557230033,-0.2767188938959382,-0.1209493681891781,-0.1507233842214074,-0.0617033487665459,-0.0886473340876676,-0.0463495331024598,-0.2915107860517569,-0.3046826157718474,0.1560779877933691,-0.4871391532875129,0.0789875995835324,-0.1842858095185276,3.462697327499998
Li,Li4-6Co3Ni5O16,Li4Co3Ni5O16,Li6Co3Ni5O16,mp-aaabrymp,-1.1777714952854006,3.6306358657079527,3.4394681758067884,-3.68245073354875,1.144524316419431,1.1357188061161516,-2.314648918231968,-1.685069781668787,-1.2335205758019376,0.8280084403000162,0.1484589270063228,1.591586268163534,0.5401269653822385,-0.2250064534288982,1.5984587549374865,-0.6878508029316105,-1.132595446511384,-2.527228771681856,0.296284489721795,-1.0981307012144466,-1.497567808476267,0.2333364179774166,-0.2022428678134864,1.1645090827422009,-0.4942175654250305,-1.0810356218169952,-0.4066575662380795,0.8921503834616441,-0.9194178429852928,-0.1885772057674353,-0.9281398607552436,-0.1100604884308767,0.3109649824962734,0.1511185606877156,-0.0694524569601877,-0.5248157836464316,-0.123043094423353,0.1552249961115765,0.4325343456552741,0.2347123278785069,0.1478027393913264,0.0368868913627543,-0.356581257614803,0.3033168988624842,0.2145042541024111,0.0885073175922951,-0.6264761913277436,0.4559046445602589,-0.1243430010929095,0.1290692173044419,0.1561014843672321,0.0737301174430569,0.3037390054622937,0.0401205942781015,0.1677694445841342,-0.1147515632590931,-0.1856860175168105,0.2494432630806743,-0.0443093032940587,0.0683541908475825,-0.0677896010248692,0.2680753368399513,-0.0264518301135047,0.1022266951565722,-0.3437641424660809,0.0769306070221937,-0.0586695371583743,0.0128481391068969,-0.0949465125706503,-0.09697399751667,0.0195484552634542,0.1782034327563651,-0.1057943172910323,0.0003362981010862,0.0260659628026096,-0.0469487306963243,-0.0209463886374515,0.0959489266402926,-0.2051764847746601,0.0491135606854061,2.887970073333339
Li,Li0-4Mn3SbO8,Mn3SbO8,Li4Mn3SbO8,mp-aaabqxqa,-3.2289968536440328,1.218961637830609,0.8727531089921614,1.9433522153642475,-3.067353057425707,-2.6736145246191656,-1.53773561227547,2.2824643563841214,-1.6239268394661492,2.0373265371134046,1.7657009562435693,-1.952210235155749,2.1198007159402628,0.6442071540204266,1.3469486222836105,0.2373078420965471,1.200414066645906,1.344177354887039,-0.6928121887589647,-0.0851708533868571,2.976652527840386,-0.0110452888543692,-1.567011423100175,0.7911262835433907,-0.9613787029374664,-0.984198900910702,0.8864729167312215,0.0264536858643455,0.8987443263006959,-0.7203504688364097,0.1558459584043589,0.2392397956843119,-0.4135302843985386,-1.2586365526629557,-1.1958997839115617,-0.386404557500933,-0.3762669219681145,-0.0356065723590666,-0.3681854801112389,0.0674042500797683,0.7784156254818041,0.3007909494032182,-0.4494646705688988,0.7206190923254724,-0.5926053384304332,-0.0599236010258097,-0.9307571595103128,-1.0034058451782564,0.0936869865915837,-0.0998144980673276,-0.2273755997465768,0.3657398920910397,-0.1624342253551547,-0.4433017009228823,-0.3180349830080906,-0.1912705710667079,-0.391226306507387,0.0058986292215796,0.3557425836538813,-0.5971977433639227,0.1682654790967541,0.1478853376073419,-0.1917883530536994,0.3307510948743073,-0.0296403630724617,-0.3056020339047812,0.2959473671452572,0.1442488038783764,-0.183663113988414,0.1299533394188933,-0.1253586504546204,0.1916660127223285,0.4367265764195301,-0.0636889732859264,-0.2195750238145657,-0.0206089851259503,0.1191534262837106,0.2245598840413756,-0.0707613385602188,-0.0057503674499878,3.094801727083333
Ca,Ca1-3NdMn4O12,CaNdMn4O12,Ca3NdMn4O12,mp-aaadiowx,0.3417118145695146,1.0015801101596615,6.251588902068891,4.175306634049516,0.650279063516943,0.5562091365436301,0.9716868968196738,1.8603166070228505,-0.8375105535130305,-0.0646465298429478,0.2553400481215583,-1.8376326463858408,2.372695868805327,-0.9469023993565762,-0.7584524066908549,-0.6554607711348793,2.2255932797861404,0.399884200093471,0.8918648685802834,2.6137150077695623,-0.192645174328342,1.7299195727928234,-1.0325178277306577,0.4555360998133613,0.0941543928960179,0.4251215357309837,1.650902651694146,-0.6174286023130867,0.3654127682329156,-1.6544592552137174,-0.7293930456428798,0.4257940731312825,0.2288237392763782,0.6729806024241215,-0.7664255653049822,0.1003790664446509,-1.223978782383914,-0.1089881856538912,-0.6181782236623871,-0.6636704467333365,1.8347540001954936,-0.3543944638648455,-0.5027873279863331,0.3169558372832335,-0.4223724839166243,-0.6259985725586574,0.0527302543405231,-0.3028670799800994,-1.206276137725025,0.9214704090581964,-1.178710875419732,-0.3609452296360941,-0.1644338748342964,0.2636295688413441,-0.3404198824063778,-0.291327935825038,-0.3307322712143973,-0.139710337258919,0.1216467914005273,0.3936137299603624,0.2862497700878782,0.3767245350999059,-0.4176566617225599,0.6359953402750573,0.183489608573954,-0.5863259717395434,-0.0224896907190588,-0.2621926786602918,-0.0451652680426726,-0.4092179162720708,0.3451775755968041,-0.1031302715439075,0.5166034116218325,0.2595183690619318,-0.2201427427018247,-0.1566861533294787,0.1124705376267896,-0.3089890176220366,0.1021729272628835,-0.241791885523282,4.528860764999993
Mg,Mg0-0.25MnOF2,MnOF2,MgMn4(OF2)4,mp-aaabrbkf,-4.3184878806616895,3.0155172945266338,-5.708591299361277,4.879834840234438,3.073629190609491,-0.78953475046906,1.0417163205840692,2.2786466568662824,-3.0304474564032864,2.0799402148044983,4.595946278776269,-1.5210936301032476,-1.504052394611889,-0.4916617859976301,-2.3777139802290845,-1.3723855667996665,0.8539377822713728,0.6075967978331565,0.6266819707464527,0.7550060683899861,-1.607899251897027,-0.1380405216100801,0.5907705729029379,-0.3580314422842283,-0.0962983234051614,-1.3591850355160715,0.073137816067384,-0.5101436658232631,-0.6776542404775884,0.1632877528288297,-0.1604124337426451,0.0088949494268089,0.3795852885531513,0.3613062883019646,-0.0247270844429954,-0.6570506854481329,-0.1461035231956184,-0.7360376628286763,0.1525301483548183,0.5964278375150476,-0.9307648191142918,-0.1370706955178225,0.754993299232491,0.5023767339708199,0.9579780962299383,-0.0600715787824712,0.3092747247602079,0.061485211074749,0.228150765640035,0.1400412617730702,-0.196019930040475,0.2568350759880319,-0.2968247378553258,-0.0902152520044822,-0.4792940161563066,0.5788735086005943,-0.5232762988523919,-0.1479672499233182,-0.2484199744931444,-0.4528553312151826,0.6177226819177121,0.0406523620066981,0.1546993061817903,-0.0106848582357882,-0.5594369509646632,0.2226698834228027,0.3285800359125734,0.1995224828845346,-0.0981792970017273,-0.1739330358674408,0.0628378451222783,-0.0975294377486151,0.0461643013567251,0.2140887120995239,-0.0961754439170178,-0.1402152315790319,0.1725750635895599,-0.4941497738483492,0.1568296841342268,0.0702392362384793,2.104818169999999
Mg,Mg0-1Cr2S5,Cr2S5,MgCr2S5,mp-aaacyhus,-1.893339442899708,-10.659714101502104,-4.524608204658991,-9.676085011644712,-3.388682598365708,4.361432448140116,10.415040868294597,0.9785916027773784,-1.3750997143968104,2.561033333651038,-1.052641785117437,2.8506780919660013,2.047136639163893,0.5387481581109015,0.3104810758804414,2.1377847509149848,-0.2602734228081129,-0.1405120884957185,0.3759080024995616,0.5748188492713479,-1.2516176787250817,-1.2527131066908412,1.2496257465433902,-0.0914312829266899,-0.6331879953682515,0.684496926234919,2.6445273249443564,0.7737657548673617,-0.5920446263538386,-1.1922295349367449,-0.528452996065735,0.2823845471900723,0.5433910287396022,-0.5552328490082189,-0.9519290520039552,1.4004224996640384,1.3471216695965695,1.2812879261120438,-0.6491990448593316,-0.2009898836070816,-0.569219811107343,0.1663621863349659,-0.9366702924702668,-0.4220148445810123,-0.8118788892888589,-0.5518432279662167,0.2609248601075831,0.2432087106322311,-1.5836876184326467,-0.55567849928315,-0.3058486955412864,-0.3034810977870192,0.0539702000435165,0.6054639039930889,-0.3604699547078704,0.5907859128452145,-0.2158486358393617,-0.2699720594419877,-1.032803963437167,-0.1947463277197419,-0.0677088787925712,-0.3075487972128942,-0.478168324801851,-0.904580692697934,-0.1733523825460211,-0.0525580303950658,-1.0874950224791553,0.1623141250074942,-0.3030786711728455,0.2660605672268737,0.0705164068779736,0.4384050426734099,0.0306171998602685,-0.0145998298625027,0.2258313216447472,-0.5708313997941836,0.4001185075871764,-0.0731315266323425,0.0888958365384917,-0.2569760123957744,1.48636664
Mg,Mg0-3Sb,Sb,Mg3Sb,mp-aaaaapsx,-11.176546548402566,-25.570432889081545,0.3046099825373435,-1.3261405623183482,-3.678508243063872,-4.117508842857502,-4.713615625335207,2.805892010460324,-1.7665194115868614,-1.1990478986009738,1.2694538148098182,-2.1580909966294426,1.014451669686254,2.2118721655349325,-4.943625198615826,1.1593475804493525,-2.223925586605397,-1.0460418628250396,1.485826825272661,-0.9230981728223444,2.053389548068218,-2.9655904475307677,3.8431114410202887,-0.2042216533278224,-1.8580269216776744,-0.5224569856684599,3.989527565154048,2.758443293819695,1.7323772469467642,2.822170496587073,-0.3052937744679631,-0.8674021864128791,-1.0965622076340855,-0.5492674300611735,2.0870403566818543,-0.7446240690892931,-1.6664956554863553,-0.7305819010716327,-1.8940688909376189,0.2090108953659849,1.078344364952188,-0.8917341242331581,-3.025458445437808,1.0513209756489792,1.5643872591932355,-0.6868812902698136,0.1861064285626661,0.2653738994841803,0.9390783152511528,1.5093231588448477,0.2205895367009005,-0.5084838956906484,0.9894156731865,-0.3883163707309335,-0.5701233687216662,0.5667810856819004,0.4451862929259569,-0.0061306860339022,-1.4784104472344173,-0.1007311739630055,0.4307544587313597,-0.3126835801725894,0.0687766798697488,-0.3066394548247364,-0.4795434216022481,-0.0079791578839036,-0.9017166929055224,-0.463959608293899,-1.1190268875545537,-0.541614869020263,-1.4510580125846684,0.9696914103470232,0.5500352332673002,-0.9506388452592788,0.2216461741260082,0.9103127401318932,-1.1773417644516926,-0.0133494564659429,0.893855156839845,-0.6799023313487224,0.171545711666666
Mg,Mg0-1NiS2,NiS2,MgNiS2,mp-aaadcicf,-4.203346123277759,-12.05280578829047,-2.930811692819839,-6.700254111295945,-3.5361591753275663,4.692821945197292,8.191868986641545,0.0886602990010602,0.090431237787134,4.645939281718723,1.5023034463969491,1.9747245733020329,0.1259284688853995,-0.4726637800788924,0.2621551473919774,-0.8782585256310589,-0.5093249176301449,-1.668786613549567,0.6936614199515755,-1.2282107666783588,1.401618275512441,-0.8769304783790749,0.4060379070399288,-1.1631619223834482,0.1888405116372904,-1.2534960120822751,1.1937799748142022,-0.3094742776432341,0.3522354805541337,-0.3363879438356962,0.6984807247868697,0.3110126764421254,0.0692564877761563,-1.2922985046249644,-1.4411109608986572,-0.3357297998722185,0.7514692486173776,-0.6318048174845864,-0.2999666914973194,-0.6470674302148058,0.077996410192528,0.6767062364224564,-0.5465410785464865,0.6347417233627823,0.510949450396151,-0.1527452699439745,-0.6949796275853611,-0.1653675696140536,0.5051480997499083,0.0643698553013303,-0.3556611395475558,0.359018606490269,-0.0950761331989328,0.0420649910920884,0.0683701095122497,0.3217214310119226,0.0703162570586105,0.1157533590358272,-0.5706806422471331,0.3541269196291055,0.3897054845322652,-0.2836474573668592,-0.2190258483687855,-0.1188532383369357,-0.0807349505525437,-0.1214240698574572,-0.0940330869013352,-0.1836995876826279,-0.4652843877075955,0.199662007914394,-0.1490135967661773,-0.215656942716581,-0.124500781835793,-0.4181629476669161,0.8149603957248047,-0.277339333671135,0.0080567109346892,-0.2772281466956688,0.274520242807372,-0.1465832224242111,0.83283205
Li,Li2.75-3FeO3,Li11(FeO3)4,Li3FeO3,mp-aaabwipr,-4.254527834661651,4.172897968724404,6.479723889631885,-4.853731088191017,2.4972866966452187,0.3788240112550363,-3.003036330864867,-1.954550120107374,-2.928513061148809,2.175451244531916,0.8009843680528708,1.503846435831553,0.719042415876084,-0.7874804446050959,3.08090866714996,-1.4132076798145152,-0.487465932262597,-3.098003425374504,1.0304277122932404,1.3237911538152085,0.742327061358577,-1.2773030746974556,0.192297257791163,0.5630855740872807,0.1169005264278639,1.330982054608187,1.5741210671492891,-2.3102572513493755,-0.6648086748785708,-0.2378721929352671,-0.1657711927217481,-0.0027783102624769,-0.4229551923086458,0.1662866558187834,-0.1305770065681332,-0.0421716883149513,0.0802185244850336,0.7317288633540493,-0.2285999990909458,0.1028089466461305,0.7007224865546001,-1.1384308957931817,0.7869689157327892,-0.9286127580471562,-0.5361732199947777,-0.6946866930314926,0.8638825865111174,-0.1151967932673899,0.6554934508996721,0.1945208431133518,0.616628723748982,-0.2347679741651058,0.0879134292004398,-0.7822563145562126,-0.4647578825788118,-0.1581396305446513,0.5525834479273581,0.1419602686048465,0.1636929990645702,0.0135450420615146,0.5910981477228953,-0.2281769311566019,0.0087409815723605,0.0803052236788556,-0.5050738621504959,0.0429451107722621,-0.1030532333454209,0.3836772405085774,0.4123653972575444,0.0587298374170747,0.0742278824004051,-0.3207057653854517,0.0791089750209548,-0.0260486548599731,-0.0882092721256535,-0.1931865182745951,0.3175665074695916,-0.0512578499092566,-0.2091025826440422,-0.1414635995577367,3.88253365333333
Li,Li0-1NbSe2,NbSe2,LiNbSe2,mp-aaaaadgx,-1.349049429675397,-10.550923973605824,2.8066171196782417,-7.557951028198556,-2.745412203718516,-4.940389658042403,-2.389597347834277,2.791320394071232,0.6516624546037608,2.845523137000053,-3.969329676921727,-3.650023398776153,1.9928025776233829,1.392823559345133,-3.3627604320067035,-1.4566391303733437,-4.097543787447312,-1.5970011027094766,-2.374861765655941,-2.1647121034809755,1.266065640486695,-0.1833972912091087,-1.7298358809224978,2.9277779051214003,-0.0107007429418977,-0.2623028790186634,1.3301075854008184,0.7029381997196327,0.6090031295588406,-0.407847676154249,2.572666091670828,-0.767473554263689,1.8703711008120685,1.8116264594880005,3.0508967379321783,1.557809624990088,-1.0218882817935748,-1.3130483945448876,1.5059545210437095,0.0508049580957392,0.3369272604437044,-2.4579170364467022,-1.5274625812637626,-1.1093071640063417,0.4250838465063075,0.2783587026999893,1.3668423009282828,-0.2175634942342403,0.1731895210042883,-0.617514962594852,0.2815289414120103,0.8085000871053988,0.2226640844593579,0.0262859155173648,-0.5276929251043904,1.3224009976719453,-0.1232673663848737,0.4035322052373831,-0.946925218967947,0.3910589282633597,0.8019402431867594,-0.0870138293264371,-0.6825492181502556,-0.0671843829911543,0.2950011590589691,0.0703839172553337,-0.2873462573598961,-0.4215713498958404,0.666701757462987,-0.5967106897471146,-0.1061541043888436,0.4354533406182714,-0.158958684431891,0.7602633617530439,-0.6007217249876139,-0.1259372781801519,-0.2859977931421447,-0.6084948922242133,-0.0573205583084479,0.4651332975863111,1.774858533333334
Mg,Mg0-0.5KFeO2,KFeO2,K2Mg(FeO2)2,mp-aaafdvmp,-0.2183031878509845,2.2119526402280267,7.494132028315753,0.1997346959868188,3.47558933768678,-3.533026047155561,6.655524034345274,-1.3172073574161467,-1.4436007134282225,-4.236343434426772,1.6303124234119155,1.409374402278601,0.3337230610039048,-1.7946114068758574,1.0019778562320134,-2.9448573064901145,-0.8200323538061715,-1.0023485367541,-2.028129219054754,-2.182883864427115,-0.5824611662062384,-2.344988927423016,1.9652020021708263,0.1513294355974406,-0.5481684504005276,2.098929552384911,0.640587429671556,1.3779406139739223,0.6246765836628466,0.9622440856540582,1.273265025557237,-0.1320568974831387,-0.0934107483623167,-1.9968168711926384,-0.3148650164225024,-0.8380937256965502,-1.197336171059313,-0.5037585062116369,-0.365420152702558,-1.693776674367459,-2.028303108413006,0.2746283300813166,0.480215598692825,-0.1455178648665672,-1.8692117614732435,0.6257854440814867,0.7202886048678483,-0.0918074337513028,0.1203597188996469,-0.6814604909821375,0.3942178500033748,0.127521996226552,-0.6913102279457591,-0.2102970201694879,0.0773199650172103,-0.2130985560287147,0.1372189624553783,-0.0439227727717898,0.2240127930039127,0.3248247136485776,-0.2601106775325569,0.2729183754197709,0.7002933758235664,-0.0250387081912415,-0.5443467034032599,-0.2012514451671933,0.285226550325687,-0.4616643188485749,-0.0381414847775707,0.2119900234539804,-0.4206538805919435,0.1171555365705449,-0.5713033449317523,0.1078123242259954,-0.1026317379843616,0.1863646445017117,0.1957735979176459,0.1146704561574053,-0.1716297338110665,-0.4346627731575611,0.9683891524999992
Li,Li0-5Mn5(SeO3)8,Mn5(SeO3)8,Li5Mn5(SeO3)8,mp-aaabsfbf,-4.928930468647143,2.055233437183688,-0.3223502218609617,1.7008714342670002,-4.080270745424226,-0.4597547973554134,-0.9603122567061518,2.0100694312620195,-2.0120992783509384,0.4148912012411993,2.303049418925089,-1.9107254541855607,-0.1361428124625872,0.3674494665102561,-0.482975136659212,-0.5335028320018699,0.8733281990567011,-0.5328798296746927,-2.280835940157663,-0.152027744535094,0.7807931766280599,1.5830547795344243,-0.4736880512851124,0.8755006264979884,-0.7979045465898316,2.3428456270655897,-0.7180542825364109,1.9185550923465784,0.9482910268455744,-0.2684617820662715,-0.07398629649653,-0.3548274493864243,0.0358274813820038,-0.5628522241088967,-0.2639652529490229,1.192377018929076,1.5380158279089893,1.5410149867517575,0.2567534857568297,1.1643382720370896,-0.0367603068597966,0.4523347534147686,-0.5447740321471557,-0.103861356712296,0.5510210409644093,0.6245864585261417,-0.7653486745246709,-0.4388565959082424,-0.252424480842049,-0.2190758347884822,0.8062548293927044,0.5760553539158523,-0.0084997656421689,-0.4454485635534941,0.2162667398653317,0.4690324224281781,-0.2994995379542591,0.6741239725705334,-0.1230831987119392,-0.3636533424676803,0.0489848655911726,-0.0616040742206882,0.4371374601460295,0.4561522734972258,0.6622679206835346,0.3532482286580415,-0.1486996086824434,-0.181990786741071,-0.0510565913280779,0.3040630301103622,-0.3351457996292112,0.1151319825722408,0.0102355479660804,-0.2490954545696866,-0.2021416068903889,0.0208006282530649,-0.0271687143310523,0.1559622359704724,-0.1543692607029315,0.1470557244047437,4.140255915333329
Mg,Mg0-1Co(PO3)4,Co(PO3)4,MgCo(PO3)4,mp-aaabhgzn,-2.869220862397263,-0.7617913122630992,-6.038379761065869,2.1294644696526634,-2.157644312267443,4.09011615475497,0.5116814058865712,-0.186743180944694,-0.5176063960690406,-4.535982248102304,0.0304297607697988,1.8999140108970316,-1.4648563721657797,-1.4110296729869891,-0.9190538190519424,-0.8807947462826434,-0.388724418545495,-1.7215662455310805,0.0009779854193408,0.2273421289029695,-0.3825720100968109,-0.6424054214793902,1.1726777396567476,-0.7822214608362065,-0.004005677100676,-1.5104036073070737,0.8177296136241724,0.2362952739368364,0.0806885402151435,0.2326469739905442,0.1118315191394649,0.167343019741351,0.2856780969568112,0.6923346822791256,-0.5205525025679698,0.3713876959907652,1.1490306713273035,-0.3126505278874473,-0.0351570657214227,0.2031338145574107,-0.118402527908823,-0.0006861614527507,0.0895387047809064,0.0025415667865225,-0.1168785763046717,0.081113900942258,0.0550027037878802,0.0273482499065294,0.4490951417261746,-0.0581669424855188,-0.1521100496460622,0.5945622706943235,-0.3403570226001558,-0.1012552461921362,-0.4023764899475932,-0.1171234227023997,0.3849685525809762,-0.7684948457530021,-0.2498493696052176,0.5996493682072066,-0.1232566252176349,0.0654161098071606,-0.1029482791208499,0.1456890413694803,0.2617635346156033,0.0990580988051563,0.453580557973055,-0.0242482795549345,-0.1440518529854084,-0.0591479272903108,0.2137695206509413,-0.2395598721027246,-0.0188947737680983,-0.2388615353495455,0.2211193709538752,-0.4594933233708053,-0.145711764413546,-0.2647642850174386,-0.2297482089800004,-0.1914031009090477,4.886553082499998
Mg,Mg0-1KFe(SO4)2,KFe(SO4)2,KMgFe(SO4)2,mp-aaaabfam,-2.4929553661966284,2.0035849030410384,3.909596420238379,-0.4434329821316985,-2.393354796533514,2.4930675233622868,12.680868407031856,-0.7976509864220868,-0.434490201667808,0.848417005829221,1.2782946614804649,5.044031305091096,-2.151755225378031,-1.5437113863308742,0.0374940323578349,-1.5487868370817932,1.677232245004623,1.2063678028782312,-0.0518552631446773,-2.621987241367823,-1.000473910225416,0.2776461897958445,3.5767208327817417,-0.7538642083178347,-1.53263041445935,-0.4640014135436402,0.1822110958218151,0.6695603608758064,0.3410597589095073,0.5616877442907907,0.8204459955637914,-1.0728744598752518,0.3938979391369598,0.1259983794365658,1.1563361817582232,-0.9916356482673826,-1.85474750496896,0.8748057040530544,-0.4887052160132447,-0.7559810080674678,-0.7532660646004118,0.562715379072005,0.8415365148852075,0.9224285397697568,-1.8695458231518445,0.7311634174596313,0.1033510103157448,1.0655763380128134,0.7440324620883576,0.284435658674085,1.338639000577764,-0.4802086637873461,-0.4712164943888017,-0.2559882790301507,0.5447170752257777,0.3999578153076549,0.0954737739152708,-0.8626800074765866,0.1635054414666869,0.2727074279339436,0.3020736487902168,-0.2253449533784498,0.3927444628168279,-0.0124692618794171,-0.5924321076889573,0.1682186605129805,0.6461233489193917,-0.008223302414252,0.3285938486021985,-0.136462610704546,-0.494773482252195,-0.6522569415357735,0.2856935935994277,-0.2737652025047095,-0.2669142458173438,0.4030536319779562,0.3720574392317253,-0.1372053923757998,0.0396876000285178,-0.2386863801562301,0.020433033749999
Mg,Mg0.25-0.5VO2F,MgV4(O2F)4,MgV2(O2F)2,mp-aaaewoiw,-1.3411633825846676,2.8811713820063143,-2.389429815087833,1.131220584877601,5.526949862171611,1.05146660515614,0.7859462606758905,1.0833600900096725,-1.1240453372095522,1.4143732909267124,-0.4165927694690985,1.1754401556410452,-1.8989100952070987,-0.2331330789837115,-4.52517675400138,0.0178911165716686,0.6327596401167759,-1.4299920054389537,-0.8454522693929571,-0.3698455227923022,-0.1703003602415138,-1.5067805088145214,-0.1775076384613739,-0.1264927113631709,0.663242735617484,1.3278814327690622,-0.4803698207334133,1.0984941264511658,0.184374377883416,-0.2201357999997283,0.5084401601694488,0.0157473291915078,0.2319449858186572,-0.1774958965118695,-0.1648319597613602,-0.210783657944444,0.1350932514837011,-0.8443825066321164,0.0707039912033712,-0.1210385375799329,-0.4080613991994842,0.3266314212606402,-0.5265743663707767,-0.357354731786614,0.4284378294958287,0.2287677350982372,0.8680686179899545,-0.0607139245972751,-0.7180960089269548,0.7903053060027091,-0.6498649510229291,0.0650712279998468,0.2619342797045598,0.2224241088969118,0.2287482582614199,-0.4773696447906083,-0.4402381725659036,-0.4470480981196948,0.4277369173481125,-0.4268569481664723,-0.357358722584837,-0.3367160827347008,-0.5721160372515043,0.2814497390904512,-0.1568015233369045,0.2925218750902157,-0.75902397819151,-0.5371659771515168,-0.0797891988045792,0.3349890615854634,-0.1089872474893395,-0.0316851214605527,-0.0014182749521103,0.3921259062987117,-0.4470839672182373,0.0816367044171825,-0.12166147358095,0.4057607820102522,0.2288208877007529,-0.2623753976988951,2.204696399999993
Ca,Ca2-3Mn2(SiO4)3,Ca2Mn2(SiO4)3,Ca3Mn2(SiO4)3,mp-aaactdkb,-3.435003854966097,2.016618419376695,4.035169386870833,0.52896395690002,2.664563760883253,2.2386500133237908,2.17299406030455,0.5702272113227309,0.138654991575393,-2.649123232918518,-0.6817605124402093,-3.905318444010441,2.2823523065158016,-0.6681174727655488,-2.2375884404970487,-0.4608767341039302,1.4829326165326244,0.9634385120661418,1.5094589890174668,1.77525649742335,1.322071535646135,-0.0591755388500464,-1.741616250858758,-0.9882945530281604,-1.0369184025360054,-0.2579863392603711,-2.385459384566379,-0.7012448555947911,-0.3707803381709026,-0.3439123612707576,-1.64474285246021,-0.4424785911259332,0.2274827969667313,2.089334266462887,-1.209014593763845,-0.5340705143185474,-0.0480781238930762,-1.0304146883461054,0.0598704700797598,-0.6254297761499258,1.1632666652622885,-0.6387098956535443,-0.2889350436172923,0.3637067530936698,-1.2466964522548465,-0.0145983895612644,-0.2856037453901924,1.3892606378443162,-0.8593747279296485,1.217268387269935,1.1096367063623924,-0.4127636667572954,-0.1611693021980705,-0.2971614465655561,-0.5108406500768643,0.3736049113034749,-0.0679186879877517,-0.0501116470523812,0.0956412859966211,0.0492053078586907,-0.2113193592203749,-0.4801785828190743,-0.1394559917524752,0.4846930846391571,-0.4129262924745344,-0.7844576272130308,0.1731143944254275,-0.9447306462960152,0.2952532025684711,-0.1250429215998258,0.3688512574527604,-0.0425306978761975,0.2192569612925375,-0.108485180021339,-0.07880161288237,-0.1601520093911305,0.1658454533985841,-0.2916257302751618,0.1048685654963213,-0.0962639100528844,3.890323616250003
Mg,Mg0-0.5MoO2,MoO2,Mg(MoO2)2,mp-aaachoyd,7.5632365076302035,-3.572043051486256,-5.678668994717596,0.814721532313384,3.5576837458966657,-1.979281311787913,0.070538816259733,0.7725314062541169,1.7232397724297732,2.645671194408469,-1.8334043019792337,-2.2341591165515355,-0.2383722841133451,-1.4093357162399442,0.9690961759688452,-2.8616482305476585,-0.1542067821331013,-0.2730430145047526,-1.7670655138141538,1.5641768148143562,0.8096566210057781,0.389779341302462,0.6019093710430355,-0.1592880475429459,-3.662519372584295,1.6133712192370464,1.9739597687158703,-0.0415991098930514,-0.3285470752310125,-0.1229094342643327,-0.8675270911637721,-0.7764479546233763,0.1835983101501822,-0.2137732399436825,-0.3142440862633075,-0.7412991511319952,0.3967235840211904,0.4730589629325691,-1.163108448963097,-0.2823639855428148,0.0268434296456359,0.6227677855210405,0.2495467420991645,0.9606222302760646,-0.8762765517638904,-0.5790915656914074,0.3580960443910042,0.7308599660692229,0.2109561928817063,-0.4659480993105341,-0.4095125033062848,0.6515828994468947,0.0567505799015634,0.0937335806890809,0.3694930092329036,-0.207978449721553,-0.2171391598582976,0.1283872080790467,-0.0627283967773911,0.3557897039451699,-0.0942442641667976,-0.1339669181723811,-0.3676790504755334,0.09828321485759,0.3166785545406979,-0.2917111969344648,-0.0547843492553842,0.0381027592035159,0.2403788930089672,0.1985006749055798,-0.0002582623263803,-0.3041983075284444,-0.1940624306390523,0.270656048327816,0.173173000901696,0.1661327776004642,-0.0788061011572536,0.0097694172778368,0.0928752559132664,-0.1197735780520362,1.278050032499998
Li,Li0-1Fe(SiO3)2,Fe(SiO3)2,LiFe(SiO3)2,mp-aaaabliu,-2.2009480468446947,2.225931479880801,-3.416510896957768,-1.5613382719675282,-2.0929207718185587,1.0089225732279363,-1.0312063869188255,-0.8774163320382294,0.6448182167139087,-1.9559009767776203,-0.9710720270267272,-1.904294015867495,2.273559317039921,0.6396749565637013,-0.9803567279208044,0.7004617148263785,0.550466644191457,1.295614853630978,0.3672056963644666,-1.840571966483313,-0.9885843415859564,-1.0935712722525446,0.6076947977749598,1.114666746081532,-0.0528994433273269,-0.4247416094457203,-1.0666949241365309,-1.2028029325470362,-0.3737047574500868,0.3697265957762017,-0.7018312274586817,-0.5354821081477704,0.5065403268410645,-0.0916727735640569,-0.8345192336577091,-1.0549758400748863,-0.4042141986236703,-0.6206674210963694,-0.2560039649669204,-0.1826887131687809,1.9421807350154632,0.3057099822208762,-0.3395519827926684,-0.884079330842047,-0.4339719649075042,0.0951355958996237,-0.3919000299266925,-0.5859714803541201,-0.1335660964311976,-0.7284118886280069,0.5611383207761862,-0.5043849836723658,0.1158580077205414,-0.0011180955608505,0.222878682232695,0.3298363032111064,0.0766723815988692,0.2553446537662077,-0.034572272635618,-0.1460408478207629,-0.3325983692953484,-0.5343748545034112,-0.0711886645914246,0.2487448246050434,0.1479881983199815,0.2835711880607774,0.1746711590589908,-0.0701529229961019,-0.1287097113387228,0.0620591847573281,-0.1416970799186327,0.0611473447647835,-0.1792961069246615,-0.1217442501096907,0.0034639820739935,-0.4459396487987717,-0.0713299704161994,-0.3156391057924327,-0.0426948607787372,0.225441987839603,4.9464746283333385
Li,Li1.12-2.75VF6,Li9V8F48,Li11V4F24,mp-aaacoywm,-4.322006870953159,8.560031464560382,2.5042717326113504,-2.945234355226252,2.733741212947223,-1.1246538356211588,-3.197885907043003,-0.908614713944111,-1.1695088454440417,4.25993429225101,-0.3939928538692075,3.2510070346675786,-3.0935002035970256,0.2113809772126979,-2.774590880278508,1.443489588409124,-0.8182896234403024,-1.065049516501512,1.2935889340471884,0.2640932816490693,0.8388973103583806,0.17065819294216,-0.7395667469480034,0.2573705314157313,-0.3442980866221835,0.6997236069344978,0.4313384563609604,1.5824107321525689,0.686591569466212,-0.394545335756844,-0.2066033064110994,0.2906750250678671,0.1841243211913258,-0.4607016780249204,-0.5266803733376015,1.2765226203338291,0.5453456678958325,-0.417681618577669,-0.2603442572634779,-0.9192529691842156,-0.2458233711649083,-0.2255171630298733,-0.5256813195333213,-0.6211664045187255,-0.5609600499285571,0.0469208914833752,-0.1974750402921873,0.4349523945297048,-0.3207173471085294,0.0284120053057891,-0.1974750799678179,-0.0700207694624767,0.2641139179383087,-0.0738784657437556,0.1918677470434079,0.5008929671966246,0.0628112013135503,0.1105784173456494,-0.1514058403401933,0.2148071958868169,0.1437341901367129,-0.1912580904169407,0.3484343213980288,-0.2526412267195691,0.0168417105630157,-0.1284277590025535,0.1698010226493719,-0.0411577399714952,0.0054363369990168,-0.0538281632848564,0.1163331787915622,-0.2206558745037486,0.3007822364767173,0.2691951871897107,0.0650034908735687,-0.0544132649723802,-0.0171973968197275,0.1151082068869601,0.1600278875646271,-0.0462006946804164,4.280503367179488
Li,Li1-2FeSiO4,LiFeSiO4,Li2FeSiO4,mp-aaabrpxx,-2.497227518734975,4.765317568638308,3.883856415609968,-4.351336605304888,0.7497931348826495,2.37687358812491,-2.1596995754969277,-0.785578836320665,-1.94162276149648,-0.0369723429033199,-0.8323001745538948,-1.5628241582317404,2.2103788591276783,0.5698571903169266,0.0931086508826518,0.6161909128143864,0.2159033128347482,-0.1250192392276056,1.9952588297006275,-0.0926534926307422,-0.5440270947691053,-1.3498778551260926,-0.4065183408574863,-0.081714679111541,-0.3779768213156371,1.164729407385071,1.0390992858333472,-1.24908514619778,-0.7594096154321467,-0.6887697384700769,-1.1006047569472106,-0.4826792456994495,0.2483639783201678,0.4589597004109927,0.633564417848519,-1.2848833192867968,-0.3872260946738318,-0.5889985928044655,-0.152805440195812,-0.8838915822186678,0.941839045229834,0.4371457695225307,0.0164902434703851,0.3003125771640305,-0.9445458759084776,0.504948160074998,0.1716774257761583,0.0048252755893352,-0.0139494030158037,0.0129867990390972,-0.2014986501199404,0.243234296472882,-0.190829593826375,-0.0555626123457895,-0.0650371464374846,0.0711736783070828,-0.1794143178742378,0.0718237568917493,0.1387122649888905,-0.4267435273782892,-0.0464185230405157,-0.0981453350978142,-0.2004961613646432,-0.4079648358043748,-0.2274300952077599,-0.1448813026078336,0.3673411334365577,0.072638696071984,0.2321900653435863,-0.1458469604149071,0.0607568752066322,0.0310139789836093,-0.160828693033319,-0.1024350551034174,0.3386539314589029,0.0377817307439365,-0.0109265053763741,-0.212380820300921,0.0065457524491603,0.1776959337583418,2.993815778333332
Li,Li0-1VF5,VF5,LiVF5,mp-aaabqvue,-3.478114960176497,6.043214319534144,-5.629595159968064,0.2585178297763171,1.2569515299463816,-4.877183777561557,-2.105451234429915,-0.6915958454078651,1.1252369945768563,3.7770975846880783,-0.3371191754382635,3.0465992075953783,-2.22071416679607,0.4081155386322449,-3.2343709411676413,1.316441555183355,-0.3641370752510749,0.5921876562450724,-0.1242799704541149,-0.758869168999376,0.3066438086272173,1.4899026075616617,0.7899195354512006,0.6188206277447672,0.4025298329018684,-1.3190620248354097,-0.1505269901673467,-0.3619646931144172,-0.1574754037271289,-0.2828439356341676,-0.390315864743796,0.0217749326051787,0.2020224494777759,0.3068304238835344,0.0609001312460966,0.3342302066348108,-0.1900388019885082,0.360575309067017,-0.1685799416592659,-0.0687272150715987,0.3543840373527226,-0.1022817946953343,-0.0591996567949547,0.4851200808776412,-0.4944614840419012,0.2025477307345438,-0.2373035365258622,0.8122623585935557,0.3618069827401259,-0.5429807755495923,0.156450934967794,-0.4038383198258498,0.0225341094757469,-0.2230393060601651,-0.2268266880719346,0.4143466497826445,0.2626459649746382,0.3001314457017816,0.0767681928547617,0.54045171923532,-0.0295178643110657,-0.2003956985796426,0.1802831780141894,0.2833641679252296,0.0309448894937093,0.0689514770539928,-0.0584495275961073,-0.1340080721175969,0.0597969775359326,-0.1638436399499918,0.18584880176877,-0.3008505373426493,-0.043114305111214,0.0268694874445164,-0.0634405472176588,-0.2233747444210774,0.0412756922800827,0.088035279764963,-0.1585189474404904,-0.0103909504482928,4.873892218333336
Ca,Ca0-1Ba2Fe2CuF14,Ba2Fe2CuF14,Ba2CaFe2CuF14,mp-aaaczlwu,4.183601923587853,4.462129520077262,7.40038847985265,5.905492720502258,2.460558437603599,-0.2315557496017528,2.4188146941078514,-3.4769182905789373,0.7951147857920267,0.0540488616129939,4.501852328796187,1.683147548149823,-1.3742011117788238,-1.235038039001731,-4.881165381992152,-0.0314997024206547,1.3969727352280212,0.7398498505091285,2.1109657727305104,-0.7409909290544986,-1.6161583829292878,1.8993522642135343,-0.0597214237061115,1.0503317381789767,-0.6172962938206118,-1.3315252391249108,0.4539025990284912,-1.0364875362068309,-0.0860758216589193,-0.2856928719350306,1.000592100289916,0.3616361533303686,-0.0330550303462341,0.413414843052482,-0.2297781499531885,-0.1206538985788532,-1.448697678285303,0.8309494366070951,-0.1643066335284336,-0.3593182536608213,-0.0977289250579072,-0.8183842784349747,-0.9180514155161068,-0.0468956750393879,-0.3555282290590721,0.06135380967818,0.13168083472816,-0.5694856920488025,0.1269858200834616,0.2214903043117069,-1.3488067021722618,-0.2906428969264022,-0.3105874670559324,-0.1399942891331303,0.240258358105381,0.0180521739962698,0.0867193126641936,0.7571548627409552,-1.0083056498670198,-0.4734888523186879,0.2630102075870288,-0.9409211479868516,-0.6796554076624179,-0.4264713229230177,0.3500643825297841,-0.5203257104032478,-0.0005479945995088,0.695369964444531,-0.1813372566335368,-0.2066081068246773,0.1524559383387466,-0.1347647329254612,0.1947626672234971,0.2830299740534271,-0.3034270845774642,0.3344840994036626,-0.0509685055996254,-0.3204783709293146,-0.3258854387603338,0.1883378748515212,5.856193725
Mg,Mg0-1MoF5,MoF5,MgMoF5,mp-aaadcawd,5.801558598935896,1.7068628669032506,-7.567935364907345,2.773118069556239,3.0709700582923776,-2.0332925557591293,-1.286817822833423,0.0409484980182204,0.9440503415929212,4.37723006000318,1.2207309246822886,0.1030741967071614,-4.019079800852481,-1.9660090501051104,-4.106980129581346,-2.085108338473569,0.6666141733414767,0.3107049210420956,0.9783916743463223,1.9090828737555048,0.900257978623333,1.1692138126749965,1.3915487563539932,-0.2686446860761884,-3.3111801743632654,-1.066817265035849,0.733384109163368,-0.524756709872693,0.2789833865692806,0.6315884648890364,-0.0178812530866944,-0.9363126529574846,0.4487044116711611,0.4203585718693455,-0.3771122101976052,-1.2098594958041626,1.5532978386288951,0.140424719095026,-1.368882202659162,-0.2227143497324812,-0.0554761599856331,0.5904924046114787,0.0179652446031086,1.2043930314790237,-0.8900757643845505,-0.8690387450790792,0.9239958697368696,0.9588666818152792,0.0327698971633269,-0.7822177572676655,-0.7300716279262585,0.3065461109228579,-0.2246602532759886,-0.0232160337372544,0.2246730162693749,0.3635329913507952,-0.0118198359280498,0.1764805576563402,-0.0329515886118036,0.2874982374691744,-0.1858529044271036,0.1333886082301481,-0.3359295284465751,-0.3694696392373335,-0.0671094484569107,-0.6770179168565038,-0.2931617139094968,0.1359922676395369,-0.1030627735011837,-0.2194734586972069,-0.3063549218327591,-0.3800592417128537,-0.3716801463284012,0.0080217631962636,-0.2168112790243666,-0.1964101358836607,0.1507570498944787,-0.1545981000582842,-0.0975279073603662,-0.2769675181532587,3.332522872500001
Li,Li0-1V2OF5,V2OF5,LiV2OF5,mp-aaabrkzo,-2.6287418301014163,5.6693780829490645,-4.72158004907506,0.2076247460643563,2.1107788229325988,-4.903340282703322,-1.203862473762567,0.1011157921681709,0.9178724540246082,3.691985307400015,-0.6288563267940294,1.398137279704719,-0.7290523327594126,0.1415508010294489,-2.985296545588278,0.4633650364960144,-0.3183978164788124,0.7275497865354237,-0.0823075326918999,-1.1786576414713736,-0.815612867666029,0.2520784329126037,-0.2884723058535235,-0.4628494586318806,1.13592326824809,1.373465995504361,-0.9523902132306424,0.1245776818262039,0.4573967144553142,0.1927015886656836,0.3510779429654815,-0.0310468928231915,0.155679141330312,-0.3193944012067305,-0.3871016002326611,-0.3585172830077786,-0.1078815016235759,-0.0742739728218777,-0.1446778302594087,0.2004112963082035,0.0660777445097567,-0.1805561453601808,0.0699046528405044,0.3663175447819999,-0.2444664385725928,0.2084836346646592,-0.2038793043026568,-0.0236272171737699,0.3968978355562452,-0.076338696140524,0.1153238172083613,-0.0203230260389586,-0.1080193832721235,-0.0300082281438885,-0.2926358740322799,0.1097621515342532,0.2533003577158521,0.4554229450938073,-0.0176712958323786,0.2242051317467636,0.2225645670955306,0.1428509035268399,0.008093104857554,-0.0983124063008616,0.5072798108385231,0.0919226038714734,0.0755413419544103,-0.0156618596696728,-0.1265223645398476,-0.0417734010483392,0.0691930264495902,-0.2455198214738774,0.0197821112870845,-0.1412776512652868,0.041769372572237,-0.0337844316454034,0.1458904006465699,-0.022311668995415,0.0805464328003251,-0.0872530635691698,2.801038180000003
Li,Li0-1NiP2O7,NiP2O7,LiNiP2O7,mp-aaaabvwt,-3.60967031931986,1.8396118371438697,-3.956469136702042,0.1828714270442329,-5.14356662970025,0.9124745434315952,-1.3152628364146104,-1.960192969053622,1.011672149863463,-2.680164811631041,0.1183729870596302,1.5341968043100391,0.1176370941096881,-1.1002381518959694,0.3950081699216631,-1.2917791173876465,-1.438488966993462,-0.8562673223485965,0.2250891718377647,-1.3517598153347343,-0.4103383392357544,0.41587139033793,0.7268213704674719,0.3445652320563091,0.4416117644851601,-0.8951841099002864,-0.2658574005996,-0.2592839067538552,-0.1184242046421722,0.0930788581662557,-0.0626794789993415,0.0185280881389671,0.128488116141038,0.2005923516766958,-0.0058550586292176,0.1894729212057905,0.7921453558289776,-0.1671365669710642,-0.294602176447832,0.2892501122028156,-0.1501100400815415,-0.0928149129353202,0.2016569428907689,-0.0599858000260706,0.3188895901391426,-0.0499616679596846,-0.0064899440400147,-0.0445868391069022,-0.3253259522365473,0.0477854583143922,0.0039537786928964,0.1102402277662297,0.0859905718586983,-0.3130404836121663,0.181546915891505,0.037776179968481,-0.0080010548553619,-0.1644564666479576,0.155303116371107,0.0161636488899919,0.082135180747994,0.0030340188741996,-0.117233215513054,0.0564910356896293,0.0643376491000726,-0.1516920153063512,0.0176912462100322,-0.2722757573024255,-0.0059082464879845,0.0349183877958323,-0.0333118078423312,-0.0605251980225037,-0.1416189287603219,0.0046756727543433,-0.1396080670421629,-0.0186424086472826,-0.0602702279212496,0.0372533013876659,0.1398589226171638,-0.1147669119366603,4.824455048333324
Y,Y0-1WO3,WO3,YWO3,mp-aaacxryu,20.37528929606181,-6.073360891866059,-7.168347245334459,1.0391450965487077,1.295312486884946,-5.048097483208041,-0.4095653253592152,-0.6357463580597226,2.00085556074427,2.2535897122843096,-0.6083255298645047,-0.6586540905118304,0.3808210714624133,-1.1923085373191815,4.001665556814729,-0.3564415847127457,-0.1744383399524175,-0.8071254751629281,4.545677855226889,2.651050341880565,0.7299973661887684,-0.0167453215848556,-0.4363126448926206,-0.3239808803650294,-2.1333065374952147,-0.3846850634938855,-0.3109221530058574,-0.4331942241527144,0.898955921847543,0.9519609092875512,3.540187923405182,-1.436879795841319,3.201568933834389,2.117255937920353,0.206924558909287,2.951950032668088,-1.0167501350783223,-0.447663142128842,1.4785062926746797,0.711696373011137,0.9240911710356872,0.6545270890628184,-0.257384651607524,-0.7492823836839573,0.0563733256536317,1.903855033320772,0.2048471377194,-0.3285268011444657,-0.1062892640919567,0.3107541302143133,-0.9441447066187976,2.3728790254729053,0.3824538494731506,-0.6436757161228206,0.1618977006375742,2.8517067334313557,1.0547618758605275,-0.6398512200018895,0.462508532285583,-1.1449179944171437,-1.3501903261051706,0.7588501323286806,-0.5063888703846668,0.080740077727322,-0.2766387286956265,0.369442588349257,0.188646278625771,-0.397945230667969,-1.233005988494671,1.0918476204885987,0.6734371812037169,-0.7112735383267277,-0.1219754612296069,0.353136206442957,0.1400999997366532,-0.2862779094191927,-0.2439939235043506,-0.0991559258728525,-0.4151216064369226,-0.9912697209015284,2.98514795111111
Li,Li3-5V3Cr2O10,Li3V3Cr2O10,Li5V3Cr2O10,mp-aaabwiny,0.4277920116883231,5.2404007844330325,3.71180878121317,-7.065104328192283,2.184127446997543,0.064631827159803,-1.7101613423506077,-0.3347431465423895,-3.710881317747151,0.7820977205014447,-0.7037946912133594,0.7545705984909628,1.305690664230606,1.338546189424466,0.1852471173504714,1.9154151228673555,0.2656663872069537,-0.9291957523831842,-0.3323121839698392,0.0759338229745133,-0.4893785866920397,-0.5752099583149703,-0.6275711966748013,0.8417740149831255,-0.6828170680103229,1.864127600641852,-0.621688442461644,0.8552820374912801,0.5348028899634584,0.2466167605270549,0.0446518577672221,-0.0531850521670356,-0.2332127464287926,-0.669597705912553,-0.3701867160584685,0.1506820072040255,0.3292204851966704,-0.4093571852403531,-0.0496989570080023,-0.4820245920338447,-0.2668944269420693,-0.144205277551939,0.1941704403914739,-0.5008840922402453,0.2509193354285821,-0.4688401789890876,0.1079678155687543,0.1377906413928388,0.1894941879733503,0.2279057107030839,-0.098331024646078,0.1259578289582526,-0.1240374808986364,-0.0104998558985768,0.1349570339168985,-0.1533372954229659,0.2010534994709763,0.0309690531315868,-0.3560689489403313,0.1290005141125476,0.1465254772954854,0.1908469109483666,-0.1976349704906918,0.2423562711139064,-0.2940117038832224,-0.027855073100304,0.4152204661701023,0.1472292687144417,0.0628405624845186,0.2049450133559975,-0.1016213561708262,-0.1112878908271249,-0.1693596708651983,-0.0331767467387927,0.1142380793342281,0.0842025022483123,-0.1476517532643751,-0.2370637886915308,-0.1165746529655442,0.0364959182419447,2.808192085833331
Mg,Mg0-2Co9O13,Co9O13,Mg2Co9O13,mp-aaacymda,0.216240625973107,-3.2998539945161056,-5.868050257604987,1.657321698842171,4.118858369872026,0.1960382663401192,0.457542613354869,-0.5742595743591232,0.4981684440892317,-0.0775973521314938,0.5834375812456942,0.161483043687224,0.4769021875953645,-0.1687889493032677,1.894517796084061,-0.6812381411613162,-0.5054850982761041,-1.4396198447158186,-0.9038377348480302,-1.425847512026537,-1.5514318664257214,-0.71836132144466,1.434320559783829,0.3284590218123279,-0.5695242074795465,-1.299045111846742,0.0299153940119198,0.3857419121413764,0.0850537643678351,0.0090715283205582,-0.0736306588201295,0.0947970255383003,0.1419682336071113,0.0935899468550675,-0.6821202221836805,-0.0132521855459617,0.743939943299925,-0.0751910354922721,-0.4428947861748407,0.3901353901614258,0.2340462396583378,0.2606327942065665,0.4537470400766718,-0.1330835583820774,0.5557141101527874,-0.3199824937226458,-0.1775533582751266,0.0618864767145776,0.0240316114579162,-0.0143359745886007,0.244345624018968,0.2988089261266395,-0.1595319584669201,0.1651178174979237,-0.0418117652955446,0.1273823660237089,-0.1025689082621817,-0.1020740294020794,0.0049685377600018,0.2542432517595933,0.1835332879926631,0.0857499501266299,0.2573117387337662,-0.0974048679405502,0.1910880528098254,-0.1568426579280049,0.2481686207604486,-0.0856867072942942,0.1484280826015677,-0.3486267206381628,0.2450125330971519,-0.0005875258095609,0.1631145028584968,0.0321665434574264,0.1140815647288931,0.2134017217919946,0.0967722145041957,-0.0949128006253339,-0.1665039508887482,0.2329010712138576,3.238373990000004
Li,Li0-1CoS2,CoS2,LiCoS2,mp-aaadbdgn,-4.792834359946572,-8.44828106749776,-1.0254644644908648,-9.00793449878294,-6.750774456970112,1.3926583480234986,6.303934480749136,-1.0168797396887808,1.4393469122130114,5.85254885848132,1.1566777825581795,1.922622705499328,2.601957265220475,-0.4546710861564362,1.8021235844832024,-0.5483933284879771,-1.1034134883282607,0.8067888427070582,0.3578919958474103,-1.7038063351252577,1.806642577116435,-0.2709305015096339,0.1114919050419579,0.6871930184169989,0.3463730259145755,0.4237691824202935,-1.242014436802516,0.8315618662961314,-0.536798863084472,-0.2667252042592162,-0.8114143776577015,0.4524145425189727,-1.0415190915753807,2.222157145842151,-0.6802176885491319,0.617689410637363,0.0926813534944274,-0.5951503847771227,-0.2653178590523933,-0.1214934665053103,-0.3231858647187322,-1.2834371788489802,-1.0551520389213942,0.7787030820035694,0.2223071794759064,-0.613832408406603,0.1810525814911473,-0.2763420825955766,-0.4547980756352173,0.4749053716222946,0.2187695973130675,0.3969520121883289,0.4763787008694086,-0.1086167597093797,0.2339994843678423,1.1756030667475943,0.0663116215821142,-0.5584424585136846,-0.560523825468294,0.2124588023170296,0.7572077676162942,-0.3050407962982472,-0.3687886229703521,-0.6384028411988679,-0.0656684850315814,-0.3538860407032074,-0.6108600868027361,-0.6197750128862743,0.1447803683529301,-0.3456828902093442,-0.1255450186038484,0.2034039139767254,-0.0487796437499,0.1832738682312704,-0.3425424795297519,0.0921663654003898,0.3800881436340217,-1.048108190034059,0.0522419868482656,0.199654372112096,2.052771425833332
Zn,Zn0-3Mo3O8,Mo3O8,Zn3Mo3O8,mp-aaaboskl,6.975260397146267,-4.517634535376835,-6.8667611601867655,1.8943150296781528,4.644346356672576,0.2350862130713391,-0.2897233354182821,1.8169726254001155,-0.0708901505286195,1.148447394724763,-1.9391037496418635,-1.1610818781521333,-2.6023369256715703,-1.072391603844313,1.8885491214065997,-1.843138294904344,-2.581320539703017,2.19289334533808,0.5628146709441237,1.9417107330028671,1.4239596761684985,2.785800261858061,1.3539527685846169,2.624941049753668,-2.4415908443723207,0.5080842340958431,-0.2766934500204329,0.0996081139938192,0.4902540910326697,0.6487284927196296,0.8452593009405226,-0.685571519064881,-0.763455282164447,-1.063041322689889,0.2411102489609749,-1.2143111264757482,0.356676728027842,0.062006116490468,-0.4924535339947126,-0.8682744267648081,0.0273203349613957,0.3026244022165323,0.2275870251949276,1.458337107452487,-0.8393042195425656,0.0522044465762184,1.0784349106054114,0.2823208469840335,-0.1943885013531234,-0.7781264997055519,0.4836251697022269,0.2708231478487479,0.6603245573982075,-0.15809953387308,0.7721816039014935,-0.4660392480621041,-0.2784461301415553,0.070235427487982,0.0770169437571365,0.5235766162886677,0.8806442292337013,-0.6873016658368347,-0.3333665239723489,-0.0455667020895964,0.0914141297463637,0.4545133020440944,-0.1194384248330984,-0.8206016564928986,-0.5297309593694478,0.2186769444869621,0.2986190498873859,0.100570206247525,-0.0850981750836796,-0.1472026311396419,0.2476207537024362,-0.057111329593403,-0.118835263637456,-0.3154220025070652,-0.6232073438227137,0.0947575272295974,1.160190531666667
Li,Li4-8Ti15O32,Li4Ti15O32,Li8Ti15O32,mp-aaabrfuk,-4.024770103702082,3.246551890365317,2.6990670986825687,-2.651456019060541,2.4575985533940967,-0.2602978100332767,-1.7830973961179517,0.0753562436206633,-0.1412649881206992,1.564336712598438,-4.53923942040011,1.6427430559282834,0.8181259588608801,0.9616310246488732,0.7423564038444329,1.3979166992418284,-1.2423876661379327,-1.1405776361284177,-0.7534244295202003,-0.2959948804821445,0.7663809032483709,-0.529470184039306,-2.3476359285522044,-1.174522495950398,-1.6729421269005418,-1.2198004581391904,-1.0818970455801966,0.6818247553199487,-1.2682225930374609,-0.7182586355797951,0.1629314919332556,-0.2354968768277789,-0.3099007057797561,-1.2992918336869097,0.7500869967826533,-0.2431255316083014,-0.1860974680950169,0.1087177993889229,-0.0830139085575137,0.2458454284067735,-0.4131288154180359,0.3470221304285203,-0.2252577379917517,-0.1929554822956425,0.3132042328732228,0.064559478265504,-0.54183429411988,0.0552327283895609,-0.1451165516063262,0.4184133197368963,-0.7180441347353814,0.0706696787852637,0.158304044094281,0.3821622936875158,0.1501721842920115,-0.6559720728088784,0.009240737053928,-0.139216573361545,-0.2438833588899402,-0.1558351790768712,-0.2195247521782945,0.349729149600351,-0.3058558338322667,0.0293731050354968,-0.1102141443623834,0.0327505560010202,0.3838686558768395,-0.1008085231696028,-0.3972481642063141,0.0611632094387546,-0.2043603702018674,-0.1000539390434897,-0.1499775524941871,-0.1632973867534667,0.1267219483559254,0.0114132500922428,-0.2415793514494912,-0.0819724640961348,0.0457551124289102,-0.022624708169561,2.684563500833338
Zn,Zn0-0.5CrO2,CrO2,ZnCr2O4,mp-aaaczhsu,1.9479073648281664,-3.252693570576102,-8.858152889321621,0.4281959152950901,6.113540562360879,0.2111146661219125,2.3289260547113635,1.789891056326005,-3.626383869041508,-2.0385236093230525,-0.252520571404384,1.1720255028574529,0.3529540447387939,0.4947700674535632,2.277954947873916,2.2376877961269286,-2.478584910921048,2.9310214708237377,1.2387834527431727,1.7572773977930352,1.6079590631163254,0.047101799556615,-1.4420598034073016,0.7077801957837956,0.2982981346423402,-0.371213222365743,-0.3497697423519211,-0.2249544840650154,-0.6118580491537007,-0.1464655730603377,2.0222405640861747,0.4319216982552107,-1.3717006535535587,-2.264817547333084,0.1282283373532147,-0.214649332671707,-1.1590579437351274,-0.2995614174331762,0.5382271903650856,0.6514467317861714,-0.0538083297247089,0.0772123425151626,-0.4783589572806974,0.2593693779078612,-0.1271576613885041,-0.1284296011075207,-0.0784689528987488,-0.315502968363744,-0.4098294869206629,-0.4856738291214406,0.6119121536728162,0.0370307514699839,1.168548853972159,-0.506456280916366,0.2187382123368545,-0.4467515461299081,-0.7990157367440113,0.0431895961390115,-0.1021848782948623,0.4983628574456863,0.3764991554223375,-0.2901082780943239,-0.1931318897469241,-0.1315640785699787,0.095359079672992,-0.3348327025343789,0.1775034558329135,0.0943648047783731,-0.2143879297850517,-0.0631778841869156,0.0866724255536572,-0.3064546944371766,-0.0832178396536753,-0.2730933811349915,0.5250599887800286,-0.2631512133132669,-0.1561989282317397,0.4098051542011959,0.2371427689365287,-0.1519447773811806,2.19836140833333
Li,Li0-0.5ErTl(WO4)2,ErTl(WO4)2,LiEr2Tl2(WO4)4,mp-aaacrakk,20.996615251868228,0.8969142088550536,6.650941346922713,-2.490655549846893,-3.6470365885600966,0.7963555792166779,-3.471046870206599,0.2383711606096677,-2.2608101352956944,1.562450539867462,1.1452914217645505,-0.2347923649641814,0.6254521537729896,2.752656811037486,-1.318363502123247,1.3042297687657736,1.6977528724614563,-0.9210154785443376,-1.8429746901503867,-2.3967307543323333,-0.7631741503508649,2.8151965959626457,1.4773217829710277,-1.0696249382337906,0.4868471500992692,-0.0850855618087916,-2.116878811696058,-0.4605445878587953,-1.1937107842095565,-0.6106693257528265,-0.3582120185427258,-0.653450998599872,0.1055306791208158,0.0571270383726502,2.183858178719673,0.0768317352421676,2.005261244439901,-0.7125619829573544,0.3237564396101065,0.7705992857706229,-1.3973378752293992,-0.3419815016663906,-0.107605662124132,-0.0365594200863798,0.0942671857860579,-0.0555627082559919,-0.3969258227765228,1.0655653221958172,-0.0108814773583974,0.3245343973913058,0.365212008816677,-0.5175742001766667,0.4432111090978881,-0.0702300751149846,-0.6194941506752453,-0.3535876678290389,-0.4687802838673974,-0.3851929279911077,-0.2217310231088165,-0.7510905532336554,-0.1891615375277409,-0.5364901031233853,0.4939713468591489,-0.2055856158906371,-0.1090580790921675,-0.15974195572489,-0.8183994292549402,-0.6426215843525055,0.1038732722835769,-0.3929342542937643,0.0748171344798266,-0.5492393214764331,-0.1151060131983765,-0.4813801855949032,0.2092906785015626,-0.4065878635131733,-0.0102142337807229,0.4183805391628748,-0.1783278660529266,-0.105604664166857,0.36865653333334
Li,Li0-1Ho2Cu(SiO3)4,Ho2Cu(SiO3)4,LiHo2Cu(SiO3)4,mp-aaacqzlp,2.734232787568724,0.2641178201437125,5.189331577396507,3.753630927408664,-0.896226624207675,4.264297384813796,-3.340245640509842,-1.6816749428407407,3.4488959917526145,0.4562262251444735,-3.0304905290445383,-0.6429268790476468,5.605178594659099,-0.5392363013756013,-3.523923388038066,1.649703822678673,0.9893378727420574,3.027733910412729,1.1010496225737547,0.852949437486963,-2.529343143286952,-0.0242262073647828,-1.007064020710985,-0.8000800725362344,1.74442976164051,0.5203201444769818,-0.6023037900965182,1.442278157481124,0.6264362504564006,-0.4386005638127337,0.8095764849784505,0.3755701514798055,0.2803758944478705,-0.0298227707926132,-0.9483110481284772,-1.0269299623422814,-0.63866768648985,-0.4706081741593442,-0.9123936807125756,0.3051356872170744,0.3901237140595411,-0.8514510581288001,0.2501505492309848,0.8432448117281883,-0.6020026032527965,-0.5942772426066822,-0.4292743089432116,-0.6546845615462235,-1.2409968626594896,0.2017953315349845,-0.7028185432613355,0.4231903856271534,-0.6184487562539654,-0.5565074198108269,-0.5215945066910888,-0.4248454822302966,-0.7341718266665982,-0.3979338532639443,-0.304022696607244,-0.7834665600580013,-0.5129512264803019,-0.7104480583565208,-0.2104818869860884,-0.1135271751830456,0.3534119096672308,0.2603483825457434,-0.1590868223608545,-0.2940020631687911,0.4037754957849353,-0.3481731163147374,-0.1877459662645058,-0.4446237672800759,-0.3780134576034157,0.0075618072442136,0.5564085025324602,-0.4112260684927867,-0.4709377851263826,-0.2752018459713116,-0.2052951837785289,0.1802180945185112,1.777110983333334
Li,Li1.5-2FeSiO4,Li3Fe2(SiO4)2,Li2FeSiO4,mp-aaabshva,-2.60992064752469,4.979238241271878,4.405814403263222,-4.598647500039435,1.0421407251897898,2.60073384650269,-2.3330697271403227,-0.7486491988087375,-2.1740096710683705,0.1030306134875096,-0.8226020933654495,-1.4457416742099043,2.0079584717879144,0.4074558776913677,0.0445764658072323,0.3184082644078831,0.2844704813114005,-0.3296314293190448,1.8310391051504449,0.2083836612841458,-1.1711874703279848,-1.3955744476961236,0.4292336505922339,0.9895026683128676,-0.4112487194001044,-0.8047442425274824,-0.4995874086905952,-0.8566465079314667,-0.6223233181690133,0.3962334333325459,-0.436766469456978,-0.481889879215709,0.0381651499065359,0.0968625948196738,-0.1049808348878683,-1.403849023698736,0.1297387903768325,-0.664925936389356,-0.0199439233812955,-0.4496610185494326,0.7577800374196154,-0.1644895782370691,0.4809707396153651,-0.1627053747832706,-1.009899051080071,0.4323713548373596,0.3933138132578404,-0.1390520555506052,0.2517665980866352,-0.0074357795023993,0.0450422791122214,0.235549382972085,-0.199252239063991,-0.2476906914780464,-0.2872341942846134,0.09971052663951,-0.051548553637544,0.2684264107821644,0.2132504872127615,-0.3274549957907898,0.1703003149301417,-0.0168516429637197,-0.2435011025036603,-0.4512462933022657,-0.2945513518658624,-0.1072000702468183,0.3833736400485624,0.1209913817473277,0.2691724190926636,-0.1652610062455699,0.0516930358037871,0.0009741384251235,-0.2627451838615108,-0.0860322683618522,0.2481366444676405,-0.0367540598987024,0.0151196107596772,-0.1910143988019678,0.0157890119166818,0.1806618127805375,3.404060043333335
Al,Al0-0.5WO2,WO2,Al(WO2)2,mp-aaabcrsw,21.48912768546247,-7.325683599683208,-8.406277431918054,0.1013139006497551,2.164543458672062,-2.7545079361538827,-1.9544543759706257,-0.3361573408423243,0.9802529377522406,3.534752230311983,0.6592038876521744,-0.8447652543924298,0.7902076310130199,-0.384197731479943,3.563287468027822,-0.6291130523030971,-2.907202237817203,3.183008211307223,1.35698477358571,1.7348210876488532,0.0065769428347234,-2.592459366252311,-0.6929333341876611,-0.7445710128685473,-1.291800741387165,-0.0289284361876124,-2.1887674567413504,1.1639351305207144,-0.1768017570703411,-0.5532774608338281,-0.7791516200647578,-0.0494877434994384,-0.1722194005358809,1.3142006359762306,0.1437481829147076,-0.1957075327022988,1.084567587786187,2.33432001070087,1.7636220223731875,-0.0340240228391807,-0.7400501535481296,-0.1949444467018591,-0.6454830450717401,-0.5361298818734661,-1.481920646818612,-0.5824815772750053,-0.5437263989811111,0.6307381699344323,1.2964042376913838,0.0318985887525428,-0.6156208848741354,-0.0720674193549333,0.0053704359043921,-0.3259020619931012,1.1013995712298332,0.0956768037969764,-0.6244124101650335,-0.0645470987445841,0.8188468836945095,-1.3001446902415956,0.2562587672487469,-0.3405824491060966,0.2395168575101269,0.4802465239236039,0.1618685610172497,0.0739932160186127,0.361211487622436,-0.0263576075347515,0.3917850614585124,0.1355745962867544,0.1117062191992906,-0.2380273559153661,-0.4260993930779209,0.365177790393393,-0.1207759027840929,0.430170806580727,0.4328569316592566,0.0706639074243455,-0.1062532575920099,-0.3602497883661283,0.8731444433333331
Li,Li0-0.5RbPr(WO4)2,RbPr(WO4)2,Rb2LiPr2(WO4)4,mp-aaacquwq,21.138116661909294,3.397896079919459,11.07915443821828,-2.588772709633406,-2.967606174782815,-2.0121703439221106,2.635503312083761,-0.8178855257405699,-1.8969252628178597,-3.458943829695697,1.4675554220723577,1.6863918677849308,-0.4329471347692867,0.6619341094769241,-1.5965692872885815,-0.9762184511885318,0.6796953975715779,0.8237447401329668,-3.0238060606845263,-3.5853194349089046,-0.0853961179213747,-0.1099993864367799,2.2471230190993405,0.1134042227004118,1.1943706069475917,0.9492172523453064,-2.299536922678344,0.2393678027534858,-2.349190185975279,-0.4019424837430478,-0.1336240235793829,-1.0703204459775488,1.530082456699298,-1.19050988702112,1.383293906927309,-1.0584746164281538,0.6058517733886384,-0.0259355251857526,0.1679422328137376,0.1872418778025755,0.0152002243993243,0.7797124083985164,-1.090821230724242,0.0137972502514738,1.3153960570813934,-0.5602462405144419,0.0026443023189797,0.7006886874904626,0.7582838392612581,0.6193051852913144,0.1995415758128332,-0.6696153429141255,0.1872655531586162,-0.0852786301988232,-0.5895082572795267,0.5577678322893886,0.0682916085942196,0.0013921444863481,-0.4681484587079536,-0.6667340106913531,0.4587136993525176,-0.3758841021215679,0.210442489389425,0.1686834440739252,-0.606573635017032,0.1816904430984687,-0.4129457194369464,0.148846037875308,0.2796323312941903,-0.3130427261215344,0.4842607332191005,-1.2314751244971516,0.3223772793489154,-0.9015350573994836,0.2051521653744842,-0.5382989260895652,-0.174038144971874,0.7555621077764348,-0.0397120913425547,-0.2343485049494968,1.190390703333325
Zn,Zn0-1Cr5O7,Cr5O7,ZnCr5O7,mp-aaachnks,2.326424374325494,-3.6100176943859954,-8.822085108943437,0.1894274210862101,7.066299406506974,-0.0017012558574975,2.5578944728946835,2.029084402524298,-3.576782841353625,-1.6637630336466538,-0.6379132656411712,0.6912488275480261,0.6736618313940896,0.444712542717055,2.6763999089601573,1.7268661431444043,-2.370457662993668,2.495943969846224,0.8767963441614104,1.8588913322626544,-0.6566186352634774,-0.0599792356570244,-0.4563363362393305,1.5889610374589227,0.7088142537655263,1.9391772012254915,0.8416792376101994,-0.7133882012617302,-1.8170715902715608,-0.3323932675184517,0.761111228519196,0.4845021337764354,-0.9845437364403288,-1.0045548457315734,0.4913776714290299,0.4369240084528435,-1.5012022579126845,-0.1929270969704568,0.2273798596045609,0.5523113304186472,-0.1396505694684835,-0.259814419991309,-0.6721586264235725,-0.106106834775042,-0.0654446599207607,-0.5688687535100172,0.1870555209160266,-0.8319436904527003,-0.8796821191518496,-0.4128425909560066,0.7273961804877442,-0.0636535519862629,0.7874497101594007,-0.3741694178429574,0.1773105914962107,-0.4750282570479544,-0.9521946134509226,-0.1556909032864363,-0.1637332107159715,0.3024152290871776,0.0535564091450366,-0.1693931820907312,0.0975973977607633,-0.4410286793377443,0.5026638510189074,-0.492152683062293,0.319203945194223,0.0107768943385337,-0.1288709497718341,-0.091352889139737,0.2669481902879727,-0.2012233197479374,0.1496885877031533,-0.0924183866413044,0.7904243430689915,0.0033407955006666,-0.175812190767441,0.2877237977134261,0.4408979698632091,-0.2876801393928569,1.127133627500001
Ca,Ca0-0.5Co2O3,Co2O3,Ca(Co2O3)2,mp-aaachjnm,0.2266339609752788,-2.137518452293382,-3.715970295339853,1.345004709813535,2.64250913203693,-2.267574480954021,1.559201224375483,-2.068159042505609,2.595800421760508,-1.037618185848825,0.6588295474567649,-0.6814924163564242,1.7935896104685785,0.0390058497259888,2.31219556278032,0.0389917762962461,0.8101283981854576,-2.004774433745527,0.647546086092264,-1.046901970723932,-1.211691240965199,1.4861860056574077,0.2719230175092385,-1.0690718060300932,-0.0680840080432698,0.9623042272684514,0.3138021626925544,-0.6962517138903407,-0.1407361416402154,-1.3660734607156284,-0.9417558554744014,-0.2301871405394036,0.7948550747183192,-0.4147490929875781,-0.1550756589927366,0.6878415556581294,0.2182132397436876,0.6033848995199852,-0.3608700730629567,0.0271260808043583,0.5126157518840515,-1.0522562337243082,-0.142409069760992,0.2663134473240983,0.2425821025916085,-0.1138084542379562,0.1503325027479607,-0.0459228737258899,-0.0113441960501959,0.0444870104528821,0.6483420488198591,0.2221275343725995,0.0167477077288755,0.2231463247771743,-0.0800673731929879,-0.1831479341044664,0.2219343856712543,-0.2562688461456636,0.0888331165000007,-0.0131337891414018,0.0317537672392906,0.2362314361359973,0.2979944628341344,-0.0818040691681308,0.213828151413838,-0.1884140574930496,0.126911096905468,0.1533852042498037,0.0985828013814117,-0.145921615712749,0.0154191356099452,0.1166277527752947,0.0665197169572991,-0.1074337930953223,0.1281896739247639,0.2217988940349813,-0.0582889744107903,0.028245511157279,-0.1574226878578689,0.1464011065243872,3.8604076449999982
Mg,Mg0-0.5CrFe2O5,CrFe2O5,MgCr2(Fe2O5)2,mp-aaabqxrx,2.207014747834117,-1.123940239210333,-5.789556222210659,-1.0124488539522616,3.7989611612578713,0.013237183612655,1.84075099726845,0.6146821396550739,-2.5795489469669177,-1.3126279619529435,0.6334527568656716,-0.073857841936551,0.34396496553431,1.503180626104378,0.7568874021747201,1.5398767349185385,0.8224237778717494,-0.0294234280763043,-1.787552473752129,-0.6722547372329554,-1.41952711944689,-1.5023687439408724,1.3635565276091628,0.8708464914203062,-1.4979833848402233,-0.9607833316771944,-0.1759401296092285,0.4734804526970605,-0.1316202391677501,-0.20809302993602,-0.1506291511064849,0.0666042022348188,0.1004823819383216,-0.6015102299591701,-0.3119677723828556,0.9793809653949052,0.0763959558558169,0.3090291379406211,-0.6908902097060156,-0.0864161505518972,-0.3239088662047187,-0.3982018879290251,0.2047045588996461,-0.4207033261546516,0.0514729908190896,0.0462886262397918,0.3292460305958807,0.0677540351010724,-0.97625017308618,-0.0449398035535795,0.1816417010768038,0.0431668629314778,-0.0301785335583013,0.3822107832102296,0.0284032073232659,0.1345731565545316,-0.1201260568790754,-0.0923903847637128,0.0623796803965656,0.2437851338347968,-0.0053683426802807,0.3249453764070795,0.5058529086963138,-0.0647102091529811,0.6483452966434666,0.004145003067765,0.0159492760553665,0.2030496291860842,0.5101175483436642,-0.008925911197564,-0.0116163118917116,0.0945972272982763,0.2304871260430686,0.3150306843547035,0.1599143508127845,0.1378753893951789,-0.2330376726129217,-0.0967890753757906,-0.131165870831384,0.4468972801604631,2.387731364999998
Ca,Ca0-0.5CrO2,CrO2,CaCr2O4,mp-aaaczhsu,2.0117446037084665,-0.2277621127021291,-5.364682259147051,-1.5000569300555675,2.42873306467893,-4.335239316565051,3.295294373015884,-1.5727517972385916,0.2237015815214116,-2.454967340125301,0.245107334588241,-0.1751856333153915,3.592277281105869,0.6666383824068082,1.096840191915367,2.526522413560718,1.4897302240516892,0.2692490633692161,0.8652270303267283,1.5187964839157886,0.7145308260476032,0.2751821351620817,-0.5555672856085447,-1.6466876692882948,-0.7020345487420343,-1.071303955067725,-0.1805651565801113,-0.6377579907003974,-0.1784633791286367,-0.2099479384766446,1.0493568579264596,0.1752163148586616,-0.2111938937129411,-2.3123307930026398,-1.253788988099308,0.3653179335733977,-0.7051667005235454,0.1771755066529443,0.662826940961035,0.1023856388073946,-0.1657798014854949,-0.9603851220313124,-0.6538957998525123,0.1660067437229288,-0.4222342385409707,-0.2972626223970453,-0.5061136437971623,0.3095821173568951,0.5531755041198987,-0.2349910184524353,0.1554423638361439,0.2996868098549416,0.1216682661309121,0.0583194331550792,-0.0439293377644739,-0.4487913702670393,-0.0636900743753954,-0.0702620278958864,0.1209780145355357,0.2658644786102216,0.4212812051751188,0.0467370582864181,-0.0133402874520156,0.2957127581494884,0.1402292902130177,0.1085483109049149,-0.0972363935781462,0.0017508366636253,-0.1332625927288016,-0.0643310714172462,-0.0555432615662663,-0.0503868897613731,-0.0316552129835064,-0.0597358790916169,0.1000470704273039,-0.0343018906816404,-0.0885042025230864,0.1444556351419947,0.0147096265112424,-0.1729876572512852,3.6202713674999982
Li,Li0-1Na2CuPCO7,Na2CuPCO7,Na2LiCuPCO7,mp-aaabrrko,-1.104893104542486,4.855726766046404,7.055695824634485,-2.5151417037063446,1.3722303727549223,4.738175207860713,-1.3039958198077168,-5.192237425746226,2.621233325747504,-0.773900406852966,-2.006079385149186,-5.204593730787253,-3.138781773785819,0.8428585353830916,-0.1587900181438703,-1.2350225266639985,-0.9132676272232378,2.8592850217737897,-0.364755035071046,-0.1528195722149665,-0.4114201561110582,-0.0982144727406721,2.781975966873661,-2.2075923239277158,0.3448030072469568,-1.568296133774585,0.3328279199929598,-0.7130740142931317,0.1668078021893336,0.3720905774645901,1.1605923777583835,0.6624384802541705,-0.4225319629709372,0.129906728919199,0.7939068260570505,1.149863940979165,-0.9937002959313068,0.2737127677213279,0.2958356592092343,0.2926428574563666,-1.2882637034494229,-0.4622582502392813,-0.2133087348863132,0.2470511757667416,-0.2852882941460365,-0.1987291406827502,-0.7947567311961908,-0.6838269020575867,0.420283563988116,-1.1976156351543918,-0.0390194326817403,0.3257356486186478,-0.7019962761628326,-0.5787079098247467,-0.441382273378729,-0.1890135825673087,0.395787913152663,-0.5636586930509444,-0.10207507968238,-0.8207272300077604,0.2244995534135656,-0.0704709074686925,0.2591696406400641,-0.9484141417654194,0.5145423701417207,-0.3071341115667158,-0.5056463655254401,-0.0531077108865152,-0.2178184789828481,0.1620319126802024,0.3190969390517175,-0.1406434131558041,-0.1068558402014661,-0.3048310751543098,0.1921319367018441,-0.2941719153758632,0.1129476913064638,0.5640817570758265,0.2115587269763483,-0.019804499465637,3.464275538333329
Mg,Mg0-0.5FeAgO2,FeAgO2,MgFe2(AgO2)2,mp-aaaabcbm,3.219217686395894,-5.672064289036708,1.273923824282177,3.2068330996256558,4.461552153585391,3.970737510018499,-0.869700098039224,-4.1632056978639005,1.8307625677003725,1.3510783377627438,4.092511590079299,-2.3033570592179125,1.5158792589549506,0.5539110523500191,-0.1355771316126233,0.5569699500584295,0.8730574131389323,0.2291512567633517,-1.9543518322513396,-0.724314805218982,0.4696004166489095,-1.1465376852681728,-1.7815439738631236,1.8149198776612856,-0.4642366599350782,-0.6500708048370436,1.609779184268152,-0.9533496425309084,1.001929486701749,0.8807921314458117,2.764640364133497,-0.6805595809124663,2.952858435831942,1.998646843279693,0.4758676707174883,1.1482854616253395,-1.204672169835088,-2.1833619169198677,1.1185211074117265,-0.2818363299626971,-0.65989033605238,0.3755804804170409,0.6750472340737703,-1.063970510086533,-0.8877860930332016,-0.0601194894528992,-0.0121185658822648,0.4651658086657996,-0.0085219640124377,-1.1134856827941122,0.1460955948622783,-0.3120136006986269,0.7133579737507314,0.7909017728212543,-0.5834795401611791,-0.1275670349850796,-0.2032167826547976,0.0042706871939672,0.5334537128206935,0.5832393281362152,0.1840070240530512,-0.1938052964388941,0.1802445923217272,0.0485168221139698,0.3970464721499849,-0.2289714544309581,-0.3041613418880728,0.3529120177082598,0.1447162772834948,0.08543274226051,0.004081264304285,-0.4723751547970667,-0.0035850595352361,0.0566613571972798,-0.0927450725743768,0.1189494360141061,-0.050858607946357,-0.1455516616322768,-0.175064211225481,-0.1900093437030233,0.958701035000001
Mg,Mg0-0.5MnWO4,MnWO4,MgMn2(WO4)2,mp-aaaabcsl,18.96808426265494,-1.7614333586015365,-3.094092152646025,-1.6995072417714694,-2.3625027121929354,0.8148208667660197,-1.1521140369311529,0.727359280911344,-2.5562064156623405,0.1362188608980776,2.056794850505856,-2.188269946751683,-2.356855502548479,-0.1213175417905535,1.0388262680244271,-0.0912397584352349,1.0704563274382566,0.0066797122520272,-1.6932886006176704,0.2653009351251391,-0.0283808477826577,-2.064358512622173,2.689240239451064,-1.3995651644512328,2.546218209565981,-0.7823251693241315,-0.9329114663302012,-0.6658477839169126,-2.173355735498399,0.252112394016961,0.8175907177281704,0.5005732758996145,0.3502252840604787,-0.2763417013430866,-0.5513331661525275,1.5756206387374196,0.0328270365005071,-0.5093401588109095,-0.9874835720280974,0.6529971915770426,0.6928524599809102,-0.04299493499047,-1.0456697525836989,-0.965250222903859,0.4348708543793856,0.0134847414052913,-1.7979818443152296,-1.3629301236015643,-1.2976307671049905,0.6724761481046572,-0.2490287584798471,-0.9838402043790304,-0.1655184538216305,0.6353393594891555,0.1845574514829394,-0.136801802788907,0.0006769807955593,0.3661515612567882,0.4328416255451103,0.5067658207764801,0.5522439132035787,0.2330519387596055,0.1885584605778259,-0.0952890665439954,0.3863272690664377,0.570908527307162,-0.0385280278623085,-0.0892876833641315,0.2697045264390311,-0.1339567974636431,-0.2537209792463145,0.2176003362361387,0.1250477219190086,-0.012466442022467,-0.1491711578888849,0.0212462892379105,-0.1755769336693118,-0.4105521742002513,0.1364723592204131,0.0857554098824458,0.365967789999996
Mg,Mg0-1LaTaFeO6,LaTaFeO6,LaMgTaFeO6,mp-aaachkjy,10.709956728601249,-0.9957080972332436,4.794448807525455,2.696473158712487,0.4557589860987881,0.6984644076401072,-0.891941666096551,2.3113516625966923,-0.912648178013954,1.7818010519649472,-2.3058988175169715,0.3261797754460269,-0.0159798872306644,-0.8160052512246553,-0.7208204057636542,-2.389679067743722,1.0080558198967209,-0.9714576143518244,-0.183413153011648,-0.9543872492558536,-0.0292938862832829,0.115900612533136,0.9671028671365518,0.5958094878964816,2.044984612189972,-2.077392625042918,0.4253936265695652,0.3589862814036536,1.151962585198439,-1.4635768609512227,-0.970848843800035,1.0059330583446973,0.2748048766922936,0.5008700485210471,-0.5204107555518472,0.1261792246152167,-0.8356575989721822,-1.3488137274655294,0.8095956447661694,-1.126255300775589,0.075195297898502,0.2616560689919716,0.2049490625407677,-1.1102983104539783,0.2698091471262263,-0.2592294933947901,0.5269383710395028,1.031239652009916,-0.1363333796443382,-0.0518245502771209,0.5365257154377157,-0.5949081079719434,-0.5017331372652336,-8.378584899730667e-05,0.0936420183090392,0.6443705218800517,0.2770297339011464,-0.8985025440893162,-0.5551007321233694,-0.3031712947101685,0.0214440955423468,0.5382909599507932,0.6245135656405844,0.4113289072936597,-0.0998657365392236,-0.5013148351865134,-0.130030227834978,-0.8356723232844269,0.3736694788481149,0.2937895957234743,-0.2325722282657205,-0.2367465800873369,0.2332737959017309,-0.131882370224565,0.0297012064282482,-0.4103291159690185,-0.2076798057280329,0.3685587556398446,-0.0408421974721291,-0.2472786199821708,2.723479074999997
Li,Li0-2CrCo3O8,CrCo3O8,Li2CrCo3O8,mp-aaabxana,1.3527924508162772,1.59400987817342,-3.660491712622093,-3.499160397831461,-0.0185868683937328,-3.090111040332711,-0.4041988689062569,-1.3997684412349156,-0.5171490595140561,-0.0653120523549775,0.6650011791214384,0.233936931749708,2.4160269184542824,0.925256681800056,1.1975193503884265,1.9341725907992195,-0.0099170380998668,1.2951767928168507,-0.9626238598377196,-1.3542903549300649,0.4451488072578752,-0.5927284262544498,-1.6362652653038527,0.992091203194588,-0.7620191886621025,-0.3615109212542923,0.0639162708043849,-0.2008671087624062,0.7030135345787374,0.4061081125765751,1.961433106927086,-1.5213715325090016,4.012654352048349,1.4300439651787886,1.2104191372487902,1.3082191214677603,0.0087754945543075,-0.7062250927601895,0.3943787608347686,-0.1241222323000414,-0.1397493771635774,-0.498020974168185,1.0236369844803586,0.3011708164524092,-0.1223547105802909,0.1162588539704711,-0.3934731227292564,0.7245734975738112,-0.8935736608770519,-0.5266861887589277,0.8230302656936135,0.1501756900321056,-0.2146223817521147,0.1782728024511133,-0.5453729160346331,0.1225922482594952,0.3742120016821318,0.0856132874564725,0.0493214577832082,0.3159929613931242,-0.4698004490245662,-0.0284417770660055,0.1881694730151109,0.2237507277147132,-0.3967849270118346,-0.2891462682500902,-0.23482822091645,0.2494677996023349,0.0179228126643977,0.0207428776903449,0.3143401068645045,0.3083239912401605,0.1331182709231358,0.2635164145542122,0.1349283893399634,-0.0757171348884719,-0.0841997676757899,-0.1293472822890323,0.1382463759411606,0.4027167612676083,4.157515350833333
Zn,Zn2-4Sr9(CuO7)2,Sr9Zn2(CuO7)2,Sr9Zn4(CuO7)2,mp-aaadajor,0.0611581619398485,-2.5749534032346624,9.404161588258257,5.078383681332185,6.407723626021308,2.0324759811035844,1.732580998909888,-3.908502552332321,1.6971647013187934,-1.6363787307626736,0.3063811801316909,2.038508102913808,1.801674176836368,-1.3193033267462508,1.2422029075775165,-0.7414898067174612,-2.9533560235662795,-0.0668794493955159,0.091278875800237,1.501987981017629,0.0871723081978138,0.8803342548887486,3.1356041003271997,0.3563964382518166,1.037326308006156,-0.8465634975869767,-0.0363495827271694,1.7376825940274514,-0.7971788571967332,0.0381463431618408,1.8004470130224877,0.0605110618598933,-0.7196342443691814,-0.5428126406716127,0.9805588254058306,-0.0661689137346619,-0.420893127078898,-0.6297184732924037,-1.4421219582622815,0.307327866771318,-1.0920654331158852,0.1550482946725159,2.3196117268943395,-0.2140597522403548,0.3891741562350036,0.3946328437365231,0.6283880517856064,-0.1063520340729411,-1.1260315012899,-1.9278108485627548,0.5683197526102362,-0.0598722333584991,0.1560407014541507,-2.155491409334247,1.3021562994688758,-0.5390780660713308,0.5939994388773884,0.0028436713479335,0.1494770065352548,-0.4404079271621461,0.2412455990114505,-0.1372801306507533,-0.1466015687634394,0.2354212383237372,0.8237015712393604,0.9513049442634036,-0.5241132018378145,-0.6401242377426913,0.0937227853519029,-0.7150632551838747,-1.1647888437041096,0.7388611978971747,-0.4363806238086097,0.1448887825543294,-1.4656897683492012,0.7306629597264497,0.9880542695251344,-0.4620169667220257,-0.2954245020326884,-0.1572649503349961,2.273782754999999
Zn,Zn0-1BaV4O8,BaV4O8,BaV4ZnO8,mp-aaachgix,3.061655482303815,0.1367387794346058,6.081236354399801,3.2050956193096134,3.545513091197911,-0.9666310945477644,2.557474375208844,3.3845567310880784,-0.9640951058969538,-0.9042429478044622,-3.694330772275899,2.246086448357438,1.7524804335951325,-0.6671045417568024,0.0063208111127931,0.1142668522941688,-0.7472575043155716,1.7781184822158036,0.0930830827103568,-1.6979272429692631,0.1887517907269638,1.8493104818935655,-2.8817407987348806,-0.3655326806207625,-0.2080839179079415,-1.7442185018612546,0.3433895597586638,0.7427267978677102,0.242473437436283,-1.4890621531807346,0.7171700082880651,0.6515743497472531,0.5037812611694963,-1.6036607097994735,-0.5917554249599859,-0.6206792501079186,-0.5609838758008432,0.0367302898941266,-0.5319706991509866,-0.374849157515533,-0.187782250178294,0.611852678041067,-0.99316976151309,0.4722446554119494,-0.0224072375169902,-0.2376165896524329,1.0685874855238164,-2.263937363296613,1.0320349537191782,1.4110623300090823,1.0576137759771462,-0.4380709672223754,-0.1897409686128904,-0.5129200537370968,0.04634365336648,0.2109284280348671,0.7337627696265481,-0.6284151889955389,0.5716266999439394,0.7783578974127552,-0.2644998986488614,-0.1031292412344864,-0.0796248652793912,-0.2356119627498792,0.0307551821192424,0.4206947561529474,0.2404879891424932,-0.5289249342529168,0.3912689732802984,-0.2201747002314417,-0.3843697531591266,0.2160396782350226,0.2118471440130069,0.4520955997371599,-0.1600667832812007,0.2793213822649189,0.219389953516863,-0.1564251889843327,0.0119764946590078,0.2115791657189611,0.6450878799999981
Mg,Mg0-1CsBiO3,CsBiO3,CsMgBiO3,mp-aaacdyzy,0.5568843282061757,-2.768197317948614,17.26818018586676,14.289141626663492,-1.25991875079984,-5.61544918894615,5.943499300815754,2.200973154282337,0.306691954947521,-3.1729791216691807,0.2587112765427114,2.851964858999094,1.8115103258894312,-1.795690817017066,1.226719883625689,-1.2145734054136776,-2.3712412992330183,3.60455884195732,-0.1961998263321333,-0.5726209293813888,0.3740553674802084,-5.226654913142764,0.8728829607115776,-0.1478462126494303,-1.5092051228105818,0.8049710873367215,-1.5548423916972736,1.270990907968521,-1.3622323879381992,0.1371893455747097,-0.3618944538207525,-0.1632654819520485,0.3646643569420443,0.5612583118825146,-1.0311036791969703,-1.144809487247282,-0.1826543994608628,0.3621038387299049,0.905941425237534,-0.7993654317512683,-0.4163624971523427,1.3316270933662469,-0.2459449099064622,0.7825441333757175,0.6939010726622464,1.386059006352414,-1.1977166760157296,1.1008828760226328,0.6659706076941829,-0.3944271738513912,1.3742148150905524,-0.2810017948237416,-0.0389580396998839,-1.1365794732940528,0.2634721050808239,-0.4438247452359981,0.4982246844581885,0.2747416343356227,0.5389149921517278,0.0346711746854078,-0.4067642296162907,0.0093557404445676,-0.3879957881283608,-0.7943859009650929,-1.5519153352190744,0.1739170188091652,0.132340916072595,1.1560422539601067,-0.4487394588311488,-0.2040993132225076,0.4955241055521235,0.1205203051035253,-0.3578945706487915,-0.1010807052749117,0.7294382823154861,0.2271556243964991,0.1500304817556701,0.0793043308705944,0.2438796492220608,-0.526370431497312,0.6180516499999991
Mg,Mg0-0.25VPO5,VPO5,MgV4(PO5)4,mp-aaabntkp,-2.6196990521598136,0.0491382914595108,-5.382617185785406,1.4065867532963354,0.8481872542133121,2.4059610191870733,1.000315879571908,1.9308528381462235,-0.1732463632386431,-2.8965117760654318,-3.2747197384869406,1.277436519619141,-0.878000419420422,-0.7760800249314438,-1.9826174318704728,-0.6727413575565866,0.1513941791203427,-1.6571049281554573,-1.286246081909213,0.8361526595717992,-0.3872596187527311,-0.2891847379930781,1.0093143539775706,-0.5124329654288736,0.8256265543021161,-1.329469333756203,0.1989014235653694,0.7096278316706449,-0.5784054645194855,-0.0605661059904661,-0.3687787891489496,0.1308191281851013,0.3617928203957387,0.6103018193485533,-0.2085904752657305,-0.163704407366922,0.3210161820890356,-0.2662846377452755,0.7429025207469391,0.4123915747920405,-0.2807949375296837,-0.0509297176342692,-0.1290849235942232,0.0358334009085711,-0.5502537845485517,0.605815729360007,-0.4248699566671325,-0.5181087252953098,0.9101241291928222,0.5576701116497774,-0.0363477773009556,0.516620266944321,0.0984393428728178,-0.3052962970215523,-0.2318405079710783,-0.201228834866634,0.5680539332060168,0.2284455213627132,0.0153621241996892,0.3270391422171864,-0.2584193390931775,0.4187065260936303,0.1193487322026676,-0.4179303072053815,0.1124807997067454,-0.1201596145789118,-0.0562873063616932,0.1117936655128821,-0.0695025354802831,0.0450651056201793,0.4771539703144244,0.2151818254027865,-0.0267778553944529,-0.0958747145822546,0.1027409436833185,-0.2735759786475371,-0.1683253859873195,-0.2535098043525023,-0.157461911643593,0.1770188387609918,2.691108799999999
Li,Li0-2FeP4O13,FeP4O13,Li2FeP4O13,mp-aaackrnk,-4.934333139167007,2.5748233061863663,-4.099072137839024,0.1751570827814021,-5.481785788903079,0.4594584399708015,-0.8867493689287534,-1.1822788647592068,-0.1163158470584963,-2.637208403566772,0.4986818133719093,1.006153626067421,-0.2341451391400225,-0.9292692346133032,0.0063388913823785,-1.1717635990684536,-0.956737868679287,-0.3494806994693037,0.210774545473863,-0.9262574385480816,-0.1345053285979388,0.0130365756648418,0.1387092061580277,-0.7842013219497662,0.3262737874855061,1.306400335144104,-0.1356883047360305,-0.1109170848413072,1.6771703901703985,0.6097158514137605,1.373587665970139,0.4542979559778712,-0.7146788446729438,0.1646129959901083,-0.3694057979303236,0.948341128760254,0.2767199068377721,0.1170903415904397,-0.2535948850819217,-0.4793851131589444,0.1075342983914533,-0.0025616800531872,0.002507786654312,-0.4297849557650655,-0.5862917327511677,0.0854997878014125,0.3078276297744173,0.3802355644072377,-0.3399492166304474,-0.547038926839259,-0.1045279819746317,-0.340230620566425,0.260784790036792,-0.0976488879540432,0.2637578204450903,0.2410864271329033,-0.1646704798535888,-0.0722044532011503,0.1433250581005929,0.0470475574955588,0.0701874762156666,-0.4179014258233474,0.0936753376448306,0.0775375998472561,-0.0196008268011602,0.0494535631847024,0.2285108494220654,-0.0107005483401091,0.2314594919069272,0.1534424068286041,-0.158212211596959,-0.2810624637917742,0.2012045225102678,0.0115703649185703,-0.1421531381217002,0.1205105272590252,0.0071695326451595,-0.0412871729441029,-0.0770428979015751,0.0508170035919776,5.459704825833331
Mg,Mg0-0.5Ge2MoO6,Ge2MoO6,MgGe4(MoO6)2,mp-aaachjgo,6.009393848765033,-2.0949863013852323,-6.10416140833651,1.6991739401152424,0.5487123494839068,1.4478153315955775,-0.270787094514308,1.7000304820402974,0.9566913432875068,-0.4792586988168183,-2.497864133984219,-2.7051158310338783,-0.4015375779866516,-1.8711696509166016,-0.8125552482877488,-2.996685466679639,0.2457069799424426,0.3485978592751865,-0.1059400215153776,2.07289167188465,-0.3790645179183937,0.2183543125319066,1.3230425946068918,-0.7197387993363598,-2.8499521909750687,-0.5381894340740082,-0.4288282074604598,0.6972335479621264,-0.4592487260849847,0.9568645079398236,-0.3796987669070625,-1.4948258824031804,0.7458613313169155,0.1658750425498324,-0.4445402941768407,-2.127130843234164,1.0289881119777358,0.1672836664875491,-1.7887115939146558,0.643506396188013,0.4940950422860046,0.3703790429851883,1.279411696854316,0.9692300855190588,-0.645103666903978,-0.5537550070925812,1.0792187736895191,0.5902564204248019,-0.2183667120454604,-0.6639097026515194,-0.4692920255021123,1.0055140250643675,-0.1583239494830528,0.1955533992379745,1.313042557879633,-0.0904842710854862,0.3443566331758481,-0.0028933977416156,-0.1912430609172412,0.8543183276733495,-0.2622738796387904,-0.0179363324446731,0.1376895889219871,-0.1453093098460301,0.3772549457833895,-0.0609725480793681,-0.6803144311447108,0.7626553984634777,0.0393614241623457,-0.4130227075182967,0.3992685523676126,0.0401617296996342,0.0014433602924266,-0.0426153770765255,0.1868784354369359,-0.1960970198066302,0.1424031233169474,0.3255192274891362,-0.0149448315894145,-0.2249174126253084,2.198454289999991
Mg,Mg0-0.25WO3,WO3,Mg(WO3)4,mp-aaabrbbi,20.789071923301,-5.084620188118862,-8.927976788459262,0.5527714924897651,0.2170175967402661,-3.696207763911134,-0.9843454676014456,-0.5679732915679437,1.4422212374536003,2.620358197785585,0.1638225906779778,-0.0273904670035803,0.496334588891077,-1.449474772677818,2.784758364846577,-0.0391196930155846,-1.1467186228034618,0.9380159057002564,0.9624305158236162,1.7513226526189531,-1.4918883824091411,-2.869252404395412,-1.01471732974316,-2.126599733590474,-2.517095346429387,-0.9041519578478872,-2.084002376225322,0.9712564847367606,0.3751437301711174,-0.7505436411717936,-0.9213345855364414,0.1101919470445265,-0.1967331526610869,2.2758391940145946,0.0640568288403967,0.727305110498189,1.1677118097273274,2.1846272007173715,0.3805120929101372,0.8097859080863176,-0.3864052802999962,0.5012018910618287,-0.4089121640644416,-0.081241541011923,-1.0728739174832005,0.0467827307757789,0.10037728919855,-0.4473081523153597,0.9080464661102048,0.4502074398981943,0.2276215049396709,-0.1580876858833141,0.1942137714516465,-0.8970979733438916,0.4048069755364603,-0.5388154350030833,-0.0581057954813185,0.0200205752701032,-0.2127497999517484,0.0371979243304729,-0.2692472345183118,-0.225058714127244,0.7187081355967173,0.0021720068423054,-0.5342545625319184,-0.775085518561622,-0.3956486273462261,-0.5453266683044372,0.4937415175818114,-0.4578557844230245,-0.0543851321548332,0.243629202433643,0.7407938559578329,0.0894769373889319,0.1693153825550895,0.1707954879359824,0.1332620426566413,-0.2408504668551951,0.5265772947475302,0.507240942298689,0.8197398299999931
Li,Li0-4V3Fe3(TeO8)2,V3Fe3(TeO8)2,Li4V3Fe3(TeO8)2,mp-aaabsbzd,1.461627521783178,1.7278455613709276,0.3929358645694423,-0.2528560321458976,-2.018941626775341,-1.873456333914028,-1.4465521654253546,1.0867601218187286,-1.0477856385540476,1.2090504340092452,-0.3260887162636478,0.2220868566944617,0.5349483704157998,1.1676594284965194,0.2211736314045,1.1619664020423266,0.918468867488909,0.3190328700914877,-1.8212178271858808,-2.2056118788409624,-0.0704521482528196,0.1219272816694291,-0.4727404157674691,1.5652968023819729,0.1803779330303099,1.5206419182345252,-0.0334966784487576,0.8162677200610172,2.390316914012979,-0.3685981704163024,0.3207525175270644,0.565039378175919,-0.4870884719195708,-0.0447790436349684,-0.8032606472773162,0.4843227996924219,-0.1569421744988712,0.6274818066418396,-0.1472330618398357,-0.5926996944883586,0.6148676057153475,0.0779707539271064,-0.0899297473837922,0.2571923773384069,-0.7547166111908155,-0.1776662448195029,0.610324608578283,-0.5837484443646903,-0.0348270092241791,-0.2795831774997596,-0.4858040084539496,0.1974470609873828,0.2971633993298518,-0.325535644731101,-0.3122102277681391,-0.338454484880916,-0.4459477735621908,0.3328513583839596,-0.0321661037340164,-0.180691468239669,-0.0719233435597147,0.1527952578352585,0.13583698179389,0.3323471157682483,-0.1490734631566685,0.3248077278121207,0.0280218489973138,0.2253499937563687,-0.110959166747382,0.0745453827172226,0.0668837805679294,-0.1677290245180753,0.3636725812564446,0.2242519466203798,0.1503521679887434,0.1683527259725936,0.0260254839622594,-0.0068186710083767,-0.1187732433871988,-0.1484073578249017,3.307799478333334
Li,Li1-2VAsCO7,LiVAsCO7,Li2VAsCO7,mp-aaabrauh,0.0832895200089087,5.179288489276406,2.9574168655631325,-4.195324958328214,0.2313425051021847,2.890831926428307,-2.132287711288797,-0.2444371038380666,-0.0105128172553801,0.0732659416662387,-4.96520922959442,-2.5130949978965096,-1.170029634758085,0.7371758479921422,-1.5956653384667565,-0.5082917923957747,0.4734690165427636,1.5265553759321966,0.7057800015275746,-0.318770549450155,0.1922826550381016,-0.5490333255763586,1.1802100022820845,0.3395281736517083,0.2528795050850103,-0.7793991858849898,-0.7609287046080686,-0.1791986544770551,0.0339542820351412,-0.8175156903354137,-0.0799774729267095,0.0516999419699349,0.0080543578032485,-0.4562035102653123,1.3860291290504372,1.5422858083062132,1.616162317452818,1.2767089807855014,-0.3044000964785753,1.3911717067143874,-1.3755684321244015,0.4846489399138015,-0.1924506199276905,1.015648927695285,0.5704804596653916,0.2261887889670482,-0.8283538817832409,-0.5648105230374973,-0.0662492629262234,0.6433604359981419,0.2321633910958038,1.452454806527055,-0.786199754403011,-0.4065610663361748,0.1474548054254142,-0.0959127964610574,-0.1918451769171243,0.4174762653417869,0.3533328418400979,0.064281603151454,0.1431782529585506,-0.1796550470419934,0.478273299579271,-0.1238574729577365,0.1352200931467623,0.4329016631807102,-0.4832060106725059,0.2569546971017405,0.1137197728254301,0.111498278379686,-0.2694763017367877,0.1234418719597471,-0.4111035507079224,-0.0466908420341833,0.1879897638166546,-0.0434997334143643,0.0011623015150819,0.0855078535564937,0.2564936468553924,-0.0586638547424143,3.292125393333326
Mg,Mg0-1Mn3(P2O7)2,Mn3(P2O7)2,MgMn3(P2O7)2,mp-aaabnnlq,-5.226830827306278,0.1223890322069055,-4.878488197987359,2.9716873181986294,-1.0297254656280224,2.2784503025578635,1.409435553855753,2.4293763102921284,-2.5414754703066853,-2.5686480124683877,1.59953506705461,-0.6793351938512191,-0.9324551081999743,-0.9358830086335992,-0.2135455308899595,-1.57205147560804,0.3089811142772621,-0.8393436017539432,-1.5088067559579432,1.5794903591254998,-0.9402766886126156,0.2418417328935888,0.4436108261657671,-0.142431158529846,0.1030163480032658,-1.4022362380112978,0.8268262123822279,0.8621857838149956,-0.5581788132613077,0.2624905267895311,-0.5635259524969769,0.3672143634705782,0.4190563048058549,0.2595755547563371,-0.8727587989097046,0.195374466676835,-0.6748871113792558,-0.7495999530558788,0.3914484917661625,0.278235193619825,-0.7745300494144707,-0.1005666650235609,0.3335488436090182,0.2321740659539396,0.0337795312053965,0.0444496308018061,-0.1636522683449278,0.4412977508839718,0.7928622515317585,0.0540741692163745,0.1730742820132973,0.3098645196768035,-0.2687532833845918,-0.1451583459960061,-0.7305960653907874,0.2826315056413112,0.2472479153626836,0.2011547013119702,-0.6274493028129526,0.1325603105895463,-0.1611946665733511,-0.0673308608151603,0.3798912050342133,0.2781320471786437,-0.5682744170576371,0.5910875362733643,0.6976715892773202,0.2912941170108338,-0.1674487424313359,-0.1579720353044052,0.7273151065403342,-0.0063062813160911,-0.3100394613686031,0.129960512909825,0.2443330609404049,-0.601094625005301,-0.1574439388144387,-0.3112413750571878,0.0538063659597488,0.2682316932592009,2.682938387499992
Zn,Zn0-0.5WO2,WO2,Zn(WO2)2,mp-aaabcrsw,21.320096219657145,-7.8974549612721585,-8.796140550060256,0.840183152999828,3.323520092631553,-2.5697616715121696,-1.1384525804845376,0.907938902688892,0.0444956688252855,3.0656550276095405,-0.0639903450106345,-0.8608130105203611,-0.5527584914488242,-0.9647511625030998,4.339658393762702,0.2644251259253931,-3.956780038791836,3.357779871968867,3.0326944030356224,2.151043747480021,0.3663429923190569,-1.0019320719914002,-1.2953413434889125,0.4586504474715949,-0.7397161342072707,0.4477073164245539,-2.581303505990123,0.6790233725997036,-0.3087746014263136,-0.5837397513430063,-0.1342395421534557,0.1361917792557084,-1.0557505824805768,0.9719925731986928,0.5027772289985748,0.1573667439423721,0.9089785793947632,1.1826948463433355,1.3503920773597435,0.3014292882353487,-0.8320222918178146,0.3151074017021408,-0.9663748590734434,0.1019043200714414,-1.0244823591934833,0.7047442054189974,0.5548511962946936,-0.6459128758513263,0.3913694361069172,-0.1376440550143801,1.0144072244747544,-0.1655904301552162,0.916993674018171,-0.9833408297384266,0.5798028880512124,-0.5202086218531207,-1.0701933587153922,0.0442940253942483,-0.2820973327866869,0.2899760045658962,-0.0605164522252889,-0.7160879358533828,-0.3984177906965952,0.2085282191709809,-0.0590563223332046,-0.2879371192405822,0.6126665421694393,-0.0403224659242605,0.3190822608853623,-0.1186343036110147,0.2168495133716294,-0.3011788185957851,-0.3556739025525788,0.0243252583365021,0.4533371151625178,-0.1733760179541177,-0.1578003755914526,0.1370560591026688,0.3391975464375563,-0.0574500004040076,0.7684932350000011
Li,Li1-3FePCO7,LiFePCO7,Li3FePCO7,mp-aaaablpe,-1.3528811043632625,5.686237238010282,2.919850854880784,-4.560869196577323,-0.2906251644235851,3.000256309843155,-2.059502466179026,-1.3442782599840353,-0.9677780495462982,-0.2200222144161242,-2.8600258059454244,-2.8134076906574865,-0.8646427013347525,-0.1207283644412635,-0.4371206917595626,-2.772908718695009,0.1803356885055368,0.1170455627113335,2.5170402403017373,-1.5734362486625737,0.3284394920246243,-0.5930240336858659,1.4063004191695452,0.3209756756126654,-0.452746018187356,-1.2503207184709466,0.0144083616166989,-1.81582993594318,1.7607205243353452,-0.2571727736291286,0.0563666862530689,0.5422203242494607,-0.8132590890505331,0.6962113655250397,0.8817321994543763,0.4160935914834139,-0.6450134165431637,0.4122692264497731,1.1762142903038753,-0.088016464599031,-0.6920910219802331,0.8887302256812682,-0.3418376477044579,0.5777829911934368,0.1833688165144962,-0.344231102633963,-0.1078761340881889,0.2500742503580046,0.2667180772419737,-0.7089381359470948,-0.107984145638505,0.1176535880870169,-0.0737185050502337,-0.2204176637712939,-0.1460075116483812,-0.3556077700529936,0.1409583997902969,-0.1081132430417412,-0.0634039698298395,-0.4179789219703742,0.1655970896722774,-0.0621822127930468,0.2284943479137993,-0.3968921610158535,0.1361161444145954,0.2227418935268268,-0.3874110441381641,0.4323821683158997,-0.1123842584919235,-0.0929589113075712,0.169933215013725,0.1900002794037912,-0.0020390763009467,-0.0860443705788385,0.1754068835362877,0.0194484019321235,0.0979164477588792,-0.0859004868822422,0.1595335771140591,0.0594502974974708,3.820836932083335
Li,Li0-4Mn5CuO12,Mn5CuO12,Li4Mn5CuO12,mp-aaabraqh,-2.092922126792606,1.457592755120145,-0.5508115433512605,0.1346563943503943,0.1325863169499945,0.4307309459254307,-0.6597634602616683,-3.167285760122829,1.154451578739985,0.8922219797521364,3.974575009855272,-3.824339829382038,2.5445489728350794,0.405830972374355,-0.7962996496923491,0.3366309073936771,1.0890249688656255,1.626595655900953,-2.380221036381198,1.826420774525947,0.2307023342989474,0.8391293242932474,1.7686783878238843,0.974902240005768,0.4451493668021269,-0.8312908322443614,-0.7294828869977608,0.6093077482055528,0.2721789857897824,-0.8473136354192674,0.5260487233508208,-0.1465092380552901,0.0067683011585352,0.0355076463604124,0.8677048890983018,-0.0703979149563993,-0.0872455488394069,0.9162784420218852,-0.2086621116859884,-0.7477790221498256,0.0814582255885623,0.2193549412935177,0.207093169592432,-0.3202452415086741,0.3668932227446639,0.7479383413034248,0.090459816726628,-0.7335763148943761,-0.9367629107778648,0.5871338113222141,-1.0278601555168847,-0.2537228931133803,-0.8846497478127077,-0.975050621946802,-0.2217694747176077,-0.6147074082230178,0.9312132460684054,-0.9312301838748136,-0.6909916889113584,-0.2307140984452807,0.1497050320968231,-0.079850879980998,-0.9356874180662372,-0.3157907225131016,0.5923945732171838,-0.1395634124867855,0.1816356442635497,0.0302829344007193,-0.3932951752744661,-0.1070254108041433,0.3193240502109015,-0.029700134753354,-0.0902214397441633,0.1008256648124493,0.0489032579338707,0.3204641621409992,0.0010043258401671,0.1979141431523577,-0.3007501092642547,-0.5015211331798864,3.39711629333333
Mg,Mg0-1Ba(SbO2)4,Ba(SbO2)4,BaMg(SbO2)4,mp-aaachplu,-2.297606986240421,-2.491330560421126,7.803497412885468,10.510033833726446,-1.0942265484701872,-0.2581950591514286,1.0930180120197082,2.7501758190764622,-0.2763113263473094,-0.4672540394513666,-2.364036387249488,1.4298308304802585,2.1686890964636194,0.0174917160403859,-0.3195718041795181,0.287329146986475,-0.3752383659202824,0.6215845254182267,0.4973622365356422,-0.262570380818689,-0.9138319300478908,-0.2059665112070436,-1.6234442356031908,-2.41821947772115,-2.471323711389147,-1.308518098957208,-0.7462080044800905,0.1219516467706583,-0.906034156464076,-0.3401673540661221,1.7105568349426867,-0.1943752838825707,-0.495457378957214,-1.3576408290727284,1.0838344475679618,-1.241670816497868,-0.4035956074314778,0.3670096948181754,0.6834808524443784,-0.8419030107046788,-0.5166215930474075,0.8583804457504391,-0.5692318770806514,0.2518973584406012,-0.0382252989348124,0.4993401265254912,-0.917438397608956,1.2517355208357408,0.1559917276032335,0.7894770820173259,0.8957573414331935,-0.9514614553197424,-0.1763469860502251,0.2930006779407673,0.0264215918729828,0.689887580488743,0.3923564229590843,-0.6342931351907634,0.3579960702241849,0.1160939093499721,-0.024435769086682,-0.2271548703812211,0.2664829561697018,-0.4348690765696947,0.3716594374136618,0.449605194086927,0.0933086685549316,0.44427160798368,0.5162888138608843,-0.0678009374463369,0.137462174362923,0.0841172900965177,-0.2899116757718201,0.7327440506395866,-0.0074182822219352,-0.1765102585897894,-0.4069530534137726,-0.3057110469271173,0.1919522256353587,-0.0797402284203445,1.513960529999995
Ca,Ca0-0.5VPO4,VPO4,CaV2(PO4)2,mp-aaachlsw,-2.4232505989276283,0.9510402568876796,-2.8271953922225936,0.7398842320545498,0.0097479734653279,-0.1597320002138166,1.7529197214073238,0.4817938915747908,1.7160368952242948,-3.4170437477622744,-3.285756280868674,-0.0817641189656526,0.5252275879323084,-0.2225811080663695,-1.5627451941512582,0.1231363241266321,1.3299261280779713,-1.666486701867239,0.2644318796885547,1.2130813802524212,-0.0875923537787916,1.7090619068996329,1.2721259595675876,-0.5333324545693732,1.2100999907033092,-0.9234023100092186,-0.5677836627889095,0.1439789068561214,-0.6072477148261393,-0.1862545925299804,-0.4018115577163926,-0.0286565799725733,0.5916785785545644,-0.2391222291068662,-0.7106106766624727,0.0896514593520958,0.057303741364874,-0.4613264227891779,1.0871900153953862,-0.1514362203936954,-0.307155305148553,-1.252294742152985,-0.4689854832243904,0.2292179995750602,-0.2576998948826669,0.5643188086798713,0.0165773590465258,-0.3420232601573296,0.7573716974702005,0.4303215813100337,0.2302192444431699,0.4736486215517124,0.2803328181917569,-0.1142072474659958,-0.0868817247589172,-0.3232890787456944,-0.0094086649275133,0.21691158429181,0.2240680421200142,-0.1950718203614574,0.7249807150468155,0.1515336706319384,0.1457550298565805,-0.1595346119079069,0.0431304604566056,0.1470316739758121,0.0422390517489087,0.0644361924501595,0.0975228988618317,0.0521425208887227,0.1093645439313504,0.1185857143110027,-0.2372796072911652,-0.2204051465154176,0.0390253091117114,0.1603513568688542,-0.0966698367826246,-0.007282902219083,-0.0565248965273116,0.0186970161706843,2.970028288750003
Li,Li0-2BiF5,BiF5,Li2BiF5,mp-aaaabpbb,-4.0099050016491615,0.3257920053932056,2.5058227695592104,13.028893464571087,-5.972810139856907,-3.705910273403975,-5.153248291817796,0.8967160814541402,1.4628685535131003,5.82456392376226,3.1857690900995705,2.0232409659723296,-1.0374895882355415,1.0306025967455466,-0.843660215284886,1.6786935200327489,1.583071662235647,1.8517861462677776,2.560960829231695,-2.0375888068167334,1.556653571046007,-1.272660912783822,-0.4973912500739466,1.1945546111573897,0.8304307566318389,-0.2687285393029727,1.2217201203626178,-0.8162407447010169,0.9660165680238364,2.747465629682788,-1.4194056077656354,-0.1146780056594936,0.1474846136594345,-0.636166264398998,0.2672097963876884,0.365756791598462,0.7088388312754064,0.4502947987962126,-1.0103809657394562,-0.5014623903345665,0.0076253810312475,0.7164211143918306,-0.7767479314402836,0.773251529119226,0.3248125833450801,-0.7577640905015479,-0.4529719315472565,-0.4443700693679801,-0.237562256263594,0.2495737909611489,-0.0401240441545166,0.4006458670041802,-0.111998388835682,-1.4806542902012838,-0.3179050864733652,0.918936335844327,-0.0883400223345786,0.4234152862901311,-0.2973871672327305,-1.555499063905809,-0.2540351298367715,0.6840840488066253,-0.3625361249662691,0.0633677080222782,-0.488742905205757,-1.1760393207749598,0.9831706377352548,-0.2856409549428282,0.3285135971982531,0.1504311640256214,0.3158402481975234,0.1845901541660759,0.4058149719115515,-0.3784534849526565,0.2662019101993326,0.5976920692298392,0.2163920027140277,-0.0017414660438119,0.0463763642591988,0.1513192382822731,5.318367198333336
Li,Li0.12-0.75FeBO3,LiFe8(BO3)8,Li3Fe4(BO3)4,mp-aaabribe,3.1866267272015656,6.818392556212663,1.409036212488074,-11.194032304943068,3.375630584608382,3.2369524506759304,-3.720446053025757,13.864172175552,12.731651366025536,-4.666593414566432,8.611100576829818,8.386596185112692,2.307496949106172,15.732955470962118,-0.6733656544281585,-8.466510784695519,0.1369079477639149,1.0870844417050654,1.026968884805986,0.6657510632695572,-1.7800712590772196,-0.4934054772522171,-2.024239082953869,-0.3126955658096559,-0.8245269453649646,1.4649556707018525,-0.7250999356142163,0.5479833693317006,1.1053869542246784,-0.2745764084774681,0.1513446844146421,0.2278480909688362,0.0060702095481792,-0.2409969517632274,-0.2520918344066398,-0.1660617069582627,-0.6462562597177358,-0.4296955749438326,0.5130940838998876,-0.8865838426045559,0.0472300349300418,1.1561132526110438,-1.1936129703675589,0.258310564082321,-0.2916847228230133,-0.5314669444989536,-0.5312268643192266,0.6794255341017772,-0.3164836766381516,-0.090809222355274,-0.4715158416018109,-0.1759739862997422,0.319939730786682,0.3937860496859794,0.3966915918167213,-0.139999225668933,-0.3160471105099159,-0.2282663683559482,-0.1078072950419095,0.3382734625787512,-0.2358614627026758,0.1728138478694675,0.0525117544253315,0.3698509349275531,-0.3142645392331982,0.3027555146269775,0.3026188654742938,0.2644246799817446,-0.285878415867103,-0.0812068841125666,-0.4259035842753695,0.0269605097173458,0.3228129907355397,-0.0993316511826265,0.2446646170457904,0.2019021291649893,0.2597920115747506,-0.2412182959078333,-0.5119304636680619,-0.056059005779372,3.088902297333326
Mg,Mg0-1Mo2O5,Mo2O5,MgMo2O5,mp-aaachjoa,7.244252757564829,-3.063251503599411,-6.094462459466088,1.1524119202390148,3.0412531946816324,-1.5886271322242609,0.0737018526477462,0.742285903022621,1.6720487229573255,2.1731472851072877,-1.8322536446595905,-1.803337484170355,-0.6681163226358295,-1.5011391147685775,0.7713646640101408,-2.700361113611602,-0.1477877054593479,-0.2164526758711566,-1.7615878991723055,1.7116513807568463,0.8083393542860144,0.5105703656331427,0.5799090399388468,-0.440386910282988,-3.790463099329744,1.4725585900843463,1.894391643407235,0.0070599704279951,-0.0736170443889075,-0.2336200571783269,-0.8790176777187025,-0.8136678171350413,0.2684530151778924,0.0267373890215866,-0.1701926677471023,-0.6433572969992953,0.4066709066885233,0.7044759196017807,-1.2546684561807235,-0.2300861819603746,0.2792088162623842,0.6383390752787709,0.369514851636526,1.1303299467421593,-0.9129667110286864,-0.5586634498776738,0.4239570427055021,0.7824673811545303,0.1722974648559208,-0.4928345318490086,-0.5113734627062924,0.572711144239847,0.1106368867082084,-0.1274458283496322,0.2286242959881702,-0.1907053833484807,-0.1025577769090488,0.1670152696025895,-0.1011739418104024,0.3025781714311872,-0.0594402668928253,-0.1144057673740934,-0.2533318660219044,0.0343379601194486,0.0797549874061221,-0.4193105444659389,-0.1759962522979832,0.0027982131048964,0.1832207423774625,0.1402810097259139,-0.0381536038590311,-0.2050632822477913,-0.1593385081006584,0.2053394764101989,0.091147314786574,0.0598649186754525,-0.0506977221049027,0.0026285198299237,0.1182769262500647,-0.0165091612958768,1.274308439999999
Li,Li0-4V3OF11,V3OF11,Li4V3OF11,mp-aaabrfda,-3.4872012453333743,5.993777469863431,-4.2928339184318105,-0.0149324170800846,1.5098202101246894,-5.201277520904418,-1.8924724095660783,-0.5524556117786792,1.094671003515247,3.689623659287316,-0.3912256544364282,1.837106868567712,-0.9801690555165756,0.1889987922729509,-3.0321387974434875,0.7736374838100516,-0.2732551832933348,0.9846814740604706,0.8010140141653543,-0.7666866939505265,0.8850911018361958,0.3992187816612572,0.643515674331928,-0.2890422486381186,1.1876259676390657,1.3369042800563544,-0.2887644712249419,0.341857020340279,1.1061567656730296,0.1304535189822094,0.5764823612828344,-0.0285784223080665,0.1048381646447714,-0.2401403738899419,-0.5716395086289209,-0.2950155489573807,0.0747291331229087,-0.0296838792825803,-0.14096740845591,-0.2693780717032815,0.0791741844011843,0.3596253548143598,0.0243380434299777,0.7266920782849002,-0.2763736475443363,0.2941435276260426,-0.2754773404479819,0.1238744632264509,0.3283263463580304,-0.260401237252215,-0.0018351565957062,-0.2056302619995895,-0.1948830007548595,-0.006371200241672,-0.2215731075667364,0.5232811531683141,0.250141095552084,0.4623157645509765,0.0050149948954514,0.2218716279814156,0.1063902818196817,-0.0137812897387001,-0.0475675080345583,-0.0496904526457086,0.4098193329785328,0.0972222849434975,0.1454654929330402,-0.05875741492207,0.2251555350624714,-0.1431745504012254,0.4725861613048813,-0.2755911671877318,0.0889449682636805,-0.2494840771316389,-0.0123435388336376,0.1548696785875013,0.1432638251366021,0.1684614696840886,0.0396467718414417,0.0670901997376916,3.875087232083336
Mg,Mg0-0.5Zn(NiS2)2,Zn(NiS2)2,MgZn2(NiS2)4,mp-aaadedea,-3.716087301779144,-11.359718477421932,-1.087053941858258,-6.480664274173086,-2.8927854504640225,6.059943893288908,7.501901393976357,0.1454973613232766,-0.6639809064974413,4.8782682139471785,2.4786513405014805,1.2522825387144112,-1.1190665661971373,0.0028409853484571,-0.3380529472105752,-0.2279441407057782,-1.2229807820848064,-0.9137946068850584,0.5347141787176939,-1.6922905571897195,-0.7363832309636126,-0.3101157149194786,-0.7829500241050671,-1.3743995687373145,0.4929222559207944,-0.1456924853066313,-1.592295893884354,-1.2318809648907678,-0.4673182129166424,0.1561206718702965,-1.3555921352762987,0.3945672095018049,-0.1348852230822899,2.563650263651704,-1.060576721732953,0.3172422310780131,1.3457529554253107,-1.0827656787198274,0.0053825166788912,-0.3118611807677222,-0.7171439028193467,-0.1931130149834296,0.3323812034767109,1.3855299917909365,0.6948507932468931,-0.8254545093611242,-0.7695434363338505,-0.1324401473100379,1.0746676227929712,0.1672044760015978,0.0403613189735655,-0.0121715379620065,-0.3373849205435535,-0.5747519330433715,-0.3386412085915327,0.0267799643394687,0.1292876015759381,-0.4244971714859396,-0.09186914052899,1.0658817005134582,0.0034889490754181,0.0907862156163625,-0.1578208174672232,0.4855498315301518,0.010683224003648,-0.2547520340687109,0.2115144476772744,-0.2899670091862025,-0.134752923171123,0.3088903889305069,0.4135358167124304,-0.1904897594177025,-0.0310797290947571,-0.5837268051406795,1.0284247523618433,0.0417904678401013,0.0969393297993892,0.4159185962729012,0.0865516732996351,0.1723091235098016,0.430077715
Mg,Mg0-1Pr(NiO3)2,Pr(NiO3)2,PrMg(NiO3)2,mp-aaadalbd,3.871886681976605,-1.811232034575376,3.1194719404029856,4.428016712416173,1.8950754152576927,1.6314998489230517,-1.044950653028764,0.4938511067865143,-0.2375445432852714,-0.0263345862185304,-1.7515627932308568,2.916868218873668,1.5123895325249148,-0.5562188575668616,0.1271752444269615,-0.4028448409825229,0.2792205979357658,-1.9312625663805305,0.6579054407119389,-2.150879733766654,-0.8984718259317992,1.4421493241867689,0.0759969949564362,-0.9460798775854172,0.5122484741191963,0.459358883191315,1.009136145424952,1.004524015665025,1.5847165057890484,0.5100226181031929,1.6777335312590511,0.8273670348798736,-0.906763475484856,1.4900947008791998,-1.4735842038273117,-0.6800872565281345,0.1053616139314065,-0.2247179575448699,-0.2691414652622825,0.2314685364846937,0.2723558873940013,0.3260007177018283,-0.0047687886690016,0.812544210127742,-0.8586571675167527,-0.9534671915279,-0.8691824150430658,-0.2653816602437448,-0.2235984827611746,0.2042054566404492,-0.576489278106624,-0.3757680593650493,0.0054362572298878,-0.0066549337382107,-0.4561350885549118,0.19144070727117,-0.4869598290822192,-0.4043004756586657,0.1142292351016969,-0.414914253469642,0.0124116171257012,0.4312860159937918,-0.1072554969560544,-0.0894224574643256,-0.0764265315618162,-0.2296333995419199,0.2340245186559101,-0.1620874813522421,0.4310265138473205,0.0726293307311045,-0.2845700609611065,0.0693314147113801,-0.1115863609326138,0.4026541566545614,-0.1576343021242801,-0.2056906357685221,-0.2933651793529394,0.2227441016274395,0.1104888320922941,0.0042980716743409,3.948183949999998
Li,Li0-1Ni(PO3)4,Ni(PO3)4,LiNi(PO3)4,mp-aaaabnmk,-4.219526176871496,1.915272427376773,-4.4929622362484425,0.5557482686133529,-5.787885064792108,1.49012396435273,-1.226651933272899,-1.7598182709100798,0.7276880879064531,-3.289015566885267,0.0387247964362372,1.8004020535035383,-0.3746740762627744,-1.135198927807316,0.0604388344202658,-1.1382856042146514,-1.3748724626475275,-0.64046637508049,0.0149277518219818,-1.1948502609486358,-0.9309502148278754,0.5045202977457869,0.3839257874662635,0.0682955286413779,0.1874836141087294,-1.0105123544662384,-0.362517565113208,-0.4527032025711898,0.1030728019308802,0.0832146229032105,0.1002519198489189,0.0584282071286993,0.0084220155784126,0.4406163407573842,0.2561624123406948,0.4115488891213629,0.8921119215608584,0.2735388916756074,-0.392835497372168,0.4489768794959657,0.0153854569626024,-0.4043334689967631,0.496991318073463,-0.0605416899074292,0.3997421210140275,-0.0204961094470996,0.1734510646424909,0.0244563124423725,-0.2538499098681259,-0.0486040725159732,0.195654878723698,0.1421014744215243,0.0967609727920528,-0.164237742595374,0.1741529385662383,-0.0616746628195035,-0.0004823477809755,-0.6076519980086673,0.1455417694898355,0.132228862745331,-0.0160685023318362,-0.0652273314379438,0.0894795198491601,0.1325338332919711,0.2609770793432356,-0.1305921437686457,0.1226250391876095,-0.1986213524081172,0.0156321322154376,0.0550259659734886,-0.1676866470097598,-0.1541769117739967,-0.1392379284535864,-0.035613607341845,-0.1802326164452055,-0.0343375461470617,0.0135025501404884,0.0399622977519129,-0.0460509807378422,-0.3567599158228664,5.13654329333335
Li,Li0-1.5V3Fe2CuO12,V3Fe2CuO12,Li3V6Fe4(CuO12)2,mp-aaabrzqe,0.8724336793383811,1.47634237840044,-1.5538459037429753,-1.8394933522589427,1.8142982912133503,0.8116917882812564,-0.5818271401958922,-3.5480293015123863,2.170109759401559,0.6618879541579957,0.9409891856899716,-1.4828875763633766,1.9564164537608952,0.6497106561211871,-1.5453729685027804,1.3682382522942882,0.2480743305932154,1.0828857330060595,-2.8315001015942136,-0.046817645103032,-1.7252264079813289,0.043028653875397,-0.5598129784570659,0.3391349573595534,0.0607577556451191,1.1153294145671184,-1.0201951826186193,1.2229448995859291,1.8752433915654896,-0.7424444344310729,0.5924882872869334,0.3266474513544994,-0.2251716855672919,-0.138886124776694,0.2185291976307838,0.0460725317279218,-1.0364350573735843,0.543936353705011,-0.1267391228959157,-0.8441665495298899,0.2980469037196883,-0.4567888910805927,0.1900234404733539,-0.6100213530273351,0.2749663164724064,0.4724574057151138,0.5637163705134283,0.1929703931413005,-0.9738495882592832,-0.0406305577281592,-0.6297799022800379,-0.4317806635927547,-0.3568840651161803,-1.0588702721162289,-0.1822601194869545,-0.7302881248442341,1.0395632507637165,-0.4527569604884505,-0.6071628710393688,-0.4201604765842707,-0.5491764292691069,-0.53382812852562,-0.2839997494289922,-0.4077098933332899,0.2172667584640428,0.089984426747715,0.0053743786754286,0.2905307534243561,-0.4288383686639369,-0.2865854000640361,0.1619881414447478,0.003825981497775,0.0013157536449297,0.0917455361581328,0.3645224682805354,0.0259127344105388,-0.025345065137985,0.0339233521406228,-0.2119891033428902,-0.0020851347839226,3.648902543333316
Zn,Zn0-0.5CrO2,CrO2,ZnCr2O4,mp-aaadbanf,1.947829014704934,-3.256937790161078,-8.85698909195833,0.4279587210680297,6.114506569764615,0.2084540135791366,2.332260889953256,1.7885587767164797,-3.62560372598711,-2.038658521802992,-0.2506680815336803,1.171497138133326,0.3550394615457365,0.4953969305370207,2.2804790532100703,2.239741376460464,-2.480685285355664,2.9345587128557176,1.2397162385122684,1.7553879709890308,1.62718240713371,0.040792439794676,-1.4627255222754,0.6985196245481903,0.2949699420035124,-0.3795674287138865,-0.3550332040803558,-0.2293610258853966,-0.6156901337571401,-0.1449418366998778,2.018629660891447,0.4304636615771969,-1.3686247086135035,-2.2562222577550206,0.1311533750377576,-0.2123052457595519,-1.1606901813400827,-0.299118671139199,0.5396599294774974,0.652021160071704,-0.0574217135428428,0.074235251541023,-0.4774620706808525,0.2621343535046841,-0.129703488108631,-0.1286774145799309,-0.079091620099599,-0.3153733347511544,-0.4087922896645778,-0.4839196561001244,0.6140540972722529,0.037141865703518,1.1683124837345649,-0.5076753523393936,0.2191421891337801,-0.4478592391627887,-0.7988079809394867,0.0432000793163587,-0.1014644495963663,0.4987955835270783,0.3762470166819874,-0.2905944686614964,-0.1937407013457138,-0.1300963768306205,0.094927405857982,-0.3346032410895673,0.1767948426336632,0.0941681989305942,-0.2143020890551068,-0.0638035904634694,0.0864418054391037,-0.3073712543895913,-0.0838616304959544,-0.274277071984719,0.5245740337838329,-0.2638188251273396,-0.1568582216250173,0.4096906713516365,0.2375157504896936,-0.1515861841342594,1.874071570000002
Ca,Ca0-1NaFe2(SiO3)4,NaFe2(SiO3)4,NaCaFe2(SiO3)4,mp-aaabqzuy,-1.2758376118505697,4.249077086613891,3.471533784466472,-2.4952119492042257,0.325486508085959,2.6604159629593203,0.7174539025584822,-0.7266592215741885,-0.9402782118593492,-3.409342238104586,-0.7861829830834602,-3.511406363016451,-0.6034867234464683,2.021385526769541,-0.5901093048035235,2.2029191098553955,0.9107326940531218,0.9179417762357032,1.4923968395295972,-1.253058882175237,-3.1348364935573314,1.150030198590706,0.5238063675303839,-1.553933380480743,-0.9992216770638516,-1.179687338444824,-0.8436963432228843,-0.3352896048024283,-0.9555366451130904,0.5264711765534453,-0.5969393266095931,-0.5096177590365867,1.1524477552293226,-0.2423204003941052,-0.435244130975597,-0.9269714932297916,-1.3171598678359044,-1.3335095422569148,-0.0892297544492088,-1.2326680756436144,0.6407681109358119,-0.9929405885322744,-0.8186942526154288,0.9645859064028162,-1.0778189541730854,0.7613234985703358,-0.067805862342968,-0.3189211018429409,0.6115671470618176,0.087073118061218,0.7303878247558557,-0.2688054036009602,0.2718340843504204,0.8436177774963078,0.1160710463624659,0.1708942309827744,-1.093855928867867,0.6315624103327663,-0.5929972378880279,-0.5359616700916676,-1.0055256743936645,-0.847436352746068,-0.3432884593753421,0.4871773251507094,-0.1374774929619522,-0.2277161535519888,0.4864143377853386,-0.4678681114477911,0.20414397158688,-0.0360259972652261,-1.084621020112447,0.1099910742620173,-0.1923046494322259,-0.4151707084152136,0.2966115110364156,0.2939876835227497,0.0843848632173617,-0.5691475501089558,-0.6573716562413465,0.0447004585279813,3.731925434999996
Li,Li0-1Cr3(FeO4)2,Cr3(FeO4)2,LiCr3(FeO4)2,mp-aaabrbkg,1.8160567044884088,1.499507043428138,-4.494751884584049,-3.5235097827863537,0.6425318224594129,-3.249624557072937,0.9498506205482738,-0.5123720823290002,-1.4497023362840409,-0.1726489584354094,0.5684201958485329,-0.1761303869947431,2.395317274576571,1.8751076315671216,1.3675204931930849,2.371625186380334,0.3145456936514719,1.1494027677295438,-2.2723842071211435,-1.7185858898904436,-0.3332753005245928,-1.0986660479821375,-2.069286131691506,-0.30711940364337,-1.3010987689953366,-0.7504634698400898,-1.150344428094454,-0.4270665924949406,-0.4710955437363955,-0.6816788637860898,0.4348507003808833,-0.1084648763767214,-0.3195385658857934,-2.135132668835405,0.3411224601767387,0.4349478971841227,-0.351467670314563,0.3410672805880356,-1.1507176450818968,0.6294195966250944,-0.0009621906304044,-0.4194224049776079,-0.0330188767452698,-0.1865330727182833,-0.5069393547550141,0.0045994519892776,0.0362314009667275,0.0376607282075779,-0.4098449260752847,0.1165902054601843,0.4012674881963115,0.2109756139753567,-0.067374299546952,0.3881622869909654,-0.2396667384618474,-0.4312617431160938,-0.0412087951947085,-0.1635123835491301,-0.0751747774246583,-0.0468604142400952,-0.363174645975647,0.4131203145346276,0.5434004285435431,0.0595407334686591,0.3454718994864547,0.0531782360649755,-0.1530651275386133,0.1730789978522645,-0.1987101901511702,-0.1675716012568696,-0.2180358254140999,0.1353046020745253,0.1695580154748696,0.1884350421620979,0.2002010708325748,-0.3452776874155785,-0.1877748739788104,-0.0397442012183364,0.1353217167245393,-0.0656204240737539,4.719650003333332
Mg,Mg0-0.5MnO2,MnO2,MgMn2O4,mp-aaabdbno,-4.238921938784944,-1.1099653634427349,-4.567567863586449,3.0303760803328625,2.470638090449815,-0.2758909030197154,1.274557634881917,2.3703724940954585,-2.418618037235924,0.0492650281965464,2.091327415732126,-2.416651707833713,1.1181371405178742,0.0434615335964055,1.6059419637651742,-1.1667976590180418,0.5348803907327324,-0.0448169101558141,-0.953095391549512,1.274368456513949,0.0593219889516078,-0.3433088602464059,0.641706659177061,-0.8867862033741406,-0.2859809420928399,0.6976620965252014,2.1865239649062027,0.0813036813532329,-0.2466920055987578,-0.820128733056949,-0.8671331230403289,0.1621385480121024,0.3562427347274457,0.4713392005208797,-0.3119531080068414,-0.1219432455585702,-0.9655988262274432,-0.1436328472299961,-0.0042805978921543,0.0858983633743413,-0.5626955661841174,0.3528901986201317,0.8077179131091767,0.5878960216937987,0.6739001729223603,0.1768948567956325,-0.0953349185110684,0.344555468259074,0.2467051364834665,0.1103728535134184,-0.0269538689395505,-0.0099581400417098,-0.4872156768118763,-0.0718514129591065,-0.7388593648150954,0.4957672531740077,-0.4017832727429216,0.2448257434233713,-0.3700010620989493,-0.2970837513262634,0.9508260059703264,-0.0772751406814532,0.1722290034168657,0.1103717760855214,-0.2336615436384633,0.3655440542429138,0.6085891369936408,0.1237628578598234,-0.1186981287017979,-0.2040499231311685,-0.0337173690170708,-0.1311240640695316,-0.0817825256736743,0.1501611381692563,0.1007088054931827,-0.2157105045875682,0.128139266440003,-0.1310711106610979,0.2627314113565405,-0.1568130163180283,2.769256280000001
Li,Li0-4V3Cr3(WO8)2,V3Cr3(WO8)2,Li4V3Cr3(WO8)2,mp-aaabsdwz,15.929819209477625,1.6999541644739118,-0.4661854279575327,-4.893825581712696,-4.16257711895969,-1.8690751122850409,-3.204212864082914,-1.062982580678134,-0.9504511171568092,1.0240902650494714,0.4875724071455535,0.7171704074359182,-0.311115025415029,1.4495717325427415,-0.5589591798483067,0.1942838377852796,1.5133642653968362,0.3375437012536788,-2.3035387066796065,-0.4514219574790899,1.075158084653663,-0.3832425288894424,0.6479147577454183,-0.1501277842168135,2.5773942249087787,2.045139965143943,-0.5424070399285263,0.758922514975804,0.3434600928940902,0.4325297217707395,0.9006320496598977,0.4941725205364251,-0.0553144365458548,-0.1302386921688207,-1.1269330381125595,-0.0985929986864697,-1.8805937448053416,0.8773718639115955,-0.7444548331211581,0.0451621546357381,0.6749587092185954,-0.4534495913138646,1.4188051154976655,0.5950293586130126,0.9193250199325962,-1.2501911763471405,0.1033521278583306,-0.712435051235473,-0.1184005682259361,-0.6379256621837428,0.3604971264109333,-0.0266538757265165,-0.9421157764436228,0.1431655111742901,-0.6104803593990099,-0.3695028761135874,-0.2052135292459662,-0.4966825699504795,-0.1962168345109129,0.5716512359853014,-0.2192071164836588,-0.1979529473298957,-0.0456096971551247,-0.1590219031784791,0.4764788327248698,0.1495402557127875,0.1462145783362296,0.2295404848115045,-0.5563576154306951,-0.2871358185580847,-0.0879416257629326,0.2955257589289669,0.3634213253057953,0.3691106102592194,0.6673628161624998,0.0104065558419869,-0.1187538978196701,-0.2821072516823459,-0.1872487504686765,-0.4209695112564892,3.04436367833333
Mg,Mg0-1VNiP2O9,VNiP2O9,MgVNiP2O9,mp-aaacywjg,-0.7506536539109568,0.0615511069169589,-4.038464219358953,0.1769434430421515,0.1502749495303,3.410245394640065,0.7272284246142316,0.614821608924382,-0.870746050567437,-3.2683393218931864,-1.5321613221395312,1.148952714155085,-0.7919547243339172,-0.5164302992793123,-1.1067960964409491,-0.1049557124894118,-0.0407606075640103,-1.6701192884960734,-0.3070937321207905,-0.1711348536617458,0.4422414784595737,-0.8574546887826663,-0.1199702533721515,-1.093948119775928,0.3964220954284354,0.4920508975031304,1.968598508887458,0.3929222603523721,-0.1578553411529625,-1.4665047876311474,-1.4928290402232365,-0.0401453955953832,0.920861617463244,0.7460016893312288,0.1609692718674132,0.1474953829534188,0.3471936738332652,-0.1576648332632443,0.0988046781760622,0.0424799944467508,0.0237211251742688,0.2372050678028642,-0.3574906892878395,0.1311366695497008,-0.3926712476795144,0.672979254482926,0.372131646732066,0.0369619072773831,0.0953733678248017,-0.0648766002810495,-0.0425682996583459,0.4909981529420153,-0.0870633886487419,-0.1200546331697827,-0.2302383255436849,-0.0903701965955356,0.3946172815779831,-0.1417143057151043,-0.2783472577715024,0.016656570112035,-0.3900526417256454,0.561864261345412,-0.0301917861328422,-0.0478487097154907,0.2158675165701202,0.0661969857990486,0.0969135459655684,0.0252242329622713,-0.0578157264484191,0.1084256026382372,0.1214812081140347,0.0985279066990482,0.2254979168792517,-0.1038517887704702,0.2079015979645281,-0.4623885706700408,-0.226557175604719,-0.1740381878843932,-0.2381294291660368,0.0917984484223217,3.542319396250005
Ca,Ca1-2FeReO6,CaFeReO6,Ca2FeReO6,mp-aaacylxh,16.96669260200543,2.2903644107708803,6.944735906993621,-3.763747088387647,-2.9099347087940384,2.2278419768660824,-0.8268655064439917,-0.5991317902830949,-2.6686086704686445,-1.8952495631096915,2.517175625863156,-0.5897407375122505,-0.1170458715456415,-0.4007945256693179,-0.7006467381901409,-2.2363794095970286,2.380621954532516,-3.2393483831020218,1.9949941223027767,-1.061961063922069,0.7200909409025551,0.7853029786773461,1.0433733496212547,0.496156788513885,2.0991748467083995,-1.0115723426283478,-0.4134279044573148,-0.7316624936840833,0.7054038099223404,-0.7006192454487523,-1.4049189560293365,-0.0831171010152468,0.8736852534300754,0.6013869650754338,-0.9670634437047824,-1.6290373734596404,-2.2954227430746563,-1.3878747792820718,1.1285879172978646,-1.22370322460048,1.3750155424478916,-0.3665463844633712,0.5973727133493951,-0.470810916312526,-0.3125294464659087,0.0218324747057196,1.4267228179156026,0.741985499669071,-0.0603805214146264,0.1297658416909656,-0.4073682139836232,-0.7845329275777644,0.6495830805857684,0.3486532426106019,-1.2457161577781088,0.0033254591306798,-0.287742984074578,-0.3487812350469725,0.0826059731918313,0.2844240648068731,0.160275292150147,-0.4014967333444021,-0.3414903394221244,-0.2597638639911939,0.5843483768488583,-0.1189623555474341,-0.1854900957709792,-0.0169786084168168,-0.4031760696729738,-0.4929734455505699,0.2703974237357792,0.0637564454518041,0.4604974711663188,-0.0403348845995203,0.4086147887922454,0.2094848263945205,0.1122370242380583,-0.4781237873071071,0.1052897836443772,-0.1459539719136546,2.618677470000004
Mg,Mg0-1MnCo3O8,MnCo3O8,MgMnCo3O8,mp-aaabsajy,-0.0532269294219909,-1.3982920104192773,-4.985152467970544,1.2638138511869097,2.5346124181300724,1.126028558172141,1.27828226477436,0.6953384914280099,-1.4763586940821996,-0.7445364664526416,1.9895230309394023,-1.6078285880351877,0.293872907579379,0.0476457018032285,1.1205973371524107,-0.3951289870649068,0.0884874531431871,-0.2907866277829922,-1.0312965956807052,-0.4863076234678691,0.649262491217671,-1.152644945948792,-1.0775097320385758,-2.191907942094692,-0.1555797239116626,-1.6628160513218493,-0.254219548575994,-0.4015230420712221,0.1276726128230933,-0.6609654403801265,0.8714862387078263,0.1644260232518218,-0.204568990083142,-0.7966191995643388,0.2253183463390816,-0.2530522890960898,0.153443844077908,-0.6857437579118216,-0.5803836548118824,0.1395547134920952,0.4663698876457753,0.2400296219405633,0.2971885491382975,-0.1139704900059591,0.1271024637568862,0.5061938829680557,-0.499322377765369,-0.003900031735189,-0.0300568086575342,0.7242663839123831,-0.0699263245197831,0.0097835377959583,-0.0632752316266544,-0.0895177626386633,0.308166885127299,0.3398597087615438,0.1822223895295397,1.0658740597077438,0.1218063436932764,-0.0665068039734921,-0.1966504384179025,-0.2412761923753299,0.5407853137824026,-0.2460092377357947,-0.4503282019711953,-0.1743354505275343,0.1239464948234917,-0.4536554839036953,0.1675474094884541,-0.4616539144516638,0.0929561587408216,0.1744150991949966,-0.0261475507466444,-0.0740373615607077,-0.0284662455910114,0.2891561524259052,0.1439468500002122,-0.0360480839201384,-0.0619036748018615,0.1840136114349904,2.6556944899999992
Ca,Ca0-1Y5(MoO6)2,Y5(MoO6)2,CaY5(MoO6)2,mp-aaaabbvx,6.507369760013141,0.2154353973989526,3.781205729451518,-0.2448010207432133,2.0551009121673647,-1.181959249338412,0.8573900910822027,0.4930347627641946,0.8248293564256909,-0.0005591610604093,-2.6563829271546617,-1.3157726490023167,0.3409950370737433,-0.955543717949397,-1.2824677933856443,-1.700310617196275,0.9495277496946688,-2.260303763306692,-1.4191721150127252,1.587577543122511,1.372490741771911,3.643533093690111,1.696455876955889,-0.1083960869488437,-0.3742852436324318,-0.0496424829374175,-0.4960008402497646,-1.2392351060895823,-1.504158524902424,1.062650680643759,0.3658849095570202,-0.3352895499588418,-0.8894079771251631,0.2418965589425633,-1.2019583783975618,-0.4604061898614497,0.9564208392577718,-0.9204732018577376,0.4838090436739427,0.7398757808637014,0.4486310979511617,-1.1717253257090523,0.2125565255921862,-1.3845436713735453,0.0789559205833873,-0.4003361691990256,-1.4655732955629723,0.7043900609083571,-1.1052194089201337,-0.7517524804125787,0.0090161033618897,-0.4037360045692649,-0.0378197654943223,0.1105216322858385,-0.2354180932883318,-0.1519934580030732,0.2441937540110023,-0.292927428961168,-0.2961837064847124,0.1426552742548236,-0.2652295279173982,-0.897492022020552,0.1453420273388839,0.1512675298706815,0.3537707513656748,-0.4127175509928615,0.4386226990238902,0.1428511785476559,-0.3750499774647304,-0.0943175994626822,-0.1079175926485328,0.0741618177651376,0.1319505817808928,-0.5074409294726244,0.1959102635951217,0.3766190500378397,0.1453866663638679,-0.0706787725810321,0.0682621612394519,0.3434626278143167,0.752421505000003
Li,Li0-1VCrO4,VCrO4,LiVCrO4,mp-aaabqvtv,1.2620414890267817,2.480887097112631,-3.57911087516028,-3.9749329482226,0.870390385896262,-3.4001060782007477,-0.2014324994617756,-0.7245687148513058,-1.3815972318384082,-0.0599017554236717,-0.7083116996362229,0.3499961762424129,2.7779850914596684,1.834381913116755,0.5030638535364175,2.139323225681113,0.3900508186694324,0.7105959584097625,-1.5679775944083447,-0.9702230909803128,0.0974198713610793,0.3276266060013192,0.1058239772790681,0.3461420495646574,-0.203636279784788,1.7542391692817425,0.6532720281870943,-1.3229695603773026,-0.5789655124019406,-0.5375314690587022,-0.533728336843307,-0.1917793719784517,-0.3025699431786872,0.4602193693249579,0.7258940818793316,-0.2588148094088954,-0.9783977865215068,0.75598110414226,-0.2991684153960534,0.0895157414584723,0.4355123021492675,0.3725334547398547,0.8181721175799519,0.446988925115492,0.3190659238029623,-0.4522243061987664,-0.0114253710368652,0.3491426932035729,0.3540275878190592,-0.506440276678589,0.2316497451131474,-0.226263174574568,-0.3602829890715377,0.1080436109410744,-0.1928417031365594,-0.3730632970644806,0.3750159619497266,0.1017156241946899,-0.6823451897691123,0.0654568283360012,-0.2246415125397382,0.1255725477142923,-0.2195573294787403,0.2738902974125212,-0.0919129210859001,-0.0303235111999484,-0.2305602022342826,-0.0404869971954738,-0.1575016939429179,0.0242087812187183,0.4058201605412448,-0.0146680538903224,-0.0502662740804702,-0.019523799644199,-0.143024427609229,-0.1229697312172422,-0.0389227308810075,-0.0449592825727249,-0.0755724727821847,-0.1082637870668612,2.881158423333336
Ca,Ca0-1Ti3P3O13,Ti3P3O13,CaTi3P3O13,mp-aaachgga,-3.977628525069553,0.6959889562673959,-2.5938493046451305,1.947759287693468,0.0827763514750063,0.0936238712114592,1.5623838933893206,0.5176513419559081,1.4542954445252314,-3.189779182415254,-4.028726759513079,0.3869431325319845,0.1565251732579645,0.106693413263211,-1.5889469555561682,0.5215059706911235,1.3189667737960606,-1.7570627796087814,0.2440866394372867,1.6526138858874484,-0.582019934911957,1.555849491963872,1.338862968906279,-1.0414748894909736,-0.2105491581666469,-0.7864805039077799,-1.0184105352012796,-0.160085197931356,-1.0597083586016478,0.2203013986946708,0.4385564389313922,-0.2273501948592339,0.0753342219615925,-0.0793364223160701,-0.058321037509145,0.2556878305616529,0.0430739329633647,0.4645571536795899,0.9863108112877008,-0.2355438216763011,-0.4494211949321955,-1.1872674588995944,-0.5351824751113465,-0.0856207201165989,-0.1051925848949192,0.1494602623073473,0.2885554622838893,-0.2136330765564296,0.2520627408036364,0.3624587451835835,0.3191061451461093,0.0729530747203002,0.1408446242021948,0.2882889483486058,0.0398845362226043,-0.3004198354976825,0.1850401586696771,0.5609466094862476,-0.3387334497717972,-0.4167411891776951,0.3954422187548182,0.2473499822811967,0.3932938251167815,-0.1135286486248511,-0.0789572813019983,0.1661122547092138,0.2551641814712323,0.1237276821951176,0.0602896408109171,0.0964722373976537,0.2381766597979536,0.2379803864147346,-0.2140439639244323,-0.3112513377861151,-0.0022259999786537,0.2345677971719883,-0.1004412178036572,0.1354776304589608,-0.1164596240776857,-0.016525531031724,1.7834046650000082
Y,Y0-1BaCr4O7,BaCr4O7,BaYCr4O7,mp-aaachqvz,6.752549919900917,0.6875454769507097,5.819965613997501,0.1797827801225397,2.788295295636741,-2.4473046124074265,3.746400185790308,2.079810182923702,-3.0789288091005167,-2.6975519298593555,-1.51603092123774,1.7593726694476184,3.726338701302778,0.1056995580605267,0.1859674556227676,2.0322150827595387,1.2202892064470414,0.9618742527774946,2.5083251438398206,-1.0719868897028335,-1.3182705148257143,1.5918857250194722,-4.141884206967198,2.8743967374164545,-1.895524201767655,-0.1436064693115973,0.1935171459006737,-0.2422812471242171,0.2205304874575573,0.3939058103287412,2.429945250042745,-1.044881693200845,3.659934970295038,1.3460150810173033,0.4695100762780524,1.9285658455045995,-1.694634846399792,-1.1879849823254696,0.2794658977427067,0.5167334664964597,-0.3402847563572687,0.7397429779927001,-0.4231827141892217,-0.070055978753373,0.0940089819647859,-0.8430100302621728,0.7355543966224376,-1.4035886679027505,0.7437419701903162,0.946633716342141,0.0907850621923231,0.5772451397530546,-0.2066847535485847,0.9641750931428916,-0.2927688100794389,-0.5419585876824968,0.2765799259467956,-0.3444141902216269,-0.1352001055755317,0.8173413931098666,0.4179084420512259,-0.0621810397423359,-0.2026795419519265,0.4049534938011109,0.3871358664373269,-0.5992841202582818,0.0308982548976448,-0.2526143662047014,0.0444748382836753,-0.153878381956226,0.1682450878781627,0.3371273674280652,0.6797550378462062,0.1039196450574643,0.0905709925840787,0.1807938117257339,0.6046898535182057,0.1772644198280404,0.2423181821470909,-0.1791671430249218,1.9848652888888911
Mg,Mg0-1MnVP2(O4F)2,MnVP2(O4F)2,MgMnVP2(O4F)2,mp-aaabsfmm,-2.169369758461549,3.7464309338788726,-4.391292745482199,1.519531306063829,0.5947311793646692,1.3764199232399013,1.263053670186674,2.1622457598925484,-2.6176276225182877,-0.5897472772506969,1.5247208526620082,-0.7806843652451702,-2.7773859468973163,-0.7759719483458636,-4.084213480707175,-1.0491219844543678,0.4275717928273576,-0.2213260459429193,-0.333525701124292,0.980796298712825,-0.3639573324858051,-0.8543760980184182,-0.0733756633066359,-1.534096024529524,0.8838376757563097,1.313458327076775,0.2114501566713623,0.1133836595206457,0.318262584760644,0.6535252230571755,0.734319240947295,0.4459941250626471,0.0224349186170882,0.0162528998446439,-0.591700133172854,0.2724023745321895,0.4192446849019141,-1.657660286244673,0.5303392852666784,-0.5041332932906747,-0.1304138126192508,-0.5710959493813876,-0.2425949206336516,-0.1063243834778847,0.0533156312830217,0.4682747211575752,-0.4353588996732486,-0.5325523465740272,0.595079962137314,0.1959148249241564,0.1138448403326519,0.054042116053613,0.0663458453313411,0.4370227294782338,0.3573672950651281,-0.1555483710412371,0.0741935296655534,-0.5745733293206549,0.1654131361607312,-0.1648940538964805,-1.2936704798197238,-0.2374778808828035,-0.4308220718666392,0.4787844210599832,-1.113361614098469,0.269863512439254,-0.6081713641949429,0.1626666246840626,-0.2476653150863766,0.2243239719523881,0.1083947522329385,0.6177286038790205,-0.1292076337468019,-0.5492057183179833,-0.2413772948344173,-0.2530003941310852,-0.4249845226314018,0.0699247367391732,-0.5851774296199282,-0.1736543232561932,2.743491445000001
Li,Li0-1V4(PO4)3,V4(PO4)3,LiV4(PO4)3,mp-aaabygzo,-2.945731975255592,2.185004309893961,-3.453660670054682,-0.9903354358956454,-1.1803862133177734,-1.0953198611002266,-0.1423424036158623,1.070721284021016,0.9841995161367284,-0.9641643849453516,-3.5398298560313632,0.5581695191930132,1.484600148522034,-0.2493478138490472,-0.831791354201137,-0.3354476842234705,-0.7701269069539038,-0.2138505371403086,-1.6083587865123852,-0.4475131489117195,0.0324600075157073,-0.0071839287646131,-1.7136282229430386,-0.6857509866054557,2.0373456592741155,-0.3350260843430006,-0.2315393296778602,-0.0851721621556267,-0.3341489514886246,2.902555112288595,-2.0360521629883657,-0.24597599254538,0.0361707043437044,-0.0460238900148803,1.3634958859576871,0.0867552510764756,-0.0985338739176624,-0.0292069126450097,-0.1122209516838839,0.5313816109145527,-0.0857186348061287,-0.3203656216374849,-0.3888343829369091,-0.0977216173385601,-0.0416551418717711,0.5219866909821591,-0.203673388086307,-0.3649689828952251,0.3495408084769933,0.744950061298334,0.1802117972217884,0.2047034224258235,0.3336821490833408,-0.1587972184808919,-0.1724280404298549,-0.5458038660161827,-0.1449168293700524,0.2524197812274324,-0.0212352543516639,-0.4532742060106066,0.2520387931191498,0.0883845989099006,0.1275665221444795,-0.4754087424542927,-0.0009400829722701,0.0636144067267919,-0.199101456797981,-0.1569621281139486,-0.33020536253481,-0.0782897574391825,0.0197972769488513,0.143747600562549,-0.1561550447185115,0.0681856743242812,0.1304235499686543,-0.0636552715240004,0.0930978073629717,-0.122641777585681,0.0804743387341563,-0.1281256129377291,1.914694358333325
Li,Li0-2Bi2(SO4)3,Bi2(SO4)3,Li2Bi2(SO4)3,mp-aaabrsul,-5.2669267215657305,-3.907069143919232,2.015933524132108,9.132445757299196,-12.53876354975258,3.07119931248907,2.8218224671219208,2.655785642104003,1.6266507077941437,8.448231497724155,0.5224167123561282,4.034351424864569,-1.3136322769843711,0.7229127645511401,2.00558203843286,1.3673611578959304,3.009121075953607,2.4789265168326096,0.5885049290361801,-0.7041089424234016,-0.8556117795254113,-0.3994583779277435,1.710513947151678,1.23127765096135,-0.6362657660550616,0.2338284261503508,-1.2974197204702906,-0.3718993303558481,-0.679060215400452,0.7452261617917287,-0.5154475049770474,-0.705818762917104,0.513267350682099,-0.1787004876203774,-0.8933231444662597,-0.5457682366867508,-1.9020437167113096,-0.1904335124919786,-0.0801691572802854,-0.5366327617800687,1.1721521522123992,0.3492215706178377,0.7410778749035362,-0.5752611923189477,0.0864000262477553,-1.4524448431825732,-0.5625379006694928,-0.102403865021683,0.2879868191201428,0.1460742146299231,0.8907850721607432,0.5579902557677366,0.2579432232392353,-1.2786568962116998,0.1453805182013381,0.0323684684354262,-0.1855407954904412,0.3121098774481676,0.3438338739457572,-0.2004808156030137,0.122875656979167,0.0053611675557386,0.0009235961287326,0.2705468032189782,-0.020867776577258,-0.4280795431796684,0.1732922041086977,-0.2572255948339561,0.0389053124267406,0.0787980936272815,0.2106566097073815,-0.2037208123214168,-0.0517403147298979,-0.3069857200399435,0.1887891028569308,0.0758226397832898,0.3657060070734648,-0.047752891860845,0.0759368860982863,0.1339427140087079,2.584472010833334
Li,Li1.5-2VCO5,Li3V2(CO5)2,Li2VCO5,mp-aaabrdwm,-1.952909355521404,5.734615544659787,3.5839095377520223,-5.41004437792949,2.4443469396447544,2.451743663055235,-1.9022108331389052,-0.313153604659145,0.4163866503258203,0.7605727049738117,-5.339825177553056,-2.608997244880213,0.124715607422474,-0.0012170004122389,-0.4201864044811221,-1.4903901965658055,-0.0018267831566883,1.0195547942910286,1.7357933755993966,-0.380494197106784,0.273812133486345,-1.314094800474898,-0.1837114901521154,-0.1485280932395377,0.6488882284895048,0.6752759332087096,1.17637059888426,-1.234206152094713,0.6586467633385471,-2.050797912406289,-1.5891382061894443,0.1374995364476668,0.4761160359577158,-0.2638301569602418,0.9814076332983336,0.8334577991881931,0.5760569053436676,0.710765427852495,-0.0363500899956368,1.0887463508643207,-1.0231196547019568,0.1262032539002124,-0.0678173395244309,-0.1214941244969292,-0.043980367560161,-0.2291686220439771,0.322094400627663,-0.3146820758789102,0.0812025901064296,0.1927936572627559,-0.0006534756354391,0.4013111245962051,-0.0200642533793315,-0.5109989773645224,-0.4860492029163107,-0.1454641280300386,0.270112983514841,0.2907453557062205,0.2768800552803669,-0.2383096022748041,0.2778894509229733,-0.1112288750709936,0.0144712476942142,-0.3950989837317879,0.1102235382946744,0.1896403296953314,-0.3420221881514163,0.1876162633688457,-0.0589722732520545,0.045076673935704,0.0096073770019035,0.0569177070053068,-0.4211989659782932,0.0489061689961606,-0.0095226718749691,-0.1354789685446972,0.0096742650849441,-0.1407563569658413,0.2540406641951636,0.15571897850474,3.969401265833345
Mg,Mg0-2V9O13,V9O13,Mg2V9O13,mp-aaachnew,-1.0530576634041582,-2.000628036019303,-4.752769394548511,0.5387809594290403,5.91561468000435,-1.057255502183901,0.9012245804955789,1.784624118999913,0.1960559019461801,0.7474220805347261,-3.2772022405662566,0.0096311700522643,0.8249112594273545,0.359819060853956,0.3255203454762426,-0.5251044754999282,0.2912714912361162,-1.3808892940249555,-1.9603010586748637,-0.0464040176249504,-0.4870873037721944,-0.6189924774747914,1.6692399621477172,0.4061616973892255,0.4641768978476195,-1.151529402234438,-0.0841203697744619,0.73974909901428,-0.6414409971281462,-0.0196072049057097,-0.1296515233920419,0.2805489038452735,0.0518349998749118,0.1498837198651178,-0.7320467244636756,-0.2207026249852887,-0.3099022469041685,0.1665252599024398,0.3167474621912045,0.1302747100126354,-0.0917259421116165,-0.137885354769729,0.4097435825198552,-0.3854106554558086,0.6598284390705014,-0.1736178797478575,-0.1547169487330101,-0.3784760463583813,0.3352152529702161,-0.0116554908615708,0.0129166148478235,0.3479429504580544,-0.301757731450399,-0.1260593437049116,0.3681103190406515,-0.0679132600044212,0.1460733953820092,0.2300770298066525,0.3353018891833413,0.2486218330025785,0.0289753268623586,-0.1761764545897503,-0.1443654303256808,-0.2939826705436681,0.4979535028519712,-0.0452878930218374,0.1943104451661575,0.05957180398973,0.1261117509793264,0.0074590823322632,0.1587613947677288,-0.0180619955606623,0.0205786513472377,-0.0188015551179121,-0.0187757213889355,0.3796659423250576,0.0314123415268494,-0.1099111629723398,-0.0927808605793409,0.0613319588431797,1.480843664999999
Li,Li0-1SbO3,SbO3,LiSbO3,mp-aaackxkz,-6.443754128167651,-2.1430749011194306,-0.5874083611462911,8.021540428179918,-6.098381240740566,-1.774189371162047,-4.067928882300855,0.8346587971945781,1.4893707932754467,1.835802932170659,-0.8676874433174081,0.588060494157087,0.7503268022275449,1.852782513839346,1.0927742513767418,1.7662241737198707,0.5819615324057258,0.2215225577762886,-0.2219822150660414,-0.7531411409395761,0.4841691310920729,-0.3749208310080594,1.83182630659543,1.6955945543827868,-1.984299345934292,0.2713494271247715,-0.7984564949877719,-0.5437503283825181,-0.4413998320165573,0.626490546956763,0.0586878109374124,-0.5235250562820656,-0.3801999689333369,-0.8739834510514152,0.051875595040573,-0.1485848228467713,0.3875471340741668,-0.2534169583791419,0.1774713196694728,-0.977243159074559,-0.6572716389874163,0.8359205542116647,0.3795904301997754,-0.4454624905365185,0.1504656658810673,-0.5223901092123013,-0.5850661883158232,0.040277096901333,0.0633128166137646,-0.10892920440811,0.3617269395908501,-0.1347476435768552,0.4311108658020981,-1.0212043354077274,-0.6631586225442582,0.6374068613305359,0.2765516153716184,0.0019817776211644,-0.10735730423143,-0.5977386662419932,0.0350228836561524,-0.1497881091647131,-0.2698662066175576,0.1537459205248474,-0.0117648904408084,-0.5211488085760894,0.0578119472858478,-0.0193791345903268,-0.1953847649034698,-0.0545826313875267,-0.0249446481865435,0.2833173718583556,0.0230445226294286,0.2435871775000184,0.0160269770498871,0.2134131071537802,-0.261612972549372,-0.0449838190558236,0.3997087081239045,0.1890072388206225,5.363154020833332
Li,Li1-3V(Si2O5)3,LiV(Si2O5)3,Li3V(Si2O5)3,mp-aaabscxh,-3.677594885581167,4.285269202947576,1.1636862925481717,-2.7557756916984157,0.5243642919657241,3.2208880220618554,-1.8788364275431653,0.0392199985368994,0.6908654927064126,-1.0062538686977995,-4.376389211287977,-1.6425505520073054,1.2692063282709083,0.7398533168942171,-1.8901788404349509,1.1351873027035764,0.0725595292163717,1.1416728791695523,0.9548869199801592,-0.2746435079835435,-1.026155386319537,-0.7224022572656521,-1.107980012394835,-0.8843899874724893,-0.6362919029708715,0.9033543677800902,0.2982741591711251,-0.3902778742963853,-0.8083549843449634,-1.1983501903867837,-1.3581946384602754,-0.6338910208857408,0.6490103831169194,0.5875071149424395,1.61312245083814,-0.7374755553351368,-0.3155227082845562,-0.0152467369795825,-0.5092952796721488,-0.5050112255534621,0.9687765923347196,0.8919010679400824,0.1222647845304815,0.8149560169286937,-0.8323920064597066,0.6900788902553493,-0.3329847118958697,-0.0805930691513683,0.2141862515074193,0.5379206071279475,-0.2195534295692955,0.4499866921773309,0.0977180059595768,0.5230378356535309,0.3471285133951545,0.194905408019381,-0.6511648948220243,-0.5232611917555993,0.3836765025388923,0.0495259937544037,-0.7800310996116406,-0.5558309168194873,0.1661469469023956,-0.0804982493603249,-0.4724889765561839,0.085216453689304,0.481948126489814,-0.1466297181069796,-0.0613161183918413,-0.182033243243217,-0.6549704994347555,0.0463148348556616,0.1480965991128485,0.2350754994244459,0.8563236785090632,0.054750390807518,-0.1266309337325787,-0.5249276280583588,-0.2238216397457698,-0.4526373519859743,2.915834747083328
Y,Y0-1Cu3(NiO3)4,Cu3(NiO3)4,YCu3(NiO3)4,mp-aaachjjs,1.4987646083106627,-4.91445505087996,-2.344287530004231,3.4747057936432446,5.248592501592313,3.4879905844000025,0.5660319078700606,-4.990344155010861,4.312204452170897,-1.5659701537457364,1.0324907793390137,-0.4198898904065833,0.1045526205807157,0.2895744619031944,0.5089582769563369,1.1536571702209646,-0.5832709775831123,-0.6451909878991002,1.3889975412940976,-0.6298899170289571,0.7330184341308155,1.3927126828734964,-2.151143541910089,0.9682871306304518,-0.9784084752829504,0.1598223689105313,-2.448523004555403,0.1145529928773086,0.3115620383987759,-0.7142215000375954,-0.4175628406784495,0.3281120028332862,-1.2465198715505288,2.417890400918832,-0.3609887345836893,1.2281252455956035,-1.0779519097393262,-0.1232756919043601,-0.8724935856008581,0.9846292579176376,-0.2759166708457651,-0.6635880481803784,0.5844281836315646,0.1059094533723201,0.2255233061334997,0.2874357189525007,0.7981130329421879,-0.9094943557618388,-0.619484167180113,0.6887940615814659,0.3175258360205584,0.029705063145592,0.7895544310108951,-0.4779906972287315,-0.2424520430221257,0.4885383081675069,0.6085410088358696,-0.9462130502303466,0.1882871314320742,0.1122467849804192,-0.156051250458056,0.265349545539647,-0.3264612289060636,-0.252573633124753,-0.387874916477039,-0.1369629866750971,0.5761137503224544,0.4629474385749659,-0.3371163948595437,0.0192147222069536,0.0992194106813001,0.3750499162932456,-0.0880940940577889,-0.0383935023194835,-0.0785718487033705,0.1676911931775196,0.4437641536605807,0.5009547998597885,0.3773392193643934,0.2218923728440896,4.102394058888888
Mg,Mg0-1Pr(FeO3)2,Pr(FeO3)2,PrMg(FeO3)2,mp-aaacxijr,3.516785888596423,-1.2649277081186792,2.795199717586524,4.404318564811437,1.8371967313709652,0.933654136899579,-0.0194422982860131,1.4168680115737438,-1.632112072395317,0.5230210900984249,-0.5143327979695931,1.5751852304239793,2.1848327099110727,-0.6231778457678151,0.2719659545737559,-1.1063285175126043,0.8132427781855796,-1.347179017500859,0.6501394207572726,-1.159001671633964,-0.7752658493813476,1.346443677092266,-0.3064647766335187,-0.3358448358029683,-0.3177922429046927,0.2641849022977022,2.648696422889728,-1.7607429662586074,0.6016270332727578,-0.6594109119857569,0.5514969511753188,1.0664201606909889,-1.2257845651447798,2.048376114768629,0.0433270209072179,-0.4413265644889441,-0.9245153279026906,-0.0847167476400562,0.3600964533923378,-0.9740705847623046,0.5894749961191268,0.2141558173380279,-0.185898931405767,0.355744683909037,-0.842343277154344,-1.0017883793980482,-0.3511109365380652,-0.464645088858709,0.0345977667610508,0.3698528892248484,-0.8153887411594202,-0.6656488822327095,8.908124309418285e-06,-0.1620794864995938,-0.2049332460274195,0.1318258777548569,-0.2773650211327007,-0.0457009456072928,0.1815066787558907,-0.1765036387308716,-0.0412751292642079,0.1934750273583023,0.1409564908202308,0.1013388815045338,-0.1049545440182063,-0.298228856469946,-0.0715379163537403,-0.0475276054385042,0.3959475303619484,0.2538689375062501,-0.2328574909479422,-0.0617362420174354,-0.1501269633858063,0.3774228469457951,-0.1416579197437389,-0.1830642997373913,-0.2138092926097912,0.2547605988938244,0.1213854174923361,-0.2039529101435199,3.535330472499997
Ca,Ca0-2Nb2MoO8,Nb2MoO8,Ca2Nb2MoO8,mp-aaachota,6.839625429661024,-0.5420725551056361,-0.7252283292092506,-0.15616267348613,1.4958240254327897,-2.463210112041053,0.2483739736609165,-0.1334504747631311,1.9708561416837664,0.4741157078866588,-2.045885623910332,-2.3390887144288177,-0.1953859503302645,0.2610739828203137,-0.5783821862675975,-0.728274775170897,2.092443804419089,-1.3235730723433083,-0.956896368901959,0.670852057694635,1.7956556188142745,3.2261416027377003,2.273460637964063,0.3937343210655786,-1.6417338000700543,0.0994459241122178,-0.8058620078172141,-0.7079454464405187,0.1382083077485168,0.3916911472668285,-0.2288270720507999,-0.6911396109824639,0.0435377786697835,-0.1517287816899981,-1.2030857144334195,-0.3671858695769506,0.1608015081283727,0.3006167631919481,0.3056870585395367,-0.3672008764549115,1.2956605490178756,-0.7051666986598926,0.1503647903989067,0.4127342718307394,0.2536667180761085,0.0521092381114327,-0.7085125971237035,0.1266600372445473,-0.0464490033647068,-0.7105628118952763,0.1439407805333654,-0.5338830514935154,0.2033096243391086,0.1708973805659753,-0.3580160241059268,-0.1877537748999851,0.1910431322876958,-0.0398049831589102,-0.3198905197112734,-0.059978251108977,-0.087022285502101,-0.4105195198102512,-0.1151597584300581,0.3614124460854872,-0.0045398435462019,0.5912541834173426,0.3464481712030369,0.1416449551003974,0.0482872148653601,0.0498369123034756,-0.1051954271945205,0.1544632720221296,-0.1209209078113987,0.0917212479647969,0.1211526298115057,0.1066141389629855,-0.1676144549153261,-0.0260477244230045,0.0487051549082156,0.2842674390775984,2.5921004849999982
Mg,Mg0-1Li3(NiO2)4,Li3(NiO2)4,Li3Mg(NiO2)4,mp-aaabrahw,-1.1315427075582252,2.7234916830935987,4.048590755758435,-2.836149801138576,2.2012061228900373,1.9868619692334903,-2.0099818769819624,-2.2998753024876377,-0.8323147587136221,0.4704932539673607,-0.5229097207348533,1.8509148940743476,0.0472250814197715,-0.1032354044358003,1.796063483662169,-0.2474382587817281,-1.4486642535196856,-2.6119600164190406,0.0453136097253732,-1.6215468617177695,-1.311764806470785,0.6852836501597022,0.4457732211883095,-0.1860252476509153,-0.2698885495906287,-1.328135842662601,0.2561644115397282,1.2387617489148093,-1.7092460507037004,0.4147759869218244,-0.4756612257614981,0.0241303129008029,0.2492529252934439,0.3746845908336384,-0.6426726775811528,-0.9579999732213044,0.277494994141752,-0.2357642474320731,0.766275853449256,-0.0897905017009763,-0.4814347568439686,0.1776202651346499,-0.9621599301675804,0.4062291830789041,-0.040055547767607,-0.1226807120034827,0.0595285177109547,-0.5224824079836119,-0.3209571717941067,-1.5434898153891343,0.4801000567724381,0.6579084757474517,-0.5995984580197393,-0.3553854665500745,-0.4578309299173959,-0.1591531892317653,-0.2849396557018143,-0.3738008555429088,-0.1576440963579122,0.4867526120167108,0.1565395651465623,0.4898459747820617,0.2492522627967998,0.0210637050954494,-0.5442963229386485,0.2331740937581596,0.3743624871929295,0.2844580985553652,-0.5690650526393726,-0.1880452037253908,-0.3973419711387582,0.4655748072609587,-0.2046551182883008,-0.190705041618685,-0.508684900180557,0.5433007923997046,0.4037662016156699,0.1280210449258859,0.058683410548851,0.2252068943316113,2.998511529999999
Li,Li0-1Ba8Nb7O24,Ba8Nb7O24,Ba8LiNb7O24,mp-aaabskrx,4.870060599412495,1.5053489910101383,10.016628321083196,2.7394216401836777,0.8083801806903077,-3.484381163936352,1.1449711220318046,2.4613656210607635,1.3873357931484267,1.3270370631562969,-5.081435502794373,1.5288639411727796,2.2745961299271817,-1.1186610725898785,0.0897975526768262,-1.4774386785160094,-2.116323096283572,1.1296412098064403,-1.028613909149675,-1.6529820864485294,0.9357899021361368,-0.106270752176137,-1.8342755855897157,-0.497058696733364,-0.3658935196969146,-1.0699166554768038,-0.6100887521446685,-0.1266932070946992,0.308036803137541,-1.421642414505295,-0.1926428911643506,0.2162029901199472,-0.518548295959961,-1.6233114397024442,0.7567686915696025,-0.4991425990517834,0.7046575839323073,-1.6442472627754066,0.4258338540910408,0.1406905530365126,-0.1673974784659557,-0.4287245916299328,1.065424992242069,-1.744440628006878,0.8151126025575798,0.3199921431195513,-0.2333577860026151,0.1134239430465376,1.0953985565015572,0.0999775108416485,-0.7649253244077157,-0.0221203325590027,0.3210027970266623,-0.0588865144133938,0.399809767876034,0.2888233629791014,-0.0187344943583546,0.5175058320760976,-0.5287227447030974,-0.0861033398755597,0.0007694430188147,-0.1785717003523482,0.3882323640472015,-0.2068298314287853,-0.0174869662693933,-0.090649257186982,-0.5247775856657487,-0.0582617382692042,-0.0183035074373087,0.1879174434071665,-0.1757351673794321,-0.4108502903044488,-0.0554933722585308,0.3388480430280198,0.0855577761644601,-0.5469448641992596,-0.2487321706457179,0.3172448817782896,-0.0116458434335631,-0.244683470119591,1.928264973333289
Zn,Zn1.5-2Cu(AsO4)2,Zn3Cu2(AsO4)4,Zn2Cu(AsO4)2,mp-aaacyqmn,-1.2071471817438888,-5.177787536793723,-2.4723892962439105,5.126538440757979,3.410672581564408,9.657346640402771,-1.824209521199403,-2.380698853308311,-0.3286805886010208,-2.4685313551295924,2.433966076252067,-0.4351726670151689,-2.899744523311116,-0.1881601696181423,-0.6092949061785395,0.9375210837711044,-2.8189359669490943,1.3233233453104056,0.381786780579222,1.226292566840872,1.4839664723739436,2.4086756123309034,0.4272073894085588,1.0502940058687364,1.192235140531435,3.4136464262282646,-1.9558086341091987,0.3509571803752551,0.5021627700026774,0.1364351688428814,1.884286890111992,-0.6977946843642194,-0.0669431016515472,-1.6524469707277591,0.2529999889006739,0.6459688634699189,1.683334376196095,1.3887209286399866,1.2515094534673123,1.247347030961888,0.3473108455455452,-1.302205778032835,-0.5486789351682996,-0.5908750529375119,0.9962212859317092,1.171925894320463,-1.3080524758511176,-0.335833217083501,0.6506582441734619,1.6905357935041463,-0.5168480940620909,0.355997431793937,-1.6141440559273632,-0.0257626388742923,-0.6705490693345934,-0.7594088337833396,1.214638677463401,-0.3176905480376609,-1.0298131840859743,0.5747097922386176,-0.5272418358947423,-0.1467095465477876,-0.5216897697707726,-0.8213963849114926,-0.4894575410766481,-0.4827602465391936,0.3857375123487707,0.6359064027021842,0.1459544463470848,-0.170922041312693,-0.1741088664908874,-0.0035622455254587,0.0360091339514734,0.2624420671810799,0.1345113160870329,-0.3260138280518668,-0.2206540883791592,0.3221104120132922,0.6066811866125335,-0.383670212021341,2.567826364999995
Li,Li0-4TiCo3O8,TiCo3O8,Li4TiCo3O8,mp-aaacvlgu,-1.1126010125123118,1.4427540904268112,-1.5117364001701397,-2.650418431634745,-0.0294538805485567,-2.655829119906156,-1.427811410056801,-1.848519030160136,0.8521238181964976,0.7877960343676502,-0.3902144195180752,1.0056212409051566,1.995365793076756,0.1578053691902115,1.3517240046909762,0.2224726962115991,-1.002955698243466,-0.4583692607761726,-0.4341294576265627,-1.5154875094915623,2.735576498590885,-0.1029644940465289,-0.8701964649402205,-0.2863203102472782,0.0235497337115131,-1.0938543747668366,0.2865862232168394,0.2582423777732892,0.4125779620628915,-0.6240439896075436,0.4095758878105578,0.0502472163669634,-0.3698845448174424,-1.01710913274918,-0.47957249426258,-1.1834497078267752,-0.8752056439342041,-0.1604869027528381,0.072114462450004,-0.1600257976608338,0.5643749167127188,0.5339707452107145,0.0162005384241373,0.8523212000527419,0.2607132741726691,0.4549428176106295,-0.6167542658292529,0.4081598187641876,-0.0329707636578168,-0.2917395949134473,0.3073765427459099,0.1021591038746113,-0.2475769123694766,0.1439748867892752,0.07699917954631,-0.0509398572121377,-0.0722668457266379,-0.0688360073570361,-0.2504062689377704,-0.1778790613269174,-0.1914837064235201,0.1453131365428984,-0.0974734125069308,0.347241787350743,-0.0657038983755993,0.0230524017258204,-0.0279293491939748,-0.0918340813623286,0.0237011556038272,0.1698935178349181,0.3688842483829495,0.0675075290432246,0.2514617587119478,0.0117688191309952,-0.1695367920550365,0.0053643028935557,0.0857893525185635,0.2048678978769087,-0.1060963765438442,0.1733085682907421,3.534146764583333
Li,Li0-7Fe4P9O32,Fe4P9O32,Li7Fe4P9O32,mp-aaaabock,-4.372403463723221,2.2322249209470737,-3.6103391782202623,-0.058290035936901,-4.7946701402894485,-0.1770947191830854,-0.6074238053542346,-1.3910992709598533,0.1078551698910794,-2.1810921561614776,0.6388499427011394,0.7927808996695346,0.5203866739592262,-0.7702803287466905,0.6049914033317647,-1.2039155742165044,-1.031180501989476,-0.2562107211618351,0.4015082071669993,-0.9765063810157104,1.4248992639123947,-0.2066253931540203,-0.4758787977611136,-0.6816690861700432,0.8102742187230165,-0.4298290427444349,0.7054394618661656,-0.9168240717442154,1.0211831154697488,3.1970273816709027,-1.0304909942213467,-0.0002395949948975,-0.4844479350015448,-0.0127868155012798,1.184351503506054,1.1892457201762865,0.0396544915007122,0.4360146334559199,-0.4622876618603803,-0.7709893724539656,0.1181829138516632,0.0486625564024342,-0.7075618430190868,-0.2675273889167414,-0.2904992902239586,0.3251161520637437,0.3971020044837003,0.1603042556767571,-0.5524483487620431,-0.106708355132705,-0.2415330122093253,-0.3504858808873901,0.3058694772464187,-0.2107063954755096,0.1396094767588347,0.1399869807733375,-0.2427026147099465,0.0361373386999268,0.0847727715686393,-0.2604972158248871,0.2165307464027615,-0.3093306175801024,-0.1129926087095252,0.0782886910321327,-0.1171083894907102,0.0832737225966996,0.0557309898285075,-0.0550955348291629,0.1605038122485365,0.1330476796470048,-0.0700142381361943,-0.1730664794286115,0.1692382883265509,-0.0505298629935976,-0.0814057247854063,0.044123714327015,-0.0368999273928592,-0.056531084677814,0.0892571384650761,0.1758813272505687,5.059352748333332
Li,Li3-4NbFe3O8,Li3NbFe3O8,Li4NbFe3O8,mp-aaabrluf,1.7784979549961073,4.2920968221597775,5.170385870939256,-4.488831630444803,1.0558928462728698,0.2865276374083889,-2.7770203664674056,0.1727142203942051,-1.9488764665072529,2.61966388987785,-1.5757269797503726,0.1740952694094908,-0.4175886351890154,0.0466968985813094,0.9620050131170286,-1.2699177884966364,-0.1407240302618759,-1.3080753332882913,-0.1069497960533626,-0.1325868367378044,-0.4513410650539618,-0.7986085386821634,-0.7747307948626694,0.4993385176448782,0.4216151014377059,1.2029678908786243,-0.3018396913543957,-0.1231892045125408,1.4318147480610088,0.1006184401053894,0.3695910391610044,0.7292618309319393,-0.6416739905840216,-0.2028190948846532,-0.6497135621469603,0.5798045230648299,-0.3535859299964506,-0.3909338044109935,0.1239174897877774,-0.9624536055611695,0.4012057390218564,-0.5898839834149423,0.2549312222321925,-0.7797924958939074,-0.4201639830708876,-0.786922830762612,0.379995658699365,-0.332897485056376,0.4346571182675514,0.1830550857115731,-0.3964747423417673,-0.2911661131529343,0.2404332781352074,0.164655745750013,0.263082203838153,-0.4178815509010357,0.0028068376916288,-0.1334035915008165,-0.3831039465982614,0.6893262898982977,0.8552799571353668,1.011749105347639,0.1069251198800943,0.4841579308828714,-0.4024870393914839,-0.0224585202873025,-0.1102913695350394,0.4642306093959363,0.1244239420177488,0.0487270599023132,0.0569989270974271,0.0876019862760349,0.0325903645608529,0.287891620957119,-0.0144012897615934,-0.1756487550584051,-0.0342325113649559,-0.1371590856046083,-0.1993653439751977,-0.4410988276499017,2.820915793333331
Li,Li4-7Co5O12,Li4Co5O12,Li7Co5O12,mp-aaabrfze,-1.9727636519438607,4.055156353788991,4.401871481440863,-4.285924005482412,1.2810111989709791,0.8463239774871427,-2.703649217344303,-1.893414496748288,-1.5698005616567563,1.130571932969315,0.3095226164959273,1.6903856879503392,0.6143345526977885,-0.5312352736450164,1.7136820740564864,-0.540610916560379,-1.0378594954541471,-2.563685307137844,0.6439608288466624,-0.2527422215863051,-0.3624421379791555,-0.0383640573885663,0.4816708046186183,1.432302019671139,-0.3539298303477671,-0.9524756227012388,-0.0024573039431755,0.7675241973794427,-0.702555715395276,-0.0909766119361234,-0.7516076496299795,-0.1181273090594298,0.242747683532298,0.0279174535165936,-0.3741240208175584,-0.5087802637925353,-0.0188326950583225,0.1801317734379386,0.4642124875711323,0.0550306845978585,0.1490966114691007,-0.0380339911071283,-0.0885549182572807,0.2311323036734752,0.291092108994571,0.024577934632378,-0.3709002538035891,0.1408760827115201,0.0289881843164786,0.2268797805433596,0.1642878031332765,0.1112489632671485,0.1620098819606872,-0.0868513868976281,-0.0882342841740002,-0.0294955063896713,-0.0966635612830992,0.1343771469826616,0.0187120489091783,0.102179080938008,0.2676094480307299,0.3271704462879533,-0.1401188265143769,0.1133610509576808,-0.1128327062688307,0.0384231606272923,0.0085090151256947,-0.0048542216369259,-0.0207116589355567,0.1196930897782285,0.0193048448879439,0.0061144534670041,-0.138946356896552,-0.0887956032238054,-0.1240513469955185,-0.1065406951729489,0.0014992903899403,0.0504771716988233,-0.0840891000742725,0.0493293045996813,3.895424538333339
Mg,Mg0-0.5MoPO5,MoPO5,MgMo2(PO5)2,mp-aaackvko,5.439878000826091,-0.925852972719386,-5.349876618382125,0.6586017943625844,-1.8028589968612097,2.197202191114842,0.2613139178156468,1.0816493200744712,0.8432547747728736,-1.543608670105753,-2.1944200532606124,-0.296308664008772,-2.1786046527459737,-3.079036925293903,-1.8126800626142656,-3.694103474684048,-0.2961611056924864,-1.283485216759734,-1.368068861595091,2.779758792419704,0.7667223107851807,0.6532377983488049,0.6671152048264898,0.2871658917293164,-2.380799061434798,-0.4834427491865659,1.0218554798607524,0.5886922631023638,-0.993039720240341,1.0656463675926469,-0.3757219891283239,-0.5306409988887705,0.3339422754185308,-0.2222191158957231,-1.0178583793168974,-0.7979848478192402,0.9742559186101544,-0.8914831354652155,-0.7304285671391784,-0.1056510556048551,-0.7804134739454693,0.2053026455905766,-0.5069536351696371,0.5356415439092485,-1.537317964973482,-0.7232804075578947,0.423992444738579,0.1044280650680734,0.6116840812070058,-0.0713662000389822,-0.5921455051264204,1.0608898667611144,-0.007329410183564,-0.1930765318520466,0.0506262274612981,-0.5359057369416423,0.2073244513157001,0.2408017819181834,-0.3821844930998313,0.2461565482999219,-0.1759691039387992,0.474551552435705,-0.2315625951980563,-0.3689794346077294,0.0023459294540863,-0.4199990345077383,0.0648237521465626,0.2122677642011382,-0.161858325086279,0.0549724673958822,0.3583029161311091,0.0341951493963759,-0.014490581730023,0.031284001943319,0.4055835355863618,-0.1769455511619619,-0.1134375488627669,0.0068292319879704,-0.0133759847308066,0.1725554311883616,2.270640730000001
Mg,Mg0-1NiF4,NiF4,MgNiF4,mp-aaadcabr,-1.286266049768772,0.5455865478605378,-7.416742132793216,3.877035411480677,4.121313535593108,-1.1173016327790397,-0.8637243955894889,-2.3515691351016765,0.6987597979480421,2.41777916243592,3.077898861402004,3.484658710267625,-3.5522791206651334,-0.1614692426122578,-1.7276891635029328,0.5461404352891952,-0.4204175985924565,-1.5586577717253214,1.6094589478812371,-2.1823836710070545,1.3515495674368427,-0.6853996352748433,-0.0453551025992823,-1.641594539118192,-0.4456912807142236,-1.478083362302732,1.704860953672271,-0.0971047951466947,1.200391566866375,2.8012787954301848,-1.6425797761424388,-0.344832332131237,0.6589300994341667,0.255132510845262,0.2852932105203951,0.8732483246221345,0.9593273227410308,0.5086058355363317,-1.1385122316593124,-0.1864420837667604,-0.0288623956550166,0.1138740042664351,-0.8129834191226324,0.4266794815955533,0.4720045302485235,-0.1395833664726402,0.0323396257459553,0.6893684923391671,-0.6265330855842498,-0.371499184509462,-0.3240851718692926,-0.2292761318798805,-0.2148211482142688,-0.054790956548584,-0.2756702866139486,0.5966615256748145,-0.2452216725660899,-0.4399300752221531,-0.3038951774477545,-0.1483026139564518,0.3473335709782562,-0.1910657480973177,-0.3632097602491256,0.196258129603429,-0.1223560426195908,0.0487503816817642,0.0740037580265544,-0.2922560848928811,-0.1464529200068843,-0.3257396553326477,-0.4137243097964158,-0.3812252840049695,-0.1179613606084756,-0.1582731490443043,-0.1316818635563778,-0.5151823689052188,-0.1140968739722027,-0.3018213755104,-0.0490781515487849,-0.2686237722543452,5.506067987499998
Li,Li0-1Ti3P3O13,Ti3P3O13,LiTi3P3O13,mp-aaachgga,-5.010442448215818,2.4448687333800527,-3.2486940786710177,0.2125099183793193,-1.9304461735485936,-0.6024887964110494,-0.7866621278857692,0.8731802483780651,0.6663881940086605,-1.1624566790118758,-4.228511786361052,1.2353218642909405,0.6877727618460023,0.0369216284772293,-1.1827879992659769,0.0899085096200448,-0.8191035327208048,-0.1346126999726698,-1.3219711316824383,0.3299257784972651,-0.982330301747181,0.3600022614295834,0.5213395745757272,0.1070471871275301,-0.1221573056129338,-0.5909287596579461,-1.0817315343757004,-0.3352105741180005,-1.237615893969907,0.4408060143728318,0.3830376130151914,-0.1472179530682486,-0.5029000113847242,0.3564205655156543,0.7799412786178064,-0.161218307420326,0.0584597114533316,0.3234676732375338,0.2504078746311409,0.4970256088541477,-0.3421822143545747,0.055653348634578,0.2511159202381703,-0.2768867357595928,-0.0703169741978709,0.127516897953295,-0.1442691187909816,-0.017652473088518,0.1507948142695266,0.2595692530335595,0.1805598828106284,-0.2890364020443168,0.1715026748430083,0.3844089202745529,0.0120348630669922,-0.3266355826548117,-0.0335430287271369,0.6063675825895476,-0.3573661055282197,-0.2700209539456915,-0.0105314674442063,0.2050619825304279,0.3742274430241807,-0.261201291427419,-0.1848555234152387,0.1832377388793585,-0.0269509673801883,-0.1269999930792723,-0.2403685324513095,-0.0867344002504184,0.0715560152825952,0.2115001197276268,-0.1549325254607503,0.0253999393431965,-0.0388059654296258,-0.0236061878548778,0.1039913692565588,0.0529889592797058,-0.0929781986838404,-0.2080757099933861,2.032772578333355
Li,Li0.75-1FeO2,Li3(FeO2)4,LiFeO2,mp-aaabrdzx,-2.253309726326081,4.062589086537217,4.204024326623915,-3.953361366930913,1.4408023064941502,0.5431962663059695,-1.9936607509708688,-1.238085115680998,-2.6467861021493224,1.5380205530148296,0.8782694618757974,0.5342926818900012,0.6286759224079037,-0.2574329128309647,2.091034453928384,-1.3281011188413,-0.6426548936555244,-2.699814211562272,0.3905242480363698,-0.6973414691332955,-1.2124699225824376,-0.2032194103879266,0.1306916881467067,1.401103972028053,-0.6427580194263597,-0.7949823135117149,-0.4341954143636659,-0.7060355482689161,-0.8408571257563495,0.4095651123046319,-0.2003266519188914,0.1357588712033436,-0.4684479221650061,0.1538724803618947,0.0158507797016159,-0.2788728526931492,-0.4544153778650474,-0.1108102950054038,0.6618107276090714,-0.5144119250079953,0.2297716685767211,-0.0656815190653119,-0.3433355771702833,-0.2422536154614435,-0.3041619251956372,-0.2845457248762546,-0.1836220147582032,0.2282661678580444,0.4049736363834758,0.1848685454463851,-0.1072895793524242,-0.0207442399724239,0.1835688188235302,-0.2760147609699863,-0.2441504344128785,-0.4330958835222128,-0.0981420406446873,0.2385814697592463,0.093848195438971,0.3201909808786181,0.6016253178082459,0.1729353030041596,-0.0697231905769665,0.082087439106546,-0.1278253857590655,0.0933139525426993,-0.167130873463852,0.2799381820429036,0.0707402287606923,0.2480461543949399,-0.1178930452758699,-0.1524899264768711,-0.2309120956540148,0.0310637798491168,-0.0966814151425998,-0.2144580721505005,0.0114352201419494,0.1005781571286962,-0.2177439125531635,-0.1286038400110567,3.713874333333327
Li,Li0-1Fe(PO3)3,Fe(PO3)3,LiFe(PO3)3,mp-aaaabllm,-4.310104364461186,2.3046269702218503,-4.333254609100683,0.2437036674202286,-5.193866359966854,0.4817273440054657,-0.4354104962465231,-1.116915813978396,-0.1155809855382146,-2.749705505821757,0.423773524593844,0.9162312358517763,-0.0200084238199856,-0.8647348743199809,0.5817632962230632,-1.1896219155612355,-1.1082628282554776,-0.3683550569435085,-0.0953290305013629,-0.9650497264853876,-0.5237136977613203,0.0528371258106526,-0.2108599443374379,-0.793813569904105,0.1591449650283366,1.061662061552666,1.2338319822122568,-1.739487749754071,-0.1618640412461099,-0.632289811509182,-0.1644933603583739,0.2260464701304847,-0.2442001526499222,0.563379533796232,0.7772837490046066,0.846858260989447,-0.0113110326122813,0.3011394082556569,-0.4538313410834023,-0.2656240847550478,0.2910178253096911,-0.1055392755913565,-0.2237960943268154,-0.3524186029721469,-0.696713130432242,0.1206754282534486,0.3919783109812774,0.3627234596703448,-0.3619593143520926,-0.3651311889783043,-0.1103773250415314,-0.2855149579702619,0.349122787413186,0.0523490131919626,0.2204895699349876,-0.0885484468012826,-0.0781781043591884,-0.1297964557394091,0.0559004468402692,-0.065188027514001,0.045031057968621,-0.2675827724046282,0.1738777516463766,0.078086304021134,0.0182209981509901,0.0447133335899624,0.0299633231745026,0.0062091679461116,-0.0162007158403894,0.0639045309417365,-0.1915911036949918,-0.2339621799768088,-0.0950283786503005,-0.093356515530254,-0.257704357807297,-0.063898897604888,0.0869183248999983,0.0102601749080396,-0.1450726192637911,-0.1502159377525175,3.6850577958333353
Ca,Ca0-1La2MoO6,La2MoO6,CaLa2MoO6,mp-aaadaxvl,8.341296117990149,-0.6093622975028452,6.937380179244439,2.0427450754444214,0.9438133390183626,-0.8833633139032168,0.4833618317109505,1.0838501055167886,0.8125533195429003,0.8756138671446846,-1.7734876519421687,-1.0420391144544785,0.6179818403957908,-0.1127310252559125,-1.0984099955692843,-1.1318745153137486,1.3254776346151962,-1.189059380030691,-1.166807585402568,0.9666102114443036,3.891534759762689,3.4347408855953003,-0.8662087878547684,-1.1872575308039617,-1.1106040296049786,-0.4926516283317512,0.0172053887141433,-1.487018031486742,0.0260635454632461,-0.2214644621627597,0.9839319665548448,-0.2342561651653115,-1.2535625579711864,-0.6944562235035661,-1.0343541599329946,-0.6512014987613347,2.0177220321489684,-1.4055799855294933,-0.1556044460169337,0.8576330114176054,0.7369869700336833,-0.8742166985133879,0.0386022548102265,-1.0540103462548118,0.0721713146728512,-0.0435421818933286,-1.224457403477624,0.7409226672519071,-1.458136449369874,-0.1086282975430266,-0.7701676865932593,-0.5879770550797587,0.2114071813255442,0.4349640297718889,-0.2642090077780338,0.1794816108773642,0.229611754703155,-0.2757244672277144,0.0098464867251401,0.0050450740092835,-0.1867615999678707,-0.5082463669148087,0.1296676160876171,0.5196469944303838,0.2150292556455834,-0.0015266740631329,0.2124417229971643,0.551049683239871,-0.3758507298158944,0.3122977359830046,-0.6072199863069477,0.2785793633529735,0.1671430305050126,-0.2048749681291923,0.021638589150513,-0.0841010407802969,-0.1281051248746822,0.2245422594506735,0.3764920203853933,0.3996640816896409,2.182170279999996
Mg,Mg0-5Sb,Sb,Mg5Sb,mp-aaaaapsw,-11.643955123197848,-25.92467678031039,0.2812313162009353,-1.8575130220816645,-3.5254908783805816,-4.455932624690952,-4.939126060971517,2.443592225013567,-1.7558595383412852,-1.530071019925645,1.5296507316729997,-1.8870542220788609,0.4626621178341148,1.98419961033566,-4.833088125808275,1.1731344602983838,-2.249348947658645,-0.4427299622962214,1.742140869544951,-0.9341267631541332,3.322766568452419,-3.709039121905912,3.665590699252355,-0.1878059888786851,-2.7778238997829914,-0.2575212415084085,2.2159070800145044,2.7871448141343254,1.030225425806874,-0.2203187955454706,0.3492310322223018,-0.3257908396056772,-1.3600037899411923,2.031140738977081,0.2720903367423617,-1.0668892853443763,-1.7225587425163733,-1.161515190420427,-1.8290758879742264,0.0306349463972495,0.2023191977931932,-1.0673587146694647,-2.7291698872635526,1.6055857683221904,0.6461751775458103,-1.463179023584858,-0.0143400990804915,0.0709011087970243,1.4531708584973493,2.1505508569664933,1.0473054186944024,-0.5596868318955882,0.8044253104651867,-0.0254934378270024,-0.2212354737699707,0.1321811719011792,0.6889284403375711,-0.1392150310151431,-1.596444906903263,-0.0587738102912997,-0.0378662441674374,-0.6581133552899407,0.5624654885552506,-0.4331898611566206,-0.3129201315141575,0.0672042348106039,-0.6883564886362858,-0.6746982609035491,-1.34359156765414,-0.6517547086604846,-1.4745793428138223,1.0085340043381164,0.264531075823432,-1.2174738533490417,0.1254456778139461,1.220893870772827,-1.0922713186492008,0.0915534173799465,0.8814618967630776,-0.700924149200538,0.081227501
Mg,Mg0-1Si4WO10,Si4WO10,MgSi4WO10,mp-aaachkaq,15.572385345048197,-1.7069886332053263,-4.615016535981686,-1.516183878567967,-4.163176997027091,3.762989010952413,-2.0270244657461056,-0.3479732149434454,-0.4592501340432223,-2.5698606437583487,-1.873363622336219,0.4602901909675231,-0.4536071072739545,-2.18780947924437,-1.90385144735924,-0.3657871138342148,0.8893547695341409,-0.173363609132913,2.896923352982987,1.9107408098502927,1.485035637752418,-3.883960699952222,-0.7824540097436145,-2.185073193386141,0.8698898101411575,-0.522199002356102,0.6596752706357302,-0.3528348334056024,-0.6744078842649408,3.594329157829481,-1.5348974628668732,-0.4966947656327384,0.9134790967210588,0.5850400927200753,-0.6802338521262594,-0.3069310056904196,0.2333519882089425,2.332384117318873,1.1784749211939702,0.2491080252249775,3.260170400635162,0.9678420806772784,-1.6303334246596706,-2.7363810348454543,1.706323280099413,-2.014194082407692,-0.0569868598383295,-2.3953674725054275,0.5980346884226199,-1.4645370147574657,0.7949810170270444,0.1764359509765008,-0.1925737662628232,0.0972605259055216,1.163107074488146,0.6432887417158896,-1.022649188865972,-0.2117597890223979,-0.5590283660787911,0.7434009705661546,0.2492537827120249,-1.0885139654009697,0.3224856844347123,0.4517616635132549,1.2745688663195092,0.4524719137115363,0.1768117766954208,0.0853511046078515,-0.722943311116671,0.5714310962749054,-0.5397490971216441,0.6266972075860048,0.3591476142254693,0.3097534084264245,0.6455057510655445,-0.007637694981482,0.2900779251347028,-0.0110849458191151,-0.4625996329351108,-0.6018309456265796,1.759978059999999
Li,Li0-2Fe2Ni(PO4)3,Fe2Ni(PO4)3,Li2Fe2Ni(PO4)3,mp-aaabsbpk,-2.4114639983954564,1.7965573940859698,-3.2842698352767226,-0.5098574820868247,-4.080675525602603,0.0678437186397452,-0.3173267492421056,-1.5499058475707672,0.137026290457407,-1.799328247125946,1.008580320009761,0.3356818864527459,0.6198873854927323,-0.7237108399369889,0.8449299354729135,-1.2848510511327635,-1.0286996465341254,-0.7351570633653041,-0.409682976258016,-1.633531844687665,1.346022195621527,-0.3458105314419617,-1.7409360923685038,-1.4766439237245272,0.3318841540357112,-1.1248521775111189,-0.3507608434600432,-1.0770812799888156,-0.2794669855427064,-0.2783995931272807,0.9355983117941022,0.1951327159084034,-0.4739491555584584,-1.0287795572903826,0.2948477313498124,-0.3128458794356193,0.0311266608131125,-0.4877023253607715,-0.1690036387569657,0.0159462254303492,0.0078670559159502,-0.0592889074145147,-0.3960359531744562,-0.0197375635579061,-0.3638472114923565,0.0461043167539302,-0.2378011565845265,0.1287054983328494,-0.2910075938903821,0.2689097849759732,-0.1269658285089382,0.1861885434730766,0.1013739534484014,-0.3828167181021222,0.3361451997178224,-0.184401816939298,-0.0349448965938684,0.3946476719140253,0.2297486240696364,-0.0985026195444364,-0.0572196582904616,-0.1010830307008788,-0.0012375648428153,-0.010683882370651,-0.1097196244043048,-0.1976264922477547,-0.1367495762278154,-0.2737042613480431,-0.0696091345214232,-0.0327062339341345,0.0184650724564043,-0.0237611003083101,-0.2949986379787174,0.0233241621300507,-0.0369600795416244,-0.0808477244953637,-0.0019748491440734,0.1314309113811508,0.145027886253165,-0.0484784807424533,3.52621381083333
Zn,Zn0-1CrBiO5,CrBiO5,ZnCrBiO5,mp-aaachijs,7.677090774086397,-3.360965011002548,0.5886995595505354,5.310826095581012,-1.2088972814292978,3.5389544890899334,-0.9499720266813826,4.382321458737862,-5.660532992082756,-1.6404708374327028,0.6020921040437147,1.2783123375767258,-1.365505553582942,2.227560800426237,0.8640264545041153,4.350718304647639,0.6466528609135008,3.017144019272941,0.6748380389835725,-1.060395330370436,0.793327284322898,0.9868261036651432,-1.0672123219136205,2.916469219230826,-0.0887899448085662,2.085922535513273,2.200182361607296,-0.9047068044951176,0.7060922320639723,-1.2257210555115874,-0.6396641363596276,0.2263397548324207,-0.0921243721005279,-0.441548421948873,-0.5693236900527605,0.2368656125871352,-0.3677155146494515,1.1666254169094854,0.1697466198425699,0.7624314739078065,-0.693013561703801,-0.5317148204402822,-0.4883691520329426,1.2360913651905667,-1.13486366220398,1.242990731636868,1.147409315474872,-0.8657788311307351,-0.4475099898246338,-0.3429310707534924,0.2585707433079097,0.3849657644085845,0.252482790430186,0.3390282873691057,0.0772529124698449,-0.8238448790180053,0.2691891913766265,0.1916325746331391,0.2577065391971662,0.5597145041422367,0.1836506412440955,-0.0225555278310154,-0.0868408848824455,-0.6507962326596646,-0.6338604205865,0.7636546400441441,-0.024181398534795,-0.685016322460057,-0.5741110794339849,0.3962533146543435,0.3863365530982806,0.2116130514546857,0.2703340796667745,-0.630881280233259,0.314516577911447,-0.2911698165889447,0.0253482825695753,-0.2192028281632896,-0.5233938045483754,0.5443631438870453,1.802550610625005
Li,Li0-2TiMnO4,TiMnO4,Li2TiMnO4,mp-aaabscxc,-3.0816761193471782,2.340087369367307,-0.9607356984698676,-1.560862319995506,-0.161819560611722,-3.217209244734534,-0.7928536709801077,0.640230795093363,-1.0809785254935271,1.2810627421802123,-0.0903585609535068,-2.211125657673485,1.7793316219162767,0.7005301539574714,0.947372758201183,-0.3650624301484312,0.6510751920327704,0.8805207398283076,-0.9118334075032428,0.5702966662438341,2.604524319497287,0.0144837239873318,0.8202440802848823,-0.766128369291358,1.3822742433460298,0.0208977839793116,0.1976683692984019,-0.59713995638234,0.2859754321999095,3.3770583339882942,-0.8368415945319526,-0.3266825723338113,-0.4640460560141647,-0.1283907503050455,1.128901927412154,0.3525368896294338,-0.0331009650085305,0.430189672078553,-0.6052585621434936,-0.9001843850544909,0.810858950698995,0.394074977970475,-0.6647596420419908,0.4542935883996589,0.4122089478448435,-0.2162700802027907,-0.6913207707691823,0.0983851363755013,-0.3228177657274358,-0.1128223321033103,0.3745180109173662,-0.1264052178142651,-0.8912225250159904,-0.0158461704973753,0.3658518812244666,-0.3128171441273015,0.3107040242102874,0.2890173851575212,-0.6039135401141762,-0.2611705615893376,0.0677013834792347,0.125396823381996,-0.1672364928200687,0.1462877259837653,-0.3775388614856658,-0.2234815307972005,0.0664946827509964,-0.0661202757979721,0.1496310358100644,0.0514134315040876,0.4037207204038405,0.4402373700266374,0.0592243656031585,-0.3622352337755643,-0.1483206516182138,-0.0253005543436615,0.1740482824574468,0.2511545691599274,-0.1841374408140909,-0.0963534894503923,2.886352849583336
Li,Li0-1Fe4(PO4)3,Fe4(PO4)3,LiFe4(PO4)3,mp-aaaabvai,-2.4860129481322266,1.67515219421386,-4.142895423947506,-0.150591327575607,-3.432409589276722,-0.1950705244075061,0.0327638039933115,-0.8191371148424474,0.0693775489680066,-1.71651888143858,0.5401511115614356,0.1176378188462406,0.5237595630582836,-0.8954677530739485,1.003694053479921,-1.9465680463487949,-0.9851760683178707,-0.9864299335525264,-0.7609608635883158,-1.7594641646296034,-1.9066484358015967,-0.2251045355745299,0.1513841120416821,0.6770747982117943,0.2151470450541475,-0.7692756618683715,-0.7393899014112018,-0.9868412615408116,-0.7817946482985009,0.3879820063369983,0.0236107275210801,0.1811840949142509,-0.229632996984732,-0.1569976977795764,0.0679869978962661,0.235574916499006,-0.1989485643542119,-0.6017058338740784,-0.2262376316474642,-0.0231993919864085,-0.2375866509969705,-0.3173350489797018,-0.7193479379982989,-0.7167465499940493,-0.9519141727416705,0.0195805833445063,-0.0576753898765935,-0.1485373526614415,-0.2670922655009434,0.1432353985538623,0.0209310131602819,-0.0936315939993663,0.3589127420117312,0.1094097524158325,0.1546821258984055,-0.5168172608530914,-0.0773089501886454,0.4658687371007017,-0.1566784781052307,-0.2038044348425226,0.110902268955646,0.1602479657582649,0.384117893865796,-0.2772051114738523,0.236377709559678,0.056058621270443,-0.1851267188589669,-0.0185471658094493,-0.2138779921814247,-0.1210112155067693,-0.1609265738340398,0.0390586271308669,-0.2922275631507865,0.0283674407598739,0.0429774952624034,-0.1655508457055013,0.0456966833488532,0.0661803399898169,0.0668379570049941,-0.0173448733844232,2.728835493333325
Mg,Mg0-0.5CrFeO4,CrFeO4,MgCr2(FeO4)2,mp-aaabrsuw,2.232021357327106,-0.904442204102588,-6.006222379965766,-1.0186916725712276,3.6450945240789374,-0.0460651326342566,1.918156494406487,0.4474562642137211,-2.586357554407956,-1.5727693893029158,0.6282219435630976,0.2511731434779995,0.5853934731236865,1.4920602888713326,0.8231997382860816,2.0088000671680044,0.7784678551845569,0.0990937614691368,-1.5341217228330872,-0.3352609385804429,-0.6339570401119873,-1.6624240385048985,0.5114664044205994,-0.4169111317577383,-1.414378214293461,0.9371027310455392,1.3564124712693624,-0.08227822099305,-0.3309330394232974,-1.215095903221187,-0.8157282094348832,-0.0398231273665594,0.4360538069582245,-0.2233313098029686,0.289852590898949,1.159866236980981,-0.1813837707136124,0.5770015137821194,-0.909631364654152,-0.1337151153220452,-0.1008013324876467,-0.1059533546529182,0.0187558890495881,-0.0876839928229522,-0.0498418290423473,-0.023426943433704,0.3300327394095145,0.2527437036872165,-1.0351561782421888,0.0341660761823284,-0.0707996263546822,-0.0863466352879373,0.0565225165656227,0.2815769750202171,-0.0600668550821119,0.1086128247157564,0.0191779139778961,0.0126617671636278,0.0865259106335405,0.1927296803852529,0.0210879243828005,0.3267553781386021,0.3489122341536628,0.0257939149900805,0.4327371109463372,-0.0924914003889593,-0.0786849291669927,0.0503744175637766,0.2849085070543189,-0.0194324232816972,-0.1717413698921686,-0.0017744920803113,0.1682571968635061,0.0979821857458616,-0.0275020209563318,-0.0885558084724544,-0.1872126322967162,-0.0940890942431044,-0.084767548603672,0.2010791997897666,1.499713279999999
Ca,Ca0-1CrNiP2O9,CrNiP2O9,CaCrNiP2O9,mp-aaachkmp,1.3406731357664727,1.6303400415086415,-3.1037131948445347,-1.4807298935837712,-1.69226713639446,0.998106133119032,2.329389769752808,-0.9048860526557824,-0.8123392115507944,-5.28911008204534,0.1773281353287199,0.3397861229961436,0.8804345264002474,0.5065885462191436,-1.0154757026286725,2.121707976509623,1.805199970759027,-0.8081245456952704,1.244946995735957,0.784991703140599,-0.3260969285944508,0.7152982234686887,-0.1782439337310619,-1.2611213246629724,-0.0760843052948197,1.0043885871051226,0.9125094267434636,-0.5297415498290372,-0.4234316951728752,-1.4465902749368125,-1.2605405300188333,-0.3023844570621047,1.106450251906864,-0.399008342042465,0.0898104411399485,0.9947507026144676,0.4273895283159011,-0.3598799845579205,-0.1908832344234446,-0.4285089422571674,-0.1480045283472523,-1.1786397598012446,-0.8481532562427415,0.0894649413240889,-0.3045803727592608,0.1422403211781414,0.7609617786841912,0.4970371407826244,-0.4951009638102945,0.146006353690066,0.2519401406414325,0.4297949500484874,0.1374170892069491,0.0734356583966484,0.0577286044483991,-0.0992714105511503,0.2413446554340256,-0.083739434540259,0.0242886776538491,-0.446582812716127,0.0524268666478271,0.1939994442931627,0.3691195956314351,0.0461240869476902,-0.1433841552963271,-0.0696639800100149,0.1918629364289151,0.0692529884294702,0.1593321914800392,-0.0081783170844362,0.0673080769942394,0.1680494943229992,-0.1810642348426488,-0.1724332895314124,0.0355096301803001,0.006424674141633,-0.1630778087731946,0.1012911558213742,-0.0105907783709855,0.186427532074634,4.906288620000001
Li,Li1-2FeO3,LiFeO3,Li2FeO3,mp-aaabqvpm,-3.235136474920484,4.506758442132536,4.640074163621234,-3.9851288045003854,1.02544828248981,0.519470072324812,-2.48621015062315,-1.595699571579284,-2.609968778674772,1.3738292185076195,0.85792421331046,0.9861349032422312,0.3278721387055229,-0.2697877619532171,1.9509582611623344,-1.1392196989437522,-0.5827269868476874,-2.545529687306928,0.988775431466989,-0.1987078099119783,0.1999521549876336,-0.1608093722220031,0.9655090123757162,1.367158979316442,-0.6372705954662693,-0.8581701583410323,0.0667255952714163,-0.5175789407402179,-0.2700902400235551,0.3718344706320589,0.0296095994912218,0.1360457054842048,-0.5243145854692354,0.3709375616154282,-0.1027366235193229,-0.1637970901345911,-0.3980620473230368,0.0458443085133809,0.5799412249048733,-0.782964401156864,0.4030101905069673,0.2152507841633708,-0.1552003442603141,-0.0637113094757496,-0.1985854734914836,-0.275086824520839,-0.1729366315916305,0.1946659138667163,0.3986505213627373,0.052735295929576,-0.1350535505661665,-0.0297765854638896,0.0942026281725372,-0.3307029847931965,-0.1458788453203159,-0.2669118212622192,0.029990250166074,0.241211325303816,-0.0180050806649671,0.1678010767239887,0.3852576712192242,-0.0913039278873554,0.0445910963044587,0.0151427041731048,-0.2739835116659059,0.0568057353771866,-0.0806910875676885,0.2380061562384654,0.0682524074029108,0.2714772561473085,0.008081215854211,-0.0903630380992963,-0.0594533324692862,-0.0406298484644518,-0.0442152018716022,-0.1024335301039525,-0.0107591003252253,0.0537431928793181,-0.0567857310455667,0.018637659609293,3.958543983333325
Mg,Mg0-0.12TiO2,TiO2,MgTi8O16,mp-aaaaacsu,-3.054934676630284,-1.8598645353258343,-4.130829906840956,2.125464606240961,5.156014179560277,-0.1260073435208912,0.6374039997788398,1.3296234794744382,0.4642906803874603,-0.0251160957199274,-4.953063018404389,1.6727323754263663,0.1345942019185679,0.607172712679885,0.4013701966781048,0.4215274046317633,-0.3190127940701813,-1.8616124035334225,-1.6724979418642636,0.3973088062537135,0.0717744595099529,-0.8430903053298995,0.8039907299030734,-1.5354935679095472,-0.5906073781002165,0.8498798278475029,1.123624167531007,0.1848350504338906,-1.6175610395118387,-0.54973244997359,-0.1149855257127731,-0.0496178325823183,-0.0852418722485305,0.673844384611877,0.282978595469381,0.18555114970098,-0.4822700029940742,1.1746859362415651,-0.0092272570111889,0.527999922918516,-0.3703100289122066,0.0266429277490954,0.3278730939853227,-0.5541784748609853,0.462450040001139,-0.5635270822537988,0.0774704971112368,-0.0425367899872078,-0.6975685564600972,-0.3088544054800785,-0.2971196484248566,-0.1090754788614421,-0.0827754758131396,0.0140622533461,0.3786299030678601,-0.1530199697681469,0.2217938798266019,0.232986042877441,-0.2801020408784881,-0.305157291447313,-0.0930302754366099,0.2208131718509228,0.0522855521450326,-0.3611107186937277,0.2465288924013277,-0.1208085978742055,0.3111556015002786,-0.0383209025075001,0.1085834659362396,0.1218080900457936,0.2679854841336838,0.1327628443408339,0.1254149167904084,-0.0004161636556018,0.0103333340401213,0.373199050980924,-0.0608845187622198,-0.1107586754823251,0.0754635272871056,0.2856024757436535,0.509334084999996
Ca,Ca0-2Co9O13,Co9O13,Ca2Co9O13,mp-aaacymda,0.2787070420316221,-2.0759082430565834,-3.772247781034523,1.285952739584549,2.6076782866857195,-2.148458534901076,1.4512112833351518,-1.968708882051828,2.517780037289744,-1.0585583723171406,0.6484713329359496,-0.7035549956441297,1.5904725777549578,0.0192820934743645,2.0224808063551056,-0.1706032087099671,0.9389626482248634,-2.0378629116369997,0.4942112981366962,-1.152801914377961,-1.8723576831554087,1.6937413906240748,1.2564309932936673,0.0976583680544583,-0.1825398770438971,-0.969421248287356,-1.1760090249288273,-0.0092390051109161,0.1052381394054577,-0.3814833915653939,-0.2852500903880393,-0.1718450439805246,0.5604565491727737,-0.7198832355320204,-0.7515028421850135,0.5106071039381691,0.4537267671785766,0.3785482696075594,-0.143039467939528,0.1411335625056084,0.3259308545787848,-1.1631833233250843,-0.0514365805593296,0.1074513436401055,0.3347406557603261,-0.1155239846771125,0.1039983901674675,-0.1643938381707699,0.142915837410532,0.0560223243525973,0.7614166466315502,0.2844234412016214,-0.0005989063021327,0.2793099353520186,-0.0626897877265443,-0.1959732369855726,0.1909756477870114,-0.212018145398374,0.0767149236026843,0.0354791338650071,0.0401104093171643,0.2669426490006047,0.3462828081482028,-0.0996599392913118,0.265514728780364,-0.1432844832991627,0.1971334387267505,0.1788074284031347,0.1300144823152303,-0.1629182319559579,0.0264454504420768,0.1462040172613766,0.0760381556208679,-0.0929285207698213,0.1595512842197493,0.2915272198624138,-0.0877312481546928,0.0334674080881032,-0.1692454352716629,0.1810422567591828,3.614062422500001
Mg,Mg0-1Ho2V2O7,Ho2V2O7,Ho2MgV2O7,mp-aaabqxhp,4.491506002847499,-2.1475438623549614,3.8466249138828177,4.970422820951511,2.694261668612517,-0.1019434079933787,-1.4406015705034143,3.368767107821278,-0.5311740657470202,2.1317802547260776,-3.5137475654442367,1.959675686232965,3.8389304197664007,-0.7332304824496463,-0.8626717469382403,-0.2470787310022973,0.8424612392142878,-0.5084129370881838,0.5110998751316997,1.4215380803274065,-0.3705006267561164,1.7348596126828884,1.309768217966092,-0.0615579623863446,2.567500464014614,-1.9226267133597696,0.3435571785730446,0.4210167356415802,-0.2930680220265467,-0.621157341056248,0.2414796375501108,1.066334449124377,-0.4736130918559275,0.7783942192216098,-0.6186841946704144,0.130295782260436,0.6939408365082043,-0.9741124479639351,0.6819327547117926,0.4387982172093093,-0.50742771204459,-0.3716765653845719,0.4839631906238234,-0.0023414567352661,-0.0729569448199375,-1.1301606850531078,-0.850251143417041,-0.1283366647715176,0.0993161292761194,0.0208847557378201,-0.240767573770021,0.3762369877731855,0.2107425579030382,-1.1174202883000384,-0.1393342858138963,-0.1113034980230596,-0.7045094300865515,0.0768761294493674,0.7914625168630548,-0.2252877926736829,-0.289850190216978,-0.3176482230411278,0.2374242488118414,-0.0244396193102144,-0.0824832088780476,-0.5408108129982531,-0.2605951550937308,0.0100735387891577,0.1418731674639849,0.0699323569368971,-0.0771588560141841,-0.2996203064354866,-0.4021287281251552,-0.1583964689833993,-0.1657061939466298,0.3125283924349031,-0.1723264852043397,-0.2917226760182164,0.0671087266661296,0.0104829289851635,1.060696949999997
Li,Li0-2VNi(PO4)2,VNi(PO4)2,Li2VNi(PO4)2,mp-aaackraj,-1.8940409131319864,3.004003550221975,-2.0216125905204034,-2.317016439873707,-2.948118457560664,0.1302744556985887,-1.2249258861410133,-0.659312364953426,0.1929057358949161,-1.733759679317203,-1.5615456116245794,0.7825644531226822,0.7585287064276218,-0.0939430843059702,-0.5963964246374597,0.0410862627311163,-0.6840192312326367,-0.1674692199576685,-0.2175958524499878,-0.9223790344446284,0.4466901271858776,0.1580630624920549,0.9085849700868184,1.1060330299691086,0.7588270368186786,-0.8868289606190818,-0.0138088139558884,0.5416884691837743,0.1526611232241942,-0.4315069541373461,-0.7477278941017714,-0.0507828688277946,0.3366926168575852,0.1019196668948298,-0.1692564525627515,-0.2909249876875815,0.3539718247337187,-0.4274325702818215,0.1488091945366247,0.0134418027345422,-0.0750785225108352,0.1159823966439716,0.0832175302979532,0.2141811796545728,0.076768677452245,0.5994148031143253,0.3175885962718204,0.0613672210109804,-0.29189953677059,-0.1983501583673091,0.1174967529180549,0.2577463240439657,0.0517709099924868,-0.063800252425969,0.0922733630476378,0.052505727511887,-0.3293529055685784,-0.1925396129010068,-0.0247075138634443,-0.376953604266242,0.1387750163015638,0.3218226030336978,-0.0396086178760464,0.0613561242030346,0.0749625097138181,0.0800796385479272,0.0259773777391075,-0.2269298410758671,0.0458863977498514,0.0541761684419175,0.0960365860903578,0.0494323672379749,0.279180714621497,0.2149228250356228,0.0393993087941788,0.0646919159639159,-0.0062855503146463,-0.0322891970111209,0.0380476826660427,0.100817587570635,3.119846650833336
Ca,Ca0-1CrF6,CrF6,CaCrF6,mp-aaadbeyq,0.7542171261689935,4.574886732087096,-7.1010087051520845,0.8049986674822074,1.954518445185172,-4.598324055050458,2.130800848901909,-2.3443050796304936,-0.0468097612392146,-0.5982427750908176,3.074968156425376,1.8918661217927173,-0.2268056822910109,0.2133247236207476,-3.807613713005701,3.389119668462503,2.032751250961587,0.9867351965389104,3.708783510824373,1.4364375492467842,0.9567199117177606,1.084838478302899,-1.072643438467761,-2.707808663181705,-0.3616348958046471,-1.6831117881941595,-0.1076048301189997,-1.667781615766741,0.0719995130879417,-0.5178816995199772,1.0483036183636294,-0.1375010532224595,0.2850016448070648,-1.5447218903022797,-0.478909815696372,-0.025118609858261,0.4283930749892685,0.1062839819642978,0.2924047633162164,0.2641244868973204,-0.149025880233394,-0.9370111630340756,-1.0407026789641194,0.4998547741677212,-0.4492960982840444,-0.3983622458646516,-0.0583782856760315,1.0676125496229931,0.2973652544885014,-0.8550676400415232,-0.1743609910011404,-0.1529005353353002,0.1140942640289878,-0.1173024595788407,0.3063950531401226,0.2418206809223511,0.2651208640102962,0.192596804175824,0.2298105927595097,0.12952839760178,0.151635484558176,0.0904140266315806,-0.1494362705986178,-0.178734383018826,-0.5800028462708317,-0.0509763558095929,-0.1622145765916756,0.0744686593396903,0.0476151886973921,-0.3885773779243928,0.0184567546979885,-0.3089376232655612,-0.4951636983511882,0.0167837544245317,-0.2347840401376477,-0.0965940585945222,0.0275247039668262,-0.2467266159688753,-0.3320506197540684,0.0425095444405304,5.940197190000002
Zn,Zn0-1Si4NiO10,Si4NiO10,ZnSi4NiO10,mp-aaacxlfy,-0.8565615378894357,-3.6662438484311113,-6.41567859063287,2.1541049641039054,3.1351758212745864,7.284758427148695,-0.7730207350412114,1.0119407500340394,-1.0006382213988088,-4.4042751349934575,-2.330972282582498,-0.0246085097786592,-0.8726312648101767,0.1805863360617678,0.1268106148813716,1.207661400736074,-2.0852612925575307,2.1768465671094086,2.4636731134262355,-1.3979305541033609,1.6286235123407733,-0.8547583680947932,-1.1026639522892538,0.3860667549204744,1.8327422120238983,0.7139770477406392,-1.1611126953593929,0.0438085327536777,-0.0446234688020909,2.961777975229876,-2.711437802380346,-1.5437111333464224,1.4622873924081512,-1.2367516031739665,0.1067333282856338,-1.440368839694215,0.0355128505926221,0.1507084347064632,0.5679459291432889,0.528588611755645,2.578306516126542,-0.779196147768971,-0.7491082648439851,-0.4724938127432216,0.6814663603614318,-0.4649971377891984,-0.4983217229009534,0.0876668294425717,-0.2456714355331613,-0.2653582769371182,-0.5132094303730359,0.3118487077768552,-0.9623719228505448,0.6784622792888181,-1.0481527736561287,0.2231469275859222,-0.5377088685754721,-0.799514993032353,-0.1726880032544767,-0.5520380921798098,-0.7199333560627238,-0.1468130062148831,0.0096832053959585,0.5449148284069616,0.1865608494057677,-0.6947804292771008,0.2468581428042643,0.1402114297028535,0.7594778681071204,-0.3177756415110538,-1.1036745864073,-0.7030815012447862,-0.1885388617588419,0.5404660028402044,-0.5916330566581244,0.7123152350522829,0.3016428242045197,-0.2618872370629529,0.6000801875424664,-0.2109196937937104,2.209183643749995
Mg,Mg0-0.17MnOF,MnOF,MgMn6(OF)6,mp-aaabqyjz,-4.011262670560014,2.312893750751772,-5.1436969007311975,4.485538214283984,3.481600956975503,-1.1270701035457171,1.4480983295446053,2.622120364671841,-3.1805777566368265,2.3096499884082786,4.358735398095847,-2.298897017992376,-0.7468228973825004,-0.3086118876489809,-1.6270516449855104,-1.709012367879177,0.6972296191466567,0.3259369887732784,0.1664025015673526,0.7396339161663313,-1.909727255255314,-0.4738480276362383,0.5411011297013015,-0.0054109506295833,-0.0239625325458283,-1.1273144928074217,0.06250848795081,-0.5251429004211053,-1.04082839916442,0.3533163994696501,-0.0166782611154749,0.1426699181744347,0.0937755527624298,0.1208396638788144,-0.1409674591675484,-0.6904145564736159,-0.3236697452958078,-0.921652964375278,0.3410817203286982,0.4938476499403232,-1.146633960404015,-0.3624176830931802,0.9379099296240656,0.190480147139554,1.1239132866557864,0.0187043003590328,0.3194239446020688,-0.384358080420166,0.139584267724678,0.2736290634341704,-0.1202005855575169,0.5091986433157608,-0.557162504452386,0.1205911143688677,-0.3917888363881486,0.2868097172905762,-0.8409704261215898,-0.7878390859410017,-0.1778385015755296,-0.5840689779254085,0.5749499407835773,-0.0410163494248978,-0.0043146910680021,0.1117745675792806,-0.3467291846454524,0.3911626622297526,0.1545065631381976,0.2208227776883086,-0.0199069199604245,0.0045774249449161,0.1274053458703794,0.0455719940968002,0.0229006044229439,0.3089913978314518,-0.0020465804271615,-0.0181166183427904,0.0097237881705646,-0.2461413178351871,0.19253011072472,0.0482630859110745,2.00070587500002
Li,Li0-11V6O5F19,V6O5F19,Li11V6O5F19,mp-aaabsgpd,-3.754649148888636,5.748172529076495,-3.758831960453042,-0.2868664288202656,1.477666950199951,-5.436773180311588,-1.957830708542088,-0.6960765874376398,1.1134058768354311,3.64310250021862,-0.3779229890123125,1.660694744314209,-0.6087253224774664,0.207632319391836,-2.690513274400656,0.6681013044306793,-0.3021280523856146,1.016003845348226,0.998604927643498,-0.5443059110560976,1.5869135997616188,0.1818988106808105,1.1650736475777308,-0.0548351810885372,1.2417197634559225,1.4825753392724583,-0.0661766393548061,0.380571991882938,1.3261976484979756,0.1815657836149696,0.7566265308177944,0.0125220772731147,-0.0298407460748318,-0.2912444408435939,-0.6574975299933412,-0.3249249410634791,0.0872429777341777,-0.1708414564897443,-0.0394101783132936,-0.5498646448644013,0.0709817040538018,0.593087040300706,0.1102303876840448,0.8427099456406021,-0.0600172318427314,0.2818116405727542,-0.3013516895949428,-0.0619952683794547,0.3525061067342533,-0.1662532353312087,-0.0654474534375988,-0.1005612635620906,-0.2417004051906942,0.1053779281166399,-0.1476545377041528,0.3840182153881453,0.125490332381306,0.1148704419510287,0.1042357936902758,0.1510947164489081,-0.0647464786386206,-0.107306516136175,-0.0591153947157821,0.103777015595089,0.3044965420196805,0.195816370956598,0.1110893084928973,-0.0040708055930751,0.2636119445317695,-0.0179267172979464,0.4862881444617782,-0.0995669028413458,0.1250866287564843,-0.2733914239077101,0.0229939238429191,0.2454391460062689,0.0982533871779552,0.2591770228734148,0.0037131609660657,0.1418422026056716,3.684919686969697
Li,Li0-4CrFe3Cu2(PO4)6,CrFe3Cu2(PO4)6,Li4CrFe3Cu2(PO4)6,mp-aaabsahm,0.5775201061067811,2.468075196145305,-1.127332995720113,-2.7341436874546976,-2.2890873856013063,3.354602246084262,-0.3827832725169884,-4.085876319567492,0.5323329921036528,-2.6470970105313234,1.9960593682485903,-0.6990607783601429,1.889393118140204,0.958771637260194,-2.6046094283002894,2.6077539429518106,0.348129310548495,1.5694930309832738,-1.5619761581860254,0.4088763985310906,1.259137658833596,-0.499344177122888,-1.955859303943112,-0.5720836179795311,-0.5924525378397801,-1.057471858467301,-0.1787313289878112,-0.3283484298406977,0.5746998770908055,-1.1197514432781717,0.6986483114138157,0.0353330432496366,-0.3926493407739515,-1.0927872841956066,0.8437200442427568,-0.5780892861930294,-0.6017672182354618,-0.1836585511193798,-0.0240143808588234,-0.3670451268510992,-0.3841668805134545,-0.2972368578558306,0.2056914874746672,-0.3303649345238862,0.1857576424007527,0.6567217668983387,0.6501134661428858,0.3370069689746308,-0.7973174274230519,-0.0632250516530179,-0.7470478404663689,0.1239334939181095,0.0093349765733958,-0.9884964573267698,-0.0322471179518931,-0.5511215184624485,0.6853848277706774,-0.8932729492742404,-0.2034900626657411,-0.8688665954982675,-0.259074988452837,-0.2445944954077259,-0.4357852097114134,-0.352707801268768,0.2137203374031061,0.1144316566194075,-0.0728171276350823,0.4894558079445172,-0.0739542895843898,-0.2206686259151203,0.5817015789040405,0.0803207587645856,-0.1005067285237733,0.1514977617749618,0.3030514553908801,0.2145917020477744,-0.0812185329438733,0.0327576178851821,0.015180781150345,0.4385463499051905,3.489295448333342
Mg,Mg0-0.12BiPO4,BiPO4,MgBi8(PO4)8,mp-aaachlok,-2.428075257502663,-6.227730115506327,0.4576379044714669,14.113917331279367,-6.821014535525871,3.1326508169385887,-3.1685026635604228,3.684634433214318,-0.277008053792447,0.5623895859728035,-0.4413428995744734,2.0908037364850656,-2.3736242981205184,0.4695636055076534,0.474112074467818,0.6747954259236303,1.1944506741335668,-0.8328890642560333,-1.2261422247346696,-0.005828403582357,-2.006011834682194,-2.513809263227957,-0.0664732842741122,1.0004082556194067,-1.4494985606701074,-0.8093661979148412,0.132804652204613,0.0666398399336456,-0.9246004720599088,0.4735292377783968,-0.7795548756384405,0.1588985108297401,0.5639881929499856,-0.6862892322657388,-1.5225371307208115,-0.0947864827027604,-0.4422457715470044,-0.3605774203617689,0.2231555272898973,-0.9860158608538484,-0.350362850534509,-0.4336552836568024,0.320794869278739,-0.6823839206022813,0.4376876233258143,-0.3814579552397019,-0.3525998221839027,0.4441010865445882,0.225509255789134,-0.1729327452661996,0.6855014386742805,0.7112474105679382,-0.4870167507786778,-0.3500880899501898,-0.7788076098304212,0.1040811208842344,0.756665528970584,-0.1538469630962207,-0.4406922267951085,0.7772346058263859,0.0046678625288522,-0.3800940848526274,0.0523059145452034,0.044930626851152,0.3469537345575987,0.1424050615930752,0.0474979599265823,0.2999956759421657,-0.040167912143839,0.3536636099147051,0.848645275635626,-0.0407099811410609,-0.3883487934919474,-0.4210909903083533,0.0245964373463886,-0.3609508873023819,-0.0956904935141939,0.17220908555886,-0.589191810453011,0.5081171485630818,0.002450499999999
Li,Li0-1FeP2O7,FeP2O7,LiFeP2O7,mp-aaaabmug,-3.9757109849149472,2.391522761481083,-4.09199017963757,-0.0216326642650335,-4.939850956891929,0.2026063974135958,-0.5625122620324086,-1.1717460507778434,-0.0526535561912829,-2.467718138042025,0.5262979535900506,0.7749390958512279,0.0408945600467229,-0.8639386531485264,0.4840827248798522,-1.4384067070239706,-1.0150222677656635,-0.4456551625253589,-0.0627186701284407,-1.1129044569376607,-0.5316773637202548,0.1455963840537837,0.8280359238074664,0.404059134373241,0.1078450225164762,-0.897723493252276,-0.2204482796392471,-0.9854425521779586,-0.0189944230211288,0.3727461199739263,0.3672810821558516,0.2342969992653291,-0.3654868558009138,0.2312618106421663,0.0573384922077298,0.5814188060277458,0.1291875871811876,-0.1347264582803037,-0.1264758050439542,-0.2997392067248526,-0.0096270632697523,-0.0390881597815672,-0.2902021365550065,-0.4186422614705172,-0.7011904163307978,0.1359390892456657,0.2289858067102249,0.2066518768562626,-0.2200759138195075,-0.2781003024033165,-0.1548031072253937,-0.2456790218597795,0.3139235487397156,-0.0327299263363296,0.1763136440086806,-0.060016988444383,-0.1226718622480051,0.1688756566739988,0.0747520167837433,-0.041765344734427,0.1651506019576384,-0.1842826343386316,0.067313809537356,0.0483905436063947,-0.0180698042927998,0.090390346506336,0.0198340902370068,-0.0535621986934143,-0.0051390451842672,0.0497411591189215,-0.1415329914732882,-0.191801476643075,-0.1341958678992206,-0.0703231321057183,-0.2303948108079303,-0.0426804579370254,0.0063940148263603,0.0066178037216538,-0.039624980819385,-0.0071186010942962,5.186244598333336
Mg,Mg0-0.5CoBiO4,CoBiO4,MgCo2(BiO4)2,mp-aaabqzuc,5.634135931870855,-4.152613392794375,1.4224431103647803,7.600443561962286,-2.5743491430373084,2.414883098714665,-1.6983985570611662,2.5502896123944687,-1.2700907033678592,0.1975426110570635,0.8091695985380903,0.8419886345727081,-0.3057284920073076,0.7679413879308519,0.861499546700775,1.1908773721747086,1.3696312872508165,-0.4928649690495585,-0.7976116852476061,-2.510964712549143,-0.2371690220503317,-0.662080780545704,-0.7613556598507563,0.950015300526516,-0.2987969185948245,0.741414419616672,3.097720153902664,-0.56792044186813,1.136365872317012,-1.2794104347613782,-1.200778914909068,0.4431040232194252,-0.0425879158437076,1.1747679989231454,-0.886656690675624,-0.076764569973057,0.8275542727280524,0.6651281903149113,-0.3362686320683762,1.4132385309268891,-0.3597841515247332,-0.1937045336400262,0.5541385445145245,0.8010214961146315,-0.7363468346666966,1.0522072986467974,-0.3476650014273508,-0.964058293970724,0.0239559010270312,0.0003339023767466,-0.7650428041932004,0.5095106420528861,0.271404010744357,-0.1292531480848918,-0.2171355913475109,-0.2887364431573986,-0.1907073758222186,0.3241201289971456,0.1063326195322891,-0.1434272004724014,0.300140988849687,0.1478259438873317,-0.098909986347369,0.0295080498433261,-0.065612054790004,0.322237809410844,-0.092576128174675,-0.0499551366881324,0.1755656986887878,0.0603737265355125,0.2771635865744285,-0.4885497048573381,0.0159224535451494,-0.4625190561954674,0.0562792442614524,0.3239165095945597,0.2229266990784157,0.023860799008961,-0.2291126218630278,0.0177714580702098,2.662818240000004
Mg,Mg0-0.5VCuO4,VCuO4,MgV2(CuO4)2,mp-aaaablhc,0.5302748442087579,-2.3462128032125045,-2.3918424069755497,1.074264183587065,5.703805308287809,4.008326206944423,0.0679665385803686,-3.224052790049485,3.1113622975854778,0.0047985737473661,-0.1776846978991176,-1.0776011175014848,0.6809938852075004,0.2363442970971855,-1.586499846535925,1.3576417697163947,-0.1727785756158498,0.7161682556821786,-2.04895300773,1.554312059456541,-0.0589007552406342,-1.076167702213818,0.0649336629415502,-0.172259628042839,0.093369343832746,0.361938015375476,1.2398786132834865,0.8343729478513607,0.1393527521269965,-2.1948794266844143,-1.041525620208209,0.089264522323589,0.7233903099437831,0.1671301383139517,0.7827932766497635,0.8653091386767556,-0.177746880186574,0.2036043907316031,-0.7260112935226799,-0.3593998593365601,0.595587637845217,0.8800909375609295,0.0715392258687139,-0.4611448385977131,0.2216418037310073,0.478696936341827,0.6211027392659959,0.5617635424554733,-0.5147518689688901,-0.0850133388969302,-0.3712702781191485,0.2603113625906642,0.0524235594563333,-0.4120688111639982,-0.0503767703730837,-0.1409636283785358,0.2056094466803798,-0.1083069429623097,0.2513009453356054,0.2120415057122495,-0.0563670805363515,-0.0762748983883788,0.1852601361547682,-0.1565999867870014,-0.164343654750511,-0.0535473747647827,-0.22041729276423,-0.0482891907260768,0.0324335821038502,0.2312265133907729,-0.2545873486265902,-0.0872806301426831,0.2067785193063579,0.0806528287786931,-0.1277383632951076,-0.0520692307561554,-0.0166708097649206,-0.0296050404511462,-0.1424925963803169,0.1087078305936948,2.481794684999994
Li,Li4-6V2C4SO16,Li4V2C4SO16,Li6V2C4SO16,mp-aaabseln,-2.707364810458896,4.956521370460647,3.1199129589131043,-6.754475319304229,-0.0586792291916748,4.997813211620782,3.3232367550448805,0.0603440638157287,0.9800611741340084,5.149414645799266,-4.932318752919093,-1.5348627552155265,-0.4659896149537514,-0.0352471442506471,-0.2132416331729693,-1.4551241828511934,1.3803203356053986,2.8327053003232345,2.795812862108266,-0.5864959576890636,0.5340706056182227,-0.7107370251796068,0.7813712854056667,-0.87129507861229,0.2217282370162277,1.0868749899191126,0.7976551561867246,-1.888587246352092,1.229837040657083,-1.635683830477336,-1.6324101929295265,-0.5881277043361893,0.2826830882943949,0.404771737469899,1.451685304334119,0.554873183542211,-0.4365096464008415,0.5838953033328204,0.5829143159859973,1.4668585453469536,-0.570720202178183,0.4546499619343001,0.5214434596448192,-0.3691284666326535,0.0234986550741467,-0.4257450940897629,-0.4276364375921396,-0.0624202584974,0.4542979796800792,0.6982894072403462,0.6520660410969895,0.6711628681393815,0.0857288996360271,-0.8349982305299498,0.2672104746814678,-0.6762939328083624,0.2235310514928336,0.7103809939630451,0.8347689493741595,0.1923619618571751,-0.2197699894940708,-0.5073390622161517,0.2671118110891149,-0.2124935678798904,-0.0529314393547281,0.3713122652183528,1.058472617332053,-0.0673085439368405,-0.2359693026356552,-1.232635058099815,0.0435724099811932,-0.1101400832016326,0.4608953482033401,0.6178289478370285,-1.0570179524463943,0.2632591862545204,-1.938746318376267,0.6247341835349536,-0.4366654881230593,0.3622458279196413,2.543221765833327
Mg,Mg0-1SrV(PO4)2,SrV(PO4)2,SrMgV(PO4)2,mp-aaachnyz,-1.1617741966096002,2.327268275153585,4.053173163708555,2.316242407034965,0.9526569784551469,1.3953573026233623,2.128584103727249,1.9336304992464208,-0.4906835955821839,-3.256073147706933,-3.320525775313782,1.6194113163413093,0.7949381158487232,-1.1071496312830449,-1.8142553192847544,-0.2154929716987312,-0.0673546342553671,0.7713187702559415,0.8181250457866108,0.1229727086083172,-0.8770926367820184,0.7122933804618367,0.2322793915936336,-1.559219214458624,-0.0161156967388093,0.4494271769297655,0.2463746814575126,2.46794489727419,2.0255032485689286,-0.7966024268159911,0.7903301988452468,0.1561097053518007,0.5465823795315825,-0.2419034913949291,0.4359616507846618,0.0122745386089859,1.2345624502688042,-0.0299864531189087,-0.4761018856660607,-1.1823168208214303,-0.8568986794266604,0.146840783658436,0.248679849862455,0.6471527749141034,-0.849781830311958,-0.246692019080985,0.9589636203801706,-0.2636832209349848,0.4880797705433413,0.9635282135984397,0.0762852746790977,-0.0560404050600434,-0.3296194756591168,-0.4153113678835493,-0.1505686945314671,0.8305508533306178,0.1791693278819938,-0.4211232932677702,0.4293382574376543,0.2259107507963851,0.150148479136539,0.0570600770751211,0.5096793682950034,-0.3506323210141753,0.4097668298226868,-0.0352546313674389,-0.0974567167526897,0.0713805784862533,0.1836538017217531,0.2574337555222679,-0.1830614928938256,-0.0068189600418012,-0.0141732384020845,-0.0145499715411164,-0.1301148922864376,-0.2435137895585937,-0.3481220214076868,-0.1521058028708099,0.351071208802699,-0.4123974315815015,2.40233147375
Li,Li3-4FeCu3O8,Li3FeCu3O8,Li4FeCu3O8,mp-aaabrxbi,-0.8528941416677439,2.2827517715875683,5.688714357558196,-3.2522501470426555,2.8525439255163247,3.738101900327836,-2.346586685305132,-6.350325479431137,1.023638120800753,1.6444588525602395,2.9655216719376205,-0.5074346296742767,1.1948059072906814,-0.3185011919864073,-0.0602332069556662,0.2380706317104951,-0.5779651851641948,-1.0780326672600733,-1.092304196911884,1.462961190637697,1.2975250030877512,-0.8596903496158429,-1.953340574674104,-0.3173268804754594,-0.7897341284696081,-1.0520198817818265,0.0654298593936621,-0.5112615901727521,-0.7356707332345446,-0.2526584184244704,1.1043167080384164,0.2343945787504779,-0.8295163100499499,-1.3674884523115147,0.2506692037101304,-0.4164488205911903,-1.5487590943276872,0.5346250238080555,0.4902442440911603,-0.2315091937609215,0.2461577125205671,-0.507489761125019,0.0288784924109357,-0.3883244212570456,-0.7191070923966032,0.4079133264507591,-0.4405466775996003,0.3071707970389154,0.4901930409017541,-0.3281366398158655,0.1993145864650653,-0.0096075198375234,0.5158736969315538,-0.352935614774775,0.3691530732171482,-0.0295982409120886,0.1694370434117902,0.7249958369538273,0.0541200352158357,0.0221340963528393,-0.0542669219226603,-0.1953999085539941,0.0657221768575607,-0.0032337506604856,-0.8332726273890757,0.3386771063175854,-0.0399387057790118,0.6991090438645012,-0.1347369137177156,0.0382552689955406,-0.1783271310288952,0.1194314545459592,-0.0035136210971026,-0.3798330521695117,0.0731232773970562,-0.021322980113328,0.1128313904534272,-0.0518962067090595,-0.1031158912466451,0.3345666117816029,4.244925613333327
Li,Li0-3MnFeCo(PO4)3,MnFeCo(PO4)3,Li3MnFeCo(PO4)3,mp-aaabrfsc,-2.449325207799808,2.9797454867308404,-2.413091391616619,-1.413508194271454,-3.848984402778283,-0.1287236034340444,-0.3999165749262776,-0.5307216923947342,-0.9204797749574536,-1.7606164511996236,1.878154017494534,-0.6541333004032778,0.402641850964708,-0.0404648941378264,0.2187977018275747,-0.6169664775712604,0.0200328047300214,0.121180012243687,-0.790951345994727,-0.0998578449616959,0.2028028831625332,0.1791125738955194,1.48661149304742,0.3310395042691256,1.0781955023305323,-0.8940199214687053,-0.2011295784963422,-0.2159262554703494,-0.3033893043523794,-0.0691148326332085,0.2086812985004944,0.2067593865959637,0.0542864043595586,-0.1217861034046085,0.2973388036535294,0.5695788796681048,0.5633755379139395,-0.5997168716899702,-0.1061079462122204,-0.9437068035835796,-0.025891202535614,-0.0378462931555593,-0.4899184421296871,-0.3295513774754404,-0.5235676875065701,0.0580903641272018,0.0039090154992319,0.1386968627633663,-0.3942921717076817,0.2757288386285149,-0.1764417629453634,0.0343886448529484,0.0300224952979481,-0.2261813611531474,0.7093407578559464,0.2037851513713853,-0.0287314630151312,0.2023709531957394,0.1456215064049119,0.1358031492354347,-0.2011133597909908,-0.382284594474491,-0.1648408937393385,-0.0162296373123865,-0.3524684243247096,-0.1431104731199858,0.0776489955226179,-0.2650896924448316,-0.0448981380533157,0.0536771112323604,0.1434248759964376,0.1379253939102117,0.0001841643124191,0.3385130208167871,0.0430820968099599,0.254504570186401,0.0052095324459712,0.1163490380430526,0.1664476751915182,-0.1040871201972923,3.863425366666666
Li,Li0-1Fe3O4,Fe3O4,LiFe3O4,mp-aaacpfoe,-1.467948991647431,0.0906527822231777,-4.043466725015989,-0.7264380135385311,0.2398872043608354,-3.667615265265871,-0.2441120174172868,-1.249173995979584,0.5656795818595661,1.43895366227024,1.1324224483894754,-0.8615535298535427,1.89394257837466,0.2107828104392282,2.964673401157819,-1.4150487581451654,-0.7427948560302765,-0.4681456255368392,-1.152642083099978,-2.4949010162134666,-1.748198988642359,-0.1148607133961683,1.0400501021938569,1.4499565413755235,-0.6395472932133801,-0.639672930157368,-0.7528739453936717,-0.9466700178728248,-0.0765564895514323,0.2741261555706099,0.2828414122431958,0.2135322600724876,-0.5712761674781645,-0.5339841857125659,-0.1641360687548167,0.3718230845639432,-0.4189405198277929,0.2432372943025407,-0.3703700857020194,-0.5238307389285547,0.227764651818921,-0.2461119042471146,-0.2683263453186387,-0.4020876623634705,-0.601289684344694,0.0644147208656018,-0.145125584775374,-0.2449946635318642,-0.2299550295793747,-0.0977892211498942,0.2917841165175219,-0.2794029586496976,-0.2794199763764209,0.3432177260531669,-0.2476943405588087,-0.1970766309234866,-0.114685675757872,-0.0033755381540508,-0.1577598402833897,0.2854231471629802,0.0007919954386792,-0.0097990923739791,0.1439535451535009,0.1138583736014662,0.5217754168384754,0.1187634033570951,-0.1474919488002073,0.2500573156266494,-0.0868734547043112,0.0289175600476796,-0.1028604994757438,-0.0959955207895375,0.0024890239437247,0.1767973315536505,0.0593806549539346,-0.1164546612618535,-0.0747703407401853,0.1536493953054309,-0.200521611501874,-0.2057161809843435,2.743494053333326
Li,Li9-13Ni15O28,Li9Ni15O28,Li13Ni15O28,mp-aaabrfaf,-1.6347852198036084,3.177365893372999,4.101216000498274,-3.58195591257069,1.5078774912097752,1.094518146803294,-2.88822368341942,-2.2818050190529924,-0.8481919703484524,1.1255668422699,-0.5395352385462753,2.160230706377095,0.5106361917140452,-0.4931716379222141,2.0579660811975877,-0.7217915351532039,-1.522332323048578,-3.3443313361097458,0.708183504826237,-1.6743748144257038,-1.2639703628575287,-0.1945031239803401,-0.7709994438840008,-0.0858777778179685,0.1055109141057271,1.2371422435842432,-0.4252812243701356,1.798460537713446,0.0863682566584191,0.3352198652506722,0.0283072780354397,-0.0527739635158564,0.1040282848842123,-0.1193405173987681,-0.8940847901953484,-0.5785938065544736,0.0484373581381899,0.1644005717802618,0.1674588646837612,0.6398617122928979,-0.1116393975656661,0.0433712766458005,-0.2952939083034478,0.4154201867502309,0.0386611861954504,-0.1151045558033672,-0.7480635098339313,0.4294389244963758,-0.2670774467867109,0.0515360497225253,0.1114204955871173,0.0619208578014135,0.2619573151739462,0.0316576636085821,-0.1753307253375304,-0.1884787364885821,-0.2416517403189242,0.0580387116086648,-0.067528478674649,0.0215965085641444,0.3160815213269848,0.4434207961809291,-0.2292942012191579,-0.0517604538084253,-0.1190379765854761,0.1022426085485218,0.0575164297955747,0.0806095608594108,-0.0148776800291717,0.0065905254549948,-0.0428964384624734,0.0490579342250365,-0.0906317853706543,-0.0124871729881794,-0.0212093504348823,-0.096300167472875,-0.0131262810609309,0.1285841533471078,-0.2166434505107496,0.0010167582296167,3.769117580833328
Li,Li3.75-5FeO4,Li15(FeO4)4,Li5FeO4,mp-aaabrqjl,-5.019240249426165,4.24358721677716,6.842583087228848,-5.023984017642113,2.493250892647961,0.3518322067939317,-3.4623550880127008,-2.1325182163977745,-2.961657595412947,2.1292977375955813,0.7590764786699975,1.820413819410944,0.4176979349205678,-0.8874035182443717,2.8615330880341734,-1.5712418396878072,-0.2407645490817188,-3.0631607084855306,1.2391521538211736,1.708604339183631,1.1349049713077792,-1.2420184577301898,1.6947349749473646,1.7243199980055148,0.0826032057026104,-0.6563105125328205,0.3864332671490464,-1.6502532206117564,-0.0315965929980572,0.7725428820444424,0.7532148305312795,0.0420993975269004,-0.7097301175312193,-0.0095327317952631,-0.8427707175773563,-0.162230970510372,0.3977822637605683,0.6591335765430923,-0.2117587486429611,0.1474395589683533,0.6301786309952568,-1.2220838124563234,1.0831390477070455,-1.050344299674269,-0.4157677680131633,-0.7671145163905689,0.9088673133092482,-0.3563556960273588,0.8432540103176372,0.2111222948752368,0.8964883349385689,-0.1824509557266032,-0.0076580535317188,-0.6763293009146306,-0.3010158942496845,-0.153461474968252,0.652031444060293,0.0414131023977801,0.0721337254682079,-0.1077944896024784,0.2927295160586128,-0.4394833538266465,0.2843466665135859,0.0149219243875534,-0.5547735607619133,0.0937020266798531,0.0569235833140537,0.4001729663601683,0.4638602284567672,-0.1085240243258696,0.1465694866051752,-0.2197754559030754,0.3050995437480633,-0.0735904375956651,0.102740018799918,-0.0184413976868266,0.3639831053712314,-0.0930545843885138,-0.1667441127107898,-0.083907972987198,3.743562981333336
Y,Y0-1Bi(WO4)2,Bi(WO4)2,YBi(WO4)2,mp-aaachgum,21.585817871233196,-2.529289640668867,0.8186577620437876,-0.2906976116459854,-3.515676404502208,1.1897029329375826,-1.1608335159573535,1.1299509132067855,-2.4064682089951157,-1.0596786826430848,0.6489716357173692,-1.3001912756867051,-3.312322191144189,1.7784715235139994,-0.0819202288668863,2.2008607021725437,2.5813222503751616,-2.4836320109464944,-0.2996527669643395,-1.991614720852698,0.85517457773837,1.89297797226882,1.3048267393444897,1.658986128538053,-0.1736390959005093,1.165818981415983,-1.8326183512600152,-0.309327562265243,-1.2075412277567157,-0.0218632612790484,-0.3352629175100023,-0.9592422799870712,0.0899215515597518,-0.7048137357653312,0.4289840312410322,0.3792845020425085,-0.6828106866573274,0.1172674551466886,0.0052285312835599,1.5139094757140703,-1.1854956894262323,0.1634653777731309,-0.5429010102677273,0.3519036155798523,-0.1152371755039561,2.2494033989866256,0.5580903093294786,-0.7797695529772626,-0.2651387606852834,0.873911854165289,0.2329345524699516,0.0605631093033473,0.8293114687101408,0.2736256842055897,0.062005069661286,0.0739422340335094,0.553385096843418,0.5265022543657959,0.2907199945000492,-0.4990514848218143,0.3492968095534355,0.3474287532380408,-0.3261380409370085,-0.2401634135735733,-0.3882942859137206,-0.4057596666220144,0.2465056590668101,-0.6504641430409291,-0.4526237503553207,-0.0853747883069192,0.3590359597995459,0.3866784874532577,-0.2656353561002919,-0.6932038277381425,-0.5413599082456774,0.1236988034284908,1.0250637538316785,0.4054994455154945,0.2163190290922064,0.3690768913394314,2.8527310005555573
Li,Li0-3Mn5FeO12,Mn5FeO12,Li3Mn5FeO12,mp-aaabseiq,-2.4867177796290387,2.3749504191755517,-3.111836446003719,-0.7962250709797707,-1.3578898599238431,-2.730540883947341,-0.0093790151626961,0.4400670148593525,-1.3603523266103104,0.3190070559754455,2.0026387996146484,-2.138638172381372,1.7721791548165309,0.5742631410970009,1.7537573486226323,-0.4447512388335637,0.3852389262259758,0.6818893754059019,-0.8401597013953527,-0.5733118476898212,-0.6424800648438149,-0.0698320582158606,1.6229871278020178,0.5219521425073291,0.3606558019663872,-0.9643046055837856,-0.6029152773548326,-0.4547442369326617,0.2518510264099006,-0.1903623396824603,0.1129584077099782,0.057920665497515,-0.1975067255344749,-0.1442449323262407,0.2924078480906299,0.5018369099919618,0.3005608805934716,0.00183690646406,-0.3004280591863005,-0.5613511899977993,0.191491150982612,-0.1891483531372239,0.1565049290550571,-0.5429240577581325,-0.8401846849166452,0.7130167123401802,-0.0696373392575036,-0.4389194996729879,0.007338321658042,0.0646228982649707,-0.1433047553177634,-0.2143952892053629,-0.3522904829920871,0.0292789532298833,-0.1916628748717473,-0.003594824650407,0.0793001795188224,-0.2264238010624897,-0.2476994599219182,0.108414284156772,0.5006723871623161,0.0931670647232295,-0.2204685709251102,-0.3738260728842699,0.2992382173961483,-0.1341729125432648,0.2358468355620353,0.1322994961573145,-0.2775033009380846,0.3325009860355015,-0.1400448616296374,0.1224528313123576,0.2613933934324759,0.4384736946745842,-0.110780365211449,0.1200573928653643,0.0620833020750564,0.0296913311891281,0.0154692223409984,-0.2871797943492175,4.193871620000005
Li,Li7.5-8.5CrO6,Li15Cr2O12,Li17Cr2O12,mp-aaabrecg,-3.7767322156325775,5.296762268194327,6.78688821672224,-8.1341811593185,3.1770863754525625,0.2480077279066517,-3.695100537444061,-2.051047300718952,-4.2598030824270685,1.5014573571225986,-0.3456986705872593,3.1186452853568447,1.753254162981548,-0.4874194864876346,1.5233322650614989,1.195089312104594,-0.1396904604190923,-1.5908219511118489,1.90018492973559,3.463310887652987,1.118261733160079,-2.364016732294849,0.2284315838602502,1.9315197501577757,-1.0566922556561986,1.9961595120592432,0.5581799966180114,-0.6204098457714571,1.8298755955200825,0.7883278181665894,1.0270078681354968,-0.1389490832591059,-0.7993343523208004,-1.037385705701405,-1.536901773889286,0.256675978082486,1.156809931282846,0.8442056484553537,-0.9915126408593364,0.9823098976996892,0.1133132624431747,-2.0255915657696386,2.5054886064292985,-1.6043625521890532,0.6107090102839775,-0.877672387481671,1.4380493590203325,-0.4763019538381608,0.8099321530445818,0.2328191538681965,1.8134577684765103,-0.1639582375677129,-0.497421651281237,-0.7272765140196961,-0.4230705262691668,0.4789039966145179,1.0517033163345777,0.0092900381787352,0.0239961519035295,-0.3158520700988332,0.0240732465302277,-0.6815805500689638,0.6389250683061996,0.1414253177060529,-0.663978731345621,0.0100102078054887,0.1208716958152807,0.5069464333545098,0.9287797264454002,-0.2314999810458601,0.3362059507149368,-0.062594055032127,0.6140694060822555,0.2240446575415913,0.3381061889677688,0.0735186182097564,0.3524438270395759,-0.1330944069190119,-0.0338794156364118,0.3753951521081837,2.249027318333323
Li,Li0-9Cr12Fe7O48,Cr12Fe7O48,Li9Cr12Fe7O48,mp-aaacpbhj,1.191457118897474,2.702013806146459,-4.63849690405558,-3.4348960694902355,-0.4344343934578812,-3.033777965513768,0.0973480857126471,-0.7959862621173514,-1.385919292802688,-0.6687022164834401,0.5981142516079605,0.4775507573047028,1.7732612053266636,1.597872534122931,0.6775107899916497,2.528902176721103,0.2913957845123455,1.292155274953137,-1.53766037012177,-1.1134979168351795,-1.1681117763244115,-0.5391277539380086,0.3047722719497017,0.2309706717313717,-0.7710115774301829,1.7298506648702012,-0.963586810847781,0.9604338037637628,1.294219608352418,0.0539469872676723,0.5586135622009695,-0.1089372881896544,-0.0645015321921083,-0.9879276236514704,-0.3814323003398726,0.9720852391394188,0.1803642691995371,0.4610325752479098,-1.011646674755158,-0.0933230805110208,0.0934039927025442,0.0827407384506905,-0.0402065746331046,0.0986923662661051,-0.6409835753559484,-0.028563168172441,0.0648107751194796,0.4204477278388741,-0.6987355905545173,-0.0727759961250636,0.01918863977579,-0.2555684745212054,-0.0813353195092028,0.0972195421470872,-0.6480250178342484,0.008099583195699,0.1001430818271804,0.1362494081632244,-0.161847683870691,0.1468469202262215,-0.0979981804480743,0.2318843185572268,0.226434826578416,0.1865697273047576,-0.04015593575847,0.0452672265873259,-0.0953935081077416,0.008957385836703,-0.1777134354819798,-0.0121139630722312,-0.1776885993428447,0.0197619067669214,0.002535662305432,0.091347898076745,-0.1445731461103709,-0.4050692813678745,-0.2000996965530382,0.0417367008637735,0.0249342965765756,0.0001951263177389,4.030245322222215
Ca,Ca0-1Cu3(P2O7)2,Cu3(P2O7)2,CaCu3(P2O7)2,mp-aaabmhsr,-2.7259706184328394,-1.6769064674900565,-1.3674031139903606,3.850077328069565,-1.0724741548364989,4.9812493379493805,0.4118364423617003,-5.636500487084034,4.82952624462632,-3.675188624984645,1.6504069477397147,-0.9646877859283436,0.3857965721510917,-1.2632029523440973,-1.9408639675111317,-0.54582998784512,0.8059304046257523,-1.9259346020969488,0.676797993374189,1.3481838802165993,-0.94158655275946,1.6791066492145494,0.6599372216497101,-0.0070294402135052,0.1127886571158252,-0.7430112538347741,-1.2238007962837567,-0.0310950667659361,-0.3786119290281461,-0.4090587363785271,0.2398826097304439,-0.3147222686058952,0.5403268143732924,-0.4017053019507031,0.2701751754109698,0.7612927760291663,0.3511175669186053,0.1761773562911597,-0.0155842885316913,-0.3639395156984711,0.1765577913538871,-0.3111175778136386,-0.4416377618235296,-0.6039454744004307,0.3923192038724661,-0.1430261185477349,0.4385506020537585,-0.4649471500172432,0.5801429309864251,0.3229383418417599,0.1139766250919429,0.9363759622278433,-0.1476591750324384,-0.6062103973068201,0.2157594259561824,-0.6184151127015811,0.456355423144372,-0.0503490859534737,-0.469444046088064,0.0583029176256113,0.4248847230778898,0.0416428664743589,0.0744771204379456,0.1624713054891441,0.0066267211349466,-0.2986396269973523,-0.0536091781238135,-0.1944473423911881,0.016477834859797,0.4939675557578484,-0.1377952673555647,-0.0694454430377175,-0.3361667929166047,-0.1843234440654894,-0.1576967144397753,0.0025836065766207,-0.1313273945679064,0.3225770262302455,0.1317603698473318,-0.1220930744650975,4.026783707500004
Ca,Ca0-0.5FePO4,FePO4,CaFe2(PO4)2,mp-aaachrrg,-1.991673882642352,0.2541694702739202,-3.378025039830635,1.5564948302750383,-1.9758115040038904,0.5481472825021209,2.0685169229796023,-1.3807355140796127,0.866331249383596,-3.964929725939676,0.6772523558017975,-0.3623460931755123,0.1604861169853812,-0.917834006795656,0.3568486306196765,-1.421338308735938,0.9455306401566812,-2.3830571269517704,1.3323584293724882,-0.2129032953912293,-0.8179157319921252,1.1074814984924204,1.237899045092188,-0.35920981440773,-0.0039168409058853,-0.9625859090561536,-0.4480004974160829,-0.8354969844477297,-0.2139649294656415,0.1249939181848324,0.0578427496777553,0.1424392596244558,0.2731732368871777,-0.5306423735580836,-0.8314182243690117,0.8144444039421885,-0.3248087581282904,-0.5678540579934716,0.5467578578673129,-0.8556176992460024,-0.351453898247184,-1.4575381631749504,-1.1160458785204324,-0.3084594552933806,-0.6300153114103675,0.3127931464722637,0.2744934616815966,-0.152698719286722,-0.2381548075979169,0.1632949547511962,0.0083723379727922,-0.036890850202276,0.2705022848168129,0.051878971942035,0.0921745647499768,-0.2232564185041888,0.1882719641267259,0.4875708092107836,0.0461378801482141,-0.186110308100748,0.5232712053966646,0.1151586940499629,0.2208319626184036,0.0140280648525719,0.1484075935301566,0.1658641491322646,0.1124271878799306,0.1491768137518023,0.1233687371501129,0.0964058907199716,-0.1530479363523583,-0.070983068475133,-0.3284096234789696,-0.3447066645451033,-0.061173228722279,0.0193757421427223,-0.1776257268603576,0.0783570143726527,-0.0235716494563225,0.1456709876659702,4.117768908750004
Ca,Ca0-3Si3(MoO6)2,Si3(MoO6)2,Ca3Si3(MoO6)2,mp-aaacnbup,5.15960322267913,-0.2315371732044247,-1.0238975008571811,-0.5262149830164166,-1.1483914378266904,0.2075603251336775,0.2767714944597386,-0.2914028537814701,2.552686334600873,-2.2329110545723383,-2.642734870536936,-3.491841822829437,0.5039205384693215,-1.1686960334805578,-2.4212508647544984,-1.1398635708978408,1.9901999952090808,0.0809074612725102,1.767828100981779,1.8244532644943856,4.287474253362718,1.1868332333241272,-0.8625726175175126,-0.8714181525410852,-2.348463923426806,1.169757729781184,-1.8874284210280297,-0.5090335206561387,-1.0009886667332104,0.8155747649888587,-1.982060675549356,-1.0894585116375357,0.6190837219065349,1.86330472405826,-2.763088499845211,-1.3462585711610655,0.4394826191539671,-0.0117040741729895,0.5603972215553472,-0.2326885616666081,1.18119647800482,-0.640473344130148,-0.585676781849199,0.6383348556635929,-0.4831525606957746,-1.1186227981072892,-0.195005066772063,-0.831680657869992,0.6886641041553968,-0.98748041711763,1.1622199492695573,0.0866886722193734,0.1694536317895985,-0.2445833295758234,0.4773405123277245,0.0230444396839334,-0.5660624937429767,0.1152304395755323,-0.2192797873294653,0.0590751837292424,0.3455826639732247,-0.2991798211502622,0.0058027407174936,0.5371958184918597,0.5188056271523234,0.4668488577383965,-0.0812707942833851,-0.0631134121688614,-0.2365535634483082,-0.1040706825027975,0.0694841725803883,0.2905235197744106,0.1189560902582934,-0.0027849360154779,0.2551442930934701,-0.2038830266790187,0.0654019661400038,0.1199556916324868,0.1090225516593555,0.0729412147888221,3.257597550416664
Mg,Mg0-1FeCuS2,FeCuS2,MgFeCuS2,mp-aaackktj,-2.263652461158624,-13.243903775142368,0.065067966170402,-7.303670370542812,-0.4656528503951002,7.739388567176261,7.080942697334782,-3.969989880444373,2.1607291822675463,4.942818667492396,3.2174343485787635,-0.2077559677855875,1.6061887284492686,0.0498558161244046,-1.7262705856063163,0.2729477360905736,0.0201754299450003,-0.7428339851902312,-0.6476581868917926,-0.1766628290370648,0.5772088333209192,-0.5046366772643397,-0.1571438140066901,-0.3888566850049849,0.3987596948799052,-0.8332890688135135,0.8053567151749309,-0.8049427131551784,-0.1652660859052479,-0.0627815717366708,1.341293420766816,0.2697928191616955,-0.7055686977939664,-1.3009057546093326,-0.6708336313414496,-0.7677751949745606,-0.4913390507738884,-0.6885600630977626,-0.164034715530856,-0.3549432204416129,0.0121317632356935,1.2146923109631058,-0.1791879631525016,0.3558646563927134,0.1707392110478176,-0.2491750007413021,-0.4730751104376496,-0.1910493602925265,0.9328412504804364,-0.2789021660463684,-0.1645281745771268,-0.0349285790180896,0.3350281232040736,0.4627397934893492,-0.3585377366777215,-0.1602614869750413,0.0984818253153666,0.0151692245801459,0.0359510236442163,0.6954062175705922,-0.087956803587055,-0.0850180131211764,-0.1467179431779281,-0.4289240314757389,-0.0986721407769908,-0.1387582706956471,-0.037537534303825,0.2542387543297785,-0.5228595776394633,0.1169110845914112,0.2751381584043832,-0.41686342066816,0.2412968472554883,-0.2183656534546857,0.1348811335577931,0.0179506591781438,-0.6170799083568969,0.1707078262835728,-0.196008935161684,-0.1010211458809404,0.072275459999999
Ca,Ca0-0.5Mn2O3,Mn2O3,CaMn4O6,mp-aaachjlj,-4.128701820904678,-0.3997704679152535,-2.415915884279109,2.960678773209806,1.496285638863344,-2.6520146229798125,2.699532635458562,1.4576678358283697,-0.5754827513349104,-0.573110722493588,2.350590886975052,-3.6499963825433945,2.6045436862445777,-0.0436403944797499,1.9192997654154391,-1.50509615064166,2.192016652809545,-1.4471853622312691,0.0497784555768769,1.4963569239304304,-0.6380649347959523,2.043181348620203,0.012566007551719,-0.8275430031731205,0.2558418208929832,1.06805935588142,0.6278255299992883,0.0947175281640196,-0.4925742824839503,-1.4818601017805133,-1.3567550478096695,-0.0797594017674402,0.7765036986900646,-0.5017359616052828,-0.0843981598695702,0.6799835058044337,-1.4781494030400006,0.8323136368386388,0.3585532190132081,0.4075710238782868,-0.8826657334230816,-1.3948774337617276,0.5492075615520191,0.3853571865294581,0.6716212950726881,0.4104500994861721,0.1342027302179589,-0.3395765980105316,0.2826753716086128,0.2398250194372214,0.4188617699652605,0.050693978753311,-0.2562582594836407,0.4252947183407742,-0.2726477963208948,-0.0529568787328972,0.0767105992796845,-0.1506760334076107,-0.1450024388280789,-0.1448568218096159,0.4655372635691496,0.3443215023767608,-0.1281216343063781,-0.448521997967333,0.4732609140057947,-0.0183707857062494,0.2237744483930649,0.4135624017933417,0.4167694896112554,0.4125072909337102,-0.3629900146282124,0.1028093137599641,0.1744422184637342,0.0879817775538505,0.1473743893836288,0.0559653092895575,-0.2140183019449709,0.1474599087066142,-0.1350237152942504,-0.0221042227648828,3.347217090000004
Mg,Mg0-0.5BiO2,BiO2,Mg(BiO2)2,mp-aaachgnr,-0.7683583187279784,-8.186025861154622,1.6566882475530482,15.193143468823012,-4.99317666564264,0.6264634765931092,-3.5177330244560427,3.865459374055078,0.1217299926065683,2.7973148288811696,0.141792350859341,0.6518192928759112,-0.3319887921972312,1.724901330978063,1.2755675709201535,1.6025414253038095,0.7123007935423324,-0.5314567062053638,-0.6273855070821632,-0.3084522206632332,-1.1652729751488655,-2.2848831795729416,1.465999799043189,1.5338847773419273,-2.279658079583342,-0.5493668914918692,0.8199163000148706,0.1411240036267997,0.1852559458941147,0.3631570555242364,-0.527510820485109,0.0148680364082945,-0.4153408839911124,-0.5835560388707774,-1.0674935221100887,-0.2673766112229316,0.9022037305777928,-1.013823705229388,1.0065349132441572,-0.2733521144929358,-1.3731095784156158,0.1901519106253329,0.553704961902173,-0.7427063706701489,0.3098969894081043,1.4335267915166812,-1.2705327066530712,1.0778970508998664,0.3376056393280046,-0.2064328299490315,0.5205056852919809,0.2272787308082314,0.0823443413323178,-0.3991525825579901,-0.2030070561435271,0.3752623857495554,0.3270064754617521,0.1449238609513797,-0.3552653933442279,-0.2170153754008333,0.5821006963232954,-0.2806047227231614,-0.2845701810309851,0.2503115885988397,0.0545708617795477,0.1029463385118297,0.1249143804307472,0.1468595905281239,0.0217489259148573,0.0593849399733135,0.1708567186933706,-0.1048671181216052,0.1370269949636924,-0.2570284717382999,0.3669554779169066,0.1815150636696799,-0.1084598120929488,0.0227886429879488,-0.0468975053122347,-0.1385250823561412,2.121349124999999
Mg,Mg0-0.5ErCrO4,ErCrO4,Er2MgCr2O8,mp-aaaabcma,7.560749682160528,-1.261059646774895,2.7470151975481034,3.024704632696913,2.140117808958049,0.1876442836690417,-0.6431428818874874,2.3121565056740314,-3.388200173594096,0.4769622694932393,-0.7613367943618914,2.222142007882728,5.445926015418739,0.3658530781528715,-1.058659976897098,2.0753240790380865,1.704280335913521,0.3421427935749269,1.2751691445969895,1.3229824636865537,0.0481362551865986,1.5577086592020166,-1.052730003012523,-0.9630125351456108,1.8235135824416435,-1.1806305540895323,1.1999249376004295,-0.5262863501452674,0.796174737364743,2.951179818498733,-0.9038872263407766,0.7428404403053745,-1.14171345776793,1.1072039341620652,0.7659235028250942,0.3410803790847772,-0.2393308560655099,0.1049888416691452,0.7422495660212517,0.6960905163172996,-0.4877349972389971,-0.131524836110627,0.3939754926868941,0.5156398268478327,0.255601184920412,-1.7640321911742645,-0.8641759944149637,0.1943396081464224,0.2634046459279606,-0.306382865918727,-0.3075613567405668,-0.006084597499821,0.650967929443245,-1.278402313812781,-0.3666447153873442,-0.4350851601339334,-0.6609222199433907,-0.0702028341895649,0.3303078237227992,-0.4751647607611939,-0.2051251018445394,-0.1384222305711609,-0.0707230659219808,0.0544391074521724,-0.3815641475938757,-0.8686532511973879,-0.4862927213295887,-0.1945844336008748,0.0825243767278581,0.1202864408260181,0.1410146502321583,-0.4485044567789024,-0.4272768807250588,-0.1550367866848024,-0.2657525996296817,0.3977276969511458,-0.0554126151644718,-0.3285599881141943,0.0666830759467985,-0.0096515272611099,1.850132434999996
Y,Y0-1Cu3(SnO3)4,Cu3(SnO3)4,YCu3(SnO3)4,mp-aaadagzh,1.1087324916195038,-5.367887540646478,1.6967817637649425,7.0244815515702745,1.293000413750255,5.709832825398582,-0.8143592449460793,-3.5000247015924995,4.062241021693359,-1.7636619857750355,0.7409773399289348,-3.136511323443992,-0.3376535314755856,1.3052028730190397,-0.269339459017104,1.6626032782445108,0.6138550516909108,0.3282513641105692,1.4505613989149335,-0.7458306446442399,1.6075225359418974,1.1768721869918652,-1.4091837721767808,0.2557715626472617,0.4437381569640534,0.7063532900351445,-2.6546384879452494,-0.3757542338543807,-0.2664254002958666,-0.4390605629253734,-0.1867166250909775,-0.3045668637231946,-1.0022999296525752,2.086273334977148,0.0108131311653593,0.3025616618334459,0.7641004614170621,-0.0632143483934909,-0.861167063083862,1.3581774441640584,-1.3853333807133192,-0.5562411404089418,0.875050573978565,0.2098228990176922,-0.8201473342427161,1.1801337509902174,0.757570390609196,-1.204382886270842,-0.9030317115771728,0.6436960723950816,0.2975284049922451,0.1312532015624276,0.3966427195233897,-0.2230653100146034,0.6621911172711833,-0.1968001476636591,0.2323385092692976,-0.6440147000819673,-0.1335071856949108,0.46927088858131,0.8557774832243324,0.0639869584553729,-0.5748784235606239,0.2371023344052693,-0.3306252104322572,-0.0229731690960644,0.5604757417874089,0.1451953943923145,-0.0709390993247571,0.0797724183355528,0.1220009780063715,0.5546692287220738,-0.6910289503318466,-0.0924582313870478,-0.1933885309175539,0.1838992222775028,0.8488103542396934,0.7127822281055114,0.6150078146288104,0.1600033534924519,2.49115991888888
Ca,Ca0-1Fe(GeO3)2,Fe(GeO3)2,CaFe(GeO3)2,mp-aaachjqr,-0.4758647619582295,-0.4744105165521748,-3.429758528639816,1.9257167116529776,-0.5503827710362122,-0.3338731628470706,1.3218069094437208,-0.2864485970742234,1.2542312486450822,-2.9934151717065105,-0.3793733541660512,-2.442181222443565,2.303622533381313,0.5163826758232335,0.4280427353820222,0.486289982004866,1.875431894381757,-0.1786455164649548,2.571286791368433,-0.4423166976658726,-1.3360982167553324,0.4926361706687275,1.7865294632446498,-0.5364644499025992,-0.2622910453525056,-0.9616730342059556,-1.1108585430707831,-0.6933626222399228,0.5366759859389849,-0.1243655616369111,-0.500232890163484,-0.6899648400513833,0.8706763044841906,-0.6094612898085565,-0.9187262875486112,-0.5338717478235446,0.4238225072839983,-0.5324058749885293,-0.1904544991412674,-0.6532730495532691,0.657489773696866,-1.2769074291756992,0.088290123611614,0.2323854890984447,-0.6856870037321585,1.0626611167750115,0.5078272869293132,0.3517415271160825,-0.634649981798139,-0.26779890089839,0.1350482060819434,0.0919992423647466,-0.0207652993692109,0.2220094994076439,0.6364675221979766,0.38840168287478,0.5583005494710733,0.3302272805304016,0.1655024697309218,0.2325483325450287,-0.1939414149734304,-0.1520491670296476,-0.019527994515948,0.2191685337963035,-0.1343855338190336,0.4759785010419095,0.0114296497228991,0.442289576073713,0.2547417298253745,-0.0121414417266319,0.0050197767460336,-0.2652083162456837,-0.4415089816482616,-0.6341184884654419,0.0659478492709853,-0.238422416276554,-0.1065779759669961,0.1730454975751805,-0.1214955347246157,0.0708381481076027,3.902151619999996
Li,Li1-3CoPCO7,LiCoPCO7,Li3CoPCO7,mp-aaaablrk,-0.7341225739494248,5.5377587443676655,2.9713371707250458,-4.926157576502297,-0.306511970521348,3.2363705805390754,-2.4726794076669227,-1.5619121475765427,-0.196361604286172,-0.4834092128589112,-3.5466201280469245,-2.003034449891305,-0.7233462090332855,-0.3389177900484351,-0.6737248821622013,-2.152255266000596,-0.2250159741896388,0.16354161864246,2.557189170062925,-1.2879040199189675,0.4364859520724742,-0.6673450887828039,1.3238231950547936,0.3124665003991055,-0.372466191417773,-1.3085699546161338,0.1327659969156799,-0.7501766069564901,1.5091726707852888,-0.5847011196869767,-0.5094081631152702,0.2864161998737928,-0.1856029125849574,0.4008748221854566,0.5805343510505153,0.1031795526132794,-0.2057385477614724,0.5328182984253325,1.073647225503377,0.4696584083778055,-0.921012208225402,0.6026025580705026,-0.1257941055460996,0.9440678124396557,0.7809099058776573,-0.1388256815293222,-0.2546055016951507,0.1192790031637539,-0.1431035518530299,-0.5304267471483474,0.2144144772923521,0.2834502877237435,-0.1339117978861838,-0.1115975240610264,-0.3022503504571232,-0.0470352671609521,-0.0273628959907491,-0.4188566640657075,0.1090785007571299,-0.4122218658056585,0.1538606403976984,0.2231333196171813,0.1363543035738568,-0.340181222147967,0.3907606622377849,0.1654396789441099,-0.2902391153657869,0.2817995058906665,-0.1792359771585261,-0.0515580126590095,0.1329291212567498,0.2570443303898526,0.1104107001442767,0.001354649723979,0.1909485626180628,-0.0279089004071463,0.1008024549824561,-0.1140982938019481,0.2384693323287824,0.1282560531941523,4.146515178333336
Li,Li0-0.5CoO2,CoO2,Li(CoO2)2,mp-aaacupmn,-1.1946581933098317,-0.0319462367620188,-4.215581744003069,-0.6464679459564608,-0.0515113257795726,-3.295660922858272,-1.121583575076994,-2.16077364693814,1.9932269125450923,0.8745694968172854,0.6856539127529948,0.4123641275835224,2.1939850335025906,-0.1368066382229183,2.544461722821115,-0.2171433188615813,-1.03940385577685,0.0195907018414328,-0.6484774882445534,-2.181171967690208,0.405851448526199,0.0019833709859121,-1.5356714387908443,0.5914804066146842,-0.3311533691053738,-0.5528022177256219,-0.0861792837859536,-0.1161737543004842,0.7809919115322937,0.4239696583027796,2.035257535609208,-1.5366225507101663,4.098932336577013,1.723377865157572,1.027124151365269,1.0652971511771108,0.1437780454881596,-0.2809376901340686,0.5265099101633306,0.391870202775622,0.0020794726640781,-0.2553725256072118,1.0608326338523264,0.4025314392529777,-0.0299136193652416,0.1156662547380959,-0.7853361449241032,0.0734608865868714,-0.626229135335973,-0.3064337851826607,0.5114511472635177,-0.046007486101916,-0.0291255643922649,0.007522638398003,-0.7515982983692086,-0.1027831076089208,0.4364987793260453,0.0806379735610852,0.0816841403705226,0.4482666169336201,-0.1576311644973152,0.1787850941543956,-0.1764922733400533,0.1945449297245809,-0.1553816931207061,-0.4441538208942775,-0.2555071684514404,-0.041664177732036,-0.1588451022745374,-0.0745551836435454,0.102603863985239,0.0815070056146671,-0.0932797697605439,-0.1342030920041405,-0.0867607385280164,-0.1053884203592112,-0.0445357347275662,-0.1378676351953122,0.0811422224356823,0.1256314107360989,3.955532375833333
Zn,Zn0-1Mn3(P2O7)2,Mn3(P2O7)2,Mn3Zn(P2O7)2,mp-aaabnnlq,-4.715771059173469,-1.4058872641024085,-5.818024994869148,3.984611942965557,0.3296519333889432,3.8473053439476144,1.5329889400601369,3.4495348438391185,-4.096045346997815,-3.122474982886762,2.0096004550191,0.0176226579319039,-2.4187116838317637,-1.1633761657143646,1.1769101794577486,-1.758253398254501,-1.2193263983248626,-0.1589012462229609,0.0413320858383104,2.012800643179466,0.0135315251154063,1.161339215581449,0.2169033148355647,1.2089677631183993,1.8725380533418283,-0.6081357408811021,-0.5243503631318734,1.64639247584891,-0.952689870646703,-0.3768648115825016,-0.4440295804137413,0.1136250259622078,0.2945979313596121,-0.6826777107601948,0.7051703276701512,0.2530757474218632,-0.8028681999717767,-0.0725569785354973,1.353169135127563,0.3326979673869341,-0.5875219562751394,-0.4608871657396877,-0.1996721478390472,0.0372508301121008,-0.5847200919165136,-0.2537623738156932,-0.354124807217116,-0.2527324163075863,1.1823274242343624,-0.3371794796007622,-0.0862272226097851,0.0876455359677329,-0.4675025404224406,-0.0574657219870146,-1.488339897192961,0.1555269198971294,0.6010791150084718,0.5215714050657247,-1.0734382704614176,0.2524889581548921,-1.9858524338493049,0.622330407535646,0.0667269562508467,0.7786564973353194,0.3527717410646386,-0.0687881909379288,-0.23385953893631,0.9048369315251846,0.4299698608021506,-0.2039063969181019,-0.1019733278672875,-0.288366234618259,-0.0951002710107477,0.4509415587246484,-0.3439012183291925,0.3357931385215135,-0.1725869468431373,0.0849431278649743,0.0215968823884225,-0.0235003753303401,1.119958994999983
Li,Li1-2Mn(PO4)2,LiMn(PO4)2,Li2Mn(PO4)2,mp-aaabqxex,-7.375744564489605,5.252938818573828,2.810981248933103,-0.384120683964966,-1.7184655162269924,1.957622319786536,-1.250543240070937,1.3504675319915744,-2.7808606933464004,0.0124467276964575,1.6829667188602289,-1.3725520206699826,-0.2017721233296418,-0.7004288812305298,-0.0212550956483446,-1.2510055942460303,0.3886596135684042,-0.4391108311656215,-0.3736918632768278,1.8759956115599377,-0.3099191885697448,1.2587640641138813,-0.1672640923761113,0.5512986529876052,-0.8689098326655756,-1.367357011355624,-0.7428878139658501,1.59742730865785,-0.0099514235108482,-0.9780815266244464,-1.026325810370105,-0.3341428827694985,0.5859313281245966,0.5668703680462944,0.5098636963921737,0.8211966807428472,0.8253905870875349,1.5826310242951815,0.2576896845426116,0.6920868337050984,1.1437386879476543,0.9935480653476236,-0.5004444313283251,-0.1640909576457668,0.2191816581940739,0.1576410266913771,-0.2515328481646306,0.4354784267663559,-0.6029667751504003,-0.564350896461899,-0.1677615036744201,-0.1816206029836282,0.4673195426280512,0.1137318128344186,0.0686869418342238,-0.014388633124548,-0.0602419811168966,-0.350745044351984,0.2605344754233028,0.4414550746660856,-0.5280180066756391,-0.3469909428752337,0.1802918577364989,0.2645985094483719,0.0255588404048875,0.1777199253372308,-0.297620935575709,-0.240507463127349,-0.2824077476443403,-0.0846827910352825,0.1418133657361281,-0.0525790976445744,-0.1734469268958227,-0.1339675625526328,-0.1522988895998704,0.0623174254688261,-0.2956808649987988,-0.1096281831769175,-0.0660155838699096,0.0962165549508524,5.18018951833334
Mg,Mg0-0.5Mn2FeO4,Mn2FeO4,MgMn4(FeO4)2,mp-aaaacfmm,-0.9236715223272082,-1.398425056059998,-4.652003202972969,1.0108436954739373,2.932935963688842,0.2866992921100901,1.7784972616755628,1.5720881392019628,-2.487905053342052,-0.3579646620341681,1.742473844126904,-2.4533972555046324,0.8701122710327504,0.5524882784561496,1.999167510645511,-0.6087864141242918,0.038292249444454,-0.259714656662518,-0.9693273605216804,-0.1998844509349968,-1.1618028473311746,-1.5595214351720024,0.2088025606796999,-0.9751537114067632,-0.0654746409441612,0.5963817141903954,1.4640505055776185,-1.0558214058838475,-0.4917921486370669,-0.9332175615402998,-0.3948714943652336,0.4301802371673704,-0.0703379673735682,0.2682832939195865,0.2951681532695739,0.6338063613385225,-0.3403060802230963,-0.554315639641351,-0.3338109552425664,-0.6878375759026386,-0.1585797443456681,-0.5790663464123799,0.1165086181822748,-0.8280025521131816,0.0112377976893663,0.7616866560001734,0.084482276702686,-0.7438821783423528,-0.6296294060038509,0.5465045582726283,-0.2273981004114649,-0.2736273557935833,-0.4208671717490206,0.2058884336736502,0.0185397824552023,0.2133056242860918,-0.1513018902756769,0.0426950963845593,-0.0530500278251171,-0.0665398556168667,0.700518507936128,0.1331009116126731,0.2698694377791534,-0.2940652420388965,0.7507837769885347,0.018332986551354,0.220768554279739,0.0027281081763388,0.2467694414201294,0.0005965093355055,0.018998354196986,-0.1162795460657807,0.3619220005568319,0.2305351970335634,0.0271716881273922,0.3543348048565061,0.0158911384542857,0.0209711835998145,-0.255151522963166,-0.2083489310304826,1.030384924999997
Li,Li0-3VFe(P2O7)2,VFe(P2O7)2,Li3VFe(P2O7)2,mp-aaabrrru,-2.9929247039418057,3.656386871990237,-2.445162512999869,-2.015733201065087,-3.798178535252746,0.2735275393230174,-0.8844940196099513,-0.083640295994257,-0.8701421165868876,-2.078411446068123,-0.8942832533499284,0.5023867888651741,0.3175392619313233,-0.0037404403041628,-1.268022109084504,0.2319447903341983,-0.224807354830761,0.1104510388363716,-0.3291246443880444,-0.6394223835075976,0.5463336917085694,0.1132251844240887,-0.0028298085456004,-0.0260725206636493,0.5907972204076697,1.4627463508374416,-0.2324113383123113,0.689653791859795,1.909254248969728,-0.0279164592379043,0.5231888425019259,0.2153244304922561,-0.370156367272815,0.1315968653390431,-0.1563663348558309,0.3750613342951857,0.2921549725574039,-0.1841837482150203,0.1227340380807496,-0.5524022814762769,0.1560129656142988,0.3831370063451274,0.202867152618817,-0.1955666032567652,-0.3162458866265241,0.4044788652529635,0.6198136325799984,0.3700740428684404,-0.118627035218831,-0.4004376163858484,-0.0314781747237996,-0.101172153672489,0.205946085825104,-0.0963719795987089,0.1441768306223313,0.2035921228412271,-0.2634010742523193,-0.082588457886877,-0.1208350940286543,-0.1924397384741933,0.0776660772636489,-0.024244214040102,0.2060418221512172,0.1494874749946772,-0.0852496246241057,0.0350474851733369,-0.038148748832436,-0.1550098429214942,0.2515682212195813,0.0934733825507416,0.147695765071323,-0.0603032109263994,0.3244908600868682,0.1896881376523176,0.0096832037291396,0.1434800658902686,-0.0379378480074712,0.028935047138842,-0.0876915688529012,0.063756965221082,3.761030858333332
Ca,Ca0-1Cr3O7,Cr3O7,CaCr3O7,mp-aaachlbj,1.9890854394295625,0.2047801975625825,-6.152384627556306,-0.9661772815016864,2.2268291457697917,-3.7494909921751,3.246218726603371,-1.3511113161981854,0.2023464906013624,-2.8858469040652426,-0.0672256865546606,0.141699970384741,2.9844457567397877,0.5010546511786371,0.9571818071853112,2.4405903565537206,1.4830950027828598,0.2077044564945328,0.6900806514199938,1.7476337814579148,-1.5020556024168452,0.6431871997031766,0.4186058523476615,-1.2884836581061072,-0.493477969966522,0.9792161933143088,0.9062385821444195,-1.0309016568025715,-0.7428930626317445,-0.6867417276355609,-0.2829774754592479,0.0784963741876465,0.3701789704007598,-0.5872469907603022,-0.5196180644427733,1.0484731171310613,-0.7630247074393336,0.7191595124745144,0.2394769825370597,0.0478825472889032,0.0970114023773726,-1.107701584680838,-0.7831179180807065,0.1726133323567567,-0.5124943927496417,-0.4840271550093365,-0.2429720061849817,0.3105382780111614,0.092226667478713,-0.1226329799030894,0.2955860652070762,0.0610748183584311,0.1484037969570327,-0.0251809346146457,-0.1447171444710757,-0.4792447372383285,0.1505108506572952,-0.0773252959833922,-0.1384127201188897,0.0422729148454465,0.3632676660755297,0.0110627935705746,0.309551552153372,0.1156600274362908,0.0868644523384416,-0.0902860745918279,-0.1804028027818011,0.0134573289070876,-0.1246591004630295,-0.1114008890789944,0.0389525610947923,0.0643027869981308,0.1821588830696758,-0.049813414017242,0.1893734880480739,0.0492717660883012,-0.1127029061972553,0.0253080507176482,0.1393909585322304,-0.0836210963018245,3.264372876250002
Ca,Ca0-1V3O7,V3O7,CaV3O7,mp-aaadamgd,-1.3604450047561143,-0.1172601414232186,-3.249711524862948,0.7685919974381099,3.4948623338671845,-2.802744646138372,1.833683477604409,0.1431853000817283,2.3199131647993103,-0.951882788264727,-3.2115341197303904,-0.3435272116427522,1.29993685157911,0.6159488344143312,0.320979489753948,0.7797932506548355,1.3604668357332086,-1.3571394388894409,-0.3294845203636093,0.5332542568867096,-0.0544542529271737,1.6329469119478808,0.6200736684796038,-1.4236334570325824,0.5666477419121446,0.919443249766844,0.4268468616631388,-0.4205944038939576,-0.366094418168916,-1.387795665840433,-1.0165471825857026,-0.1108461264801397,0.7749830466981026,0.0016218061791024,-0.1804776381651696,0.3917140880608498,-0.6168036201369823,0.6923392734023069,0.3935752432112653,-0.3661714930519507,0.6418207732418204,-1.231568555553798,-0.0446812233591785,0.4989495394695365,0.2162542677623753,0.2324099413202519,0.1465747138200967,0.0052845642964037,0.3863618753457919,0.0456459084813609,0.2639734514103951,0.1970384635365475,-0.035585871974059,-0.2951249625969954,-0.1991140653121075,-0.2750512370921122,0.3507538305293823,0.2844049109685027,0.1570273682361481,-0.034731575615629,0.2699153551934528,-0.222758702384189,0.2031372122318015,-0.0421908181195417,-0.0686629001450003,0.14369552120344,-0.0753567618135648,0.159633786234761,0.0129120866680855,0.0203181085877609,0.0752437939249908,0.1416248999071203,-0.0974090191581599,-0.1996980218215395,0.0107633411529136,0.0321089036521193,-0.1428372192486302,-0.0434371587429966,-0.0005275791548524,0.1085963436862463,3.435953266249998
Li,Li0-1FeO2,FeO2,LiFeO2,mp-aaaablmi,-2.3755431795640227,0.6037437593306024,-3.467423881186516,-0.8615889019070331,-0.3697906093998412,-4.198637298552766,-0.7498263104173831,-1.88052695985828,0.7399738960993744,1.4077011939586912,1.430939735460104,-0.2320904291753632,2.1341556228089265,0.2046804484299909,2.976640049823604,-0.8756884322354287,-0.7918491190174445,0.0312097014388119,-0.0775500315718154,-1.9041854922375057,1.6433756657557317,-0.3892929646016768,0.3773754900523158,0.1811587112236617,0.0482526188044478,-0.3006749407425508,0.5330464376933566,-0.7536372254431023,1.587237505615559,3.0171268398984825,-1.1136527610755496,-0.1502873145741996,-0.525325331075402,-0.5005707865352924,0.8665451108085906,0.8853528969780744,-0.4294528563053505,0.8254932231619311,-0.5979627760142824,-1.3386604252351966,0.4972900632156287,0.3119870356470833,-0.7398405214246281,0.2350938247919654,-0.2873705477665356,0.3715946512588409,-0.0734297059474028,-0.1113873040081478,-0.4844678473307778,0.1713890831838981,-0.1086588023263199,-0.4752363036839084,-0.2530969561247021,-0.0122635161771388,-0.5264495501770644,0.0881772305646136,0.0314389103800238,0.0360693621363496,-0.272620193871079,0.0595495362311183,0.1036102933167165,-0.2387311441531385,-0.1935652193872414,0.3145744941826804,0.1687694360730012,0.095429125007442,-0.1287501896832496,0.134538209283092,-0.0740097453892439,0.2625099412637848,-0.0187956378788344,-0.1764503264038282,-0.031967900561786,-0.1127129611173586,-0.1671567098153859,-0.1521275475526401,-0.1367203188527438,0.1338908277827641,-0.1264851266192657,-0.047605358972716,3.932590783333332
Li,Li0-1VPO5,VPO5,LiVPO5,mp-aaaabnco,-3.962513696148027,3.030439523504889,-3.2663559389466794,-1.1487903611647483,-2.431596073064629,-1.0340735075148202,-1.0000630394072074,0.5035883738162209,0.956913144874165,-1.3599174892896382,-3.2927273464603397,0.9220367396088224,0.8147035053866303,-0.2149920492449129,-1.1149212918249505,-0.1173331475183718,-0.7908816377332041,0.2060115327332587,-0.8824733287960993,0.1294578908161901,0.4562622561230012,0.6284462884021674,1.0074030374140397,0.627431734033587,1.3581314085540934,-0.7515432941313919,-0.3017997365824374,0.0997238698082585,-0.4698348930257728,-0.0001453650795651,-0.2608475613511903,0.0493637171391901,-0.0035201101156556,0.266998960873097,0.0549062830887253,-0.3079541116835541,0.239583119727073,-0.4071208929426076,0.3921264343617739,0.2465327216325042,-0.1479057501007945,0.3451651660392635,0.2313731290836379,0.2356232698607162,-0.2616946396199596,0.5221954779578265,-0.2926138766246351,-0.1172807966644825,0.6065580288312463,0.2336069805950167,0.0001565941238263,0.0810083893783344,0.2889433115367867,-0.1684422005622494,-0.1310648727812398,-0.1534580956197587,-0.3144925428343508,0.2336797408864319,0.2598079342264873,-0.0661207995898131,0.4858551986255852,-0.0077785182562513,0.0182305201468316,-0.1902319287937364,-0.1201245883854255,0.0491683347109963,-0.2137149099364399,-0.1939569461075384,0.0926205123392545,-0.0553848090459458,0.2580515998944105,0.0799715150357171,-0.0137700162982297,0.080907519105337,-0.1066939216840788,0.1321756694893613,0.0381636905811429,-0.0098723820353607,-0.0021117548113132,0.0923142218610024,4.012412478333329
Mg,Mg0-0.5Mn3O5F,Mn3O5F,MgMn6(O5F)2,mp-aaabqvhw,-4.061435996552896,1.822650910280933,-5.013303992789973,4.245548394711531,3.136350056029834,-0.901453498179164,1.601975669712282,2.7425205306794296,-3.053785139419919,1.8383889067478347,3.8268459372512895,-2.4229303542033733,-0.5153134381418429,-0.319278208480748,-1.1980412294293317,-1.669119144746476,0.4903599389140387,0.0342164109686456,-0.2455175533112824,0.6661458704757811,-2.062619681450288,-0.9669985858437116,-0.3384954907334704,-1.027870166200388,0.1057308423005782,1.2099970983099229,-0.0033666996667287,0.688938384228952,0.3765480568252657,0.647481428984052,0.788193568288786,0.3208305239850525,-0.1810666417245775,-0.1070104051348404,-0.7097749101504989,-0.4939092946569379,-0.4205159275722689,-0.8851125354410224,0.3464244416293607,0.4248842404627534,-1.0131311102118592,-0.308538006852372,1.0978959885931112,0.0854846467076449,1.0563941208399517,0.0591332824791431,0.2592473790809715,-0.4287507825062333,0.0244824716451794,0.2386762648492074,-0.0487918318114944,0.4227593576881842,-0.4266634512199312,0.2677902373503013,-0.3074240185873092,0.0626154043162773,-0.9776993866251124,-1.1299598707399832,-0.1253313349377037,-0.9194080690323634,-0.0685715418886103,-0.516040576563207,-0.0700235554218516,0.2951102465238951,-0.9130934934165956,0.4638163335675657,-0.1198961154923195,0.0254760003883434,-0.0198295015238999,-0.0294208615907049,0.3232531790522189,0.3924454022484309,-0.3267248837806594,0.1587064279760711,-0.1425265827163611,0.1178367969164288,-0.2048297902358255,0.09607145660741,0.2038459097552822,0.1345357825502609,2.519362125000004
Li,Li0-8Mg3Cu9(SiO3)16,Mg3Cu9(SiO3)16,Li8Mg3Cu9(SiO3)16,mp-aaabrptb,-1.7960404080520496,1.076178962074611,0.8078504966971366,-0.6693123887313717,0.4674460526926863,4.768099764774136,-2.0609381995603275,-4.453143393073952,3.86637206861236,-1.5362996066054873,-1.3689738789399022,-2.2307067028978644,2.3479702672916414,0.8715034027322058,-3.463385435105155,2.4063386965403657,0.9584324831240932,1.6944495252007723,-1.221488031184485,-0.2992661664206217,-0.7762744729662916,-1.0085259651353164,0.1580248211911718,-0.5690786018290065,1.365703240592027,1.6228123346900931,-1.0850505449951815,1.6262432304196348,0.0078800546205108,0.1292367461890228,0.7799691057752426,-0.6074543804739952,0.6171120202729995,-0.4149716593234364,-0.3041465954537528,-1.5558527413758585,-0.155818063009389,-0.4040385004546867,-0.7776727700992485,0.0511909171197479,0.4884219784618938,0.5966231508138486,-0.2468253082245647,0.7541179264166282,-0.5010754364651888,0.2255146588648502,0.2743324148289144,0.3146147550771114,-0.9473328725220824,-0.0954099029236619,0.1724176716643029,0.2902071872417234,-0.508896034607595,-0.0477158070923546,-0.3088195510671879,-0.0944719496287445,-0.1887567120545194,-0.324049154615421,0.104114623332428,-0.6665709194105311,-0.2681149504609204,0.0700683358168715,-0.4499002453938044,-0.1086760539041329,-0.1134052592713231,0.4111273132123069,0.3979947533460232,-0.2158752054943562,0.0923778800759407,0.3673889961403171,-0.313012238669859,0.4063932941480394,0.3334457899680069,0.5315450729739346,0.2890091125441732,-0.4247103342871558,0.2501824561493412,0.599027762822475,0.0590624219841173,-0.2668999462246667,3.626514065833337
Mg,Mg0-1FeP2O7,FeP2O7,MgFeP2O7,mp-aaabngus,-2.9136121652785048,-0.6597715867242544,-5.56029593807187,2.0569906744028463,-1.5007863645063684,3.2161623683273106,1.0060798980999632,-0.1130377306388956,-1.0725721608752234,-3.623619641947128,0.5883431333840745,1.0168453747016164,-1.1794123732620294,-1.269651222354762,-0.3394260844404069,-1.78742076352534,-0.2295451517141336,-1.873579261101625,0.142270312665159,-0.2135387799203777,-0.1448149064276833,-1.042422646129305,1.563345744035365,-0.3542921398989238,-0.4752184351003828,-1.389947049266014,0.976674831077992,-0.4679567371657736,0.1980866209522843,0.4415750813348227,0.3901901402197953,0.4197517522018526,-0.1564168131412284,0.4435505350827888,-0.6302686706883349,0.5614233224906566,0.2885456392775238,-0.6612499212693975,0.2638407043648662,-0.6937425213429438,-0.3325802221336841,-0.077662360375532,-0.6107034272729174,-0.315321068123548,-0.6708610183594241,0.3370202458769526,-0.0107797855530198,0.0219231977948886,0.0826420830511737,-0.0421586324204907,-0.3128569770571445,-0.0611057841446811,-0.1750716352288992,0.0545513167852346,-0.2134632174509504,0.1149360088984458,0.4654388835310017,0.3235919595433191,-0.1624851728030131,0.4416392014512378,-0.1818634456078425,-0.0395835823276545,-0.0532836801600418,0.1173489226382438,-0.003250726117386,0.3304253278118789,0.3270526009454747,0.1762579993577532,-0.1706307265667817,0.0064173315697523,0.0174429326279503,-0.1559383821193658,-0.0044447778743171,-0.3015058967936461,0.1654418674217846,-0.5398580186096178,-0.2108952457228724,-0.2027965808267129,-0.1062199263430373,0.0073677926556704,2.456583822499998
Li,Li3-5Mn3(FeO5)2,Li3Mn3(FeO5)2,Li5Mn3(FeO5)2,mp-aaabqwsk,-2.456281620707934,4.893464703033274,4.306646593308541,-3.984716440266488,0.7279736597053427,0.6701563908235555,-1.5136107206479386,0.2969074513806842,-3.8735398689441327,1.1909852054529064,1.740035366077733,-1.3711507566478172,1.169761062014693,0.1868249626275465,0.9609234843936412,-0.581793060712459,0.644210580194681,-1.6068593193565244,0.2445894641051363,0.1435095469263294,-0.6329263544776951,-0.6417035358947323,-0.358638621587182,0.0682585472280972,0.4323982366456601,1.5491906540065408,-0.8357367914427294,0.4862678038639292,0.6408110440225743,0.2452890178943503,0.4154351051161372,-0.0135674348036942,-0.3081932340448295,-0.1960373959525122,-0.0267145168064873,-0.3561083009645929,0.1078481375476126,-0.2907599493071797,0.389607291507812,-0.8489712060908682,0.0917408791242339,0.1602398000342101,-0.1943187308523834,-0.3843078428975656,-0.6250599931304706,0.0585430328095884,0.2508315576030095,0.0566275759794831,0.1232075864428574,0.2557285017336094,-0.2160574890548147,0.2048629091687929,-0.0777934324126571,-0.2818580633863897,-0.054267154824131,-0.1681657112788886,-0.0425514901119265,0.1980163778768039,-0.0490516855081621,0.316959280814055,0.5777541661185835,0.2081453342259487,0.0096367016758537,-0.1980350445870503,0.081403750888249,-0.091447645388069,-0.105315781120132,0.1848048150687589,-0.0143610418898196,0.1235794690451091,0.1461909320172617,-0.0721627245950094,-0.1142264493176158,0.1151802923890778,0.0096925843642383,0.1054033599242332,0.0153668526481127,-0.0043669377191732,-0.1188403083977106,-0.1817026751814055,3.215108283333326
Li,Li2-3VOF5,Li2VOF5,Li3VOF5,mp-aaabqveg,-4.573638448586124,8.402666981198623,3.885669378859654,-2.9599578166688216,3.033053350370532,-0.7217707232195125,-2.664024953083609,-0.8743791597312843,-1.3307955780126692,3.6215006836195207,-0.6812388992633636,2.346224940799579,-2.0878132173338595,-0.0337255522679777,-1.8149310614167684,0.7730310077647291,-0.931107106053996,-0.6749116848603804,1.819680976082092,0.9025497365369136,1.015472109379799,-0.7734632538895058,-0.5149501325218421,-0.008126583181812,-0.1394325313805379,0.691957779296089,1.6704567526116676,-0.6226574570761665,-1.10251293402178,-1.3886784961480776,-1.3183526250393345,-0.2106211356849438,0.6609292352160222,-0.1557613012813996,0.5503356760395433,0.7633350152188838,0.8932611063088144,0.2162913705409906,-0.6476758180415827,-0.1628848251296199,0.0767536076686203,-0.7548915076830592,0.230979537324186,-0.7201647924824256,-0.5277462834370865,0.2239972599539536,0.5183223271240268,-0.2431021429320185,-0.0753496145546016,0.2309546941210785,0.1612570100183968,0.1234832434573472,0.2070542129711306,-0.0482702594585094,-0.0359080199931415,0.3624734069432965,0.159721713979706,0.1706106509510779,-0.0262691374501065,-0.2062365940007791,0.3166055937583261,0.0207768119127141,0.1236545778650703,-0.4345267208442823,-0.0723323170154833,-0.0535787066537074,-0.0449836944284142,0.1428712519826051,0.0579936122389126,-0.1761754120307597,0.4050641997605361,-0.0764319700736177,0.2839840687762364,0.101804031420957,-0.0576428742384963,0.0100984238954541,0.1272599927783722,0.1136550757202194,0.3239814527691916,-0.0689912310248081,3.4835500683333342
Mg,Mg0-0.5Na2MoO4,Na2MoO4,Na4Mg(MoO4)2,mp-aaaabbxc,4.13318945857957,3.8198029189517806,8.290497447175392,-4.223239762441303,0.7991008104601668,-0.0145966320003023,-0.6853272261808315,-0.7570173188726682,-1.3848212714575965,0.6524639075417533,-0.0813295628513404,-2.715796699845052,-5.036868463737221,0.5088394763871484,1.7774725101770004,-0.0533417366255583,-2.4038251778972417,1.3964755786835117,-2.936491999645201,1.3081194224663335,3.2980524534938715,1.2594265110989944,-0.2227550011738961,-2.7925455784784794,-2.407738026121684,0.2347551262261277,-0.49272863243789,0.2038978166783185,-2.379925090975082,1.579978877261318,-1.361423029952669,-0.031548526808147,0.1701374780354132,1.555255946615492,-2.5953253902831843,0.9833299863442142,0.4305010712472021,-1.1492359810396966,-0.9218259417978436,-0.4339810444990459,-0.5405377919434904,-1.2988905625361429,-0.1695375598598345,-0.588371871566377,-1.6338020094942425,-0.421928707225711,-1.01483398249196,-2.107845381465275,-0.0677952128456397,-1.2628810884209103,1.0766734846783257,-1.5404224342990758,-0.2951151288454798,0.079461810979474,-0.7129147612366359,-0.1818621041228181,-0.1026907303433764,-0.4907530804746094,0.4229235366516838,0.7494640892373408,-0.1067821674322351,0.1197498017091078,0.4718412785053241,0.1172743442512703,0.0441866185351864,0.1994451026643763,-0.080657994561331,-0.2947019211003936,0.1499497156175862,0.5987788825912385,-0.0961382770228048,0.4342930760409639,-0.3706424900365772,-0.0803436481301895,-0.6238471730837643,0.2558188971343998,-0.3389986673358127,0.0099620118690276,0.4666104229313683,0.2432521886263022,0.231060009999997
Li,Li0-1Cs2TaCl6,Cs2TaCl6,Cs2LiTaCl6,mp-aaabglar,9.228247806127186,-0.833186377573665,15.991859076965412,1.3251134789068455,-3.0194252309764424,-9.129615138245242,8.039539415323413,2.024849611994611,-0.8862790547310468,-2.7547022064598448,0.4020062224302125,0.1480461603865183,-1.1814216309954946,-2.0009226560966797,-0.9217634472525228,-3.4906548708761336,-5.620822949085601,3.5574385990620696,-4.712384932899124,-1.4690511254610017,1.5883148842350243,-5.485965016114728,0.4954741001815946,1.120054466192015,1.5123226908718113,0.5789623775682737,-2.22602147427632,-0.5892843620377,0.8649964890105867,-1.7744696815608416,-1.4354957230493204,1.4566428608428563,-0.083261877588931,0.4025153545274548,0.0725975982472362,2.468639390273189,0.0244651066561889,-0.6983834758314424,2.526342666931942,-2.0711272358141453,3.2219003589387283,-0.1642499669012547,-0.2614182756198185,-0.2795423655177846,1.9327766315731192,-0.3524162830328668,0.5425473180231503,0.9394341513101914,1.348563774008676,-0.5013939662675354,0.7082491181950044,0.7039408301323618,1.0431970190866533,-0.1678369762494442,-0.547198742428531,0.6609393202732868,0.185602843880391,-1.3196137361049387,-0.3224013597300718,-0.0129128877939165,1.082682875909459,1.0572099729578426,-0.2462781938049172,-0.1923767730865427,0.2569950423971136,0.6992141871906631,0.4134437025795877,-0.6639642295389668,-0.1158349112297421,0.0963312762860048,-0.1525657857316387,-0.3744758226890738,-0.1167398195946696,-0.4929194442441498,0.1954704974539919,-0.0966492599861024,0.0704752612619036,-0.1288942416949474,-0.1127126901233425,0.5269232776959327,0.726644583333336
Zn,Zn0-0.5VO2,VO2,V2ZnO4,mp-aaacyznr,-1.2364415013267251,-3.1137428699448377,-5.925093475429081,1.985048205040444,7.0679116763496665,1.0014843393261552,0.421196016122239,3.23492012933371,-1.3580623870136663,0.147075765259254,-3.3962324009419653,0.6551342297426327,-1.3814776210945925,0.3473319479313991,1.1673782910682768,0.2146026860633875,-2.347186809247179,0.8297234687826373,0.0796123060624888,0.7026321449708663,0.819658512905326,0.8252256930451703,0.4401354893251067,1.0188181912830652,1.969230982070443,1.92589120672316,-0.9508478059324608,1.7952558043404347,0.7669245432709522,-0.0540201901663025,1.215191427038896,0.3992929168713881,-0.7196995046108849,-0.6550070436957071,-0.2586568022882641,-0.2872514787314876,-0.7443218987858318,-0.5688532756216215,0.5163658772726909,-0.148960485613752,0.3719398400214641,0.2327768033927859,0.2453476580025502,0.423408397214615,0.6284383897977659,0.3130610584991891,0.2418422949317464,-0.5874953420255005,-0.5012548343417886,-0.4387028969005265,0.7494161182722942,-0.0718705223315031,0.9321694085418926,-1.017465405136097,-0.2705813577040673,-0.0108776977552609,-0.5989862020846274,0.5392205373663541,-0.1154494551767761,0.2883886335366284,0.1397513305777475,-0.3171216367772181,-0.2293685242736261,-0.093692457822144,0.0643882580248368,-0.2479976411024098,0.3214434029802511,0.3340989555580489,0.0792739564766761,-0.1699250422141967,-0.0986281350741385,-0.197770994996954,-0.2993771483572163,-0.1377126149160701,0.2653000196360303,0.0630005285127683,0.0521578381503699,0.381153889597247,-0.0489983758365024,-0.0753186992845014,0.9034500687500012
Ca,Ca0-1Mn5O7,Mn5O7,CaMn5O7,mp-aaachnli,-4.090432481888185,-0.4976921226967165,-2.4756494664698203,2.956311052325577,1.576135259854922,-2.622328611084869,2.768589527266037,1.5782664227281535,-0.6398375913076321,-0.5236462168312769,2.300886276896067,-3.725458372600698,2.583915433574492,-0.0256014789988473,1.9784375230836104,-1.5671200815882922,2.1867809537074514,-1.499953677049989,-0.1034880296213996,1.4239736136709071,-0.910833298967878,2.0121374199963267,-0.1698641724075864,-0.8251199863526447,0.2699658859051182,1.055390195830012,0.5618780148589417,0.0547293478373792,-0.6013649328137066,-1.4604797675816008,-1.3247274804905689,-0.0517599310228335,0.7346589699249074,-0.4878515536695407,-0.0544325007437044,0.6734029923879796,-1.516427118779082,0.860216004491752,0.3053037893719419,0.4708755787090843,-0.9045853291556925,-1.5077552758271984,0.5557356348402028,0.3091740290465227,0.6995389417344875,0.4008166456781878,0.1815941975461063,-0.4250613042552396,0.2482169397878828,0.2846509237019398,0.5092712572215679,0.1034850762116243,-0.3195177286464636,0.4566008617564588,-0.2344460228744417,-0.0964495518076393,0.0750433325594455,-0.2394423881670632,-0.1797813791280674,-0.2059525657674496,0.4695045966620121,0.3286542701185024,-0.0893352729296499,-0.4979034445782825,0.5828094153780211,-0.036861816549169,0.2477997147151946,0.4345734245318214,0.4451784797213638,0.4452478030779592,-0.2991159231270147,0.1001380994964381,0.2131632092261149,0.1175850953857378,0.1766830883013565,0.12747524419745,-0.2404078270139601,0.1490374888708997,-0.1453519595776278,-0.0206033322721251,3.421989107499999
Al,Al0-1Co(WO4)2,Co(WO4)2,AlCo(WO4)2,mp-aaachpsz,19.925495710282405,-3.671766656915223,-4.661622273136995,-1.0488069548984824,0.1091934865780663,2.767784450494274,-2.46608537645968,0.1849674830600195,-2.193096079312148,0.3608750378199962,1.48118394449604,0.3837195882199068,-2.825079950766766,1.2443923503066256,1.1514891972975798,-0.435066667259427,-0.4107170688102073,0.9721600998428274,-1.51709274672297,-0.4556414220976529,0.1833403735786802,-0.6308232621591702,1.759143613784262,0.6990512961993216,1.20328294536752,-0.091725749846737,-1.4366199804287776,0.9953303924225664,-0.8817378027806169,-0.4006040868495338,0.0391704873130547,-0.190545877708989,0.6959953801145822,-0.4526504983384065,0.7906642797373908,0.0113648369372621,-0.7813820516161583,1.2366819363198442,-0.1316540577557033,0.3354510658436706,0.4505828593543535,-0.2187101686125978,0.2576815068206695,0.5910850724213197,0.3542979353741804,-1.147122678454512,-0.6614112242602852,0.5191606912947376,-0.2374343222269815,0.0769421938892533,-1.1907049953590605,0.0423533378253759,-0.1539869180277594,-0.1126872116027851,0.8020862770756158,-0.1859233217685366,-0.1798945570202907,0.1922221808844256,1.013139039786458,-1.3321058283776466,0.3850677596779132,0.5050724024483852,0.9734935815187598,0.2614550740569103,-0.4388553958181284,0.0053024900624046,-0.223010251794625,0.1067681664331412,0.4952273623216945,-0.2246659463334715,0.0333217130703688,0.227923740788518,-0.3141078691536582,0.0965898104319288,-0.4232641728577471,-0.15395613322324,0.2162249625936544,-0.1116567367419887,0.1139902820876588,0.0171374013981673,2.838273530000002
Li,Li0-2Mn2F7,Mn2F7,Li2Mn2F7,mp-aaabrbxq,-6.041082843092898,6.112766985220319,-3.864808756342722,2.484257665531792,-0.2734865770555376,-4.244383590067313,-1.603480644433506,0.685071824732452,-1.557211615813023,4.215780861348805,5.053067350912418,-1.3209800581855038,-0.0393301272002019,-0.3339380562698461,-2.124672115777104,-0.9498925370071022,1.2354716985171348,0.6021455494175965,1.3985604335041055,0.3668738634851213,0.2965106582380274,1.4598417458849375,0.1413871721469638,-0.7266204446248625,1.321555730549712,1.1431341485825215,-0.4053049114886207,0.7769196452092232,0.8989902264816884,-0.0356728770726088,0.2519587287633029,-0.2326984354638189,0.309460440870016,-0.1719025652342221,-0.1305390859233488,-0.2865141224445273,0.2053281217266739,0.1445785528230266,-0.033509006622265,0.7504880945032246,-1.130293610015716,0.667421014092677,0.1146683347280991,0.2201873852796064,-0.3875927758887813,-0.5794100406774669,0.1367505702706381,0.5041951712124983,0.1528020097452,-0.2577938105318478,-0.302297481444058,-0.2394689594975044,-0.041701290938105,0.0377263441680386,-0.3092014224736997,0.5978383006124808,0.2587592841493754,0.4292675748661946,-0.211501220076449,0.3468060765149094,-0.1170171880976716,0.4947080999536583,-0.2830257886119882,-0.452134611595183,0.4104741215710391,-0.3002178498332263,0.4999143760794311,-0.022201269387688,0.2028751684189503,0.1327987846607433,-0.3875793321386631,-0.1668775139532296,0.0260097560213502,-0.0138099032799566,0.2152630972654191,-0.1352287739011575,0.2222305353758522,0.1988364041146279,0.2451225874094086,0.1226014752831154,4.92160534333333
Zn,Zn0-0.5CoO2,CoO2,Zn(CoO2)2,mp-aaacymgj,-0.1954137348993944,-5.087912539464705,-7.316668569685801,3.412294675964064,6.157605680312597,2.696291385577148,0.3287258992037954,1.153483533568922,-1.4716978977660151,-1.2060117064848372,0.3558312945171702,1.027271700470745,-1.8321315968118872,-0.2400121635414779,3.6367920809833607,-0.0417760228921194,-3.483654016725263,1.175247999367058,1.7740182394773891,-0.4041842111450369,1.033933021165509,1.6336110567267366,0.0654219697608716,1.6319890594167692,1.1297480862534257,2.029020327656708,0.0652012158480548,-0.2126684395518562,-0.0464361211759911,-1.427539759124023,-0.1273385125488837,-0.3057072443644649,-0.1604257022836026,-0.7321057267680986,1.3589390506706056,-0.1730388355066947,-0.0522926244403706,0.3918160759010434,0.2366861700052717,0.1513924325949089,0.8812005071978639,-0.3556320200680243,0.0055639907132576,0.5331707722570176,0.1887594533239801,0.0370791817563799,0.1045342109232097,0.0204288193084013,-0.5690896058924693,-0.2696554275542752,0.1382098414385377,-0.1067870917533302,0.3471911934043453,0.1243568444095229,-0.1268111268068546,-0.2316130200048653,-0.4176367464672514,-0.1304411382840044,-0.0272365870928392,0.189723608834999,0.0171077851261386,-0.2801454479681842,0.0204498703264861,-0.3926502492141769,-0.1118984779764987,-0.5426869160588663,0.2860590724764057,0.0129379841604134,-0.2336783672274449,-0.0471027225000745,0.0519149498513151,-0.1305615059019849,0.0301753753202169,-0.2618009611182867,0.1663301793794122,-0.2213070074647927,-0.2519195096998119,0.0541791442723652,0.3011165172334217,0.0147438924739745,1.146706791250001
Li,Li0-4Mn5SnO12,Mn5SnO12,Li4Mn5SnO12,mp-aaabrcnj,-3.1890244148001368,1.711403594482797,0.5455410265198535,2.4715131105677166,-3.043527872171376,-1.6078003593664103,-1.5434173749758855,2.5614340623508216,-1.484825380318375,1.751358715916421,2.020264027185265,-3.324137514401873,2.0593075136793244,0.2809490256591324,1.0942372632810653,-1.1159429201746305,1.7748739853497628,1.029256369058004,-0.6300075741092782,-0.0057206936651786,0.6158112756674022,0.8276866542354023,0.7892327166912931,2.092023959441024,0.0136626977378643,-0.7455436150021283,-0.195495944699083,0.929976382092297,0.7379586319142187,-0.8697890728859583,-0.8484303949274206,-0.353079192989631,0.4878746874600584,-0.0260609148783728,-0.4800020172200795,-0.2386301081292116,0.3312346163013849,1.2660859505908295,-0.3928788972264024,0.8014807512835466,0.2120769542974379,0.6291703684870245,-0.094093094562804,-0.1106243988202032,-0.6446359770849613,-0.0177086908602781,0.4791596697346671,-2.034759636903964,-0.3120456906698354,0.0819911049954063,-0.6734611915144815,-0.1744882926029718,0.0674041352894893,0.3768511818332564,-0.2228018334511863,-0.1663471667313732,-0.2902235372724452,0.418781765924691,-0.3178230425893374,-0.2895460187114189,0.0855613130204689,0.8681669405439238,-0.3166399051373428,0.2357019186658711,0.5740878130688242,0.0384426094693534,0.1071669539267743,-0.3470702053100036,-0.5192181917988807,-0.2259299749838898,-0.1234328308452064,0.0455248913213002,0.254458795959661,-0.1122744113331032,-0.2088066745349444,0.1815795853221995,0.0676308033030747,0.116331316485239,-0.2133382844911844,-0.3917134625252896,3.180586703333337
Mg,Mg0-1KCo2(MoO5)2,KCo2(MoO5)2,KMgCo2(MoO5)2,mp-aaackuzr,7.922159340575567,2.7141764773214585,4.539480902952042,-0.9009562550632588,1.372307629870322,-1.4614705980837264,4.710708929954546,-0.3226636579410213,-0.5406966906179334,-3.5075798777809584,-0.110117239041181,0.3582779438620028,-2.4715103273252788,-1.388172599651951,-1.1964659537076476,-2.6514305139352032,0.8201782995282987,0.202877002467609,-2.9613900683007204,-2.312300779148785,-0.7335096135646332,0.3828741656438698,1.427497855477322,0.4846373531160827,-1.266210112999354,-0.4241878645022167,0.1051805542465793,0.8718029370864208,-0.9409450621579566,0.1668975279863858,0.5202840180572456,-0.4351768835607424,0.8481659583155761,-1.1111680852082175,0.7038741377343541,-0.4279470811656811,-0.3599359307677556,0.517138923292836,-2.187040769071411,-0.8847853294643817,-0.8526380216157539,0.4467112497023786,-0.6727144574372905,1.2858136336653634,-1.6778040185721603,-0.3132953777979737,-0.0230762945630036,-0.0511282286926977,0.3483211759136186,0.4775845830306119,1.0276777561498132,-0.8522428509390497,-0.4715258810468585,0.501266955612132,0.9376849600268856,0.5964095449153681,0.4055272251696104,-0.846758616404612,-0.0490547455191287,0.172825907846581,-0.0858354082365578,0.0333384743188398,0.3206392135927286,0.2038516771726478,-0.8747459118705393,0.1725917351465498,0.21959129096999,0.271504028774502,0.6934221694562571,-0.1933098160628144,-0.3074087759630469,-0.1736225946254659,0.7441250775872393,-0.2150912585248525,-0.1725116922186237,0.3116472505663129,0.1668569639662275,-0.2500585245561425,0.3481210301235772,0.2859906177441626,3.150787930000004
Ca,Ca0-0.5CrCuO4,CrCuO4,CaCr2(CuO4)2,mp-aaachgqo,3.314193377741596,-0.1924939769070258,-1.209649799830809,-1.4285479801066747,3.4447965374125302,1.7936492299298972,1.4731340340193309,-4.666694747064884,1.7858089080929662,-2.4412820868241494,2.0151907484159133,-1.4357801699470631,2.745008766106634,1.5689096265881288,-1.9080868487609204,3.619972456646109,2.293706897313132,0.5390132186604154,0.1526019319687969,1.2741973119010734,-1.7479376921775145,1.2261533290160274,0.5231456006163225,1.4421116743301494,-1.6975514043418454,-0.7944296034457847,-1.012554124812409,0.0941877436729147,0.978649828446052,-0.9468455155017472,-0.5662603297633885,-0.3018792294062844,0.3164169591649144,-0.7283707005073168,0.110351070978181,0.6684423297224429,-0.257838189910487,0.1506219160141953,0.2463196358839717,-0.5393435363211212,0.3371513722492078,-0.2544446244555927,-0.0145357040676038,-0.4284765934541658,0.2630661231984145,-0.1299815845519483,1.1547371446745909,0.6350555301088581,0.2194757797625109,-0.5360856939173128,0.2783987018411955,0.0872023880958317,0.3277219939089376,0.0073183185223485,-0.5072911670589547,-0.4707441222307008,0.4509491789161262,-0.2755125887674788,-0.2244257661177663,-0.058387325344233,-0.0377145817262497,0.2278055829710072,0.3570456340766569,-0.0181332136232398,-0.2282878984572673,-0.1772628577847814,-0.0909028021242455,0.2110730021837496,-0.1227606320875182,0.2991764975722646,0.1109503996662065,0.0760667003983422,0.1667900263146732,0.0525761415313595,-0.0293704171129817,0.1132135510065983,-0.1286911369931392,0.1665843860886964,0.0214787358243237,0.2069889360009663,3.50783875875
Li,Li0-0.12FeO2,FeO2,Li(FeO2)8,mp-aaacqper,-1.5997129789830744,0.6035091810962204,-5.214752951340824,0.4392012539368777,-0.206121035132704,-2.5914765036032694,0.1684792916906899,-0.968085288999486,0.5501390601920876,0.5555192253920939,0.8432688455687873,-0.2714155242908862,0.7920810765610153,0.0574558381691044,2.442609792426133,-1.2949070977679016,-0.6552959940853762,-0.482785640629316,-1.6935848105113402,-2.615917002622993,-2.9569492674075004,0.0044349240668992,0.3073119898428409,0.8731614268609192,-1.0588337768314076,-0.9158774226167063,-1.313261335687864,-0.9784932618782448,0.1032046958300685,0.0547294398458703,0.1679794873510199,0.1618822941675315,-0.4559697155872531,-0.1033383243358821,0.3809201306507699,0.618957408653791,-0.5344178291751078,0.7669584414464626,-0.6857463622088312,0.0092503998535044,0.6435941855614352,-0.5110417951021181,-0.0424091320206948,-0.4355097236358861,-0.6621914040338898,0.045765616020045,-0.0999125968255956,-0.0697506809823586,-0.3557842263150002,-0.1042138531168766,0.454476253459408,-0.331388654988754,0.1352753793679447,0.0894520933795694,-0.1153127149149215,-0.508996303924377,0.1079403316332914,0.1714272971035392,-0.3489277086808833,0.0334240613614975,-0.3294004958036367,0.0321843207123208,0.8412464989864883,-0.2669261977657664,0.2937507835969556,-0.0173981232498151,-0.2974701987465855,0.1172663285278205,-0.1197121525281971,-0.1987628236006354,-0.2550767760227581,0.2586650760892635,0.1765084533721641,0.2947332315601916,0.3660275891678431,-0.2406402672192386,-0.0487660418648516,-0.0712135200267284,0.0909430113599684,0.1125927663194674,3.108079183333335
Li,Li0-1Mn2(SO4)3,Mn2(SO4)3,LiMn2(SO4)3,mp-aaabsics,-7.346654627817819,1.2425796700103149,-2.7701771579242034,-1.0869123649357142,-7.295926617479837,3.451679957021514,7.739581127782126,1.7772325516507506,-0.5796406632183904,5.432851475436145,2.3051049578835325,1.9514704116474093,-0.5323987752879606,-0.6164432821057079,1.4310735286878535,-0.6203711561549909,1.9065109664177768,1.7450392018289886,-0.3084535598441744,-0.4733917025460502,1.1641318369399936,1.4520490123543808,-1.037350728683692,-1.7330653969327556,-0.7216202254864331,-0.709995326916534,-1.2621297063809347,1.032844161919557,0.4121591955855813,-1.098033862477438,-0.8785038237579094,-1.206788560361434,0.8200537308948335,-0.9492818645782432,0.5340074820388334,-0.3206172668741233,-0.8010036545678133,0.4091569456298302,-0.1047836113029345,1.9884042700164417,-0.0264348643237173,0.2495496190346625,0.6811555743944165,-0.4631194197810129,-0.4107525816867223,0.1117159618286802,0.2524592549816999,0.7783993453359215,0.1280177084851636,0.3699542690913653,0.2914770233863052,0.5389624351754563,0.9273172234650398,-0.0290233396132374,0.4844255067983387,-0.4214429314195453,-0.2459469110673995,0.1290076038953521,-0.0091946486587555,-0.2533520347281254,-0.2390748665214243,0.4168409536300744,0.3178644708837702,-0.0785214593437168,0.0366310391962469,0.272051488938567,0.3385802840368745,0.0407513891792528,0.2349188530821639,0.372628967452896,-0.4134648356681719,0.0802157166229329,-0.3449717950202273,-0.0086675691624145,0.1458836091528183,-0.2495565976687351,0.4579256173649718,-0.2816964648929583,0.1551646709146449,0.1259447179739576,4.2542656233333584
Mg,Mg0-2Mn2O5,Mn2O5,Mg2Mn2O5,mp-aaackvok,-4.600658861404732,-1.0772650383058209,-4.4178025277599,2.9298775168583235,2.3003801673270927,-0.3054980077815155,0.8955704123433913,1.973217174313369,-2.2389670497530827,-0.0688289025172444,2.160012994881061,-2.0943056168927128,1.0986307918748852,0.0043947093113214,1.387244536319136,-0.975195230335548,0.6939282700660722,0.1107624399221686,-0.4553660108389644,1.4745411599312912,0.9948320816759408,-0.3815381353456779,1.2982322064599483,-0.8595152604759625,-0.3315908843546405,0.6904140922940221,2.562726167712453,0.1902249569898647,0.1964888031367232,-0.8656598730739247,-0.7848365264064618,0.1340731071765092,0.4300997970601942,0.524272457465806,-0.4286212510621605,-0.12634520474714,-0.8724154855209142,-0.2391103729018341,-0.0265594917220884,-0.1979014849591581,-0.4817634604308931,0.7689162216143995,0.6384693526634935,0.8793576649719939,0.6983700190213579,0.1555995625201006,-0.174474075701414,0.5597754245725406,0.4276015831538323,0.0891014969253086,-0.0321250388308187,-0.181888823691543,-0.3478107204283294,0.1053686373920467,-0.6628146531735007,0.596256735229007,-0.3599787248477001,0.4759354043285796,-0.3315417734701066,-0.2994747494383147,0.7617490668098141,-0.246650968916199,0.1461664804757664,0.2441990415342555,-0.4475295209682748,0.51734692354754,0.6356252171246755,0.0878703698865263,-0.3201369605928934,-0.3490462281100901,-0.2979171994080937,-0.1316635786961225,-0.109169676606506,-0.0603968164067207,0.1656660264352182,-0.2936608628581646,0.150315640091787,-0.1301196782238344,0.3978620008050237,-0.3221467596825294,3.034693212500001
Li,Li0-4Co3SbO8,Co3SbO8,Li4Co3SbO8,mp-aaabqvry,0.5133033000469426,0.1272888727612925,0.4443712760919739,0.540478757494529,-3.0104817141653637,-1.3713572553850044,-2.5006908848947704,-0.8990510315706017,0.4385382530395047,0.7800095793830679,0.8238259386555116,0.1758318489182869,1.771488554920807,0.7796157080841288,1.3728366158987784,0.8193035364233893,0.5088634501468251,-0.1581173876434531,-0.1315334133020674,-2.7735846883957964,3.215241494442248,0.0135991595999657,-0.954105801085785,0.3601969539191215,0.0428471737710201,-0.7462330656484469,0.6660675900370919,-0.3144750200129196,0.9006149444097713,-0.5814649501191407,0.5558387711758546,-0.0126928600345629,-0.3895452493344748,-0.887705524718179,-0.6638821917109845,-1.3794027139918754,0.1267400175817124,0.1144241020289938,-0.2948796643410603,0.4428587538970219,0.07325703137212,0.51261756946218,0.0789370698810193,1.107320986296734,-0.363188179659539,-0.2042561204818605,-0.2741103301600803,-1.409662363126717,0.2123012455648931,0.3017957387059254,-0.4228226080834663,0.4959176556138285,0.2252293161652725,-0.322516047601651,-0.2358324944179065,-0.1024357331047685,-0.4173524071663733,0.2567147795389841,0.2167281874539931,-0.7030543366269171,-0.1867887804613902,0.5211935516003029,-0.3970051379157597,0.1815795733204157,0.1907157484267033,-0.3742681449044994,0.1983032446120917,-0.1872667289279437,-0.1902564954381082,-0.2307585299722064,0.3046835898242211,0.0482186727123951,0.0761012622127833,-0.1102822957735392,-0.1302866527511163,0.1919119554606933,0.1593307792946411,0.0545955064113934,0.2117639380169765,0.0572378555700612,3.134414413333333
Li,Li0-2FeCSO7,FeCSO7,Li2FeCSO7,mp-aaacpazq,-1.784119354837686,2.056537583908256,-3.048780371201799,-4.609247779874966,-5.719305947114546,3.879513952145901,5.347996335166229,-1.4559896635507146,2.5800654645901524,4.099227842487788,-2.4393639937073317,-0.3043086069532486,-0.9406856203653066,-0.7408220592658783,0.5323633220286318,-2.6140818247935496,1.3229531272239796,3.0948952488978234,2.677428711014852,-2.6871040851031256,1.078164000510457,-0.4489899264144708,3.3269519801167644,0.3090185847281324,0.1342335102504187,-0.4131719433258537,-0.4210658922606984,-2.2045004546987257,2.156653185274924,-0.1595034643888203,-0.3702757737280246,-0.4024195316970843,-0.082178413710121,-0.2139439945113165,0.0669951228783764,0.6412060920017252,-0.4939979519251212,-0.8168877727744381,0.455453787722449,0.6313319043632203,-1.1634570315062671,0.7149545852110407,-0.4439168614991561,-0.7720038157559096,-0.3904319608531051,-0.3056101469416182,0.2121649017255842,0.0986907766225135,-0.6081621403425415,0.2113230416365607,0.1016253153172677,0.1659533397014539,0.3341170723935557,-0.5020575010140055,0.3337626369651728,-0.6304383121352051,0.2487081138603863,0.2216242781857016,0.4861661548949686,-0.5323233310447053,0.4904051176239702,0.241284998191891,0.3522919914191224,-0.095562908582091,0.4786123069603438,0.5687908568205385,0.9027447493715172,0.1377680344502682,-0.1756713940964208,-0.7488467128527903,-0.0991345104248595,-0.311294906229653,0.6703671750285962,0.1979185718619158,-0.7816391454399868,0.131031758675566,-0.8937705588784954,0.1300227973617019,-0.0798391311465472,0.2954770823393582,4.060498740833337
Li,Li3-4CrNi3O8,Li3CrNi3O8,Li4CrNi3O8,mp-aaabqzey,0.7315399475150789,4.874571804532094,4.123075706081734,-6.501998809603817,1.3667316591888905,0.8772066701029733,-2.053123687780356,-1.1720045546923572,-3.479334152345422,0.3831039906738514,0.3131131992241288,1.3347341995813926,0.9428009320590376,0.8291766880983995,0.797558889276521,1.3945466152773598,-0.0444562561419553,-1.2496095437671069,0.179016438584727,0.0060987009305215,-0.8050436701460797,-0.5660799603737988,0.0842707767369091,1.782990321156298,-0.838468011347501,-0.6848031311334419,-0.1818769350849856,0.1364112146065388,-0.651016600574942,-0.0551970460325196,-0.910121165341831,-0.1902357457032472,0.1514372446102818,-0.3586967169616441,-0.1904845553134815,-0.1849402839879388,0.5324185824907697,-0.2385505024217226,0.0321515296721132,-0.005848119263696,0.0549463825613526,-0.6277160640770766,0.3787020809465919,-0.2422830716967725,0.2534436748261107,-0.205356519330187,0.0199484997544525,0.6908094745222069,0.0095897313460391,-0.1143492451664234,0.7123433759193725,0.2607570644614006,-0.0154837470528083,-0.2367570571942308,0.0483561431301011,0.2646555914194112,0.1363044662965704,0.168482167843807,0.018405118330921,0.0045731609342989,-0.2167136739491428,-0.0675918977937887,0.2197346572994571,0.1091774226901539,-0.6874444294194221,-0.0603203379287165,0.028196255846075,0.3676944252760499,0.1182410329923149,-0.0128603397522032,0.2916689830179708,0.3064630247309294,-0.0314875731337865,0.2752375198600353,0.1809244772490341,0.0436498157566071,-0.079875858153402,-0.0243626498803024,-0.069073122510531,0.3383462975188381,3.555958013333328
Li,Li0-1FeP2O7,FeP2O7,LiFeP2O7,mp-aaabngus,-3.975691397384139,2.3925838163773268,-4.092281128978393,-0.0215733657082683,-4.940092458742864,0.2032715605492897,-0.5633459708428816,-1.171412980875462,-0.0528485919548823,-2.46768440992204,0.5258348311223746,0.7750711870322597,0.0403732058449873,-0.8640953689193908,0.4834516985458137,-1.4389201021073543,-1.0144971741570097,-0.446539473033354,-0.0629518665707147,-1.1124321002366595,-0.5364831997246009,0.1471737239942684,0.833202353524491,0.4063742771821423,0.1086770706761831,-0.89563494166524,-0.2191324142071385,-0.9843409167228632,-0.018036401870269,0.3723651858838113,0.3681838079545335,0.2346615084348326,-0.3662558420359276,0.2291129882476503,0.0566072327865941,0.580832784299707,0.1295956465824265,-0.1348371448537981,-0.1268339898220571,-0.2998828137962357,-0.0087237173152187,-0.0383438870380323,-0.2904263582049677,-0.4193335053697229,-0.7005539596507661,0.1360010426137683,0.2291414735104375,0.2066194684531152,-0.2203352131335288,-0.2785388456586455,-0.1553385931252529,-0.2457068004181631,0.3139826412991141,-0.0324251584805727,0.1762126498094492,-0.0597400651861628,-0.1227238011991362,0.168873035879662,0.0745719096091193,-0.041873526254775,0.165213636642726,-0.1841610866968385,0.0674660124370534,0.0480236181715551,-0.0179618858390473,0.0903329811451331,0.0200112435368194,-0.0535130472314695,-0.0051605053667534,0.04989758568806,-0.1414753364446498,-0.1915723366549713,-0.1340349201886507,-0.0700272093932864,-0.2302733220588814,-0.0425135549835072,0.0065588381746797,0.0066464244340436,-0.0397182262076763,-0.0072082494060265,5.343613760833326
Li,Li0-1Nb2(PO4)3,Nb2(PO4)3,LiNb2(PO4)3,mp-aaaabnba,-0.0806541758612815,2.183017976911648,-2.27107052479921,0.6724635957462934,-4.033568674433762,-0.213548333154532,-2.104999576724259,1.5102915891051245,2.0411880511876146,-0.0304557447034865,-5.167277135319033,0.8136209606893996,-0.8524539561378892,-0.8978023072850783,-1.642421775890662,-1.3353738578204122,-0.9263907236083774,0.1567775970835473,-1.4701587834107543,0.2520082763545684,-0.3595201736348254,0.2009215769932286,0.1412929168312517,0.3851913603998519,1.0784971441559623,-0.913635609186878,-0.8945866682910537,-0.408330114593975,-0.4004082440383064,-0.1940480333325144,-0.4923312819446256,0.188966475166389,-0.0388950387477058,0.3325994936565107,0.4722936685461594,-0.1783914500036738,-0.5950735802049456,-0.4168949028398724,0.4279836500382515,-0.2575049754572499,0.1609764971490043,0.0266063917266701,0.505103806154965,-0.4838976878004394,-0.2989088687107236,0.3047863685626793,0.1092964355097309,-0.2894772114468302,0.7289575527750132,0.4797744590102068,0.0762968118703274,-0.3410327485597564,0.4599734005851594,0.3745265975725153,-0.1410746459706805,-0.175725670485607,-0.2475016732990972,0.0742776261269509,-0.3667631753663144,0.1702162967070453,0.4755859900019528,0.2261922355355195,0.3661123215655663,-0.0710900725435787,0.0638882825062013,0.0160100400482653,-0.2772719991627416,-0.133168130930449,-0.2161351698039434,-0.0220804647254468,-0.0129355511483778,0.204770725406873,-0.2213620670296478,0.3422593018073588,-0.1971269389999953,-0.1441097255627247,0.0836142859791029,-0.0159842003657073,-0.0815322447832284,-0.2819044288356386,1.638961890833319
Al,Al0-0.5NiS2,NiS2,Al(NiS2)2,mp-aaadefhr,-3.72980000387551,-13.961111568300652,-4.202768631278242,-5.95603257720603,-2.3476443602676964,7.688132722928721,8.112132887041582,0.501306662397583,-0.4343817199002408,3.4555783672639726,1.612857312821218,2.149827149726118,-1.1151587239480178,-0.8284924003194688,1.25516232502696,-1.1129015021383533,-3.025757321755712,0.6079778989109438,0.909852758133505,-1.1755453933929878,1.2896088157576742,0.1316592334784603,-0.343973220366368,0.4976923136049906,1.4359651433309897,0.6069181840497374,-1.9527185843430093,0.4984262231768723,-0.4750911614441523,-0.4393909952700434,-1.5045383072402083,0.0128663818240431,0.5755192544903971,0.8935013520564893,-0.9118257367955817,-0.028294743250179,0.8299790304455477,1.5668653872119158,1.4154799013906183,-1.3496405227037285,-0.598621216195695,-1.9782785426918756,-0.3097222466937825,0.3672601262081772,-1.5988597602639758,-1.489237885677414,-1.7463141254581194,0.8249806604131679,1.2157863446593289,0.377954217526347,-1.4229675142521268,-0.4578152797789829,-1.6671986258839582,0.6767330381896858,-0.2079569475015898,0.2767848674508227,0.9250327635957528,-0.0701517409718673,0.414939111307675,-0.8017567219780622,-0.2918603781717794,0.0478674238324534,0.4687350601432331,0.1980776750131416,0.4149621581194353,0.019230563559481,0.2386303070875062,0.3461479121677684,-0.1047717058601883,0.5655104759385646,0.3239938140197127,0.14091315706824,-0.1626219558337427,-0.3428767270893387,0.7545794120964301,-0.1716471599131941,0.3601905127901806,-0.0252537427722743,0.1727484150808611,-0.0104543024412872,0.568317788333333
Li,Li0-1V(PO3)4,V(PO3)4,LiV(PO3)4,mp-aaaabnwu,-5.016839198685303,2.956626913633357,-4.2467421809073285,-0.226827747686351,-3.836016799483751,0.1706602779949702,-0.7477774579348069,0.6874603443446571,0.6258727138005997,-2.613385807800697,-3.26618399024947,1.4237900959875536,0.0620994144107672,-0.2983899699322817,-1.5264886079087998,0.4052595965811935,-0.8907604484233373,0.6017313823550755,-1.1453001384926516,0.424893483797624,-0.0292864133918208,0.6117804242748102,-0.7498940503734284,-1.0176211044953294,1.0254473986582595,0.9827000194649738,0.9579941005623592,-0.872633236907023,-0.3554615105800345,-1.0336642677211387,-0.7330959616342164,0.0456097554643411,0.0584715199510936,0.9673970548322574,1.1838021388047766,0.2995727867573921,0.2541029374413779,0.4953779783872306,-0.0015606309055899,0.4879220083048298,0.381386075413178,-0.0261988514251307,0.6660813609614985,0.4157477498403534,-0.2650412260343736,0.6811462037116602,-0.0210148445182834,0.297343834090553,0.6407465308689277,0.0472359954206278,0.3886475847390669,0.0849605818620506,0.4715385787508472,0.0860310729026198,-0.0642314221995905,-0.2191501276817918,-0.354484236208235,-0.6635357295190007,0.2679610216933717,0.146769667662572,0.3338135778543221,-0.0609197679051264,0.421656396213664,0.0202176448811229,0.0223047715143573,-0.0123666332448723,-0.2467739937068683,-0.0034775926225562,0.132743337891379,-0.0196607642030339,0.0940082577839821,-0.0309486478494908,0.032646137794818,0.0760554798331575,-0.2287768646373581,0.0309455156235134,0.2025317995380375,0.0191677818042259,-0.3838988797608083,-0.3718102754624247,4.835385495833326
Y,Y0-0.5CoO2,CoO2,Y(CoO2)2,mp-aaachhkm,0.915439268828891,-3.675104700950965,-4.7640998005404125,3.2198726904047947,4.027768777853711,-1.1397750139234335,1.297331637119271,-0.141056287704288,1.1032833490636929,-0.7608870268145148,-0.4648889234453803,0.3409757569830251,-0.0224068721788578,-0.0754408496092471,3.1279177820148782,-0.4829105809204881,-0.2912902173565458,-2.2842233377303445,2.551455430981456,-0.6335616408383692,0.1817716574292178,1.707192136312391,-0.035997685258702,0.4223686898343655,-0.340220232686028,1.3176950582222111,0.3987191001060966,-0.8951719023458664,-0.101843188797674,-0.9247753059860516,-0.0973061558623123,0.1291484847577539,-0.5583268287861448,0.5544396414415227,-0.2123199600281848,1.6746697048128902,-1.4674038299918606,-0.8060230275100564,-1.150061917312988,0.8177365864757855,1.3995421472794685,0.0788531250878989,0.0520031184786635,0.063938122039855,0.84820113079929,0.7278212179686516,0.4625061100019902,-0.4501805648736584,-0.8797315052501813,0.6857359761683163,-0.3428801290514412,1.1226489492900815,0.4930709262910295,-0.1369298848397265,0.2612383495671661,1.998154627220089,0.8503450160711556,-0.5474027742133017,0.4397555858006102,-0.2102099429176782,-0.8435282105221865,0.9291513416407354,-0.2532472505645741,-0.0582234726204364,-0.3067660645916117,0.0531155166383338,0.2468388929702774,-0.1463751375338772,-0.6882735018182338,0.2611030306086055,0.4378218123936944,-0.1596467309809267,-0.1051858479862918,0.2962078055200727,-0.0104869927881206,-0.0652393069534926,0.110640487389469,0.1396543341141065,0.2123152890453589,-0.3309385465009873,3.179526462222223
Li,Li3-4Nb3TeO12,Li3Nb3TeO12,Li4Nb3TeO12,mp-aaabqymx,1.6973925486626813,3.759412286750568,5.795701598725534,-1.4441499967950429,-0.258679248998465,0.0929554629081945,-3.228156988693802,1.785967677135456,-0.3822963818566005,3.579065831072494,-3.40434080821792,-0.2351531074346063,-2.079843079828444,0.0741318607949584,0.2197379853366932,-0.4170308874567754,-0.2489325276992375,-0.6107503873655608,-1.444762080058696,0.9682252815731156,-0.2059882919479302,-0.907329016622323,-0.3778278918433224,-0.3370970997447506,0.8128029383328221,1.122772977263189,-1.0578149404880246,0.85682577769802,0.7049248881702744,-0.3998980057507883,0.1279890046338659,0.5214449647944199,-0.060326990344814,-0.7015606543490018,0.0443905908447792,1.2465054206134294,0.335032203952848,-0.3230614121393178,0.0575272654086125,-1.5083420845431457,0.5026509349189089,-0.270857555526153,-0.1760013491209126,-0.8963071969979812,-0.8396246341376957,-0.1350928647277602,-0.0748375021648236,-0.0090219901926426,0.2464166367680302,0.6207583683299106,-0.5528942698301611,-0.0944603622016082,0.6074828201144236,-0.3514177751436022,0.212175844850522,-0.1647382374725369,0.05141151666664,0.5174985141000269,0.0177868781547723,0.7350380846187365,0.3190765179446282,-0.0755100449461067,0.1448433810563513,-0.0304946955210679,-0.9044949368616252,0.1639902853285058,-0.0953459580480843,0.3808357986857736,-0.132852488689858,0.1580634812038106,0.2267981838225649,-0.1481192135269402,-0.0902215328127323,0.0237865047493384,0.1379518178576816,0.1806706959367091,0.0815625643697943,0.0682441309130063,0.1476751138593185,-0.1233031272533216,2.703044483333319
Li,Li0-4Ti3Fe3(SbO8)2,Ti3Fe3(SbO8)2,Li4Ti3Fe3(SbO8)2,mp-aaabqvyr,0.8624580715594902,1.724405734659998,0.6922463343083136,0.0865833491599013,-2.569757635930489,-0.9918752840094748,-1.774083805965653,0.8849293182766196,-0.979035568010126,0.6136502922657957,-0.6589022376080319,-0.066150155875505,1.1535313976104098,0.9770144191070694,0.2900699003334041,0.2558363932555852,0.872548446623141,0.1465554760966946,-0.7546522218829531,-1.6877610279392488,-0.0253943051585297,0.1882976321324358,0.7092759915567886,1.922988386746525,0.2335238732163488,-0.6496343893960849,0.0704039602798205,-0.4089376304660251,0.2097698861021714,0.0491494423719339,0.1799034074514366,0.2059796510293775,-0.5869429864445114,0.5521073152839103,-0.2687737267234271,-0.4237572600955946,-0.244648400775903,0.5432235845317351,-0.2018308792179872,-0.0477337785703179,0.3956717698782869,0.1306132442241593,0.0133030756236427,0.262554471096894,-0.879795371238123,0.020371470466882,0.4095345267380275,-0.7940016196322295,-0.2553201054848065,-0.3552582835855877,-0.3762651881054992,0.2646397024008078,-0.1667908976744737,0.0888913191290648,0.121279524802386,-0.3318633935579234,-0.5012834550401907,0.8051171134882099,-0.284646552441175,-0.4775353518404224,-0.3963014636704471,0.10403448353817,0.129683170778567,0.0991231066026347,-0.0372818146404294,0.3592697643724888,0.1229156592299527,-0.0610329014264002,-0.0314565067669053,-0.1744203599108647,0.0668474571263282,0.1010099126804847,0.1528667900964622,0.1817478990632145,0.278143232764741,0.221232538367412,0.044788401481389,0.0717975195419391,0.0396199620784111,-0.112478149345788,3.318056148333331
Zn,Zn0-0.5CrSe2,CrSe2,Zn(CrSe2)2,mp-aaadccnr,-1.1297066210422155,-14.601633460129246,-1.2842727492497084,-8.56224664895231,1.0667570549046388,1.3586681276136,2.2817245206616508,2.932456557744377,-5.6567659943356805,-4.453289610826985,0.0712925547553361,-2.1322305559106494,-0.1158452821489493,3.399689024103123,-4.177947004665683,3.591221350658849,-5.3176564537988,-2.489389977392574,0.1335786594466815,-1.7802029864365398,0.1936552560129673,1.307362474500506,-2.697454820108496,2.4727009094649355,-0.8307378294991358,0.1325398901103696,0.2381682542183641,-0.7760689378319842,0.4150964757992502,-0.2994240803655374,-1.516604253925137,0.9872143573082516,0.2661089444113991,0.2883126769869767,-3.145209836719375,1.0040632924270847,1.070206395356024,3.943897491927174,1.0361109507479185,-1.0172258646378256,-2.361413236222132,0.2016933642617845,0.6214638514252039,1.344586082322505,-0.9184488714338436,1.077341188625329,1.3725115675404438,0.3661903968237087,0.1366890384221189,-1.238389633325408,1.6325085692797334,-0.8825535968361277,-2.2291782019509974,-0.0064046952011224,-0.6144502400361586,-0.3893318266915276,-0.3299004762043125,0.7532004046260224,0.1856606876449477,-0.3294791308985619,-0.4170544986165498,-0.6178108901254405,-0.6548988849023438,-0.7601320568500345,-0.498998951285016,0.4431937147978926,-0.969400121846181,-0.8768211411652161,-1.1394325082397174,0.3554889713572409,0.6785174909709225,0.3310066738713131,0.9710982877708352,0.1912321662568055,-1.0993215421974394,-0.4063841997282101,-0.6972478975796319,-0.3994279724430651,-0.8103203375992205,0.016885046111786,0.7954735825000011
Li,Li0-5Mn7Fe3O20,Mn7Fe3O20,Li5Mn7Fe3O20,mp-aaabsfwv,-2.2485267959279702,2.312875338939109,-3.1305149197904427,-0.920826422051292,-1.2925406660304386,-2.658964372554361,-0.0286517637231587,0.2705250594710241,-1.264194859875322,0.3092607132547078,1.98473035825649,-2.082516323696275,1.7297142739468565,0.608523367420117,1.7906491207649675,-0.3881137289183244,0.3365402591776404,0.6474836041139462,-0.8041404370000598,-0.7572056703682855,-0.735191771752109,-0.1144007704019414,1.62358124651364,0.5583103215965982,0.2912125748617019,-0.9305801039759842,-0.6574648391241062,-0.4925917487677895,0.2255395679948965,-0.1944601253192869,0.1070291472721697,0.0270232182062912,-0.1654410618533182,-0.2035450477916829,0.3184012392682952,0.5092055778780885,0.3590907362369914,-0.0273856772875654,-0.3255286483596163,-0.5993066554768449,0.1977183108705468,-0.1259648555950964,-0.024215791651611,-0.5607748563422803,-0.9227781316991736,0.676624658660055,-0.0759003547384537,-0.463733445352467,-0.0422575468151104,0.1373261135277662,-0.1688638139858342,-0.2508695289268793,-0.2560460990464596,0.0700392459566485,-0.1523320948934947,0.0261000125963042,0.0898224224648271,-0.0049627907476907,-0.2036268775934163,0.1050617615458351,0.386450842557987,0.0906758142672424,-0.1587011974687127,-0.3271440750732522,0.2312694279638921,-0.1147791348099544,0.1502442137497665,0.0611974822504179,-0.2699756060301699,0.2570534493162923,-0.1283548445000685,0.1315790822608147,0.1470897679221136,0.3414997899618524,-0.1700075585665178,0.1005049028855439,0.0551573522746572,0.0768194229654726,0.0029922630542978,-0.2478522519450912,4.44789537333334
Mg,Mg0-0.5WSCl4,WSCl4,MgW2(SCl4)2,mp-aaafhwgd,16.407255443036963,-8.769289995067078,-4.061461587078545,-7.291314595207875,-9.289279477064737,3.789289003164544,6.169572908796978,0.4156680279463564,0.4002703230695518,3.547248357593776,-0.6214638566351157,2.263899396811629,-0.4998932976845746,-2.267890369820236,-1.0836521221043631,-0.4949802773024583,-3.155216117756833,-2.116659520915165,1.1279878942838732,3.4568149156605523,-1.9686169545547745,-2.5356064722551843,0.1936874000105282,-0.8170665052464694,0.553925711704245,0.5170174735428532,0.9195425803410672,2.3225800270069272,1.0470039285743542,-0.5223788907162075,0.2128867801569419,0.8209238971812283,0.5742607957836984,-1.4909428596922345,-1.2173745613043654,2.497834253838887,2.357954537292604,0.2683579971991974,1.5999363078186122,-1.2529632197485117,0.1697298774661889,1.453326580205203,-1.0072783440342,-1.542505670819052,-0.8236857703260847,-2.633312165232919,0.9584972317823296,0.4468573620951405,-1.0081029231806704,0.4103597079482325,0.91256107013646,1.4784527883386755,-0.0770174010366731,0.3518205287057261,0.9934719684555274,-0.5229588651638313,-0.0772774663638195,0.4048151189359981,-1.0804164089326391,0.0204212268782686,-0.4612783522091787,0.2964018786500387,-0.8257008275186325,-1.328002917593716,0.0646941611143326,0.9187185889760208,0.8667537294381852,0.2897511998075756,-0.9059499392457148,-1.3485910996164496,0.062324822552482,0.1308423705144691,0.80745139828524,0.1065508492784167,-1.9166294945437157,-0.1604608836176088,-1.666555632820854,1.157596400788386,0.0938072809024603,0.5080013167899133,1.018217064999999
Li,Li0-2VSO4F3,VSO4F3,Li2VSO4F3,mp-aaabrsgb,-5.002195542562851,4.865666157122359,-2.508700161540369,-2.730830904420854,-4.066359375349572,0.6276206158443944,5.903312645934422,0.3322182347064527,1.0439543905942277,7.467246100981898,0.0834064866937139,4.069394745256824,-1.843010050116404,-0.2887472408424745,-2.363116566489633,0.7830631930420598,0.7316962460089284,2.440811139788561,1.7004510449432322,-0.6363809607635239,1.8143220476150048,0.4252397997129022,1.267684938179457,-0.0968462667125651,-0.1129341318926357,1.8919590746761512,0.8829905091577599,-1.0916548822081424,-0.1137284983740378,-1.2467645725759218,-1.4539240218937788,-1.0125498785099647,0.6354116214704866,0.2529801385392856,1.0835046195460385,0.189760822919731,-0.051401871394754,-0.9731166902776682,0.306741168205946,-0.3461515371417853,0.3188758731255782,0.3282916895827906,-0.0541136145140165,-0.4905146835307859,-0.056770476368717,0.8131810750633314,0.3929592128816398,-0.0409467270326269,-0.2704014031129257,1.05841308688346,0.0438729984253151,0.5026168393034077,0.4349932270295243,-0.2178725429761426,0.7454933910303556,-0.3436346597132848,-0.6671364512724418,-0.2160669230329135,1.001405383218852,-0.329012568947472,-0.0376879380215542,-0.0073938666512044,0.5466733453666428,0.927829382026666,-0.3318079368373989,0.604678606625309,0.5916802441950963,-0.0936331747449723,0.22193756474005,-0.0776344546752715,-0.1971221196403436,0.0987080640231015,0.6958495008727157,0.1718053077451248,-0.3482297549319912,0.2991540125657912,-0.6122998482672672,0.3215410410841613,-0.2293724345882356,0.0623695061594125,4.317598407083332
Li,Li3-5Fe3(BO3)4,Li3Fe3(BO3)4,Li5Fe3(BO3)4,mp-aaabrpwr,2.364457706043748,7.608066984427136,3.574937823356364,-12.197552332263648,3.867414913539674,3.667933672933748,-4.320498181069391,13.815373838648611,12.425411991243628,-4.453184011732448,8.59954990928189,8.764354647570904,1.8776497509141945,15.522164852968142,-0.1429246225061194,-8.25477479829237,-0.0183045277304053,0.6544182246449805,1.3025584337237597,1.645866478559352,-0.759703227536629,-0.5689708968851607,-0.6046242985995409,1.0081221633898378,-1.165390173941479,-0.676246989556414,-0.0459635913505706,-0.7340440162557486,-0.1307743876583954,-0.2588480210907944,-0.5066046928878261,0.0005409755740198,0.0311811770750528,-0.0697415488279815,-0.2303992767117812,-0.1621981724818059,-0.1583075427084869,0.0236085972779571,0.6053618434189697,-0.338041583727254,0.0693704581253974,0.2726593069568165,-0.3025199002627067,-0.3026407499697832,-0.4023144644104848,-0.4062453634908154,0.0595215987594281,0.2051610543938393,0.2242144734610222,-0.3534875807900042,-0.0724378434913812,-0.1577931705304418,0.264332701482617,-0.0645672716613717,-0.0147363665806431,0.0231433078331746,-0.0570686305420139,0.2153092072134436,-0.0289901863144617,0.1155999692548253,0.0936179352994509,0.1260191283178751,-0.1551538138568748,0.1129484022669344,-0.4179624487912278,0.1031876412739783,0.2583683662507681,0.1854548892233473,-0.2624651637999695,0.0857635803652449,-0.2409181835718337,-0.0600832481476328,-0.0775277830036392,-0.1750775272884041,-0.1750710219729444,-0.0053487896643271,0.2082910672938526,-0.1444937513591545,-0.3395217560849213,0.024619839615643,3.034782785833333
Mg,Mg0-0.5CdCoO3,CdCoO3,MgCd2(CoO3)2,mp-aaabrwaw,1.7142324037894254,-2.91670813361196,0.4792753859881515,3.1508989713814426,1.3651840033423683,2.704976744641108,-1.3934641855591303,0.316914040991066,-1.0437094092924657,0.2824480321651928,1.3554020234287003,0.8580451922134812,-0.5040103887443038,1.0090925332738776,1.2246017413220962,1.6545450622044826,-0.4143005177966556,-0.9714797922762898,-0.9646386256367988,-2.3595661636879783,1.3421692006381891,0.4910468929942477,-1.7276886331903567,-0.7458755164699649,-0.6969645000556149,-1.6153671349558385,1.1740436445453055,-0.2120694993715073,1.406594813988183,-0.8789715345885561,0.2019201358821211,0.4240082846980314,-0.6609918739405429,-0.2633922838990798,-0.3470402208247217,-0.4808941753254136,1.949519485007053,-1.4322859297710244,-0.1739289416241666,1.1256014260693237,-0.3375545968005954,0.271825670475482,0.910040475137255,0.0840300722665141,0.7312505837702972,-0.1060865094668687,-0.4190256951403818,0.068724185777407,0.7014078575576841,0.1062164189654129,-0.3241903547519211,0.0437801744437466,0.4720166510285856,-0.0937338462580427,-0.443472065279651,0.0864110670306778,-0.2222964094055508,0.2736154316011481,0.1236683896130912,-0.0058095283732402,0.2811613935754511,0.1148059060974856,0.0206499906708122,0.1350699765322795,-0.1007837737402492,-0.3321695720428684,0.2145192899383514,0.0392311054895403,-0.072242135462101,-0.0537134004565773,-0.3399956506483343,0.0038151678701292,0.0674623753416543,-0.0238742886117792,-0.3058857021048941,0.0554667556107915,0.1927642585548754,0.1731679102478401,-0.1113745269355105,-0.2160035135024023,2.667925540000004
Li,Li0.75-1TiO2,Li3Ti4O8,LiTiO2,mp-aaabrjbn,-4.589929790611958,3.398172511709588,4.492982090078635,-3.5787390271848847,3.3344313930746043,-0.2913635604675564,-2.613385274808138,-0.3897605514827328,-0.4409962289128687,2.1431650995883222,-4.330511571445597,1.7649478387825843,0.9499663903244016,0.671763445269679,1.5553848677562254,1.1036265407316708,-1.2492321450584352,-1.4623416214992708,-0.1653272722368863,0.9713543378053592,0.0708298674566779,-0.8404122879293217,-0.4214973840718857,-0.0812204136204875,-0.9861715240632496,1.2131544226124504,0.6008218024197841,-0.2607990619756951,-1.751357856449429,-0.8918605688428431,-0.9809605428479296,-0.3962839716514113,0.1912422081251454,-0.2621208617853244,0.7195702153784826,0.3264618734674364,0.4327451830894197,0.3510256743593247,-0.5013716007168392,0.1184036299043784,-0.5085781016209954,-0.2712642193315105,0.1179551514721015,-0.7211206489469874,0.1500992429039716,-0.3168889884962176,0.1564764008765442,-0.2412979397304303,-0.2211086743273516,0.4930538680740747,-0.3374050139637609,-0.2272087357784898,0.1064247369867614,0.2125552636807043,-0.220029384907832,-0.449428056387524,0.2241195551356376,-0.2285937542394303,-0.2044649717225748,-0.079579515442732,0.2316421890460771,0.3953030251520282,-0.3414575318642349,0.0169917020442389,-0.1275980995703726,0.0554066589825052,0.312677424212807,0.1247966647993964,-0.1374532676800426,0.1622314783825529,0.005901802063331,-0.1980119105045524,-0.126741639839452,-0.1154147718970244,-0.1361336986204961,-0.0368139200497196,-0.0208680658267387,0.0205476574360982,-0.0446113694912737,-0.0735735822129346,1.699734523333338
Li,Li0-1Co5SbO8,Co5SbO8,LiCo5SbO8,mp-aaaabxia,1.7659950371146618,-0.7989270010398599,-0.6556750171712874,1.0696392873627014,-1.8605562648143683,-0.5854412635058647,-1.439399504932523,-0.1990135648141469,0.480334529763076,0.6901504748938234,0.5182831990784147,-0.3402807032370515,1.768660221117339,0.6621868441657772,1.3536565893920385,0.405617947937216,0.4066590490275687,-0.5579327845901392,-1.4210918040118865,-3.6811123090832902,0.050924707653004,-0.0292465342466483,-2.865764777864916,0.0857541507331517,-0.1163185170544118,-0.8489873078019813,-0.4296977724539892,-0.6961371501295065,-0.06189750511491,-0.5573193686237666,0.2510291869512309,0.0150476396406849,-0.3128492006476408,-1.0341709286175171,-0.2431512277683625,-1.298773505095346,0.0245585989290736,0.2572890309043361,-0.6226106556673546,1.4272552669086007,0.0486809592619688,-0.4459142828126481,0.1076570218765149,0.4415852377236001,-0.5045404353362062,-0.4770766987174476,-0.15518761510372,-1.4646286382325209,0.2546870784228037,0.3414135845535937,0.1361316579382706,0.5554952206960904,0.4952244277464128,0.0726252249230918,0.0284520148620294,-0.5570502703285657,-0.5099435799429913,0.3094842242161155,0.3441307299664524,-0.594387994493518,-0.4285006185755594,0.7926095390307537,0.0634044977902369,-0.2017763187835243,0.3073468990955623,-0.3198281176320823,0.1500518611582629,-0.077031467459186,-0.3640514377671561,-0.6417099327209284,0.1529202581141318,0.2213203164389379,0.2153283155474734,0.1325523642581533,0.2477547845811427,0.0306512708948961,0.3815669056965806,0.0423660566777264,0.0825695869309382,-0.0827213030563231,0.6848315933333471
Li,Li1-2MnPCO7,LiMnPCO7,Li2MnPCO7,mp-aaacoyqe,-3.280550375560798,6.202505790217469,2.6959271395788176,-3.352260386413564,0.0836098726494714,2.763898834131212,-1.2282499012251695,1.183048608993818,-0.7480671582651919,0.6624916984098684,-2.8695980653759543,-4.971968584943422,-1.3172631222980933,-0.7202706805637524,-1.5930888408148216,-3.0154313989025026,0.833376996054236,1.8144918583032648,0.5079783334609232,0.4958006264656569,0.0806805322045414,-0.4799850835557859,-0.4787489603866572,-0.553187610987056,-0.1735995393386063,0.7441706545945097,-0.5509135494606362,-0.1647710650117093,3.023120326301464,-0.7924175329644643,-0.2908608702494398,0.504161309179035,-0.0840908799632886,-0.1914640221379222,-0.2301138661198188,1.2600081586510323,0.3685574753925703,0.1950482459774801,0.468674120527437,0.325044994230167,0.3011440645225429,0.747379578448597,-1.0226208906719183,-0.1020497150855051,-0.105868900014106,-0.6090828860171231,-0.4764475440256324,0.9445671471681742,-0.7069324875657076,-0.9202361290351848,0.2166171938847457,-0.2213567142720007,0.166811746293358,-0.4366872842717976,-0.3245260314844015,-0.4257316191831357,0.4271012930757336,-0.6433546419391998,-0.0173831119010903,-0.1997238073588375,0.2353300064295201,0.207584603321848,0.377641756161484,-0.0168263211464142,-0.2806977303849022,-0.0880518595979189,-0.3697404512237195,0.1975691275564892,-0.2147082682660608,-0.1445918482556451,0.3579901121823791,0.1919691452061951,-0.0589580715633111,-0.2283700256878029,-0.1092467984139704,-0.1688301064746794,0.11354242861705,-0.0398252344361263,-0.065560368966278,0.0356755806780801,3.830000455833333
Li,Li4-1Fe2Co3Ni3O16,Li4Fe2Co3Ni3O16,Li10Fe2Co3Ni3O16,mp-aaabschn,-1.3872432386779516,3.851797934988724,4.055246061576713,-4.311624946174683,1.0374152442015416,0.466607389189501,-2.32941983429104,-1.5805085935635963,-2.0141566600719587,1.2106663703348148,1.1204996263903115,0.8007130518972652,0.5388434243579321,0.0356323019408919,1.5920334083456982,-0.7110689751252985,-0.4390535891249688,-2.1698663270899,0.3441100362264314,-0.5296724753942599,-0.186133409045955,0.0499916162042064,0.7368718031686641,1.3854058408056782,-0.2702971450268018,-0.8679230613386011,-0.0510086080373874,0.3449834825437524,-0.6214294737755272,0.0155721357840371,-0.3492286218572609,0.0522937091845375,-0.038081154451629,0.103885671833195,-0.020726696900984,-0.4158299049879114,-0.1817407108071659,-0.1470517550804694,0.5417287227893227,-0.7946170287943348,0.2198031906714629,0.2665356483218498,-0.6475927325605896,0.3543530730247812,0.0830965688226721,-0.0796703182835849,-0.5767084902643809,0.3334848912037876,-0.0171324822380923,0.3118015264723214,0.0964574215152126,0.1804221633921799,0.0432313981405549,-0.0618595532026049,0.4318268657777074,-0.0405923016382197,-0.1015934327073509,0.3021517276548987,-0.0276067775614886,0.0937307361114783,-0.2350941872337263,-0.1234410285414867,0.0793199270855937,0.2157521404025976,-0.4388193705111757,0.0004139007186461,0.0623887869561167,0.0819386538481715,-0.0021282575039611,-0.0068098120272627,0.1266174058688371,0.1174806121441561,-0.1061177708704795,-0.0606295436596455,0.0386490084674354,0.106557954677978,0.0372674403249427,0.1332485478379506,-0.225726148304861,-0.0098135740322219,2.740996586666668
Li,Li0-4Ti3Co3(TeO8)2,Ti3Co3(TeO8)2,Li4Ti3Co3(TeO8)2,mp-aaabqvpi,1.402333845006764,1.5397738152450506,0.9829154587844806,0.0203134405002433,-2.2644383622495394,-1.2163676761658735,-1.6468313685752154,0.4016248933611198,-0.6145373957503634,0.8489468695854875,-0.0103297034556679,0.5644021035200305,0.2181676501311588,0.8036410369837553,0.3895964484174281,0.7605194771802035,0.7016776447520872,0.0133373414597866,-1.9491180850525247,-1.677677509913555,0.118660069952091,0.4567967770648254,0.6780096418680094,2.132857205083892,0.182433718979851,-0.8096422681723607,0.2452450563093333,0.1932898348916938,0.412570661718881,-0.2927282100697748,-0.0827495148934552,0.4115931894725033,-0.2575124850532266,0.4024043866595554,-0.4938985905751304,0.037491983061184,-0.2984751556779166,0.7930594825974022,-0.1369048173760792,-0.4966895654377155,0.9284186739867404,-0.2438903866709597,-0.2119451497278422,0.6219919983547553,-0.4528609426389846,-0.152404127889689,0.3125410410538664,-0.3562522765120584,-0.3945224975892815,-0.4878283487523464,-0.1572485609455191,0.3742387883999941,-0.0201634378737373,-0.3274197498115305,0.2668804221760419,-0.2664329595146573,-0.4210772495170599,0.5377213379469813,-0.0619538561546838,-0.2808186850291815,-0.5397365630537939,-0.087219790291936,0.0896965120278499,0.4894332136773769,-0.4089739662869732,0.3721375070188529,0.1805595057998675,0.0909780677522915,-0.1359632611141192,-0.0704475699494562,0.0637638172273955,-0.009294200230156,0.3772113711684842,0.1701426261945575,0.1388630585462379,0.1026408606908407,0.0758367424720418,0.0431524670306894,0.0125190197300233,-0.160127495471491,3.647128688333336
Mg,Mg0-0.5Na3CoO3,Na3CoO3,Na6Mg(CoO3)2,mp-aaabxano,-2.9270364965088973,3.345226909107992,8.787442825761957,-3.949576732558441,2.740599330359056,0.0210573846996666,-0.2568520445265139,-2.659950891593394,-1.957186263287799,-0.6643172643523682,1.3171427572340428,-0.2166390348332781,-2.431246670104004,1.151770029392025,4.063757605038874,1.129025119331679,-2.8571416309590414,-0.4345696491652679,-1.4861953146765674,0.3053716291541519,0.3433927641271547,0.3688287871614824,1.4049502379936487,-2.2715116277647818,-0.2921251047971069,0.8957484331649954,2.928028047843992,0.0386792387224372,-1.7774920910164091,0.6217607732077503,-0.6885524747622385,0.0030723544933225,0.4428556896505275,-0.2842127426244509,-1.3147195519806605,0.2286557327120568,-0.8017543504775819,-0.7041527459947962,-0.3860505235048511,-0.0888872731078446,-0.6297341043703911,-0.9756527420530208,0.9351991465633536,-1.253953492139794,-1.085080149838514,0.6786920354643817,0.6788428931379074,-2.405468893521431,0.4684911616975539,-2.517317923333649,1.0835244138987334,-0.1610833785674537,-0.9128191125073438,0.1657279067978853,-0.6723789520556875,-0.1358168635046032,-0.3716665276801632,-0.4982057857714172,0.3059158566225236,0.1975560568406967,-0.384748450263862,0.2130440552955422,1.3473123208634756,0.2180342169330131,0.1453283398223862,-0.4503301588089447,0.0528793187066847,-0.8074287094384266,0.2190016478940245,0.5683771922299661,0.2595572364787127,0.1352443481048472,-0.3195300459094671,0.0753469523319514,-0.6954067426167091,0.4342770684687763,-0.035071560130395,0.0815217983051759,0.2618464490837366,-0.0004533031709146,0.8371384549999991
Li,Li0-1.5Na3Fe3(PO4)4,Na3Fe3(PO4)4,Na6Li3Fe6(PO4)8,mp-aaabfrhk,-3.2796803347986496,5.476842023744827,4.896036425063015,-2.238179677429315,-1.4540799660688966,1.8492545530909608,-0.499538102932587,-1.678379169582025,-2.353765799681676,-1.7526846103051974,1.3605742449975542,-1.4418609475428987,-2.56047163575963,1.25770259118263,1.9240412908978493,0.3376547501192193,-1.4711999583597604,0.1049209302599006,-0.4761229242286121,-1.3030090132599716,-1.7940832978315475,1.0916919144379773,1.195888918557222,-1.5852326426587078,-1.5469109493842563,-1.340613519185434,0.2632334457836429,0.4108249382846538,-0.6465808215358302,0.8422041994464307,0.2892193518052255,0.0102440954812758,-0.105319196898528,0.77157201903442,0.5108169656523159,0.1650688806232133,-0.913428711636562,0.1615276992718107,0.3843458045230958,-0.5879885897571343,0.0910054276357725,-0.8648249088894845,-0.268078893207436,0.1638720409333067,-0.8701713749332198,0.4597841059749418,-0.444320399970858,-0.6753474969422886,0.9740893203895462,-0.9810912377373204,-0.0973961544157785,-0.3415597763194488,0.1613319215343916,0.2926905116735746,0.138287647694118,0.380607676457025,-0.3046563779822016,0.1362033601947107,-0.2613872985123961,-0.3047870596941731,-0.0492651885598637,0.0382566274561538,-0.062414098483811,-0.3266824939008455,0.497423180365363,-0.259180740774324,-0.1238656705945698,-0.4679617097423665,-0.0484995782626718,0.3717286034543426,0.1458737499192219,-0.4932088123691803,-0.2581033285187301,-0.331537979702264,-0.1328843016143539,-0.1625950525922908,-0.0423632502302257,0.5781006131082751,0.1686767690460527,-0.0152555130468624,2.361164226666673
Li,Li0-1Na3MnBPO7,Na3MnBPO7,Na3LiMnBPO7,mp-aaabrsyo,-1.6304942868084742,8.928989251043069,7.531642137943317,-9.077524326675416,2.0066564951326087,2.7174722584468403,-2.011790259864012,13.513255324046916,9.86833286142254,-2.737793374844677,6.538081616281472,-3.330172913996286,-2.267565331055958,-9.06256809884292,2.182643679446277,6.988138113557643,-2.5389010766775564,0.5274258242208173,-0.7793911886978198,-0.4488395955865097,0.7939203311019857,0.1680021632677185,2.7976002633048624,-0.841458298061471,-1.6428899522875624,-1.6179027102132475,1.2838434489457144,-0.5976274542780968,-0.4520888560904006,0.7751845889193344,0.5695962586957583,0.2597077523704149,-0.9411421339031388,0.2841462788640999,0.4204631396389189,0.7650715699406925,-0.3833259585140745,0.0358898631220852,0.5999953793355288,-0.2069747096655439,-0.5433903534673813,-0.830205112424015,1.1265833030686658,-1.2784321930446578,0.1452213146854206,0.3822145608174948,0.1531961524239391,-0.9524117997363656,0.0728857239112251,-1.8303421514345688,0.3513224821352852,-0.4819767625314432,-0.394774217399699,0.4141140659027346,-0.1788157452176789,0.6028791451363739,0.2097180695204275,-0.5033413592637016,-0.348763367882542,-0.3386922190499974,-0.3705052390283875,0.1489126944424838,0.9531565284411004,-0.2561132917517533,0.4870652530911137,-0.8938210787569335,-0.4482959407875485,-0.9201178638704588,0.3903227771497483,0.5143486964743252,0.8246817882113078,-0.1293007047966724,0.132976192643824,0.0046911852728544,-0.0018687105414485,-0.0429842962221195,-0.3252780521437269,0.7856870387711603,0.7033600382108361,-0.1019475489039505,1.787483368333331
Mg,Mg0-1NiSnP2O9,NiSnP2O9,MgNiSnP2O9,mp-aaachktj,-0.1823961258936498,-1.5618331909809933,-1.2557639234080062,4.025278708143372,-3.189990976009267,5.481385165411079,-1.2892068179790674,0.7153481484417008,-1.3401474425571849,-2.9226036105973527,0.2015301343383636,0.1094984321646824,-1.7914910944038522,0.4044582969765987,-0.09262891284888,0.1015491793061105,0.8703722921801732,-1.3605923448453137,0.1283888236630114,-2.145058365342414,0.6419690919584408,-0.7864690220536321,0.0740552640504275,-1.015235832720428,0.1040622462671108,0.959845402330155,2.169401090012952,-0.6866898600258201,0.0630093964261788,-0.8377594921104939,-0.9770187289429852,-0.2308701328693461,0.7057812185308676,0.9940767115560166,-0.0489676489711931,-0.5166454763212985,0.9915024400322288,0.0084718189500242,-0.8378223415065715,0.2760498667005349,-0.0596757319501554,-0.0309920902090033,0.4159205522640496,0.7545172617256429,-0.2691432688912675,-0.0810224768415448,0.4643644380727821,-1.13892478353706,-0.0349626810071624,-0.1941001000721295,-0.3703849784521173,0.2657515316823662,-0.4126737876621577,0.037992977582677,-0.4902627088830855,-0.3470098019343404,0.173792891151702,0.5013200647903121,-0.5189675731215655,0.316627908023433,-0.2073410576117338,0.1141855463652972,-0.258364387717443,0.2972467526476288,0.3803874647017466,0.2282406826812493,0.1971392150611224,0.1822784868012567,0.157280350024965,-0.4174997943271643,0.2460122011196009,0.1428685315333702,-0.3004196269588044,-0.3856373539727754,0.1680286848075931,-0.6377515257115072,-0.1623708688011395,-0.0531316084181093,0.20305695191744,0.258979232933224,4.477118948750001
Mg,Mg0-0.5TiBi2O5,TiBi2O5,MgTi2(Bi2O5)2,mp-aaabqzbd,4.417064139238883,-4.300205121389997,3.5646145674586887,8.875187524897182,-2.776356953490007,1.3074939056806645,-1.880758733760522,4.489171336554514,-1.315480604630633,1.7018723498478487,-2.319219319833257,0.5766906752197639,-0.732391060604574,1.2653887351596875,0.1404256283108037,1.4647791116106927,0.9240066667408224,-0.0654318988522629,-1.3440848745419347,0.0080051884895186,-0.4112193266445127,-1.837369455802213,-0.4411085525010347,0.217771992048088,0.3008359862826682,0.7263860605486008,2.120451835418922,0.3298352534653569,-0.3511872898009332,-1.4940754113598231,-1.2377945591400494,0.4317838799064472,0.0243185152951016,0.304609984655916,-0.234265324465895,0.5014616160334092,0.195218327218353,0.4755517654218992,0.3073076097916803,0.586103861946153,-0.7654830549478919,-0.3168048401360814,0.1022118342257399,0.0588746881070698,-0.5135299909549118,1.8181902222852415,-0.1937474819009494,0.9354344122539936,-1.088700262737514,-0.5606680674061179,0.0066995020840075,0.5280498242047396,-0.1113213839518395,0.2076423523174041,0.8641449364071502,-0.1744798611619035,-0.0359149424280623,0.1725083016360585,-0.0710025754789145,0.0800814665183841,0.1084983532765785,0.5198440436444313,0.1925508765626602,0.1207908863105933,0.2690184280414634,0.6964915004339557,-0.3725110297198208,0.5360027310520428,0.5597256366857342,0.4620625917038791,0.3920441001278358,-0.1985246876036878,-0.0814967762066913,-0.224527533202816,0.0961948831970526,0.1950020852962595,0.0136392736657948,0.1248023208221938,-0.3461997338650984,-0.049748489773251,0.139847784999998
Li,Li1-2FeSiO4,LiFeSiO4,Li2FeSiO4,mp-aaabredy,-2.497227518734975,4.765317568638308,3.883856415609968,-4.351336605304888,0.7497931348826495,2.37687358812491,-2.1596995754969277,-0.785578836320665,-1.94162276149648,-0.0369723429033199,-0.8323001745538948,-1.5628241582317404,2.2103788591276783,0.5698571903169266,0.0931086508826518,0.6161909128143864,0.2159033128347482,-0.1250192392276056,1.9952588297006275,-0.0926534926307422,-0.5440270947691053,-1.3498778551260926,-0.4065183408574863,-0.081714679111541,-0.3779768213156371,1.164729407385071,1.0390992858333472,-1.24908514619778,-0.7594096154321467,-0.6887697384700769,-1.1006047569472106,-0.4826792456994495,0.2483639783201678,0.4589597004109927,0.633564417848519,-1.2848833192867968,-0.3872260946738318,-0.5889985928044655,-0.152805440195812,-0.8838915822186678,0.941839045229834,0.4371457695225307,0.0164902434703851,0.3003125771640305,-0.9445458759084776,0.504948160074998,0.1716774257761583,0.0048252755893352,-0.0139494030158037,0.0129867990390972,-0.2014986501199404,0.243234296472882,-0.190829593826375,-0.0555626123457895,-0.0650371464374846,0.0711736783070828,-0.1794143178742378,0.0718237568917493,0.1387122649888905,-0.4267435273782892,-0.0464185230405157,-0.0981453350978142,-0.2004961613646432,-0.4079648358043748,-0.2274300952077599,-0.1448813026078336,0.3673411334365577,0.072638696071984,0.2321900653435863,-0.1458469604149071,0.0607568752066322,0.0310139789836093,-0.160828693033319,-0.1024350551034174,0.3386539314589029,0.0377817307439365,-0.0109265053763741,-0.212380820300921,0.0065457524491603,0.1776959337583418,2.867956095833333
Li,Li0-3Co(NiO2)4,Co(NiO2)4,Li3Co(NiO2)4,mp-aaabrbfu,-1.1846092298767008,0.008137240556158,-3.512177974815133,-0.9027399537354068,0.021558256508039,-3.010245543790507,-1.610818592886087,-2.3361262932006674,2.007181570456458,1.0693659731137388,0.6673494842658889,0.5286683975582809,2.0752795190312985,0.2509072827880829,2.526660579820951,-0.4295774732659935,-1.0650468895475484,-0.2832162172334156,-0.2833961193949211,-2.294415010096675,-0.5497265742779011,0.4396769992429108,1.521409151917724,1.326602650518102,-0.2144640069064746,-0.8825710453913436,-0.4070385256313157,0.2885811374956018,0.6726827719084026,-0.3826585012023011,-0.3338478850572232,-0.1806722069353419,0.1627916772286509,-0.2769707123409506,-0.2934893463385027,-0.1936134658960213,0.8614445963083813,0.3157464145882952,-0.5796698892403127,0.1741105192155561,0.2960852313165608,0.1973213115227938,0.3415518918826127,0.207471103844303,0.3847644374472194,0.0598657129468969,-0.2918920790985919,0.0520028590464603,-0.4522858730142008,-0.0221796248672092,0.3848309570590477,-0.2210026982876994,-0.2367243279943172,0.1131591913503836,-0.1713338227229908,0.3808606126390191,0.3765352433710198,-0.0081830176773516,-0.1530079447912246,0.1169091764218477,-0.6919431911981248,-0.0143041637348037,-0.0943741860717772,0.1439853758569513,-0.1465947427368688,-0.109839440120965,0.0147275391187483,0.0669312401009919,-0.2088342219419325,-0.1286843552559285,0.227256357170314,0.1700015828843838,-0.1033058383831138,0.0115369752986595,-0.1528553032787631,0.0973525453572914,-0.0741620110155157,0.1099600600251776,-0.196568059871649,-0.0490755929046464,3.712947963333329
Zn,Zn0-1LaTaFeO6,LaTaFeO6,LaTaZnFeO6,mp-aaachkjy,10.725778881850156,-1.584301595061116,4.345328793931096,3.22624696819165,1.3568339405978884,1.4606871229151075,-0.7764249478700983,3.243014801050572,-1.8591921740226365,1.3638545865435532,-2.603713549071096,0.5691461550938628,-0.9814741513593676,-0.6332621098022997,0.0691160424449224,-2.0130316849733525,-0.7632590950714964,0.4138570639411821,0.9042665755363812,-1.0590970835296245,-0.0432563903977365,2.0591859900661578,0.2832347395465306,1.4444859998943105,2.49139390133586,-1.4715228469447763,-0.1350275878896032,-0.2789248087125257,0.8328883218581652,-1.2616632947948057,-0.3424272741291518,1.0492618325302825,0.0131135702741765,-0.0425383480928126,-0.4635476651265957,0.1233479755271591,-1.1302443920192635,-1.6897794320722506,0.7467538342121194,-1.1561558635189906,-0.0978486542798926,0.6392412472173714,-0.2635356833076934,-0.7921531323157617,0.3069012268715374,0.5704399972453827,1.6817394825230048,0.2661652692845799,-0.5439672988882619,-0.013973163497754,1.933824953748017,-0.6588688981047421,-0.0313392419449084,-0.4237151169896852,0.2785386090713913,0.2839412624157678,0.632090370603025,-1.2678615702387208,-0.6549431952347216,0.5538529107197303,0.24189230651151,0.4676224632751105,0.5166452303698705,-0.075377067605426,-0.5870875681387435,0.132356759363025,0.0339780103383587,-1.5274404114903717,0.0435986778962241,0.346607792573157,-0.0080408057868573,0.4376758825000043,0.2947917356893288,-0.1070158324401771,0.3795821924529954,-0.7281604821301757,-0.100757704450133,0.3281472914181521,-0.4071761600696653,0.1041278666872857,1.491124984999999
Li,Li0-1.25MnO2,MnO2,Li5Mn4O8,mp-aaabqzph,-5.979095651826632,1.3459648351605489,-1.9225383261926168,0.297735221097123,-0.9033890421502612,-4.580516601177436,-0.6479457105386036,0.9625186933720152,-1.133837245738364,1.766851224130758,2.726308219725907,-2.658688316812168,2.9934146440511418,0.0210545801779329,2.526725438101188,-1.4801764846055097,0.9015398783612368,0.6992445558679872,-0.4552290223818304,0.5970866454020837,2.9709211352891822,0.4861795670689847,-0.3306171136352996,0.9850045544304806,0.5092297822106884,-0.2099048881614649,0.6568203383687159,0.7572424168889583,0.6575599114718168,0.4473866778917718,2.0748676698701054,-1.547645338089097,4.147937891774175,1.4874148579532458,0.826926828078813,1.0496729070863844,-0.812313049528164,-0.1612247938655289,1.1212603217694628,0.2032509347695263,-1.1877593022653727,0.5556621206912917,0.8733423840891686,0.5301547758922921,-0.2534013793638152,-0.0251289181852753,-0.5730455206514885,-0.2135011554184905,0.2316801855851162,-0.3354836360535513,0.1609972379111317,0.2564095708778404,-0.131056952529426,0.2947532835174465,-0.532259236539109,-0.2014601251043886,0.0796629197226711,-0.059462408009264,-0.3666041583486691,0.1909972315501682,0.1385479942390844,-0.0122330346893091,-0.4322155841629561,0.0040926120274165,0.0817548730078465,-0.3550939680412124,0.0234061478684427,0.4696616030229297,0.1779317085037872,0.3103842890738056,-0.222337294562809,0.0439162286467409,0.2218748002104826,-0.1966822290055062,0.0440871568326186,-0.0128498438960649,0.0140301831418713,0.1041011518815747,0.0603924947640339,0.171354815254952,2.7667234423333342
Li,Li0-2V2OF6,V2OF6,Li2V2OF6,mp-aaackrbs,-3.15964564613667,5.85493967885766,-4.31898888620904,-0.0241560733745185,1.730920729176639,-5.167422216147833,-1.6309180950624629,-0.3280026571240316,1.030294438532281,3.703937734947417,-0.4700652690484216,1.6037430811866666,-0.7679020645350088,0.1792469387623597,-2.9283646123289957,0.6372435312492829,-0.3295109238545106,0.9127942415060794,0.4936560368136543,-0.8772935072931586,0.3689872285179598,0.3081256581484469,0.3879073995013861,-0.2952190122026741,1.2040789805222325,1.3900508859002991,-0.494517880202131,0.2684793534784868,0.8790675081874305,0.1656912627290982,0.5012859395586354,-0.0256911284660029,0.1057572254545796,-0.3044075755326343,-0.5362671218698792,-0.347583858489254,0.0279947271217119,-0.0885889284082013,-0.0835759563329047,-0.1599758730647366,0.0529520773924837,0.2043917421015468,0.0664739715607284,0.6060258227702455,-0.2344478174374645,0.2709528538190424,-0.2550030674195581,0.0428191321914825,0.3673298485538021,-0.1755999874647891,6.420767390810055e-05,-0.1196492822273158,-0.1772627050875943,-0.007930508333619,-0.2956035993412023,0.3418946125186122,0.2157902386773548,0.4194320377380984,0.0292303645299082,0.2514173265683033,0.1772916724067477,0.0418026842080276,-0.09734659368946,-0.0046944877564057,0.4278339547351779,0.117745512151483,0.1114664539661929,-0.0346489130187457,0.0913832011635817,-0.0441893642320304,0.31772480340899,-0.2505494698096019,0.0045619246178959,-0.2256747896652913,-0.0317998103021349,0.08298829545556,0.1262225368888331,0.1431553059467889,0.0304371966966114,0.0124904034764463,4.059933315833331
Mg,Mg0-1Y2Bi2O7,Y2Bi2O7,Y2MgBi2O7,mp-aaabqwyd,2.240419663127699,-4.404543873579298,6.480926802639432,10.651920414343488,-1.5858530303463538,0.379939666655784,-2.61017348953171,3.2665105002928287,-0.3574191337097907,3.355621180460125,-3.8696412678421352,0.624640855983626,-0.1970622565956982,0.7401172545166862,0.3873810119915713,-0.5137652887178026,0.4808023216490842,-1.0439605671747103,-0.0433783922338082,1.337915038894647,-0.7534223257667837,-1.1896839294595256,1.863929177400061,-0.2749558501784799,-0.0655061648749026,-1.1026137676123025,-0.4494131524925038,-0.2075663194167244,-1.3688427912382586,0.50573081899328,1.3536251490737747,0.4729405964664339,-1.3099872426625403,0.2297417364860906,0.3679789021662588,-0.1553811382118963,-0.5989544450506301,0.4924057301906506,1.0655082985181603,-0.6113831143166075,-1.144634447612167,0.7012793898127054,0.1601376565406652,-0.9608834263105356,-0.2200210637336153,-0.2003695680172276,-0.5135727531121156,1.3932528977603245,-1.859499831007272,-0.4724753409124344,0.2040101908626098,-0.4105549390390066,-0.6084782015662662,0.0528246284272738,0.1541328890555963,0.4802998370289053,0.3403836527662898,0.0690465732426389,0.3944730540174816,0.2630852147743574,-0.2380074565358285,0.7204059724390592,0.4591036935320359,-0.2299359263321255,-0.2736149137683351,0.3481002725353542,-0.0507285619832128,0.3582458637830557,-0.2132767446547402,-0.2143758571288326,-0.0521403134701959,-0.187213148582757,-0.26006423532739,-0.5017213100244698,0.211691517196755,0.0616811104578198,0.2853121889564712,-0.0449878747065381,0.0246055630796965,-0.0245048070999074,2.177673055000004
Ca,Ca0-3Tl,Tl,Ca3Tl,mp-aaaaaafv,-9.919187045350752,-33.98824290577794,10.425706287577068,-2.2844376466551224,-3.882972481275957,-12.850529351015586,-6.119892246705783,-0.3146453714445908,0.8587259796747082,0.8600348018258571,4.645679762845034,1.906421351491021,-3.072351339355245,2.3332342161644504,-5.522684247995964,3.196295335780623,-6.503223942876379,-4.272407390813969,-0.165139858988716,0.188654346524714,0.6682616036347353,1.860599640821493,3.8117319018431615,-1.5091010875779372,-0.8098615945202755,-1.975031919206409,0.9738441316571408,2.657395431140368,5.475844176959674,-3.089359887799555,-2.581706831728785,-0.6213375422224557,-0.5384659360703898,1.1909081866290094,1.511322918184376,1.3811524288423096,-3.1137390050635534,-1.529568207023864,0.177621781680111,4.506861724178438,0.0636424908362199,-1.7902300383531768,-3.0770513432857243,-0.216709844890315,0.0481686162999811,-3.5544068187212106,0.4887854079277486,1.1911410814134258,0.5679348637032717,1.3530958157052255,1.1552479779098568,-0.7754909160786795,-1.2267694936603224,-0.7430869033476116,-0.3029400412376016,-0.8548228094174508,-0.1464833134928706,-0.7408560834234638,0.5169609208594552,0.4427967897565232,-1.5155827774749142,0.0437294896818722,1.5464192043954816,0.1833065529050841,0.5305788615400383,-0.0487315643128224,1.297709411913068,-0.8432908782125186,-0.4328719503336994,0.1610864762410363,0.1824686765373782,0.3808471293730502,-1.747445252972842,-0.3103051489405239,0.2579728239061863,1.3804442407899868,1.245514780622048,0.4967825344365796,0.6239184469321624,0.6521711847851905,0.120266684999999
Mg,Mg0-1MnNiP2O9,MnNiP2O9,MgMnNiP2O9,mp-aaachjuh,-1.7601400076238227,0.119604361725775,-4.428404351335749,1.1643773721532589,-1.0166246340285536,3.1611946564392976,1.2508486810544508,0.7563418203699727,-2.012391706651389,-3.100268784576957,1.6313446141382266,-0.1713552550080169,-1.1763903242185043,-0.6755031528161067,-0.1928192955018676,-0.6465097001578323,-0.0419297721808255,-0.8944772699605392,-0.7999639517013619,0.6005910335702862,0.0149979563549836,-0.831824478962312,0.1180535937092302,-1.6546534666759984,0.7388862180478869,0.4465275288256072,1.8404618095725984,-0.4796940089086666,-0.5974650700368097,-1.1052290388921813,-0.6495168506128814,0.3139751276617755,0.5862080798041935,0.5373171075931091,0.470673183090356,1.0068962665159311,0.465265259214577,-0.9530776415857368,-0.5203388571421326,-0.8413382746206316,0.1628126231016754,0.001244565523336,-0.4912337296126833,-0.2440716437568088,-0.3825397790817313,0.5618981356254699,-0.1067993137072396,0.1557678382378496,-0.1711298157591459,0.700258567135603,-0.2594719743365308,0.0398617792500789,-0.4524097139664926,-0.124500013591706,-0.0942514854995939,0.3053128582787119,0.6278166913383469,0.5411268404916599,-0.2142642036254376,0.4509905751301937,-0.5866186409324077,-0.325858424776059,0.2574343331539084,0.1389069337508605,-0.4610702983075611,0.284741165055394,0.265535618569103,-0.1363741144877987,-0.1005021411541543,-0.0852312669385218,0.2984589170820083,0.0634502134943642,-0.0690374564388961,0.0221710940710971,0.2417842600925346,-0.3558451875408978,-0.2731671326985463,-0.1428016809861174,-0.1941960733835972,-0.1109240135333494,4.03145219
Li,Li3-9Sb3P8O29,Li3Sb3P8O29,Li9Sb3P8O29,mp-aaabseru,-7.92061823648826,2.184924632221797,4.667965037704317,4.7118318120273015,-3.5505852017546884,1.948271186392168,-4.025599223736603,0.735774584514866,-0.9987183275900758,1.5147693435955407,-1.528078035111378,1.1273619218104274,-0.5968238501948027,0.7378092084154808,0.7675371738313179,0.9916641277695276,-0.0032885968843564,-0.1344441629492895,1.119152243910826,1.7037671365091729,-1.3642571961850491,-0.8730354814121833,0.5919735138755514,-0.2493911042450704,-1.6710496475791017,-1.396496019321807,-0.8017642878196862,0.6736332822377262,-1.1708533721413932,0.3030626301736714,0.9733919531725024,0.1517795537679681,-0.4662000467796693,0.5559364583930675,0.8522227982869987,0.7317830661157433,-0.5550219911292336,1.497856745742883,-0.1658111024342235,-1.1920783748564403,0.9405089016390852,0.9968317736974308,-0.418251243606799,1.1124999655718053,-0.2361849627738635,-0.4354547541565771,-0.6098562729807665,0.3231264479377729,-0.7084880500326824,-0.1622835828412467,-0.4363326697492357,0.2084007472211953,-0.1250786529943171,0.1369506384333865,-0.4634736576407005,-0.1254817126064733,-0.8305434196329178,-0.3447156264605493,0.7425198470357464,0.3286354707259938,-0.3896543046369368,-0.1798980779115917,0.0122658782253059,-0.3149885723876232,-0.2671898438634466,0.1311403868456865,0.2604497382300615,0.272113597834176,0.0133835957399482,-0.0708123423769056,0.21665804882829,0.1049284936871123,0.1552227670400658,0.4750676102382116,0.216481442069548,0.0521630809341172,-0.044003061982882,-0.1372452399444056,0.0513335029589599,0.2597910415104319,3.300687963333336
Li,Li0-0.5Cu(RhO2)2,Cu(RhO2)2,LiCu2(RhO2)4,mp-aaaaagnp,9.57549926704966,-1.4650266772450076,-1.435237454960771,-3.168021879763804,0.443701792661521,1.0283866471832654,-1.7146881576352984,-5.225063193182473,3.336480927602921,0.7712687166372445,4.626075852789741,-0.33610006089784,3.3471374922037334,0.041942687453251,-0.2102651645838386,0.9213769046763997,-1.2263074623529575,-0.385260173045123,-1.2245167690237686,-3.125853242786454,-1.169162214353814,-0.010374682673846,-3.3607184272347745,1.1917750034693828,-0.5070016958291239,-0.0828468516882427,-1.8821614857719988,-0.3511100990591339,0.6161873443066,-0.8920494016462295,-2.1719853804664986,0.3456274887179361,-0.5914457660378829,2.7511801446623685,0.4254624517079451,-1.441390634154461,-0.8311872006594261,-1.656557056256747,0.4574614242993256,-1.234583397234466,-0.6073255100543837,-1.383626918011718,0.6055889902737137,-0.1483676035569422,-1.5768949591609942,1.6471453974090229,0.6454599867693087,-1.6097797031492669,1.515485195844815,1.6088721792577492,-0.5252724590151294,-0.6957440696473964,1.340384483786219,-0.7855000611282299,-0.1164649104978528,-0.3580243738166531,0.0773916444391271,0.5064576039870289,1.4661175250909966,0.5917783446361173,-0.5433510423612774,-1.5448223558037717,0.4291824101356843,-1.100415568666996,0.6944897022971787,0.4959205382554001,-0.8925451414202609,1.3112049831582224,-0.3623033811884636,-0.5864211765859261,-0.1003230036282866,0.3240245871480416,0.2449997286201671,0.4928561319481118,0.4510031887528649,0.2249202116773835,-0.0508526295739103,0.0551757818785538,0.7260457469523762,0.0392325395326859,1.432580653333336
Ca,Ca0-1Co3(P2O7)2,Co3(P2O7)2,CaCo3(P2O7)2,mp-aaaabnyw,-1.487322852520378,0.0517773619123945,-3.847821700837368,1.5547773962458014,-2.30613275313125,1.4250013744874936,1.5611943670065105,-1.5087078457678351,1.6029820885613737,-4.671194877651001,0.1433786681809197,0.5442138164957531,-0.0035007117903896,-1.2011307833855993,-0.1559998401010554,-0.7186817567223377,0.7800729321264462,-2.51277687433679,1.1150772710923385,0.0805440222062874,-1.24183670997786,1.5128125986295462,0.7155303285514842,-0.7289310677224649,0.6564644090551599,-1.0926181002744542,-0.7567497225733568,0.053499465471695,-0.5153129699928181,-0.1810408606531711,-0.3985491288457292,-0.1631601552109745,0.8787886033965895,-0.3355395884743076,-0.6962866844984938,0.4997674347063217,0.4469739754832875,-0.3541470485833773,0.1621320328610777,0.1768317295039323,-0.1953018332535551,-1.2578065729149104,-0.6544739989315045,-0.0284320961803549,-0.13619374225168,-0.0139320321380913,0.2410027516496192,-0.1930631031499744,0.1646098863931385,0.3520769324560123,0.2901336402069861,0.584481799400276,0.252742501294481,-0.069970207840747,0.0068116261309288,-0.4969425564605753,0.298993435042107,-0.2570913521478477,-0.0615347254272596,-0.1923912169105258,0.4643375144965285,0.3125820478491218,0.1802400072107224,-0.0891506900251939,0.2789263278412824,-0.1890129629540511,0.1179571621816496,-0.0175109307720648,0.0450615303115717,0.0809632536540028,0.0368258203467237,-0.0297304444266092,-0.3655370608059512,-0.3727259723138342,-0.0679209207363674,0.1318562809199406,-0.172682556006753,0.0453380943101608,-0.006427981000373,0.0442311389949971,4.528607212500009
Li,Li0-1BaTi2Bi2O,BaTi2Bi2O,BaLiTi2Bi2O,mp-aaaciyay,5.239155096042946,-4.8849701104652565,14.114197264366112,4.6423196456367775,-1.3909601486134866,-4.804174753509889,-0.1629797215618468,4.089798108870865,-0.9381169858196152,2.620166193438824,-2.364312278915057,-0.9345232651988772,4.842319605706205,0.8105802516854298,1.093037142129368,0.0726572074000153,-1.1286479280038553,1.2377288934965724,-0.91321056862711,-1.1231558374550186,-0.9935226589508876,-1.8133571760111464,-0.4477473521435339,0.6454789670564076,2.5937171977924627,0.2673744118786491,0.1553039422666265,0.2220466045400018,-0.4393068144975662,2.7305120443598305,-1.0759058941701876,-0.0628419541865502,-0.8273452151058776,-1.3133725493066772,1.6325235252005972,-0.1001840722947402,1.8014616963220944,-1.2163669361537268,-0.1861817772088723,1.02052803841567,-1.1614572863447727,-0.89262891027539,-1.2714919265616431,-0.3864926834635301,1.1275085009604089,1.2174506187923453,0.5125202909967584,0.5139860754303026,0.3054159693562712,-0.7084830803918266,0.9002888191248347,1.3036823909725577,-0.7083590583955456,1.2107382845259127,1.8598670049893384,-0.771148572013777,-0.7889931222865006,-1.6705632746116308,1.256166028667999,-0.8634114334663248,-1.026585302682243,-0.2868205180393328,-0.0480758256561999,0.9141754654961284,0.8635973112251428,0.5419830410209469,0.169745896063046,1.129667127178872,0.5142474328149358,-0.8214655277114352,1.074124906504868,-2.0229587037855365,0.37821723603375,-0.6675028548816909,0.1467087246083958,-0.0543272499037334,0.4324449311954629,0.3696229944126426,-1.030102065921734,-1.378250600211095,0.109500473333338
Li,Li1-2Fe(SiO3)2,LiFe(SiO3)2,Li2Fe(SiO3)2,mp-aaabsgqy,-2.4609391753367325,4.870343383430274,2.834887942804152,-3.9207604095293633,0.2213597789473955,3.030131384514966,-2.005233070892619,-0.5469955356221355,-1.6572825149264936,-0.7233299846674585,-1.268741134989139,-1.6894345258619377,1.8483261696524225,0.7177190466115461,-0.8050857788833978,0.7255291571946813,0.4618115707918303,0.1826320889421315,1.6534921985555575,-0.6058712331437065,-1.51353601219983,-0.9302513718846052,0.1181281584310823,0.7757792286509785,-0.6867414256126698,-0.9256124072036076,-0.6814436283481634,-0.3859990125939644,-0.4883516676038086,0.2055054900257847,-0.6046567356930707,-0.4620372897580892,0.1447344309848229,0.3879181535383772,0.3322821182227392,-1.3850252290545857,-0.3847236321222846,-0.5813517496492829,0.1521861864965767,-0.7936236102642166,0.9567379896341996,0.5603062899180191,0.1390581941453044,0.3359133034883732,-0.9290443581236918,0.4690845708111372,-0.0069484536266855,0.1152318523308423,0.2229325971602998,-0.0670776390279485,-0.15711143124405,0.2891217411171909,-0.0856844390409352,0.1359834341323823,0.0821208454537642,0.1632702098027947,-0.3936898341486701,0.0629979364570508,0.1954939494648587,-0.1714720069369966,-0.4306837722797317,-0.3595082059887488,-0.1753471923922016,-0.2384232279393377,-0.4465531386423247,-0.0239945512126074,0.5356580433896924,-0.0931158585684128,0.13934286382472,-0.1351889235089771,-0.2649279873336823,0.0303491549052772,-0.2131661621965387,-0.000727109016584,0.5344691230779781,0.0387571392981191,-0.1348511338813008,-0.3347349099475731,-0.1192090108553668,0.0034881209790345,2.884041040833328
Mg,Mg0-5Ag,Ag,Mg5Ag,mp-aaaaaaeu,-10.64405401184817,-33.26754228575443,3.0809701188908,-8.393783827791072,4.765307740933261,-6.085325136920402,-11.08092548977474,-5.903795355557265,1.5542966713792363,-1.7178137403794695,5.646004855943441,6.156508541978136,-6.322627742553873,-3.9774062425779713,-3.354111636481014,-0.6290971666355958,6.364610158541804,5.956578823321911,-2.7159216335546725,-3.3231764501166405,-1.3856257622037338,0.3305955796533292,0.2122305192017825,-2.389477816760729,-2.5967180361527165,-1.3365870651256293,3.111763221689895,4.618791218145769,-0.3795235936863616,-0.4958112625867899,-3.71553972221795,1.6809277044427922,-4.060704307306047,-0.7630171938508776,0.7283190667554902,4.440672716923997,-0.8691357778909236,-6.375467588586122,8.451964104968258,4.642496218682681,5.317650781822321,3.615471476780274,3.29260846925744,2.2159468515869096,-4.895505393520514,-2.3254484120836345,3.024976046213142,-0.9283909618699072,-2.318338374540696,3.1627660420915875,1.878695676380973,-1.844132903577049,-3.5568297363170585,1.6088090438433194,1.084636626534717,0.8266043535668608,0.086658220356417,0.3528241192583654,-1.0915763761937698,-0.9558311560573164,0.987122796057708,-0.961760601072608,-0.1850390128798384,-0.9655457288502992,0.4834123556659126,-0.561328701200878,0.2704202751310263,1.118057516428269,1.3312730327107791,-0.2631458596477661,0.8045198982433138,2.2779334905333566,-2.4596701792147284,-3.3100005879970986,1.2354139432718625,0.4847780583895761,-1.931877218282448,-0.6803357860936645,0.4799840982658833,-3.376975946153553,0.04279252
Ca,Ca0-1BaAl3P2(HO7)2,BaAl3P2(HO7)2,BaCaAl3P2(HO7)2,mp-aaabnqtc,-3.471090342784839,3.353385689191749,7.171907964185781,9.786930250053905,0.2533726545613968,2.4732724452420176,0.9773295956742244,-1.313311365263861,2.484408416986549,-1.649409325381357,-1.4390706942287852,2.2023354332584173,1.3986714947579053,-1.7162886514570832,0.4755458793311425,-1.166082029923085,3.5352893723709067,1.4433888560365198,0.6863197526452488,0.3570321980299095,-1.031826316862941,1.6605543989083045,0.2806293102582718,0.4139377333032483,-1.008674041267603,-1.2778976361604075,-0.0703109269953475,1.2066157110322748,-0.1033430524340021,-0.3047431789896493,2.5603693117618054,0.5269822473894382,-1.2691781968837057,1.6972281865666423,1.155375491120027,0.4699164504667156,-0.7086495238799124,1.530434223678902,-0.7235792513251076,0.2566023361586987,0.6087018849201677,-0.5570748410895189,-1.7291792929511762,0.3995583778376331,0.5830579446026762,-0.3366270999890717,1.843472562349064,-1.6275449183281665,1.3949817691183632,0.7502259066143929,-0.5877648549424557,-1.0976422559511878,0.6735307319047775,2.467071747407279,0.310632754684104,0.6645120834087748,-0.5013729668149995,0.4201816160773093,0.4783384113910896,0.7051514661041092,-0.8586815517167713,-0.8401662365089585,-0.9493458722346412,0.747455349923613,0.0251800116197565,-0.3953856612616503,-0.289556244336122,-0.0609963975405573,-0.267629477805362,-0.9655205846544967,0.6156689358573787,-0.556376552349591,0.0578547900383274,0.0323632726321201,-0.1362018162751292,-0.1197121560535918,0.3547461486440104,-0.1722269686067862,-0.048311472606245,0.1291640408967343,4.034193040000008
Li,Li0-1V4OF11,V4OF11,LiV4OF11,mp-aaabrhoy,-2.4360331647082494,5.643091287841485,-5.325948897457865,0.6401224148552276,2.33872386581746,-4.543795285111109,-1.037724767915258,0.3607383506166475,0.8365904271968404,3.66678269024448,-0.7072751501592038,1.5431095766966432,-1.111380344115114,0.0808867215582927,-3.2993189507206337,0.4250754312569763,-0.1621151002988474,0.5721229289495894,-0.406196279234995,-1.4341837684978158,-1.714589517836781,0.3169977868748571,-0.8606841461478498,-0.7226016885410034,0.9872126683431276,1.2431481606854295,-1.2972191545714489,0.005886038130681,0.2448154895193137,0.166159361186994,0.2756033034725273,-0.0463298613839526,0.2240628551521497,-0.2025575622840167,-0.1993641292673687,-0.2839335931944928,-0.2649055146285775,0.0622023989675417,-0.3821948557316817,0.5700014495161995,0.1405722939365193,-0.5012419882883865,-0.0223105465705958,0.2187129243543689,-0.3320376269669329,0.1396452884695939,-0.1709749434849462,0.0038036350062778,0.3577033854558133,-0.0354053717196492,0.3302497189496148,0.0090678760704066,-0.0160085831366089,-0.045667445993296,-0.1123929200546334,0.0520238173031867,0.4149285547697488,0.5873082644638015,-0.1832967790887534,0.0949961883107416,0.1601417998619462,0.2138477814885631,0.3620718292814848,-0.3695527291328638,0.6504105309803155,-0.0053637459592799,0.0951969383251719,-0.0105676727527525,-0.2307088818892511,-0.2063563236532661,-0.0571757548474828,-0.2730872939158429,0.2532332899589423,-0.0462428146255138,0.2430167458142318,-0.0674295410629804,0.2162547724059693,-0.2797731067797541,0.2012412045482758,-0.117176048890604,2.499704253333324
Mg,Mg0-0.5Cd(FeO2)2,Cd(FeO2)2,MgCd2(FeO2)4,mp-aaaabfon,1.5728024755665442,-2.9327561335546557,0.1162997182822972,2.8367056665156203,1.8393951522922285,1.9328500111997555,-0.5451917207729092,0.4926318595155379,-1.7612136571621717,0.6004722687586065,1.9201065568623477,-0.2939086361186223,-0.2380447814370761,0.7169919613736301,1.507668518815981,0.2803042391926921,-0.5460775789217213,-0.658482080783041,-0.4818951778509864,-2.2977365605275497,0.5430750609375063,-0.507324185433153,-2.101553613657664,-0.041929155615762,-1.1766566849389897,-0.6270182128451441,-0.5294242133714641,-0.8613830692895799,0.6366348406210177,-0.0894766348620779,-1.0255292933067277,1.0825290988295957,-1.2724661855018606,3.1874116473850003,-0.7929065671576979,0.3394958836829736,0.7501711578942089,-1.2539644087257709,0.4447156325597107,-0.4289122938971252,-1.221396542128811,-0.4201475262265244,0.3487467483302532,0.3377264829840634,-0.0662788304711774,-1.0066536273979954,-0.080769616415895,-0.3409884110259492,0.5028384877353329,0.6909528670291386,-0.0940122327018581,-0.5862883235480875,0.0192419110853344,-0.4169212978593655,-0.4203987484328463,-0.3382186004913455,-0.3638628341749773,0.3064805848758686,0.3060811707442977,0.3497414345434048,0.3433692941014266,-0.1243253941603876,-0.0665117325371325,0.1043227839251429,0.1578657598070154,-0.2741207635137601,0.1174637618290962,-0.1385405997037104,0.1889061789136195,-0.0787963473939896,-0.2673826409731947,-0.1875555932103861,0.1886211896078906,0.1821338884864938,-0.0535418624785531,-0.0091478159112288,0.2397642858617796,0.2727962418082174,-0.2232145776772656,-0.3096315736188849,0.415090985000003
Zn,Zn0-1La2CrO6,La2CrO6,La2ZnCrO6,mp-aaadbirz,6.284037990993372,-0.9931164145188772,5.018310408198677,2.855658178532028,3.2507890735516303,1.219480457122344,0.8614676661104504,3.070593722929422,-4.382681745841311,-0.5869871116802234,-1.208140215307826,2.264777359365131,2.259233759313348,1.5799386177627084,-0.1589074392720483,2.8250314472446583,-0.0898540551067913,1.5231872582718045,0.7967358336917638,-0.8986589960543065,2.3015684008465063,2.907119749010173,-1.799621425037519,0.4651814829689631,-0.3782830140252728,-0.7544460800334714,0.6052586362803027,-1.3221006011714629,0.937971447422594,-0.6485090634548643,1.7380713829589152,0.5388783807244827,-1.7130272368918549,-0.7907213436286411,-0.0981281942156571,-0.449767891442627,0.8858966989685995,-0.9464143554749724,0.0586076594730505,0.293779054370402,-1.059316271112697,0.1610802520291315,0.7430863599507066,-0.6485793963150246,-0.1870321672473389,0.3891796697790501,1.5827858154151149,-0.5297913017607061,-0.7085034234638095,-0.2746440403884674,0.519518275712541,-0.3673920502785145,0.4995609028457421,-0.3039351473701494,0.7825209588165022,0.3645273955596886,0.9177780801253372,-0.1751097846257795,-0.538515357463106,0.8231164736217429,-0.2786362610671752,0.216742652769013,-0.1396623664567166,0.0548823440881098,-0.5939945947200042,0.7552377703396963,0.0603796986365438,-0.6675766782536904,-0.155852523035739,0.7068978075421415,-0.2852249224097928,0.4575643344471537,-0.4448562428574645,0.0187193635834336,0.0721620210839549,-0.5039917215925088,-0.5302326537734179,0.0441312021003135,0.0623802230055526,0.6383589097905142,1.8881320349999984
Li,Li0.33-0.83MnBO3,LiMn3(BO3)3,Li5Mn6(BO3)6,mp-aaabsmis,0.2850323957084652,7.504923924140098,2.553980727956364,-9.372036081314045,2.566399953151151,2.536655627532966,-2.8680113080000678,15.676686405118346,9.808501810699898,-1.2133619504998705,5.694416824562349,-2.8466026553728696,0.1226190228990156,-10.108811529448294,0.2915634924282718,5.68463567164183,-0.5437138095948507,-1.6988890173879372,-0.3841020204613712,-2.081320547111588,0.1890534870885712,-0.1460317926932038,0.2418150704459608,-0.256082088774452,-0.4200601652400571,1.068046380307038,-0.4448650398656727,-0.0390902297372378,0.2312409418456317,0.3565577346108764,0.5807076483231075,0.1241432627735778,-0.5482632774286703,-0.003695764492988,0.2590645789867106,-0.0955827501691844,-0.7172106960684601,0.032803965611663,0.2802253842266388,-0.4126006900788663,-0.1616043511292486,0.7631532917086387,-0.3260633014507597,0.1615326129626708,0.2466388502779616,-0.4245416962473571,-0.3123009820658012,0.5524238890678816,-0.3559534418207258,-0.1348287343643022,-0.1327148456604999,-0.1740163041414741,-0.053948921866786,0.1454552312495844,0.1514553708589847,-0.115423659507431,0.1689099519964184,-0.2460293812408649,-0.1923612241502586,-0.06565043458135,0.0431275974394723,0.1217889801929931,-0.0054469902688639,0.0692367599328092,-0.0796510662660121,0.0916854962476911,0.1689800292862321,0.1374362826861722,-0.1633546933920965,-0.0012096982079231,-0.1720175379030923,0.093010677152826,0.1678696788165755,-0.0501142183615849,0.0192746264017967,0.0175762468688038,0.1552624090053545,-0.1702638681434556,-0.159924034875121,-0.0643134557067726,3.348880423333344
Zn,Zn0-1CoP2O7,CoP2O7,ZnCoP2O7,mp-aaaczjdr,-1.976084405159189,-2.6381763028537226,-6.660743942346995,2.828698025093323,-0.0192309279635131,5.634560103899132,0.1971359469109879,1.0526478390723994,-1.7460182032346956,-4.482830328764365,0.1992015602743496,2.0375802859847028,-2.9754000130638447,-1.7028288330263404,0.9724131442601396,-1.185472173800438,-2.9444261618295826,-0.0831193907923883,1.63021875673337,0.6072202010930287,0.7757336648935375,0.7766656462712984,0.6826995826121657,1.406987499224347,1.966952121533256,-0.2732341871894285,-0.67556879456833,0.7834961190699637,-0.5216833171560088,-0.23804866683367,-0.1918037682755278,-0.2440491045688458,0.2868662914015941,-0.8037218696463029,0.6158811795673333,-0.4040191499305715,0.7888778628660748,-0.7315106142840315,1.1025812791075131,-0.0373695334787126,0.2162966121765802,-0.780285475573038,-0.5106391118774926,0.1541221099389815,-0.7348695106049473,-0.0186560908749984,-0.7228894286621904,0.0100442935855635,0.874423888664129,-0.2136610691273885,-0.6365601152736708,0.3757272200826089,-1.1248617788483095,0.1473686824554166,-1.9181009629951224,-0.1459405112048975,0.4060160053221401,-0.1986608796903575,-0.7720485917441441,-0.0306395763357983,-1.5393599156595554,0.7401588756687887,0.045837009963357,0.8911194830958685,0.504550397544656,-0.1972889806233217,-0.2063599355823888,0.802872390440022,0.4047413750616219,-0.3358185469319168,-0.1713633296293632,-0.509362152873333,0.312786353730234,0.4222592826435728,-0.342750723944983,0.3506582769879757,-0.1548577528254471,-0.1579111377664015,0.221233412709334,-0.0652263985042258,2.686926827500003
Li,Li0-2Co3BiO8,Co3BiO8,Li2Co3BiO8,mp-aaabrbhj,4.2869765933091095,-0.9262863621862436,2.4305275628955245,4.0595656845885255,-4.782490272148646,-1.0426172687171396,-2.782651863270169,0.6373849969959771,0.1738271964354602,1.4555214144167343,1.0503432208719412,0.5432009367314439,1.2176820512947943,0.8863517087830537,1.6972333395891666,1.3195907901382191,1.4311220562386948,0.6461671468738909,-0.7987645833936506,-3.297775355857665,1.5164302661548947,0.0159638512181504,-2.317186227383959,0.7442106922456192,0.2893674157121224,-1.2015434706126342,0.8024681734671539,-0.206720176139743,1.1999253279354478,-0.9792464463572754,0.4679931402842148,0.4094680184068535,-0.3189774710456466,-0.6337538025540017,-0.9276789003702938,-0.990180664266354,0.1277658719908578,1.200520933053803,-0.7263090248386541,1.3626691673223204,0.2286461222471597,-0.0551068809151589,0.1379453205073517,1.2379880943943569,-1.0411430705547426,-0.5394495520189159,-0.0490293605701016,-2.197404375632215,0.3269224086087028,0.3645901050111481,-0.7789761805555906,0.4789787021578953,0.5849713133727836,-0.3216950918722059,-0.5189435943014234,-0.2398865013825189,-0.6399030742230987,0.4632440415671243,0.6353622881733484,-0.6804357317438003,-0.3671022975948187,0.6002666572343752,-0.3550369019165155,0.0648337619638638,-0.1756999062496027,-0.2224293032356128,0.053760162784708,-0.237001863546733,-0.3390263222470521,-0.3116112902843799,0.1064905107634447,-0.4633646941917194,0.1396496443578042,-0.469615297153473,0.0201214979351426,0.2270389833510804,0.3872344156012501,0.3340130080265149,0.0187811353934768,-0.1686172246051336,4.435686993333332
Li,Li0-2CrCo3O8,CrCo3O8,Li2CrCo3O8,mp-aaabqyhz,1.3622783995294483,1.8016243369614715,-3.715114890848594,-3.385207019680735,-0.126450073223538,-2.8232583853771605,-0.2145048893874021,-1.4339800672644922,-0.6276251087403021,-0.0357509309847091,0.8191917790509108,0.3472255508103981,2.416902207829167,1.0543027311323685,1.1123221619925383,2.125432398025853,-0.1988420567090518,1.1016116671649454,-1.093321718020886,-1.3899202370497297,0.9265979482844804,-0.5245547736585289,-1.5327370847557649,-0.4934661968701254,-0.8426094771546206,-1.0836247884931467,-0.4742299938726276,-0.2591506403105154,0.6097104833418919,-0.8945305699903986,0.2509123613492133,-0.0855791383941062,-0.2394708498264083,-1.5170285704439612,0.2461198535698739,-0.3573446535938868,0.0179498484072779,0.0250529546977459,-0.6119574643582807,0.1365528592163391,0.3836360590812457,-0.1107177495318259,0.6040747773724178,0.4367394770560757,0.1697462344687318,0.1795534485003367,-0.1385603533359149,0.7592437444331455,-0.2137709706133954,-0.0920836645317397,0.560378014637475,0.1397204871320087,-0.185261631267558,0.0261982512053159,-0.1751520291120454,0.2989961264015742,0.2788757442623504,-0.0087148197809501,0.0632512229463046,0.1054966235537539,-0.6773819590489534,0.0419381898066495,0.2104314617985141,0.1206632001867735,-0.3628494838971065,-0.166697121396332,-0.143533176575257,0.1685840697100076,-0.0936698844772989,0.0601892504020059,0.2710462714660769,0.2926723817290543,0.0661820306631358,0.3264395114340513,-0.0012923076660533,-0.1276519940269313,-0.0909284831252162,0.0134076133720433,0.0795414046456253,0.327582990118087,4.524467178333329
Mg,Mg0-0.5CrCdO4,CrCdO4,MgCr2Cd2O8,mp-aaaabbuj,3.950205546534818,-0.5405350398798381,0.1476473036715709,0.5403415002924861,1.072972607886349,2.6694926260469174,-0.6661375132672341,1.0748375997926836,-3.947812275968351,-1.0582790252384593,1.1946698442364418,0.826152446972497,-0.059921539599877,2.268816676936517,0.0018109019466569,4.304946268700345,1.0082702841290254,0.6041718029032701,-1.0098378082549282,-0.7018818119247353,-0.1529195897346956,0.1859028303786639,-0.4330983060304528,0.2045136134055837,-1.0521346292422102,0.8313317139981184,2.2559835201212364,-0.4202970738682564,0.665283807744369,-1.4028602110873152,-1.2179223146934532,0.2662532497692127,-0.0195955980717404,0.8449343642635865,0.5483199436376862,0.6160467087420907,1.4251566825778232,-0.7340314118555334,-0.2906003650823661,0.4776796984482444,-0.6252194397004013,0.3333438544581119,0.5984743963204774,0.2509682691367395,0.8000164141971945,-0.7129728236257659,0.3618533455889822,0.6217582678500425,-0.0819478251874677,-0.1118723571622416,-0.3940893748226344,-0.2783834045727459,0.4458530982422976,-0.1894144270891298,-0.6647999149591012,-0.0136179686479731,0.0653802236532387,0.3380001888449406,0.2725743139081146,0.0742633530656341,-0.011490926450341,0.2352195195785863,0.0156134373342659,0.0178734118662543,-0.0800664594427454,-0.4909447969606753,-0.1341907590023283,0.0869643929740538,0.0020863461984365,0.2884350674105923,-0.4322756017273905,0.0865669246005183,-0.0145862578600471,0.113048830273006,-0.4903982280323321,-0.1184638215855333,0.0374846784257167,0.1260745619777199,-0.2531775946960004,-0.2837436597363097,1.918982885000002
Mg,Mg0-1Ba2YCu3O7,Ba2YCu3O7,Ba2YMgCu3O7,mp-aaaabepe,3.895814875380158,-2.5569233289473408,10.689631861740548,5.23482391124037,4.314008214808677,1.8357431689203176,1.305721649240174,-4.532099699519225,3.8593863648966766,-0.6453521852738312,-0.5086104892590355,1.30171865790996,2.874037572673141,-1.4706577294085734,-0.644841725466108,-0.4724943178938072,-1.3132439120188,0.8557476642609477,-0.7967682899938464,-0.262959260012205,-0.5037969941806582,0.6442575940044393,0.5764089436097781,0.1832938501387983,0.0682006981180601,0.984181023743344,2.505971748948429,-0.2163245824147907,-0.6472958962865109,-0.7459552232931164,0.5658366538707528,0.4718502837590411,-0.2082718472865364,-0.1466157687684511,-0.2508329569626851,0.0540247476241772,-0.6596011982553943,0.4323346264866572,-0.4972231014854614,0.0416688619404602,-0.1634114686619662,0.4377477933904173,-0.1444740542013178,-0.3402403689087836,-1.0235556285331258,-0.1703779236988656,-0.3938533759220637,-0.4473921595888759,0.6357583817330379,-0.81086702107616,0.2421456258895223,-0.0638121660487579,-0.3612398976103556,0.2626535828005915,0.4864801848237218,0.0269963517428792,-0.0238594947435243,-0.0548756700049549,0.0116831763209325,0.1054377839938518,0.1272035027252005,0.4981755213847111,0.3036985732937313,-0.0850240313033845,-0.066702547943117,0.2583025309276375,0.2437680407905961,0.1934561942640307,0.1338382788619232,0.0766889924953208,-0.2267818129999625,0.1572905769238944,0.1132848983698309,0.2318401546803932,-0.3625824329173658,-0.337081063831283,0.0487814044446375,-0.2141563199582911,0.4695166617477581,0.1210809126021651,0.096500430000003
Al,Al0-1Ba2Ni3O7,Ba2Ni3O7,Ba2AlNi3O7,mp-aaachrda,4.158668161810643,-0.8669939078399757,8.608403140446539,4.3904113749934615,2.37629735983344,0.4290750409470555,1.570817069778201,-0.4496560421469126,-0.1327085837487605,-1.75380288281541,-0.7929471065637717,3.387274938256829,2.798173240162824,-1.3729316053886649,1.163101089553477,-1.1317743813021663,-1.7642510128502504,-0.0897058578432114,0.3522806767937526,-3.0088157262865964,-0.921512986898058,1.6217150893477592,-0.0640142410197845,-0.2716723092996809,-0.005953818258,0.7218513154233018,2.436109118255688,0.7120941553983864,-0.4057424341540367,-1.126359907190875,-0.3178017865521815,0.2237536747222774,0.7307609574948624,0.5600035071055766,-0.2580205344545721,-1.0166895137185246,-0.0013627455137748,1.3215162206646875,0.1101419648334366,0.2561900047230615,-0.5853752383641838,0.4014966802898149,-0.2410901591303951,0.1359125211414731,-0.4177373603305075,-0.7852298629011093,-0.2347879009060315,-0.6552694924944034,0.5663444875232752,-0.260648306038992,-0.1214078584352896,-0.38192058686395,-0.004129278336882,-0.5700526648962284,0.9536844059586246,0.2145068227485317,0.7428659230094249,-0.6709502467442551,0.6752932375623492,-0.6119986449709842,0.1835218986572498,0.4608692455776322,0.0945146611756501,-0.5264316381846141,0.2420345786682362,0.8106799555776749,0.1890074600967615,0.3971435556267261,0.1424351783290071,0.2129085794919107,0.103710002911485,0.8220850115751552,-0.3876151680095298,0.3306600361927057,-0.0172177238667291,-0.6351828868166426,0.112682722384877,0.3469863050879491,-0.3408829590667596,0.0567095438026598,2.818501383333334
Li,Li1-2NbP4O13,LiNbP4O13,Li2NbP4O13,mp-aaabmyqg,-1.865111795610384,4.811562930663377,2.6386985418522464,-1.031383514298911,-3.0136164653127167,2.692167760165499,-3.338988749060219,1.412113264127841,-0.0724449740853089,0.5105409415619658,-4.652181339293124,0.5887361986959236,-2.3685288643177045,-0.4139856849277721,-1.5689828196329103,-0.2582822062691149,-1.0679083996788237,0.123038631390965,0.3525226610917447,1.0261980489688567,-0.8321265933938587,-0.3629596640823219,-1.0788338544259235,-1.3864284584719286,-0.7905155633901636,0.6098283562869109,-0.9662059295663804,1.443643852854015,1.9525950971025785,-0.7182248722930442,0.0352786238589827,0.2886456015022496,-0.1279363790010556,0.4679754322645021,0.9717075625094006,1.1308530548252311,0.213268635446136,0.4446483621066496,0.0744138707330267,-1.1914910823381315,0.8127778668784058,0.1100259716292426,0.7786830744780103,-0.0143633767033146,0.1751374375426606,0.6810443973741385,0.2167941111739707,-0.4358112540520584,0.3421393469753775,0.2140451814287352,-0.369735419651986,-0.2570723035479794,0.2574332443046943,0.7446645411675566,-0.1427027775961089,0.1442927531287819,-0.5141313011648069,-0.8683306945612016,0.0444198832269413,0.7793273613926441,0.3859030398647682,0.4345577246629702,0.5202124092721773,-0.1026965709168807,0.1929204265821546,-0.1650828688644846,-0.0447441607527244,0.2994515699588473,-0.194982023318294,0.0100580560622771,-0.0563536254930795,0.2305232930089333,0.0956548383484746,0.4470867223438267,-0.0259079235659414,-0.049577238261863,-0.1035413089593599,0.0138173399791574,-0.0308606293349687,-0.4649817072890859,2.492848928333334
Mg,Mg0-0.5Mn3O5F,Mn3O5F,MgMn6(O5F)2,mp-aaabrlei,-4.054553952849317,1.6769498447809017,-5.024022216362415,4.351875391794059,3.171241334117225,-0.9428491472265492,1.7665321371371123,2.639840600224365,-2.981599475440234,1.73981513118495,3.752667923395575,-2.4227129721423197,-0.3796914010246542,-0.1981602827602659,-0.7338952476452508,-1.5859790342256446,0.4128301278850089,0.1719532865953798,-0.2017712672730178,0.8338975226828496,-1.6374377212506497,-0.8477326976671202,-0.327035089341728,-1.0582888971224471,-0.0767165290542437,0.930227392280167,1.5949998861471375,-0.8958207399187796,-1.2005736008908838,-0.5995734584700972,-0.5721917569368872,0.1359406655161176,0.2011500320327601,0.4117376806017466,0.4172966905646704,-0.4430137463770623,-0.6399392597875498,-0.5341390104760833,0.1397356693871986,0.4574516974107593,-0.7569975440092167,-0.2713965062737553,1.0515053564086776,0.2518365209217345,1.1014381074422928,0.14164947184297,0.4260231603348016,-0.4127437054927504,-0.0073269093356114,0.2419151686636021,-0.0625425773498836,0.4728819096190067,-0.4252391157172556,0.3340817822307523,-0.2243054690003107,-0.0028133424939886,-0.973858439537809,-1.2886823547837012,-0.0833796064889161,-1.0412139117686052,-0.1520577783352635,-0.532471509690763,-0.0728497651131643,0.3387018897883544,-0.92953957035657,0.4628986153163032,-0.2028868189418806,0.0582621862776104,-0.0420252894955592,-0.0609384507532598,0.3628249605763229,0.419551464872354,-0.3025397273833107,0.1468063856465434,-0.1608640461440058,0.07912683005343,-0.1683468456145961,0.0525028614476658,0.2207176034614904,0.1234615721070353,2.082902785000006
Mg,Mg0-4Ni5(TeO6)3,Ni5(TeO6)3,Mg4Ni5(TeO6)3,mp-aaachohk,1.6313362115520469,-2.8267301420298048,-1.8642411005852384,4.280643659240562,-0.3102391914642421,2.423801755295603,-0.7353555708408,0.6435698144432243,-1.4196196007071646,-0.6489703151645733,1.5772101202026516,1.0042355174469555,-1.4872044306923042,0.416065733426847,0.3610272649955754,-0.1169415543918635,0.9186509751022578,-1.7015191955346318,-1.2695206532108645,-2.405802647824466,0.4206599811862105,-0.2987622530232335,1.2760544130550855,1.7221963562051916,-1.122766377929086,-0.9219355206168736,1.1532161232890104,-0.0519858819139002,1.2489467968724044,-0.0768470109455378,-0.1857785515762961,0.4587439633154256,-0.230313012218111,0.7473495023637121,-0.8837052716228259,0.2794780994682639,0.2536202846444979,0.0050454595044754,-0.1313174850575262,-0.3268582218683035,0.3846986579715272,0.262184723788061,0.4413569106610007,0.5581705088346824,0.6295673901231049,-0.1972472821837328,-0.1911889834647749,-0.3118819021540032,0.3679749526663368,-0.0947662710997733,-0.4297721560799127,0.2248510584527774,0.1961357270107641,-0.5090419623982171,0.1575018840927668,-0.0230386788834001,-0.1689643159472452,1.028869033164304,0.0517608996948362,0.0845359985449785,0.2501657698526384,-0.5520582773226054,0.1239750169872512,0.4834119025275993,-0.4925211091217151,0.2175282184871484,0.0855576624328247,-0.0352520539659723,0.0067670228494239,-0.3348646770457359,-0.0723899283227708,-0.1207105073710966,-0.1161591355702902,-0.224637316475795,-0.1258232924294988,0.0043300110152441,0.1237684945770005,0.0160482614687844,-0.0253311189229297,-0.2121125296581714,4.194665874999999
Li,Li0-1K2MoCl6,K2MoCl6,K2LiMoCl6,mp-aaaabpeg,3.847512965215877,0.3365871557601705,8.301267752627284,-3.5223861922246167,-1.960194368341932,-5.634958216667236,6.202052926976298,0.0319118366457369,-0.8744037873366237,-2.697926371254217,1.409920132504887,-2.3387247634648527,-1.6240295815437726,-1.9653513401781677,-1.9078090659380968,-3.6418056195034048,-3.986541087303782,2.065939281970413,-5.522801442212028,1.1384441951956377,2.9133947391070927,-1.8454841073218944,0.76122439083144,-0.2696975786682452,-1.6352086597740338,1.0748232006344065,-1.1045505835905711,-0.6021271473364721,-1.157687480250998,0.5975284414015589,0.5267442506984359,0.3027799010590093,-1.0857947249620712,0.4112802124606927,0.3208985354468777,1.6587441256445457,0.6553397647691683,0.1354548543950233,-0.7867298506045731,-1.530829306907698,-0.1302925887285022,-1.4951524932543727,0.3561684928777571,2.400632595921943,-2.1195125850043857,-1.3869520296413476,1.948473618660281,0.7058003082906823,-1.183031418396752,0.2902332424379964,-0.0966792790168068,1.7113408381220814,0.1709687096762581,1.1087390428909327,-0.9805592496695812,0.8250264024813463,-0.3979331392257093,-1.441041941971955,0.2902413949742394,0.2693426401491789,0.6268056714085041,1.1695208038402698,-0.0020139910922007,-0.7333004840741164,0.2694240579912273,0.8640781448316948,0.9552418019011568,-0.775473592896264,0.0792863861596079,-0.5300624477138719,-0.6692822123041938,-0.5012974594378767,-0.3257774014166999,-0.8190176943825664,0.218903599516836,0.2461688854967708,-0.0849501762093335,0.2350377852361146,0.6289981045612002,0.5440890125570734,2.349213173333337
Mg,Mg0-0.5Ga2CuO4,Ga2CuO4,MgGa4(CuO4)2,mp-aaabqwmv,-3.25287517463055,-2.6066696284251645,2.0915615331324573,1.3059667052766155,2.515421587281231,6.313999389870217,-4.583029082222657,-6.059739805162265,3.240493132014393,1.1071992728707265,3.3445750191092447,-3.9691256432213127,-5.021671170549293,3.396304153741471,5.548124372904964,4.511316283957474,-6.429379409496787,4.128889651070299,-0.7124761494682235,0.365097510832945,-1.0791676391791536,1.6838383180808618,-0.6966041093578454,-4.899819890208337,-0.5051807079144991,-1.6333509576240457,-1.0737428355331242,1.24185140859967,-0.5938506200813622,0.3987834507897086,-0.8609376741323255,1.0177130831044583,0.6436187262734127,2.5227648744070086,-0.9474082730772048,2.332977183360021,2.3733603574802373,-3.504297186370028,-2.074455270955309,-0.6253829959847873,-0.5092183942392337,-1.2797424971383249,1.6944439738096388,0.9180737728999886,2.216416738921678,-0.9459480557365852,-0.7889252307249655,-0.5595729433240513,2.763432072483276,-0.1053952362763611,-0.273595961585472,-0.644923281221759,0.4603592647891781,-0.5761633927625022,0.2821314980006385,-0.4918539511292153,0.3299316377648443,0.3315834414069494,-0.8569658824736597,-0.0702767168748088,0.9745063949401116,-0.3823455197494622,-1.1645926347587148,0.3269108877794708,-0.1972424214054411,1.1755597905099806,0.1728642929719278,0.5579760892999235,0.5536732396982749,-0.0070157363724822,1.1231245587709806,-0.4143628468906442,0.6615322876087584,-0.1096345453216735,-0.1166077320414586,0.2208791643372025,0.3402617623390321,0.2457420182810469,-0.1178622098932624,0.7954372042517807,1.129401105000004
Li,Li0-1La8Cu3O16,La8Cu3O16,LiLa8Cu3O16,mp-aaadaaik,3.0354365629770785,-1.8998609998361815,8.8010477727252,5.618038155621853,1.8633777223008063,1.0292896321623957,-1.811509464197338,-3.6124814914227033,4.0751489696514245,2.5326523766350597,-0.5904482981847625,0.7949235751431595,3.758509512667781,-0.2841502383497963,-0.6789684305202346,0.3379265787707731,-0.8501576561568523,-0.0340836244250442,-2.1356773809719507,-0.4369340622785798,-1.067095377784934,1.5817475744227312,0.3099418130397393,-0.1507450628890621,1.468660365558066,1.2078915116707598,0.205553378082384,0.6981140163654366,0.59186464466752,0.5139950884430597,2.296050845067392,0.7175091403186222,-1.7678056608670702,0.5693957109314853,-0.5536946827204955,-0.3636596392326592,0.5432792832357785,-0.4022484586902215,-0.2603273981836481,0.6727858452804759,-0.7306320021557907,-1.251876591989977,0.8251831490262757,-1.430038095572411,-0.9556227312255502,0.3378998672842788,-0.6392522909978294,0.2553489054852692,-0.9154737845169532,-1.1024212533001712,-1.1397510449270674,-0.2005486215541164,-0.3560303070941764,-0.0135848122531675,0.95610206907971,-0.1267970281938601,-0.0028250500647891,0.1129761738217249,-1.513586717418628,-0.7905226590458481,-0.3408622208384205,-0.085408208968993,-0.4717654714551734,0.1245442459003417,0.2132675286023145,0.4634658549934448,0.1868187465221676,-0.0652578808144698,0.0252377425351824,-0.025337849689866,-1.0679781718427852,-0.350534640832162,-0.0569989491374718,-0.0347745438678765,0.3770959329678712,-0.5734915163581791,-0.1997462532803812,0.2438733823842515,0.1685213540316506,0.3420364645502261,0.171586473333353
Ca,Ca0-0.5MnO2,MnO2,CaMn2O4,mp-aaadaboj,-4.362692712262319,-0.0706577494098431,-2.233664755986452,3.0133844755580315,1.165276184716982,-2.721800052043843,2.4223624791448195,1.0107959982245631,-0.3303789503859332,-0.7945463516067035,2.473942795306725,-3.3116644142063154,2.5726332900097506,-0.0937775798297358,1.6949244173768043,-1.259835768816093,2.229830643557284,-1.2622689093285853,0.6064848332471128,1.7424768833454272,0.3526102141964639,2.1486155503531825,0.6675516659119701,-0.8501613823705982,0.1853310863813915,1.0952566044146692,0.8782477327056661,0.2265092366794007,-0.0573691699635666,-1.5563845048352491,-1.4272894479559275,-0.1631450275495239,0.8999458484299077,-0.5070233668776599,-0.1677365792033534,0.7376512454927757,-1.3499923328960703,0.7618181496680213,0.5164000555623032,0.1852751486777145,-0.76972827018532,-0.9848701812609844,0.5330604658615034,0.6533097453703796,0.5898257826302793,0.4439540048854007,-0.0157952975823696,-0.0402196209955468,0.3885402222162476,0.0713721012849408,0.1314909869659283,-0.1314009938929944,-0.0209809293230879,0.3248735921401357,-0.3293388825081914,0.1189281657918818,0.0981524177056502,0.1547843325939265,-0.0338334830890416,0.0131733300360893,0.3351075302866558,0.3513428279591686,-0.1923690190347491,-0.3075242799837017,0.1033918304110097,0.0638563763322557,0.163104135620091,0.3053244863076129,0.3491484949299713,0.2521974164594031,-0.5498356286633587,0.1352595893907059,0.0576578180411561,-0.0187574676840393,0.0874118008082483,-0.1491567791553465,-0.1197154213344756,0.1180839976711219,-0.0679161395027839,0.0150250599314071,3.6088840849999992
Li,Li0-1Cr(PO3)4,Cr(PO3)4,LiCr(PO3)4,mp-aaaabnuy,-1.9160109866433144,3.603742318756812,-6.81814816760364,-2.358672759633808,-5.232454474632662,-0.578353546205985,0.1077585103037007,-0.7727666833691553,-1.331549668471908,-4.405017898350378,-0.8429119354372345,2.504918319397944,2.025058906658084,-0.7111422232115732,-1.43025358957226,1.5677498084744952,-1.185846850044448,2.042439060042738,0.1536898616728387,1.52840404313711,-1.709817419011829,-0.0494529673482605,-0.0686577288423475,0.583028386513324,0.0216894060658467,-0.9338289098197098,0.0154507817022411,-0.811728974375842,-0.2902894744798123,0.543058035044736,0.4164612264484781,0.3656693848871125,-0.5921404046249836,0.2128780573711528,0.0435537378723728,0.6658817278747632,-0.0169433842466545,-0.054204014563102,-0.2012446647627037,1.0291271377192432,-0.4447452398921993,-0.2146091994583891,0.6910987399831214,-0.1526814802593437,0.0573637943535077,0.2303775069605943,-0.5383989981425594,0.7307548277268946,0.1399801486320088,-0.2073997289435833,0.309798514883784,-0.4836038251547341,0.2566696573538755,0.617901859083082,0.1976703882549114,-0.0920281251745127,0.058710246776908,-0.4097809551977424,0.0861734281932755,0.2772795349192031,0.0249237036414362,-0.2542201671885148,0.1678418493305978,0.1499160388200958,-0.1392026749899591,0.0839037623789253,0.0760928067692216,-0.0879052713136441,0.1389348459177252,-0.1087647518485877,0.005752786085943,-0.2348374331665741,-0.0915309154132671,-0.1307860487167172,-0.3038692571409901,0.1369541994325401,0.2021148143646331,0.0254073679231451,-0.3611556631603533,-0.0468461783011906,5.676510653333314
Li,Li0-2VP2O7,VP2O7,Li2VP2O7,mp-aaaablkw,-4.78707630710112,3.062155020809063,-3.0079517159969686,-1.0697460906992329,-3.025247546736726,-0.957750868309034,-1.2664989082791855,0.2688661535306374,0.8788067057706226,-1.5468359088525356,-3.1088337434894537,0.9974714236800007,0.7126486625827648,-0.1779961464737899,-1.2404050130886797,-0.0296402812865619,-0.7687803363593881,0.3767041931566846,-0.4609593751608192,0.4761928819556625,1.2109003566499028,0.6504519686081105,1.5331538117455816,0.7301047242394044,1.2739179749295837,-0.6972209842243171,0.0359086468882117,0.0678721396257712,-0.0726114673144406,0.018896714952371,0.0523184916062393,0.1463528980221438,-0.2439583110361082,0.3072877960978646,0.0974306475201367,-0.0758500434199731,0.3584465828260038,-0.2814975466718028,0.4297634104936949,-0.0389835825790081,-0.1271923277151999,0.4983076002989906,0.4220751284510939,0.3662518488224289,-0.0913775156265619,0.5926172779344906,-0.2303199862688667,-0.1127672110662222,0.5779150041531229,0.067060440503939,0.0357963949496923,0.1001274148531223,0.2141206482974351,-0.097107737087141,-6.515090271991795e-07,0.0520467375009666,-0.495994604516792,-0.209218448852884,0.3730586611716165,0.0174105072885323,0.5306169847428486,-0.043905691932591,0.0598188755920828,-0.0324581148672098,-0.0402353188099546,0.0671350143821091,-0.2290510514644781,-0.0759424781190557,0.3728627658817429,-0.0013373977542841,0.302687957317487,0.0741366977748528,0.35991072750003,0.1860729654133988,0.0133931734910268,0.275011012731665,0.0172304009970178,-0.015095379356632,-0.027865908058509,0.1498377497457059,2.908027082083333
Li,Li0-3Fe3(PO4)4,Fe3(PO4)4,Li3Fe3(PO4)4,mp-aaackrnl,-3.670246455318823,2.36238809270114,-3.762092068641593,-0.3115066717217265,-4.418208286212861,-0.2468311943889245,-0.6591952849464844,-1.1910439002909046,0.0388580757855435,-1.885319307875396,0.6523876188919406,0.5527157271628493,0.4011391310774133,-0.9318785451260232,0.5289120927099634,-1.469834045474717,-1.0545891935994205,-0.6906223021141721,0.0653380548982241,-1.28459075861129,-0.3379557470377232,-0.221378047477162,0.1100896580461903,-0.4478876333417062,0.5561419475456244,1.4676084660485451,-0.2718562622454446,0.0013052061914379,1.1577114515909186,0.6478591942294109,1.048908045569635,0.3733344458032154,-0.5127824228004592,-0.2218028401237937,-0.6314948577729017,0.5560000032333906,0.0036274916326765,-0.488393461026708,-0.1304812388010458,-0.528669035916922,-0.171107170100293,0.1496778616164032,-0.520827406352226,-0.4818631734816505,-0.8324979422373515,0.0246949574201985,0.0349171442739432,0.1655476890074753,-0.4029686576784984,-0.1881201314111487,-0.3047406969581186,-0.3342965943597661,0.2812675593866744,-0.1581429911849992,0.0950636674450174,0.0250221174969267,-0.1295022052730544,0.445144391153178,0.0220820595147968,-0.0473606247777629,0.3255441501968206,-0.1351483625355573,-0.0090192441229332,-0.0632059454633219,0.0011219222886587,0.0244928948990714,0.0163960430653778,-0.1265230714464884,0.0096460407276874,0.1082064974879009,-0.1075266619811797,-0.2036397848967971,-0.0954085577097688,-0.0242973139756093,-0.1540792790969105,-0.002739257121909,-0.0282190110637386,0.0297031552622087,0.0482617694212309,0.0924565589674123,4.888432900000002
Li,Li0-1V4OF11,V4OF11,LiV4OF11,mp-aaabrmhy,-2.4360135771774414,5.644152342737729,-5.326239846798687,0.6401817134119927,2.3384823639665258,-4.543130121975414,-1.038558476725731,0.3610714205190288,0.8363953914332409,3.666816418364465,-0.7077382726268797,1.5432416678776748,-1.1119016983168497,0.0807300057874283,-3.299949977054672,0.4245620361735925,-0.1615900066901933,0.5712386184415944,-0.406429475677269,-1.4337114117968148,-1.719395353841127,0.3185751268153418,-0.8555177164308252,-0.7202865457321019,0.9880447165028344,1.2452367122724657,-1.29590328913934,0.0069876735857763,0.2457735106701734,0.1657784270968789,0.2765060292712092,-0.0459653522144492,0.2232938689171359,-0.2047063846785326,-0.2000953886885045,-0.2845196149225316,-0.2644974552273386,0.0620917123940474,-0.3825530405097847,0.5698578424448164,0.1414756398910528,-0.5004977155448516,-0.022534768220557,0.2180216804551631,-0.3314011702869012,0.1397072418376964,-0.1708192766847336,0.0037712266031305,0.3574440861417921,-0.0358439149749781,0.3297142330497556,0.009040097512023,-0.0159494905772105,-0.045362678137539,-0.1124939142538648,0.0523007405614068,0.4148766158186177,0.5873056436694647,-0.1834768862633775,0.0948880067903936,0.1602048345470337,0.2139693291303562,0.3622240321811822,-0.3699196545677033,0.650518449434068,-0.0054211113204828,0.0953740916249845,-0.0105185212908077,-0.2307303420717373,-0.2061998970841276,-0.0571180998188444,-0.2728581539277392,0.2533942376695121,-0.0459468919130818,0.2431382345632807,-0.0672626381094622,0.2164195957542887,-0.2797444860673643,0.2011479591599846,-0.1172656972023343,2.823949883333331
Li,Li1-1.25KTi2(PO5)2,KLiTi2(PO5)2,K4Li5Ti8(PO5)8,mp-aaabsbru,-3.807009380381718,5.379429432505291,7.075898137507084,0.1867579663147588,1.2042673384079157,-0.557658079226901,2.964244632012062,0.0774103694200827,-0.5259808801525296,-3.5064196796004503,-2.8551414453238952,0.479594104893106,-1.08001997446659,0.4587759720324639,0.0795777439913021,0.739168587690922,-0.3508177523923489,1.7273137453544511,-1.5807453818281598,-1.0182043226913493,-1.05842981760632,-0.5118091601449498,0.7641378520247286,-1.877993024719052,-1.393500079080639,1.5299171923980113,0.1645489837988816,-0.037666290706101,-1.4797655264998388,-0.9141356769941806,0.0644243032132718,-0.8539615415405627,0.9556745986610704,-0.2595672988943944,2.1955738783589225,0.0717459266470686,1.1657403274639295,1.2641164614027849,-1.0746664265248227,-0.4507266378952406,0.2429337207904304,0.3753289507486037,-0.2529550002543629,0.4146935887208009,0.0770347621279398,-0.1115642066415027,0.0484367809381983,-0.1537581242973404,1.167759257148368,0.7124455401793776,0.0769425063844333,-0.6670619147661274,0.1329747832161335,0.5081550616231153,0.1827921755399455,0.9967089252347892,0.697049277015332,-0.4603197210119003,-0.3535736073319876,-0.5125215239847453,0.2277078100174835,-0.090092531651054,-0.2378748645023773,-0.7424390168165397,-0.287273386324118,-0.6044099184841509,0.0438510510230363,-0.3296994848983624,0.0785871169702,0.1169266879450715,0.5481186393855332,-1.1166653873952666,0.2767603404712714,-0.6045283900351077,-0.0928925477510769,-0.1340144344947937,0.1030278576857034,0.6689802369746903,0.1148385961423974,-0.3269147473540165,1.25361043333334
Li,Li0-4Mn5Cu(PO4)6,Mn5Cu(PO4)6,Li4Mn5Cu(PO4)6,mp-aaabsagg,-3.033802834846977,2.094509314738859,-0.8669049585484906,0.3049664651203206,-2.621021657735309,2.5627422734616934,-0.0341760827924652,-2.837535754303183,0.6949091920688015,-1.2619765458168422,3.4652440707515257,-2.425507642593122,1.1504175843346685,-0.2060506627235333,-1.8732250984496943,0.3822512755860267,0.5929928446780357,1.0584115254097497,-2.867387464871052,1.8269125968158504,1.747838635978769,0.5161980631635877,-1.7767405651662609,-1.2298461281701931,0.5306912165888349,-1.275192868924936,-0.5654949038253188,0.5024219349534497,-0.1538139110029353,-1.3556919692964018,0.952464448996616,0.1287365106551836,-0.0947011707562742,-1.0138650337764228,0.9804506217158974,0.0363281349669355,-0.6382240118624284,0.5521608877548095,-0.1779439319016162,-0.3363828783405015,0.0890963782918161,-0.1222206756934979,-0.0645826588606375,-0.5520020594554675,0.3317657286931404,0.6029561431302253,0.1096134765150484,-0.2168106888636483,-0.8269893055578318,0.4909537470421888,-1.1791220175340176,-0.0046140594774338,-0.3161052797270119,-1.2753778071589783,0.5517908778833237,-0.9380994599170406,0.929694864650672,-0.9724640421064532,-0.5173854385993588,-0.4015033307374933,-0.0052767763758083,-0.4338909926079888,-0.9218667430668231,-0.1646504083392933,0.3387042221665776,-0.0750975304924212,0.1025359982212357,-0.0921685957021439,-0.3297752960581608,-0.2831889087878956,0.4467520671663937,-0.1501971075582776,-0.3178922322240565,0.0582806503574364,0.0997245573782264,0.2924197822780273,-0.0476609215703707,0.1687399578382959,-0.2818107110053427,-0.360874826005481,3.737699760833327
Li,Li0-1.25CoBO3,CoBO3,Li5Co4(BO3)4,mp-aaabronc,2.973022070615372,4.033700659453283,-2.7118652008527224,-9.51462140508754,2.1045526981980656,0.7906156341127242,-4.211466434429996,11.87264630022782,16.190588852688656,-4.777895535413814,8.284630102075862,8.942053577758182,3.449787173971973,15.129098763403569,0.369413663370736,-8.373937756476957,-0.4002469638682308,2.486564653346533,1.030893053690801,1.4093669440687546,0.1184813924634493,-0.5451410349348941,0.6217700126163831,0.7733600218671836,0.4862967462421533,-0.5786926991302461,-0.3705466985485293,-0.5097752311604653,0.1505532681936836,-0.4230334317621452,-0.3351973840826948,-0.0223745877045997,0.6926857215150342,-0.6976918442613682,-0.9423024174205344,-0.5146141967045483,0.7003510118776348,-0.7387472734793046,-0.5052280827229558,-0.4555610090627319,0.1158417279567068,0.8406976825612127,0.1450404952755229,0.2999424194757199,1.177467897859391,-1.2554279936823645,0.1315251350404329,0.6025428623995241,-0.8636450242834396,-0.2741045788072555,0.1187351209228542,0.1052143607321947,-0.4378743403672697,-0.1100932004135635,0.1568132463280306,0.248777723710649,0.7893682347886526,-0.5273525618869307,0.1801592156094007,0.6506482717588798,-0.3510578395026255,0.149181637282891,-0.3899772797458951,0.0076825032171396,0.1993341039984299,0.0004588913024628,-0.2143877963192111,0.2339530800404211,-0.223682603266675,0.0229071514371602,0.8080262966245622,-0.009524726717425,-0.1703428597238569,-0.0988507381908288,-0.2670988543341519,-0.0656476478894174,0.012440311554585,-0.0719381367584699,0.2297709860265628,0.161115624741433,3.044208789333332
Li,Li0-1Rb3ErV2O8,Rb3ErV2O8,Rb3LiErV2O8,mp-aaacquyt,4.118711752950923,2.533186729460501,14.450756596228334,3.889882663625323,0.5089005233310192,-4.6741409565355285,4.319536482795714,1.7486389838936525,-0.2596543024379525,-2.405172440706313,-1.9684550399990344,2.67376312356992,2.89092747678245,-1.3822070537778606,0.4203533133447421,-0.5007093939617381,-1.0050644275745473,3.534855214212794,-1.8116611144326829,-2.061038024151923,2.0661009125350778,-1.5456466734705447,0.1195147061225509,-0.8158089694051166,1.3460970624908608,-0.714724703428727,-0.8899972711376521,-0.0252233902176909,0.2517430125428271,-1.7041403719594646,0.4756181678888627,6.696453589999605e-06,0.7656620759962459,-2.458089205573104,-0.1591676510744938,0.0720206388136843,1.8872625655651951,-0.6818150350560495,-0.6771311006484955,0.4885714337284274,1.3720877099243372,-0.2730092828626581,0.2276147188399517,-0.2821882700537519,0.8443342926878468,-0.7290642549376769,0.2845665088358358,-0.7525915754861279,0.5913350525057257,-0.3375574035390566,-0.9266226291406224,1.0303632160591378,0.2958659649458924,-0.7125112785701629,-0.8103179747245637,-0.846990265163753,-0.8000618788523998,0.4016810192159418,0.4968698194800474,-0.6306538681389531,-0.6143947636756734,-0.1616308093365902,0.63071156274633,0.1277209129863005,-0.3439810639526253,-0.075572809176366,-0.2571375032889019,-0.5093712443076923,0.1088594392195652,-0.0185274917316168,0.3448685440354728,-0.5582175224343744,-0.366960316367114,-0.1565896666889472,0.7062620343660008,-0.3668700066192046,-0.5005000889576068,0.3219649792973922,-0.5675237503515665,-0.2728740987141738,0.146743223333335
Li,Li0-1Ti3Zn2O8,Ti3Zn2O8,LiTi3Zn2O8,mp-aaaabrbk,-2.974881037955561,0.5278394096792662,0.4752656718407461,-0.2852497491048256,1.2433821632257471,-0.7211224458752994,-1.53176615057066,-1.0341322410419442,1.856831323939314,0.9564537442693856,-2.74660030983612,0.7035709596463781,0.8022164396110982,0.9703809893924196,0.6070144055139819,1.7068134890362456,-1.279871404942979,0.410266304675461,-1.3919361294364911,-0.6846722073613553,0.8705412371181673,-0.9052702617033772,-1.2744545981000446,-1.248292537735669,-0.068487239313395,-0.569345067823673,-2.4292244384956865,0.8693545682043807,-0.9727353658875804,-0.7889945436030318,-1.2325023248911957,0.2597370823785644,-0.271027415485168,2.071114744939955,0.1499948459505851,1.1361322301410055,1.4499386073772256,-0.1001148257101238,-0.6255703646621324,0.2759206660548863,-1.0976917714664085,-0.6622600757958722,-0.0067442117330931,0.1717541862933192,-0.1030669024171941,-0.7925516986052343,0.0029321512922694,0.6557609843049452,-0.7953184813618218,0.2338639631095446,0.6475784398561946,-0.2106593229728237,-0.4246213714712642,-0.0220011545789188,0.0791667756442724,-0.5753673163037163,0.2469152123883299,-0.4213950241673908,-0.087291905266632,0.0319230714045113,-0.4558412429500617,0.511434333014459,-0.2226061678797318,-0.2715070899816774,-0.5050944710974108,-0.1805014829266099,0.232036973065062,-0.2015601468756248,-0.524160964190665,0.1071980810372998,-0.0109229033192757,0.2494055781792321,0.5316412574587135,0.2647082128083479,0.0651803603713959,-0.1576104017326052,0.2004137770675258,0.1728166668414215,0.1911609329766847,-0.2912488409486852,1.658714718333333
Li,Li2-4MgNi3O8,Li2MgNi3O8,Li4MgNi3O8,mp-aaabrbsi,-1.8597912301612944,2.981007519026431,4.91098622983165,-3.4363348977331163,1.5547960734413702,1.6154338057600328,-2.423533172847149,-3.178647321067041,-0.4697350101728816,0.5297428597015972,-0.2279197969688384,1.7647124623505337,0.1056021839375345,0.2877827387128763,1.7573628541084318,0.5469396826888919,-0.7933968477007166,-2.4550602978491707,-0.2284209425300655,-1.4590511955056606,1.8763470308694847,-0.528598472442659,-1.261964847138635,-1.5615079697476224,-0.2114946284046996,-1.3764311744534838,0.1723035511977587,0.2274424059728519,-0.9943094867859746,-0.131502755387941,0.7526905109334768,-0.0967900202996658,-0.2157672965690823,-0.7416745959958875,-0.3661456158575152,-1.133814352481811,-0.0970925875868849,0.0066882521947358,-0.1099338029930276,0.2990012697943925,0.325504153971193,-0.2313887645253949,-0.4363152326917693,0.9630848277221848,-0.4535779409880729,0.0193443764080747,-0.676891347011013,0.6380124865710811,-0.3250274972505784,-0.2735642267848708,-0.0451952062837444,0.3919831955626147,0.022396748810353,-0.3286204176832558,-0.1242979869843126,-0.3888690106228308,-0.1818914306391277,-0.4260639351087982,0.2396446755932176,-0.4486530787862269,0.0672343691423702,0.2095449188666578,-0.4287051199519729,-0.0831045600221231,-0.3466889602033224,-0.1099160854328388,0.2944342048122272,0.1991463720603616,-0.2957589204408849,0.0028273041539488,-0.1188529326477116,0.020469576129818,-0.0101444452796075,-0.311769482264376,-0.0847089929557338,-0.2158332973038831,0.0060779866831968,0.1763081565953569,0.1006532156613473,0.0653773930124096,3.8209149283333352
Li,Li0-1FeH12(SO7)2,FeH12(SO7)2,LiFeH12(SO7)2,mp-aaabrvxo,-4.426418950528091,4.843254930326785,-3.092707235689977,-1.6733059912861334,-5.972552959979007,4.248093612422865,6.394054325531833,-1.328672382480225,0.5313242608972608,5.525415280388671,0.0535299436953042,7.100113250014585,-0.9220199762037196,-2.0342318438142124,3.527852241388448,-0.8568025114944521,3.2047501753757954,1.887932589718607,-0.0582766412247583,-0.2999459076898925,0.2680380874303332,0.5366829431277981,2.1419358686764336,-0.4875574129925385,-0.5461898251245584,-0.7301817188096389,-0.2933032299445902,0.4417783346419686,-0.350593376562745,0.6074646456902737,1.542769519987117,-0.3092377284356435,-1.1184039798176937,2.676790398379394,0.2556758575742234,-0.0568108634412825,-0.2139480849119169,-0.8042836203777926,-0.8828309358560222,1.1384577505386324,0.941263256589147,-0.7321016752773203,-2.0821067538753266,-0.6565193325660157,0.513253125887806,1.771036452763436,2.5808676415613645,0.874804628029694,0.6053544284364065,-0.6601724796476,0.2212171771689583,-1.9983967770394424,-0.9937259620838372,0.5122716747871191,-0.4766628271674421,-1.7308961497548372,-0.1550780465620145,1.209721048785871,1.5420475944004963,-1.4662170087972164,0.2244522137940449,0.0872622555505213,0.2575892696613757,0.4231111288700273,-0.36492048087515,-0.585359699902244,0.1741287492984378,-0.0671295500072623,-0.4008854153364038,1.371049039829964,-0.1865943128919595,0.0345324421153082,0.252370003284832,-0.0933783850667804,0.0424966969115763,-0.0893318561211249,-0.0004445678869531,-0.3820139332765691,0.6457493845749382,-0.6671783961526334,4.103281043333344
Ca,Ca0-1Pr(NiO3)2,Pr(NiO3)2,CaPr(NiO3)2,mp-aaadalbd,3.880957416356647,-1.1333131765470503,4.4320046645743485,3.899625372985027,0.9575817712651784,-0.0113054231702004,-0.4286898905388931,-0.6139409848408262,1.2703562832080342,-0.5702434923547453,-1.6906884570491163,2.0432331102072845,1.616601858069097,-0.0496844547182714,0.4437638406029603,0.4034179140825564,1.1266991345776094,-2.3726420050259724,1.4146422091360735,-1.6235146197309611,-1.0039030103810629,2.469133077204351,-0.1896354968100864,-0.6163758017621673,0.7992784495656587,0.7179998629933377,0.5125371025092237,0.6433937594043907,1.7471976952476294,0.3707003756443516,1.496282059781182,0.7100860450947426,-0.9375746148132038,1.1266930039990557,-1.7193158949066474,-0.6520033618907279,0.0203012156852852,-0.1688241925923538,0.1886475172668497,0.2208901707264221,0.4869038668870882,-0.5478007511747484,-0.0755168495950516,0.9520204698569308,-0.7105215036903559,-0.727032321060457,-0.7623876663806426,0.0474031799283046,-0.4638480048532755,0.3649716844885105,-0.9690833426418332,-0.0561673075333492,0.0126879181304332,0.3100776853919673,-0.6711739641469884,-0.1882670380317399,-0.7468629927712056,-0.179877747015453,0.0440687453707234,-0.1925863054166621,0.3166065845373749,0.1578413386052236,-0.261044117808708,0.2211661427136534,-0.2360665243531799,-0.4168185333172902,0.4047126165800092,0.1044248264516096,0.2207894807203448,-0.1817777798992738,-0.197872312648308,0.4719865530953467,0.1576679151543806,0.3110247550774313,-0.0582050904925709,-0.038400712919802,0.0105341909542447,0.2040787219764947,0.0097094315763055,0.1587250975390361,4.659730877500006
Y,Y0-1Cs2AgF6,Cs2AgF6,Cs2YAgF6,mp-aaacqqvq,2.1314148542145204,1.3606666051591425,16.282418149501705,11.61216238498638,5.310311614404051,-5.082278646611441,8.284174351784344,-5.269377428124422,4.942876174707026,-3.322040834936112,2.819812858488728,4.08815551305051,-2.5542271583302187,-2.5495331120547213,-1.830880269236548,-0.7777357597504871,-3.5528504087573207,3.3998647146930385,0.1124314688328174,-1.3529055306604856,1.7032823735197018,-2.858065085740483,0.1781128193284829,0.7452774097412969,-0.4152233208606552,0.4718783326599125,-0.9551948647233643,1.2980982411322373,-1.2817556968448491,-0.4421121004026959,-0.6322931165092587,0.2981649642012858,0.7112292188242588,0.4213414545603315,-2.527745395202819,1.034268924436107,-1.740562242523072,0.1822211093522446,0.2551285685464241,0.8117692661782908,-0.1919838883460266,0.5225655994641577,-0.5258612779642066,-0.680482377057257,0.6372175748221955,1.834105906699964,-0.3972433321502734,0.2725273751213906,0.4305585822464201,-1.3123955011497266,-0.2841160786157751,-0.1271896787162307,1.1282077741290522,-1.106033359262202,-0.4468641831356714,-0.9308987461099724,0.2886238416970675,-0.5405951061429756,-1.779400372240212,-0.4538340589725901,-0.1268263875864705,0.3606409727216806,-1.4845025860757028,-0.3289930213796937,-0.6924380432174825,-0.5049749253787231,0.7163242215327085,1.9547562709070327,-0.7534650705070614,-0.8149894231784182,0.5209101096474497,0.8359900043478952,-0.6086492027500907,1.5200441302553072,-0.143942040913159,0.5129101225466128,1.0672696258045262,0.0489694247483514,0.0106267342535393,-0.4509648548424173,4.385706442222222
Mg,Mg0-0.5NbAlO4,NbAlO4,MgNb2Al2O8,mp-aaaabpid,2.0608361452010304,-1.6249924160082552,-0.3184056284199131,1.5972418564721778,3.285492664747021,3.637691872227461,-1.5122224506401325,0.0951547623412492,2.3113695775933385,0.9693595275811696,-3.267853740043704,-0.4226917340529725,-2.0009398448467444,0.629350571672489,-1.4804898910963225,-0.5630872260536638,-0.1028026383918854,-0.1555179572780183,-2.138528488252875,0.4995120615802056,0.5166745417532556,-0.3901395602027144,1.2958467562008271,0.3565140138013065,0.6861526568796583,-1.4385462260073243,-0.2465235228960853,0.5567004652258742,0.1534959501911605,-0.8111191011424672,-0.5277221983262634,0.459910063030025,0.3418468616977623,0.0723470048614061,0.0233245648716573,0.6054926754054448,-0.0367302823222015,-1.2342061768484471,-0.1579944798752201,-1.213689303089036,0.2897165424057323,0.4573107159749279,0.3440691137102796,-0.9403710221728032,0.509993266457725,-0.6772629821331966,0.5981225899403076,0.1192581010124323,-0.1010746810547952,0.3226647794273831,-0.7057367932558398,-0.4702963578810732,0.7008752209893903,0.2995681615340156,0.2239530688169237,0.1665070173855759,0.1998482723170218,0.3238555310121307,0.0475663961063064,0.805041007707481,0.0133910745618679,0.1871847077451026,-0.0144759365368566,0.1058191017561074,-0.1527929383168385,0.1932666277098591,-0.0857266879422724,0.1093590222621807,-0.1279902187609795,0.4328348327639634,-0.0536111065873992,0.0376375929251576,-0.0165389601112578,0.526435635030694,-0.206607174359689,0.1756588435447865,-0.0283759433090512,-0.105474015737739,-0.0885282121890851,-0.1044482212934886,0.004713265000004
Al,Al0-0.67MnSiO4,MnSiO4,Mn3Al2(SiO4)3,mp-aaactcje,-3.042593245287637,-1.952919517045356,-4.761354860377619,2.22859050418097,3.275095433666909,4.915876877075379,0.151035000729649,1.89441145348143,-2.454482587298917,-1.9888326525741251,0.3475670943139844,-3.45668380548827,-0.0310551511886551,0.1299765106624294,-0.7358385729564825,-0.3774941909854764,-0.7865482586247098,3.1876594681262898,0.0104251811664455,0.5145579179413582,2.2280777305660626,-1.7732700497539964,-1.1866782347304048,-0.2158707856308488,-0.3246968244656603,0.482011644087587,-2.204442075728497,-0.3526656425321712,-0.7783096289483925,0.4364587543841074,-1.715555568246356,-0.1528250240870019,0.3574985943607187,2.019677617905701,-1.3890909523431194,-1.1726681546201885,-2.100546880627778,-0.24278110956895,1.1230396299948242,-1.0153310335312964,1.0087654812025244,-1.2971646387081115,0.4098016108736926,0.0987281766138063,-0.6015449466721089,-1.149750061780421,-1.461347249619004,1.0527727207151123,0.6491777418290542,-0.4872606474623155,-0.2067114929182524,-0.6670654104329091,-0.5875846099568045,0.1785254022384342,1.181443960453657,0.391706698969904,0.114471104061155,-0.1275577860786546,0.5581681004337248,-1.4670031764642852,0.5334212439769438,0.1909310845319209,0.0935829301194417,-0.0131485055005626,-0.3548839588355566,-0.2901956718803136,0.4541738740390064,-0.0962417800180962,0.5644726036266641,0.1711809779781677,0.0069879933784684,-0.1685786800723378,-0.0982601279809513,0.1681900338618188,-0.5441091939890857,-0.2350893073815917,0.6316671882422564,0.1662171249034901,0.0721262856851667,-0.0952316056403773,3.71791555458333
Li,Li2-3.5CoO3,Li2CoO3,Li7(CoO3)2,mp-aaabsago,-3.594250187114809,3.8567285896457286,6.331385772158756,-5.141883738819592,2.2418825723244065,0.4466019425796979,-3.456721897905899,-2.437769394462746,-1.87538798295866,1.7712478214638747,0.3002596327800367,2.2880919736521665,0.85078156093189,-0.8683854163794439,2.684556091847089,-0.6459923650512266,-0.8891014842037471,-2.8520311259847686,1.2633904220798813,1.2563325039487414,1.657701937074651,-1.0800341708681265,0.3506956397013229,0.6519368544139372,0.2134966289350528,1.1454632868648795,1.988597822819724,-0.6402135593782616,-0.6143357251932385,-0.7661685806997671,-0.7733949268856692,-0.1909244355559743,0.2429130937637971,0.1340892309130746,-0.3539162024928101,-0.3363848213365613,0.1701497993133255,0.7328315860975309,-0.2714435604015729,0.2819237608828081,0.3933512078123516,-0.7553099020585995,0.5696194513591956,-0.1655616566599606,0.2147069671094169,-0.3133457731517149,0.3611032125473764,-0.3183217930416698,0.1187470316486876,0.3843225421424604,0.7324446534734795,0.0438632821390017,-0.0279561595474103,-0.2838219542336356,-0.0835412417152497,-0.0011374260780716,0.373254584127176,-0.2065810072431259,-0.0464442057432558,-0.2299266482175021,0.151517498344692,-0.0503077108709417,0.1363818316113681,0.0538970386907338,-0.1097696603373853,-0.0027973403542008,0.093462176947247,0.148533753602546,0.2468629898514183,0.0343965671248223,0.1588713979295971,-0.1002034362898763,0.152125999416726,-0.1722502541676153,-0.0034303982848637,0.0149024991730086,0.2343517693597539,-0.0415413512315918,-0.0899981657878122,-0.0041288897332374,2.307199141666662
Ca,Ca0-0.5WO3,WO3,Ca(WO3)2,mp-aaagkqat,20.617582191666813,-3.0965395114212857,-6.332246866380627,-0.3823631928389761,-1.723659941741173,-6.051856978343535,-0.7285861727647652,-1.9636516814635203,3.3383107913412524,1.9132652830178367,0.0465146351056387,-0.9296237864992258,1.5705047204026017,-1.144689464846544,2.674733923590112,0.6582767963373504,0.5734463053040608,0.1360990159338147,2.541693845847063,2.25131668950341,-2.627886166291211,0.1152580363058455,0.9405837457032524,-2.1431466206911427,-1.3155128063724568,1.0113756194050398,-1.264297450941767,1.2561392965075326,2.190786643180028,-0.387397247832648,0.7285987455725585,-0.3192483827895567,0.4769492001211566,-1.0665605119774626,-0.7321026260411242,0.5370470986455383,1.43891295361196,1.9010508505251595,0.9066894489313032,-0.0671379643246285,0.6476381305019234,-0.0603991210694689,-0.949251664859763,-0.171476225690407,-0.8312816596648109,0.4614453268947422,0.2912632078462184,-0.1235639743503342,1.0416183142569369,-0.2372470632623181,-0.0906885521455233,0.0910389683940513,0.0886599631931087,-0.5532656349380239,-0.4406653762315884,-0.2677940472299002,-0.1236769644570443,0.1633401920072542,-0.2935344377609747,7.244480681581343e-05,0.1461361441580315,-0.1553923149858924,0.1954394293243186,0.2643122982398865,-0.5041740533407232,-0.3333948925964998,0.0537319608931272,-0.2929936274007542,0.1393237783937913,0.0594462812240038,-0.1320603671842367,0.0404079445540899,-0.0645262612073994,0.10923133971413,-0.030536572065625,0.0708201587198101,0.0242609668599583,0.1220465095164026,0.0912822494980447,0.0273185674446603,2.223335076250005
Li,Li0-2CoNi(PO4)2,CoNi(PO4)2,Li2CoNi(PO4)2,mp-aaabroee,-2.6692713905111103,1.8377271385139744,-3.137172556269363,-0.8180607648165102,-3.9609796275646776,0.1093218166843105,-1.3287154309325175,-1.821286946472597,1.1543125993326568,-1.9276240157624585,0.273517191284565,1.1270807784802572,1.0347609145426524,-0.7672292144886673,0.5460816204002299,-1.0806752151629213,-1.3037276432448486,-0.6790534012916165,0.2829078084074136,-1.110727446688026,0.0955738914587986,0.2173781579662815,1.0167016999953598,0.8846325584797876,0.7068855638624252,-0.7930501561595161,-0.0793415465663253,0.2256131527604003,-0.253411801138071,-0.0867623874642456,-0.3967590820243936,-0.0419450869887869,0.3516222441633783,-0.1880350636397366,-0.3532808773717145,-0.1289506835259056,0.6771745955811977,-0.6121629536279154,-0.1471970036035023,0.135865793378703,-0.399504721885706,0.1604007651753477,-0.1463884371458053,-0.0607329608069067,0.2591139011424891,0.0630325463880415,-0.0448996955490448,-0.1595916220514392,-0.5335619761278589,0.1918828737758464,-0.1295494166773251,0.1014618735835796,0.1107314130134595,-0.1911677077223211,0.2109866740913164,0.1329791201301181,-0.0818862999700495,0.0213830907330425,0.1471028756203965,-0.1148488712749775,0.1404541732943459,0.2282344748994516,-0.2727827792504825,-0.0021023323245574,0.1020056233062458,-0.0672970580568126,-0.0174476046986391,-0.2967872282710488,-0.0267124211355607,0.0211957672059807,0.1373472499756056,-0.0190471359126723,-0.042239056526322,0.0543873981157155,-0.0417953627582415,0.1067883163797497,-0.0951353380943198,-0.0438697177194992,0.2172562023066713,0.1283872312639833,5.135521593333334
Li,Li0-0.25AgRuO3,AgRuO3,LiAg4(RuO3)4,mp-aaabseeq,12.602862065035511,-0.9887738683162332,0.8303335610969312,-2.814929676663347,-0.3662369972654296,1.6644949358292087,-0.5128376212250058,-6.252351655719241,-1.4917607334659946,0.3292222037084013,6.677750450307386,-3.717983939497928,1.4972821237325722,2.702139693202967,-1.835145959937915,3.425483684005813,2.259148661976868,1.4901725810062816,-4.001872525481309,-1.6148467928201815,0.6456091495736093,0.8300829321881918,-1.4212376434467036,0.2938401328138097,-2.4462978227616903,1.6620993215319029,-2.876805143241063,-2.687791140981724,-0.5761602596631179,0.589413722357437,0.2882265982146544,-0.0728211929664727,-2.0128721153917883,2.270016374892697,1.804383452908052,0.5451138319408713,0.3995775905531559,0.5351720449947432,0.2872604712104411,-0.2522187549372833,-1.9051813823212864,-0.6142354327622797,0.3873706151850317,-0.5129213525473544,-0.9238385297966216,-1.064458889514082,0.3217105191640541,0.111764994412015,0.6488096081616221,0.3262725090768166,0.3951715495312245,-1.3839433973573496,0.869808441157204,0.2446454231540262,0.4218921823672381,-0.2930957598233558,0.6388963754059639,0.0221990913601526,-0.3632570678451478,0.2922467235941527,-0.3730501306487127,0.2930764897355516,0.1605681755544454,0.1100760985225334,-0.2566980829370962,0.1225974000112584,-0.2441672741109853,0.5673160482476811,-0.1265335335844761,-0.2162611040029617,-0.0929988284438096,0.1449465015613132,-0.2026587865062092,-0.0945072504662621,-0.0125602439133597,-0.1441422889440439,0.2391916986433266,-0.1114827221404854,-0.0468418287135731,-0.2114071734531558,2.55489157333334
Mg,Mg0-0.5CoO2,CoO2,Mg(CoO2)2,mp-aaabrbbs,-0.2006480856956965,-3.034559036253404,-5.839974771555937,1.7166752847777833,3.5056320542145696,0.1156657331226163,0.5231063194408606,-0.8903758551122893,0.5120258976314064,-0.2843148917229957,0.8306269317803157,0.5517906515123365,0.5711085073498494,-0.1317967442009037,1.870742717282451,-0.1695230377811657,-0.5145718737246122,-1.2663536049772972,-0.5516237259629182,-1.3599338390425246,1.354706869863623,-1.2100725770350378,-0.5145945803512528,-1.7113073636586045,-0.9507202013797134,-1.7035289488181955,0.4368697741457731,0.2755195228153413,0.8076985835348369,-0.6697421130790238,0.5889870462936245,0.0468302306933862,-0.0421511787195547,-0.8582212415906181,-0.6095885621068062,-0.4471970421531786,0.5021093384015982,-0.0352151200361393,-0.4134593629015473,0.395891007780182,0.5256378538950828,0.6827484563573283,0.4837299909720282,0.3328275402804554,0.458648619641593,-0.0421883200812936,-0.3586886607530073,0.3884757885941953,0.3461462712442996,-0.0070205079432196,-0.0787225708583259,0.3289516212147576,-0.0541195822204488,-0.0461617895271839,-0.1794449113250088,0.1453729761721116,0.0494406478920111,0.0830058278364445,0.0926723970454478,0.2612028343483702,0.2555539410766234,-0.0283346969590562,-0.0801924474001007,0.1099477387093188,-0.1040485152854123,-0.148466824884122,0.1223113184000719,-0.2237086644930093,-0.1130836471572594,-0.2201411700270895,-0.0123155211217822,-0.123048234499703,-0.1408435609906575,-0.2134949159385214,-0.1034959482289693,-0.0990346503465158,0.0003377320546455,-0.0406269399391413,-0.0112054817943686,0.0513960819606456,3.176971667499999
Li,Li0-3Fe3(PO4)4,Fe3(PO4)4,Li3Fe3(PO4)4,mp-aaaabvbu,-3.642837344139209,2.3173548805096265,-3.7835451959680775,-0.2671128746055407,-4.488054703127484,-0.2197456934244384,-0.6004886633778563,-1.2531387069357605,0.0523770270953411,-2.044003100266171,0.6081550604775172,0.5601150013542472,0.3563100290888493,-0.8258341875859748,0.7126081661292205,-1.5460953407563989,-1.0186092101880062,-0.540134346754083,0.0385113805866705,-1.187097511520627,-0.2544561146858629,0.0663812166183916,1.0453909673694433,0.6015221345709235,0.225515694248765,-0.8084107787176507,-0.1595546354222385,-0.907996898185832,-0.1449906412676558,0.3935006469437986,0.3098088251505514,0.2209251101016499,-0.3253726027450121,0.0676007256016629,-0.0965857737451072,0.4476873632086307,0.0254579818948429,-0.3661854232779439,-0.06937774077913,-0.4253468229966737,-0.118934495088959,0.1105322995318658,-0.4637685941329619,-0.4094652317384966,-0.7332416664034312,0.1267424794994099,0.1307817553072192,0.0993453318174108,-0.2606270706507188,-0.1812902057179851,-0.2535875713501441,-0.2357029019263822,0.2669549940833642,-0.08133226898094,0.1633294594826942,-0.0404803817648262,-0.1534535942371829,0.3518810474490481,0.0698165557223884,-0.0914430139298711,0.2683179526827156,-0.1228885085318444,-0.0205036782654436,-0.0005512032923151,-0.0079254276930149,0.0857080516677363,-0.0215526838567924,-0.094246807975669,-0.0010961571390389,0.0594489734505781,-0.0816503532168039,-0.1626971682133037,-0.1105337905446577,-0.0381804594667842,-0.1764630275122057,-0.0204111382367887,-0.0274643663196798,-0.0022083217352065,0.0582106118447245,0.0991861062080378,4.882095496666669
Mg,Mg0-1Te(WO4)3,Te(WO4)3,MgTe(WO4)3,mp-aaabraxc,20.75767126502461,-2.233165451005372,-2.205058985189116,-1.5490792823140005,-2.9217369639205515,2.020980859611133,-1.7631940080316824,0.4801957324434587,-2.8761205237161924,-0.2165479566756748,1.2518669209060669,0.4675265845144251,-3.353343502910653,0.6269929773597911,-1.0141142049194367,1.2392350187788292,1.856938286567201,-2.83948255686237,-3.0583746534510685,-2.244827083607796,0.4886513336376756,-1.0399094539474116,0.6795290278767491,-0.1496147220354264,-0.5065245649983771,2.721043350785292,-1.3819230311287831,1.74833482633939,-0.0100417612661261,-0.0003328788426865,-0.1262331013987677,-0.5711769408610459,0.6359043384392982,-0.715194169241816,0.082235875642758,0.254584594305363,-0.8253427841663861,0.5496939358773006,-0.2196084378550411,0.4450092662432216,-0.6854234824853281,0.9081606037965028,-0.4690430499645107,0.4587409374604371,0.432400948642674,0.2347384439578278,0.138726423722467,-0.0673788303867384,-0.2622721074788078,0.3584091476196095,-0.203749835822694,-0.4821113582915119,0.796515246823748,-0.2010060114886522,-0.2121910008387263,-0.5090723697137214,-0.0456329628105337,1.0028716558130784,0.0612628974548547,-0.2345270009826655,0.636329449712725,0.4824844654349523,0.5118315873454828,0.3506252734115176,-0.3681249140835074,-0.1922142682375331,-0.5052164959547688,-0.3203596178431592,0.5178029766542589,-0.4377235807320307,0.0867472190555317,-0.1428140817694555,0.0195498637969717,-0.2976705751585968,-0.7741488192052995,-0.2968748318104171,0.0712779966450306,-0.1684107406859019,0.191179813479109,0.4843552276566599,1.999966574999992
Ca,Ca0-0.5FeO2,FeO2,Ca(FeO2)2,mp-aaadecxv,-0.8586573145429753,-1.3591895489686083,-3.456101382500316,1.4180377599761724,1.7033946786291922,-2.8380657977214985,2.28901559138359,-1.93431124041098,1.4923020393327184,-0.9997706770162992,1.4072034930717938,-1.1620071988979286,1.5462955683289956,0.2282090771123392,2.413113420295814,-0.508814459714461,0.9854183454016656,-1.8146946482038548,0.8890779482763246,-1.202160604960811,1.212649236420867,0.7400745006243565,-0.4109325902034138,-1.5971009476023823,-1.2932210695660185,-1.175984468767186,-0.5816320321969575,-1.0407950438774842,0.9041299508831164,-0.6865449705373702,0.8118742174058555,0.1256779136796546,-0.2405392328882938,-1.9791198233257632,-0.7751408512255012,0.5660488231678069,-0.8981759486568099,0.2552457420681328,0.36026777995406,-0.9636262695981316,0.4260773567115908,-1.2549418146707647,-0.4516541090052173,0.2369090465101362,-0.3003921669668393,0.5473846557298032,-0.0640555082313055,0.0201670497384786,-0.0226801103931996,-0.1069652668639218,0.0054109453833503,-0.1400327581863601,0.0521090617640866,0.0057256060207329,-0.1489208252458004,-0.0815053216201325,0.1167580579843485,0.3468815575164878,0.2238268682495214,0.1822182414083974,0.3231999150291199,0.0577106887845094,0.1595197540634987,0.3401996132995968,0.1521848852116825,0.2326145522606945,-0.0872804834458707,0.1997235828768093,0.1188088321287635,0.0355329907342568,-0.3456265054331496,-0.1153515459663646,-0.1826323440436469,-0.1826248073841379,-0.0255682153689926,-0.2388851954021094,-0.2055141943876419,0.1522279012553103,-0.1392045454724065,0.0330458038073291,4.032210675000001
Li,Li0-8Mn7Fe(PO4)12,Mn7Fe(PO4)12,Li8Mn7Fe(PO4)12,mp-aaabsgxx,-4.208245151418048,3.426517937803951,-3.207071428451485,-0.6084302560112453,-4.477455092665871,-0.2344606714645271,-0.2505578078311833,0.3393071196659231,-1.497352557883853,-1.9971201879005336,1.5264707707005691,-0.5101144520074339,0.0014780143792659,-0.3283608913280667,-0.0752576833663314,-0.4031173849071566,0.0426099532964133,0.2897420780705195,-0.7978208730481933,0.06708910953132,-0.1257377196887817,-0.0298651612107213,0.1685444998392362,-0.8729966298897908,1.0807005662964737,1.151577220778213,-0.29393240416153,0.6866363560397688,1.3495492297133715,0.1502345111214966,0.7443646965136848,0.4295965289468187,-0.1917363614421032,-0.201908194588248,-0.3478754723102687,1.2204250548685065,0.2313310782984947,-0.3748362105340724,-0.3235689451339904,-0.684375316172025,0.2133727139234619,-0.1344397639267941,-0.0706407378134078,-0.7549652105477581,-0.91701240125997,0.1992679559730054,0.0814011713424418,0.3805706176920645,-0.0591986431684853,-0.4089976943238975,-0.1478145473578396,-0.3023345735906395,0.3218314043218722,-0.0651698643416133,0.4937846320146402,0.1384594902186781,-0.008645712029086,-0.2055145701708323,-0.0606490774015771,0.2271597286984708,0.178529508103733,-0.3946850660186216,-0.101223000403705,-0.1937107636815857,-0.210882654440147,-0.0721635947675608,0.3723229334063214,0.0757842794451809,-0.0371862078303123,0.2777795019716836,-0.0047736129511051,-0.0111253830380465,0.2434814639412306,0.4260627848999376,-0.0366204992680656,0.2169537954722625,0.0554298883090203,-0.0501731717874886,0.0765324807525939,-0.0325603149192448,4.86968519458333
Mg,Mg0-0.5NiS2,NiS2,Mg(NiS2)2,mp-aaabwiax,-3.924957173272068,-12.165387699445764,-3.289963042417381,-6.606561493774209,-3.696995000014403,4.941930122132787,8.495943075736628,0.3485276632924561,0.2248996766460449,4.447078660843408,1.08163285591852,1.91090439932122,-0.1021217374480627,-0.6116226253350698,0.42418990041855,-1.1160169675100378,-0.5826650594327921,-1.611077800386325,0.4105419753809883,-1.4593433826684794,-0.0877967764671155,-0.7832607271333598,-0.4589772078244348,0.1238291353169398,0.2289912498053925,-0.609170476293212,1.2592135933774795,-0.3263214801107457,0.1254923222935814,0.9201827629302848,2.243781507315578,-1.1502859282667466,4.362049990215764,1.6637619225018234,-0.2871121680338732,1.4930772958108272,0.842058383511972,-1.0639521027572492,0.7021222334411399,-0.5591067666953077,-0.3949102515468077,-0.0868372235325224,0.1460134134799386,0.277838444267706,0.0596506553573234,-0.2175069122676771,-0.9111910893142692,-0.1873814830351061,-0.3385762447519777,-0.5630710924424999,-0.1685131363247911,0.3110918546297245,-0.1427348404698253,0.002456418957912,-0.4391506498636269,0.2271248169365785,0.1719663908245434,0.1774388864674282,-0.5759618278920099,0.6216611887661455,0.4435331691330831,-0.3050071939927782,-0.2650412255084891,0.0067896466348856,-0.2054268057971458,-0.383021354838116,-0.2867817523807713,-0.0935438165292186,-0.1067931461953133,0.2311963854721387,0.2537164008225803,-0.0788062372420514,-0.3106459398220821,-0.5125805182764185,0.938181214092458,-0.2215602942569304,0.2870137689028162,-0.219107469500728,0.1800704508854412,0.1527771961897475,0.657654064999998
Li,Li6-13Mn17O40,Li6Mn17O40,Li13Mn17O40,mp-aaabrenr,-5.638064537885623,4.635662775418208,3.1791699617305373,-1.0021787245922542,0.1187292408764944,0.3061498996601735,-0.9228227972827552,1.7353731532317196,-2.8498206081535806,1.4799691065586762,2.1222698772923456,-2.319961712827008,1.204059503559871,-0.7457726517251545,0.8198123660499843,-1.817813327423732,0.591824211679049,-0.7448004769677959,-0.7492212793602869,1.666210825703053,-0.6616225803498549,0.9604816067312696,-0.2781489151018973,1.215158332852144,-0.2950331217528467,-1.0249092022993662,-1.0250887997709932,1.566264808941418,-0.918691821827214,-0.8196604370981043,-1.307407162036458,-0.4111121669285321,0.7689830809416697,-0.0533811150304697,0.1351372406568802,-0.0295982219907758,0.2765166124015952,0.5943732213118484,0.3179279520896084,0.5792522718345491,0.4798434495375732,1.1053340010271973,-1.0801896714889283,-0.1028856973816506,0.1448421688993984,0.0806614367663523,-0.5949530015623369,0.1922645869239985,-0.674920209470111,0.2101761092012769,-0.4046312504024253,0.0928391604684875,0.1422752628874193,-0.0602858310346882,-0.1455077629660866,-0.4677685310927363,-0.0983941362990582,-0.3128466983876045,0.0841486183169522,0.3184253215468368,0.207332036490548,0.2353648659136934,-0.1130297130447623,0.0717307860405273,0.4687341247460783,0.1181698944610015,-0.308145351061894,-0.2622171325116254,-0.3827579152807225,0.0243477493501456,-0.044082594056869,-0.0791717558154996,-0.0733751249575322,-0.056508874056657,-0.0369233554460756,0.0229727886533329,-0.2531326306593721,-0.1455565343776029,-0.2141217401584322,-0.0836577259469998,4.73399644047618
Li,Li0-1.5VF4,VF4,Li3V2F8,mp-aaabxdfs,-3.594558533797597,5.764884462069908,-4.723950747751704,-0.3174612524295161,1.7313344292937562,-5.686905804829914,-2.295706111485448,-0.9060274520383907,1.1264944031360486,4.35446605224246,-0.2400029228667221,2.698148872695251,-1.6259519708032537,0.5294438806795868,-2.733223365449412,1.173490421936122,-0.3307488849583335,0.5467835165478454,0.2222221803668351,-0.4933380538156418,1.3970454604096176,1.223401800356483,1.5122678397442324,1.1025400399023708,0.5953319896650469,-1.10759481887918,0.2717808072027534,-0.3496311707711461,-0.0885623169055939,-0.1498955797951064,-0.1888093487011671,0.1038532165912284,0.0033258167931792,0.0639735173019365,-0.24552856294018,0.2263821663170764,-0.2971279209076853,0.0192021090078604,0.0038704038780252,-0.5149141422828375,0.0882421357087876,0.1488930736393185,-0.1134139654223491,0.4600047233543161,-0.361322439098322,0.1420238839231495,-0.348058498227409,0.4871034812015595,0.2604386571236504,-0.4405997479272101,0.0316549972437831,-0.280555199717004,-0.2379716687858679,-0.0466615712212305,-0.1378963796318898,0.3918698559296396,0.1508000144261111,0.0556877522726112,0.04255944959176,0.472440823826621,-0.0424043199531464,-0.2114793750027861,0.109678612299018,0.3206026333646332,0.3084164058795064,0.2157574005268048,0.0460631931303261,-0.1913782030103525,0.2414927788725091,-0.0620135059959523,0.2716145956431076,-0.2721261528166113,-0.0028691198526392,-0.0121091835445238,0.1013495861429528,-0.0297314148368998,0.0191484065742282,0.2391636469228209,-0.052695421862197,0.0610014601838167,3.52792048
Mg,Mg0-1Mn3SnO8,Mn3SnO8,MgMn3SnO8,mp-aaabwjbj,-1.803970940535547,-1.3167497955027632,-1.3255381248956544,4.798216904863812,0.0265311169162777,1.947789195632161,0.2697309011164936,3.882080394106218,-2.608870319569029,0.4475968210784453,1.5368372831639137,-3.159641670651708,0.5409040243413391,0.3910645419879733,0.4325675010610749,-0.4337138358796129,1.3578545897790804,0.889867997528775,-1.0922132007002454,0.2096431883410932,1.35813430072204,-0.8021908250902766,-2.333073821752934,-0.4283974730079308,-1.2517281508820537,-1.5734598670673494,0.6481276978185839,0.5762118895897167,0.9569666271188656,-1.225418299187698,-0.3110182288021629,-0.0906908825762628,0.1586295966512849,-0.8560238255510055,-0.8983613135480973,-1.013263804022708,0.159971807608203,0.3178604725365041,-0.3159740742150779,1.0265566678887923,0.2307231225891676,0.101749757239593,0.4772353612350941,-0.0196173148525049,-0.0015616801690088,0.5907090473605414,0.2555697950071975,-1.5121767475204837,-0.5734754615236295,0.0343016428087139,-0.5227704303016989,-0.3395927010325366,-0.0866923202026126,0.051806336103852,-0.3714967467218479,-0.1776358492119005,-0.6254362973256776,0.7725945111445178,-0.3773871651385905,-0.3481684520674555,1.0145682537700935,0.4108656451969275,0.3913682270959344,0.6767664848103917,0.1047118659636811,0.2969884311762892,0.6782640410370686,-0.3361092486967387,-0.1594815290902576,-0.7530651725878702,0.1499479213427172,-0.0797367070157262,-0.2369729189232746,-0.1759011814278266,-0.2037588996691189,0.1220862495863168,0.3460091855509816,-0.0209742345200125,0.1708943259853238,-0.0283294321357328,2.752556055000004
Li,Li0-5V6O5F19,V6O5F19,Li5V6O5F19,mp-aaabrhnv,-3.149189934500798,5.949265769703941,-4.699230557672502,0.271636286987611,1.4205525705576645,-4.728881546365735,-1.460576852624009,-0.2084352923742436,1.0244522148441424,3.2857485584566475,-0.5322527085899784,1.7104265502930285,-0.9731235130944392,0.1084286811584031,-3.100456369499876,0.6635917399645759,-0.376783908990157,0.9441658687673704,0.3010186733596696,-0.964196862377189,-0.1227259525707809,0.3669749628759597,0.1047146515233749,-0.5173067899773526,1.084571886555972,1.325712668189897,-0.7164237188278364,0.2653195723157081,0.8984202406451947,0.1042354471123801,0.4305210819437422,-0.059101521348028,0.1744241710441316,-0.1778135731157229,-0.3559749666919545,-0.2803748154338796,0.0828074426217615,0.0689567605940143,-0.1223445316974171,0.0219586444115399,0.2354605044726176,0.1210194016624954,0.1651582912039303,0.664455817963372,-0.2185171499452079,0.3068504943578785,-0.1995228515207825,0.157028522318054,0.4429559127054266,-0.1907819600970027,0.0274656972923304,-0.1385175053259959,-0.0236908201915398,-0.1003707495310155,-0.3475915586191404,0.264364107004189,0.213150426331809,0.4234158892174505,0.1025869913686245,0.2785319589392319,0.1459735924215475,0.0436231682071927,-0.0676281810674231,0.0323089853915273,0.2010746772392191,0.0783600493264116,0.0070217036023494,0.0125828963507997,-0.0255633552591137,-0.0385273822699797,0.2287523713125702,-0.1805589438044045,-0.0141946368503848,-0.178283259402585,-0.1051843390952993,-0.0328470893353019,0.1123581741732468,0.0696397608061165,-0.0375370406027876,-0.0040424260006969,4.240871992333335
Li,Li0-0.5Sr2MnGaO5,Sr2MnGaO5,Sr4LiMn2(GaO5)2,mp-aaacuzsr,-3.8406552714166953,4.237453855378515,9.84862217197811,1.216621531592336,0.3439261829296545,-2.123972651668095,-0.2132874372190161,1.438914711360488,-1.6818771819125222,1.2476136002070377,1.9163953301364527,-3.694716076544737,0.7288847051976682,0.4579318587231269,5.842543767929266,-0.1153671675195347,-4.072970208554829,4.670147813057572,0.5683868082238028,1.4967022934815928,-2.9825654319943027,2.9810043421162167,0.0062526144772633,-3.746236630832535,-0.27441954059383,-0.1076697415616865,0.7171943966083403,0.874294791962965,-0.6243344080361352,-0.9907869682964509,-1.3078535990950586,0.0877751339321372,1.397589504926109,0.1134682183995942,0.8849716506275425,0.9492090241429152,1.7131844169235964,-2.7927052288670926,-2.0061767563757664,0.0856642754816789,0.603479832878716,-0.7089168230618152,0.9445076238924224,0.788320726742428,1.4063171392695233,-1.613481030738541,-0.0044512425793457,0.8679278767012457,1.6043366600757445,-0.7516247135434361,-1.2403177592468926,0.281101670361369,0.5058056411517879,-0.0953295505407344,0.8519723598902603,-0.1518270547725549,0.4875671476432737,1.2990332225928716,-0.274467455506333,-0.2809870710168874,-1.4310872228867229,-0.1951578535621903,-0.6920462749666821,-0.734789588662402,0.256897940890024,0.1556302471667712,-0.944926165153511,0.0465388510251881,-0.3538700027001102,-0.046782581214292,-0.5203822369953971,-0.3781822778803121,-0.0314436989799115,-0.4222188996875272,0.2658959393106553,-0.4062513616337841,-0.3957321065604226,-0.2952553085251191,-0.56041305220516,-0.3071618061270597,1.852379643333312
Li,Li0-1V2(OF)3,V2(OF)3,LiV2(OF)3,mp-aaabrmdh,-2.6297601639535086,5.264023925862608,-4.450663241558958,0.0747148400949115,1.803516020739936,-4.673749748786803,-0.8943959938052113,0.2324080413970747,0.9498759273365984,3.147206972602542,-0.9417271430991973,1.0497115689034089,-0.2406786545184184,0.159066306046006,-2.4959690310210925,0.2932466180395422,-0.5031198281161808,0.6743873335363012,-0.3717165207037139,-1.0760011936152345,-0.8668639849800849,0.0006897339441884,-0.1507943958487081,-0.4137940643229862,1.0519959331957789,1.525551629133744,-1.0228452029605088,0.2284979029550619,0.5353208394841997,0.2397436342460256,0.4323258530736775,-0.0056768382759558,0.0366937902622301,-0.3161267371601072,-0.3193197840066777,-0.3346778379457762,-0.0747943931380931,-0.0871211697198748,0.041960334366004,0.1285788799918481,0.217280315284984,-0.1235080906507155,0.3702931067100266,0.4015744697938551,-0.0121884140441924,0.2616411319068421,-0.1487158300670727,-0.1761860133568382,0.5055806072637667,0.0059320817038489,0.0681598796184615,0.0905569999420173,-0.0045838437638494,0.0456105621154153,-0.3189724958166858,-0.2459701136337509,0.0125754715288543,-0.0516268674651609,0.2285484962955939,0.1328379169529239,-0.097711686227697,-0.0882041817534813,-0.1482401931668295,0.2606019352755022,0.0050911299139709,0.2474851017796205,-0.2048110049603569,0.0188756321872689,-0.2496487523433727,0.1520876161189471,-0.0497540973544903,0.0725308648682237,-0.1515446381235992,-0.1761191112142686,-0.0977053242925817,-0.0985180389343983,-0.0109348028590355,0.1346997929249917,0.0144752782840796,-0.0279996767326668,3.35661197
Li,Li6-7MnCo3(PO4)6,Li6MnCo3(PO4)6,Li7MnCo3(PO4)6,mp-aaabrfbd,-3.0844575873451547,5.583353998937261,3.684982533960445,-3.156236312260256,-1.1245436499823198,2.6461486456291983,-1.6454906103559348,-0.2080698870020383,-3.321352795533787,-0.3742005215303349,1.526885147004163,-0.4970170510319104,-0.4772695756090354,-0.1237438291343746,-0.0388064914476762,-0.1613698394581334,0.249904761256447,-1.4459289217171576,-0.0572988594577632,0.6395297376052087,-0.6248615919275355,-0.0785226795187544,-0.4179238242916159,-1.021562241227289,0.0694978324225534,1.1965005614218434,-0.7373817857237419,0.9602264613583008,0.948257262210451,0.0692144827290792,0.6533534045098883,-0.0663627260847624,-0.2029544896727026,0.3930323278963042,0.4114487783678055,0.3005540447725927,0.8615012189991609,1.0299482251488037,0.2974644412257889,-0.3716899187317638,0.7552380487360141,-0.3571945154023848,0.4694169360676845,-0.1760719361360761,-0.3098944980168346,0.2022589614366824,0.23216137312427,0.243802661793082,-0.1428694162092308,-0.228877977421896,0.1917288392372154,0.1095377235567442,-0.0078651865419502,-0.4341117952666234,0.2296421301381498,0.3966102375507973,0.0279914646452997,0.5889658942449078,0.0757945073467885,0.4140609981325695,-0.2752431313562525,-0.3469282614035915,0.2319853986764996,0.0349365565912084,-0.5834494919734061,-0.186088615953508,-0.1114517366551994,-0.1034867267810241,-0.1329976606646486,-0.0722941125611616,0.1847987235173669,0.0917661357277631,-0.2994876648972441,0.0296194160546306,-0.0680309997657753,0.0065404756180464,-0.0284536638401788,0.1270340550233159,0.1055612035674216,-0.1055319606951186,3.603061913333311
Mg,Mg0-0.5MnV2O6,MnV2O6,MgMn2V4O12,mp-aaabqxuo,-0.7278234654144415,-0.0791375077154655,-4.356403853570736,0.5919912974400391,3.5062983791101687,0.5690391997828596,1.150894746404875,2.5637818402249546,-1.965303054434272,-0.2480205270189533,-0.8455622706520527,-2.225243418187969,-0.2337631902688541,0.3897913178258321,-0.0213150236463637,-0.859219292046835,0.6945850751990797,-0.1216169730386967,-1.7922343952925437,0.5564924894140013,-0.7236242133719543,-0.1490260900627368,1.4168591381345956,-0.3052286531276378,0.1631396694206289,-1.1700538441990116,-0.3938884988992324,-0.1173355848099852,-0.3411348929852548,0.0801250310419042,-0.0514472299153423,0.2220171366226408,0.0372793560149284,0.5614337601498058,-0.2826928770299818,-0.0583668457402804,-0.1498537226525083,-0.4849349000156662,0.011326497366813,0.0026246400814399,0.5771087751712425,-0.2519253403033527,0.4122751153399413,-0.2462508391634569,0.6533127392195025,0.1130392027490034,-0.4229082396056214,-0.305187261315428,-0.066989746234214,0.2428203746150978,0.0793998948598641,-0.1350714055226471,-0.2369030633166303,-0.3554606056149094,0.4423180199848626,0.1474276816525661,0.440751102641608,0.9182818847486934,0.072104219967605,-0.264751190465837,-0.1571190658692712,0.0049543378031447,0.2888880655323584,-0.4642947178029815,0.0546592550879442,-0.261694844751247,0.0949184009096873,-0.2775033071348121,0.255792095819179,-0.1892596698807879,0.0417091588202578,0.2655461293941726,0.1211821893659019,-0.248405621218652,0.0002829127414396,0.3412059415716016,0.0426292884130828,-0.2400124632691906,-0.2072039235737542,0.0999168951817499,1.603568974999992
Li,Li1-3Mn(PO4)2,LiMn(PO4)2,Li3Mn(PO4)2,mp-aaabxjtx,-7.5957555012058435,5.151397143752346,3.255734484929385,-0.628460290486675,-1.515130679914224,1.5603504126912369,-1.4890638842849064,1.1111188433572083,-2.703159229541697,0.3036274939673776,1.7688402237291043,-1.4159294492772332,0.0586906210917926,-0.6306727146685883,0.1291632332781605,-1.25408765805011,0.4603678605283145,-0.4631525117298218,0.0429052042446983,1.9869691435162604,0.5400089386099961,1.1275534706952726,0.3726601642385541,0.7441137604531692,-0.7747710051527784,-1.297323437540275,-0.4952760173402001,1.6323374308700445,0.1331985887443013,-0.9481102418032856,-0.8624300265580053,-0.288730117120397,0.5029635261050971,0.5069586505980699,0.3930764063193233,0.8259713099158107,0.7558435357424406,1.4147578445430782,0.2802956756378281,0.4005835991125628,1.0740169675566509,1.2241840599702132,-0.6159749811492157,-0.0850486911020652,0.3071798543399797,0.1185600180710441,-0.3010546220445598,0.2641252971641864,-0.6480652517247958,-0.5253047480242891,-0.2440613578774066,-0.1787954571426515,0.3723579129954227,0.1084745976291729,0.225020557440976,0.0847516083883851,-0.0915451282106917,-0.3805564114235281,0.2842805522842332,0.3525407906717193,-0.5861049846454333,-0.3994558861135794,0.2039704028382253,0.2895059297575868,0.0414854807516493,0.1987108411697662,-0.3075996146084153,-0.2228978098652044,-0.1983776430208415,-0.1434587446369331,0.1755065036620656,-0.0214508378426126,0.1021188351263674,-0.1392929971225632,0.0151363544472525,0.1790670908611983,-0.3108652093808104,-0.1694287518302514,0.0491321241300005,0.2083686711922895,4.493124225833331
