Working Ion,Battery Formula,Formula (Charged State),Formula (Discharged State),Electrode_data_material_id,PC1,PC2,PC3,PC4,PC5,PC6,PC7,PC8,PC9,PC10,PC11,PC12,PC13,PC14,PC15,PC16,PC17,PC18,PC19,PC20,PC21,PC22,PC23,PC24,PC25,PC26,PC27,PC28,PC29,PC30,PC31,PC32,PC33,PC34,PC35,PC36,PC37,PC38,PC39,PC40,PC41,PC42,PC43,PC44,PC45,PC46,PC47,PC48,PC49,PC50,PC51,PC52,PC53,PC54,PC55,PC56,PC57,PC58,PC59,PC60,PC61,PC62,PC63,PC64,PC65,PC66,PC67,PC68,PC69,PC70,PC71,PC72,PC73,PC74,PC75,PC76,PC77,PC78,PC79,PC80,Average Voltage (V)
K,K0-2AgAsF6,AgAsF6,K2AgAsF6,mp-aaaaccyz,-0.9848093291258814,0.8519668838102978,4.344494391066526,8.01318677365121,-0.9752463279655038,-2.0981794288850866,1.5913935724843422,-6.9002703475395375,5.623032546874769,-0.5078546050213232,5.754908653450105,-1.6646403365202278,-3.536551269196495,1.1675131126050529,-4.658550890762434,3.0433092157587303,4.562756299578657,-0.9007261775245876,2.147135616374559,1.724340294419771,3.3109951561116446,-0.0649476750117429,-0.765279090083544,-0.0009356861222714,0.2550831496612245,0.9838962457535104,-2.4214677139498995,-0.1615211649800751,-1.8348781268972765,-0.5353111984005052,-0.4407104464940665,-0.5339450958559189,-0.0047442860364614,1.054134010028971,-0.0558853887419692,1.0665361769431898,1.0672557550517177,0.2154773900193314,-0.5837387606881115,0.407813688234834,-1.303231032931106,-0.6203960897061287,-0.4460897534997697,0.1891381361984361,1.3857481873432465,0.0045269283353895,-1.2973692449479006,-1.0619412883789008,-0.4821400396023963,0.5827655439112164,-0.0538020164286279,-0.2497344509511826,-1.2650138105606683,0.2758708451509901,-0.0546542751966941,-0.7797993750263197,0.4213671566584843,0.2446278610115626,0.1115082599451882,0.3252665695143817,0.1628982499983469,-0.1350422371173056,-0.0749809969405914,-1.80734765222834,-0.0723588783324254,-0.2655558268751096,-0.0111372226679297,-1.1757891295628378,0.7860810081933114,-1.2614987221955074,-0.5634467071796526,-0.5391637489948197,-1.945167901481087,1.359921361359454,0.3684168784677464,0.1658701673902345,-0.2135673822988881,0.3118613639689947,0.0315290493140041,-0.009528446685235,3.245998422999999
K,K0-1Cs2AgF6,Cs2AgF6,Cs2KAgF6,mp-aaacqqvq,0.3917701887101362,2.19559078845367,17.363686261903933,11.693413969610862,3.55629293810648,-6.622735324551577,8.54051134044629,-6.452635563069994,6.12197166515868,-4.016331750908447,3.7482563154308433,4.032621304694966,-2.03056127158759,-2.328362969603655,-1.2504420179736446,-0.2257427621991581,-1.732785288814691,1.6999121974235698,0.4726501446862499,-0.8670069529491466,1.1651364182874164,-3.371704012656299,-0.1397793433237431,0.9583458986444088,-0.4575187019786034,0.0736506592863349,-0.8656176971895051,1.5193353375424488,-0.2983326868698836,-0.8493282987278422,-1.3380436511102598,0.165432492848076,0.5409509553820788,0.8817509732693942,-2.561868921663653,0.6431315630786589,-1.8801062420613788,0.5898788446365677,0.5709608765316823,1.4142812884005196,0.160729911792735,-0.6441286231265553,0.3445135358959947,-0.6962870432852273,0.968306594674,1.642283071997986,-1.1066492610130214,1.343570214795717,-0.0176751104729305,-0.9082462803367952,-1.6120156794542917,0.0202460310925716,1.3533965408362212,0.5040592905561382,-0.440103508454451,-1.7059453264133937,-0.265212226760081,0.4137829902169748,-1.3023746732505626,-0.283632290569426,0.109473091672945,-0.5969430602834436,-1.3058180355241606,-0.7352198360252022,-0.0451143030703827,-1.0385419981794572,-0.0338129506096806,0.5706541242934817,-0.930875147709981,0.0196273858302135,0.5814265984279746,0.7997690296447952,-0.0186659493165264,0.8770796983153177,-0.1078234267109984,0.473706434905376,-0.2191154256797693,-0.729441181638643,-0.7652081858162606,0.0140153846603283,5.016468592999998
K,K0-2TiAgF6,TiAgF6,K2TiAgF6,mp-aaaaapzu,0.7666378574959469,2.586450137015079,4.297060265890392,4.923400819083738,2.7401228418004515,-3.647813034572128,1.835429914118328,-5.849992438985409,6.248572897558343,0.948419190019732,2.178385493341178,0.6471145836571068,-4.468089198566458,1.5202995582556669,-4.231416920749232,3.826818441522119,4.02135288519826,-1.2961009929805931,1.2985553818617597,2.306922630967317,0.0654306065568383,-0.3529464631999246,-0.3747147581738444,1.1330109114219131,1.050241944735393,1.0018775442357786,-0.2913598753496224,2.213046016526456,1.155017623325984,-1.1271072993655744,0.3137839218459989,0.2026141479061061,-0.0129458858851214,-1.366684203495113,-0.2674346790287586,0.6713772724204337,-1.1242919452683606,-1.229642540718532,-0.8753474616672487,-1.3456933962339024,0.2973755831474602,-0.8758862391001679,-0.3091567220330423,-0.1098254397758377,0.4064077761205528,-0.0171980290281621,-0.538788617538553,0.6501168987498744,-1.3990731211158498,-1.6631219979843177,-0.8045052793910531,-1.121314160312512,-0.4110068929061585,0.8183335285529959,-0.8326229528310618,-1.228932685683042,0.3899035327687648,-0.8727911692971884,-0.4132608820518558,0.0613159618604466,0.2425437271325524,0.5423134384341857,0.0429243502080331,-1.210433749318685,-0.0749629545528989,0.4719379756394982,0.0445105033235702,-0.6712597045433517,0.5655882195390388,-0.6654704640222667,-0.103979539495059,-0.8034531868870542,-1.3592941572050354,1.199131125327394,0.4478461715010541,-0.1897527942476391,-0.4839227521477237,0.2817408102070612,-0.672049828217801,0.0063090084054403,3.225025663
K,K0-1AgO,AgO,KAgO,mp-aaaaameg,-1.7588633941576068,-7.186017074460574,7.579235221201707,7.052837837179824,2.6733291268487496,-3.326275686315858,1.0610219953673088,-8.769978500229838,9.834973479670968,-0.4065366852374153,3.0651861840840327,-1.7895689550374596,1.2194350711983029,0.8947448270603798,1.677421019249939,2.5024240059386766,2.3865958486726035,-1.7212127018936854,1.4630356202523715,1.0607533528896465,2.121576812392644,-1.4247464464811377,-0.4432369190820118,2.477541907954584,0.4167773566827146,0.3692882261751225,-1.0727361762404837,1.2738320414470277,1.468503216384223,-1.0569908060303534,-1.8484388943750223,0.0421901635067796,-1.2099594165577183,0.6312354107412117,-0.5622701736109957,-0.1212036876500396,0.3524928524761592,-2.373400439332277,0.7923621130466723,0.6858570372186757,-0.9636988718148156,0.4215860371654033,1.0658806574170303,0.1811867849276155,-0.7080305521244956,0.1195939296059363,-1.0737196309578716,0.0425246016300459,0.8404487928085833,-1.3320627754958208,1.2774041290189992,-1.0078955871042683,1.3645538299803903,2.4705739156064768,-0.835974108807,-1.0626062864012904,-0.5725670734959151,-1.0164833361003365,0.608004706135644,0.5173754056978441,-1.0107194605746763,0.9939029618513676,0.935803001900264,-1.327635146746316,0.161225867186609,-0.0401834896343817,-0.5337682887530015,-0.952802238716203,0.2881929677683481,-0.6998585678873841,0.1787250068699321,-0.3081439536354953,-1.6493867335526229,1.0551010387030026,-0.2902342671804775,-0.083694588580383,-0.2940406915538878,-0.304387180668918,-0.165695746763292,-0.6612922274595459,1.488665272999999
K,K2-3Zr6BeCl15,K2Zr6BeCl15,K3Zr6BeCl15,mp-aaacqynr,3.185003626771653,-0.1540706025226646,9.043243248529109,-1.8029710375789891,2.0905956800972105,-3.70601069213979,6.581180731052607,-0.4253923096453654,-0.8694222417807176,-2.573113812082005,0.1219390282522697,-0.5359433324568363,1.3233765586294215,0.5067813719650888,-1.593644375555992,-0.5843559377652728,1.7686933362277064,-2.642272073761678,-1.718125252916545,-0.2253358492469377,-1.9418930492589064,-0.5763330338280744,-1.2436366168488713,2.0896340213842057,0.5326022059473656,1.3237878081261971,0.7577423760599575,-3.1644333506310747,1.064352260024216,-1.7963551819241608,0.9164579904157244,1.701968394342254,-2.1189591869959346,0.0675460341668015,2.1113137251894867,2.362223149505483,-0.455140104104101,0.6212851934068541,1.1017305085719988,-2.0692200304111186,1.7731733226427,-2.1020283162744997,0.2938570977786589,2.289693362478645,1.173416012232951,-1.0341783833777518,1.4289062467485976,0.9374536443338009,0.1567381869423257,-0.6158886771523314,-0.3036754183332719,1.2403895774334233,0.9398019002215426,2.4871433946005794,1.3537574825135723,0.3201563761355049,0.1996584855392477,-0.6845416358716169,-2.636927802519691,-0.306315315614138,0.3464250361510688,-0.1816679063444223,-1.9623231544669344,1.849551214609312,0.3994274611921829,-0.3290633169706293,1.649553453056505,-0.6323718405187188,0.1871495870928851,-0.7174857014818917,-0.0669553099812422,-1.0014518229573677,0.2150165021934226,-1.0525211974592097,-0.4005426831622247,0.6529249496040603,0.1862877221425096,-0.5847406954469037,0.9871663932307796,1.0347293136273492,2.006446137999994
K,K1-2BiPCO7,KBiPCO7,K2BiPCO7,mp-aaacpavg,1.6427535931291009,1.6935634336654022,9.926361908638851,8.012357665344073,-2.675717522769175,-2.217415394957961,3.243326315924481,0.7596796773569419,3.884405552079981,-1.9171129933581192,-5.452394034087154,-2.182066615856961,-4.941693685367138,-0.7581005352070617,0.5917710265979731,-3.2983217812173047,3.4704081010537315,1.6074804910249445,1.811978507733728,-0.4745541085366009,-1.4692690043490702,-4.072992401847353,0.1050671181693051,3.1463343382229936,1.387200207396929,-1.683925130891596,0.936989224671877,-0.9605505387212196,2.5969356413215188,-0.9918856491169484,0.605993532688122,1.5048757561139137,-1.0827273824233452,-0.2170226144951378,-0.6859951764129818,1.0268556389759729,-2.709002984704949,2.150478590329431,-0.0380581547931923,1.6100266046766678,0.2707888269291356,0.4779837632366456,-0.3786939737829567,1.1394425957077603,-0.0157650735573776,-0.2013720227764961,-0.737362122602194,1.3543372137648229,-0.9232924696034036,0.186291265659415,-0.049026894067535,1.4780271730948376,-0.7939264374061599,0.7701850407429504,0.1192319405985713,-0.1398508220821527,0.0522070438935347,-0.1868716282943756,-0.5627053167635188,0.8498342768658923,0.4617335253495855,0.12527627194274,0.080068863633918,0.6106456836725753,-0.892684236898231,-0.96520669025089,-0.7213152399724381,0.2196646797326453,-0.2646795831851969,-0.3156651404028926,-0.2251904237200078,-0.2057066886219775,0.3917077888815796,-0.5059744628906544,0.0160912903395202,-0.3424405249889939,1.0857604060759958,0.3321725429178921,0.1854039746026261,-0.064629790562485,4.448517422999991
K,K0-1Bi(PO3)4,Bi(PO3)4,KBi(PO3)4,mp-aaabmhpk,-5.1916343678612416,-2.865322512354896,2.6314026778612054,12.49915349356916,-9.048196400981976,-2.089610520986367,-0.1546247716319198,1.236534368335775,3.052759142528757,-1.9766617281085503,-0.8411702080891328,1.670082480844104,-4.602722011100053,1.115435328804567,0.8783742069292162,1.8882811822312315,4.642851119922098,-2.618699391406058,0.8010503680505541,1.1817377852499649,-2.0980855680240813,-1.677418671842336,-1.6372368192361495,2.816345119436501,-1.2426766736514088,-0.4954358419773604,-0.8021440425994253,0.284462805808397,-0.5956888539329545,0.0807565457100374,-0.3096215052759766,6.764820570784336e-05,0.0241078483257589,-0.3851857590549724,-0.7245049975608412,-0.4245756711781335,-1.2671846584886406,0.9565685496103032,-0.7580447166107356,-1.1709491691784015,1.5060113256468288,-0.3644669312983974,0.5182420061528734,-0.6443477837259778,1.6240440711579904,-1.8775376262050407,0.3860967625683486,-0.6168058022130627,0.1307778911010843,0.0975173397535101,0.3521618057306591,-0.2680583677401128,-0.3674138426202595,0.8501304883236871,-0.9491740529974632,0.3839212780519387,0.5868828777028635,-0.4243870972589704,1.154110995943115,1.4231877391124277,0.2636196051172161,-0.5490519515766055,-0.4319005367215944,-1.203305451933152,-0.9256987335780256,-1.089716320752332,0.6581849775051025,0.7039611054205152,-0.6151319612534923,-0.1639287906403882,-0.5377624947574614,-0.4467532669814488,-0.2287449875767301,-0.1946345364971313,-0.2190882462300139,0.3110667233893383,0.453477804599617,0.5873151399466359,-0.0583856987632603,0.1953700917609934,5.546189695499997
K,K0-1Cs2MoBr6,Cs2MoBr6,Cs2KMoBr6,mp-aaacqrvx,6.139858873567245,-6.022776153636681,16.229502938345902,-1.4027095821422984,-0.8737156989277727,-10.081188613503386,12.872583581736656,1.6893424194356856,-0.7399035055796871,-7.441241504685944,2.1278026123960574,-4.15016544905949,-2.6104600237461617,-0.8200041224683903,-6.868145096341353,-2.4649842055860383,-5.393148529751284,-1.7397253444421514,-2.6814861137861103,0.6426614730951056,1.520763073138143,-1.5496731642554942,1.1595146036852886,0.2190213188779161,-1.8783735631929048,1.1360438325849809,-1.73108857736028,-2.9242885122006546,1.959152386231583,-0.4197967093164559,-1.2184707934504926,-0.3455680065233197,0.018227685199077,0.4920781092933095,-1.3942924771963192,1.6904705571100955,1.55518877658188,0.9802441823083944,0.3971769531244907,0.9105291651365308,2.9084186057462555,-0.2777023940487176,1.951564121927093,1.0820223865532057,1.113869899173017,-0.0599318835826133,-1.1302530314044303,0.6707990500532925,-1.1249980002772226,0.3213085068716547,-0.2251998907395232,0.1172580988935315,-0.3248297680572354,0.7724610739383302,0.1426057509412866,-1.7975455425684184,-1.3168027890656766,0.1647838862563669,0.8702316571586037,0.4411959977645901,0.0645802982739928,1.0083986342115638,-1.359489320862931,0.168223878922137,0.7001314002870344,-0.4104098495804757,0.0773483664684852,0.1127430706166315,-0.7749068572540792,0.3008491569818855,-0.097172035724444,-0.2651952459696483,-0.3857758185944873,-0.4631868781036201,0.1839985175773516,0.2556728581118467,0.1396860883569405,0.1442255886289145,1.533751258234055,0.1328893365173812,2.564543182999998
K,K0-1Cs2SbBr6,Cs2SbBr6,Cs2KSbBr6,mp-aaaabpvh,-5.045107890827155,-8.43589956347953,16.879003190994162,6.5220802388387975,-2.1339688188098664,-10.921505711200972,11.653528298028716,2.875040550662889,-1.1291488600704316,-6.1043236632033615,2.263393661077064,-2.4945775219698936,0.0360072235279659,0.618069296713429,-5.141661244009361,-0.417293426276142,-5.98634797998593,-1.7102953872869342,0.3314777436939978,2.166097025731314,-1.8606527481510755,-4.055315105153037,0.9138713350327108,-0.7293157107755797,-2.4851986541921534,0.669840349226765,-2.9883808352494894,-2.3984807396788934,0.6029086829730566,-0.1107045959573289,-0.205420941866415,-0.3439185413014727,-0.3646628769944345,0.2631018759548431,0.3913292140551582,0.9868709258596552,-0.2893182317317452,1.198510761940229,1.6387504204705563,-1.0740408236740708,1.8681051033059533,0.7216745946253099,2.037442391046425,0.7152936343114298,1.1171820387584432,0.2795815260192794,-0.118510936205656,1.2609592635965885,-0.2549960507421057,1.0811418489706657,-0.2878566898538018,-0.0824884577401875,-0.1240001971000697,0.6358534473514104,-0.3623886872184795,-1.2785934156328187,-1.6529694259951997,2.0780512164988,1.387476168854203,0.500536531440193,-0.4867517754000506,0.5505110588952742,-1.0077480390283464,-1.0006617640980062,0.7702593671653356,-0.7010492564468896,-0.0253140218202456,0.2366407989141605,-0.9859942523538904,0.1193593668268719,0.4880462971555496,0.1356444373555068,-0.4948850554170022,0.2821795607066659,0.11757249865765,0.4067411929992194,0.3176039298217769,0.1884437101919958,1.2840258110119391,0.373230532341574,2.894793422999999
K,K0-1W3Br7,W3Br7,KW3Br7,mp-aaaabqsu,18.101483389985056,-13.792829665672908,-2.281500083395659,-6.017306045243051,-3.836405316288979,-9.912582071919951,7.300390271070601,-0.6877279750254341,4.389197184778751,-2.439679953363171,0.076366181427667,-4.875366202794943,-2.65647138345003,1.0036747384331863,-2.173587575025217,1.469430667216819,-4.342416300186415,-6.965188269417363,2.88778154216464,4.649969866381928,-4.025529162812346,-2.991801084819677,-4.176744559934926,2.343393027514768,2.3164555031502942,-1.9002573200535933,0.0899594496251631,2.4988794640670933,1.2543148064856915,-2.6176645966613536,-0.040872009619007,1.861867745878701,-3.486277045563261,1.447379474842549,5.322611380254333,1.0759908732857542,4.202818442661896,-0.4558408352151952,0.6925089373985172,0.1818069283395401,-1.147400920284174,0.2863158970881517,1.4556488936231913,-0.3801157742219864,-3.156906676991793,-2.5355111512551782,-3.105602073848849,-2.23892743448804,1.0836659369324886,-0.4509793272784786,2.681559990937023,-1.8923934906524136,0.0682256210351197,-2.075160845082929,0.1078287657658643,0.1987167731060707,-1.8033588972075592,1.282370721673768,0.3082134653212866,-3.4407328313589227,-0.6938152111295426,0.2637749061742532,-1.7132078784794125,-0.3938255973566487,-0.2100205555847967,0.9909661511705312,0.8858126703362195,-1.2958824582923545,-0.4752893812377581,0.189736275679348,0.4314527608214596,-0.040272867075304,1.5311893180108986,-0.206581085948952,-0.9147897666493422,0.3776479627014382,-0.0073733703448981,-0.1018952703868169,0.0190549408685904,-0.5674981244139461,3.5104478055
K,K1-2C,KC,K2C,mp-aaabpdgt,-4.95336177074651,-6.196632793292996,12.9171462257402,-4.390546377987542,7.622216842254703,-8.457414594545803,5.1142095899435525,-2.109078983643065,3.0474694810965985,-5.599488723712423,-6.2184188414461286,-4.076590017642701,-1.5985042803416163,-3.744677889673201,5.355252422417782,-8.814124537977355,5.81839541671538,3.047118554206805,1.7953447026044411,-2.2660890257023287,1.8498182806582373,-6.112067124179806,1.0902532446646842,2.137571385473831,-2.3229760895165183,2.9361769593897207,-0.9519191728830652,-3.741539277602601,-0.6862011677364455,2.5180295310210017,-0.1364933881014595,-0.0025224319784761,-3.1799985471961527,-1.6766866213682758,-2.3123644194710344,-0.0771737394231164,-0.2514187211871308,-0.3733556563414182,3.78450482248913,5.0929537768770174,-1.8004008226789168,0.3417788347145544,2.353346314036137,0.7416907317970998,-0.7913877626098964,-0.3549962235191034,0.3087013156125853,1.0300995740404486,-1.2619965443634742,2.820903588043553,-2.1637265471726965,-0.6939340104364823,0.4413520226121465,-0.6984922691228623,0.7294719794723666,-3.167639057340195,0.8444660631620138,-1.4411690123826095,-0.8344008112034489,0.5923196081925681,-0.83044230978653,0.1622657357935271,-0.8974173577294928,1.60933661130435,-0.1458268242063863,-0.7500978742154943,-0.4862401212254388,-1.1434940008304375,-0.6139419946074708,-0.5424185190530125,-0.6738128753712874,0.0373716266688746,-1.624436987002951,1.6332585685892915,1.0530104088557173,-1.6066472229473456,1.440105778785031,-0.8113092568885429,-1.3429703137790452,0.8525133680831376,0.504721272999999
K,K0-0.02C,C,KC60,mp-aaacnhva,-9.847025537633634,-14.467072295161524,-5.858905222903639,-8.280345588307796,0.3752398371523127,-1.98926159688752,-1.914433870525868,-2.4633438905915117,5.946855456195497,-5.170661508390303,-5.80425545662561,-7.311822364744237,-4.727507631688514,-1.201687093489786,0.7775809758068726,-6.869892744625112,15.570325022032211,3.845630558144192,5.768250208660356,-12.45190335613217,-5.172139327239653,0.7435753975237063,-6.711442084104458,2.3749078976543685,-3.1731439534294825,2.9160575367289,4.247695260558067,3.1063245131849926,-10.650311391136238,1.7013856449924991,1.432857530625774,2.834861615828747,-3.639708174101154,-2.705126118681461,-1.755666727724939,3.3516621241876914,1.8653005748789468,4.8636401285290205,0.3246504938312105,-0.5721527895675668,0.70164860381652,-2.3595371510402536,1.107684771131482,-2.6210885072206453,4.204391301676459,-0.4572939812776656,1.2384477437870136,2.314238490720792,0.3371876475876826,-0.7163363004614994,-0.3615588117314453,-1.5089732889595666,0.9666188240144332,-0.5070944813035421,-1.259528812681192,-1.2812443045592394,0.2226214342705308,-2.1591972180689027,0.3324287258837091,2.873116771072571,-2.090521433131755,0.5022583056902443,-0.9787324857224796,-1.7297739217474413,-2.085058149523764,1.314432275023779,3.724747829107848,0.2742085795241329,2.661425828952677,1.7348046549284244,2.370129433383544,-2.3668757800918288,0.6840320944734568,-1.317716483108941,-2.229381512590284,3.07350493925234,0.5433191196699665,-1.5762095214936669,0.9609599207129436,-3.830941278493704,1.462243957999966
K,K1-2CePCO7,KCePCO7,K2CePCO7,mp-aaabrbqu,0.2837596154127722,2.4284486538799634,10.250851772119605,6.447539794165879,0.4992235224480408,-1.6189919831134103,4.087160551711763,0.2132951736075012,3.4860197368861345,-2.6714732661094938,-6.297817369722903,-2.3138800131421933,-1.2935696091527622,-1.0913180193368743,-1.191504456334202,-3.734396721815069,4.0333399845469655,1.2705181574571345,2.612957585109243,-0.5437326652846399,-0.3348762040885111,-1.8740627633619935,1.976530194630084,1.0692916070028136,1.3682294551856409,-1.231738530053722,-0.6746313434109226,-2.218343266891001,2.223536166663301,-1.1563850743190172,1.372758417980618,0.8452866386187248,-0.9834722534577732,-0.5481423501463963,0.5733801054259505,1.5826481587013743,-0.3999478577417948,1.1731126196684047,-0.531095895764799,1.072087982052668,-0.1026118607801764,-0.3699750410781691,-0.2194221859744729,1.349550170080709,0.4249297455454082,-1.3919543692736078,-0.1445090116053375,0.851174937828751,-1.040016191451994,0.6188979603099273,-0.2084374629432979,1.3146512993421968,-0.7392329825709506,0.8720725759579689,-0.4061578829570725,-0.8417779526395246,-0.5081510562477972,0.513177716472594,-1.2932967902661203,0.0941936932788954,0.5468344113705423,-0.1918829305499056,0.2515022641339827,0.8255784604450431,-0.3481307902014799,-1.1440763772118288,-0.9537732790425112,-0.379749112544712,0.4583914622166507,-0.4111002146548606,0.4153297033947874,0.255980325181887,-0.4648710756232189,0.2558159459729661,-0.1038407064598287,-0.4713198287647134,0.1061585324572709,0.1598901554840467,0.3635206025677979,0.1623486500840148,2.330413622999991
K,K0-2CoH8(CO5)2,CoH8(CO5)2,K2CoH8(CO5)2,mp-aaabryqx,0.914701792158073,6.094694376706112,-0.7362148054819766,0.090126798375798,-0.0009845416348461,-0.8157605693837437,3.980156037075693,-2.5707756639260984,4.652192035672416,-4.164512667038958,-4.281437583344886,-0.8195698645200205,-4.476065975965571,-1.2698413743012578,2.5732350546749703,-1.990508353204162,6.543842386672046,-1.1288412791554614,2.7004340816024657,0.8293075401810578,0.6435092544198536,-3.0589610830423872,-0.1735955546670339,2.7471120473864663,1.1512912198831289,-1.275404236340992,0.2957382400438254,1.9735298777629655,1.2360819990955634,-1.6734961178256855,1.1010584847372902,0.4431810173382133,-2.233129417954494,1.0842168428841452,3.2102283295922214,-0.4238486793294921,1.7865394843006923,-2.042099206141797,-1.502321297387022,0.8352074563564043,-0.5406994179494231,-1.1168710495682257,-2.9520830822074315,0.1421198348852841,1.1454648198641664,7.366668776250267e-05,2.3046786979996323,-0.3909370963188415,0.233536999108028,-2.392741171094181,0.453695519889609,-1.3870196809706097,-1.2459718960969424,0.4231693325666948,-0.8501274178825454,-0.5327352371375808,0.8800898582384828,0.9490282420805088,1.4297556285149673,-1.4988191036667229,0.5830863449906732,0.3072958751384864,-0.3458189483461389,-0.083747657992728,0.0099477943571827,0.4551720125272976,-0.0020211259407568,0.131350991838844,-0.859072884661446,0.899635658156565,-0.2781221726894402,-0.0028132648088502,0.3149155972032871,-0.0828538403308177,0.0480643802213866,-0.3263671105194216,-0.4639295411002644,0.3573598484815529,0.6910926146689401,0.1133115747227606,3.848061210500013
K,K1-3CoPCO7,KCoPCO7,K3CoPCO7,mp-aaabsagc,1.1753864022642462,4.264674758201538,5.850414942766365,-0.7626867659490684,1.289969413798442,-2.490429765434216,7.089130383390192,-1.8900620667623755,2.5133367400825173,-6.516165229692906,-3.153809835838388,-2.0990832357688167,-5.116004440263854,-0.4825663831977757,0.5705525106551858,-2.511186584310632,3.0102906318061944,-1.199054111915125,2.1008370730270984,-0.8735471142808193,0.2836090686784491,-3.2849723842108194,1.6100285550099709,2.8479590291130967,1.2122323817105682,-0.6193802962853255,0.2921841208087886,0.9133219261269496,1.6134047259479918,-1.0106215912003962,0.6676999275092802,-0.1318549986241115,-1.4254130830907077,-0.8096715620464606,3.299908004858438,-0.8866146356841855,-0.4063535759427377,-0.68960556610643,-1.2860145644555734,0.5964155991891444,-1.9190689188130228,0.5378369536229547,1.2983006290910613,1.4932323048552674,-1.1413056434415505,-0.0381689436534748,-0.4609213053413432,1.0325901259686543,-0.7038185961195661,0.0808491309635922,-0.0778254096768021,0.4499469009507456,0.3257732506076554,0.3087119340170626,-0.6294926957513133,0.9647148864219316,-0.1494630269773438,-0.1389916626852245,-0.5263831012738472,-0.3044072619715201,-0.0655688959590548,-0.2804643598162006,-0.0636568207961276,0.4634227286212095,0.8621554860662852,-0.1374144820595497,-0.2781099562572294,-0.0972098549962377,-0.5470709419266643,-0.2539112925915809,0.2367763545440522,0.2267765587414203,0.5856185074829556,-0.3548434294970832,0.2903176161493892,-0.2202926161182145,0.5363054172585642,-0.227235295917436,-0.0964584341566121,0.0880434031677308,3.738860623000001
K,K1-2CrPCO7,KCrPCO7,K2CrPCO7,mp-aaacpavv,3.119752517945734,5.225838633026288,4.1774937659765925,-2.590765832805758,1.7444689095103971,-2.445078913394456,8.540275782388509,-1.0460202050941263,0.142676751291569,-7.610596637922527,-2.6577379626730693,-1.9106123920271203,-4.392892155671331,0.6219502127069237,-0.5716272274954998,-0.0963382962571439,4.499760426276672,-0.1793946307483709,1.58656612055035,-0.0795198800737978,-0.601610320419606,-3.767542105660992,0.7892645016465968,3.7072187202693327,1.0089341804496992,-0.44561970076698,-0.2075042396651891,1.432847239579233,1.5005589784074014,-1.6147339333641288,0.7687374548214142,-0.3218407945414303,-1.739882787014604,-1.315046032498966,5.16553653213607,-0.4863003787311108,0.2018235831460466,-0.4582975361816672,-2.281123918688747,0.4150389037356326,-3.019267809177866,0.3012055637387347,2.014806282697647,1.3446809282736425,-1.8412936767180017,-0.8086726928359087,0.3854947898832659,0.903334283737138,-0.768068068875095,0.1759497063207239,0.0094794102851178,0.1886957186589822,0.5524179960867479,0.3435081535511444,-0.4942785145436701,1.387734128324759,0.0699586350442312,0.455396978255189,-0.8812488838488034,-0.3230046236773432,-0.1437708756026572,-0.2077470420829723,-0.2184516768307856,1.3826682045887315,0.8671084398962079,0.0311695141004933,-0.1802503784924425,0.0594739567864027,-0.5754267995754468,0.1167466538434058,0.6948168863379086,0.2475110256920745,0.5381025283808389,-0.8108659090105408,-0.0683623958215282,-0.0225791355182733,0.1631561154133395,-0.328433617280198,-0.2995184978571553,0.0766720397416504,3.912478458000002
K,K2-3CuPCO7,K2CuPCO7,K3CuPCO7,mp-aaabqxxn,0.6401580396107605,3.265637288340369,8.865898375255604,1.1787047787811564,3.074144866586773,0.3750197993392632,6.198076018684024,-5.24472880002345,4.92405640208589,-5.740157094854071,-2.5370500972257277,-3.642056845058664,-3.040493342046368,-1.1351211612730046,-1.273905983535187,-3.0703167062753423,2.624316649507943,0.2111663481994757,1.1248722561422628,0.7224402220078378,0.126488068581348,-2.6702596215251337,2.8423806854621265,1.0943937860190371,1.14479212511383,-0.54149909736477,-0.5095741418163239,-0.8500689646553136,1.2886920906823731,-0.7142981120885806,1.518340219070904,-0.0537554737861721,-1.0992234733545534,-1.1717286332626775,2.2870974902638754,0.2105087110142761,-0.992878915702963,0.1829195073396806,-0.7535494777766596,0.7244712800428862,-1.3045401719162764,-0.8625860483109824,1.1247592232580983,1.0311173804579323,-0.6213766786882784,0.4352440853650319,-0.4541340232380373,0.9786847639736976,-0.7540577470813145,0.3899488502597751,0.0476333941670914,0.8224752134131131,0.0733315192712623,-0.493625773449324,-1.1080417177133863,-0.5778906597770356,0.0069383972418201,0.1535744530495951,-1.1832770640255,-0.9542221674098594,0.3721663978105478,-0.8400190741803979,-0.1777762946524006,0.20575026906116,0.8102551458933503,-0.5487686126665262,-0.7251621224131979,-0.3050215832173585,-0.2591307908978197,-0.3915053956242633,0.5478392757083963,0.3736850680238927,-0.2121345879456749,-0.320427447328617,0.4500394697617369,-0.1649966734761989,0.3066180063839614,0.1390981209691933,-0.4037130230882483,-0.1484551188676442,3.182354292999996
K,K1-2FeNi(CN)6,KFeNi(CN)6,K2FeNi(CN)6,mp-aaaacgcn,2.8747566010942265,0.5974008736171034,4.194743422282818,-3.5592552484371422,2.9236449435294847,-1.5006656713651938,7.121035275300482,-1.7190178471890092,3.171134954567636,-5.198806547022603,-4.071922383759281,-5.911823248461824,-3.4595991794556684,-0.3662474873581084,2.047239277560433,-4.670221726001996,4.602310633916757,-0.2409679164737247,1.9644618234399809,-3.916895619304378,-0.4278559944063191,-4.238131217953364,-3.1767072927708684,2.538891322535451,0.917987227779022,0.3307091356493848,-1.9407432862510048,-0.1592713770462454,-0.3413336885698018,-0.9586745165037092,0.0756815736408714,0.8099701310569042,-1.9491158241080375,0.6219398311569052,2.7365081507203928,-0.3080179405639088,-1.6636362000059062,0.660535314378735,-1.21083763368075,-0.4611863253822,-3.679357438145904,0.3380684598688416,-0.9458084026455594,1.3754283367861662,-1.1563138274029574,-2.2680380978293577,-0.8420048320966191,0.5743918972703144,0.4852642291577621,1.4368109142545715,1.1928237310762566,-0.6342205225047028,-0.6310502905918294,0.7529104914136254,-0.6268347131347588,2.2786309538083067,-1.4919181469329377,-0.1549953045065656,-0.0581889200527002,0.7714101807294031,-0.7058084801156824,-2.715570939084279,-1.5621274308985873,1.021758653849079,-0.0859425305947124,0.0924643095648903,0.5025559484632434,0.3235560891048812,0.228057023410156,1.1741591391735462,0.8115727013058063,-0.6734360340395413,0.2564965860378644,-0.0677784867135174,0.6293725684210439,1.4509648621990474,-0.100280364373271,-0.1924171078119325,-1.1986247870067157,-0.0649191813510363,3.544302222999995
K,K1-3FePCO7,KFePCO7,K3FePCO7,mp-aaabrulf,0.5222047142061209,4.388830663472737,5.566370732821026,-0.4128996926679776,1.3246913444148642,-2.756375651615533,7.486201176756469,-1.7955483220261987,1.9173088196727197,-6.199802922036378,-2.6504125028656644,-2.588979322116449,-4.943958699573919,-0.5877080368056427,0.6817019016303694,-3.361268299317661,3.1335203171147,-1.2641421836046898,2.366235608086837,-0.9267165741226042,-0.0554030523195824,-3.321386089089463,1.395508613609772,3.114583347920345,0.7673226650212247,-0.6375886127683803,0.3845282393857163,-0.0109889201923744,2.073823049081978,-0.7759379869858778,1.0598098003668628,0.1830093207684464,-2.081218667579907,-0.5217973998300112,3.554062130440508,-0.8133397630971316,-1.0566153883719,-0.7758770144062395,-0.8980893855213111,-0.0096105490961789,-1.8238138786639169,0.5620518426928486,1.2065184016666106,1.2023406244814303,-1.3637770496904449,-0.115404464708506,-0.3891346510765296,1.0263663730795445,-0.4196262379127961,-0.0127175913016829,-0.2547740621887777,0.2039124827132422,0.323277231287219,0.1769319627884127,-0.3582131791960746,0.8264414079651641,0.0657314218365938,0.3100173665721525,-0.7278648922811455,-0.3086266065820427,-0.1453219333208524,-0.5113243189086827,0.0900580421587039,0.4858892137588446,0.6779424140065353,-0.1513862464250001,-0.3835992386931146,-0.0437641311949977,-0.4821408796575186,-0.2662641621796858,0.3561316291019669,0.2010579578337235,0.5308861627560058,-0.3986222332282937,0.2864324796829186,-0.1331862452569935,0.5670497539618383,-0.1351735074434189,-0.0936157783112254,-0.0259907043034046,3.345329572999993
K,K0-1Zr6CI14,Zr6CI14,KZr6CI14,mp-aaaabpye,1.5594941901751374,-7.308032469467179,7.062691884541828,0.9550362341147604,-1.0659946520141743,-4.251663888029519,5.444557041536823,2.9155520156445216,2.773837454101139,-0.938605922615971,-5.427662795498589,-6.734318060332043,1.860220662065724,1.1942035981158,-2.5313490495717232,-1.7151631730185608,0.939964740496207,-1.2832301703153148,0.2748240572814756,1.2624073331539951,-3.4323905434018385,-1.9045654819800235,-1.973033982296708,2.175359982039331,2.21109805569363,1.1330292396416193,0.5237132456937195,-2.645427145674573,1.4335730809197154,-2.5563400160089387,0.5492577229079081,2.127120285250682,-2.873076340867485,-0.4515753486407903,3.144428392084478,3.3397561856018414,2.768126403723989,-0.4640157640900606,1.5170403075517969,0.5196896938260354,0.1001854105310406,-1.522291260449172,-1.270320288774186,0.6936278654943928,2.7275665251266754,1.1714780116921903,1.5974707393902403,1.4772809651308303,0.7716887486256294,-2.536481137353712,1.222922824348648,2.1996721594839257,-0.2849408361889035,2.4441642451161947,3.739070247148893,-0.9635890188645562,0.7016500927962451,0.2680847266340931,0.6653259959942158,-0.9607233980372484,-0.6528441697292227,1.117418150952386,-1.0657620727655648,1.2908451879689844,1.601947006145675,-0.1039330420673862,0.334726918011178,-0.6310924770863803,0.0048328665807115,-3.749660884688108,0.638795552873401,-1.4403778311475317,-0.0556602918813659,-0.4099927606159417,-0.5858701355035487,-1.8034025077418576,1.4482095114202984,-0.4440630556013797,1.6095719484251654,-0.2840932085594931,1.505409543000006
K,K0-2NiH8(CO5)2,NiH8(CO5)2,K2NiH8(CO5)2,mp-aaabrywa,0.7037879739781021,5.629677099757965,-0.6256832210168984,0.555249925286085,-0.0269228617650984,-0.6260853819297951,3.5584351398298746,-3.2437008135273246,5.225052667777561,-4.245212971807993,-5.003034937411474,-0.2900668573698713,-4.670253611671548,-1.148695382034573,2.9583423317549435,-2.1705073870293696,6.184840540375399,-1.5967003566931717,2.9188491281086497,0.0999458422577222,0.6723811859309335,-3.014592357409972,0.0918338547521697,2.369755513945383,1.24266530811597,-1.257612386664415,0.2934428376393246,1.893004731526445,1.0192968541525504,-1.4136098018726737,1.2978526874409635,0.4014593656640371,-2.2356648192625554,1.2421496965112082,2.9187823639520563,-0.5045870514602594,1.7872558844818367,-1.8776918522991413,-1.586979286866841,1.2841917789357655,-0.5949673160524014,-1.0282128288285064,-3.0037064460137968,0.4100047115288466,1.194767993615263,0.0135691303645856,2.17820199989214,-0.4362846021268511,0.2376116761565469,-2.480838100105608,0.3517264877520442,-1.2642749256027137,-1.3187250992247173,0.5211349854522987,-1.112176847309544,-0.8012049473477086,0.7799976409426688,0.6181279341272806,1.461618978475098,-1.6141762839670135,0.8984750209432147,0.5031883406995761,-0.5306484187154397,-0.2815464778037195,0.227566186661579,0.5153407930963491,0.0338512544602095,0.2233155980612913,-0.8310281347313047,0.9632270260851912,-0.3821963398614339,-0.0419449401875494,0.3843569618059787,-0.0244965596382016,0.0806026128379592,-0.3941335307729016,-0.4410586458890267,0.3814867294201065,0.7692367364988911,0.1161804499388733,4.808972705500004
K,K1-3MnPCO7,KMnPCO7,K3MnPCO7,mp-aaabsadk,-1.9025951748340864,5.140522123300952,5.919625875332409,0.154949367413892,1.5709937610076017,-3.3240465778955968,7.564498194214093,0.2909111674575566,2.334771396540296,-4.911465726688073,-2.88395994771307,-4.733928563267453,-5.104988455631537,-1.1155283060828176,0.2034002756772887,-3.59644600861837,2.84603717614243,1.1265977572090085,1.3365088787706223,1.7072408680094338,0.0273280040178323,-2.705324989723846,0.5519118448157052,3.5648774140405157,0.1557018705456431,-0.9207174368975874,0.4172686727480847,0.8084791045823999,2.343687587838425,-1.4271592272611398,-0.1535390633270558,0.1515249679302237,-1.183903704175757,-1.1185752100787625,2.443744914283364,-0.1349470684088759,-0.3289956013866112,-1.4038736474047746,-1.3146275961742842,0.2474499511511828,-0.6417449881389147,0.5257053961487251,0.5743280493569345,0.7090603899009813,-0.7045435595218442,-0.0639128613967198,-0.9421051032626706,1.3205730966055402,-0.8830600100832624,-0.0564380168819326,0.0925265030509402,-0.063788715139042,0.3622768141737228,0.0396674702926554,-0.2606814801208533,0.817538539179208,0.3368723227107916,-0.1460226819066484,-0.7570408290812385,-0.3409408207267004,-0.1851512045697886,-0.2604687596275722,0.254450016657939,0.9187506326313007,0.3808228249318601,-0.4630252031697099,-0.4744846502240667,-0.3184499360630398,-0.4563451671877415,-0.3380370166977361,0.4303417771154157,0.2327877174803694,0.7937292665642803,-0.6060210975161399,0.155474443542904,-0.2117917788788899,0.5271311000834776,-0.1222194525211742,-0.2762057166031705,0.004142105286726,3.343216270500001
K,K2-3NiPCO7,K2NiPCO7,K3NiPCO7,mp-aaabsadj,0.9814958958250686,4.15661324870109,6.93092828601305,-0.3917933166002146,1.811937726824029,-2.5173995072760054,7.176716637319757,-2.2038938042968943,2.3238159740534523,-6.369604472611117,-3.3173131549108223,-1.881029220976912,-5.061715653274954,-0.7459983535659984,1.2263279836993983,-3.287646419345399,2.4227329397262376,-1.52448470929902,1.7798770938162125,-0.8185267812033672,0.0039785636812636,-3.7609499588685935,1.7731056163442096,2.598288096529405,1.2304785494217496,-0.4748404072714061,0.1735396581247754,0.0551816170759405,1.365060152618397,-0.4957399010540454,0.9785048290529564,-0.2059150121040963,-1.680089105388462,-0.7691927343236998,2.908749266187254,-0.945141218863318,-0.3922954983551325,-0.3789184916282098,-1.3403718492374537,1.202872683269334,-1.704673137703712,-0.064899061674328,1.9400355323106389,0.913810002233728,-1.4926692250365934,0.0354953885200208,-0.3291057119324989,1.2072222517360347,-0.624872919333172,0.0221221876726437,0.1328994434057342,0.6473099221041098,0.4092137828351865,-0.0772817647591361,-0.8911045206893883,0.5554802777364481,0.0781333473525563,0.2852617390850276,-0.6236791414557712,-0.3766294252511721,0.0783249917175891,-0.3911645767835356,-0.1698654170723089,0.4902468058768943,0.7584663680432713,-0.3274172480234094,-0.3655756733418184,-0.008511993891082,-0.7947166214693476,-0.1018372539117535,0.1715020980814955,0.6121858280763304,0.4710343252270845,-0.3814750787012089,0.3343755644696146,-0.2095841641472545,0.4416062029636567,-0.1570006415732376,-0.1794793593477146,-0.1283828754831384,3.925782073
K,K2-3SnPCO7,K2SnPCO7,K3SnPCO7,mp-aaabrzfb,-1.7573661789973336,3.01855075128173,9.567710319943124,4.632654274089578,0.493680444423697,-2.599454307086379,4.818741509186848,-0.8490517025499733,3.870842565946662,-3.393302064379645,-5.316990116242147,-2.9004373313947145,-4.797920860683144,-0.6953619366930195,1.5848423081885776,-3.967533452591443,1.887766408356148,0.6436153276561459,1.822660532849304,-0.6140378284231344,-0.7551628603343317,-3.71138428795214,1.4216668371537111,2.3013012549069622,0.5613024790030442,-1.0392633464760428,0.6612160581062106,-1.7336022570760523,2.240234915577886,-0.0606606495323343,1.131553037022026,0.8297760707207937,-1.5546169365692015,-0.2530871985062332,-0.0549334827813454,0.3300626813220603,-1.905566627894536,1.1579600971710842,0.1124232215519532,1.690221942781287,-0.0624636307767194,0.1020639963699792,0.5725115522351385,0.3968005897118253,-0.1672220676645768,0.1055578227369155,-0.6952645646234956,1.2731888732405967,-0.4131412916067687,0.32445447008187,-0.1502411083262915,1.0208013695297296,-0.2142472283451354,0.4263583271203811,-0.0177009345745814,-0.3286304846927351,0.3159203968553414,0.134877367654318,-0.8501696294434418,0.4370158137393958,0.5111994822850611,0.1536662238810207,0.0010097655935612,0.5839017449986545,-0.6247457476953224,-1.0289549233953066,-0.7873053950025839,0.0238660274031234,-0.3566531998345095,-0.3027547641543061,-0.275491541118704,0.3462491748172368,0.3089354387845319,-0.0080567388331481,0.1413964373583681,-0.6240405495658641,0.8201686439870733,0.2283713950904008,0.1632300650280745,-0.2423134001849301,2.6050180129999982
K,K1-2PrPCO7,KPrPCO7,K2PrPCO7,mp-aaabqyxr,0.2247029634107561,2.006604182232673,10.31422562468361,7.046097862883605,0.344965641965119,-1.4879357215362494,3.910734714020305,-0.3737611639237896,3.747255212989635,-2.498929413707152,-6.099942423977374,-2.369908232594544,-1.7437769155739933,-1.3730389373507188,-0.7130365413202382,-4.699076164440344,3.812244104008423,0.6286240067240393,2.829656960158627,-0.9731942095833552,-0.3329619701916479,-1.7462307610685948,2.296648704453967,0.6705622163235773,1.1644718787675703,-1.09942475509825,-0.6776056113811563,-2.904414884927008,1.9393533889734955,-0.5861629299467104,2.140134779247372,0.9725159258269016,-1.5214110879632383,-0.2684225048180186,0.7383566546533984,1.5551026140351447,-0.6448087542162133,1.3641792502650456,-0.507455635837331,1.0350168261629022,-0.137169883618239,-0.3587387563283231,-0.3491864593235697,1.6553036856230303,0.4439220081634635,-1.6627843322754448,-0.5270171569223652,0.8185857878343554,-1.0789805926897098,0.5530955812445179,-0.2209245359801892,1.326796602139654,-0.9552278625258102,0.7258167430622001,-0.4224965022503287,-1.001316886229225,-0.5157727310963997,0.7546420933194435,-1.2821434568406136,0.0235736378052212,0.5978321516156246,-0.2952841062513271,0.2778976574603524,0.7490668334596948,-0.3668107105361052,-1.0591835074408886,-0.9449119684174054,-0.2785342743402866,0.4791633470393062,-0.3838965341908067,0.3644031435995107,0.2957252682042557,-0.4272199532928201,0.2288418328949588,-0.0832642198302951,-0.5105026443574006,0.182040527090866,0.2415375939405974,0.3880136993062064,0.0626559936138964,4.088361002999996
K,K1-2TiPCO7,KTiPCO7,K2TiPCO7,mp-aaabrzgu,-1.3742531712966226,4.5615755442339925,5.537337427066459,0.0618706568409211,2.5497551825499096,-2.4368989293113965,7.1131433417019405,-0.690131314240013,2.8499438852303456,-5.833090274671484,-5.2434271874957314,-2.447198938039852,-4.272475883602765,0.2169039685063226,-0.8358635777197163,-1.5770471804532389,3.465024304107435,0.1595239049864451,0.7106544486550308,-0.8736607791807589,0.0591687149854605,-2.731027548720439,1.4218343615305005,2.731445029169951,0.5263442891658311,-0.4534910596443943,-0.1897842369459386,0.1193326487187645,1.5992160004270786,-1.1246179890345098,0.7796088913832421,-0.1911393047534356,-1.1309844086152037,-0.8557237771338186,2.4338239110907103,0.2086500466265161,0.2878913274035435,1.185342685440486,-1.00519861734557,1.6147710155763908,-1.6803795568085689,0.4665588264497939,0.5158992735780258,0.5422205551540352,-0.5578312934733585,0.3144597288133188,-0.1034530889645864,0.8281019059282447,-0.6757114585823455,0.886074989374177,-0.0965073663428323,0.7586619496967102,-0.0883519088124401,0.838045457260861,0.0369706029172423,0.8353110920052832,0.359766062783939,0.2387181001160435,-0.7620169574747441,0.3418823325827522,0.2801643120581952,-0.39310302119596,-0.1174511429727222,0.7074955462866979,-0.0024920175581417,-0.6064040714404545,-0.3962798133221273,0.1381567000883535,-0.3551884405700087,-0.1738228777805027,0.0119427968254519,0.0318175603034303,0.283077166177021,-0.4452357364470033,-0.194579038596238,-0.1325290815178875,0.5690246701541852,0.1196015281448946,0.3027300286671396,0.2010069612739356,1.37284692299999
K,K1-3VPCO7,KVPCO7,K3VPCO7,mp-aaabqzmd,-0.5192395906932925,4.693484929560007,6.048633572578952,-0.7654580809879501,2.310420437539317,-3.0143497406292967,7.257389741847438,-0.6420710567888058,2.827036675429539,-6.011166502591452,-4.604602076020887,-2.3605018303108896,-4.0901425524718285,-0.0120074047926536,-0.7062464128710767,-1.6569332532906178,3.3980742185867574,-0.1264488109926555,1.0449932208179946,-0.6421343577218084,0.8364264040667404,-2.9698182515556217,1.5854539109234993,3.2921454383680357,1.0129026102686178,-0.4629737688357987,0.1741397822592092,0.8404706571174128,1.9352448919597744,-1.4722328879108673,0.0428842606166519,-0.2894747495325589,-0.7638308924921745,-1.0580240021855836,2.212523960672748,-0.279850491774985,0.2844037669680208,0.1446306003254712,-0.8581356091774401,1.122476749689974,-1.534529324604743,0.6022384927056167,0.6958411121343031,0.5617510693899386,-0.7658400753327294,0.9228036255840388,-0.089143763953458,0.6220344474048265,-0.6038380531207862,0.8892485046004738,-0.3848795751883644,0.85831268004883,0.162327566739723,0.6683428261043308,-0.1974163204085193,0.85754879662997,0.0555488486899458,-0.1480915228261463,-0.3786647709080151,0.3086407942705275,0.0444104069996393,-0.5120912076261896,0.0676121278406148,0.2731306569297164,0.4854358455736327,-0.417121497910245,-0.469020875536071,-0.0895112678017799,-0.3697289582593347,-0.4147554847994051,-0.0585274427629537,0.0315447676312745,0.1816779475557421,-0.1217393755189319,0.1582571894315825,-0.1533719943086801,0.5736207700570526,-0.0550873427984705,0.2916881874133196,0.2286293416827776,2.367207291749999
K,K2-3TlPCO7,K2TlPCO7,K3TlPCO7,mp-aaacpavi,1.181001311517803,2.0177943536428278,13.087859135361938,7.585468737924958,-1.7816983081540985,-1.9337034822983208,2.2838665096088238,0.0764893854322893,3.961096112978987,-1.421876098572237,-5.154440247083851,-2.5742295589338484,-3.5685495309979447,-1.4328345638560411,1.5440569543925349,-4.194482597558636,2.1149084992677696,1.7994920057743156,2.9237435305990904,0.1577458460481536,-1.173427862464277,-3.4188892875025285,1.4509970635027083,1.184634717417193,2.057346779131885,-1.821390271411305,0.3072468635765542,-1.9419452855711403,2.3775874167863664,-0.7473325116484497,0.5068935973759775,1.425401245896594,-0.4457902756888939,-0.5606336003352539,-1.4242398310531696,1.427204883352752,-2.0960970866832525,0.6740259504548398,0.0720277812319927,1.3738860004254716,1.01220565602978,-0.50715698566353,0.1766288022736773,1.0925548216655925,0.7531409774355398,-0.6310981117450354,-0.6164280930986232,1.4242861348348337,-0.4081452835221998,0.1076044402832051,0.3616177239696098,1.7288333109205247,-0.6816046940672009,0.1801755579052265,-0.7637428949925178,-1.1901145279257668,-0.4341074922532413,0.3566486704263262,-0.8554392078459324,-0.0275274617262465,0.3287396906568124,-0.004293147544154,0.288724869974321,0.2133202927894537,-0.5572895521373654,-1.3842022684152704,-1.1259710544157753,-0.7306494054155745,-0.0268619118775668,-0.5530894004846326,0.2224873303326425,0.2789691381852808,-0.1002497225264346,-0.0690527362716436,0.4114741536422434,-0.4676833267030955,0.7642860851016794,0.4371176185564531,-0.0767577880532869,-0.3642297390137389,2.583352878000006
K,K0-1CrO2,CrO2,KCrO2,mp-aaachhjl,1.348074702518228,0.3973387573870478,-3.373179155511898,-1.1374614353556356,2.305834678595016,-9.063999314167088,7.08714146850887,-1.990589622578197,2.2127977574176403,-4.358479654828574,-0.0668362624147327,-0.1517010310731577,-1.2506019305827822,1.324839370850197,2.8258816066205705,3.168415731787978,3.9940284348951822,-2.1789322318403848,2.148401025378397,3.390390341953807,-0.506406202980675,-2.8421275775918518,-0.6540103356990705,2.991676929821708,1.0904277524264192,1.3498062380398224,1.947921375444168,1.3019195558146122,0.1189849802663304,-1.4159536830076878,-0.0127673746983061,0.2133063007759134,-2.056157394894488,-0.3803852259757933,3.194926359531039,-0.9542577728260636,0.4837077073615248,-1.3462701426871626,-0.7836172488865083,-0.7085052531470312,0.4767856484611776,0.3328816621084008,0.8039899707664657,0.4786279873503545,-0.6999520937782032,-1.256417715670748,-2.874050162477663,-0.994186187962652,0.2645680799475811,-1.9713741820307888,0.1559789629746286,-0.56362457617406,-0.2122745824305099,-0.4403515839196256,0.07723228456653,-0.5220021522358208,0.2770861507286489,-0.4008292706716177,0.054528993214041,0.3605115745890326,-0.0104463050601929,0.1583442204161874,0.0462996605726039,0.1213234053005009,0.8516604995666832,0.8502021445086857,-0.1899173243581877,-0.7053223745575421,-0.1963614257216738,-0.0096331465528235,0.4394816409947892,0.113048777904364,-0.7126595670802297,0.4849874459029725,0.0664185635318615,-0.456122227952966,-0.0169520884346187,0.0471331476135108,-0.3936730896250047,-0.2454357484279674,2.879478482999999
K,K0-1Cr3O8,Cr3O8,KCr3O8,mp-aaabfbke,1.5922385506399903,1.137117586720039,-5.518730387993413,-0.4262440524797422,1.7593240096498752,-7.033417006237315,6.715444283742597,-1.4491705387720737,1.9722488527768156,-4.673298483938716,-0.4567455033642071,0.4352890431272088,-2.099130979662631,1.109292262340411,1.677671511325786,3.110677183370816,4.06241379833451,-2.1907067483454417,1.3274620400615549,2.8016929768224474,-3.2985845472532107,-1.9746234376851488,-1.0759573407235252,3.153327195710712,0.7898672145271706,-1.1076716610844448,-0.3703963749153701,1.904890486212997,-0.0602025281075111,-0.6790217285191509,0.6113800746418748,0.2641054543190037,-1.965107521574444,-0.0987958040228181,3.053398195751159,-0.7670148568256306,0.4870829574258631,-0.6243481784836343,-1.1221807972208335,0.1862569803777072,0.7351717531423374,-0.2523425340614299,0.5967117699753389,0.2273468022106189,-0.8083797449067109,-1.4922919203397091,-2.4794472187026058,-0.8885174900470552,0.5570063520678412,-1.4465829470349694,0.8759769797459406,-0.7094019541793539,0.0501672400583875,-0.6229169105863629,-0.1148287277225888,0.086882105519484,0.6560447858940306,0.1515034800530738,-0.0450096844843925,0.1664685958371627,0.3831730542952198,-0.1665098466115322,0.1405301431134563,0.4436001794432095,0.430782072642614,0.3526029475099184,-0.2457719390266126,-0.0891879002507494,-0.4128224057811731,0.2930181971907534,0.3714588298956767,0.1351361320484926,0.4175360451972049,-0.2886737104115246,-0.1493019905857563,-0.1042953366426249,-0.3071513131018831,-0.0220536356733428,0.0754043371744948,0.1451383625280623,5.188686018000006
K,K0-1CrO3,CrO3,KCrO3,mp-aaaddjem,1.0517653383836545,0.6930465755709613,-4.034915763914794,-0.6347340651047731,1.5951804660780484,-8.534164051307489,7.168890162934565,-2.1140528703883232,2.310563714971735,-4.986777782395265,0.1675638473317875,0.2980997507957264,-1.907698659216509,1.1972968950648186,2.162854605489462,3.477172278176353,3.723379594783028,-1.5737165330769514,2.3391614593001413,3.144939508311253,0.7733449764387653,-3.295626182711012,-2.14156686596859,2.3050088965151887,0.4589644357304471,-0.1606868445473793,-1.0296772261858396,2.1234315691999166,0.3659440638113339,-0.8144908020890775,-0.4353745068479673,0.4944212071597052,-2.542295741801864,1.9345122441029112,2.385943822957187,-0.418728929251473,0.813850856943082,-1.0092937318572173,-0.666368737797671,-0.6863898232551217,-0.2526377800173172,-0.2163377009991026,1.004169744470654,0.9886085081098588,-1.5032348856271402,-1.5171595513050753,-2.816648196260151,-0.6857939321212647,0.525201297027511,-1.648764660944837,0.6559212600416329,-0.9394513001165864,-0.2417927978571826,-0.9606019198405754,0.0284291342470631,-0.2586349711122666,0.4208308251751991,-0.1699609078672316,0.0756836531919908,0.560801018184222,0.1204310753325037,-0.1243596280054621,-0.1716688807214097,0.3279647401277774,0.3749468316054739,0.8431964082098227,-0.2477273670318455,-0.7986886340921238,-0.201752797144266,-0.0490328046638174,0.4328611268303727,0.1589870678919601,-0.4750034214846979,0.2326438469995434,-0.0562620155589668,-0.5046566487411454,-0.1274725652053662,0.0681214223229851,-0.1439714986681426,0.0298623735020766,3.758477153000001
K,K0-1CrO2,CrO2,KCrO2,mp-aaaborph,1.369248158510929,0.5330214222716171,-3.393515387513108,-1.1974377829487282,2.193127422512182,-8.973567780677314,6.953779231907057,-1.9390131919894016,2.14769486454897,-4.417476643696969,-0.0521738484067468,-0.1401601299687669,-1.4482577583458112,1.3045941822312388,2.524607829232476,2.9920722882338016,4.124866318421212,-2.195363398870865,2.0701325824335384,3.335719707970436,-1.0066811189718747,-2.6215819836368923,0.4403227528942525,4.14790514135014,0.9697064597547106,-0.5775210983244348,0.5052799757130941,2.01373054560322,0.4250192431022804,-0.4358281678129451,0.6383086814647877,0.2578156261368967,-2.276340794351833,-0.6806408850059477,2.5786322819461853,-1.1328046781559782,0.7384274900798546,-1.57868828682865,-0.5276450762998278,-0.6424895305304326,0.3026351737694737,0.2811555999818976,0.9000401007214435,0.3618630062056295,-0.6247367341055778,-1.2348419218079798,-2.9398243282912024,-1.0774650994700636,0.4301621705934494,-1.9822550875778784,0.2032117994256396,-0.5160701280981553,-0.2260614287763464,-0.4197750673560387,0.0590467184425723,-0.5129374371660433,0.2475798292898894,-0.3354566165451434,0.0543682242102531,0.4346650380016822,0.0178938784802436,0.1910460797266295,0.0426641318114211,0.1282779648573436,0.8626205354988165,0.910441962608917,-0.1390292889369819,-0.7042102987318135,-0.1856160216387871,-0.0217110046460223,0.4276887841801277,0.1344469515713557,-0.7466586818636648,0.4927697922515781,0.066381407262825,-0.4295763447387478,-0.0472412178172492,0.0597347492847045,-0.4036730387213303,-0.2305903850312159,2.905168603
K,K0-0.25CrO2,CrO2,KCr4O8,mp-aaadbizw,1.9067766371842736,0.4814747711699651,-5.188530051872046,-0.6407179773414305,2.586214768523437,-7.373087655738062,7.004321916838265,-1.3651559360192715,2.021814264076807,-4.0978511617262345,-0.4333430981459983,0.06117036366491,-1.3476551644528685,1.180461933011223,2.016465645481736,3.0600262653953862,3.9803272433710815,-2.204485960450439,1.218689702187951,2.5873589291424435,-2.638722059339011,-2.452220612767108,-2.968178485298369,2.2193019940544225,1.5465090489704634,-0.5306880109414499,0.2503114446934942,1.7861972969588205,0.4458681389772798,2.248006605835549,-0.881451022217716,0.0747598799721494,-2.100327253961161,-0.5798819096852454,4.117780615121908,-0.2771398602783745,0.2291344386635937,-0.2002970840019353,-1.4978370778683123,0.0306637116188892,0.6933063244383696,-0.5105880948244527,-0.0030480785516059,0.0606573150722729,-0.398295910907899,-1.424247982565989,-2.307848003193057,-1.1299357943644333,0.2372802385163787,-1.0529860185254938,1.02348968237504,-0.7074988457191308,0.0404628174607183,-0.5261670341041337,-0.1899744057805892,0.0438198550508908,0.5074606585180317,-0.0020212635323453,-0.1183938490666167,-0.0776126939300635,0.4229633882250837,-0.1459777298672,0.1294348933545484,0.381112170825599,0.6090337093526426,0.3448162481391113,-0.2118854385141839,-0.008453105646607,-0.3629662211135795,0.3718981687448787,0.4015325970871929,0.118945267858093,0.6246070058408559,-0.3076671806619898,0.0163823421512935,0.0044275501878668,-0.3373456859307872,-0.015223652235081,0.1409497909206452,0.1014015441017253,4.168426773
K,K0-3Cr2(PS4)3,Cr2(PS4)3,K3Cr2(PS4)3,mp-aaabshog,-3.436550767031441,-7.863713150631245,-1.5642856004647532,-7.743781580874804,-6.0354092151952425,-0.6132329231125468,15.175067894134706,-0.2525861926254497,1.8546142003702992,-1.4490070125753154,-1.0618949380699252,1.2211889610054854,-2.625962986842617,1.503428113383644,0.7769672236923607,3.265986565566405,3.696081762246767,-2.355599136740671,3.886857039077617,2.738102905561304,-2.5872694152043847,-2.059998900125117,0.6673159232967334,3.1944726112992234,0.5525393299400745,-0.9196035576619502,-0.0078499189909694,1.9048092935387075,1.158571478157457,-1.0437160404657977,0.6125358169037621,-0.0424624519839933,-1.593165672350223,-0.3062902915036504,2.638935951385104,-0.5071225511450972,2.4044172126539487,-0.2648721462200146,-1.668374116226019,-0.5034337619601856,0.4290537291065362,0.2705624407381851,1.353717049887557,0.4269478132153545,-0.4414971681874166,-1.281039669296716,-1.4202031222873908,-1.128088701051879,-1.6912866058199023,-2.118606131816596,0.1194415240802738,-0.6566863775864394,-0.1682907529229742,-0.2800465948108883,0.4841703050915858,0.8179065584208502,-0.4455894872108673,-0.7665621527945511,-0.2851136292227573,-1.241021361253752,0.8379138470608013,0.1769365501702692,0.1856355055635787,-0.560138630438574,0.4533788625274396,0.8976846795401584,-0.9903159890056208,0.1272829823293131,-0.1542012140143639,0.6944678451806469,-0.2077574216962301,0.3659414454675855,0.1742490385503509,0.3745110787352879,0.3095829629110687,-0.2587227581955532,0.395938522743484,-1.036655112833351,-0.0417660947509811,-0.0338137712335719,3.144184157999999
K,K0-1CrP2S7,CrP2S7,KCrP2S7,mp-aaabrtcq,-3.479033503150839,-7.8975193063291105,-2.2704382219036137,-7.558171160154933,-6.423548408384576,0.2780908461065073,15.059385389671014,-0.1125843851617524,1.755235521671305,-1.6616263831812346,-1.307114963403628,1.491019150445268,-2.843491660746492,1.4427700838915745,0.574625436938358,3.3074246684848614,3.6438373816547136,-2.3696013921871586,3.642028706798015,2.54346054564524,-3.4823699304167803,-1.8316684700917687,0.1715211143715072,2.827481368208004,0.528317516923493,-1.0926049378612084,-0.2684217206903285,1.773539180016211,1.080441454239379,-1.1079653759489738,0.7160116722365524,-0.0513685111627434,-1.557510914246059,-0.1098497606799418,2.835306464675261,-0.3606117122290295,2.5508562540945885,0.1844299882409282,-1.8969330373064293,-0.2599413165882006,0.5477120111449144,0.0262766514961544,1.3539045935300476,0.3484258801245021,-0.5388395263710057,-1.3773568285894904,-1.2415119406878448,-0.967389898742562,-1.606421122422129,-2.0375290735506337,0.4817349297486115,-0.7605512515771639,-0.13415364489701,-0.1352395531315874,0.4776649248284675,1.0210014337318225,-0.3017358596682537,-0.806475937327463,-0.3394287625892437,-1.24619348465983,0.7961252680611438,-0.1512141512788276,0.1469452699039801,-0.232685854997466,0.3291236231214964,0.7992254537628596,-0.9529223322509056,0.4365744222567653,-0.2262683225345101,0.9070807272174072,-0.1542712269379428,0.3734872169463052,0.3618383870531902,-0.0859787738509591,0.1669864490388035,-0.0947784742285691,0.4641911317412264,-0.7640416134405784,-0.0499661156789229,-0.0284795732180508,3.272230903
K,K0-0.5CrS2,CrS2,K(CrS2)2,mp-aaadecog,-1.825957450480472,-9.447554784807318,-1.164040103346464,-9.633651594746752,-3.829746536455494,-2.1808428079533684,15.632254057239743,-0.4918627868113348,2.1644397035565386,0.0058070101111394,-1.17942663786465,1.4560802740592678,-1.787333684812721,1.812548917288351,1.8319129227264204,3.712667489817127,3.2597209240064604,-2.98461033107588,2.643566732271772,1.7726250721359054,-1.2588795367091854,-2.500334956281283,-2.779652563431209,2.426043171871155,0.640279787528968,-1.2642399668504882,0.420812082686694,2.563460501517644,0.0923051990118325,-1.69087767449505,0.8230423675138642,0.3545574423763474,-1.6829546050476916,-2.1844511417941024,1.89737264460915,-0.6308563626801554,1.529448963679469,-0.5112825238088625,-1.7908462559884424,-0.3190738909881556,0.1436113771751525,0.0465033575497674,0.527804165384072,-0.2948309769155461,-0.526157392368062,-1.5220264745884735,-1.8047980224732916,-1.1616290354937358,-1.3358472413715947,-1.6579693738160282,0.2437535868939236,-0.7866482076402098,0.0224835931469693,-0.3079742906351234,0.2584401568050694,0.4621337629844577,-0.431669884180805,-0.0151959565170637,-0.1690997882109883,-1.269513751169496,0.7097626391259857,-0.1427791883359925,0.2096465167986787,-0.6297373038254688,0.2388894730959906,0.4914336019949981,-1.0786948321601493,-0.0901449451956566,-0.276293594099078,0.548396354454412,0.1433592585587377,0.2500129391212523,-0.0725429163271783,0.3708416255217021,-0.5148689727512796,-0.4029713459466667,0.004467964532647,-0.5899795418319325,-0.2870486501988077,-0.2924819070166781,1.133084433
K,K0-0.5CrS2,CrS2,K(CrS2)2,mp-aaabqzgp,-1.825918275418856,-9.44543267501483,-1.1646220020281104,-9.63353299763322,-3.830229540157362,-2.1795124816819804,15.630586639618798,-0.4911966470065719,2.16404963202934,0.0058744663511088,-1.1803528828000016,1.4563444564213313,-1.7883763932161922,1.8122354857466223,1.8306508700583437,3.71164069965036,3.260771111223769,-2.9863789520918704,2.643100339387224,1.7735697855379076,-1.2684912087178777,-2.497180276400313,-2.7693197039971595,2.430673457488958,0.6419438838483819,-1.2600628636764166,0.4234438135509114,2.5656637724278344,0.0942212413135522,-1.69163954267528,0.824847819111228,0.3552864607153543,-1.684492577517719,-2.1887487865831345,1.8959101257668785,-0.632028406136233,1.5302650824819468,-0.5115038969558511,-1.7915626255446484,-0.3193611051309218,0.1454180690842194,0.0479919030368373,0.5273557220841495,-0.2962134647139575,-0.5248844790079986,-1.5219025678522684,-1.804486688872866,-1.1616938523000304,-1.3363658399996374,-1.658846460326686,0.2426826150942052,-0.7867037647569769,0.0226017782657663,-0.3073647549236095,0.2582381684066066,0.462687609500898,-0.4317737620830672,-0.0152011981057373,-0.1694600025602363,-1.269730114210192,0.7098887084961608,-0.1425360930524063,0.2099509225980736,-0.6304711546951478,0.2391053100034958,0.4913188712725922,-1.078340525560524,-0.0900466422717671,-0.2763365144640505,0.5487092075926889,0.1434745686160146,0.2504712190974596,-0.0722210209060388,0.3714334709465658,-0.5146259952531818,-0.4026375400396304,0.0047976112292858,-0.5899223004071528,-0.2872351409753901,-0.2926612036401387,2.513351982999999
K,K0-1Cs2CuF6,Cs2CuF6,Cs2KCuF6,mp-aaaabqlo,2.9960110145597887,3.3253809565786105,16.504578606779912,9.557196195424106,3.6244067291793423,-6.671165936332145,9.42460755389266,-6.25152379822282,4.9330438762133735,-4.845923853116387,4.385665130938091,3.5759886307238142,-2.6195997284371946,-2.1639876084485143,-1.8128855053122863,-0.1462130404357388,-0.9528543648598612,2.052819398202888,-0.247135186012493,-1.3135155660621796,2.1329009799901204,-2.663889437577,0.3642018972224961,0.8650189755434955,-0.2149393446213066,0.5825033514669422,-0.8639831043240813,0.4457984826484518,-0.5083718849002318,-0.4711510652746841,-0.2062252966064578,0.2441933754154584,0.0351029354190359,1.1366214901799223,-2.171783881498799,1.3468526347191518,-0.2792927358329987,1.1068174963895965,-0.3625841537679964,1.3692443298708084,0.7167861450549129,-1.1352266884155773,0.3027278453862173,-0.2628707237103685,0.940344960867718,1.3843470099911164,-1.6876426860020022,0.0650646933834097,-0.2170478970391293,-0.0147362029258925,-1.8921110527060976,0.4300102990179442,0.6716600056943365,0.4817710357254519,0.5521667469635866,-1.5379352537271098,-0.3066481780035159,1.1534405566097217,-1.2843154004811037,0.2152969678910302,0.1697237201745206,-0.5649404939414127,-1.1182726308199529,-0.0444062851301128,-0.5681440995646824,-0.8125179310538438,0.0886637931571629,0.5465710994095602,-0.5046485463548325,0.1059322515673685,0.1838440865566998,0.8150956697254905,-0.2507243027469717,0.6683975286657061,0.050181843965576,0.4291695710202632,-0.1545974941408902,-0.6079252357381799,-0.6711102826174591,-0.1757521362319321,5.228502603000003
K,K0-1Cs2MnF6,Cs2MnF6,Cs2KMnF6,mp-aaabftie,0.2768971944260331,6.192962198448939,15.882754817832566,9.020143347569618,1.3189995037323607,-9.332160526906662,10.3283793313843,1.13152006580455,-0.6796536524560433,-4.489796330557646,4.945520553722943,0.8541411904922721,-0.8738401939572578,-2.5180389032116635,-0.9372990315186888,-1.995917515029999,0.5011602483939598,3.1853344706395403,2.3445937503466943,-0.6765678174216586,1.766838159935065,-2.292587022961617,-0.9450477834676408,1.3907484589752312,-0.5912039294982125,0.6189446259778548,-1.329425736853044,0.2335429305492187,0.5557033042760873,-1.1157515002567702,-2.1352165798726563,-0.2430207023014197,0.7524873583642009,1.19477773825005,-2.1162902335612923,0.2093057021958558,1.1093761411368586,0.2924256931333692,0.3691435163563488,2.269712351052072,0.511238389213108,-0.4446102980126837,0.6435326839282799,-0.4726768234516825,2.0914053834759048,0.6441987469424897,-0.6453625032800083,-0.0313765774670103,0.2980064730359529,0.1353520217110487,-1.4373922191078536,0.4042824672336466,0.958817079359052,0.8372574188356208,0.5389496900768153,-0.780586650532179,-0.2835376735191161,2.4215475774058417,-0.93944062776446,0.2719985848740368,-0.6521126511792346,-0.3673133817415479,-0.531786333499375,-0.3929856424916061,-0.4260001708362074,-1.0603312948541594,-0.1009199431645142,0.5784897301477009,-0.165957793064611,0.1463932483997518,0.486193097833537,1.0742277914919671,-0.2117041492964582,0.6084884972355473,0.2322048121840294,0.4691849363126909,-0.0955897091131551,-0.4884666925694705,-0.2462271839107841,0.1263187381769581,3.672144372999994
K,K0-1Cs2PdF6,Cs2PdF6,Cs2KPdF6,mp-aaabcsqr,2.988151338666118,4.413051286136431,16.179163105568414,8.769113918434794,2.1088064548196823,-9.198501489810166,9.075786038430708,-1.0315877311914123,2.643978052613963,-4.37086251614868,1.7683101445701184,5.068667595942237,-1.80076993994179,-2.9317071800623897,-1.0397708789074491,-1.6428922390189655,-1.272776889913271,0.7397316992346693,2.000684644046102,-2.99220649710085,1.7887427222574384,-2.9226348681205945,-0.2012585760281567,0.3941288222537303,0.7136062960946017,-0.1023223025226595,-1.5160727170389985,0.5182760626610282,0.4519353722365746,-1.577388814054902,-2.698212785474216,0.0342189213045991,1.278593796251932,0.907991225199469,-2.5311306490512124,0.6988855716038875,0.9352220172621376,-1.4749275212901976,0.4465659640244698,0.6835342957310605,1.4082353275893658,-0.9808232658021184,0.1750315692641946,-0.3124225463982147,1.2821154028850454,1.144951778799572,-0.896351297170584,1.8770543186560695,0.1935859914069101,-0.3327252950835689,-0.7369204651419926,0.4924275008239578,1.127418825063916,0.4157259912101232,-0.6368952038851022,-1.2542347328108636,-0.8874141550911795,0.7479231977932633,-0.5763282969995169,-0.0313478700439182,0.0907624550126579,-0.7923793138480844,-0.5935462603742325,-0.3823731903745453,-0.3942021219803958,-1.566413107695667,-0.1174486771739866,0.1316332573281303,-0.6222402969922163,0.1227347381784002,0.5583290960447153,1.013326949602993,-0.1082833947236692,1.0212005955575287,0.015379178607841,0.2329692328905783,-0.2537736088941641,-0.6699323006582009,-0.6537564878673903,-0.0021115515642105,3.376871142999996
K,K0-1Cs2NiF6,Cs2NiF6,Cs2KNiF6,mp-aaabngpp,3.8750549330728,4.749373845597974,15.12448199280503,7.715423456924641,2.076338680096591,-9.296060659854032,9.815360933937852,-2.2771736536627305,1.6345416942691722,-5.584900576983133,2.7662716632462256,5.257810586225737,-2.805907928646168,-2.1190597100694517,-0.0796145657714634,-0.7241097525142438,-0.9748310358983218,0.8889404463883503,1.4171344412247302,-3.674112510866829,2.086062799105993,-2.773960071531501,0.0951145488553095,0.6308924180967518,-0.1088453219963816,0.4309528921596255,-0.93047746408849,-0.1949565804456867,-0.0688998601434138,-0.4803008962143447,-1.00795099377552,0.1489944166887807,0.201263779600242,1.48553906244984,-2.660319217589133,1.1089665419776882,1.412458386190207,0.3078937758856293,-0.2173777500299089,1.9708106186749157,1.2509666387408902,-0.9263926994879726,-0.0590580456762936,-0.3057987690391401,1.1874224731570884,0.7301923596609752,-1.8230576931960571,0.411723606721468,-0.4878983796413466,-0.0413088483860674,-1.505552424490022,0.2401196095714393,0.8781153356801392,0.9084863187103412,0.1999171567637968,-1.2791692964681551,-0.5388124652185537,0.949060077474124,-0.6737489323158887,0.5037383790848622,0.0902380407257498,-0.5546782472876584,-0.7732362516079161,-0.0021359095255433,-0.514415205027014,-0.910461064330529,-0.0120461064257018,0.4833643148514809,-0.5183718391930592,0.2661488017806518,0.2904186033236345,0.9585941622803482,-0.1498678509089764,0.8284334451851714,0.0811723855657792,0.4009916186435671,-0.2258196025330423,-0.569065249020681,-0.4593158209596529,-0.1974913741177062,4.485655472999994
K,K0-1Rb2CuF6,Rb2CuF6,KRb2CuF6,mp-aaacqqrm,0.1665976399508825,3.9293341590848647,12.797174198078132,6.472752405128802,4.417756726846192,-4.96975756800155,7.654997774610816,-7.052357952709915,4.629814238395928,-3.840977074661949,4.290370797253269,2.932360812382349,-2.904825020080805,-1.588471586307309,-2.5175855126292164,0.1629884910011349,-0.5014588341865666,0.07797325895888,-0.052440668846082,-0.6771846900780332,2.616222796615056,-1.8624303103388995,0.3137710823771238,0.0309509520786784,-0.0373772389977759,0.3588127267792658,-1.2466052932339098,0.3229096408633445,-1.139064736601035,-0.3684116509379458,-0.2081070438828866,0.023350612817398,-0.1400662098034522,1.3922237295889368,-1.6933297387645083,1.389568580854021,-0.2627619957013923,1.0296360266381648,-0.1446855198174242,1.0047924206399377,0.3139753281675133,-1.0768985072285902,-0.0276467328813428,-0.7247007660770647,0.3678384130242835,1.2833578831043793,-1.265154325526286,0.5090258239050134,-1.0761578559237106,-0.1020654821133572,-1.2621165960158174,0.2271649986814572,0.1069714802438318,0.7352647987571442,0.1298979801702936,-1.2258326515876676,-0.4453951674420349,0.7985398536906755,-1.2162166217012025,0.3737496104105437,0.1967843033132441,-0.5966909601685904,-0.7569924838865527,0.0652355619546351,-0.2853473884368172,-1.006017017247462,0.1758030220993185,0.111902897315424,-0.6457181080540924,-0.0700895984777324,-0.1772022658012731,0.7701842584925362,-0.2049186637396814,0.347495784288043,-0.0929363080865674,0.1462187225245831,-0.0325245728920116,-0.4474343254027266,-0.5565724434000096,-0.0268929117417857,5.182570613000003
K,K0-2TiCuF6,TiCuF6,K2TiCuF6,mp-aaacgjak,-0.7468423713510951,3.467796524930493,1.6026858764698395,2.4993577919104384,4.349952035641876,-3.988034405080478,3.247064810068857,-6.4349051109074695,6.600592415529408,-0.2123406895125924,2.141786271002119,0.6192556590103744,-4.0764926850407965,0.7645186543961576,-4.115001667956114,3.0069953755578998,3.276684407209109,-2.109195670200883,2.2986342095935126,2.1239581503948504,-0.165417017978045,-0.1419839832331813,-0.5810323550216885,1.1813618767871985,0.8869449319885357,0.994934504377766,-0.1395950131836018,2.433344673443387,1.3447668588604549,-1.1751687428337994,0.3677149232419159,0.0791131380595101,-0.1974473853457087,-1.1773723821227982,0.3444595158911072,0.3407516892482268,0.2406745230088574,-1.127807698413025,-0.4733718494176788,-1.2684418982047792,0.5094732814201708,-0.8658925436929943,-0.5795347836033937,0.1746380582903244,0.4450671333823099,0.02181054208549,-0.8814990248912453,0.1883267562628403,-0.8363334326301834,-1.83465890527048,-0.5396069346804769,-0.0565971343653662,-0.7667279330311307,-0.1852143091294899,-0.0488579252802494,-1.2777697799607766,0.1685774989584201,-0.6577608189614905,-0.6077469929736816,-0.1579399261494842,0.626360400823624,0.556628044831434,0.1905093717701591,-0.6890700853225835,0.0925962992550157,0.7564055960349636,0.1270396246964511,-0.8142600874722983,0.783788292067443,-0.3011176887738677,-0.2211629282266346,-0.7838717546025622,-1.08162242363652,0.9548260769291164,0.743015222845777,-0.2064295713772747,-0.3748497803602839,0.4020480991721049,-0.568697184118593,-0.0634482511891044,2.4863504130000003
K,K0-1Cu4(PO4)3,Cu4(PO4)3,KCu4(PO4)3,mp-aaabmhul,-2.1056535346091825,-1.36188068041914,0.6153002529147779,3.830375500766841,-0.4635037863748226,2.035075043417544,2.86485960134503,-6.876377755631321,7.244139076070279,-4.281689843164008,2.0259291005725006,-1.940061855051336,-1.0221414110279283,-0.9318887397488854,-1.7006250832738914,0.2188949304591871,2.8760270648274533,-3.2479764535917197,1.4903373113169514,1.8251135656443456,-2.0188243248286404,0.3333589582619958,-1.556903584568246,0.6795401397549408,1.3397842381400376,1.6517356407550745,-1.449208311567041,1.7519483453702682,0.9312797343877688,-0.7231240499150048,0.8314766313326664,-0.1757175970974514,-0.4088910976935649,-0.9048478899045728,1.4087225868939266,-0.2596764519862019,1.0715648128099022,-0.9582545176516404,-0.5432651792163781,-0.5270105116198237,0.4506373250689556,-0.5466442382765894,-0.1903487783856308,-0.5206512760855269,0.5782102615015716,-1.024547503307534,-0.598136251165889,-0.9480484895193452,0.8730728151452043,-0.4549830464847507,0.6661357779459305,0.2712714757258506,0.1272466226800098,-0.1926622520765147,0.2825278075888907,-0.33592206619473,0.1060845894454592,0.6416702998932361,-0.5162190484797587,0.1135366771306694,1.0835838776691495,-0.2555649560823608,0.0716816193645678,0.0564515997858316,-0.5378052330886917,-0.0585881195793724,-0.3480797964479185,-0.0520505841745513,0.2803971817272861,0.5551153773858485,-0.2023897208341417,-0.2917368514136657,-0.0718967184060511,-0.427112205883892,-0.1391304696290783,0.158940161482524,-0.3565515275235983,0.5398712978149603,-0.0322032135591749,0.1186113500547528,4.51486794300002
K,K0-1VCu3Se4,VCu3Se4,KVCu3Se4,mp-aaaabgip,-1.9583444547837785,-12.609212893767058,5.505238767356373,-6.953038238379016,1.8306448602820635,-1.7660935275325509,4.10526370423167,-5.086709283231333,5.105330716723859,-3.517126319954217,2.616786832964249,-6.230692950247616,0.2060259626547141,1.7598490192939849,-6.737642095184487,2.2751593426532017,-0.3928576759261961,-3.5524904353563485,0.2309676745370753,1.4960788475158546,-1.6804701692394153,0.3467184639866517,-3.4278939954504715,1.9750983779622775,0.6995858743524236,-0.5155482779510375,-1.1729392216021126,-0.8436123447023786,0.8362172731647038,-1.5775130113358735,-1.9332384342292523,1.0208357820290666,0.024883800348793,0.4448900888789688,-1.2997502128259075,1.3963731526576664,1.2441202096931108,1.5403530722599654,0.3434841126749945,-1.042687487873209,0.0089151965182329,-0.451663564274089,0.2822673627948283,0.9594777169587496,0.2104268810221079,0.1794274074087397,0.5077758450997645,-0.032338893913049,1.3515359407691454,-1.3208097485280192,1.3518697126082084,-0.1952782623513677,-0.3215577371336837,1.0109666582451076,0.3141520384443929,-0.0625016862340554,-1.254521079769745,0.6653557091546791,1.4239926739934543,0.5753782432573173,0.2953666990705643,0.2533023305284083,0.9366882705471564,-1.396227890286726,-2.1332760308270786,-0.3928958369220032,-0.5200070636846994,-0.0487797495244729,0.255410845023396,0.3847360425758108,0.1626588490717673,-1.5415985215244623,0.267460982234805,0.4126166025274605,0.1535150725834234,0.6798889879938895,-0.1387657053911914,1.1479765164557385,-0.2893807231171994,-0.4324744897802384,0.337653703000001
K,K0.5-0.6FeF3,KFe2F6,K3Fe5F15,mp-aaacrqgo,-0.3141755255969474,6.122629567874483,4.439201039431239,2.3367956879463705,3.7262048274808848,-5.743287394167522,7.884311193847653,-1.9842257012559297,0.2354281276706202,-2.706942283006072,3.427474606625796,1.6308729609986743,-5.842087652342893,-0.7579776847084052,-1.1601971363991463,-1.2213292758550485,1.929469397508268,-3.1129790972482088,1.9197456977271887,-1.5189595297760077,-1.5582819757285518,-2.622660155663316,-2.4924763170795288,2.1028376705931904,1.3596493242094243,-0.2927213343813045,0.4912429670606619,0.707560454587918,-0.2462673420700863,2.3595238556615064,-0.8969742488887743,-0.5839184964516597,-0.9717034861931452,-1.071325805618773,4.219484307195039,-0.8929803133735604,-1.1403027766461142,-0.171206350275594,-2.1289827844032274,-0.6643852223651587,-0.8367776568890327,-0.2522715907433727,-0.1331608296004557,0.5425240114163812,-1.5763630257401082,0.176014905853931,-0.2142613760211478,0.9853749091963911,-0.6326508083888086,1.376483427831649,0.0446664091855757,-0.1968125388945415,0.4424491759250905,0.1440398124472535,-0.3480188876687152,1.096049997565289,-0.40885443952492,1.5873393551017736,-0.6807132729822594,-0.1689671208408558,0.8154924631192931,-0.3613726311232503,-0.5340193769499098,0.9800675593736704,0.6883941409093635,-0.7735471349052718,0.2089220596583405,0.4673598033698713,-0.4462723806678426,0.433380348704513,0.1800769565693123,0.102204699234598,1.3436546773862108,-0.4076488084744279,-0.1367683174489386,-0.0359768378041456,0.4321241156937725,-0.3985647245112323,-0.5272749120297695,-0.0533237617716901,4.090842692999986
K,K0-1FeF3,FeF3,KFeF3,mp-aaabfusi,-1.6451740664739765,3.2086724082545905,-2.431494093596794,3.13024130752026,2.368077216227989,-8.550856706601051,5.326982368424278,-3.0601059129768995,3.074491282813051,-0.3829222998189034,4.033708784095522,-0.301056071794046,-5.26756286103318,0.6036386214529098,0.0606138192682345,0.7363234252107996,3.3134606677487457,-3.019342034063769,4.418497847721454,-0.0059191532146355,1.0287751125344429,-2.2062507418933226,-2.4801884151703963,1.7338619866625924,0.2583052660636164,-0.3071710786032731,-1.4195765890697485,0.0042007300931577,0.4332840695707697,-0.8412855147055145,-0.7576771222822402,0.2808402164574597,-2.01947399939301,2.2002485159695278,2.0597531566650638,-0.697883435517021,1.091019580533659,-1.543147658859603,-0.5999239269061107,-1.366658662873079,-0.2781784346653014,-0.600178194128942,0.4079367506836231,0.6687665084029135,-0.803389650297758,-0.9159944378098346,-1.6788294517672433,-0.6991668097289327,-0.2777256756238104,-1.09976868708298,0.0242261685381811,-1.2053989164610783,-0.8589931852184722,-0.500800087808582,0.0543995792794479,-0.032101995422493,0.8270392345140662,0.2793189851154244,0.4969249666056776,0.8484140939378438,0.291278450255073,0.6138145977790103,0.1446544180834835,-0.2692158664058415,0.3958216692480009,0.892552953048155,0.0607724688178365,-0.5502314152781472,0.2821482605141386,-0.2698869951250466,-0.3745270264820322,-0.4387399728522967,-0.7870803389463247,0.4327464041941138,0.3448771073085189,-0.5045551555286975,-0.0922543942982015,0.1055621501762827,-0.1645004670093096,-0.1153855475932497,2.037159313
K,K0-0.25FeSb3,FeSb3,K(FeSb3)4,mp-aaacdhjx,-2.5187517391814693,-18.36901589534552,3.9954201174748665,-4.537802979691956,-4.611996559544989,-6.261085301722646,3.666578915293561,1.7512202322614154,0.1596408776087859,-5.1112483566535545,0.9103816774482218,-5.296440913639444,-1.7252865206951855,2.500071928876894,-2.1084249389906646,0.4718545603559876,-0.0011872417692579,-4.981114174854531,0.9644470484672,-2.6115452410322844,-4.544362513049108,-0.2753861977837223,-4.602753267310874,1.9688100267851336,0.1784879704889867,-0.4007524772324171,-0.5322405467058056,-0.8146711996707249,0.3846721534581485,-0.2383767331401217,-1.1951207842143183,1.1846228585836944,-2.127436309109135,2.177851873130148,-0.9585928497958648,-0.0150889778063699,1.3254462407330931,2.5313375116161074,0.1817036991298262,1.5992269586945889,-0.1653909378096698,-1.1711087878475404,1.4910042384956306,1.261468074568409,-0.0902175207432887,2.281538483813013,-0.5077610944917034,0.0612871266378244,-0.0477297844870702,-2.168161183767785,0.0020815603214324,-0.4795273107874491,-0.6594346439228664,-0.0590858879378152,2.1639851561343524,-0.1663242706557559,0.086020138352044,-0.1935114647950424,0.6412053931282196,0.8132744760694234,-0.2758410235001508,-0.709835793279948,-0.2548425699561655,-0.971870864605788,-1.1100484380153612,-0.5166247493277113,-0.0056831233976305,1.1278353611921272,0.2619413420687097,0.0767733577545462,0.7613166924202871,-2.357881960884176,0.6499153332953616,1.0192084784921007,-0.8368958300796253,0.3292242939468172,-0.476429498523277,0.1785920274819352,0.2474067469124946,-1.1796544449113622,1.127557782999993
K,K0.38-0.5FeSe,K3(FeSe)8,K(FeSe)2,mp-aaacrrpz,-2.103421987798678,-8.581559210779062,8.905712347603103,-6.524245604589398,1.3205278622564072,-6.595089801271387,7.883024609137511,-0.3644316849515328,-1.791475834795279,-5.30900035353257,2.28074492016922,-2.7995802639002845,-2.560820902126364,0.911644230997394,-2.0514301307249325,-1.311113337487772,-1.4910005215840894,-5.836813617395409,-0.8533182944120618,-1.5985408352250416,-3.2325051814173835,-2.0582323857995184,-2.3251792204344577,2.1352127880658425,0.7226641906960087,0.1129725014867252,0.5265974670415977,-2.262028745424762,0.6562295838404862,3.310371294149566,-1.228381724056155,-0.158188151367434,0.1309102655719307,-1.5761045528834103,-0.2537526669091695,-0.0159151891787479,-0.8648259530268148,4.432103968545153,-0.5170288058211547,0.4553298085156042,0.4124213086092963,0.8593617214552721,0.1213557882064149,1.4069253010457687,0.8079935039720074,1.7129063098784367,-0.3120969488483411,0.2256458155660783,-0.2364046263997856,0.7553202074648356,-0.5754898149170441,0.1336101928072724,-0.5624630118692944,0.9783931008754704,0.1534074479800558,0.134481685515265,-0.9552320456440562,-0.2699976429279935,0.8805238770213513,0.4974621524010789,0.1410262474407325,-0.7007672706934821,-0.489207893106923,0.5146350061953235,-0.4832526999183972,-1.6138295155185125,0.1310229388281569,0.0583606337538242,-0.5444759553001707,0.5717121474633026,0.3463355600557922,-1.2903462384654298,0.2878574091439171,-0.6801295908427032,0.4829489654993562,0.7467075601781521,0.3743163334391007,1.3578279600856,-0.4036573547838436,-0.2048727838323503,1.380262573000003
K,K0-4MnH6(S2O9)2,MnH6(S2O9)2,K4MnH6(S2O9)2,mp-aaabsjrj,-7.00762812924453,4.213128773152377,0.5415638257034778,2.028768339571708,-4.861852298119171,0.6865542576026229,12.166833367295292,0.1259013450068326,2.283228897770388,2.905515669951038,1.2491570488127812,3.063446717801196,-4.033190529824235,-0.9026578494501252,4.38528000396542,-0.0073657945339022,7.723227107733114,-0.1099363456990765,2.427321613510031,2.993006887579197,1.06717199384749,0.1357835239643728,-0.4875105699662067,1.531529426371279,0.2773597323764905,1.7097583955766047,1.0913079359995774,3.317177221023181,0.0199909864880683,-1.9539317170316424,-0.2356837821297368,-0.6780264759121444,-1.7379404285293654,2.1905187230287,3.8599762022085593,-0.939115452464396,-0.1329313566599816,-1.5038232361331614,-1.0434444529395652,1.5977423398483654,0.9728028607451452,-0.6991221654723169,-0.4722644445392359,0.2061514976216584,1.499046257032633,0.7317811847419515,0.8063978524353863,0.4358091260443822,0.4489316542300324,-1.6018129121668954,0.4002449380707721,-1.2627116291709124,-0.0105638049071976,1.014906592478908,0.3014404911140402,-0.2227105056041188,0.3076550983310744,0.6860509791328662,1.286707765111913,-0.8278447279946963,-0.4161683756261869,0.4065156135884638,0.2330903925585446,0.084658022068704,-0.1237115931407257,0.657494563356216,0.1481203261343098,-0.280848227478754,0.5216746846695038,0.2311781718374066,-0.3244336879410602,0.1530290431493045,0.1289314878391119,0.2308295596872013,1.2911460444876046,-0.0892052257570418,0.5750875155005799,-0.4663856661885818,0.4281284289737361,0.0683474232870618,4.321956570499999
K,K0-2MnH8(SO6)2,MnH8(SO6)2,K2MnH8(SO6)2,mp-aaabshfb,-6.714973277029016,4.786186473062884,0.3506558522889478,1.6509916413098231,-4.413850834623007,0.9275694006626996,11.54322549477518,0.2896103777856236,2.0385803731442214,3.058354672208603,1.1442958282146518,3.433502765647147,-4.064075032432239,-1.2023143257844544,4.263375713664558,-0.2621786497402152,8.262230225530676,-0.1843810712962576,1.9516440612380503,3.139856452053907,0.3492222504829171,0.2470262796249499,0.3058298591052463,2.46491260191677,0.5352658804008896,-0.4537717779554986,-0.4062958076216215,4.2024242766026,0.03501900147864,-1.0966050228036628,0.3779548807015294,-0.7897750217464518,-1.7208039770351082,2.131644410404881,3.1208842075051733,-1.3818721973391797,0.1270420535233464,-1.7902936097162216,-1.2293575726566883,1.966726477967616,0.7035395125916186,-0.9243624476152892,-0.8727322201588562,0.0022661782377745,1.634545708980795,0.7238552356876133,1.3207458537101369,0.2386805126486953,0.9057827303827344,-1.4630847378548455,0.6793496009783406,-1.6163647660187483,-0.4248831516384074,0.8290858408160511,-0.0709848759723314,-0.4218028117678968,0.4703610900678708,1.3824697257619305,1.3465035216707422,-0.9521930089024354,-0.0220179517142797,0.321882217408687,0.023944284147751,0.1069672617528342,-0.495425622115875,0.2968973825327856,0.4773385196059784,-0.0882875133006936,-0.0123472172637256,0.719075527789859,-0.3692915654006624,0.0417992311450659,0.4680350695329305,-0.2084798850018506,0.4800461606209769,0.1087639411647151,-0.2734409104595707,0.082975702456743,0.5862824939515552,0.0244803263921975,4.605600023000001
K,K0-2NiH12(SO7)2,NiH12(SO7)2,K2NiH12(SO7)2,mp-aaackris,-3.3475514007897216,4.00007504793034,-1.0358117804423297,0.3450490358031975,-4.581258890539093,1.2792817843062705,11.140728277118654,-2.3036108161740385,3.485808690436805,2.32104854355422,0.1155920766414491,6.191255868430845,-4.980798923332224,-1.629675486379106,4.491512841235838,-0.0589967567059586,7.481327149004055,-1.623464359133563,2.136081278339672,1.9054084234081576,0.3287280918218769,-0.7069916946276892,0.7913312119030173,1.988467206704183,0.5577708175789421,-0.5968152351641185,-0.0122355393003844,2.9813632284983127,-0.1586075245961013,-0.4154635045849426,1.6902626489358072,-0.4172990771115816,-2.5068843000014134,2.731856196055148,2.9401449379600337,-1.136995798320083,0.7276572520195557,-1.9929532206189824,-1.5076481069383576,0.9634717027261034,1.8113126745158143,-1.4715421692072308,-1.8355496597778205,-0.2906654211302767,1.0774761393641452,0.8490311366568486,1.1910760031387544,-0.0598725471605837,1.0116125383802208,-1.8226492853111889,0.7212969135553207,-1.5537671682532528,-1.2185442515982683,0.0520554061834811,0.0748871426248867,-1.0441881102658606,0.4655651139942365,1.2165143947534485,1.4911344898208898,-0.9909949866866522,0.7625175125267016,-0.1798889391043305,-0.132923142710423,0.3615693174619095,-0.6453016560603411,-0.0676101001594374,0.5060625761235905,-0.2266206290765268,-0.6583240644673014,1.3299855328547223,-0.5379331371965713,-0.1134969839515276,0.7486514799575389,-0.1423997940641679,0.2213217734907421,0.216527720775384,-0.2198253100256153,0.3689649372176044,0.5305245619214727,-0.642051236229997,5.152054105499992
K,K0-1MgMn4O8,MgMn4O8,KMgMn4O8,mp-aaadbqbt,-3.6699672740810505,2.369731192123937,2.469415947835063,1.271710006645275,0.6445511251835455,-2.547393536938773,4.395759527084101,0.1923957103433146,0.8625541907289731,-2.6989341635301964,1.4528677391060885,-3.5841568941429447,0.0330849424308905,0.2098089992467847,-0.3778086093764631,0.15833772473996,4.046119333781152,-1.9701954599623457,0.4141021497038815,2.0661953594713856,-2.2781325635902947,1.2126438839753066,-1.1140521553583411,1.8350285840540708,-0.3875207714368939,-0.848238326746563,-1.041695106676901,0.3251432413620223,-0.3724283678405946,-0.5909945229355967,-0.761100427330199,-0.2356564870396798,-0.0740357730180253,-0.073587073726306,-0.1768039555421456,-1.020528355869296,0.1502128303242748,-1.5078039325846742,-0.1541792822639974,-0.3279903704211048,1.5703253262002488,-0.9912907939466784,-1.0847571014823012,0.4681440976071184,1.5077902403543102,0.1071766043638818,-0.3421736307675218,0.4665730029403003,-0.7605092027572676,-0.3482607783669849,0.5282761750298364,-0.059530321242701,-1.2525287056916907,0.5056821972533214,-0.8052068650679621,-1.2198522023707798,0.3536888872438968,-0.1465873790341794,0.0196165959110946,-0.255164765537327,1.1476688146755103,-0.0178125256152789,0.059364173923397,-0.9112624987113652,-0.1853216380931303,-0.268791592122176,-0.2535980718149399,-0.3487143413725717,0.5055428882506356,0.3397164641538986,0.2540522891773796,-0.3830233735456737,0.2528292191115113,0.7518677927841986,-0.0844517991965474,0.2990019239115202,-0.2271517127976069,1.0489443711136266,0.2219991840396624,-0.1516132607514377,2.345968633000005
K,K0-1MgMn4O8,MgMn4O8,KMgMn4O8,mp-aaaewgho,-3.641143175797842,2.163930190518274,2.556814744646127,1.3597210378364155,0.837177691101031,-2.6496047160694487,4.603296752199393,0.1653291914199105,0.9438221596005798,-2.5916269313364566,1.5158226434421238,-3.544272776471338,0.3778610941244529,0.232505046200437,-0.2782936785860483,0.3374855635762631,3.985270029415208,-1.8833782400370949,0.4948980855670634,2.0081287846849283,-1.304243449505408,0.8775535293950067,-2.809084666546409,0.6823719500969635,0.2698579166198228,-0.3758650868896923,-0.3635510712770509,0.3468932206441746,0.4970095557342932,2.206621374468434,-2.2959003191114222,-0.5078652948857727,-0.1230235633499396,-0.3671781162947364,1.043999680742772,-0.49559817963721,0.056620343290357,-0.9303923494185068,-0.536008752409212,-0.5604626175313304,1.7259652225203077,-1.0964388951874309,-1.5757679128668252,0.5165372367521774,1.7978547833560774,0.2773919020009294,-0.190863483157861,0.4640359717444584,-1.0695863769342124,-0.0857665497777812,0.5037061626742769,-0.1735111397909939,-1.148520540654339,0.4021669989490157,-0.9571065573178952,-1.2335818010271196,0.3174929396514686,-0.2153277241275094,-0.0652847613431153,-0.4459949681138059,1.1960398146726356,-0.0329080010027885,0.0017674127212958,-0.9270983862812228,-0.2579823525677115,-0.2900466676525785,-0.2898284527940906,-0.3550558634610162,0.5035917443767258,0.3728075757214566,0.2660963871233659,-0.3456673923463377,0.2783810374110813,0.7043472715184602,-0.0457814527903798,0.2587863063353029,-0.219311248455842,1.0654782194751549,0.2412173093851115,-0.133964751737485,3.838340922999996
K,K0-1MgMn4O8,MgMn4O8,KMgMn4O8,mp-aaadbdkd,-3.689499180499201,2.100867362699922,2.5318728769933,1.2458194479618032,0.6742208093820189,-2.682577895292096,4.717992457198275,0.125942755533673,0.8592247377014597,-2.546800147407867,1.5977071961817833,-3.5871503711035704,0.3137938267613787,0.3040040290282811,-0.1582620412458747,0.4528598307800185,3.898548330592975,-1.9215236713096169,0.3448421430143346,1.7794042716912315,-0.3068855690580948,0.6780925473765226,-3.779239708563553,-0.0359200059233923,-0.6696390901664824,-1.1878306141608697,-1.016663893797508,0.010060933478128,-0.1633096686560794,-1.1936288907801418,-0.1318689919027352,-0.2044866401515754,-0.3690672876002877,-1.201772750185431,-0.0096181856222302,-1.4319030180977967,-0.1932111806162248,-1.5293353589770908,-0.2111510831041571,-0.01808660941899,1.688363128502992,-0.9848528755409718,-1.0166281673190083,0.5843101067060872,1.4818429875926475,0.2464576796919356,-0.4663483372892371,0.5235567733011395,-0.5618502941013263,-0.2876359762851941,0.4662404851165128,0.1079703072398381,-1.1648677281233968,0.4013037879556242,-0.7147476976056443,-1.2984619279626188,0.3947393331942062,-0.1175604168038649,0.1270614165773048,-0.3031164380817807,1.106524870205696,4.7744565405718185e-05,0.0392794645112429,-0.8465741345739587,-0.2317577540350932,-0.345892786816997,-0.310701960264599,-0.3554727625384295,0.4905890087193802,0.3637230893349381,0.2362204782604998,-0.4349365402557298,0.2002214424205928,0.6593482671530488,-0.1343448404052678,0.2307158421105394,-0.247544664856442,1.05911290309598,0.2631094262688255,-0.0900266155708483,1.112411723000001
K,K0-4MgMn4O8,MgMn4O8,K4MgMn4O8,mp-aaaewgue,-3.968279442718566,1.8544672517124736,4.083848742693976,0.92829709542291,0.9060390971673776,-4.241654835403044,4.841464296368617,-0.4226964263531363,1.1708211260207797,-2.8072346260123733,1.854285666906833,-3.582735938129733,0.6081096124471105,0.3386804556462265,0.3393895527188079,0.4682096338488862,3.927633390195272,-1.7832681006031543,1.2713071679328245,2.58892870298468,0.9023167484764584,0.2890486272737007,-1.6279776917081197,1.3464811764706746,0.1938645191744828,-0.0277098475598847,0.255653758826907,0.5260022193982193,1.1010063839735993,2.346195085191895,-2.3473544845871555,-0.5704095730543826,-0.2768584218990493,-0.6309992296876294,0.773435372150904,-0.7191707182043712,0.1225413581692101,-1.6861153898611965,-0.0732920646955088,-1.157840745152632,1.5537732452322892,-0.5119538777177027,-1.34926924208788,0.8303114766498423,2.0346271194792656,0.5541164916497354,-0.7461903880160984,0.2396801840849341,-1.213915525601273,-0.373175666569128,-0.1785928009048036,-0.0769972727945324,-1.1497128461205088,0.4181535105228531,-0.7096266336305562,-1.9335682398015168,0.1730880233643416,-0.4910015566097286,-0.0173806065000989,-0.3877606304066955,0.529993000004574,0.421892767513262,0.4113433886245947,-1.2522289082520932,-0.1293514281650731,0.0313575850711275,-0.4420800424279548,-0.978011792446386,0.7528216924725214,-0.3590085037989672,0.3252318001392115,-0.2286390124847773,-0.7446720910986375,1.2766574897859606,0.2823745303970152,-0.0814472098320184,0.039449894582036,1.0982759469825916,0.001821456664805,-0.308085026395047,2.676805583
K,K0-1MgMn2O4,MgMn2O4,KMgMn2O4,mp-aaacfbci,-3.868031914493028,2.1565765504773933,3.705411379468993,0.7792277191279856,1.0092085896846987,-2.94210168597426,4.343013583630291,-0.3326616819518302,1.016235272835259,-2.659691047043919,1.6156384563533606,-3.5368312841406766,0.4778735807400566,0.1594789354009582,-0.2535871816107901,0.2209287730954096,4.055724437744742,-1.942975022428708,0.7804213717543308,2.406975723624395,-1.2403421460146695,0.8450186260777744,-0.4753799812155376,2.231249268590481,-0.2526568814651976,-0.6036205965553061,-0.7164957040836668,0.1630711289903889,-0.2301910978532678,-0.4360140205171162,-0.7344390463259952,-0.2562046958103545,-0.1951143493865745,-0.261456541994949,-0.4866534092891747,-1.1227266433055196,0.456489779977355,-2.027802101892468,0.0340659881964321,-0.4856295113771262,1.5467901784680174,-0.8034784584098482,-1.065125629373145,0.3557895596711266,1.71565265478427,0.0104811236414018,-0.2650677689560181,0.4222998487254174,-0.740649989804185,-0.8099462711591746,0.3651415525777656,-0.1168856401125497,-1.315603722148177,0.6841341546789479,-0.81475862233655,-1.344971836894602,0.2029497043088746,0.0855962684937069,0.2632186663384117,-0.0516023466979996,0.8902370071218085,0.2100760900293075,0.147703280363821,-0.9624703622266712,-0.2727342333492159,-0.1395667096840735,-0.2721498574724483,-0.4789255878846363,0.3325802916030379,0.346138670114842,-0.089014345602883,-0.3940760398166852,-0.1118795420908694,0.8153893701265678,-0.1323796567527885,0.0792586912148464,-0.1535398517740966,1.1342824930598807,0.1725280728877966,-0.3817345289590265,0.6685246179999991
K,K0-1MnO2,MnO2,KMnO2,mp-aaaablkd,-5.033065759538344,0.4176564152576681,0.1422409042251166,2.70716211300638,0.5047425009785982,-7.957404900269488,6.067646477655472,0.193179234477666,1.6586351126065229,-2.541349677258884,2.748910523629818,-3.5815931960053806,-1.8968767806341544,0.744987950967419,3.4127251866561434,-0.2107413826146796,3.648301259813469,-2.319718810419384,1.5927765479196634,2.7849245053217717,2.0024148763713505,-1.248083697762104,-2.1666241612035457,2.446645862338856,0.832177993588515,0.188449514764007,-1.271593599184694,2.6101703181207374,0.5666947740270488,-1.1413339291438194,-1.602143817134913,0.2566600922309719,-1.6301409876133586,1.97443913426066,1.4560815816663493,-0.8755301993439494,-0.1088857955482632,-0.853391541948223,0.0065609672064864,-0.0567768173794617,-1.072463664435491,-0.1428796868616696,1.8203656594013835,1.1792742324157794,0.3618013181094057,-0.3635651255451568,-1.9138936546107144,-1.016642604913016,0.7606522472083805,-0.597362948699326,0.3151165164580996,-0.7109148774530086,-0.5344246351712926,-0.1623994944116055,-0.1331012248064401,-0.2698764299425058,0.3833502428480804,-0.0653759236533954,-0.0205707668860504,0.4716043420564023,-0.1188832873510978,0.4512546193303986,0.0038428394879739,-0.5268970533113786,0.1435120254826004,0.7704433461290807,-0.0641522030180982,-0.4856309642592467,0.5137798245094762,-0.2244720139884793,-0.4335566142996891,-0.0424603927553063,-0.5631857695709779,0.4290023704021802,0.2029358722907755,-0.556945885961448,-0.0881714079160391,0.2366608497493213,-0.2128420072079342,0.0009735168854338,1.8811669354999967
K,K0-0.5MnO2,MnO2,KMn2O4,mp-aaaabcrz,-4.740193082349984,0.970903827234396,-0.93986361610972,3.1285669837921777,0.4655432764895288,-6.732534752005793,5.848047500223222,0.7831208901971985,1.4653761117899635,-2.265499210230465,2.2710557568000977,-3.4024588168931817,-1.9221342098164125,0.7131462311920859,3.0097134960327256,-0.3562274731906656,4.031672796534218,-2.788394339782273,0.8568591887948581,2.480577191072232,-0.4464330446875122,-0.164466541470715,-2.4433228600686183,2.2035925351692165,1.8580519879027235,-0.283478918780687,0.3413043860472776,2.53986187410464,1.2790025267588727,1.7456513824029514,-2.124230380763524,-0.2792269830773474,-1.1476831094016111,-0.36439635755839,3.332388464486192,-0.7271891006472119,-0.2204135562006325,0.1183447121896806,-0.7102656346309558,0.3157930728566225,0.0749790497210692,-0.1546727690905028,1.186817250422158,0.5642468057347212,1.1938949575363216,-0.0517869770237097,-1.4492415036616575,-0.9191714713723108,0.4203516609932822,-0.5606162299753074,0.2708409493932518,-0.6202833965760546,-0.2681338170544015,-0.098455191654108,-0.5580600552021665,0.2036635737766058,0.4778422162529983,0.1326927088832275,-0.1873594498946837,0.0747120872510762,0.384512116468352,0.3631601129079296,-0.2468589660454286,-0.5217392638540079,0.0835618238000839,0.4462043027251197,0.0422960041212266,0.0731222850013052,0.3287101030243295,0.3480896451247373,-0.4115808670969395,0.0023690461534819,-0.0675258107546913,0.1513940748892099,0.0800782256874746,-0.2456038871097502,-0.2703810581445358,0.2115877119963068,-0.1980400999405996,0.1393727597515386,1.750778330499997
K,K0-2MnP2O7,MnP2O7,K2MnP2O7,mp-aaabetlg,-6.484346153696275,2.034804930539816,-0.6374197286943911,3.099577044198944,-2.8257928119211906,-4.4644356443409325,5.427628119592459,0.1847308409706893,1.382735708511001,-4.873572543645004,1.843524475646948,-1.6907676402777576,-3.8343670522877766,-0.0200792620329133,1.472018005534563,-0.4438737315222916,3.889404263083661,-3.2232483455238987,1.35343702012556,3.280854973169172,-0.0112694945658739,0.2522016507626533,-0.6970690565187757,3.2891685140938205,1.4915412121540972,-0.8113714265893367,0.3920421714083866,2.788650106439176,0.3756079556569111,-0.9107022394540164,-0.5455742420078814,0.2527277723250778,-1.1075824242784829,0.0175978931078847,2.010979669423432,-0.5848964348746075,-0.1378528178288349,-1.1474389927496016,-0.2757700062146133,0.2243904302250002,-0.2038450934519931,0.2148434977219289,1.3221970153951297,0.4037369051407164,0.8027948592509455,-0.7586566088742025,-1.5251399429408865,-0.2243835720570479,0.600402871328947,-1.414436931049834,0.0375709816641242,-0.6685209766955411,0.3948824567446463,-0.0486528566581611,0.5159458719190502,0.2430741666561616,0.3590525298438998,0.2082888330869831,0.1572936310739282,0.3477649839518866,-0.2037213161494502,0.0376001928926677,0.0868143610778216,-0.2531390507133762,-0.4760183638807732,0.7248804923861532,-0.0676326896675985,-0.118558657120867,0.548424728978852,-0.1388457993583017,-0.3336141268827045,0.054706483040984,-0.1151069053208148,0.2133248082441932,0.339885239548704,-0.0830632941697208,-0.2485518572254423,0.0393230492334592,-0.0824201279795743,0.3390874385674616,3.951765615500001
K,K0-1Mn4(PO4)3,Mn4(PO4)3,KMn4(PO4)3,mp-aaabcsdy,-5.382812473415028,1.6157437446497749,-1.5562265873193917,2.9906295255611908,-1.8798541818465968,-3.946707956766822,5.57142324152541,1.0582252849446436,1.0645005052191248,-3.94059694095085,1.672037182420582,-2.2722421674478293,-3.2866989849523303,-0.1134079975362562,1.7881060205931094,-0.7760184836027587,3.688500346119359,-3.5312561496483084,0.3056565811093939,2.746593655225693,-1.7233169802689754,0.2549035738483257,-3.126035438986156,1.788543252957437,1.982131005126358,0.9553815431706864,1.0861295434768417,1.850533973960293,-0.903965737367987,-1.9003544142491653,-1.3885647977776034,0.1720478912073566,-0.5902031933993195,0.3386984306996456,2.6402980120293766,-0.689089846578634,-0.7010802737108539,-0.6404626499622239,-0.7764271606698299,0.6925483238818352,-0.1121190551457868,-0.3831870089434209,0.817803034281767,0.1992410483266088,0.5514269660595842,-0.8304951257648072,-1.1850637467202882,-0.3613884090920635,0.7122596120107249,-0.5770608029911769,0.706454903146025,-0.3858407456974054,0.1494413579182986,0.1231093596426365,0.2352246419700528,0.3924336384253088,0.5875044441811321,0.1876418924176727,-0.0871756296424947,0.0653857532717734,0.4865923742592667,-0.2451164635664969,-0.2125277283900786,-0.1074220366480461,-0.083083207405687,0.3703704817250888,0.1101103369293824,0.4542259723656056,0.135716250336722,0.7526942621144982,-0.3204581500584376,-0.2328811860400458,0.3855616333802121,-0.2577638203543568,-0.1745394284161762,0.0265552937456494,-0.3549617873370234,0.1006308955472296,-0.0578472141812142,0.2603671274831265,4.1882415929999794
K,K0-1Mn6P7O24,Mn6P7O24,KMn6P7O24,mp-aaabcrvc,-5.711542863889114,1.832276234737645,-2.1301425783300614,3.1570921536902303,-2.526807583483978,-3.1448126040114905,5.239360076459703,1.151444743243145,0.9409112041039646,-4.419160552074029,1.5512232649075417,-1.8890000381660916,-3.8978095537593926,-0.2584995845528269,1.126051448676191,-0.8712947289856746,3.8622096225720055,-3.488539655074993,0.1470612114945107,2.708182740518795,-2.552541454957905,0.6597493923565794,-2.312566297365121,2.5955787014963216,1.7576267303984108,-1.1386730386727926,-0.462231622299563,2.473136608283049,-0.4629586635131186,-0.9535807837660788,-0.678198150409655,0.1909986218679454,-0.7547952374372873,0.2934092546638588,2.1904836117489648,-0.7466660715779286,-0.3953682015275276,-0.6065914780375204,-0.6973132374910463,0.9272299408232216,-0.0961484420439724,-0.5591779359486141,0.941993282922238,0.1353308349467308,0.5367299775030364,-0.8922576427292155,-1.0971385290700213,-0.2811526535821675,1.002026724091755,-0.5395432697682975,0.9749883227586738,-0.3467489746078833,0.2805026860748257,0.2438835026269116,0.2679438933425693,0.5295838650781332,0.7129904434806589,0.1685330845580949,-0.1342894771468397,0.0996643847857044,0.3149151440968235,-0.4425101214035339,-0.0879631835137334,0.0682359731654093,-0.1817786361438713,0.406479705618259,0.2400662011012205,0.5944247091421053,0.0363339652360251,0.8409609981956419,-0.3916497384197684,-0.2717622179974507,0.4832934729798439,-0.4906770177357701,-0.3479456136228717,0.069844438982876,-0.3632833272291557,0.0582354683319454,-0.1128610170677205,0.2111566059262694,4.217401943000048
K,K0-1Mn(PO3)3,Mn(PO3)3,KMn(PO3)3,mp-aaabcscd,-6.647596790208943,2.1231392320935045,-1.8632557839001744,3.345709392039625,-3.3465688662008666,-3.1585086989576303,5.184340303206925,0.6191413020154882,1.149659107492878,-5.209518381356283,1.572197017912705,-1.389774381602752,-4.287108017001638,-0.1883796708879309,0.870653391938871,-0.3863440090819892,3.958264317962187,-3.090693949312107,0.7721307045038722,3.079942998382886,-1.437656856206675,0.6581862425265057,-1.673116440594092,2.721865370982484,1.5099422188624982,-1.126304842235749,-0.0295159898875368,2.6433479832768523,0.2407879506953652,-1.0569241740234474,-0.5462911595260191,0.2190155001371817,-0.9270105713678136,0.3318308407230333,2.329565728919384,-0.4676170715815019,-0.0032337611959174,-0.4709280749060942,-0.6520127257802928,0.6556103848157296,0.0083424050827461,-0.2444065647712687,1.3033617369024797,0.3453044232466906,0.5926341127209174,-0.9323709807863276,-1.1563322595100196,-0.0186753199281935,0.893832849182925,-1.1977047942252816,0.6812715154177711,-0.6884108480329056,0.4990006313061426,0.191843284702814,0.3795027016129754,0.4955852201509949,0.5581176158945742,0.0744899801559153,0.0885846645576158,0.4006930547730251,-0.0593375091369899,-0.422124774709309,-0.0401176863024468,0.1054338785008266,-0.5303500207454604,0.5083203009556678,0.1867844202778971,0.3563767635565353,0.2971215769247297,0.3225747259428783,-0.3898077836300555,-0.1264623823379776,0.1809009199488321,-0.3061644780291876,-0.1416232213299408,0.0740985442509363,-0.2449461286101837,0.1279374497127536,-0.2543597218699771,0.2307634082933117,4.433574228000005
K,K0-1ReO3,ReO3,KReO3,mp-aaaaaahi,18.795048541329024,-2.292157287566853,-4.40059204830505,0.9584943345193664,-1.955770222998881,-11.206113352369634,4.561696598134881,-0.4225690507477517,3.86959608267317,-0.1857687786470232,2.0822442113901114,-2.6683478575475914,-2.999270327877269,-0.4717498276914361,6.242940469964452,-0.3118631997771104,3.5428595375111165,-2.6025889063286582,5.672613377971148,2.243328694947809,-1.016237474609571,-5.059902171816491,-2.313638915407265,1.4561411410610896,2.628915163582397,-1.7049266702070545,-2.1068459987329,3.109390532201004,3.055192119217031,-3.1067724236573167,-1.5806956096215918,0.295024111114607,-2.4815398116799927,2.783189341754148,5.439464853390405,-2.7605312334626326,1.5906546088837414,-2.6005662473518183,-1.1564932994049677,-2.42560993103596,1.0567576042302722,-0.231225635707166,2.676261946374304,1.2501935065057952,-3.2245103554457666,-0.2224174511000649,-2.7448812744610813,-1.9027330870833088,0.2883191902676869,-2.110336957064906,0.0574801996925263,-3.28127265427886,0.5436783613206061,-1.838286529377332,-1.877730282590437,0.6583468819791666,0.6964843684721269,-0.2443363704656634,0.3461533715926659,-0.5154903151046264,-0.357367924745815,-0.1219951335008579,-0.6064285825469105,0.971343309219793,1.2362126517020318,2.024004053320355,0.247148507846622,-0.4715847465061665,-0.4728801674785974,0.3436848477933933,0.8044482479666312,0.557504234248553,-0.1630341930235115,-0.8721453797645402,-0.4658884742262767,-0.7786870329342057,-0.4789738181182181,-0.391280293660426,-0.86911423915484,0.0360629955270093,1.8922278629999951
K,K0-1SbO3,SbO3,KSbO3,mp-aaabpicj,-5.587637599534708,-3.5167793732334744,1.8159577984412,9.920870992524607,-5.0252694727835285,-5.781655489128151,1.851970345273996,-0.1762675260078002,4.025237817683054,-1.851331134975212,-0.7279834862988834,-0.1576795558305957,-2.807876884588788,2.485402408499437,1.6094167212645616,3.125622239473126,3.641446521557593,-2.6473435027157417,1.608970694930716,1.0133639945811623,1.8806182284382464,-2.3472205922702134,-1.7417365905156337,1.864600191002057,-2.99888498662978,1.2919965557344766,-2.165861748957965,0.1722351415876227,-0.3278748219391774,0.2315998186644041,-1.37887186167244,-0.4925046161307712,-1.3647215698916364,1.3447158992352135,0.0026169289507127,-0.5501849882346146,0.5949078706040358,-0.5906012437593849,0.7325104386403021,-1.219664926096702,-0.885727758220906,0.1638641586144064,0.8398414335729677,-0.58174316485359,0.8016873788758236,-0.3302492035962452,-1.2977697065721523,0.0325369668545964,0.2654097653738144,0.2218212961421349,0.2131750484340547,-0.7988526345758871,-0.0306496156338372,-0.0856777854893688,-0.3362316611821898,0.1387535525733519,0.9617954358114028,-0.3999116450943618,0.5413301610650834,0.8257081881958134,0.0226984821017145,-0.0446614376997986,-0.1776216261451048,-1.6201497576444577,-0.8159423446361599,-0.5551972374542826,0.1904192884579605,-0.1240105479541762,-0.1092052698204806,-0.8015735481584273,-0.3342168290267704,-0.0128745183476514,-0.9907674147353486,0.856836165759715,0.1697256864216856,0.2062897051794335,0.2507922610179093,0.4117646752487457,0.6004514773785347,0.2732880183462168,4.716889872999999
K,K2-3Ti8O17,K2Ti8O17,K3Ti8O17,mp-aaabrjql,-2.2375811751555115,2.386037756493806,5.263165683925819,0.8692029841968962,3.833850741248285,-4.844334757552122,6.523739517294596,-0.3619151247649362,2.2820413943060034,-4.309975493659861,-4.225251360852021,1.5644094153829633,-3.462685190400692,0.8382330701464926,0.3610967653810112,0.9489975936615144,2.152751925047924,-2.7154046886830794,-1.480868494424274,-0.2843669239687723,-1.3760221035757758,-1.6891968764439105,0.4285131380512175,2.575337893884468,-0.2941390508844877,-0.2633983630136774,-0.9701376162577856,1.9075095338820387,-1.3395658905742198,-0.4319965579482172,0.5719708462273049,-0.7872130442668399,-0.4711470638440381,-0.8674315202495969,1.7500045568924234,-0.7492366740543185,-0.2251891861836757,0.8481336063984586,-1.5442137900625637,0.6656457518511364,-0.7042053272160742,0.286563422393247,0.1556992423156633,-0.3678264866291379,-0.4917531958039208,0.3038158544917849,-0.1109120158067962,0.5575269174419196,-0.5781717538053083,1.614472673542493,-0.3068380351623673,-0.1299037837183555,-0.0452066655113361,1.3701621465130458,-0.0118228683907458,0.7968761924352716,0.0824836140247376,0.1783388339405241,-0.6413306256135894,0.2615934961650351,0.143991783911548,-0.7494388825917633,-0.8237348628657706,0.8232952000459444,-0.147522512095609,-0.9941982677545532,0.6982513929619825,0.2254838545597224,-0.5630995580648698,0.1131850323608528,0.1172928572036782,-0.3222746507735352,0.994685767004574,-0.7065005534623912,-0.292958038088175,0.3826559309141669,0.3618581354672342,0.0029407518656458,0.2247383946779408,0.3818477583072766,1.492549683000014
K,K0-0.17TiO2,TiO2,KTi6O12,mp-aaadbslf,-3.05409692210068,0.2007010872590351,-0.9972193786081276,1.5467995939573225,3.009785786121928,-5.843812154042187,4.408355244628286,-0.4055681880563405,4.038670227838232,-2.196246138145525,-4.980176449874223,0.7397035896339722,-2.25559159679761,1.5258770100238217,1.1902506267083617,1.8712399048765376,3.037533530454952,-3.8002902922772055,-0.0888489489144797,0.9665147098321506,-0.8818271436617112,-0.62196603599542,-2.06119898374942,0.6695582236983022,0.8555472778898058,-0.2541472920835667,-0.2827841230522797,1.3429412159602077,-0.1771006053125284,2.685984137276868,-1.0783531827867825,-0.5064218114361656,-1.2523776392680104,0.0489602310984188,2.412062338645785,-0.546092937839351,0.4921039687918561,1.2755482679486685,-0.7000222105282016,0.5298845387346717,0.6053432557678456,-0.5259093983407009,-0.1973063644148011,-0.5740907697617413,1.0696735317936177,-0.6200925426837179,-0.5708165166669618,-0.3606737022321011,-0.1894845884735483,-0.3465655173437446,0.2506297449375865,-0.3975130139800748,-0.5469799203453215,0.6959930292277081,0.1202836864405768,-0.219780910149037,0.9656040097545572,-0.0356511344495413,-0.2790518693324799,0.2707253871131329,0.5156986996385723,-0.1128664817064927,-0.2814073970652178,-0.6078421964616982,-0.7982381472945241,0.0737494707239115,0.33101700165084,0.4754495273152865,-0.1952828394323547,0.2042155125719127,-0.1258118560249925,-0.1491382017278381,0.3746101034245202,-0.2322325489740127,-0.0052683355771294,0.4001362286764728,-0.1443039004763895,0.3286909302032699,0.3732672048854102,0.3220341067904597,2.503978578000001
K,K0-0.25VO2,VO2,KV4O8,mp-aaacujhr,-1.323095674404987,0.5975435288153722,-2.000519544184976,0.6247197594323238,3.185440740653417,-6.60755180371431,4.991887733235576,-0.0507967233547386,3.898105476785905,-2.0119499229021685,-3.3574888704606787,-0.5058978027164787,-2.056549934800401,1.2663180235771223,1.2213918654874056,1.3393763460415702,3.4763171864887523,-3.227176077832661,-0.2010056815862337,0.7602289710862686,-0.9427725198501932,-0.5307358053032162,-2.3108502442785785,1.2796481788807867,1.8549038869753784,-0.4239979056967795,-0.1791321613027748,1.3581608301551231,0.816417130143339,2.078212862945209,-1.821013005751248,-0.2872616627787286,-0.9139862588612618,0.0253982852281522,2.4190909121137145,-0.6768301272173696,0.3761061942039926,0.6404067101927747,-0.6274383692952787,0.0922934357864123,1.363585228176747,-0.5400871933073205,0.0839208277735024,-0.0577878705765763,0.983277393029192,-0.1275774595491909,-0.919856952513742,-0.5488992376718663,0.5135432930668001,-0.1718898908425037,0.3658794586793925,-0.0786673126652274,-0.533291626647967,0.0575382520148407,0.0186938263315879,-0.1619260507964739,0.9921540744423788,-0.0123625334666583,0.2693369682716743,0.6541446188681919,0.5345065050482883,-0.3691044706235932,-0.2021026484555889,-0.6277833834334944,-0.6774168140660444,0.0293722219556098,-0.0525573048811407,0.3673982089190091,-0.1445117162263438,0.053068249294783,-0.1283871929445065,-0.1550186697719533,0.0758027335700562,-0.0924839123694148,-0.0511481781043613,0.195050259528695,-0.0508333364783227,0.1945968901448102,0.2800807144838999,0.2778001311399387,2.708001232999997
K,K0-1V6O11,V6O11,KV6O11,mp-aaabwisn,-1.2979754767843623,0.4907570800170883,-2.202562951557539,0.565695135458307,3.334797080678592,-6.43811232268796,4.863874267058867,0.0678986511638321,3.8249340506242433,-1.857624383932968,-3.5483156804401688,-0.66582876944581,-2.106583276031292,1.26140412264907,1.4218472474656434,1.2141633987589318,3.4089259870458117,-3.364283431186654,-0.3612755212033177,0.7318141010961575,-1.81509461176884,-0.3734039672647087,-1.9481871395719548,1.221922885013324,1.339260748072674,1.006423310118419,0.4518239310477852,0.5104534116925566,-0.5507808068295649,-1.6585384733422572,-0.8734994689323482,-0.0198008447197313,-0.6658964852666324,0.6407411458824148,1.807282650360515,-0.9939256032174948,0.116048026964509,0.3454927319285317,-0.6200581536663857,0.3942763602642153,1.3520087264123828,-0.5415541265322582,0.4089085713196737,-0.1090727774223434,0.689258183704502,-0.4191471689348434,-0.8829932807698395,-0.5229228012663784,0.646190756642569,-0.3196708198274516,0.5114877350170108,0.0237747888574169,-0.6489633004406243,0.2124611093243121,0.286329143841655,-0.0918950635371142,1.0818363165312082,-0.0401970125460985,0.3344319091565931,0.6606082126478044,0.4394509408483595,-0.4880210038843867,-0.0933631448340326,-0.581754264095669,-0.5496857499717239,-0.0473156483154049,0.0262127683346133,0.5055767117392453,-0.1701651465681122,0.113942603020114,-0.1462441237355357,-0.2533348603127475,0.3943890316646074,-0.1417787679583382,-0.0558124206749387,0.336632002464948,-0.0556918482492764,0.0944398257062828,0.3521495825822276,0.3057213152052028,2.8488385429999923
K,K0-0.33WO3,WO3,K(WO3)3,mp-aaaabwig,20.50461010830329,-3.522897138258204,-5.9516839165747575,0.6246924445526869,-0.8316993993232819,-9.32409727826084,3.731222919705403,-2.1622202551861123,5.7247369703641855,0.222388202008836,-0.5993214454213445,-1.0312862579346234,-3.6607724356832496,-0.3995399731975293,4.2671102060042125,1.5566224098215802,3.3560358948764195,-2.240869392477081,3.265284415330257,3.7369943523869726,-3.3684499791250047,-3.776542050314472,-4.20890223956364,2.470029218146484,0.1981784974411953,-1.2065133730678712,-0.6424180547372297,3.253833974585492,1.2991955569342528,-1.438139509189343,2.7971616771368093,-1.4678360322984028,1.818155116717032,1.7278297815876815,6.99249018076586,-0.3328538939202181,1.7419165967047925,-0.6327127423916722,-0.2620023277369515,-0.1582863635545339,0.6611336633045881,-0.2221786261913577,1.3773428272742565,0.3713543804526325,-1.6565626583633333,-0.9221986902810536,-2.949386882167768,-2.3580149437829663,0.7952112163894945,-2.275833781960322,1.2760488381793564,-1.0257051658121858,0.4209913565873692,-2.057811792937161,-0.6579923424902273,0.1474446188099621,0.4177060263983628,0.6669485525790091,-0.2034340645708153,-0.9046169753305142,0.1439201372635857,-0.45226814352321,0.3836739441382389,1.5803491635575793,0.7061659004034887,0.4595852709336999,-0.331514400760637,-0.1405755996816553,-0.0789991534445867,0.561055652029791,0.6623397595018526,0.5871587818180074,0.9466870224757608,-0.828586294433674,-0.125549775769202,-0.2720760935178096,-0.4833720321303438,-0.4829066641424784,-0.1405300265398763,0.5804110962732045,2.820298737999998
K,K0-0.45WO3,WO3,K9(WO3)20,mp-aaabptbu,20.446348920073167,-3.188655614678888,-5.603336003373994,0.7227715358624051,-0.8881831934275183,-9.365584111063262,3.891447205674959,-2.299589033868352,5.751639971743638,0.1398009774249466,-0.4019938106425623,-0.90680202445614,-3.5753286463255325,-0.31317997411673,4.168042335855796,1.6800696875476024,3.311831295056254,-2.363548721753464,3.4728618130941684,4.050121279010394,-3.1515370263234184,-3.6737362737601895,-2.936242842009564,1.7134620081751912,1.1258430408853657,-1.1419810942109268,-0.3237484938210941,3.5781296422907327,1.9712372984124724,0.7003308357804381,-1.1241860453214412,-0.3685786196761871,-2.17003165912798,-0.3835063153900361,6.996295925324853,-1.1111179457574831,2.140077497438836,0.6009509412446783,-1.4274460582431068,-0.6925011582267033,1.182729816730163,0.1713610257464648,0.4987394520786292,0.5086341741474408,-1.1722236482039567,-0.8295642620819548,-2.514478295577661,-2.311908434516661,0.9985007561814344,-1.8326673262148847,0.8527933718275361,-1.2705247534013568,0.3496102582497768,-2.245863121312592,-0.6598542642976807,0.3882108414537463,0.1820012621446345,0.4436026335361078,-0.3671160681577037,-1.1277106329997837,0.027881761502621,-0.3296501225793726,0.102146411490788,1.3715279317710316,0.7944910546543501,0.7780211401192977,-0.1469853304191348,-0.3604522325302703,-0.2348290356151312,0.6620626220661859,0.6855902204557103,0.632824574833905,0.4930949723309234,-0.5725587331765395,-0.2513954752148311,-0.4030943039794153,-0.4323060573057535,-0.2550004063825792,-0.4049683282714588,0.2962634996227323,2.754799306333344
K,K0-1WO3,WO3,KWO3,mp-aaaflmlc,19.66165047758186,-2.9437622440075915,-4.410942535395551,0.3791459746106704,-1.222355535526327,-10.355295260016874,3.926156088040032,-2.676015944821283,5.836299886309027,-0.1129429241287108,-0.2406881879840755,-1.0570540864259887,-3.719941868297324,-0.261451244643463,4.645615776115087,1.6679073267485405,3.492266503405847,-2.3774895012475885,4.060609601691936,4.690572827148828,-1.832174522877224,-3.874766182482824,-0.9569157931384474,2.168318403240145,0.7944964279722112,0.5393301403045349,1.3076990346228936,2.9989514340812504,1.4264532685583131,-2.956595390916457,-0.1441586072275608,-0.1290672890613841,-2.082693882572812,-0.0025866831190514,5.981907766126402,-1.6629907853175074,2.273317225768203,-0.1562271643784964,-0.9489741927215078,-1.2908565393554212,1.1988208499386197,0.7477329056518961,1.2951724897715593,0.7121162431792989,-1.6166204363107075,-1.028642335046564,-2.839105934756393,-2.110798656524828,1.0538171042689417,-2.682083462977313,0.221595013561752,-1.048474240480189,0.0136316382733243,-2.079996268050237,-0.6446939945699774,0.2366606001964968,0.0216293913505026,0.1141138611219815,-0.3202024395660641,-0.7790792427853371,-0.3259535453554628,-0.1118196143405096,-0.255308882872916,1.0884681999293315,1.2175719148650426,1.212263312643049,0.145874221299334,-0.7605236795480053,-0.3363548169588699,0.7344932633230241,0.7320452665134178,0.5313061941078212,-0.6255380808584514,0.0294349089978375,-0.2337193482663028,-0.6535508960830717,-0.2801072435918248,-0.2188199037754346,-0.8836700391227615,-0.1019118806081804,1.926541555500002
K,K0-2RbSb,RbSb,K2RbSb,mp-aaacfapf,-8.515818412266395,-17.00587707153151,18.468398313569644,-0.9428776924119254,-0.7031114666802684,-12.229185244101805,6.129279670314855,1.4425281233144849,-1.5433662087679585,-6.811060252141852,0.6711000479893989,-1.3001653736650842,0.8471328017793145,-0.0312952156473217,-3.0681157837936746,-0.4316008097035543,-4.786562827960975,-2.3499035541957904,0.789872573611323,4.182799785476283,0.0611533205994801,-5.53471986978685,4.138894667158207,-1.568424895064017,-1.596561944239749,1.4173842472186875,-3.4986369269471767,-2.4654445942256507,1.537682338702851,0.3299901142381642,-1.1814021888094173,-1.9712104245702,-0.3980377746532701,-0.0650665112428659,0.3920788234449852,-1.938442705300132,-0.9549134962924668,-0.6786780610574696,1.690095052742518,1.544319656679914,0.4343515699470198,1.084422845121742,1.1648553063182638,0.8189143507147558,0.7641049092043775,0.9228611732162566,0.4547641878830177,-0.7714885574984089,-1.5835053476740768,0.2041458236344603,-2.144152369811928,1.3280607009171184,0.3587615533629362,0.3205370476466159,-0.6301298858736554,-3.917529238703073,0.1159225682394043,0.1356273966914841,1.5240044762436291,0.8619485814074151,-2.146610759590226,-0.6089893094312239,2.3577750649957827,0.8320511800643331,-0.4518888885895731,-2.0248775122869085,0.5499149397482795,-1.0920899393443604,-1.0416538534936686,1.2947852137090834,-0.5684250500813531,-0.773144581428245,-1.1238821361758629,-0.9743915871404464,-0.2034249136367041,-0.260058934983026,0.8679657392239792,-0.4466446016786418,-0.0177599343571128,0.0537245384228779,1.071059412999999
K,K0-1TiS2,TiS2,KTiS2,mp-aaabftpu,-6.585496352934148,-8.948138350657361,2.5621076994573637,-7.01311590116505,-2.496800262242836,-3.65465588923309,13.633593253701932,0.8817814034521905,2.892606583294889,3.054508219890321,-2.572638285666601,0.4517108448338501,-2.650708327462046,1.8450912536170132,0.5109819038400603,1.865251769962448,3.183336355721672,-3.4281528882351955,1.544111239339556,1.996710489782102,0.981465876266082,-1.0078613581190548,-0.9942929633208089,1.2266188813910377,-0.2103086074639865,-0.3533069626724791,-0.3216338410680658,0.3568431004770775,0.3744475151304658,-0.788764491326714,0.9499145657641828,-0.1438589168381367,-1.4517595784195545,-1.4852323976184916,0.7845187245603757,-1.4142466194497842,0.572452380990546,0.2065496227881076,0.149982584818564,-0.9845185261269366,0.6204430312682219,0.5107986203801652,0.5851755864297635,-0.2268755134309867,1.3749522952149194,-0.0253231306322735,-1.046222746131312,-1.126362667669513,-0.3585400162509858,-0.5491842089337976,-1.1097873757532857,-0.2342822168937099,-0.6044041484508755,0.3906547224869552,0.8630395104082361,-0.6908438738012289,0.1548015583428696,-0.0195448851720411,0.2740540111990853,-0.0495673166442932,0.7204366978890573,0.6098023773776703,0.92149534397609,-1.2588502991704864,-0.7443745578250867,-0.0284762356342924,-0.3545792446001652,-0.4636379769125278,0.2234849147306546,0.0993506611773039,-0.7159285108957649,-0.2537072682082476,-1.062890458956392,0.787624167458324,0.2283609643056499,-0.1199127402502958,0.4766242863304822,-0.3330104309677085,-0.0687626406552054,-0.1523559044465145,1.471993732999998
K,K0-3Sb,Sb,K3Sb,mp-aaaaapsw,-11.552998970408906,-23.32623592285677,5.788254387154656,-1.8979044352550123,-7.022732364002022,-13.071157451344018,1.2019645907039491,0.6464021620448148,1.899262653863188,-5.224702001363033,0.887411630688317,-4.279026424301852,-2.3602345280481525,4.103024183696242,-3.0944461907923007,3.173723830523804,-1.3168484044880282,-4.566523036730581,3.449556669035008,1.7806074420046534,2.90843319280754,-3.24884936338617,2.9319454451526794,1.6868946402410383,-2.9682653191308987,1.035586100189595,0.5150247588612857,1.7717293249174535,2.171178639775893,0.0347028032995924,-1.082801559203328,-1.1413546144217457,-1.6990279155399508,0.6998261462421598,0.5484675114504487,-1.941836428744128,-1.556354182802263,-1.3468288218729154,0.3024564805494142,-0.1080872987779757,0.4327716201746389,0.2708301092838424,0.4401226694862739,0.182320829270151,0.8668613141401895,-0.4673278039760689,-1.1298068670439152,-1.267379443054916,-0.3416892243724489,1.24281067888651,-0.8511885584922965,-0.8465513410773376,-0.4142406052330237,-0.6557036259924178,0.764484802259353,-3.115659261259589,0.4347305672280986,-1.7837662123678726,0.0698894680644904,1.0165307959761534,-2.3194298806970965,0.2061681529903465,2.3436803452694583,-1.9999087901591668,-1.124685106020357,-0.2627487357290698,-0.5424297684340815,-1.1016499864540268,0.4679995237210725,-0.5512439326486295,-0.2855115458061685,-1.4729590064649034,-1.676795755799508,1.2357826317921154,-0.9376301670611716,-1.065416160973102,1.1581455460477708,-0.6394758828877578,0.513261696513605,-0.8491949772785086,0.6742413230000001
K,K0-3Sb,Sb,K3Sb,mp-aaaaaadc,-11.551094891776009,-23.283400561985506,5.723228787548846,-1.999954656177738,-7.062836812862507,-13.092800302574709,0.9761829773469614,0.8053867551400171,1.8698924672610755,-5.033123850580737,0.5528727863301449,-4.285520766106909,-2.224966650432588,4.089741840889099,-2.922136245093643,3.035643419017904,-0.8577990363488586,-4.853599659784065,3.2488959318427777,1.6908781294671762,2.344658453840632,-2.8076026394873685,2.507231304025988,2.6466938800044546,-2.839269056999883,0.7283119336742421,2.4604471811336506,1.5200569196066531,2.739785976155728,0.9230107503336216,2.3038996850494367,-2.83439710085163,2.6590004011996875,0.2699353145866354,2.1417507941033693,-1.197723789567363,-1.8907096538858583,-2.2235682512735964,1.2052819987448449,0.1391402167477597,0.8989966134202785,0.3810689730399422,0.8876156707529732,-0.3175861385526206,1.2531004653139954,-0.0967441709176182,-1.5059478086385694,-1.2785999288592278,-0.9293688156676508,0.4593347933050148,-1.11679787698069,-0.4452316289130066,-0.1820425967589516,-0.3793663347818991,0.3864795564884579,-3.2884031039643387,0.5887175437596786,-1.5723065825377291,0.1184508939341619,1.026045767539778,-2.135961582084375,0.331688070672762,2.403273144901044,-1.9312332070961509,-1.1130198219596108,-0.5339574764330427,-0.6557596719001102,-0.8338882881308731,0.5197493722437703,-0.4741182940779739,-0.2746446454134388,-1.442529145678819,-1.7064868265535738,1.1318267003512144,-0.8246099921311322,-0.9964277673209184,1.1335753715888568,-0.7982579152538205,0.5011024601536729,-0.7435765783439501,0.698285364666667
K,K0-0.5Ti3Se4,Ti3Se4,K(Ti3Se4)2,mp-aaaaanqx,-4.92900904640998,-11.183640608559646,3.3858062981488244,-6.204061393599422,0.0956563275276436,-7.034199191560275,4.956398632826468,2.023811886955269,0.7155587701845146,-2.3704783383375987,-2.5731855757199846,-3.78250412876948,-1.8237657510388043,2.8619043802799835,-3.48017170223044,1.5133500850386528,-0.0108775645445781,-6.417932003295798,-0.4822947625735265,0.297314826967009,-2.624281016161346,-0.23452297613266,-4.382215772417899,3.037549402148464,-0.5001829847331704,-0.6140413102633577,0.6904546303347109,-1.0565333274722857,0.2630402254353061,0.202477453458408,2.203199566896296,-0.7604301183324726,3.423913725616895,1.0342392824919415,0.2942280160808798,1.361372918709762,1.212061095501155,2.612804371934029,1.3542593835874432,-0.4390985573801231,-0.4657234753401931,-0.3653362473151694,0.6446172015558825,-0.4121079216412379,1.4012905809822398,0.6568732240760755,0.2852445455018868,-0.4491356186925871,-0.6390262530957145,-1.5238213522850197,-0.1116112285242752,-0.0005043762554803,-1.604620243227613,0.7203452795522868,0.5029311803095254,-0.2752030888012476,0.4180743918449559,0.7931651667758189,1.0028605643595294,0.3041267948136552,0.3139137745965247,-0.2340394505106639,0.0266101121481412,-1.312956357373018,-1.9290997227400697,-0.8651247285194148,0.4872517327143525,0.3810690939429219,-0.1942079127950019,0.3802650625696318,-0.1077869071884664,-1.8400607480067388,0.2605293843340605,-0.5195584486421818,-0.1504358604332548,0.9162912237257684,0.1101909272217709,1.5723719470024384,0.228449982310088,-0.3755983347800464,1.283753922999999
K,K0-0.17Sn,Sn,K4Sn23,mp-aaacbzxc,-10.970840330377968,-24.293235379684692,4.264423082833403,-0.5816771695038327,-6.921580389389025,-8.965001925953446,0.4393803997437103,1.344495931738366,2.553284364966288,-5.08364990586916,0.7046836341192471,-6.188441892742352,-3.673724249161789,3.398792466047559,-2.6887012071465866,0.7417392515838532,-1.3281956801375436,-4.585410660707118,2.833468626469386,-2.5265540540227778,-3.5018163767672776,-0.7278094547381684,-1.402405416230275,-1.023099484088557,-1.8357989968088573,0.2151445124580532,-1.978839264048496,2.096521244770376,-1.0211810368898495,-0.2638246179556762,-2.383984664699307,-1.5802177539531894,-1.1597423379464162,0.4796663443966932,1.3034041715294902,-1.0007982405666325,-0.4771138825559657,0.9413481632420788,0.8263830949034917,3.527488626028564,0.3326589373230293,-0.9388385082458892,2.389505416176145,-1.1856308884778577,-1.0049761063677038,1.6584528931822715,0.8602043603424221,-1.8495532304932871,-1.2813998913405624,-0.6070689785471376,-0.5249679871924018,-2.8512337108394545,-1.7347988305680184,0.336729088487954,2.2562195766034714,0.2263147062463565,-0.479679512846948,-0.1171913031077435,0.4450417134402498,1.9014597675087903,0.6384539314501082,0.991638060191895,-0.9601739592880092,0.0743248037543504,-1.6157646078569383,-0.8035500747054025,-0.1887668177515753,0.589060702823221,0.5749197417928644,0.4562391971029415,0.9650900205911128,-3.0873856614089563,0.5860280830836595,2.971309729317102,0.7105816858710795,-1.1686869042500991,-0.3071773266407387,1.1165233748321686,-1.434064009484724,-0.0682805150506715,0.9837801230000012
K,K0-3Sn,Sn,K3Sn,mp-aaacgexp,-12.582559145736324,-24.616883365379305,6.92069119050112,-2.3712153315537168,-6.720205008139293,-12.404638140612748,-0.8709042101100931,-0.1731209849293153,2.491381651619492,-5.63693704114492,1.3790278500485038,-4.861208313714815,-3.303503100709782,2.906726057667026,-1.2414257678436689,0.8793093882735392,-0.2027407716887772,-3.984256469960463,4.788412567001254,0.0315248084490097,2.5826519630621765,-2.45891719956382,3.30399690573622,-0.0001292579699814,-2.1838893090089795,0.9749961327352948,-0.1474547353753326,2.793252509759197,1.7790040067726278,-0.1593209086841318,-2.023386638887597,-1.9469257896485588,-1.2510058130317945,0.533224780867408,0.8591554971995911,-2.461622119567036,-1.5930632605416588,-1.3718832996144616,1.1812904883412647,1.7909074693631484,0.6255379730692814,0.7458055870218686,1.863141958203152,0.2048348321851459,-0.155250911480376,0.986324785399998,-0.0946135099209478,-3.579644111131684,-1.124956030956312,1.513550353027444,-1.8870013518284623,-2.022775824018136,-1.0545408896480266,0.6633867507389458,2.3566308573172234,-3.125024390983128,0.3445030435667518,-1.338603949546637,-1.0699968021212851,1.1828131868810596,-1.682353216855234,0.8595738801652967,2.368627453730607,-0.5309417925110795,-1.5902018344784086,-0.2056790691847113,-0.496071420563036,-0.8276007302314886,0.2035665693354826,0.3035733984371814,-0.4346920770054008,-2.6789774034517437,-1.1690679238604902,2.0259002417335688,-0.1452337688721831,-1.9486612276887765,0.8496434474292449,-0.114568598131555,-1.0076675995962705,-0.1467885050578994,0.072020086333333
K,K0-1Ca9Co(PO4)7,Ca9Co(PO4)7,KCa9Co(PO4)7,mp-aaabsksb,-3.025019869840877,2.9185541548279885,7.051730830382304,1.1041125165517125,0.6510298756852334,0.5374716441224413,3.712836203267047,-3.0230955509571698,1.7659927594354676,-4.846669722740261,0.0670648408150312,-0.5497151482117502,0.4730240070962416,-0.143192109526472,-1.1100099206505047,0.4711895642992987,2.532063220076889,-2.841342922326799,1.7899904079535436,0.3522313720816719,1.5909554516754252,1.445991340452912,-1.1521029261081135,-2.4999827578476705,0.1799388917700247,-1.370984969791942,-0.7761907238291905,-0.6862506377409406,0.5949819218620935,-0.9531595486009984,1.240894093664664,-0.3813629281518206,-0.9207483167847448,-0.4356053831092292,0.7397624928233314,-0.5197034473842742,0.6982881888015852,0.7100016408002843,0.2704503315588757,0.969803256369238,1.09687497506635,-1.5160289099143849,1.4175752795259162,-0.2528571289514952,0.733539822174861,0.2883748538372693,0.7177317063167208,0.7010202272367663,-0.3931153848072563,-1.2262907192985515,0.5580558412792876,0.6983767514951864,-0.4272106458796431,1.0749003795364462,-0.9963614334126124,0.022294346322796,-0.6786506229536895,-0.0999859497077135,-0.2855023111908492,0.5145170128997605,0.1832156394931565,-1.2588558149613387,0.6138459965295108,-0.4194401050118412,-0.160709142962213,-0.8508654861579874,-0.3256049246256487,-0.0354213541056389,-0.0027699470467898,0.3033919545067222,-0.6751472022419188,-0.6274031273721733,0.7323858207383416,-0.321925176730085,0.2646440096895088,0.5146728396204691,-0.4322490026227171,-0.2856615227927122,0.4494474785712518,0.3608316262622361,2.813894388000015
K,K0-1Ca9Mn(PO4)7,Ca9Mn(PO4)7,KCa9Mn(PO4)7,mp-aaabsktl,-6.140069562409374,3.04070345149588,6.780572062951557,2.713520601217581,0.9040829828429396,-0.3198330280610995,4.510528175272495,-1.4460307419259817,1.315993457424541,-3.613949030209278,1.5764043782079835,-2.16443446240444,1.446398417869326,-0.9733366322371504,-1.365226045254195,-0.6627671667738232,3.016867731747797,-1.7839465424249914,1.231216806000772,2.60481487452413,1.3829430922629524,1.970918734680276,-2.159596463717681,-1.4570522405344286,-0.3849720148076626,-1.4887141246174391,-0.990878631457106,0.0579093027504104,0.8726508660400055,-1.7034644960566931,0.4476325972025539,-0.3792966621661343,-0.507428379860404,-0.8945774949947416,0.5665155271152956,0.0054730708495276,0.6850451673861147,1.0729265584276455,0.6051619048518337,1.3011099630827478,1.375208808460877,-0.8982719261093605,0.4499512470840374,-1.1902792857467497,1.1681537269807174,-0.1245604798613651,0.5109971390777449,0.8023136674679893,-0.7755781895410845,-1.0864457202874158,0.541428013827854,0.0426193657153418,0.0696463230827402,1.025242850607794,-0.5509679800158708,0.1785216825335438,-0.1802272290422857,0.8286286163753708,-0.2423414647408968,0.7029511120126145,-0.7144839707005295,-1.8314488748647508,0.8816944570946355,0.0235333952002043,-0.5867072019401166,-0.7714233382150723,-0.8020944737963124,-0.4172505111202084,-0.1916783289934756,0.1211737766059657,-0.476274787533619,-0.6416648138913906,0.4254552441903316,-0.6713717594088459,-0.0828903852053051,0.5644968821108457,-0.5110866582525468,-0.0712841293908037,0.2434507925879796,0.5113395309012185,4.867211033000011
K,K0-2Cd2Cu(SO)2,Cd2Cu(SO)2,K2Cd2Cu(SO)2,mp-aaacnhso,-1.1375037210888783,-4.768163679247383,7.333254409530895,2.264246785206365,-3.585678777263792,1.7777995551726251,8.650475691821928,-5.4763818283611165,6.103580809643309,4.310732990678951,4.3514862277079205,-0.0175379621716974,-1.0393180559541952,0.7543315180207207,0.8202018436128775,2.1044279429782646,4.017803462701823,-0.5825698605251418,1.4408447950148424,1.5768759685099178,1.3125533417184454,1.5989795474123898,0.3251423026887141,1.0434689220700168,1.668942394998059,0.92677305968769,0.1680545354809089,-0.5853133637921668,1.6481415954992362,2.9574394105585,-1.4926131915678358,-0.6697410212075497,-1.0234401731460985,-0.4747048573064445,1.4374873527321514,0.5353590059986284,-0.2440106125645982,-2.2181807554040964,0.1562640708577234,-0.0826635591386408,0.7969370931836774,-1.0803407802765117,0.6433545069381599,-0.4394387799744618,2.3623603789631904,0.1445374598702082,-1.228953189616596,-0.7148178991943943,0.8569785917301188,-0.0187209195361982,0.4478719462614256,0.7828573800187267,-0.1598768007087723,0.5879520045610976,1.816616398713334,-1.9039042028651971,0.0400186678826847,-0.5421759070175008,0.2258930163529448,0.5309763724447853,0.6397638761845261,0.5573549072770037,0.196233256029181,-0.3444150574302521,0.3389212267668911,0.2200222896142497,0.2261218289666161,0.1486920780504302,0.3914180393542192,-1.3988621723110883,-0.2680040827994993,-1.019163038105726,-0.5315222959494166,0.8225803208852325,-0.2956944976896986,0.2879797571376712,-0.3177022121306554,0.4828927945992476,-0.258465942613598,-0.4717218744439798,3.194613263000002
K,K0-1Cs2MoCl6,Cs2MoCl6,Cs2KMoCl6,mp-aaabgmre,7.361166870295167,-2.0465748878109147,15.847129774964406,0.7799394568097202,-0.4241435038512672,-8.589039753195976,12.110911193528608,1.279723448999029,-0.2349722588513222,-6.74397024852628,1.513648341947189,-2.6827149007726523,-2.191487383939392,-1.7023116810850591,-3.853199286692489,-2.7959442713169835,-2.341735827329322,-0.493568775931942,-2.99126290918698,0.8334314835239803,2.4007940586727403,-1.93739170264396,0.4744463688321683,0.9418655807622524,-2.003816044306482,1.564938969346935,-1.9396376464377565,-2.71192011371882,1.120124390214817,-0.1597104860619982,-1.0379839624453542,0.1518810233075243,-0.1867104360008847,0.5562599397356349,-2.088224813653836,1.695369260526276,2.0245252328549053,0.8931497592155921,0.6317635098949108,-0.3265438107567177,2.561176444640851,0.0117672104729823,1.70979750010438,1.6324751172412573,1.5689090413588354,0.1826100569529896,-1.408297253329346,0.1471184223929802,-0.8829387284039008,0.5190543748823592,-0.6262715794745227,0.4474806964630838,0.3595617050667731,1.3047650160426183,-0.3631490656576098,-1.363220904786127,-0.6580398926324951,-0.1319344986198657,0.142257953336347,0.2523402137030431,0.6537882501476898,0.3394331883236635,-0.7771922044303664,-0.0181336055241625,0.4953468658605524,-0.6975237397945605,0.1926711544652303,0.630957741377339,-0.7517728743547389,0.5182642291087612,-0.3084463545385608,0.619135133750897,-0.4684040299227726,-0.4505941764574717,-0.4787636263630805,0.5339194506947791,0.0387245125096756,-0.5125834483301694,0.973938811398749,0.7443528966613617,2.685305073000002
K,K0-1Cs2SbCl6,Cs2SbCl6,Cs2KSbCl6,mp-aaacpjuf,-3.770269977386616,-4.409352283458077,16.510800211803105,8.674636694229616,-1.6268305470954174,-9.392472312822616,10.959184246315573,2.446273766428304,-0.6080508780140149,-5.45653470135521,1.7220596880817547,-1.064907631513026,0.4860234418164881,-0.3002342978730252,-2.067161608054054,-0.8071150128179558,-2.920434653132999,-0.4037991868357453,0.0419883707611046,2.22488639139232,-0.9991560797622172,-4.421721550568423,0.1895160120547017,0.0750674269189699,-2.4658199026975587,1.050928205470978,-3.0897770236730464,-2.183685426575721,-0.1286949357208557,0.1119274297163033,-0.0345083828747255,0.2225640503299684,-0.5805625384250475,0.3639217348925678,-0.386573251806782,1.050866556624376,0.2293135499473168,1.1317029272131636,1.830854641665849,-2.192451168932206,1.5470656584305087,0.9727794257935768,1.7908341224488804,1.3772869519264694,1.5599254829017273,0.5529333750597756,-0.4733605431377153,0.7434657614577735,-0.0299419026268426,1.2516880156537722,-0.674392121015535,0.3927845663144081,0.4719808173884745,1.0928769762798252,-0.7378395132523524,-0.8738385547254197,-0.9843051964616436,1.7962072970058576,0.6009896448818652,0.2809731709386986,0.1201105455668511,-0.0837287750852513,-0.4124691484336538,-1.0739702737067884,0.510773158442917,-0.9887142903336844,0.0663009229853907,0.7025548269687282,-0.8690438490324464,0.3707717281465806,0.2296628774293959,1.007694479890496,-0.600264081932971,0.2587473932623505,-0.5635103425819574,0.6450821168016192,0.1960637570192368,-0.4742822780437847,0.765227537643419,0.9929603064366268,3.323786742999999
K,K0-1Cs2TaCl6,Cs2TaCl6,Cs2KTaCl6,mp-aaabglar,9.418975160376135,-2.78771209328062,16.26956591328008,1.7622453716518012,-1.8386416950979756,-10.30633460988184,11.16990249501576,1.916541025862667,0.0087182061638235,-4.81501847338663,0.3638458911428477,-0.8457474713330532,-2.7893337121255817,-1.476766257959184,-2.5360911198277747,-2.7500713543821926,-3.2486773618238534,-0.9589292357510708,-2.01805935380372,0.6099867214547022,0.9609096413561682,-5.0032351196785925,-0.0205823625082375,0.9631270704224364,1.3255543217837225,0.0127515146889098,-2.3792338100753248,-1.7539790060574696,1.9841568098377445,-2.137722149771588,-2.588987483649652,1.3975011200349032,0.7548922385394088,-0.212622906544198,-1.8732562371285295,3.13131301592104,-0.1023905192907377,-0.0058632074382343,2.407155765957641,-2.398735545249935,2.6933600248599374,0.2708305267093361,1.4162885329001722,-0.3344479613445681,2.1149119935555984,0.6526519946404422,-0.307163549174531,1.4216312047213144,-0.1528510871112323,0.3692940358728483,0.1739161200566248,0.142541018492149,0.2317003910194423,1.1708396431735388,-0.2827867942921567,-1.056150398319914,-0.6644372215049423,-0.419826856190647,-0.1494958146084009,0.5290312545593235,0.7889787188136137,0.4179308248720322,-0.3820270561658281,0.3288770709581036,0.0534307823874355,-1.1649862718776671,0.1801036529114388,-0.1229878184440493,-0.8651161857464269,0.8081359817995565,-0.3002741172977675,0.3265417783030806,-0.2125518844693504,-0.5664717586211394,-0.4040445274546234,0.2765781994198512,0.2618782011918218,-0.4899009425511801,0.4379702706147979,0.6035932250056597,1.153039583000002
K,K0-1Lu(NbCl3)6,Lu(NbCl3)6,KLu(NbCl3)6,mp-aaaabrkl,4.641150254971984,-5.622336456908686,4.546040979010969,0.8097515243331388,-1.1620337310862563,-5.4067819269714645,4.161665659768662,3.4368070157036863,2.34774956240095,0.6540697984102197,-3.740632938122887,-2.305135317385803,-0.0674505355024224,0.5490040079452819,-3.7961727978688615,-0.314720627606503,0.471502384157812,-4.986119760909762,-0.2925694356104714,2.514743094608355,-1.9022989540956088,2.1606317177388394,-3.964235139844386,-0.9112612738183558,1.8240228143584856,-2.863112225469159,-0.5270003038191995,-1.8094852495430895,1.613827362547117,-2.4710108834383,1.041323801602361,2.3039744462328224,-1.3142479638999922,-1.282932933162175,0.9554251972463228,2.4630310419740185,0.8232149382435416,0.7927005297969999,1.3874515824017897,-2.166912656886207,2.021889467552326,-0.7770050650063645,0.9168720804110516,1.0859057345556542,-0.1194079900501638,-2.041186627686446,-0.777977575308414,-1.03036175006619,1.1514856128152398,1.1782935055762849,0.987946703940036,-0.1201108381356787,0.0781928364449523,1.4589101653510594,-0.563347195126897,-0.9654853416804314,-1.6540449653423988,0.2009267906373383,-0.0247482103133638,-1.0936040299055827,-0.2145893244553174,-1.360448566498718,-0.2023739029778184,-0.7185560746051268,-1.2671586191907496,-0.3501869348919508,0.0937787139589347,-0.9051403143565452,0.3604672939217072,-0.2274831271833939,0.1269845427357253,-0.6212213238406277,-0.4630631720655931,-0.3571661858306889,-0.4157949458691259,1.1844095173344102,-0.4618619842019152,0.5251247583260483,0.1869742681665641,0.5738850265835238,2.549267473000007
K,K0-1Zr6MnCl14,Zr6MnCl14,KZr6MnCl14,mp-aaacqsiq,-0.1438895397900885,-4.492405649705018,3.688550086409476,-1.1369549144683944,-0.1239266697359091,-4.802535023824791,5.07497338284838,2.546432733112302,1.2273293961299516,-1.1949582817835651,-2.908508725665181,-5.078709457552211,0.056613768923512,1.836886400996695,-2.6654413090053524,0.137874628311329,0.3084968905165623,-4.555506468287474,0.1151426947018759,2.007048306102208,-2.451215257810442,1.6942301594844795,-1.85030583562599,0.0129062597260628,2.065581700890568,0.3039070790607032,0.9145198450166716,-3.0848144430035425,0.4932464523351401,-1.5987925383586887,-0.0488040190738831,1.400897117310961,-1.046409545390123,0.5044651644745088,0.6403537013502323,1.3754193909557386,2.345059844319318,0.0146006462742192,0.4982371566731609,-1.0682041794814854,2.1133234973779604,-0.6285216766412066,1.304695311650978,0.6293727601841234,0.8803297610245165,-1.55624030538514,-0.659233319639838,-0.3334778981723259,-0.507232454777981,-0.0467272567495064,1.1362746339752965,-0.4466169736586935,-1.0121358373903138,2.0033457379606188,0.9098275862932214,-0.2303330770444255,0.1856767613328264,0.7863258657391025,-1.17754184572252,-1.696787791656692,0.3375454461081149,0.7837652559416043,-0.9976392172312204,-0.8541962693798301,-1.078415207638333,0.2416760308181298,1.06021490259705,-0.3300587227201966,0.4807379809712495,-0.150445339695101,-0.9364781188954056,-0.1818152248456663,0.1893537513958303,-0.9814317064139508,-0.9663796616139112,0.7199277484492868,-0.0528507471733671,-0.0821364343017152,0.894630595856723,0.7787978056919058,2.336766893000025
K,K2-3MoCl6,K2MoCl6,K3MoCl6,mp-aaaabpeg,3.484974148825388,-2.4602615456600314,8.206835674458032,-2.734507028516952,0.8740706631485946,-7.058925286790622,10.43920373209812,0.3145037545826076,0.3774718210617334,-4.79008908373019,0.9265502532215446,-2.956300638924543,-6.863689028106915,-1.198234474389111,-2.016645091074187,-2.638626974577488,-0.9889813227065808,-3.9516623532460304,-1.9723448674100488,5.127364493456673,1.8707058802273129,-4.609764599086866,-1.3248088152607878,2.8752742109321683,0.1736376201061106,0.4191369483882542,-1.000642059627701,0.2458945724172055,0.0961034587225329,-0.6381226172435939,0.2642139134033722,0.5210814656745444,-2.2487559413121327,-0.0475089357086277,2.77904981065401,0.8873317658169088,0.8641896969237985,-0.734666830735063,-2.903407967773492,-2.1262569561804163,-0.5453649914420169,-0.5096984151031073,3.861077721657336,2.959323452912101,-3.4793760463852728,-1.7225058355935827,-1.0356181728245606,0.1968743304614173,-2.296609184182289,1.0751238198528037,0.5289512204789655,-0.3937172442248508,0.5539221766665059,-0.2901937276301395,-1.0805273861424092,0.1030613239241316,-0.9551634804406136,-0.2192780310123667,0.3673731210827551,-0.7080694584037762,0.0266115310468087,0.7211015879306799,-0.6174693893483999,1.7278501134085924,2.007730008072416,0.8668381388278791,0.5207067158321941,-0.1858560341704517,-0.9104965247932092,0.5036240715121542,-0.1693277664941872,1.0120868514496326,0.4347204940998581,-1.0493985623063624,-0.1921171634518184,-0.327932940174758,-0.2026858077415389,-0.9973425332518264,0.5614381833749497,0.4429834340360301,2.376361323000004
K,K0-3ClO,ClO,K3ClO,mp-aaacigyc,-11.989528549697178,-3.2795899351320603,0.547920151764007,4.265950949138971,-5.058135114242826,-8.605243206784312,3.623818029595388,-2.81264454127438,1.7655557509275466,-3.515819322425021,3.9691041452447937,-1.1980787372833206,-2.125910361023618,2.8453025388902,2.2180870096705623,3.5528593229088363,2.124864093055156,-3.440650534226118,1.9491334447794169,3.77140625364614,5.746002912633244,-1.613593083637596,0.3733121453146215,3.7829892651001154,-5.936151705356496,3.385853572503016,-1.3118900679760828,-1.3725562871053427,-0.2203252849071997,2.258872263619814,-0.2579913069162526,-0.1138837138143108,-2.1525909037447506,0.6666078309883867,-1.3186173592027233,-0.0878816951322649,0.5167033539238074,-4.151382613737011,2.063554704259322,-3.8828929796277567,-0.1557094206796498,1.6928093499336474,-0.7566405099545614,1.0715306377914515,4.479699245715565,-1.619027768031102,0.4123013588115077,0.362455585210433,0.1563553040523943,0.4837143991023064,-1.0379526036269708,0.1371324111467261,0.57217328103768,0.0793109758652529,1.1563115953165348,-2.06843969971658,1.5411810348523416,-1.7108113471015212,1.831763491041441,-0.4104761378110815,-2.562066614153416,1.1952712142873096,1.8368081017498736,-2.895532838882881,-0.323035955904893,0.85958340648788,0.5528848566679394,-0.9708080272974996,1.5933622723824237,-2.477350606846868,-0.1900460377933266,-0.6406228920595572,-1.4519200969353,0.7310871067369535,1.23158191704576,-1.36200023324805,1.2345101166374457,-1.1626210495868716,0.7843052397382079,1.0036229777849368,3.5999654246666672
K,K0-2WCl6,WCl6,K2WCl6,mp-aaabgnlm,15.41796631217128,-7.3923197635044735,-2.5345294962025258,-3.2792679019646447,-5.825563962319326,-8.407637217877031,6.514927052599123,-1.5947508329926008,4.091266713195846,-3.2715250524405284,0.2407926209111519,-2.060263281674508,-3.801842443624937,0.0199854155782935,0.5171035705048879,1.7227408780107236,0.0226267315708111,-5.587896699506551,3.10478984166934,6.687656324992778,0.2045274972221777,-3.2233284688076616,-3.1598424125170785,2.167109489185337,1.8643877203574668,-2.857191123952432,2.531196571966435,2.4405454402733056,3.06669970470338,-2.857601476591703,2.419440825167815,2.310074247693768,-3.863785767393023,-1.0992315060331164,5.201153485420752,0.434512318750323,4.304081543915975,-0.2484224685519459,0.7595539264531964,-2.385766575778154,0.703155827155997,1.5125274449035202,2.6770670194742143,0.8181878594925169,-1.9528978812643256,-2.6298208017387354,-3.093988881187074,-2.805678321918509,0.9141870438803438,-1.5640373959406262,0.8580344493008636,-1.0004783747157069,0.3598555786006098,-1.470746921988276,-1.3800730485469082,0.596006959979514,-1.4813536775033724,-0.4451030737720675,-0.628184228805666,-3.6051999243475623,0.2452857580398164,0.7029557102865807,-0.9508415265017882,-1.588671068841124,0.4589088935653793,0.7878470880725544,1.032499553726009,-1.2952600001760917,-0.8419356685457029,0.3971645194400189,-0.6413966588404139,1.2398995959183197,0.2666584273333174,0.5986977090832794,-1.556753922369654,0.1356777724117453,0.3897031426924424,-1.1990734955860405,-1.1490263398274327,0.0628789115048311,3.082255747999998
K,K2-3TaCl6,K2TaCl6,K3TaCl6,mp-aaaabukh,7.241192847711633,-3.097682264366402,10.971710981907911,-0.8659291132372757,-1.8383464254342896,-8.157075336586862,7.764139738357962,1.3631868763333117,-0.0935155800082032,-1.8696715402570028,-0.2198172556393914,-0.8647898578769613,-6.979230569237833,-0.4642556158204109,-1.5186478599969304,-2.00442138901378,-1.0888938904984151,-4.060908906079365,-1.911414282473019,3.7684351882156473,0.9457097837518872,-6.44292011696291,-2.21320074740135,3.4228757558369565,2.151838862930784,-0.6940132725473327,-0.8737791947243008,0.14128542200444,1.5026693037547705,-1.9606732599925611,-1.7925686010812931,1.731163287915674,-0.8434088817621066,-0.0877097027106254,0.450632527982116,2.0059933115604176,-2.563359616968849,0.1633957609657204,-0.0775881741097357,-3.4368116167853886,0.3906159504191649,-0.1393531888755329,3.412273203143891,0.9914984599566884,-2.183585998806558,-0.8084496824728485,0.9055609205836248,1.292884566950984,-0.7599428735919785,1.0758343546069264,0.8320082293266728,0.0867548878120963,0.156326809069631,0.3150396225174401,-0.7709551008900566,-0.1061563190133785,-0.7755973453403068,-0.5554777758838115,-0.2055362676971444,0.2204136079892655,0.2817627787815421,0.7088806533901526,-0.3837323041413957,1.1881721666929586,0.9227746335235656,-0.2674587154644191,0.3268715415684072,-0.7829143677115079,-0.8390820296918567,0.4416179181790393,-0.3438107991342041,0.5637173609951659,-0.0639534970032929,-0.5076983523585342,-0.3286020703957305,-0.205689355805359,0.1270241562905796,-0.7484284796058936,0.6119429739485773,0.3823560316658312,0.8756052229999941
K,K0-1Cs2CoF6,Cs2CoF6,Cs2KCoF6,mp-aaabitks,4.1844091213124335,5.2402598108344485,15.011899889288186,7.206982762461986,2.062182079201315,-9.502700003130307,10.195147058358458,-1.6088169117579865,1.0340895238405383,-5.41354850155407,3.549100345080728,4.617429233972117,-2.5799128828250506,-2.213760828141186,-0.5901813180177253,-0.5255421470405782,-0.5717204972036699,1.445827114071086,1.095530314617762,-2.9555809439314533,2.0797203957509267,-2.8361113309811152,-0.1693228401827249,1.0545342584656994,-0.2929444846967488,0.4824242710608721,-0.953443675420664,-0.3316522105986842,0.1711768906987615,-0.6876962129980122,-1.23462827145446,0.2031284180428706,0.2212902963201092,1.3050384010282368,-2.5215849818871425,1.2152274874093554,1.3447047327184327,0.1306358665055505,-0.0223305470200674,1.4984465725753928,1.3645606618564197,-1.0181475181611812,-0.0989668358689329,-0.5930514528964577,1.253114862071374,0.7703300431815607,-1.6337722600770523,0.394134162197836,-0.4212849446408883,0.0810784388235147,-1.4316649643891877,0.1573213443594567,0.914932333519888,0.8261481080559677,0.3712268110407871,-1.1141830453444617,-0.4185287278213938,1.2232851718317523,-0.6422510684913616,0.6778911715391502,-0.0675216619887124,-0.6579058933803936,-0.6270147203665069,0.1279417667100237,-0.6091172555680909,-1.0260288994721396,-0.0473576571407057,0.3831741242290355,-0.5517725147781671,0.2895427492999453,0.3359940123886918,0.91719189861642,-0.2093790576887045,0.846037462417264,0.0540361306066346,0.4449052683420542,-0.1784326986379259,-0.5603467045507055,-0.4630129207176627,-0.2174990010318286,4.946569023000003
K,K0-1CoF3,CoF3,KCoF3,mp-aaacuihr,-0.8079273995736658,2.915234651276472,-3.1007914148512983,2.9286990123072174,2.7364509198538305,-8.85973596717976,4.801300285869953,-3.570234079949552,4.117542587033669,-0.1761311886629909,3.525576992776932,1.4906126313395478,-5.91981930765646,0.7335928536180011,0.2648534815324005,1.884790915094116,3.218948024327029,-3.736687678859195,3.0940263049210857,0.1166043147178541,0.3898398842056466,-0.9557052112854806,-2.349797640047457,2.0685331953194805,1.251924561502238,-0.7538466616244798,0.9130754310886252,1.2949410655752411,1.4632950471703972,1.876813024557946,-1.8847289820171045,-0.3309300466257547,-1.076064226875656,-0.3694694011262374,3.2666248035183325,-0.2862785377470757,1.159985682663558,-0.5300373083243106,-1.1643897690667462,-0.8027848075531018,0.9027920441477298,-0.2841969148569999,0.1277874220780747,0.4945447020171741,0.3666636940412656,-0.5477845581087458,-1.8655064179942655,-0.5713359725374428,-0.2185513004410991,-1.4473406694263888,-0.0239051300686834,-0.6855852499028853,-0.3624003408650855,-0.4848957556700019,-0.1063501525190863,-0.0082249117172607,0.6899629662894471,-0.3338013148964092,0.1747931325735117,0.4227649736171764,0.1512316356881372,0.7711499686118656,0.0772709823826297,-0.2655442453081405,0.3163532343414287,0.5449664111670575,0.2000521320482176,-0.7744180305069959,0.242467391262245,-0.2467816810173091,-0.1164340726062249,-0.3108601550788847,-0.936892575388176,0.5543801796693241,0.4084993404000801,-0.2703452812414004,-0.1448001779701065,0.1196289880989417,-0.2794801073564815,-0.1292485256015517,3.628728015500002
K,K2-3CoF6,K2CoF6,K3CoF6,mp-aaacqrip,-1.1576226428225307,5.790298291553654,7.632653895908787,1.788355739017511,4.0541890845169934,-7.396853708625812,8.330428133994225,-3.193059584503011,0.8893539904213363,-3.932180440457236,3.1840228767567025,3.7927002673430503,-7.139288768301832,-0.941879870098699,0.0981181903183368,-0.2294508854826109,0.6771071845233855,-3.0255816430001987,1.0146357912935962,-0.2765087249659154,2.332843920028594,-4.142789167849193,-1.4753472737657425,2.6370141193502934,0.2706930990035959,0.2320009925868023,-0.3370809359600128,1.8081035251070368,-0.8502773981698335,-0.4728196836856934,-0.6829014099514833,-0.2153283186668578,-1.2216773614106304,0.9659896952038024,1.1994929217241457,-0.2656517059749392,-0.4515600261120835,-0.3767112988081005,-2.010595059255511,0.2224399588192399,-1.5902820810957905,-1.1703230932556323,2.175272615181614,0.5180483721043769,-2.608847898333249,0.0786286683642647,-0.5156205062786534,1.649955585976331,-0.9099957926668936,0.596721887045022,0.3954856736325075,0.1673533839550792,0.5942266766223843,-0.4029513184376742,-0.1572011732154218,0.2178089916792361,-0.4186889933692658,0.943881434483368,-0.848855111068297,-0.1671799601792991,-0.489097392862724,-0.325196252205399,-0.4247843127653575,0.9621563922258296,0.4520239866923566,-0.3931264713036195,0.1726708526002454,-0.7613905968361491,-0.5293907635608037,-0.0896493995493366,0.3671320366947289,0.9725673426159296,0.2160956069743817,0.3217976185221394,0.3898662751550297,-0.1898950028333358,0.0578224788919716,-0.5342870944089948,-0.6454012575767655,-0.5490954164733758,4.647320952999998
K,K0-1Rb2CoF6,Rb2CoF6,KRb2CoF6,mp-aaabfxsg,1.3555626270714818,5.841816121200589,11.306825628233389,4.117193965070931,2.871686572107372,-7.777904981854181,8.430415740216588,-2.447275039844463,0.7558501264210646,-4.4120246953108175,3.4687950966214203,3.95805124247064,-2.857648404689922,-1.6377986572644294,-1.309443389250158,-0.2079556584205443,-0.1279906160270709,-0.5218075278976525,1.28383398985139,-2.306530494420018,2.5661781584658154,-2.0374300183858045,-0.2201701142647033,0.2318762570749441,-0.1196649671409254,0.2612297950059822,-1.3342206164288908,-0.4571569200182502,-0.4563196894600286,-0.5826995659995089,-1.233526176066398,-0.0198166350341066,0.0454383481267169,1.5586502298281413,-2.0438030216895045,1.2593328735063658,1.3468797990173649,0.0572019253507208,0.1842879210486119,1.1336189194289634,0.9644145348863996,-0.9506574342357316,-0.4346909671275984,-1.0636186597277328,0.6667717595805704,0.6647029462803009,-1.21084882190528,0.83416423743375,-1.268208477892098,-0.0170238798195744,-0.7994808017042186,-0.0464999814586106,0.3613047965465261,1.095415759513418,-0.0608094134891054,-0.796359537994776,-0.5725771109623593,0.8755485972827094,-0.5638893812662169,0.8505667974494656,-0.0421940586601087,-0.6803917514930327,-0.2613512049952611,0.2414092130519506,-0.3337240163576034,-1.2231388153514426,0.0351346550524171,-0.0650544857522439,-0.6958493604766272,0.1177555472107913,-0.0248621834196655,0.8709927539048641,-0.1591751208592272,0.5350535937951038,-0.092226782698806,0.1523699973860175,-0.0541977846481397,-0.4022374421586087,-0.3372711993886017,-0.0715813477217047,4.865964753000007
K,K0-0.5CoO2,CoO2,K(CoO2)2,mp-aaacupmn,-0.3771576312874265,-1.0452236038142144,-2.2550181460698777,1.420361200572734,1.5801485591402082,-6.589707892102581,4.903945587360504,-2.665531769904635,4.509591170392504,-2.860671098754922,0.550702487612502,-0.5770830471648678,-2.60575019730643,0.7244434898557545,3.533864757832937,1.040407721075155,3.070600033391061,-3.606874233492957,1.5295250988112488,-0.1132377400504243,-0.3289365746771743,-1.3229303843241436,-3.0613608093765428,2.6952378312123533,0.6547132149667846,-0.5522322669429692,0.0303829470310468,1.6377928397708514,1.1645781151740917,-0.3294730419176866,2.205130427441932,-1.547094931298939,2.7691942778078715,1.858017557491107,3.383616469768652,0.0346759266755854,1.157876857101943,-1.3556854377594196,0.005483166433357,0.0257317040187665,0.7822576518113513,-0.26353480026234,1.560768786933501,0.3801601266999037,0.0260049755947375,-0.6055685178198825,-2.143390245982161,-0.7839301782960937,-0.1532725551238034,-1.4698093793803653,0.6320907679779943,-0.1834194494283922,-0.2110195153025226,-0.2691305862408947,-0.4788953892032814,-0.102409786969765,0.841575812507992,0.0090133341780879,0.3205584865920802,0.7027347090427217,0.2769876578043364,0.2204813934135767,-0.1387691145039403,0.0830967671653493,-0.109446465973142,0.0435798130208551,-0.2523381875991405,-0.160453723955763,-0.0337801581169265,-0.0405435182323607,0.0476275918053107,-0.0330449760154632,-0.2395075960038613,-0.0883948448626641,-0.0293528041222286,-0.1651211896795751,-0.1715330498049627,-0.0339603082292897,-0.0650767230943887,0.2683902802192235,3.799622952999996
K,K4-6Co2O5,K4Co2O5,K6Co2O5,mp-aaabrwjj,-1.0656664803712494,1.442303362682713,10.706227007752853,-0.5172455486407281,3.782653644463734,-6.605619607027306,8.112657426696583,-2.494544918860088,0.6468366176546868,-5.877650424744114,0.7016496852047689,1.9102435384241327,-3.188515306754556,-0.9857329816520708,4.089851289095058,-1.2312231460515153,0.8093522112381552,-4.026336929923989,-0.3305186193056053,1.719021250478758,1.937131423762174,-5.012956014585836,0.472087822299771,3.226770225819364,1.4832868973244988,0.920858433318904,1.1164178535115796,1.232274888152828,1.0680714840977676,3.0700869920045446,-1.0250569335674156,-1.2771577726594725,-1.2904452823312818,-1.992644844133028,2.7645768581987062,-1.2393199523663772,-0.2557467255195302,-0.5550519832770894,-1.9402510836395024,0.8555709230053521,-0.5836545448012563,-0.9446394550626588,2.8147599527053773,-0.236570163384239,-1.6115738213783588,1.0700753422779157,0.0926056291753818,0.7664593083979314,-0.8494644017366251,1.061851308503146,-0.141507858842231,0.7899885779621053,1.317949477587635,-0.3774961413715635,-0.3509526232807459,-0.8837735517294162,-0.2509575257334701,0.0324972275872939,-0.303358986092398,-0.3904748526543885,-1.0591371781381071,-0.1111390559728299,-0.0090736125506982,1.7447442130824546,0.8086847309962298,-0.1345186042715497,-0.0695005159274834,-1.28763955758005,-0.2010979574647969,-0.2903664492744062,-0.0729052610084312,0.9951462498886546,-0.4670800578281238,0.0665553983164559,0.3271200011422934,-0.792427433123843,0.3423165221544293,-0.5619227445041308,-0.5401213792029093,-0.739073911009216,1.755020210500003
K,K0-1Cs2CrF6,Cs2CrF6,Cs2KCrF6,mp-aaabfslo,6.345648517740149,6.34811464260312,14.165178655017634,5.158625197987509,1.9911506745614425,-9.742153531042106,11.25593611375296,-0.5181242852260242,-1.3703434739366211,-6.739851629837883,3.3690192358551414,3.681442094887636,-0.7107372221466881,-1.02325347750914,-2.1854351875251674,2.021801971861671,1.155359239287026,3.6660039055188536,1.684324349191462,-2.0943296310067963,2.0259563953234467,-4.244015112112452,0.0915331134479533,1.4397067521400746,-0.8026094121289027,0.9158508308819562,-1.372599132177398,-1.419966854727716,0.3212261655079307,-0.774509724665953,-1.101597543997015,-0.0839145646357366,0.1141013633689789,0.7621025829555157,-2.2848281967360924,1.3876816497765008,2.436820117271535,-0.0784422442839733,-0.2108263811237871,1.7624386208112823,1.068393722486177,-0.9344672457528502,-0.5649083039695006,-1.2531178022327207,1.153128433073957,0.5908392140046472,-1.4775293662478006,0.1119035317520102,-1.282138664788793,0.2172899962804916,-1.5166775819737923,-0.1790849241361261,0.8483698407781456,1.1368989974417425,0.2163028197246788,-1.0080610143951831,-0.0571660920245468,1.4081925861052509,-0.3222757098964131,0.6877800774759517,-0.1021036756494405,-0.4728294454785652,-0.4995125179214555,-0.0011284946837646,-0.4606553126844839,-0.8764742227324235,0.0035265240605537,0.6910214774873801,-0.6582562709298783,0.1035745760495689,0.519562181566071,1.0748215920430122,-0.5198914243969266,0.5784265250999137,-0.0946666762826701,0.4151111203957685,-0.109051416553768,-0.6367734692782266,-0.2783694202437973,0.0190729451104945,4.435469402999999
K,K0-3CrF6,CrF6,K3CrF6,mp-aaadbeyq,-0.2058936960604182,4.51358733227988,-4.033276322781179,1.1431893004882447,2.082538573369737,-9.821190961709483,6.332302857333106,-2.9661340341746243,2.1478466956737,-2.632600121626392,2.5946772032195766,1.5671826537621063,-4.362285525628577,1.087138408675046,-1.2842664375579915,3.984500558307194,4.572400638520961,-1.750407714145488,5.162026734934419,3.204512222761269,2.316612514279329,-2.48399976629902,-1.8606411412244597,1.6354360946155346,0.8053146865587052,-1.3314409433730567,1.0824891400313448,0.9500635354623318,1.1592872431498706,-1.1976232600749497,1.3670892391738223,0.0591089238667447,-2.3951058333308373,-1.2405489286051194,3.197784429680453,-1.7741645828936656,1.4095953056926596,-2.225362140373065,-0.8736722835903268,-0.40162719008372,0.4144649091830878,0.6267471569062394,1.0071716008380196,0.9349321174516886,-0.4959526972937618,-1.2887311295178634,-2.9012410686889023,-0.1067660772070724,0.0557050999792198,-2.816351735407403,-0.5817675489048316,-0.8609605199107868,-0.1937565519232373,-0.810904942044998,0.6548997707955377,-0.2150464837224827,0.6210951838675159,-0.242514699963999,0.4047151744696494,0.2563739112584361,-0.7093800563286682,0.6255455612826377,0.2941507110088408,-0.3992422848369265,0.3286119821671947,1.203296650846961,0.1759322092238833,-0.9200393294506668,0.2743848557589996,-0.6431430413166793,0.4028137296748144,0.1876683654533313,-1.038151592655417,0.8980280868570524,0.7024030216311883,-0.5009893575921325,0.089023278509391,-0.1467949575289362,-0.4719317903695055,0.0839393790877492,5.472874739666667
K,K0-1CrF3,CrF3,KCrF3,mp-aaabfwxm,1.165630453346986,4.328894032787413,-4.567596263639967,0.6023864328519075,3.2182541424866256,-9.641105564502276,6.621589728937864,-2.413553193649544,1.7584651710838752,-1.7329314329125014,2.631627234479577,0.8567488610833491,-3.4883507331223083,1.1048043439798556,-1.2319948902628888,3.727165946435367,4.432866230026425,-1.8415433577186984,4.353658313891991,2.7863955007236463,0.496999384766225,-2.641384109149006,-3.0512894150787195,1.5212828821736737,1.1989549586883397,-1.3340048769224375,0.3676958784954613,0.6085846122802337,-0.0201465224319011,-1.1290442849578606,1.1921108548342962,0.098319791409516,-2.234571383474533,-1.5450942370942913,3.2669274345661417,-1.8887290918977648,1.137708813650538,-2.0868966686130714,-0.767381404913907,-0.1030058017001455,0.0343746897817693,0.1159660603082193,0.5982751283354698,0.4486603125096962,-0.6662650892411761,-1.566226200653561,-2.760036801106801,-0.6520334606193117,0.355705229401684,-2.055273730331488,-0.0989164805097797,-0.6492555419379898,-0.3510681861818968,-0.6707686911329801,0.1525942527914507,-0.2329674583782191,0.6011965010294257,0.0320110275474007,0.4595084939858854,0.5566392855226064,0.3777516776497457,0.7306199121245828,-0.0324929860986905,0.0321892389344414,0.8484220584527876,0.8425503836722602,0.0676760277980343,-0.5562596242148562,-0.0810518133024034,0.0119662697446379,0.1280054707430619,-0.157951679242349,-0.6824368414464232,0.4553669451384408,0.3493911152448165,-0.4190669034930668,-0.0450895926094458,0.0157850169305537,-0.3089753684297109,-0.1322662426372391,2.501754547999997
K,K0-2NaCrF6,NaCrF6,K2NaCrF6,mp-aaabfubq,-0.1123702387101853,9.409445633513837,6.900227625667565,-3.868767355536056,1.4790355327256113,-4.75366291735255,3.867588682974139,-3.386142770570596,-2.086515031701481,-2.501975423639003,3.7301000583449566,-0.5048348572378144,-7.232944044129209,3.843793742179672,-0.288418069368431,6.202035544998228,1.2280461336044763,0.3206505390300398,2.164045006744643,-0.0911935932356487,1.4014185315608525,0.5961507365458923,-2.2935035722511827,-0.4639879571077742,-2.195501336933375,-0.877884927360485,1.36228132021367,0.3296689675208987,-0.5412916368367678,0.1725101260657548,0.0311111141807495,-0.2521611563263185,-0.2164088342359148,-1.3999839839248465,-0.686439630547698,-0.7221228396617752,-0.5458884634170598,-1.644637762888335,-0.1090360559228289,0.3276726826640485,-0.1327713771285751,-0.5951861465194096,-0.1692537940659683,0.1692128223115126,1.334597867555492,0.5131118552806103,-0.6663673616357817,0.4079491257028324,0.2703179521340068,-0.6339638932998896,-1.154645770435087,0.0670160031030634,-0.1577522378272405,1.3549248463578896,0.1976030945587983,0.0103758036063533,0.3036636289284958,0.8123099802337238,-0.2381018306786225,0.212482248394732,-0.0051393708164314,0.7021452656764599,0.1112659114665411,-1.2879397977745215,-0.7465207920947079,-0.2531779999375429,0.2032280690833328,-0.2137966698376651,0.2252311436470657,-0.6045448896719351,-0.336121457644741,-0.5064276494348132,-0.6724024941076368,0.5852888850022016,0.090776466194405,0.1744234822717093,0.0713525571287976,0.1309676004447941,-0.2050134258981401,0.0182678592986318,5.494010098
K,K0-1CrPO4F,CrPO4F,KCrPO4F,mp-aaabrwcf,0.3033535880521252,4.472350025256052,-3.976572653597734,0.4367565077929699,-0.5318541235383901,-5.902127762347499,6.97102765890807,-1.5368858438300783,1.2711463508908003,-5.302886869220892,1.0642487912861969,0.6707934458124201,-3.159145267099796,0.1298151695748828,-1.60911886412036,2.4971377906832464,3.85223900582165,-2.2353479397574323,3.882084544889198,3.5687164886839886,-1.5933637393864188,-2.9650333429640003,-1.9869123110180005,1.9428405310991523,2.2473169329956404,1.292893433800723,1.7738688297107772,0.4787309427905011,-1.4037257268173204,-1.203136483633929,0.2013547078691157,0.1859864070001339,-1.799987887370016,-0.062599637580429,3.913457902323692,-1.2287820152365398,1.3379032569805935,-2.3739114345701684,-0.6931765024526737,-0.1871566022582088,-0.2351672611053036,-0.0357116874887617,0.2716642887211843,0.1360296711723371,-0.7200905503888803,-1.5558476131056145,-2.08741408258605,-1.0678188607808845,0.3277648646176403,-1.4821672259589975,0.1561769209897665,-0.3048951254842244,0.4052088297313686,-0.1450299980682829,0.7283808887712692,-0.5119939387129605,-0.1236233545909999,-1.1101586554019105,0.6842633069795615,-0.3687972464090028,0.0374958441880134,-0.2961898861991869,-0.6236211626609636,0.845111254607204,-0.0781199334220373,0.8655595440252382,-0.3701478961130429,-0.3227687128247275,-0.3786462243908242,0.3729526624212403,0.356741192427657,0.5280999342431503,-0.2230059923630739,-0.3007852596916019,-0.0390728978842895,0.1540298815155736,-0.1792586594379187,0.3704784169639697,-0.0819280684903527,0.1229412741468057,4.909394132999999
K,K0-1Tl2CrF6,Tl2CrF6,KTl2CrF6,mp-aaacqtgb,8.11271157094269,3.0314916345081007,7.831882119885906,5.325280581902033,-2.784296991232877,-5.258970471937871,1.0518679036753178,0.2652237417981161,-1.5015275987419483,1.1218244129264607,4.720338422068075,0.6203829998059321,-3.197947255775138,2.793465886872133,-2.257584440946679,5.626241986034408,4.296064543473605,0.4644471758014808,3.0930647583904274,-1.5557771007223606,0.3348668112806301,0.1842978504836223,-3.611085509993263,1.6271143432447277,-0.3334212890288126,-0.1663023056585629,-0.9271909787354828,-1.0720756164603629,0.7820698829659605,-1.1415718012686271,-2.7045753116080604,0.4017377029093097,-0.3482774150531941,1.8174549763702168,-1.4685736671146992,0.8422759886706823,1.9590331866946669,-1.4845303562502086,-0.2648646770094201,0.8621203741438385,-1.22632206889874,-2.065371474675771,0.457464461684642,0.56542064600481,0.527327547114003,0.0365906154309496,-0.0503286341092015,1.4690462047821358,-0.0054024397170643,-0.7351090554678511,0.9326250926301264,0.3410194545181651,-0.7208955786916279,1.062737284598234,0.0054829506696437,-0.3881505593937693,0.093748334354767,0.0851434605469468,-0.2491268988273079,0.2818577801914407,0.493726262050231,0.1927483972411442,-0.0696315955570274,-0.6771612965515951,-0.4266124645405894,-0.4591664047007852,-0.2847505187627812,0.1004475833918099,0.536907800893232,-0.0270260526108057,-0.1408718205385641,-0.8347397065597006,-0.5283687918279893,0.5220624475347232,0.1738059288044468,0.5813525120481832,0.2328985115074262,0.8304948423777425,-0.0064792918689216,0.1883677009614333,4.873282873000001
K,K0-1Rb2CrF6,Rb2CrF6,KRb2CrF6,mp-aaaemdno,3.566275262187077,7.215701199403298,10.37587281145185,2.1838098929722354,2.834040977446149,-7.769913337191654,9.386521943584448,-1.214019895784095,-1.6932069686861255,-5.569787671210153,3.049150025535793,3.1634837050568727,-0.7635944164542297,-0.3955679099349064,-2.91171378974336,2.301397080860884,1.927698318806603,1.298830304123444,1.7021099041838543,-1.3652622326294288,1.6711659631729243,-2.810423999801427,0.4377928230844473,0.6944394783650081,0.3164124479330341,0.3739962799409252,0.2435142569060581,-1.5730650041637624,0.783231252324619,2.3381026714777864,-1.6297315126512424,-0.886013975353127,0.3280724213606125,-1.4197223719512173,-0.0880280668715745,1.475594866351272,2.339530673974006,0.3082418478817635,-0.4202232910450496,1.3685785683337366,1.6553618313806886,-0.5178360802935932,-1.4181605566690716,-2.1261212389170536,1.5295207202275518,0.939433583847232,-0.90313792866604,0.5120239733876363,-2.5310642454646737,-0.0057778409922691,-1.349218997067509,-0.2747611312766307,0.5667767603610488,1.5214170545467411,-0.4632658400642463,-0.6348770601540322,-0.232897699207439,1.0802220687324653,-0.3608159087399179,0.5247361788801014,-0.0164101740294891,-0.3351061779704202,-0.0999714958447418,0.0151840771865287,-0.1656512293886958,-1.1669145756149537,0.0793631464473656,0.4227904527747197,-0.8518538415164223,0.0418412342752944,0.1510744554042913,1.1228433990049642,-0.4952343934085864,0.2630043682841838,-0.1776329626424184,0.1527206214138897,0.0054582405243227,-0.4894957480719914,-0.241289820177169,0.1533700920404752,4.383524333000004
K,K0-1FePO4F,FePO4F,KFePO4F,mp-aaabryuv,-2.5112388218595583,3.642148976141088,-1.805017700387321,2.819580722269123,-1.5336192050423183,-4.4880920171230505,5.682011421411812,-2.0802020197224333,2.405413065931321,-3.792762131176052,2.2305888982926936,-0.3395546163464665,-4.812700299124254,-0.334502693943829,-0.2470707362457335,-0.5315668388733623,3.00506835088386,-3.940740671767399,3.593010003192323,0.7065060634495242,-1.0122436065379812,-2.129261121070264,-1.863954358661928,1.6478622889585304,1.462932236413219,1.2819336672976116,1.419862426877753,-0.4517389270050857,-0.6695705815992833,-1.2667610108417782,-0.1030818944522771,0.14671418340435,-1.4502171842030638,0.2575222074628743,3.239413545880685,-0.9359191721140177,0.843821802867478,-2.0923696809207835,-0.6092397998450299,-0.9423062788640528,0.3220789096241976,-0.2944580052730474,0.0107393145330586,-0.0966248175162598,-0.1676148681036348,-0.6015337056180907,-1.0985287213889592,-1.106787211668091,-0.2380836625551934,-0.8892492995603134,-0.2301201665864474,-0.4272941896589614,0.1481775492526519,0.1401426308591077,0.6257793102217589,-0.3858108782731745,0.1331165982850111,-0.6915303351778789,0.8113147967491974,-0.2625057369430389,-0.0562397670682743,-0.2615611405427334,-0.364361873213152,0.4746064771921255,-0.4323762847054748,0.7990774498513578,-0.401875087212412,-0.1579365272366116,-0.093038174447874,0.2571618655903785,-0.1819443606361219,0.2520468746753466,-0.4244394403920997,-0.3574809704436339,-0.0703545684411985,0.1060247473084081,-0.2971247403574572,0.4427434404452346,0.0539466370353904,0.1169951146858831,5.413911522999996
K,K0-2LiMnF6,LiMnF6,K2LiMnF6,mp-aaabqvoa,-6.043130130163578,8.504058905192796,6.091724807202425,1.5812927106989043,0.8012488666765958,-4.16387587148507,2.752927614547517,-0.9254717178146546,-0.2922135602752182,0.3583229520803315,4.33998695363002,-1.805951982863681,-3.0093437497751574,-0.200818576485631,-1.1553642832653652,0.1990268634823628,3.1764891222520197,-1.4638249008107609,3.885842146516086,2.0707837526818667,2.357405565678084,1.5501788835912762,-2.992722360086073,-0.4407654188494829,-0.6285029638240036,-1.2134767693446882,-0.4588522935206062,0.9375585381484056,-0.5273993722721892,-1.5221225417462851,-0.8671816524390025,-0.5557268475111866,0.288301437958085,-1.3654908714275529,-0.15713702595437,-0.56947095322532,0.7716586393221442,-0.983311483734866,0.7987349200711024,0.8560401430747637,1.315794414537524,-0.4507656152147316,-1.6177587908314852,0.0101794261781214,1.9681917357621608,0.1921248462006966,-0.4567712981055336,-0.001928071112652,-0.8950374056462784,-1.5836307575072397,-0.9594362392180544,0.5710105229192302,0.0016533547831155,1.4100504941627106,-0.050329128644427,-0.4077146987152094,0.3026412188825484,0.9318654592130248,-0.4522801472424042,0.557533335543382,-0.0183066675013081,0.5135853802451308,1.1642957160126797,-1.7701632001054644,-0.7539765916629159,0.602405181240913,-0.4166499621699202,-1.231990070584292,0.4715850242754809,-1.5218325133050898,-0.288219116053159,-1.2110425458796616,-0.9368376784106032,0.3053142965071471,0.6756669592873129,0.6571634214372848,-0.2112507327442786,0.7142416764487494,-0.4789431041645067,-0.0153903201715199,5.4295410130000015
K,K0-2LiNbF6,LiNbF6,K2LiNbF6,mp-aaacjjwh,0.6595476989232393,7.386760884425441,6.746694749343748,0.2499153209676745,1.3434089949615595,-5.267091620310954,1.008921977939388,-1.3895812407507484,2.861810526494102,2.167374696612302,-1.7533272107773186,1.2363695078905914,-6.26583627702688,0.6237991969752272,-1.2722766213838697,1.6564833388981373,1.8109599788998816,-1.8556867112281283,2.7052722173675368,1.1004573306185357,2.67283339738645,0.5829200288634115,-2.6300348112285743,-0.6834200379288148,-0.6629936574795564,-1.5422941890446007,0.0121395652223787,0.3890088937369864,-0.2256705739216596,-1.44753813080482,-0.610136698119374,0.2864471565633197,-0.1792877062849947,-1.610878569210967,0.0009211638196709,0.3177830479179719,0.2368013620938857,-1.9185415481920671,1.1640759846454731,-1.7551491844052018,1.2315909098527968,-1.304536884659638,-1.3196275601616612,-0.5467406438466745,1.2439852098420885,-0.2298823754603639,0.0271071837017036,-0.0961825912556347,0.5063060056826387,-1.214599369820356,-1.2501900892742397,0.9224429685697632,0.3077477682909887,1.330599758430417,0.1858449717206771,-0.6872085656090983,-0.275442512595635,0.0237709568644913,-0.9514862829541988,0.8726286633256508,0.7402786787088099,0.5208604416740997,1.1587403987196774,-1.6197434383069722,-1.289056337283209,0.4165232184734369,-0.0558011382921686,-0.6310875679781777,0.36183472478993,-0.9967326322574964,-0.4184136222315025,-1.0019367042263263,-0.9584368583528664,1.272778078368222,0.8843774484658385,0.4603802481043925,-0.2180703052293385,0.869403191983664,-0.495297004482792,-0.4222325054601109,1.586979908
K,K0-2LiSbF6,LiSbF6,K2LiSbF6,mp-aaaaafxc,-6.175655718656002,5.443568989711444,8.35448298513795,7.052178989639807,-0.9205939229682906,-3.950554527447036,0.5252157883670379,-1.4281348635643596,1.55821403147748,1.3515942092124638,1.1374651449840452,0.729912735667885,-3.386300734685873,1.1452297127304636,-0.2481637615616137,2.3922912624186505,2.5491902122604007,-0.8062015375874406,4.993083884959581,1.3780731376854958,0.797498826733828,-0.7645268500600871,-2.393803332407285,-1.198143959282865,-0.9681160229677002,-1.330655467743585,-0.4005688173335566,0.0029293438756239,-1.54910678248669,-0.3136448005002683,1.0398950911492395,0.0320266643849392,-0.6521713334459514,-1.3024596152339625,-0.1067949330667006,-0.4881365196049642,-0.1216286864334968,-0.7925773784000879,0.3469400755743829,-0.360000045655128,1.3351582502510293,-0.5639648899107153,-1.3939656278922723,1.4022035822926462,1.3874402807878308,-0.1344621806466933,-0.9899081502327496,0.403952533801062,-0.8537055844991075,-1.3703414065335635,-1.020982385504455,1.4908400245776718,-0.5004877468581268,1.0910492811923689,-0.1048241298458343,-0.6311961061253978,-0.4637175341231734,1.2167401408576413,-0.4034323920798289,0.2502292471371906,-0.0596527903692831,0.6281891472140831,0.7922295716224561,-2.0416939030262444,-1.3236703226282287,0.3903209126715325,0.1877848645660964,-0.6186060688209398,0.6190813048633653,-1.3225389978035946,-0.1150421991045616,-0.7868486586978839,-0.8522944733401439,0.8214042373896999,0.8776977037359665,0.5886806065801601,-0.009175822245941,0.5077221416724269,-0.4077257897064333,0.0192611942244244,3.022646442999999
K,K0-2LiVF6,LiVF6,K2LiVF6,mp-aaafyfwv,-3.108092620626833,8.541227254300729,5.446875535349387,-1.075689201124728,2.581496321365577,-4.8720469261731925,2.073957579162502,-2.0582888654234384,1.543549016971742,0.1301869859234016,-0.160937076631607,1.5982730571150985,-5.299904900791998,1.1502003161148038,-1.5316749762063908,2.657211268489706,2.1047109546679343,-1.915230420770902,2.859430136975989,0.8518246943897915,0.5203476029084305,1.6025463839659124,-0.1120801943467269,1.4230044462486056,-0.8253121619144188,-1.1228163749596822,0.1691071735575199,1.1235373613347834,-0.4209962345293837,-0.8011275419137993,-1.2843743567131192,-0.0375193463364804,0.1805806520888607,-0.3629195011919154,-0.1482873491005524,0.6908854815952017,1.269388900469645,-1.6297570536406116,0.978488439438403,-1.1734185101538372,0.8949806536941374,-1.3612882748601234,-1.44083010527536,-0.1229952101573929,1.282836580567075,0.095753304968268,-0.0270896360844294,0.1630785449279932,0.1158751755169634,-1.406987568885692,-0.9984507369264172,1.1396135885589642,0.065586059389744,1.0346817839605962,-0.0106876061957615,-0.5300126347847136,-0.2427188884070062,0.0043109575125835,-0.689528963481134,0.6834547561034713,0.5673737727259085,0.218312425155446,1.152025664370004,-1.6385535672935228,-1.2211055815927552,0.4667260865546576,-0.0726914455731026,-0.7650196756556786,0.5211780190596194,-1.0564002944525623,-0.4680173352931884,-1.2096598607140026,-0.8345207868703081,1.0237860141226778,0.8947779401613157,0.5047782420818933,-0.1704210552119912,0.9154041421322492,-0.494058102665464,-0.3323647842221955,3.730885343000001
K,K0-1MnF3,MnF3,KMnF3,mp-aaacoyhp,-5.144610480788818,4.794053905662157,-1.196143365398984,4.539166139841877,1.6029546144671394,-8.191890496473222,5.115356232117851,-0.154262979732642,1.2948812719633822,0.188764380452558,4.904840347619308,-2.5264135637937946,-4.063018108218223,0.4686298852246714,-0.3983541335759842,0.1275720281892639,4.450451171794748,-2.483786262139181,3.84394220625409,2.666179739752992,0.0060108125112956,0.1086871694552292,-1.6886901893290478,1.91096345630146,1.8247371069000675,1.0470460350932027,1.3872307117141889,0.7978283933087015,-0.1802670498118085,-2.0076076435086048,-1.3026900383705382,-0.2777478725746679,-0.649504357306765,0.1879281090973298,3.0177136996912446,-1.5331028498474533,0.4285871541364181,-1.277731687525934,-0.472101626080972,0.3295196118395274,-0.4312148772569197,0.2643209677033954,1.295505801034825,0.7647339026962908,0.947127842604252,-0.671241410858151,-1.5346598706297916,-0.5639923306449173,0.2601527035473873,-1.1843769615098951,-0.4104451450617308,-0.8727136869113165,-0.4801273360213979,-0.0748575293642378,-0.2252971438056963,0.2102166275487784,0.6940181297801348,0.4162212251604723,0.2864416470256813,0.4815074245652312,0.1925349950897642,1.0622353365450907,0.0145641611869784,-0.7397731657124667,0.1544589866546767,0.6912638138036371,0.2295288701603446,-0.1628317532494487,0.555087485736042,-0.0776103518742558,-0.7596722637708148,-0.2575988618498451,-0.3815712539398529,0.550530576584342,0.5617033151176022,-0.415621322103823,-0.0470389521075622,0.0869219760374431,-0.2863614157854999,-0.0385965945079169,4.047868635499995
K,K0-1MnF3,MnF3,KMnF3,mp-aaabfrie,-5.123515374919349,4.925492350961751,-1.215315800036902,4.478952598021725,1.4912133657880418,-8.104119615526226,4.98532883075793,-0.1040188287533726,1.2305585221491102,0.1296324791042233,4.921355251497998,-2.5154010274135308,-4.25858851917431,0.4490115596891707,-0.6971038056279248,-0.0467178350313776,4.579188680886161,-2.496680187137681,3.7666065490783263,2.609619678965616,-0.4750407594625197,0.3229234036482494,-0.6150228196038235,3.0579310965942867,1.700687621589531,-0.8886355076191979,-0.0606741497453197,1.5052328412769274,0.1219351284207019,-1.0259583919534023,-0.6552248854021718,-0.2346965838916985,-0.8666118118240551,-0.1037322603547611,2.404344659790934,-1.709305668265213,0.6816746992497926,-1.509707085373444,-0.2146967143818796,0.3961097627416586,-0.6089787357667574,0.2096178146027528,1.3924528175896476,0.6507338971483886,1.0197973755567504,-0.6499134304677929,-1.6010567036441814,-0.6471416085397392,0.4267839914493407,-1.1935036940356687,-0.3610703650112835,-0.8250481246018776,-0.4941505526048284,-0.0555000842236787,-0.2430787331327282,0.2181736495856752,0.6647195641458998,0.4816043624642939,0.2870013067203892,0.5560936140592728,0.2206230398898507,1.0944510052883605,0.0103198208270061,-0.7313509044162658,0.1649873487718,0.7517330933486801,0.2797082923823,-0.1619162832714991,0.5659187305488736,-0.0903139162440085,-0.7716957407000298,-0.2371172481352681,-0.4162141595655672,0.55712923208322,0.56118020385237,-0.3897430507036775,-0.0779873748834704,0.0994090948590776,-0.2959883833286605,-0.0233926378642442,4.039399813000003
K,K0-1MnF3,MnF3,KMnF3,mp-aaabrnpd,-5.144473368073162,4.8014812899358645,-1.198180010784747,4.539581229739234,1.601264101510602,-8.187234354523365,5.10952027044454,-0.1519314904159722,1.293516021618186,0.1890004772924509,4.901598490345576,-2.525488925526572,-4.066667587630373,0.4675328748286207,-0.4027713179142538,0.1239782626055777,4.454126827055326,-2.489976435695146,3.842309831158172,2.669486236659999,-0.027630039519127,0.1197285490386225,-1.6525251813098756,1.9271694559637689,1.830561444018016,1.0616658962024534,1.3964417697389495,0.8055398414943687,-0.1735609017557895,-2.0102741821394097,-1.2963709577797646,-0.2751963083881438,-0.6548872609518614,0.1728863523357187,3.0125948837432945,-1.537205001943725,0.4314435699450901,-1.2785064935403945,-0.4746089195276927,0.3285143623398452,-0.4248914555751855,0.2695308769081396,1.2939362494850966,0.7598951954018506,0.9515830393644736,-0.6708077372814332,-1.5335702030283036,-0.564219189466949,0.2583376083492384,-1.1874467642971984,-0.4141935463607452,-0.8729081368200012,-0.4797136881056087,-0.0727241543739395,-0.2260041032003159,0.2121550903563193,0.6936545571222168,0.4162028796001149,0.2851808968033132,0.4807501539227953,0.1929762378853768,1.0630861700376428,0.0156295814848603,-0.7423416437563433,0.1552144158309442,0.6908622562752167,0.2307689432590325,-0.1624876930158356,0.5549372644586383,-0.0765153658902866,-0.7592686785703461,-0.2559948819331193,-0.3804446199658645,0.5526020355713652,0.5625537363609446,-0.4144530014291959,-0.0458851886693264,0.0871223210241721,-0.2870141335035385,-0.0392241326900289,4.056586080499997
K,K2-3MnF6,K2MnF6,K3MnF6,mp-aaabfsoj,-5.380739342848961,6.638212067167542,8.243927149835262,3.793430896030783,3.479581964720109,-7.175476362616401,8.565037125738964,-0.6893372848517597,0.0924763426648477,-2.9349341416533714,4.587131585161906,-0.4243710091311596,-4.91098546749298,-1.8512389290794544,-0.3693851604566529,-1.953064102479082,1.2066144521223745,-0.6077543456694386,2.294326738725379,2.7702259567180803,2.113646124819096,-3.78067411047918,-2.071709770889428,2.6262519217449176,0.1941139411923815,0.2124930485843175,-1.00646843358737,2.0583880240050703,-0.7189297011136105,-1.0308963134813187,-1.436715715648674,-0.6954240566024886,-0.5087036331002714,0.6813964645398989,1.0379738124660969,-0.6876276970955326,0.3970179014945707,-0.4774117691729006,-1.8770978626851416,1.292724888312021,-1.3542676254284856,-0.4423366454999223,1.7063167018113246,-0.2536434701851481,-1.729298982443914,0.1425687708792668,-0.4429594148669686,0.934435244923928,-1.1889602806329254,0.8098536739055159,0.1926475429704015,-0.2940164452634866,0.6675311539752704,-0.3693508776449214,-0.0464954633655542,0.3934448219422981,0.0407678847013061,1.8092377778683908,-0.7107235304070048,-0.090712238670497,-0.7192259452694743,-0.2698246697613299,-0.3996028541501323,0.8853696548274907,0.7608327356093569,-0.3088372783539221,-0.2552633058040436,-0.841211628519859,-0.7388419836989852,-0.3049176914351226,0.3653140243378014,0.9482141469023964,0.4884953553719215,-0.0481837306043431,0.2113482345606239,-0.1070775682091486,0.1520264949017324,-0.5978593999694569,-0.6477003234082355,-0.3341639652834956,3.027278813000002
K,K0-2Mn2P2O7F2,Mn2P2O7F2,K2Mn2P2O7F2,mp-aaabrvwv,-5.755954151138133,4.417909154424771,-0.7183454351851968,3.9660121276349463,-1.3523935907877949,-5.455675501266177,5.784286465710476,0.2936811616659203,0.996515048618446,-2.6618931564274777,3.5940385376426214,-1.988066848258584,-4.239675131999703,-0.2598149666739801,-0.3226385773607104,-0.7009390685283264,3.6869467429235656,-2.9992031309274747,2.3428074533783723,2.910131337411124,-0.5350516111231898,-0.4744672485946082,-2.447870989359197,1.997756139579286,2.089078658772804,1.308811606194008,1.465112822303447,1.310868480251554,-1.0068803057215232,-1.717832841075132,-1.1642769514831302,0.0911996692278658,-0.7133120855635596,0.0876289613360646,2.918789134956571,-0.9255778788719464,-0.0749967134104927,-1.5685141870042796,-0.259534969484421,0.2684002237075911,-0.3865180278024478,0.0107570971623586,1.0760000251790212,0.4419148825774106,1.0572403931112877,-0.8469887623447949,-1.125792799083812,-0.5980683032486682,0.5906795231112314,-0.8629224057148273,0.0182303722742011,-0.3177082352248212,0.3823318033035434,0.4146137000640071,0.5620036983261907,-0.2367978982783777,0.0565931939986355,-0.7820671753500616,0.6063068742908296,-0.0552368827867717,-0.5185821682180066,-0.2471126478339705,-0.4892316558955625,0.3732558790743371,-0.8040995269106556,0.8428752766461673,-0.3693854550829949,0.0289718021094608,0.3142144305978147,0.3606778497613138,-0.3311855176543343,0.3190947400010763,-0.2647904242761412,-0.1545380155608224,0.1378991149954909,0.0325182716885139,-0.4117522360050787,0.5099752967775756,-0.0341759883589052,0.2437456175050343,5.777376577999995
K,K0-1Rb2MnF6,Rb2MnF6,KRb2MnF6,mp-aaabftpv,-2.5295298661740104,6.7849398676095,12.199129476755004,5.923287941761566,2.1683460349327617,-7.522046854210829,8.563131770955334,0.1681303841933988,-0.875398238682664,-3.4950776737151035,4.917183932569347,0.1506599544894895,-1.1304478111688552,-1.9487341402753924,-1.7108992835939116,-1.6498430401176627,0.9295112138794877,1.258412492443499,2.503491290153562,0.0181938466515476,2.2500147016338228,-1.5046965865759747,-1.0085712968525242,0.6134947006001167,-0.4295053864262547,0.4015774051344821,-1.7202046438864629,0.0980472437102191,-0.0635013800561196,-1.0123138000732006,-2.112224645041788,-0.4705669286171619,0.5567950573432943,1.4466557747974462,-1.6249590481647045,0.2735777078310665,1.0604663107272685,0.2256079886793476,0.5239979442995539,1.9076971809023489,0.1308137542987365,-0.3413024178831911,0.3013727293595994,-0.976057400585133,1.4594561219143307,0.5741264193885072,-0.2209342101339226,0.3928774361797313,-0.5567638065084111,0.0093117750267445,-0.8401505241705856,0.1920247008111217,0.4133681974009623,1.0927696673950191,0.1009207452594652,-0.5124227182991383,-0.42413775562754,2.051967796984269,-0.9022803544885,0.4537714485496686,-0.6439225375109537,-0.4131404184581914,-0.2100910735600413,-0.2853430589949962,-0.1268981194962526,-1.2788603847347284,-0.0271346131892362,0.0762359863414639,-0.3492358840961351,-0.0203473409185191,0.1407143020365665,0.9593925741208084,-0.1428135857649657,0.3550864326381859,0.0762912551413598,0.1919485679889228,0.045034611701426,-0.327589448705087,-0.0944942188763849,0.2698488544521911,3.636290013
K,K0-2NaMoF6,NaMoF6,K2NaMoF6,mp-aaabcsso,4.426306722821542,7.938135990011377,8.295715172113336,-2.2700916517139187,0.1689749614485468,-5.112411013186498,2.3784630906017403,-2.555754811916231,1.0522679987244197,-0.0952614995688627,2.200290360806816,-2.600304258544096,-10.259599690026192,1.2205153776484938,-0.5150491866513324,1.603300535734937,0.1461737594668827,0.3481562015559521,0.9253481948562954,1.3004749436778409,3.447829218699668,1.5015294873322882,-1.909236820311853,-0.7533418792975985,-2.590055845791257,0.4737808826846049,-0.3488885889959636,0.0961179776058544,-1.956593786162781,1.199188487061212,-1.6373908812412143,-0.2815448630454947,-0.0819418695033295,2.13330005338279,-2.380654319846781,-0.0089830176963352,0.597103022947786,-2.128858211335514,-0.9841501186581888,0.01787160396799,0.6164593851562067,-1.1240128299097103,-1.049548259801352,0.5889799148470773,0.4987365495823441,-0.3423326366536293,-2.1112246560968275,-0.3429346816082414,-0.6694258337201018,-0.0528932869067028,-0.8247610100437257,-1.148780813139714,-0.1165654372298776,1.6402031600697924,-0.0631767457956467,-0.3175026609399546,0.1099158989041517,0.2754913755227924,0.0544366436810527,0.6288047682684827,0.3139658602445513,0.5928048181088608,0.0704818852876645,-1.3377815133472706,-0.8479072912122175,0.2495630104418665,0.3304183407409273,-0.0547747993451005,0.096182191245997,-0.8191673764866386,-0.3697867283819799,-0.2105930581561354,-0.3946575813982679,0.4297013387510811,0.2795713268765731,0.2222920555415889,0.0847185281591665,0.1579365662871999,-0.1686363626216503,-0.1168421679833433,3.8861864429999993
K,K0-3SbN3(O3F)3,SbN3(O3F)3,K3SbN3(O3F)3,mp-aaabruby,-7.111815649453487,1.3989716828117855,0.0741185629404522,10.11429949768636,-4.519009614960115,-4.573856387712185,2.217066986832976,-0.8011082379155313,3.5321697444537783,-1.6359956589984623,1.3652086108097852,0.5135674706264419,-4.469002245246732,1.3721593117629964,-0.7892371559123049,2.0859999169391137,4.760191272336203,-1.999218732086272,3.006057665767395,0.1775879511310761,-0.187582526712006,-1.604022032774895,-1.1704860892658733,2.0589793840569977,-1.360294359240118,1.9953139431893687,1.3188188877302456,-1.2494609718605612,0.1896599519314009,-0.9150745879614626,-0.2262481045992711,-0.1960358249340796,-0.6192182569581273,0.1252937422687353,1.0917746392481873,-0.2887376607159636,0.8409964234936869,0.2801576419950704,-0.4455180524601067,-0.6386361611271147,1.2613275216236817,0.1929395448695235,0.5623248082593358,0.7553369415031992,2.0171031455149038,-0.9495810629014468,-0.4094870969207902,-1.0259660805252828,0.3245612986992056,-0.056815759737636,-0.3340113719779159,0.4858177420646032,-0.641204522873021,0.0618502216125907,-0.3771903688707048,-0.0650720636108988,0.3125636957770387,-1.4200106048405057,1.4444998959487405,0.2168843573898222,-0.2911757991202416,0.2372058615428911,-0.6220364438025869,-0.4788942884923811,-1.9827870614784264,-0.8993456679766795,0.1901835838804108,-0.3417705268413801,0.1085340265932108,-0.3808849556365862,-0.8952574759327799,0.2903228790187094,-0.8404166492339568,0.3318140802600624,-0.0992052787218491,-0.1042120151331472,0.1008416420010511,0.651002141070794,0.4183217148497778,0.2441432840051373,5.121522163000002
K,K0-2NaSbF6,NaSbF6,K2NaSbF6,mp-aaaaaivb,-6.422998615508895,5.145133908078634,9.685373866800944,6.423772845506992,-0.6909127408885197,-4.753800690032879,1.349428373934522,-2.374525755432191,1.79354633386871,0.5293950440586961,2.200571795303717,-0.692767367691646,-6.928132599164298,2.45604725428883,1.0799016389381555,3.72209203123824,-0.0028814882962094,1.0801351018419,4.154187948513963,1.7025220225432691,0.2263899050323335,-1.4111182673110425,-2.264210447772006,-0.8052124531661146,-1.5408661835520114,-0.5985755916740056,-0.3998046828300418,0.7776542543529947,-2.067813841944409,0.9790898977639784,-0.4419664796713479,0.4939711400123408,-0.6675720336804731,2.253544129290103,-1.642634618677945,0.0716006589372626,-1.0744145892850716,-0.7890121284162355,-0.1552094087170249,-0.4606856506653993,-0.2901141948616802,-0.6420240038639712,-0.6102215534033563,1.104381440524721,0.4603803573190634,0.212815797868094,-1.531267824993131,0.2229366108708253,-0.5232475141360114,-0.0809376755227106,-0.6891004064237424,0.0015163386641333,-0.95165372437092,0.9199535349477276,0.3635266128952679,-0.1496930616138399,-0.2902118962603375,1.3745703546633574,-0.068624436470586,0.4173921733959987,-0.3058638567502788,0.4566216869633231,0.0060235112927907,-1.4944197860611284,-1.031385057190003,-0.0619563268966085,0.3491853296359919,-0.3906907778861118,0.3158621861182591,-0.7874919763247784,-0.4319333916948304,-0.3072470194937461,-0.2645148602115768,0.8379650426382751,0.3998763024664966,0.2394324698712839,0.2488336489681943,-0.0133473333195381,-0.1711143138351169,0.0628777909690422,2.884091447999999
K,K0-1NbO2F,NbO2F,KNbO2F,mp-aaacrlfe,2.5832079030757638,2.4468979302095,0.4573939801749106,3.365691367234329,2.406590030803716,-9.101650219371852,3.8346657521684095,-0.1266953543194719,5.108897346281952,1.5953820104849723,-2.5924768632418087,-0.8861042455718054,-4.482715376464949,0.8800319910541841,-0.8460755274034042,0.4244758639052541,3.3569593324830835,-2.450596329312776,1.6374139384217306,0.9604755348118136,1.1406567672506676,-1.7002345967067425,-1.418364454941607,1.4876041754171432,1.3470499013274684,-0.0683050566858607,0.2251926510066124,0.247505747755598,1.3810505613342332,2.172915415652088,-1.946392914522753,-0.4583690096755237,-0.9899781873344226,-0.3625085356608895,2.540163240509676,-0.945549835301234,0.4264134913808474,-0.1050155856046563,0.5706259040438579,-1.1840410504529115,1.0522099685157962,-0.0297195054822932,0.405087940160508,-0.339763806968391,0.8545578617578599,0.5630776029195327,-0.8389575001809337,-0.8995500186797902,0.6808458348364074,-0.2612077211677243,-0.5580864569330757,-0.2528307213204228,-0.1695403761226725,1.0007072580352534,0.2954322848329487,-0.6904372227518375,0.4208171184133787,-1.0079813780555813,0.0890837900445449,0.7766203087213508,-0.1133530771405541,0.1540353550648253,-0.4193512548308208,-0.2538703312253472,-1.0268660745181786,0.4975245767514542,-0.1644811960131578,-0.2413010399198404,0.0110677864850722,-0.1525074698118932,-0.38757391873663,0.2862707574237041,-1.333706065892091,0.5948288507004066,0.0138100670718671,-0.0841880713346172,0.0925816725710532,0.690746697347732,0.1164610916906795,0.0087975426192883,1.755305622999998
K,K2-3NiF6,K2NiF6,K3NiF6,mp-aaabilao,-1.4242055461926952,5.3174564995414055,7.837084761503231,2.288736816382268,4.0315601800360366,-7.133042261736857,7.875645784686226,-3.8972926774983208,1.4780272921048432,-4.079798315150756,2.428030304776713,4.415725246258495,-7.315508640260385,-0.8236728911295979,0.5423079040681994,-0.3926846726457966,0.2857967216706921,-3.561543678880633,1.286072717826994,-1.0520985167972503,2.3730360683071,-4.0254959904501,-1.2077053225209555,2.220432803201115,0.384739550270121,0.2089830761405987,-0.3120654334203358,1.8641673809707835,-1.0727112734557689,-0.2319182415232359,-0.481173510647911,-0.2822189046124004,-1.20757491463725,1.1754081606973652,0.916641317779099,-0.3667208478390335,-0.4316763680864759,-0.0990743956381384,-2.134534208134684,0.747885011611101,-1.632056067526076,-1.0527339996895904,2.170935841471619,0.7617871629060033,-2.615839813458072,0.0991186157644338,-0.6816432926318523,1.6721515827541928,-0.9579800700437842,0.4772897690812027,0.3022654337817969,0.2750705210896383,0.5381810706606747,-0.2876028953181286,-0.3205945941454361,0.0092686732654176,-0.5168396312558978,0.6459090237012329,-0.8939079246923265,-0.2978038665829273,-0.32456311879929,-0.2401483433004809,-0.5945372335233127,0.780440455670482,0.507364328042981,-0.3205360461990076,0.1979184721752845,-0.6707208457231498,-0.5087687656750383,-0.1305921123713966,0.3043152870067999,0.9653698728018856,0.2584338610221445,0.326226953734182,0.415504485340776,-0.211174333576673,0.0438049634930204,-0.5141846182543863,-0.6171856995833638,-0.5294578184089913,4.288153473000001
K,K0-1Rb2NiF6,Rb2NiF6,KRb2NiF6,mp-aaabfrcr,1.048718132845688,5.349735314177068,11.420798066466544,4.627370545635944,2.8862774582339465,-7.569220010396895,8.049902893688563,-3.1183721371606112,1.3587356543204738,-4.582132388147558,2.6875383739962464,4.59720223003484,-3.0825686089849467,-1.5429505126128975,-0.798902134398769,-0.4053970353067905,-0.531311390706932,-1.07774527490781,1.6048905759841152,-3.023875782251515,2.5721789140314155,-1.9762879168927876,0.043851077634282,-0.1899377189718028,0.0641052224900716,0.210334627037604,-1.311281567774199,-0.3209092812636202,-0.6963246287505661,-0.3751172345201647,-1.0071288150602693,-0.0740948319358016,0.0250602747360079,1.7385502194191986,-2.182802655685784,1.1530783391859691,1.4142465930000956,0.2342751987872271,-0.0109875804479811,1.606408816620316,0.8499413661417279,-0.8578468687048392,-0.3957904939336132,-0.7766868959645922,0.5995386150320695,0.6260137872509789,-1.4014798992250517,0.8527786818725814,-1.3341002768633703,-0.1406441206819056,-0.8730439395248724,0.0368692577282949,0.3265213324362796,1.1781967583417323,-0.2323699280632424,-0.9609830314145434,-0.6930550139662514,0.6020271160100975,-0.5958333095540901,0.6774062943162414,0.1157332372554265,-0.5770276635590306,-0.4062298465776704,0.1115872510174673,-0.2408224247037581,-1.1072828593303734,0.0688550128924532,0.034669364045307,-0.662078048999875,0.0970233379262387,-0.0698045889810453,0.9117308968297178,-0.0993578194140821,0.5173727626200408,-0.0659813850710246,0.1092624510827123,-0.1017455749664616,-0.4110767906488096,-0.3321535327420443,-0.0511072395154032,4.465695312999998
K,K0-2SbSO4F3,SbSO4F3,K2SbSO4F3,mp-aaabrudl,-7.082014817473795,0.2287500903419273,1.5015107056901806,7.731459398955519,-7.099883036707828,-1.8176157944245592,9.213594961060648,-0.1626564475459366,3.796853601498024,4.797173482456829,2.240169410469206,2.692944720979397,-5.0078333648311935,1.14820419827641,-0.5217428896517956,2.2833909114138287,5.993728826452093,-0.4964132326516242,4.369269774375976,0.2210393037509088,0.1163319383687908,-1.2301103474488506,0.3091553344171802,1.9416433277194147,-0.976322328151072,2.909092781633261,0.8087674637559721,-1.6105133026949312,-0.3027118288920653,-0.3281419646703959,-1.0507882457005704,-1.150502667817323,-0.24558449232186,-0.0903248657964374,0.6351056215157089,-1.1758843966597237,-0.3660304550839743,-1.4575358080677918,0.0678391826752104,-0.1325511909239052,1.197929001727076,0.362237952129207,0.799692475790471,-0.4733204541044306,2.098490219790404,-1.0566317843741588,-1.2146374297201574,-0.3567463468528289,-0.0594421238802152,0.3661024988844545,-0.079906110431198,1.007997013236177,-0.5165769848052424,-0.4176079398823707,1.2983759939803603,-0.8102366972366704,0.5672846646564933,-0.3945410536790979,1.3354063201605737,0.6457251214110483,0.0208445313693206,0.5005803307601209,-0.0523281615640896,-0.4299428095686602,-1.2130447104825623,-0.529255230074778,0.6544898843276792,-0.3840753021033898,0.2136501829250714,-0.9954025299318406,-0.6561833336345206,0.1745244527678909,-0.6610993285629141,0.6599359021725144,-0.0613743347160459,0.1395438617505773,-0.2463497777059167,0.605733296194478,0.4712964410333863,0.1058313843072572,4.766019245499997
K,K0-1Rb2VF6,Rb2VF6,KRb2VF6,mp-aaacquwh,0.4540361037606044,6.113368830986513,11.308689765673876,4.065129306352193,4.049554051338622,-8.542878703655285,8.688189491776678,-0.6028148787826928,1.2741867159539737,-3.653586917758766,0.5505341390413608,3.5927276981975305,-2.9073911330327404,-0.977993758228874,-2.5977849938209334,0.5461509158467063,0.4446491846237241,0.608802991874477,0.4875279777267718,-1.5445581871438745,2.969021044973368,-2.3408486216970408,-0.289431042752289,0.8698203329539853,-0.3597606312477993,0.3512285238619349,-1.4178984020711125,-0.3432957764754493,0.0722634761048075,-1.1124122827414922,-1.7059146073716345,-0.0506519647355905,0.1359915715611439,0.9935822882951328,-1.6155912453543857,1.4889341113088048,1.7199917290006528,-0.3252265356457655,-0.004169640286643,0.5103107588440182,0.3075835974437703,-1.2300899194983856,0.0153006625271285,-1.1403060170114463,0.2954755136557744,0.8733644196272379,-0.5333649373370534,0.6456737248597011,-0.8777017031792215,0.5517888027846493,-0.931991312317552,0.3757915797024496,0.4143829247299866,0.923644549859738,-0.1002759785788286,-0.7957929200022824,-0.5414794661731044,0.9196682249648764,-0.3475624472261945,0.9562244147398786,0.0332896619440777,-0.6651549318089172,0.0185242759811001,0.1218624260610167,-0.619062109281984,-1.395221393687912,-0.0432477041350578,0.2035487947915822,-0.731741741318733,0.0848521164102375,0.0538642457063429,0.8839654848570031,-0.1853474984334878,0.5196324663060434,-0.0253221403008369,0.2185327465700692,0.0392148539497623,-0.2788935483201828,-0.3479282427208299,-0.145192223138713,3.868686003000001
K,K0-1VF4,VF4,KVF4,mp-aaabrgqj,-2.192246502345548,4.7099338964089785,-2.8980641349306007,2.222537143055338,3.464333603257185,-9.013209813974177,4.618352165347094,-1.4346326375183511,3.729366686231415,0.055397412002269,-0.1835192049642187,1.7921284208566342,-6.087708197425549,1.1589666783610362,-1.946432105183456,2.444622634636732,3.6691946715740182,-3.048028304963305,1.784643483287725,1.0712224618521669,0.2133790664063382,-0.1431727716256908,-1.4689092657162903,1.565255223054444,0.9676762780261512,0.8146788477195119,1.657092200734644,0.2557295766718038,-0.0388784874554213,-1.7795257128099875,-1.2158075871546958,-0.043590408904595,-0.4643312558345189,0.4291741847783335,1.7215619220040208,-0.5984902904207982,0.338973562333295,-0.1994877717703934,-0.265203094772682,-0.4519717028430222,1.148255789544932,-0.2983610023966899,0.0859801208377954,0.3710044156355158,0.1664545514159204,-0.1498306563173118,-1.481190215875069,0.1544626283575653,0.4572023040181854,-1.345431515925959,-0.1963408080298841,-0.4045983281885999,-0.558881791234513,0.0587524850855901,0.3541575454559471,-0.2117070304796031,0.9894442812712388,-0.0313243942084753,0.4343416641354451,1.1240455607103064,0.4675958872319855,0.3333461463753712,0.1907590514914327,-0.8956039814871462,-0.5148114035129662,0.3202840177079687,-0.001943113775696,-0.1933083537909908,0.3124309894676184,-0.4958103704554493,-0.1695094592395605,-0.4095868681593417,-0.9886955058556092,0.6829296096493501,0.3504546794432662,-0.0630413233278723,0.0713809828458128,0.2633422110674963,-0.1649864909283563,-0.0834974027823891,4.383986125500002
K,K0-2FeH4(SO5)2,FeH4(SO5)2,K2FeH4(SO5)2,mp-aaabryqy,-3.356442679618662,3.740638258840243,-0.7706849007918471,0.5997979655414399,-4.291223720390703,0.50804990036961,11.919279404354198,-1.9093764795486687,3.3683698018579227,2.3680253033508016,0.1360161843636392,5.294015139269685,-4.620748161271968,-1.217232052941566,4.188961103805179,0.1124972975236656,6.961720488763129,-1.6043350939974896,2.463611639689059,1.256893087224788,0.060954331947538,-1.1331805143066371,-0.0232743359315945,1.4076287376072898,0.4882580346624772,1.9273847921951104,-0.1799213646192669,3.3371946309877547,1.4560241996845125,-0.0209104850580344,2.248643776466176,-0.1167467408035267,-3.1171529833805387,1.930004571997932,2.6691136629579093,-0.8823535952668836,0.2408244563884471,-2.596988013503064,-0.8189729215302123,0.2883185307446386,1.4153949987466192,-1.1760776266028723,-1.4353684715584023,-0.3798807426856848,0.4082642592320528,0.7500920700472054,0.0817555114525409,0.2530498532938711,0.3283751096306862,-1.6417390476962412,0.2042294480956352,-1.4846520607195717,-0.3753129092577305,0.3279699343065135,0.0648415608137544,-0.8123677748375624,0.3257609114196458,0.5205108384100122,1.5163866204219998,-0.471590558291814,0.7835495563287315,0.2142745485285417,-0.0605380575943891,0.3313238520684897,0.1194385891178639,0.421416511233268,0.453934205936882,-0.3437359685417673,-0.1647041615562413,0.5530695695456632,-0.3946794800341554,-0.2348049980225306,0.2847955865437249,0.2997103555795336,0.6367886430954489,-0.0837384558956823,0.1731864641282533,-0.1226381884927151,0.1332171431164308,-0.2846991728590802,4.5148461255
K,K0-2FeH12(SO7)2,FeH12(SO7)2,K2FeH12(SO7)2,mp-aaabrvxo,-3.7843974334454873,4.140877645119304,-1.0981353450617937,0.4151430387187629,-4.199152593505989,1.0653134227138477,11.462954534096962,-2.019085121352866,3.1597065198158374,2.253710772345337,-0.1052896440937526,6.147195968628471,-4.794034432084089,-1.457207364772365,4.48922068876574,0.0400303465604546,7.61799475553316,-1.4276024703863204,2.216567713450345,1.6934278425262184,0.0888356970205804,-0.9116860101098252,0.822799219083751,2.0508868372287368,0.3855429533327913,-0.6723999044014871,-0.0127824720718188,2.539044372550001,0.1023892106601838,-0.3748714082159713,1.829132521972267,-0.2891429119086014,-2.8360685096564318,2.740510068705451,3.1404254252972192,-1.1243484719302246,0.3737056498981811,-2.2759096271012758,-1.4815498408841827,0.7845766169441558,1.5790853778265743,-1.5280983265254846,-1.828953747180561,-0.3155967417450229,0.7096301049827155,0.7869693871966137,1.0601474196534482,0.1000961760095442,0.7340497642024834,-1.8040510792030169,0.5432219217498844,-2.0413813846440547,-0.9160614094704328,0.2642922839049393,-0.226704213314165,-1.0165183347976483,0.5128153721033542,0.9658505212810812,1.593433075126096,-0.9385471213027552,0.8855221087461908,-0.0319811021152971,-0.1347606742375486,0.3589811620611324,-0.5038484809164153,0.0347125565958683,0.5043972324407121,-0.0154313562889984,-0.6904577067985636,1.2921512811056155,-0.4504961654179078,-0.2105766207175079,0.7843839915064399,-0.2974859295251082,0.1725332792772068,0.2163594863507235,-0.2546410596178368,0.1394729178874911,0.4985425628720283,-0.5355008096542859,4.375441020500013
K,K0-1Na2FeO3,Na2FeO3,KNa2FeO3,mp-aaacoyft,-3.145748003097389,4.296542680435541,9.808695183097225,-3.2721644289938565,1.492646131694792,-3.726457242305641,3.062856054954844,-3.7352547504173534,-0.182976076942865,-2.5124829894524083,1.889017518486584,-1.8868316908750573,-5.096652810705093,2.0398491047258385,5.26682369394751,1.4949940834149231,-0.5250068509261963,-2.182427419505511,0.3485559627414659,1.0980248651380222,-0.4612205848555571,0.4996143610484422,-0.3014283948252154,-0.0512221103709583,-0.9753191424031996,1.3113004642589237,2.691616177483277,-0.5609553146937127,-0.7034133783143907,0.5279872192439733,-0.5824260823913033,0.2134773416642885,-0.9463102239255596,0.5632526137243709,-0.79700397352752,-0.4370745240814299,-1.6850730474799769,-1.134952446025395,0.6288672815576105,-0.1549141216524158,0.6573408601957427,-1.1949785232852768,0.5277721523589731,-1.178919545275459,0.8448908668270494,0.8556122418549562,-0.1067709400818875,-1.2041087172825913,0.4546198083552853,-1.2460056486469109,-0.7571894729580653,0.2377829126150946,-0.6223321644643477,1.5407097487921892,-0.2791368750643036,-0.3678272187800377,0.1509503525631428,0.280514218425749,0.1104973221074158,0.8405327728783493,0.2174130100409832,-0.0698245827127505,1.0659680128155269,-0.6542375560562632,-0.5957758597512434,-0.8796619189108322,-0.1058857880195747,-0.4450795329861131,0.3652009502343705,0.3304052255550918,-0.2110063243895414,-0.7523670259190778,-0.2096805771343703,0.0679517508016963,-0.1566055033414079,0.5559631774671882,-0.0111663298751403,0.7232880734474832,0.0677284165336143,-0.1701557561963724,2.453556593000002
K,K1-1.5Fe11O17,KFe11O17,K3(Fe11O17)2,mp-aaacpaxf,0.0588930462032303,1.7076696808720662,2.8605171547960886,0.8710062178176652,2.6330671964448698,-4.057384567895637,7.326059916733155,-1.01902392589544,0.8785392912763933,-4.149520672922373,0.6037177650605301,-0.0615938976130911,-4.0437382930822725,-0.2001203026383841,1.8320334906298543,-1.5849968165158534,2.3144272029492763,-3.610296334826663,-0.3818332538661084,-1.6644064969918504,-4.269698881352632,-1.5008454876758803,-1.6203104256883436,3.2838603662733283,0.2633521760612163,-0.926436794030038,-0.828800153084003,1.530477476291696,-0.7418943929332424,-0.6724589397145762,0.9453112751375368,0.1280897566409339,-1.404303820934229,-0.3347823042019417,3.3688490403994367,-1.073746331601667,-1.777551407965215,-0.1019397139663752,-1.6936252343922371,-0.6103684023597173,-0.4183670364334723,0.2431427419436976,-0.4147260341596394,0.6998273471038896,-1.352761043811685,-0.08015218062048,-0.7234737667014224,0.4744707753626135,-0.1156257384437059,1.5480687580151176,0.7251632856120198,-0.3162651923852703,0.1097806144961832,1.163266261479404,0.3523846588911417,1.3200809174949624,-0.6039775982245461,0.2201547775754505,-0.4226500269626634,-0.0035030947186653,0.1448573395646227,-1.3116923127704507,0.1003396391918303,1.3952440645668909,0.8176401728067727,-0.6421788656686006,0.3198484875157513,0.528879627950038,0.2432062965138385,0.2400132957789178,0.4065649485938146,-0.4268779413831441,2.034737548683096,-0.8980627933462181,0.0658546709266975,0.6024400922644388,0.337813980042955,0.0229490427592443,0.040131000833994,0.611305531928184,2.713432503
K,K0-1FePO4,FePO4,KFePO4,mp-aaaabedd,-2.495213507834627,0.9107025534603764,-1.5253362485015127,1.6901593194365276,-2.1069813643567543,-3.983506009883439,5.627503686403148,-1.9463236147137168,2.7766635670118305,-5.275740432517726,0.5376057828506642,-0.5769159664653576,-3.689391675827887,-0.0459937792526942,2.126667764096806,-0.3581162872963613,2.98871151555598,-4.306633739590029,2.3403797036224963,0.9410365120230112,-0.4450537072929758,-1.7412574660732962,-1.5057741535506428,1.9432740927817087,1.272960888954691,1.1684228833319446,1.5903881345751965,0.2833988762351689,-0.0892305635332349,-1.4014097255898574,-0.3212281959797362,0.2442216273706849,-1.5068361291858277,0.2660399757757038,2.790236304886748,-0.6713297906333091,0.3770493986931477,-1.6458276449285547,-0.7785789054551786,-0.992638424259446,0.4619334784370115,-0.1521732426026919,-0.0254541331836584,-0.1621651866178592,-0.5166512234682722,-0.5123074984128133,-1.5076210280584583,-0.8669125054001712,-0.3277393368519833,-1.1099184093242125,-0.169228159081331,-0.6578347977380655,-0.0076395697435593,-0.2961110466829244,0.4443126412569443,-0.0065112637634659,0.4365594728709135,0.3403289609723898,0.2758517099836042,0.0585127432205719,0.626978671100259,0.1082500796557366,0.015005326754264,-0.2142445312116418,0.1501414442539139,0.5466742787075073,-0.1006135508970282,-0.2167853637951251,0.0068806290027453,0.0424415165696861,-0.1596488746046755,-0.1265719549225553,-0.2900982250951007,0.0093797248181852,0.0263073593631249,-0.0727906564794916,-0.1279355973582404,0.0256740768173852,0.0018643522630429,0.16493899580873,2.6763932480000032
K,K0.25-0.5Mo2O3,K(Mo2O3)4,K(Mo2O3)2,mp-aaacrrkp,8.859489041604068,0.0806985282998363,4.091407290739414,-0.3111266574526104,3.276511958197005,-5.540245152975396,7.207393261789459,0.2590784503410021,3.3237925726466844,-1.9538538824408496,-2.018681043324925,-2.593029551735034,-5.523209510633686,-1.2597663062938906,0.5354199701733864,-2.9605150520342907,2.843946309204106,-2.7529084937824373,-2.2377271000410794,1.243587759586554,-2.306477040957121,-1.302268101727895,-1.460831329049621,4.433611810243562,-0.2332101001109013,0.1914839021556379,-0.9854804684625474,2.9301336423916484,-2.32064664240564,-0.5351487288451567,0.5011607757141958,-0.6854232151393281,-1.4345886011904123,-1.943630340173928,4.252947825047627,-1.7912407337158989,-0.1738543665549718,-2.111442125774313,-3.708590172150159,-0.3928385562365041,-1.1608252391723233,0.0761587241155041,-0.0471493542368055,1.4862358363923325,-2.223199222002634,-0.9657143626559996,-2.216467761817424,0.1341540738025561,-1.1404688189207053,1.394377897353534,0.4704826560051979,-0.5747392267144816,0.598523512788971,0.724919229942998,0.4111133303032677,1.378782542871716,-0.871796214699484,0.2650715231036916,0.2920927806142493,-0.3497765048242411,-0.2821205370076876,-1.254752539189755,-0.2887694158945956,2.2834669727291024,1.2769495567717728,0.3850476705642463,0.8724602046038592,0.2627047156895691,0.2872696161693535,0.4490028630837079,1.0207319975025484,-0.0240118489287527,1.837836323125407,-0.7980378955978594,0.2256050548962032,0.5706870564450183,-0.1136452614629464,-0.7127382425811393,0.0572572396720378,0.5673909429652318,1.095523913000043
K,K0-1Mo2P3O13,Mo2P3O13,KMo2P3O13,mp-aaabetpw,4.601095603523783,0.7996567031344827,-2.922356155605688,1.1349807701326875,-3.285546151778195,-2.704844009907845,4.798272953742549,-0.4455444886106575,4.510936177536051,-4.530052706319367,-2.687604112192254,-0.97661260795202,-6.378240781777047,-2.070309794573045,-0.8062898499112858,-1.8897521419429744,3.5571975879887354,-3.670024956376472,0.8770051516186277,4.68140742278101,-0.9546591094802054,-0.26627876404816,-2.139118692328054,3.33993578390965,-0.4253702640657615,-0.5237452836071742,0.260194091385653,2.575586523173973,-0.5453898615755247,-0.3234333644761651,0.0824306987216473,-0.4324381667898656,-1.7840931754646017,-0.0464931528331582,3.6518556954248136,-2.181103582548832,1.645853634358671,-2.1135289728896063,-2.4158561140602863,-0.6710766740592459,0.0774579417272671,-0.7706652337515504,0.9008270055955672,1.2069835293647442,-1.686392536943918,-2.2040767332962354,-1.4138611731040345,-1.1513066433628174,0.5964778981139361,-1.7049995033881369,0.5915286254913064,-0.0768380618411809,0.3380734242890189,-1.1832395918906853,0.2362695629886946,0.0844680014043878,0.1331789281351436,0.1770709929125865,-0.0926999086508458,-0.6971527855583373,0.7610035097914236,-0.088268941003752,-0.0886719797373023,0.6630649043941659,0.554773976405759,0.3043917386825557,0.1315649826069743,0.3749210966067566,-0.596968656782261,0.539990738930837,0.3313946521528632,0.1672985146617222,0.520118226205983,-0.6357004209269397,-0.1550516358617212,0.0519224527614471,-0.1596198840539567,0.0457767737474613,-0.3620856833669771,-0.0161035295837045,4.352703557999995
K,K0-1Mo2P3O13,Mo2P3O13,KMo2P3O13,mp-aaabhhrc,4.601193541177823,0.8049619776157025,-2.923810902309804,1.135277262916513,-3.2867536610328645,-2.701518194229375,4.794104409690183,-0.4438791390987505,4.509960998718053,-4.529884065719443,-2.689919724530634,-0.9759521520468613,-6.380847552785724,-2.071093373427367,-0.8094449815814784,-1.8923191173598928,3.5598230560320063,-3.674446508916447,0.875839169407258,4.683769206286016,-0.978688289501936,-0.2583920643457363,-2.1132865437429307,3.351511497954157,-0.4212100232672268,-0.513302525671995,0.2667734185461965,2.5810947004494493,-0.5405997558212254,-0.3253380349267399,0.0869443277150571,-0.4306156209423484,-1.7879381066396705,-0.0572372648057376,3.648199398319135,-2.184033691189025,1.6478939313648653,-2.114082405757078,-2.4176470379508013,-0.6717947094161616,0.0819746714999344,-0.7669438700338761,0.899705897345761,1.2035273098687154,-1.6832102535437596,-2.203766966455723,-1.4130828391029715,-1.1514686853785543,0.5951814015438297,-1.7071922196647822,0.5888511959920104,-0.0769769546330986,0.3383688870860112,-1.1817157526119004,0.2357645919925376,0.0858526176954885,0.132919233379488,0.1770578889409025,-0.0936004445239658,-0.6976936931600772,0.7613186832168612,-0.0876612027947863,-0.0879109652388152,0.6612302772199682,0.5553135686745214,0.3041049118765411,0.1324507491060372,0.3751668539164803,-0.5970759576946921,0.5407728717765293,0.3316829272960552,0.1684442146022406,0.5209229647588317,-0.6342208073647801,-0.1544441921164766,0.0527569675290379,-0.1587957673123597,0.0459198773094106,-0.3625519103084333,-0.0165517711423559,4.181281260499979
K,K0.11-0.33MoS,K(MoS)9,K(MoS)3,mp-aaacrrev,5.745280567556788,-10.222335175233244,6.355388244251987,-8.269386205643418,-0.5015539537853881,-3.480213108195783,14.979935776118769,1.0808711244777052,3.636294095789041,3.2327487185226693,-2.0650509788112634,-1.960939827380056,-5.238080068328173,-0.971535629451596,0.0928807393500723,-2.7946638370749426,2.644425017926411,-2.359073438369369,-0.6003893383171729,1.0915308258632794,-1.7888530117241663,-1.718372902738111,-2.6009129110301363,3.7415446365108944,0.648621281534987,0.9547917577443789,-0.1435915668641135,1.9461144317543544,-1.98814432922712,0.7160699968927552,2.878571840349653,-2.3599478546318124,2.8303709754913204,-0.3345024549402165,4.136185340187179,-0.9837711299090774,-0.3307774229355882,-2.148175258487427,-2.756255769341413,0.0143843037094673,-1.6679555319810238,0.1286299538639886,1.4440111763191523,2.176385295925249,-2.054168999778118,-0.7850773739750315,-3.1247690766431164,-0.1788624894955242,-1.3300774932579735,0.0925198682830999,0.1143856570253164,-0.6906805229920633,0.6494882845434544,0.9415505717145212,0.3204646323165793,0.9978256274444804,-1.3895272381189143,-0.2890409213075017,1.0071988536943175,-0.379609732314131,-0.5057010599497911,-1.3840204560796268,-0.8248443936935003,2.722761061999091,1.1111167031172522,-0.0310491000929086,1.144547786549656,0.1466166613479746,0.3176790584859926,0.7234171912339582,1.424881657845858,-0.2718119689256868,0.8220659267203316,-1.0394524728275214,0.0684976291461321,1.0292364536522798,-0.6778679213320937,-0.4335292679731413,-0.4916107269404049,0.3440716084252326,2.320974663000008
K,K0-0.5Mo3S4,Mo3S4,K(Mo3S4)2,mp-aaaaadfg,4.677324976330687,-12.526833683839737,0.4745121113945965,-8.36110902604914,-3.832455011763768,-1.6002743548931726,13.33468176879681,0.5118805975749315,6.097138071695007,4.066580232529032,-3.963285609763089,-1.7329129243526826,-4.1510280275567375,-0.2739518622966241,1.2045407992627717,-1.3681947727150876,2.585149274431068,-4.494695644217176,0.5981728418309332,2.125227596607036,-1.2669095067524414,-0.1359663501885238,-4.353360874753153,3.203620989114003,-0.5532422059400097,-0.3771231624770492,0.443602305692355,3.1107967170619752,-1.3935237539775982,-0.8242586804097773,0.1262075943452014,-0.3083709544494114,-1.8008936496218964,-2.5849850833956705,1.9795502879656983,-2.5337983355903115,1.3381352511514963,-1.5578429172780162,-2.8031209014315843,-0.2230518423028676,-0.4675110918303775,-0.4970760909855755,1.016441318149171,0.5041027712577155,-1.255078861264972,-2.0871672570711044,-1.913270689332023,-0.9612688800891862,-0.2868790379475752,-2.040560668583723,0.7158998893842343,-0.4812976338851266,0.431655583463931,-0.5049868419349589,1.082844900597448,0.6382136184654451,-0.594099043160423,0.6651373333628824,-0.0136437719535432,-1.6470740308933465,0.0178875363891896,-0.9125869858686068,-0.4921313685606493,0.0337771920275484,0.4758871076467919,0.5171194005543284,-0.2086230435829993,0.225157116774234,0.1704140066531542,0.8286390988503419,1.117783894958705,-0.0975882438424007,0.132539153701751,0.061952132526325,-0.572038564549362,0.39505845801494,-0.5580105484977651,-0.3902413649046481,-0.5221346154479259,-0.2027406256849964,1.938007642999999
K,K1.75-2Mo9S11,K7(Mo9S11)4,K2Mo9S11,mp-aaabnaby,5.6193173030557215,-9.576739761012467,6.108096496250716,-7.863439673556003,-0.8964354312255195,-2.3571615722198827,15.4462242410774,1.1684023721192427,3.318851106514969,3.18224058046478,-2.065903366133221,-1.4165270794829654,-5.47476830879891,-0.9596148862912726,-0.0838016473558444,-2.609488993698762,2.2865710016422547,-2.535914062382134,-1.198684455720198,1.1112024027077534,-1.7720484751987462,-1.641769534653087,-2.8135798226307647,1.903601828235681,0.5521655245239013,0.1123586123443693,-0.9976319065154364,1.543619662938832,-2.132510779820625,-0.5919976638676505,1.2058608663401944,-0.9534175063543996,-1.3729076168022774,-3.10958112816765,3.213585736539334,-2.3833252402788414,-0.2703122277418341,-0.9882667864224028,-4.02803441156515,0.6889758942198071,-1.044890752526919,0.1481130881264242,1.4373423393398266,2.2602225240175837,-1.9497543291424315,-0.6869481542135001,-2.648479558606705,0.060879299729112,-0.7307012674227455,0.6134414296987419,0.0012828071994902,-0.8247311179736377,0.7539495151069093,0.6405388421443517,0.3684721759945385,1.4509443935886703,-1.2700070181399177,-0.1669849175890163,0.93468284233051,-0.6632483464380564,-0.5287022793279036,-1.3963519382469616,-1.0026329695359308,2.831148269603573,1.0446792033122734,-0.0654612501201662,1.1463096010860323,0.2895989080594346,0.0853798599276479,1.237216303576772,1.3453458363663315,0.0039899324663075,0.7829905665918723,-1.4649372537324836,0.0817418231664541,1.1091086580560148,-0.5499807464694578,-0.2163827742519688,-0.301968987909651,0.406219172406083,2.404092688000013
K,K0-2Mo15Se19,Mo15Se19,K2Mo15Se19,mp-aaabgiyy,4.3374963522442735,-13.74905799411993,2.777523147435273,-9.1047407203851,-1.7021649355099815,-5.822421289206204,5.087846400686363,0.6190847656557399,2.7967862441704088,-2.8795575628721832,-2.184968019819252,-6.990304521912894,-3.1155809801696464,2.1124684879346214,-4.694676959982881,-0.6697274834299375,-1.242059490012812,-7.315530916484079,-2.775186018430044,-1.5798105597297498,-0.6935257556586,2.2016457746866918,-4.582806542144198,2.1885148921242945,-2.225346274196175,-0.4812473044855496,1.0487389682524055,-0.3165198188692498,-0.5721419696480387,-0.3342097916429096,-0.343201032245034,-0.2291003610586736,-0.4440285634187795,-2.134124149726486,-2.121336368235909,-1.0531396870086995,1.159825786567908,2.2728055164799934,-1.0618718237712357,2.0209857615974904,1.4886701658137516,-0.5727526919253881,-0.8540010060186104,-1.207108278515074,0.858113253848425,-0.3940597475719192,-0.6133645872524636,-0.0607213187515434,-0.5885554861303732,-1.2857099292821823,0.7831413018913989,-1.1871151819044183,-0.905955761021074,1.4213811652305433,0.8570443379714391,0.0253022678555421,-0.4086039901276295,0.386891092886051,1.2750794535988204,-0.1069250084565668,-0.4008775481370094,-0.5365255165239549,-1.3356324428747073,-1.741536267690468,-1.2306832702806842,-0.4358524574816527,0.1115829017132308,0.4093442278258263,0.1972866946627463,-0.2719424068607572,0.5380330522897757,-1.2342190693109285,-0.4985770987909291,0.7290407930632343,-0.7451606960417488,0.3280532877034718,-0.3947969470116207,1.0575908686936175,0.1638310956211921,-0.4015958028647733,2.358784885499993
K,K0-1Na2NiO2,Na2NiO2,KNa2NiO2,mp-aaabshmq,-2.639918873912918,2.6583154113004954,11.05682184011784,-3.616406839277933,2.201358438181777,-3.820612733732879,2.401002825480728,-4.669284275793928,1.0912433448399528,-2.781713404143653,0.8331247493767633,-0.6663455434763241,-4.872964398118352,2.069736877269009,5.9454479737539385,1.8927235222232537,-0.9940050742773436,-2.7972913368549337,0.2036555806825121,0.3729964158622341,0.7894260726609968,0.0585134985153205,-0.5380518284353029,-0.4664761867479635,0.5368456566826147,-0.1102832717744854,1.840469118532145,1.143431601791404,-0.2564792554203997,4.36157530195692,-1.7279984111084188,-0.4470125949814437,-0.5877609337987512,-0.2314459667302219,-0.7299093447085859,-0.427321084706105,-0.7717998836455677,-0.7424133159605494,-0.1347059028782196,1.0845661823104027,0.2170461875442385,-1.3678049862622876,0.3400597924005273,-0.8232278001134602,1.300156303836104,1.112976938818232,-0.066624650261851,-1.7043453812259606,0.055108407799732,-1.2259263303866352,-0.4587642652938565,0.7035531696551356,-0.5884892513257036,2.072989628153541,-0.5156919638383162,-0.7616957632186706,-0.1593967667100183,-0.5550534202037803,0.2381905992590412,0.4674524545085833,0.0659696625441184,0.2843710367887449,1.0261987785366304,-0.6219570732507264,-0.4494366060590974,-0.7747068591801914,0.1487568533089268,-0.5420137002114186,0.4017629731148788,0.1413454225302538,-0.2582578269368644,-0.6847789373125504,-0.3011558670001902,-0.1090148208290912,-0.2338568924128153,0.5186313026738467,-0.0092582869068609,0.6982467931697288,-0.2024017517228449,-0.2582151516014561,0.561743727999999
K,K0-1NdNb4O12,NdNb4O12,KNdNb4O12,mp-aaacrktt,5.27489549122909,0.190355590646853,4.429399179771087,3.968783401905615,0.7208184188523425,-4.650852982228206,2.143612071710842,2.026580363473066,3.862506618235989,0.0243451012778171,-5.239149262945197,-0.1517868345936026,-0.5919528649445531,0.5795679547087406,-0.7028088697401585,-0.3468578399713103,3.779170650846855,-2.487054383437989,0.3207083028895001,0.4308874332761562,-1.2003244086396596,1.976807445447498,-1.1019074203151336,-0.558425291509007,1.7294418185410088,0.6577764649152167,0.1106002593532193,-1.0283365535976137,-0.0392946750912206,-2.0844171692840816,-0.7377819365824219,0.3000424288017482,-0.3344261260982014,0.6742909438703144,1.3420905712780955,0.0278780621188115,0.0137510972558302,-0.1932305349769479,-0.0504444479226892,-0.1888994109180635,1.0247541129609168,-0.9701603644884192,-0.1148370219573093,-0.0214343097238281,-0.0411447126552294,-0.7293179448740263,-0.7054184779966565,-0.5377430678136977,0.6500618222027487,1.0665176146646074,-0.3745096458970339,-0.7053602542761864,0.2772320789530532,1.483120618777983,-0.5316925820335311,-0.8563735565350354,-0.4448702376854556,0.0602029339394841,-0.4102277444277287,0.3915507397722428,0.570321279670012,-0.9563138916208658,0.1183376608563137,-0.5545603490354364,-0.9637353080430492,-0.8341495379626639,-0.2298152385099153,-0.5336582450171509,0.616450147658928,-0.4226288204869,0.2821932411077056,-0.4465095548801479,-0.2362939817186612,0.6209627564448295,0.1728645736091634,0.6812129165833255,-0.206605271615862,0.2969265830560281,0.1737469463562054,0.2386060511272351,3.7673896230000072
K,K0-1NbO3,NbO3,KNbO3,mp-aaacrlgz,2.4428561289935358,-0.2193874960290458,0.6382720708932955,2.36026998412355,1.4528034064213506,-7.860257882252989,3.601863147506563,0.0384687228873737,5.533242766533629,-0.3059681034156395,-4.595378140473581,-0.949475114890312,-3.2869164040524343,1.0869392964537077,1.395750570757545,0.6495450964765226,3.3699529384728946,-2.8653254347792427,0.3928238634578089,1.2866361678134033,1.3069780395574768,-1.0117647362555415,-1.0298108688441276,1.540689402290862,1.2254214539792403,-0.272815899047385,0.2754090659527643,1.0904153595838155,2.189521936475118,1.8845173474484795,-2.0202556065015083,-0.3550273181216853,-1.1093667996124017,-0.0783399414480086,2.40487417972569,-0.7544246820212703,0.3140850967482771,0.426150341049442,0.344542034020133,-1.1759937362842432,1.4614648092651197,0.3260827440529278,0.4894387263729178,-0.3858358336315109,0.6928065752711341,0.4658228740835818,-1.0913898513253726,-0.4074332697619608,0.5311685266191158,-0.3138935852091712,-0.541824388651852,-0.566491958384125,-0.2745973382430087,0.4754788819441871,-0.0091423107406051,-0.3657337696195297,0.8227097062707989,-0.2663572501531466,-0.2880584127945513,1.0507009360301736,0.2529633788620251,0.1657962342323267,-0.0943295730749642,-0.8168026373747266,-0.907417888821621,0.1683592018793258,-0.1151769080154282,-0.3083266902988745,0.0952042810169098,-0.3286306251202295,-0.2265422001550107,0.0911571095790704,-1.1829152739093347,0.8250153301119697,-0.012429208326331,-0.2135433753238388,0.1343547136174654,0.3968666620281569,0.1495039271501702,0.0415385211709261,4.416351943000002
K,K0-1PrNb4O12,PrNb4O12,KPrNb4O12,mp-aaacrkjq,5.225099325170717,0.2028995959055789,4.266990176395123,3.900772689364697,0.7622615606984706,-4.683638225433395,2.238390841021184,2.0084224642300392,3.930466669711268,-0.0131019738061938,-5.374651902591678,-0.0162121592241637,-0.3550422669170389,0.3597251209592155,-0.8518951982958789,-0.4764542516281277,3.6904362147154375,-2.589215383048575,0.5155335630028,0.5188121319855088,-1.2734530981321863,1.9035064620032252,-1.2598269005886098,-0.4182373279985755,1.4689869919330096,0.6558708578368246,0.207725839767529,-1.0372188185070323,0.0360546386524234,-2.0639605788993274,-0.8267449892930222,0.2786212518215178,-0.3350738257647679,0.7069879670242666,1.2371153231041356,-0.1361479608044031,0.0154749736053285,-0.1565696886566969,0.1930965239652573,-0.2899786532823222,1.0962594479106065,-0.907469270061902,-0.209097700542842,-0.1576438012093023,-0.0189827921017907,-0.7512948890424787,-0.5937689602696534,-0.5081586431101465,0.7913284214618092,0.9984347338839216,-0.331442577031581,-0.5440546396974643,0.2157171276981463,1.4184261872629975,-0.4305530897653551,-0.866995684448008,-0.4976335860356006,-0.0137703035068775,-0.5263512126116701,0.3613896956668475,0.7025933204386355,-0.9461479594592028,0.1247758260870958,-0.5387100542291573,-0.89531938462685,-0.9238397793809676,-0.2167871562656384,-0.5164750456935865,0.6131609867211052,-0.3805354953886886,0.2982895547957106,-0.3784585894405221,-0.2055739293906281,0.7136236926507253,0.1825522416923582,0.6543965350503698,-0.1704676070362003,0.385641908577017,0.2588831177645042,0.2759963946992957,3.8085322429999953
K,K0-1NbS2,NbS2,KNbS2,mp-aaaaaovx,-0.5087308551182141,-10.523078427918929,4.133036043608304,-6.8520780509029775,-3.780399848518188,-3.875492421039695,12.219315304318142,1.7914918776092956,4.870199722019399,4.797482201426856,-4.494499300671526,-0.7519269456925826,-3.3067834163393983,1.14677871145698,0.6315023264596151,0.1044761996844929,3.0885024211742653,-3.333161916273838,1.2343277876696548,1.1988792962320916,0.8706439200170427,-1.188188079504197,-1.651582548025046,3.266937311220373,1.19885458118162,0.1031696845050066,0.463255687815249,0.5964090582779266,0.8200074128151235,-0.0270236078432003,1.6386893133606475,-1.186392262758172,3.204567892772185,1.2071845583790797,1.1279900045986715,0.1637469533656773,0.084938608666159,-1.4257350039753671,1.5206397950703043,-1.713760835251921,0.2437767938405659,0.0899596950317501,1.0241074449961485,-1.1571297322868317,0.7510713495425887,-0.0075514918555946,-1.3494841967627935,-0.9816773812735436,-0.7149359381276963,-0.7394246057817059,-0.71302215636687,-0.1757225696624686,-0.2285457808588276,0.8106487114807049,0.9633143718722498,-0.6976969964797524,0.2282201916409349,-0.0213521177367243,-0.2183120860725576,0.3759053190883577,0.9035236687852508,0.0963318616745551,0.5303591182915498,-1.4296013516477144,-0.6933809502297451,-0.081354651601675,-0.7514303171885666,-0.2559061642189843,0.3749579288612643,-0.0072842656933029,-0.4810761875058875,-0.2878095819471918,-1.2993836974963733,1.327959682670783,0.0983306227988639,-0.0729292900446275,0.406517187188959,-0.7687315309248945,0.0760195515563062,-0.101601619966901,1.610381223000001
K,K0-0.5Nb3S4,Nb3S4,K(Nb3S4)2,mp-aaaaasrr,0.6402131962701006,-11.315145160018282,3.2070055443692054,-7.190053701886475,-3.0320615901546164,-2.70838594203861,11.742159394065803,2.495728167906625,5.010636615294151,5.691693185129171,-5.430960260046365,-1.139773748581817,-2.743771147635863,1.1626874479718527,0.45451137168661,-0.2469400037090937,2.895037215443202,-3.800873569282567,0.3475338898434205,0.0966895092380287,-1.6165935342896625,-0.5540024278825718,-3.2807359917450705,2.9455948317218845,1.6444351598670124,-0.1492857233730444,-0.1861502353032028,0.5668243846861557,-0.4444182448532595,-0.069465652416908,1.4645000590699544,-1.2218278403374097,3.4372673819694564,1.1130138325950285,1.0875879111745983,0.2914894338826815,0.2652630803691622,-0.986134811343333,0.9741649704640492,-0.8285871881893928,-0.0913366301543282,-0.628378676122262,0.6270335085268438,-1.892664429418734,0.5445869000496028,-0.1686207986186405,-0.839219680178829,-0.5230167291180197,-0.4447378821278867,-0.7401989607808515,0.0570377017133949,-0.5302077434198432,-0.3583775576807886,1.0158150535628243,1.1795111880459015,0.17365088311257,0.5252130434221534,0.5120208907248051,0.0565271646664803,0.3671175944526214,0.6922924792737014,-0.8997990161591395,-0.3373134306630379,-0.5920224849582669,-0.8783347491144838,-0.268389804599973,0.0899034293420577,0.4599779283062035,0.3489104949502793,0.3776924146285703,0.0121066300454033,-0.4847942278201229,-0.473908685270559,0.3693328882543853,-0.3791147785784428,0.664557749205549,0.0534369062524609,0.011327567149435,0.2125905288588877,0.0108034919731811,1.573798852999992
K,K0-1NbSe2,NbSe2,KNbSe2,mp-aaaaadgx,-0.8315880611602904,-12.485068805197628,5.111599750161649,-6.689746039885588,-1.051442834569114,-8.8312992298107,4.950878117830468,1.9106731483359547,2.7760935121727,-2.0259293676196544,-3.436966873955964,-5.365337611131251,-2.946731927559204,2.569006590106656,-4.2686952216913285,0.0802456061962319,-1.3801365271537944,-6.438437426455113,-0.0931251074010871,-0.0538952896059356,0.1297008910660436,-0.4141442266241257,-2.749159445595916,3.440982587430861,0.0784515604037034,-0.6377268496310762,1.674144193800044,-0.2307683759644354,1.8696644207734985,-0.410036876807528,1.4600587267555325,-0.8909523314532741,3.382668326274197,1.0168414381259188,0.6986567517550836,0.9094170799525384,0.2114541957809189,0.461057628782525,1.9765460085726885,-0.9914808799367856,0.3225025056349002,-0.15863506408737,0.6168917122744417,-1.665384054383208,1.0774180805647466,0.3536689802536775,-0.0521379648890786,-0.3577814818877008,-0.3751832853817239,-0.6804976083116429,-0.3683379082092136,-0.0612922404914439,-1.4342065819425174,0.7427785967034752,0.8413834322668133,-0.8666927675190642,-0.1891678994625629,0.4378417104268997,0.322197584977313,0.6710314201430919,0.2681988176265816,0.5372291779776865,0.0145120258325852,-1.927448368406886,-1.3782328661545902,-0.5230185152938013,-0.4530937747957795,-0.2958975776187709,0.3496219516764757,-0.3790349539383958,-0.4722579000354574,-1.01736196871091,-1.1505767501158055,1.746978431460831,0.0973428236259564,-0.1529797369009853,0.0763874725947273,0.5583844064997368,0.4009240196875949,-0.3681692026747938,1.414737938000002
K,K0-0.5Nb3Se4,Nb3Se4,K(Nb3Se4)2,mp-aaaaaavp,0.025590098696913,-13.131178744170857,4.058840404613243,-7.209473887847072,-0.2187618256295947,-7.566376162602516,4.672175268938984,2.562905927128249,2.8670084767394903,-1.3171850534324934,-4.374675975541682,-5.710914282159536,-2.43743482926265,2.5853568775822744,-4.452602369080023,-0.2540298970379196,-1.4792597461355157,-6.892657323549651,-0.9345126178978758,-1.186703257379398,-2.2995293696896613,0.3278087739429987,-4.407076403210435,3.111361161155069,0.5265394049911726,-0.9257086769500488,1.0276445972812536,-0.4219088994615059,0.6884134775852437,-0.4110136752260432,1.3909947248042758,-0.8317388166630725,3.641350916527791,0.968874415803166,0.5910466653907794,1.059881010576266,0.3822333437414118,1.0049692051725794,1.3232596601302065,-0.2452163393870164,0.0143129751672849,-0.8433950401399498,0.3717960819515878,-2.3343041791035493,0.8799493790057089,0.0860471272593098,0.6362580401508896,-0.0415228566839826,-0.1330287906264443,-0.8077494151171398,0.3040922654180834,-0.5673808164650279,-1.5400462882178063,1.0938198940132096,1.0758277805011232,0.002419517605336,-0.0225656366137931,0.8908106113717292,0.7752977285467291,0.6501616853848332,0.0743108855476056,-0.4475018982237687,-0.9640383214115912,-1.2380866674742044,-1.4449173177178685,-0.6657222545930608,0.447008909754587,0.2722160398993807,0.1872857833382497,-0.0640465731700631,0.0169862296424349,-1.224864511215935,-0.3269106913744083,0.9384378318407904,-0.2224923569838469,0.4396082619041865,-0.1069586492146165,1.1863127537724851,0.4452968486242266,-0.4061223908766156,1.352614393000003
K,K0-1Ni4(PO4)3,Ni4(PO4)3,KNi4(PO4)3,mp-aaabsgsl,-1.437971561778184,-0.0052104552162977,-2.287375472987525,1.943440748408252,-2.037616848184123,-2.259627169350118,4.526477959601882,-2.342343602583327,3.806064934468644,-5.222878643704024,-0.0825718504705629,0.0593281475336842,-3.69327886135172,-0.3060694508521163,1.9379654460194529,-0.2592255536419444,2.510940667286951,-4.783424026659448,2.020447241480363,-0.0271937947201766,-1.939733704936992,-0.9756888740551848,-2.551642982505027,1.276774603045186,1.861798296889168,0.9989643456583688,0.7797356771693992,0.7094718337340077,-0.7865735099745912,-1.6929418074824618,-0.7980935554997456,-0.1375232750461166,-0.6346714307799141,0.3953943838550109,2.7863137245935983,-1.0226113559196297,1.3508467418504324,-1.2282037168818238,-1.396818542015005,0.2375647820362104,0.5725206619462782,-0.2602177225000165,-0.1450427590833973,-0.2490323172607968,0.0355376366869356,-1.071384361179694,-1.2630081884663111,-0.8165037194177945,0.0724310684169881,-0.4358794924545347,0.5800029024896287,-0.0828794421165576,-0.0111202749525451,-0.323713122676171,0.4970554194255303,0.1703563819835753,0.7104144306597033,0.1449655990764147,0.1200766571479587,0.004510909808396,0.6408878710321045,-0.2117104869781737,-0.0495647168706432,0.0693482744935603,-0.1450598232825592,0.0414649524768509,-0.047071232103967,0.2621037561807586,-0.1874366678871047,0.2517901795412773,-0.1152084598605698,-0.0911106461659205,0.3118618729702149,-0.5248966838402355,-0.242189008489081,0.1140957797260301,-0.1600187796367588,0.2697591582478567,0.1111146154823325,0.2279191224433534,5.040241227999978
K,K0-1Ni3P3O11,Ni3P3O11,KNi3P3O11,mp-aaabhhzc,-1.736720529222646,0.3388341918176698,-2.3509315460217426,1.974231872726592,-2.553616517370553,-2.082204551404649,4.432234764302942,-2.310276008567092,3.643427316216688,-5.576829196727684,-0.0440248379652831,0.2317176948650973,-4.064537226082111,-0.3399571854650233,1.504052296726538,-0.3356040831280149,2.6829852774669147,-4.729250462446846,2.024951673448852,0.1119004775008677,-2.185415686728504,-0.7750522063897887,-1.3767779387543737,2.353599302979208,1.671322920764036,-0.9680317388389624,-0.566299822473369,1.4282249872246238,-0.3339947536606559,-0.7145574324114795,-0.0876173966239309,-0.0761982847657616,-0.9032097037593144,0.1858387208624638,2.229819203119473,-1.1016779699342345,1.64410251509223,-1.376163341945414,-1.094381417865537,0.2203290863226668,0.4373750192272074,-0.3002594408416769,0.0571082379781486,-0.2872072379695246,0.102552257923803,-1.0250735454532935,-1.3030761897921508,-0.8718773616047524,0.2424021154059246,-0.5417495087991118,0.5374546031388154,-0.0379840326544373,-0.0483655809172279,-0.3725277700368372,0.4212154366456189,0.1589149829265139,0.664333849460514,0.0827473021291222,0.1443390825159144,0.1367559700038358,0.7151874313696864,-0.1600694323096705,-0.101042762846035,0.1058089367522549,-0.1006158707502249,0.1181662077125294,-0.0008394480275385,0.2006492365366759,-0.1903674709793014,0.2587108095215946,-0.1808298578761378,-0.097495155983781,0.1776831801083357,-0.4923653456915924,-0.2615662242468939,0.0894192025034895,-0.1965512183652548,0.2656798536388139,0.0796089226239376,0.1508634155010784,5.110093948000006
K,K0-2Ni4P4O15,Ni4P4O15,K2Ni4P4O15,mp-aaabhhru,-1.8104176337912972,0.4057707783672379,-2.0239699818050894,1.925490677589033,-2.542438049062476,-2.434389960514977,4.514109622863068,-2.426920651570301,3.692731106541338,-5.585430412897511,0.0237376727926,0.1929441062807834,-4.01162092028611,-0.2734641686737258,1.606080768041646,-0.2767626764296157,2.715626045552576,-4.712025320972844,2.192582897802999,0.2195451149483188,-1.708407832887593,-0.8672930343311154,-1.0749204842264783,2.488994995166646,1.6693399750641755,-0.9029278302962992,-0.3937050579378995,1.5037861394564132,-0.2385447891121881,-0.6856875615507295,-0.0781833150049289,-0.0638731621533148,-0.9639418616288736,0.125403115068105,2.15833859406006,-1.1096701676148668,1.672152443275592,-1.4946225078142037,-0.9821923937977406,0.0748345209197058,0.4035196795839716,-0.1556680640750286,0.1371988302060703,-0.2452014875008889,0.1309489088365147,-0.9833604206887736,-1.3791846646308394,-0.8792337427977714,0.1752514290086494,-0.7001979699791505,0.3418861742741669,-0.0404348292451245,-0.0951438808789253,-0.4566061340514634,0.437354810180774,0.1169109586197094,0.5927284414051219,0.0869904719049026,0.1895422357800676,0.1621994771937928,0.7157707947430783,-0.0494056977154111,-0.1753943429666629,-0.0048311321236774,-0.0827600057357529,0.1868494989774468,-0.0197239537891039,0.0216925923476087,-0.1475238223270543,0.1617203490813128,-0.1459300998250796,-0.0562025389975285,-0.0049424688349887,-0.3051990502928358,-0.1553941059303254,0.0632699276104758,-0.1994623019954705,0.225962926404085,0.0815208110072027,0.1395771023436528,2.943604127999997
K,K0-1Ni(PO3)3,Ni(PO3)3,KNi(PO3)3,mp-aaaabnsk,-3.134528011922851,0.6249371508361345,-2.4505612058519155,2.3537103012407394,-3.752033433750078,-1.9170765434560693,4.778063748931166,-2.3769527329521614,3.2798437458113296,-6.308287814656693,0.1326578139250084,0.6698324241766037,-4.401504985216383,-0.223109461886163,1.2465984179287413,0.2806372092668359,2.8063466069483267,-4.358209136510947,2.2243032874290867,0.4544025380722348,0.3585234207121496,-1.2358409073092445,-3.5428105170356785,0.3482621789656946,1.0718159071607172,-1.3556325149012602,-0.1279495778972395,1.093511951686052,0.5143683035634096,-1.3173593627172118,0.927022937954762,0.0746538650221323,-1.5261942664693726,-0.6995121384742429,2.59665544848634,-1.134357089680165,1.4744194996949729,-0.971570688616174,-1.1450425451663324,0.2901001538005549,0.7533131593807112,-0.3318024570623721,0.6200823259182834,0.0410625541049326,0.1780699266067823,-0.8431651978493078,-1.2222951000523334,-0.6824645983625329,0.3817166181007561,-0.9615217472458384,0.2971634672010623,0.1026093469483786,-0.0754852346947528,-0.565211028319066,0.4400611364226695,0.0780934598886877,0.5837426230422991,-0.5355634206047805,0.3526562057506596,0.2712083167191279,0.7205908317552591,-0.1389547226748622,-0.1827368319532989,0.2062733038899221,0.0775693109809467,0.1411809967177781,0.0883164328351148,0.0786951607902709,-0.1548921823785889,0.2991991701363177,-0.3935496221946274,-0.2217255542350567,0.0615221959777832,-0.4061359745445237,-0.1868903141301789,0.0081243016229075,-0.2095998177986982,0.1313574470481449,0.0126851993125488,-0.0897867296981091,5.766348457999989
K,K0-1Sn4(PO4)3,Sn4(PO4)3,KSn4(PO4)3,mp-aaaabnde,-6.225442572685589,-2.860723823392712,1.995798355153359,10.073655801017296,-6.423093692017126,-1.497917074821245,0.94201552012284,-0.0601703812864198,3.9869414928194047,-1.9694784108460224,-0.4567952575924728,-1.331286793209422,-3.42839851775836,1.4361817728427002,1.887414981103384,0.5449823584562671,2.97497334180556,-4.230443839178644,1.2326966693912924,-0.063588059417388,-0.0697586953047782,-0.9043347053324376,-3.5741109840238505,-0.1165704386731789,-1.120270032068431,-0.2196141501650484,-2.070348532970678,0.0906919069268982,-0.9647700276893684,-0.5298581595120051,0.1486755883003981,-1.0683399812590832,-0.4795207346337958,-1.475257055921162,1.2201391398630808,-1.993524125980218,-0.0519845417923694,-0.0050688125859292,-0.1155758366201704,-0.1852682974410819,0.3653991254730122,0.0001475447681322,0.9226102230019504,-2.02156294756829,1.2908181699965833,0.1665314808898612,0.2493456369655003,-0.7862773322805416,0.3926158447406569,0.3744468438485221,-0.090857968096822,-0.9524617875139028,0.5065589296807048,1.7011113550838073,0.8679248030252583,0.4445897897015024,1.1939285310941372,0.1799211906925121,-0.5162672528422401,1.324575274385418,0.5928198407696326,0.2532357837403938,-0.4716976341064275,-0.6664218465184926,-0.7867723720362592,-0.1975044866371541,0.0118068650634273,0.6663993189249101,-0.0400266768543573,0.2492654506077737,-0.3078012941635559,-0.6189950594457154,-0.3823946222583606,-0.0576482510846177,-0.2814602055671346,0.6420185471935095,-0.1515287173619318,0.6489999188885293,0.1147077901254973,0.2276299861998471,4.679911698000005
K,K1-2Ti2(PO4)3,KTi2(PO4)3,K2Ti2(PO4)3,mp-aaacrpul,-3.773369931935617,3.0381832906557444,4.620823278847725,1.8921814440401448,1.059587955130649,-3.4086414065631407,6.960852241459486,-0.1181438288703587,1.5423129373319509,-6.036022003819118,-2.867745641182345,0.6218238256955192,-3.981876696718012,0.5980370450152929,-0.9841881609239096,1.152467829074092,2.344858888934474,-1.2193605983860385,-0.1979564183481415,0.4109458836099878,0.8954072775806131,-2.63128108654312,-1.7061098492037212,0.719892070750317,-1.056307717818039,0.3581086223542742,-2.310112752441265,1.480561410748764,-0.5617764499564941,-0.8415509162739264,-0.1351441185136732,-0.5955930438615429,-1.1203092766244187,1.856028146695045,2.301793891011512,-0.1152601576488618,0.3213603851004224,1.3092720760401764,-1.369195134837878,-0.1156797285405864,-1.1555192581407951,0.0810910075016134,0.5780836518017758,0.726261618282489,-1.4545393727025349,0.5918836577594582,0.1292532228836751,0.8205507115400084,-0.3748532071099872,1.9774202872898508,0.2923583224701977,-0.4179688809966411,-0.2162640448228613,1.234122728608381,0.0395328691053792,1.1609270414057462,-0.0682897997425302,0.0632694862978505,-0.4916848886138399,0.754119777183082,0.2614407285684657,-0.8069706975788205,-0.5546852528918575,0.8449532652513805,-0.2392735684229699,-0.951183714566395,0.2870209786937441,0.1880853728347798,-0.4944847847675709,-0.1008143138581445,-0.0016209541233725,-0.2926052853474934,0.750136206992567,-0.7981553847570249,-0.4917620647707943,0.0861954480916784,0.5281405392911965,0.106390727039333,0.1844766701753521,0.149941842539746,2.045944167999999
K,K0-1V4P7O24,V4P7O24,KV4P7O24,mp-aaabcrzo,-3.1651280237899733,2.0471608829145285,-2.729502726216265,1.1625938555890285,-1.421227156439549,-2.698832764730036,4.487721342020846,0.4464993026091145,2.991117427912384,-5.2161117379546695,-3.452488194295156,0.3186535903031809,-3.6101146148137175,0.1251918743355378,-1.346102698493963,1.0111924238279042,3.427099015801123,-3.5467615206640435,0.3710967938642872,1.6559791691603345,-2.07167422027566,-0.3377268323760001,-2.347432383741895,0.551200762402807,2.016247176220997,1.193987467142023,-0.6896043331411017,2.0530705032597347,1.0460001704006834,-0.3836226002997457,0.540833395825256,0.1282369825216264,-0.9584448345359088,0.5116159298135271,1.1657380878197845,-0.9509401892511132,0.9312974578604896,-0.5075135524996743,-0.1682451733350074,0.5922658668785229,0.7366061703862989,-0.5231824244745176,0.1333883997026028,-0.0756216844685634,-0.0770772904211862,-0.1053630870334319,-1.0479564514132236,-0.4068169182934598,1.0439946872866763,0.0746485514699963,0.6022756454199649,0.0909066991714775,0.0185199261563242,0.3181758849619721,0.2797717542346074,0.0374137017587857,0.7670835144790966,-0.3029558239917676,0.3475233434136384,0.6572137513526712,1.0790351751005332,-0.28004101095127,0.0933783762332486,-0.459500387970136,-0.653480075703407,-0.2330024307297373,0.0095143630951827,0.5462819502545769,-0.2524999489941488,0.2530958437816988,-0.4019659486726028,-0.3567546978470198,0.3303441400144623,-0.4310221828139247,-0.3420112630798265,0.3210429004026116,0.0998515174178064,0.2289380047861307,0.1348382414765917,-0.1252596606319994,4.108179978000031
K,K0-1VPO5,VPO5,KVPO5,mp-aaabrwjs,-2.9739438102650104,1.9983555503611683,-1.2862982343808709,0.950232082515989,-0.7948119687655169,-4.299981900223189,4.945800655275164,-0.2069662697335199,3.463979092971777,-4.963035137555284,-3.261264948600347,0.0017717521197297,-3.1229266661915536,0.4859425784342775,-0.2144143455275528,1.1469596272668263,3.3723750880467893,-3.3890158140667097,1.0457516755851677,1.975925262570448,0.1084931940660923,-0.5940925321633047,-1.2088428771223465,1.2390817805132937,1.90341690109337,1.2329347324933952,1.474996034074416,0.7773432722489163,-0.2691301141023979,-1.5825940867949178,-0.933510525369658,-0.0570747169226076,-0.7101260594136194,0.6131249974053343,1.9400802477361367,-1.1068109119978218,0.8118106690912867,-0.7462106409850257,0.0405633258666355,0.0498149151803822,0.7305973270147031,0.0908661125020352,0.2182206641679116,0.1310306765522697,0.0593126966659934,0.1185965228588861,-1.2713773170221303,-0.4223039852432794,0.6577192527962519,-0.4790670378455341,-0.1671470814159444,0.0309961063891285,-0.0844595648139012,0.0890463092713874,0.3927749349229432,-0.281786648435837,0.4749806773062897,-0.1425035643260474,0.5428346152042469,0.6492525417275911,0.9535185047751598,0.111524899536911,-0.0993911610357379,-0.922044651423294,-0.7164214643362344,0.0430875689866541,-0.2032308124828319,-0.0696605302348849,0.0811900973273462,-0.2468470563025454,-0.1575420449795417,-0.0432654751004811,-0.3825851566886286,0.2478781756762192,0.0616930734347933,0.2104289612014105,0.1717784671559864,0.220446868804514,0.1613732461048561,0.1033357782790274,3.376672039250003
K,K0-3V2(PO4)3,V2(PO4)3,K3V2(PO4)3,mp-aaaabmqa,-3.3932345753558786,2.1350544883172784,-1.0348172141024212,0.9687409479146118,-1.1629040266400343,-4.328175883989863,4.810617923838639,-0.2285801376776436,3.361642135588552,-5.096124229906227,-3.067276766881246,0.0268356206553538,-3.3419015547535205,0.3912323398328007,-0.699332889606218,1.122256345454776,3.4697878123578425,-3.449227539966918,1.206710761808854,2.0062608018817056,0.1314173213765697,-0.7811104819148005,-0.9405642310289164,1.3660448181966336,1.9691934695937472,1.5665936367612734,0.0765476701747003,2.337348464139685,1.5531929417178565,-0.2993033214556284,0.5374491731098439,0.1716838835946869,-1.2477285786227374,0.0971196599637449,0.8321292722981563,-1.055065885106457,1.097057915415465,-1.1544755132027542,0.3266066679440344,-0.1311851516295896,0.4719925357729437,0.127988115651319,0.4326698464029375,0.0365460949885504,0.0871623622645721,0.108900546515475,-1.4778709343836274,-0.3810520512651091,0.6244185539262602,-0.670644116332104,-0.2403104743723594,-0.012244496527815,-0.0944893824528043,0.0417430592786713,0.3736640352436531,-0.2479406253642548,0.3475692323631246,-0.2557630546203681,0.538294973061977,0.8418503599805534,0.979656462777478,0.2273783369886574,-0.0142920888631845,-0.9849556751719456,-0.6473253039743603,0.1361829800129999,-0.1605374166219985,-0.1527096876125112,0.2126924564888825,-0.3076145525375635,-0.2524377460608376,-0.0329795835443096,-0.4366960159435019,0.4368694175414728,0.2246906282681811,0.2188692322598818,0.1568334758199316,0.2319076555622538,0.0890402024933443,0.0468973724921043,3.132284159666665
K,K0-3P(W3O10)4,P(W3O10)4,K3P(W3O10)4,mp-aaabpmfr,20.161853105611787,-2.342834856438501,-4.239160494713606,-0.4092581212786444,-3.77756879799952,-5.800171442145353,4.012783325335832,-1.9612361967822631,4.994100701244482,-2.426801592501437,-0.8154078013493635,-0.2263852371778768,-4.53170611111417,-1.9900720425115503,2.231821839791691,0.1599903136475506,2.4906255833797397,-3.3283754515670068,3.842541888781061,4.426608948809911,-2.4465485720158577,-4.865421953022388,-5.085206431314435,1.6675606228602262,2.2487483141132683,-0.6132114145867578,-2.467782078831553,3.773321907666219,-2.05813457153822,-1.7732223628075732,-1.1353043357367507,0.4765687313966564,-1.7847279866698056,1.436873510202139,4.58233139098556,-1.5328684799245185,0.8320121280790149,-2.2694622860979687,-1.1187970812362844,-0.5680781361008522,-1.1160261603124684,-0.2991696715797733,-1.0378098728545802,0.0256831624944151,-2.097201035511761,-2.257968267102108,-2.579147000625252,-2.377740245058768,0.9095987991618654,-0.757818472328046,1.484893613385594,-0.8417090313674019,0.6570644329900948,-2.210143866840735,1.32215024564512,-0.1875589008250983,-0.0671576541110665,1.1562758616920286,-0.2837242530186297,-1.2954277614580656,0.7527776070995567,-0.4979898080568215,0.6573592120531805,1.2473779328806058,0.953212512094234,0.9313493550518216,-0.4521137870485521,-0.3783509846169677,0.0003719310375726,0.1305174468359574,1.115467722626911,0.6275168458773936,1.795504004846152,-0.8202839863487659,0.3893926778728641,0.1059743473203382,-0.4257485303413075,-0.4907175151975163,0.6385844063592274,1.1798042474821282,5.784453109666669
