Working Ion,Battery Formula,Formula (Charged State),Formula (Discharged State),Electrode_data_material_id,Discharged_Z_min,Discharged_Z_max,Discharged_Z_range,Discharged_Z_mean,Discharged_Z_std,Discharged_mendeleev_no_min,Discharged_mendeleev_no_max,Discharged_mendeleev_no_range,Discharged_mendeleev_no_mean,Discharged_mendeleev_no_std,Discharged_atomic_mass_min,Discharged_atomic_mass_max,Discharged_atomic_mass_range,Discharged_atomic_mass_mean,Discharged_atomic_mass_std,Discharged_melting_point_min,Discharged_melting_point_max,Discharged_melting_point_range,Discharged_melting_point_mean,Discharged_melting_point_std,Discharged_group_min,Discharged_group_max,Discharged_group_range,Discharged_group_mean,Discharged_group_std,Discharged_row_min,Discharged_row_max,Discharged_row_range,Discharged_row_mean,Discharged_row_std,Discharged_atomic_radius_min,Discharged_atomic_radius_max,Discharged_atomic_radius_range,Discharged_atomic_radius_mean,Discharged_atomic_radius_std,Discharged_X_min,Discharged_X_max,Discharged_X_range,Discharged_X_mean,Discharged_X_std,Discharged_boiling_point_min,Discharged_boiling_point_max,Discharged_boiling_point_range,Discharged_boiling_point_mean,Discharged_boiling_point_std,Discharged_density_of_solid_min,Discharged_density_of_solid_max,Discharged_density_of_solid_range,Discharged_density_of_solid_mean,Discharged_density_of_solid_std,Discharged_molar_volume_min,Discharged_molar_volume_max,Discharged_molar_volume_range,Discharged_molar_volume_mean,Discharged_molar_volume_std,Discharged_thermal_conductivity_min,Discharged_thermal_conductivity_max,Discharged_thermal_conductivity_range,Discharged_thermal_conductivity_mean,Discharged_thermal_conductivity_std,Discharged_max_oxidation_state_min,Discharged_max_oxidation_state_max,Discharged_max_oxidation_state_range,Discharged_max_oxidation_state_mean,Discharged_max_oxidation_state_std,Discharged_min_oxidation_state_min,Discharged_min_oxidation_state_max,Discharged_min_oxidation_state_range,Discharged_min_oxidation_state_mean,Discharged_min_oxidation_state_std,Discharged_coefficient_of_linear_thermal_expansion_min,Discharged_coefficient_of_linear_thermal_expansion_max,Discharged_coefficient_of_linear_thermal_expansion_range,Discharged_coefficient_of_linear_thermal_expansion_mean,Discharged_coefficient_of_linear_thermal_expansion_std,Discharged_bulk_modulus_min,Discharged_bulk_modulus_max,Discharged_bulk_modulus_range,Discharged_bulk_modulus_mean,Discharged_bulk_modulus_std,Discharged_youngs_modulus_min,Discharged_youngs_modulus_max,Discharged_youngs_modulus_range,Discharged_youngs_modulus_mean,Discharged_youngs_modulus_std,Discharged_brinell_hardness_min,Discharged_brinell_hardness_max,Discharged_brinell_hardness_range,Discharged_brinell_hardness_mean,Discharged_brinell_hardness_std,Discharged_rigidity_modulus_min,Discharged_rigidity_modulus_max,Discharged_rigidity_modulus_range,Discharged_rigidity_modulus_mean,Discharged_rigidity_modulus_std,Discharged_mineral_hardness_min,Discharged_mineral_hardness_max,Discharged_mineral_hardness_range,Discharged_mineral_hardness_mean,Discharged_mineral_hardness_std,Discharged_vickers_hardness_min,Discharged_vickers_hardness_max,Discharged_vickers_hardness_range,Discharged_vickers_hardness_mean,Discharged_vickers_hardness_std,Discharged_electrical_resistivity_min,Discharged_electrical_resistivity_max,Discharged_electrical_resistivity_range,Discharged_electrical_resistivity_mean,Discharged_electrical_resistivity_std,Charged_Z_min,Charged_Z_max,Charged_Z_range,Charged_Z_mean,Charged_Z_std,Charged_mendeleev_no_min,Charged_mendeleev_no_max,Charged_mendeleev_no_range,Charged_mendeleev_no_mean,Charged_mendeleev_no_std,Charged_atomic_mass_min,Charged_atomic_mass_max,Charged_atomic_mass_range,Charged_atomic_mass_mean,Charged_atomic_mass_std,Charged_melting_point_min,Charged_melting_point_max,Charged_melting_point_range,Charged_melting_point_mean,Charged_melting_point_std,Charged_group_min,Charged_group_max,Charged_group_range,Charged_group_mean,Charged_group_std,Charged_row_min,Charged_row_max,Charged_row_range,Charged_row_mean,Charged_row_std,Charged_atomic_radius_min,Charged_atomic_radius_max,Charged_atomic_radius_range,Charged_atomic_radius_mean,Charged_atomic_radius_std,Charged_X_min,Charged_X_max,Charged_X_range,Charged_X_mean,Charged_X_std,Charged_boiling_point_min,Charged_boiling_point_max,Charged_boiling_point_range,Charged_boiling_point_mean,Charged_boiling_point_std,Charged_density_of_solid_min,Charged_density_of_solid_max,Charged_density_of_solid_range,Charged_density_of_solid_mean,Charged_density_of_solid_std,Charged_molar_volume_min,Charged_molar_volume_max,Charged_molar_volume_range,Charged_molar_volume_mean,Charged_molar_volume_std,Charged_thermal_conductivity_min,Charged_thermal_conductivity_max,Charged_thermal_conductivity_range,Charged_thermal_conductivity_mean,Charged_thermal_conductivity_std,Charged_max_oxidation_state_min,Charged_max_oxidation_state_max,Charged_max_oxidation_state_range,Charged_max_oxidation_state_mean,Charged_max_oxidation_state_std,Charged_min_oxidation_state_min,Charged_min_oxidation_state_max,Charged_min_oxidation_state_range,Charged_min_oxidation_state_mean,Charged_min_oxidation_state_std,Charged_coefficient_of_linear_thermal_expansion_min,Charged_coefficient_of_linear_thermal_expansion_max,Charged_coefficient_of_linear_thermal_expansion_range,Charged_coefficient_of_linear_thermal_expansion_mean,Charged_coefficient_of_linear_thermal_expansion_std,Charged_bulk_modulus_min,Charged_bulk_modulus_max,Charged_bulk_modulus_range,Charged_bulk_modulus_mean,Charged_bulk_modulus_std,Charged_youngs_modulus_min,Charged_youngs_modulus_max,Charged_youngs_modulus_range,Charged_youngs_modulus_mean,Charged_youngs_modulus_std,Charged_brinell_hardness_min,Charged_brinell_hardness_max,Charged_brinell_hardness_range,Charged_brinell_hardness_mean,Charged_brinell_hardness_std,Charged_rigidity_modulus_min,Charged_rigidity_modulus_max,Charged_rigidity_modulus_range,Charged_rigidity_modulus_mean,Charged_rigidity_modulus_std,Charged_mineral_hardness_min,Charged_mineral_hardness_max,Charged_mineral_hardness_range,Charged_mineral_hardness_mean,Charged_mineral_hardness_std,Charged_vickers_hardness_min,Charged_vickers_hardness_max,Charged_vickers_hardness_range,Charged_vickers_hardness_mean,Charged_vickers_hardness_std,Charged_electrical_resistivity_min,Charged_electrical_resistivity_max,Charged_electrical_resistivity_range,Charged_electrical_resistivity_mean,Charged_electrical_resistivity_std,Working_Ion_Atomic_Mass,Working_Ion_Atomic_Radius,Working_Ion_Electronegativity,Working_Ion_Ionization_Energy,Working_Ion_Average_Ionic_Radius,Fraction_Charged,Fraction_Discharged,Fraction_Interval,Space_Group_Number,Lattice_cubic,Lattice_hexagonal,Lattice_monoclinic,Lattice_orthorhombic,Lattice_tetragonal,Lattice_triclinic,Lattice_trigonal,Average Voltage (V)
K,K0-2AgAsF6,AgAsF6,K2AgAsF6,mp-aaaaccyz,9.0,47.0,38.0,17.2,12.44025723206719,10.0,102.0,92.0,79.19999999999999,35.860284438358825,18.9984032,107.8682,88.8697968,37.497681920000005,29.001764247617203,53.53,1234.93,1181.4,331.917,430.71577672636977,1.0,17.0,16.0,13.0,6.260990336999411,2.0,5.0,3.0,2.9000000000000004,1.1357816691600546,0.5,2.2,1.7000000000000002,1.015,0.6899456500333921,0.82,3.98,3.16,2.963,1.306553098806168,85.03,2435.0,2349.97,589.618,735.7260866762848,856.0,10490.0,9634.0,4482.25,3998.182110347151,10.27,45.94,35.67,18.23,13.868862967092868,0.0277,430.0,429.9723,68.01662,126.93990650756602,-1.0,5.0,6.0,0.4,2.009975124224178,-3.0,1.0,4.0,-1.0,0.8944271909999159,1.89e-05,1.89e-05,0.0,1.89e-05,0.0,3.1,100.0,96.9,32.05,39.98252743386791,8.0,83.0,75.0,45.5,37.5,0.363,1440.0,1439.637,366.3065,619.9755450356489,1.3,30.0,28.7,10.866666666666667,13.529309746702609,0.4,3.5,3.1,1.7,1.347219358530748,251.0,251.0,0.0,251.0,0.0,1.587e-08,3.33e-07,3.1713e-07,1.232175e-07,1.2326662938017736e-07,9.0,47.0,38.0,16.75,13.872184399005082,71.0,102.0,31.0,96.5,10.535653752852738,18.9984032,107.8682,88.8697968,37.0975274,32.41261010229779,53.53,1234.93,1181.4,330.76375,481.5479731796589,11.0,17.0,6.0,16.0,2.0,2.0,5.0,3.0,2.625,1.1110243021644486,0.5,1.6,1.1,0.71875,0.3952352938440594,1.93,3.98,2.05,3.49875,0.8358893093586016,85.03,2435.0,2349.97,479.0225,784.5121223848296,5727.0,10490.0,4763.0,8108.5,2381.5,10.27,12.95,2.68,11.302499999999998,0.6931224639268301,0.0277,430.0,429.9723,60.020775,140.7924257333003,-1.0,5.0,6.0,0.25,2.222048604328897,-3.0,1.0,4.0,-1.0,1.0,1.89e-05,1.89e-05,0.0,1.89e-05,0.0,22.0,100.0,78.0,61.0,39.0,8.0,83.0,75.0,45.5,37.5,24.5,1440.0,1415.5,732.25,707.75,30.0,30.0,0.0,30.0,0.0,2.5,3.5,1.0,3.0,0.5,251.0,251.0,0.0,251.0,0.0,1.587e-08,3.33e-07,3.1713e-07,1.74435e-07,1.58565e-07,39.0983,2.2,0.82,4.34066373,1.52,0.0,0.2,0.2,0.0,0.0,0.0,0.0,0.0,0.0,0.0,0.0,3.245998422999999
K,K0-1Cs2AgF6,Cs2AgF6,Cs2KAgF6,mp-aaacqqvq,9.0,55.0,46.0,23.0,19.53458471531965,8.0,102.0,94.0,70.89999999999999,41.743143149504206,18.9984032,132.9054519,113.9070487,52.6767823,47.86349959384408,53.53,1234.93,1181.4,249.582,348.49657389420634,1.0,17.0,16.0,11.6,7.158212067269313,2.0,6.0,4.0,3.3,1.676305461424021,0.5,2.6,2.1,1.2,0.8955445270895245,0.79,3.98,3.19,2.821,1.4528416981901366,85.03,2435.0,2349.97,586.518,733.4758320599256,856.0,10490.0,9634.0,3776.0,3898.763073078435,10.27,70.94,60.67,26.529,24.48608847897108,0.0277,430.0,429.9723,60.216620000000006,126.9770023907857,-1.0,3.0,4.0,1.1102230246251563e-16,1.3416407864998738,-1.0,1.0,2.0,-0.3999999999999999,0.916515138991168,1.89e-05,1.89e-05,0.0,1.89e-05,0.0,1.6,100.0,98.4,26.575,42.396366294766345,1.7,83.0,81.3,28.8,38.32518754031088,0.14,24.5,24.36,6.28575,10.51639620723278,1.3,30.0,28.7,15.65,14.35,0.2,2.5,2.3,0.825,0.9705024471890836,251.0,251.0,0.0,251.0,0.0,1.587e-08,2.05e-07,1.8913e-07,1.244675e-07,8.29415798544373e-08,9.0,55.0,46.0,23.444444444444443,20.543239553634784,8.0,102.0,94.0,77.66666666666667,38.44765561412324,18.9984032,132.9054519,113.9070487,54.18550255555555,50.22647002532296,53.53,1234.93,1181.4,239.9211111111111,366.07507889455457,1.0,17.0,16.0,12.777777777777777,6.562143582325955,2.0,6.0,4.0,3.2222222222222223,1.7497795275581802,0.5,2.6,2.1,1.0888888888888888,0.8761588446096144,0.79,3.98,3.19,3.043333333333333,1.3604982747345016,85.03,2435.0,2349.97,537.02,757.141061405777,1879.0,10490.0,8611.0,4749.333333333333,4059.264328531574,10.27,70.94,60.67,24.37222222222222,24.89317879695729,0.0277,430.0,429.9723,55.79624444444445,133.1135757985147,-1.0,3.0,4.0,-0.111111111111111,1.3698697784375504,-1.0,1.0,2.0,-0.3333333333333333,0.9428090415820634,1.89e-05,1.89e-05,0.0,1.89e-05,0.0,1.6,100.0,98.4,34.4,46.38620484583752,1.7,83.0,81.3,28.8,38.32518754031088,0.14,24.5,24.36,8.26,11.483414126469532,30.0,30.0,0.0,30.0,0.0,0.2,2.5,2.3,0.9666666666666666,1.0842303978193728,251.0,251.0,0.0,251.0,0.0,1.587e-08,2.05e-07,1.8913e-07,1.4195666666666666e-07,8.915673701720784e-08,39.0983,2.2,0.82,4.34066373,1.52,0.0,0.1,0.1,0.0,0.0,0.0,0.0,0.0,0.0,0.0,0.0,5.016468592999998
K,K0-2TiAgF6,TiAgF6,K2TiAgF6,mp-aaaaapzu,9.0,47.0,38.0,16.099999999999998,11.44071676076285,10.0,102.0,92.0,75.39999999999999,36.62567405523071,18.9984032,107.8682,88.8697968,34.79222192,26.54204451358888,53.53,1941.0,1887.47,417.017,616.2141648169085,1.0,17.0,16.0,11.9,6.759437846448475,2.0,5.0,3.0,2.9000000000000004,1.1357816691600546,0.5,2.2,1.7000000000000002,1.04,0.698856208386246,0.82,3.98,3.16,2.899,1.3580018409413148,85.03,3560.0,3474.97,856.918,1159.0154881691617,856.0,10490.0,9634.0,4177.25,3937.669067798867,10.27,45.94,35.67,17.999,13.97372423514934,0.0277,430.0,429.9723,65.21662,127.61345123516408,-1.0,4.0,5.0,0.3000000000000001,1.7916472867168918,-1.0,1.0,2.0,-0.8,0.6000000000000001,8.6e-06,1.89e-05,1.0299999999999998e-05,1.375e-05,5.149999999999999e-06,3.1,110.0,106.9,54.05,51.07252196631767,83.0,116.0,33.0,99.5,16.5,0.363,716.0,715.637,185.3065,306.55444776132344,1.3,44.0,42.7,19.15,18.52356607135894,0.4,6.0,5.6,2.325,2.288421945358854,251.0,970.0,719.0,610.5,359.5,1.587e-08,4.2e-07,4.0413e-07,1.4496750000000004e-07,1.604349967081684e-07,9.0,47.0,38.0,15.375,12.687961814255274,51.0,102.0,51.0,91.75,18.444172521422587,18.9984032,107.8682,88.8697968,33.7157024,29.57711424931381,53.53,1941.0,1887.47,437.13875,687.4775974793197,4.0,17.0,13.0,14.625,4.470388685561916,2.0,5.0,3.0,2.625,1.1110243021644486,0.5,1.6,1.1,0.75,0.4358898943540673,1.54,3.98,2.44,3.41875,0.976990756097518,85.03,3560.0,3474.97,813.1475,1292.1171943437446,4507.0,10490.0,5983.0,7498.5,2991.5,10.27,11.2,0.9299999999999996,11.013749999999998,0.3355941559383891,0.0277,430.0,429.9723,56.520775,141.3449771617898,-1.0,4.0,5.0,0.125,1.964529205687714,-1.0,1.0,2.0,-0.75,0.6614378277661477,8.6e-06,1.89e-05,1.0299999999999998e-05,1.375e-05,5.149999999999999e-06,100.0,110.0,10.0,105.0,5.0,83.0,116.0,33.0,99.5,16.5,24.5,716.0,691.5,370.25,345.75,30.0,44.0,14.0,37.0,7.0,2.5,6.0,3.5,4.25,1.75,251.0,970.0,719.0,610.5,359.5,1.587e-08,4.2e-07,4.0413e-07,2.17935e-07,2.02065e-07,39.0983,2.2,0.82,4.34066373,1.52,0.0,0.2,0.2,0.0,0.0,0.0,0.0,0.0,0.0,0.0,0.0,3.225025663
K,K0-1AgO,AgO,KAgO,mp-aaaaameg,8.0,47.0,39.0,24.666666666666668,16.418147141366333,10.0,101.0,91.0,60.66666666666666,37.86232369461171,15.9994,107.8682,91.8688,54.32196666666667,39.01956025246256,54.8,1234.93,1180.13,542.0866666666666,503.2341149228878,1.0,16.0,15.0,9.333333333333332,6.236095644623235,2.0,5.0,3.0,3.6666666666666665,1.247219128924647,0.6,2.2,1.6,1.4666666666666666,0.6599663291074445,0.82,3.44,2.62,2.063333333333333,1.0737576800915352,90.2,2435.0,2344.8,1185.7333333333331,963.4131039636572,856.0,10490.0,9634.0,5673.0,4817.0,10.27,45.94,35.67,24.52333333333333,15.418003185309768,0.02658,430.0,429.97342,176.67552666666663,183.71833109197735,1.0,3.0,2.0,2.0,0.816496580927726,-2.0,1.0,3.0,-0.6666666666666666,1.247219128924647,1.89e-05,1.89e-05,0.0,1.89e-05,0.0,3.1,100.0,96.9,51.55,48.45,83.0,83.0,0.0,83.0,0.0,0.363,24.5,24.137,12.4315,12.0685,1.3,30.0,28.7,15.65,14.35,0.4,2.5,2.1,1.45,1.0499999999999998,251.0,251.0,0.0,251.0,0.0,1.587e-08,7.2e-08,5.613e-08,4.3935e-08,2.8065e-08,8.0,47.0,39.0,27.5,19.5,71.0,101.0,30.0,86.0,15.0,15.9994,107.8682,91.8688,61.9338,45.9344,54.8,1234.93,1180.13,644.865,590.065,11.0,16.0,5.0,13.5,2.5,2.0,5.0,3.0,3.5,1.5,0.6,1.6,1.0,1.1,0.5,1.93,3.44,1.51,2.685,0.755,90.2,2435.0,2344.8,1262.6,1172.4,10490.0,10490.0,0.0,10490.0,0.0,10.27,17.36,7.09,13.815,3.545,0.02658,430.0,429.97342,215.01329,214.98671,2.0,3.0,1.0,2.5,0.5,-2.0,1.0,3.0,-0.5,1.5,1.89e-05,1.89e-05,0.0,1.89e-05,0.0,100.0,100.0,0.0,100.0,0.0,83.0,83.0,0.0,83.0,0.0,24.5,24.5,0.0,24.5,0.0,30.0,30.0,0.0,30.0,0.0,2.5,2.5,0.0,2.5,0.0,251.0,251.0,0.0,251.0,0.0,1.587e-08,1.587e-08,0.0,1.587e-08,0.0,39.0983,2.2,0.82,4.34066373,1.52,0.0,0.333333333333333,0.333333333333333,0.0,0.0,0.0,0.0,0.0,0.0,0.0,0.0,1.488665272999999
K,K2-3Zr6BeCl15,K2Zr6BeCl15,K3Zr6BeCl15,mp-aaacqynr,4.0,40.0,36.0,22.24,10.33162136356148,10.0,99.0,89.0,75.44,31.856026117518173,9.012182,91.224,82.21181800000001,48.21784328,24.761161151856424,171.6,2128.0,1956.4,716.4635999999999,837.910674704076,1.0,17.0,16.0,11.36,6.962068658092938,2.0,5.0,3.0,3.56,0.8979977728257459,1.0,2.2,1.2000000000000002,1.278,0.4101414390182977,0.82,3.16,2.3400000000000003,2.3764,0.9736031224272036,239.11,4682.0,4442.89,1500.6660000000002,1863.309129399628,856.0,6511.0,5655.0,4348.2,2662.7730958532684,4.85,45.94,41.09,19.5056,10.116929209992524,0.0089,190.0,189.9911,25.12534,46.25664641335772,1.0,7.0,6.0,5.36,2.1886982432487123,-1.0,2.0,3.0,-0.3999999999999999,0.9797958971132712,5.7e-06,1.13e-05,5.600000000000001e-06,6.5e-06,1.9595917942265427e-06,1.1,130.0,128.9,8.2,28.717700391735296,68.0,287.0,219.0,99.2857142857143,76.63403623850229,0.363,650.0,649.637,450.1089,294.7914816806788,1.3,132.0,130.7,33.39,35.79685600719706,0.4,5.5,5.1,3.67,2.145716663494973,903.0,1670.0,767.0,1012.5714285714288,268.39409038781395,3.56e-08,10.0,9.9999999644,6.000000111104,4.898979349492303,4.0,40.0,36.0,22.375,10.523040197585487,10.0,99.0,89.0,78.16666666666667,29.516473743017173,9.012182,91.224,82.21181800000001,48.59782425,25.200236620224928,171.6,2128.0,1956.4,732.2941666666667,851.5180895754979,1.0,17.0,16.0,11.791666666666666,6.769903782345967,2.0,5.0,3.0,3.5416666666666665,0.9119195261766372,1.0,2.2,1.2000000000000002,1.2395833333333333,0.3719260585863211,0.82,3.16,2.3400000000000003,2.44125,0.939287462654538,239.11,4682.0,4442.89,1520.19375,1899.2237776321767,856.0,6511.0,5655.0,4736.222222222222,2524.394174968973,4.85,45.94,41.09,18.40416666666667,8.734303023456167,0.0089,190.0,189.9911,22.0055625,44.55900883732541,1.0,7.0,6.0,5.541666666666666,2.040816149376409,-1.0,2.0,3.0,-0.375,0.9921567416492216,5.7e-06,1.13e-05,5.600000000000001e-06,6.499999999999999e-06,1.9595917942265427e-06,1.1,130.0,128.9,8.483333333333333,29.478772965568893,68.0,287.0,219.0,99.28571428571428,76.63403623850228,0.363,650.0,649.637,500.0806666666666,267.55564425907534,1.3,132.0,130.7,36.95555555555556,36.00919978471894,0.4,5.5,5.1,4.033333333333333,1.948218559493661,903.0,1670.0,767.0,1012.5714285714286,268.3940903878139,3.56e-08,10.0,9.9999999644,6.250000112733333,4.841229037221164,39.0983,2.2,0.82,4.34066373,1.52,0.083333333333333,0.12,0.036666666666667,0.0,0.0,0.0,0.0,0.0,0.0,0.0,0.0,2.006446137999994
K,K1-2BiPCO7,KBiPCO7,K2BiPCO7,mp-aaacpavg,6.0,83.0,77.0,16.5,20.520315137281237,10.0,101.0,91.0,83.25,33.08354324030806,12.0107,208.9804,196.9697,36.8464385,52.70494742571711,54.8,3800.0,3745.2,476.53,1014.8730101593992,1.0,16.0,15.0,13.166666666666668,5.474689235218947,2.0,6.0,4.0,2.75,1.2332207155790618,0.6,2.2,1.6,0.9916666666666668,0.6089038420710523,0.82,3.44,2.62,2.706666666666667,0.9851593215764084,90.2,4300.0,4209.8,781.8666666666667,1190.8779487793402,856.0,9780.0,8924.0,3116.4,3376.884516829085,5.29,45.94,40.65,21.418333333333333,11.537601450137814,0.02658,140.0,139.97342,29.035171666666667,49.62153960808516,1.0,5.0,4.0,2.5,1.3228756555322951,-4.0,-1.0,3.0,-2.166666666666667,0.7993052538854533,7.1e-06,1.34e-05,6.300000000000001e-06,1.025e-05,3.1500000000000003e-06,3.1,33.0,29.9,16.240000000000002,13.202514911940074,32.0,32.0,0.0,32.0,0.0,0.363,94.2,93.837,31.642,44.235186017468045,1.3,12.0,10.7,4.866666666666667,5.044028372464039,0.4,2.25,1.85,0.8875,0.7876983877094074,628.0,970.0,0.0,706.0,0.0,7.2e-08,1e-05,9.928e-06,2.3068000000000005e-06,3.874992562573508e-06,6.0,83.0,77.0,16.272727272727273,21.418305293670937,10.0,101.0,91.0,89.9090909090909,25.72743334353975,12.0107,208.9804,196.9697,36.641723818181816,55.043954278248975,54.8,3800.0,3745.2,489.2572727272727,1059.0830039931277,1.0,16.0,15.0,14.272727272727272,4.2445881927013644,2.0,6.0,4.0,2.636363636363636,1.2264306875665492,0.6,2.2,1.6,0.8818181818181818,0.5095776893542371,0.82,3.44,2.62,2.878181818181818,0.8400954294474601,90.2,4300.0,4209.8,759.1272727272727,1241.3346520367131,856.0,9780.0,8924.0,3681.5,3557.7375184237526,5.29,45.94,40.65,19.189090909090908,9.251133055465008,0.02658,140.0,139.97342,22.58382363636364,46.76220370716335,1.0,5.0,4.0,2.6363636363636367,1.2984415324623364,-4.0,-1.0,3.0,-2.2727272727272725,0.7496555682941201,7.1e-06,1.34e-05,6.300000000000001e-06,1.025e-05,3.1500000000000003e-06,3.1,33.0,29.9,19.525,12.80339310495464,32.0,32.0,0.0,32.0,0.0,0.363,94.2,93.837,47.2815,46.9185,1.3,12.0,10.7,6.65,5.3500000000000005,0.4,2.25,1.85,1.0500000000000005,0.8495096624916438,628.0,970.0,0.0,716.75,0.0,7.2e-08,1e-05,9.928e-06,2.8655e-06,4.148340722505807e-06,39.0983,2.2,0.82,4.34066373,1.52,0.09090909090909,0.166666666666666,0.075757575757576,0.0,0.0,0.0,0.0,0.0,0.0,0.0,0.0,4.448517422999991
K,K0-1Bi(PO3)4,Bi(PO3)4,KBi(PO3)4,mp-aaabmhpk,8.0,83.0,75.0,14.333333333333332,17.029386365926403,10.0,101.0,91.0,92.7222222222222,20.71983900504687,15.9994,208.9804,192.981,31.331474888888888,43.74220326988141,54.8,544.4,489.6,155.985,150.99920471644876,1.0,16.0,15.0,14.888888888888888,3.3975299669823675,2.0,6.0,4.0,2.555555555555556,1.0122703976827,0.6,2.2,1.6,0.8333333333333333,0.4229525846816507,0.82,3.44,2.62,2.9377777777777774,0.7670546522290136,90.2,1837.0,1746.8,341.7444444444444,450.0011545938549,856.0,9780.0,8924.0,2988.0,3057.92925577642,17.02,45.94,28.92,19.091666666666665,6.57818469555917,0.02658,100.0,99.97342,6.070164444444444,22.85338186385119,1.0,5.0,4.0,2.7777777777777777,1.3966450099973926,-3.0,-1.0,2.0,-2.2222222222222223,0.5328701692569688,1.34e-05,1.34e-05,0.0,1.34e-05,0.0,3.1,31.0,27.9,13.016666666666666,8.544085023505378,32.0,32.0,0.0,32.0,0.0,0.363,94.2,93.837,47.2815,46.9185,1.3,12.0,10.7,6.65,5.3500000000000005,0.4,2.25,1.85,1.325,0.925,628.0,970.0,0.0,706.0,0.0,7.2e-08,1.29e-06,1.218e-06,2.936666666666667e-07,4.456910988067358e-07,8.0,83.0,75.0,14.058823529411764,17.48434791879093,87.0,101.0,14.0,97.58823529411764,5.325397787179424,15.9994,208.9804,192.981,30.87460282352941,44.968599650219225,54.8,544.4,489.6,145.36470588235295,148.70019953772945,15.0,16.0,1.0,15.705882352941178,0.4556450995538137,2.0,6.0,4.0,2.4705882352941178,0.977249866225656,0.6,1.6,1.0,0.7529411764705882,0.2703323598370837,2.02,3.44,1.42,3.0623529411764707,0.5862094527482046,90.2,1837.0,1746.8,301.1411764705882,429.81113096858985,1823.0,9780.0,7957.0,3414.4,3182.8,17.02,21.31,4.289999999999999,17.51235294117647,0.9600951509938676,0.02658,8.0,7.97342,0.5448799999999999,1.8658551156160512,2.0,5.0,3.0,2.882352941176471,1.3669352986614411,-3.0,-2.0,1.0,-2.294117647058824,0.4556450995538137,1.34e-05,1.34e-05,0.0,1.34e-05,0.0,11.0,31.0,20.0,14.999999999999998,7.999999999999999,32.0,32.0,0.0,32.0,0.0,94.2,94.2,0.0,94.2,0.0,12.0,12.0,0.0,12.0,0.0,2.25,2.25,0.0,2.25,0.0,628.0,970.0,0.0,716.75,0.0,1e-07,1.29e-06,1.19e-06,3.38e-07,4.759999999999999e-07,39.0983,2.2,0.82,4.34066373,1.52,0.0,0.055555555555555,0.055555555555555,0.0,0.0,0.0,0.0,0.0,0.0,0.0,0.0,5.546189695499997
K,K0-1Cs2MoBr6,Cs2MoBr6,Cs2KMoBr6,mp-aaacqrvx,19.0,55.0,36.0,38.1,10.044401425669925,8.0,98.0,90.0,67.0,40.1223129941433,39.0983,132.9054519,93.8071519,88.02732037999999,26.231055860458216,265.8,2896.0,2630.2,543.051,784.6550484824527,1.0,17.0,16.0,11.1,7.354590403278758,4.0,6.0,2.0,4.5,0.806225774829855,1.15,2.6,1.4500000000000002,1.575,0.5992703897240378,0.79,2.96,2.17,2.232,0.9663105091015,332.0,4912.0,4580.0,982.4,1341.0923309004493,856.0,10280.0,9424.0,3723.5,3808.3660866571113,9.38,70.94,61.56,31.588,21.52419141338415,0.12,139.0,138.88,31.172,47.11279078976324,1.0,7.0,6.0,5.1000000000000005,2.7,-2.0,1.0,3.0,-0.7,0.9,4.8e-06,4.8e-06,0.0,4.8e-06,0.0,1.6,230.0,228.4,24.77,68.41115479218284,1.7,329.0,327.3,110.8,154.29069965490467,0.14,1500.0,1499.86,375.16075,649.4262501637022,1.3,20.0,18.7,10.65,9.35,0.2,5.5,5.3,1.575,2.267570285569997,1530.0,1530.0,0.0,1530.0,0.0,5.34e-08,78000000000.0,78000000000.0,46800000000.0,38212039987.41758,35.0,55.0,20.0,40.22222222222221,8.189122565639234,8.0,98.0,90.0,73.33333333333333,37.24990678586398,79.904,132.9054519,53.001451900000006,93.46387819999998,21.655454616502283,265.8,2896.0,2630.2,565.9977777777777,823.9097534287731,1.0,17.0,16.0,12.22222222222222,6.892472186342587,4.0,6.0,2.0,4.555555555555555,0.8314794192830981,1.15,2.6,1.4500000000000002,1.5055555555555555,0.5922858002145607,0.79,2.96,2.17,2.388888888888889,0.8895872256832185,332.0,4912.0,4580.0,976.8888888888888,1413.528008954462,1879.0,10280.0,8401.0,4679.333333333333,3960.2693791654574,9.38,70.94,61.56,29.99333333333333,22.120984506923637,0.12,139.0,138.88,23.52444444444444,43.374968488265495,1.0,7.0,6.0,5.555555555555555,2.454524670486058,-2.0,1.0,3.0,-0.6666666666666666,0.9428090415820632,4.8e-06,4.8e-06,0.0,4.8e-06,0.0,1.6,230.0,228.4,27.177777777777774,71.708588944387,1.7,329.0,327.3,110.8,154.29069965490467,0.14,1500.0,1499.86,500.0933333333333,707.0407845536369,20.0,20.0,0.0,20.0,0.0,0.2,5.5,5.3,1.9666666666666663,2.498443960192468,1530.0,1530.0,0.0,1530.0,0.0,5.34e-08,78000000000.0,78000000000.0,52000000000.0,36769552621.70047,39.0983,2.2,0.82,4.34066373,1.52,0.0,0.1,0.1,0.0,0.0,0.0,0.0,0.0,0.0,0.0,0.0,2.564543182999998
K,K0-1Cs2SbBr6,Cs2SbBr6,Cs2KSbBr6,mp-aaaabpvh,19.0,55.0,36.0,39.0,10.73312629199899,8.0,98.0,90.0,70.2,40.39257357485408,39.0983,132.9054519,93.8071519,90.60932038,28.087895704594168,265.8,903.78,637.98,343.82899999999995,188.06855481180256,1.0,17.0,16.0,12.0,7.224956747275377,4.0,6.0,2.0,4.5,0.806225774829855,1.15,2.6,1.4500000000000002,1.575,0.5992703897240378,0.79,2.96,2.17,2.221,0.9676926164852142,332.0,1860.0,1528.0,677.2,488.082124237305,856.0,6697.0,5841.0,2827.75,2272.616704924084,18.19,70.94,52.75,32.469,20.764049918067524,0.12,100.0,99.88,19.672,30.4929673203511,1.0,7.0,6.0,5.0,2.683281572999748,-3.0,1.0,4.0,-0.8,1.077032961426901,1.1e-05,1.1e-05,0.0,1.1e-05,0.0,1.6,42.0,40.4,5.97,12.01657605143828,1.7,55.0,53.3,19.466666666666665,25.12586095816199,0.14,294.0,293.86,73.66075,127.21295787649738,1.3,20.0,18.7,10.65,9.35,0.2,3.0,2.8,0.95,1.1863810517704672,628.0,970.0,0.0,706.0,0.0,7.2e-08,78000000000.0,78000000000.0,46800000000.0,38212039987.41758,35.0,55.0,20.0,41.22222222222221,8.866638819226667,8.0,98.0,90.0,76.88888888888889,36.9517536629242,79.904,132.9054519,53.001451900000006,96.33276708888889,23.43096965430202,265.8,903.78,637.98,344.64,198.22507359060305,1.0,17.0,16.0,13.22222222222222,6.562143582325956,4.0,6.0,2.0,4.555555555555555,0.8314794192830981,1.15,2.6,1.4500000000000002,1.5055555555555555,0.5922858002145607,0.79,2.96,2.17,2.3766666666666665,0.8933955202235768,332.0,1860.0,1528.0,637.7777777777778,499.1516754071135,1879.0,6697.0,4818.0,3484.9999999999995,2271.226981171191,18.19,70.94,52.75,30.97222222222222,21.369310173329197,0.12,36.0,35.88,10.746666666666666,15.379166282850171,1.0,7.0,6.0,5.444444444444444,2.454524670486058,-3.0,1.0,4.0,-0.7777777777777777,1.133115447465063,1.1e-05,1.1e-05,0.0,1.1e-05,0.0,1.6,42.0,40.4,6.288888888888888,12.626378423711424,1.7,55.0,53.3,19.466666666666665,25.12586095816199,0.14,294.0,293.86,98.09333333333332,138.52693247965254,20.0,20.0,0.0,20.0,0.0,0.2,3.0,2.8,1.1333333333333333,1.3199326582148887,628.0,970.0,0.0,716.75,0.0,2.05e-07,78000000000.0,78000000000.0,52000000000.0,36769552621.70047,39.0983,2.2,0.82,4.34066373,1.52,0.0,0.1,0.1,0.0,0.0,0.0,0.0,0.0,0.0,0.0,0.0,2.894793422999999
K,K0-1W3Br7,W3Br7,KW3Br7,mp-aaaabqsu,19.0,74.0,55.0,44.18181818181818,18.809176589285936,10.0,98.0,88.0,78.27272727272727,28.62005307501244,39.0983,183.84,144.7417,104.54057272727272,49.90592383063614,265.8,3695.0,3429.2,1207.4663636363637,1523.4276456982411,1.0,17.0,16.0,12.545454545454543,6.035706426435575,4.0,6.0,2.0,4.545454545454545,0.8907235428302466,1.15,2.2,1.0500000000000005,1.2999999999999998,0.297718598069324,0.82,2.96,2.14,2.6018181818181816,0.6214618862271909,332.0,5828.0,5496.0,1894.5454545454545,2416.8164019348173,856.0,19250.0,18394.0,14651.499999999998,7964.835638605482,9.47,45.94,36.47,19.346363636363638,9.540180361099786,0.12,170.0,169.88,55.53090909090909,75.54625331598281,1.0,7.0,6.0,6.181818181818182,1.6958871005616027,-2.0,-1.0,1.0,-1.2727272727272727,0.4453617714151233,4.5e-06,4.5e-06,0.0,4.5e-06,0.0,1.9,310.0,308.1,86.03636363636362,137.1495751011035,411.0,411.0,0.0,411.0,0.0,0.363,2570.0,2569.637,1927.59075,1112.685460252217,1.3,161.0,159.7,121.075,69.15212849218743,0.4,7.5,7.1,5.724999999999999,3.074390183434757,3430.0,3430.0,0.0,3430.0,0.0,5.28e-08,78000000000.0,78000000000.0,49636363636.36363,37521564047.8251,35.0,74.0,39.0,46.7,17.872045210327776,55.0,98.0,43.0,85.1,19.70507548831011,79.904,183.84,103.936,111.0848,47.62945874309302,265.8,3695.0,3429.2,1294.56,1571.4568573142567,6.0,17.0,11.0,13.7,5.040833264451424,4.0,6.0,2.0,4.6,0.916515138991168,1.15,1.35,0.2000000000000001,1.21,0.0916515138991168,2.36,2.96,0.6000000000000001,2.78,0.2749545416973504,332.0,5828.0,5496.0,1980.8,2518.5836019477297,19250.0,19250.0,0.0,19250.0,0.0,9.47,19.78,10.31,16.687,4.724635541499471,0.12,170.0,169.88,51.084,77.84879590590981,6.0,7.0,1.0,6.699999999999999,0.4582575694955839,-2.0,-1.0,1.0,-1.2999999999999998,0.458257569495584,4.5e-06,4.5e-06,0.0,4.5e-06,0.0,1.9,310.0,308.1,94.33,141.18915716158943,411.0,411.0,0.0,411.0,0.0,2570.0,2570.0,0.0,2570.0,0.0,161.0,161.0,0.0,161.0,0.0,7.5,7.5,0.0,7.5,0.0,3430.0,3430.0,0.0,3430.0,0.0,5.28e-08,78000000000.0,78000000000.0,54600000000.0,35744090420.65555,39.0983,2.2,0.82,4.34066373,1.52,0.0,0.09090909090909,0.09090909090909,0.0,0.0,0.0,0.0,0.0,0.0,0.0,0.0,3.5104478055
K,K1-2C,KC,K2C,mp-aaabpdgt,6.0,19.0,13.0,14.666666666666666,6.128258770283411,10.0,95.0,85.0,38.33333333333333,40.069384267237695,12.0107,39.0983,27.0876,30.0691,12.76921709737915,336.53,3800.0,3463.4700000000003,1491.0199999999998,1632.6954156241145,1.0,14.0,13.0,5.333333333333333,6.128258770283412,2.0,4.0,2.0,3.333333333333333,0.9428090415820634,0.7,2.2,1.5000000000000002,1.7000000000000002,0.7071067811865476,0.82,2.55,1.73,1.3966666666666665,0.8155298209684847,1032.0,4300.0,3268.0,2121.333333333333,1540.5499739450916,856.0,2267.0,1411.0,1326.3333333333333,665.1517788361457,5.29,45.94,40.65,32.39,19.16259377015544,100.0,140.0,40.0,113.33333333333331,18.856180831641268,1.0,4.0,3.0,2.0,1.4142135623730951,-4.0,-1.0,3.0,-2.0,1.4142135623730951,7.1e-06,7.1e-06,0.0,7.1e-06,0.0,3.1,33.0,29.9,13.066666666666666,14.094995171651846,10.0,200.0,188.0,105.0,77.21990244317415,0.363,0.363,0.0,0.363,0.0,1.3,1.3,0.0,1.3,0.0,0.4,0.5,0.0999999999999999,0.4333333333333333,0.0471404520791031,628.0,970.0,0.0,706.0,0.0,7.2e-08,1e-05,9.928e-06,3.381333333333333e-06,4.680104082413363e-06,6.0,19.0,13.0,12.5,6.5,10.0,95.0,85.0,52.5,42.5,12.0107,39.0983,27.0876,25.5545,13.5438,336.53,3800.0,3463.4700000000003,2068.265,1731.735,1.0,14.0,13.0,7.5,6.5,2.0,4.0,2.0,3.0,1.0,0.7,2.2,1.5000000000000002,1.4500000000000002,0.7500000000000001,0.82,2.55,1.73,1.6849999999999998,0.865,1032.0,4300.0,3268.0,2666.0,1634.0,856.0,2267.0,1411.0,1561.5,705.5,5.29,45.94,40.65,25.615,20.325,100.0,140.0,40.0,120.0,20.0,1.0,4.0,3.0,2.5,1.5,-4.0,-1.0,3.0,-2.5,1.5,7.1e-06,7.1e-06,0.0,7.1e-06,0.0,3.1,33.0,29.9,18.05,14.95,116.0,200.0,37.0,141.95,16.499579113843055,0.363,0.363,0.0,0.363,0.0,1.3,1.3,0.0,1.3,0.0,0.4,0.5,0.0999999999999999,0.45,0.0499999999999999,628.0,970.0,0.0,716.75,0.0,7.2e-08,1e-05,9.928e-06,5.0360000000000006e-06,4.964e-06,39.0983,2.2,0.82,4.34066373,1.52,0.5,0.6666666666666661,0.166666666666666,0.0,0.0,0.0,0.0,0.0,0.0,0.0,0.0,0.504721272999999
K,K0-0.02C,C,KC60,mp-aaacnhva,6.0,19.0,13.0,6.21311475409836,1.6507797869080794,10.0,95.0,85.0,93.60655737704916,10.793560145168213,12.0107,39.0983,27.0876,12.454759016393442,3.4396663504500995,336.53,3800.0,3463.4700000000003,3743.221803278688,439.8020206586558,1.0,14.0,13.0,13.786885245901638,1.6507797869080794,2.0,4.0,2.0,2.0327868852459017,0.2539661210627815,0.7,2.2,1.5000000000000002,0.7245901639344262,0.1904745907970861,0.82,2.55,1.73,2.521639344262295,0.2196806947193059,1032.0,4300.0,3268.0,4246.426229508197,414.98064181658486,856.0,2267.0,1411.0,2243.8688524590166,179.17309840979232,5.29,45.94,40.65,5.956393442622951,5.161861410601032,100.0,140.0,40.0,139.34426229508196,5.079322421255629,1.0,4.0,3.0,3.9508196721311473,0.3809491815941722,-4.0,-1.0,3.0,-3.9508196721311473,0.3809491815941722,7.1e-06,7.1e-06,0.0,7.1e-06,0.0,3.1,33.0,29.9,32.50983606557377,3.796793509888583,10.0,200.0,188.0,105.0,77.21990244317415,0.363,0.363,0.0,0.363,0.0,1.3,1.3,0.0,1.3,0.0,0.4,0.5,0.0999999999999999,0.4983606557377049,0.012698306053139,628.0,970.0,0.0,706.0,0.0,7.2e-08,1e-05,9.928e-06,9.837245901639345e-06,1.260687824955647e-06,6.0,6.0,0.0,6.0,0.0,95.0,95.0,0.0,95.0,0.0,12.0107,12.0107,0.0,12.0107,0.0,3800.0,3800.0,0.0,3800.0,0.0,14.0,14.0,0.0,14.0,0.0,2.0,2.0,0.0,2.0,0.0,0.7,0.7,0.0,0.7,0.0,2.55,2.55,0.0,2.55,0.0,4300.0,4300.0,0.0,4300.0,0.0,2267.0,2267.0,0.0,2267.0,0.0,5.29,5.29,0.0,5.29,0.0,140.0,140.0,0.0,140.0,0.0,4.0,4.0,0.0,4.0,0.0,-4.0,-4.0,0.0,-4.0,0.0,7.1e-06,7.1e-06,0.0,7.1e-06,0.0,33.0,33.0,0.0,33.0,0.0,116.0,200.0,37.0,141.95,16.499579113843055,490.0,700.0,0.0,628.0,0.0,26.0,75.0,0.0,47.0,0.0,0.5,0.5,0.0,0.5,0.0,628.0,970.0,0.0,716.75,0.0,1e-05,1e-05,0.0,1e-05,0.0,39.0983,2.2,0.82,4.34066373,1.52,0.0,0.01639344262295,0.01639344262295,0.0,0.0,0.0,0.0,0.0,0.0,0.0,0.0,1.462243957999966
K,K1-2CePCO7,KCePCO7,K2CePCO7,mp-aaabrbqu,6.0,58.0,52.0,14.416666666666668,13.847131672500106,10.0,101.0,91.0,78.66666666666667,35.933580704157805,12.0107,140.116,128.1053,31.107738500000004,34.12360778138069,54.8,3800.0,3745.2,520.1633333333333,1028.023618878585,1.0,16.0,15.0,12.166666666666668,6.107827400602898,2.0,6.0,4.0,2.75,1.2332207155790618,0.6,2.2,1.6,1.0125000000000002,0.6331551284374681,0.82,3.44,2.62,2.631666666666667,1.065558017608093,90.2,4300.0,4209.8,931.5333333333334,1407.2768344888254,856.0,6689.0,5833.0,2498.2000000000003,2166.369996099466,5.29,45.94,40.65,21.366666666666667,11.539358975071169,0.02658,140.0,139.97342,29.285171666666667,49.5223899589209,1.0,5.0,4.0,2.416666666666667,1.1873172373979173,-4.0,2.0,6.0,-1.75,1.361677886530683,6.3e-06,7.1e-06,8e-07,6.7e-06,4e-07,3.1,33.0,29.9,14.44,11.58146795531551,34.0,34.0,0.0,34.0,0.0,0.363,412.0,411.637,137.5753333333333,194.0475427248579,1.3,14.0,12.7,5.533333333333333,5.986837414046102,0.4,2.5,2.1,0.95,0.8958236433584459,270.0,270.0,0.0,270.0,0.0,7.2e-08,1e-05,9.928e-06,2.1976000000000004e-06,3.9096464085643344e-06,6.0,58.0,52.0,14.0,14.390653532446295,10.0,101.0,91.0,84.9090909090909,30.675588593166232,12.0107,140.116,128.1053,30.38132381818182,35.55200258000462,54.8,3800.0,3745.2,536.8572727272727,1072.1772227497986,1.0,16.0,15.0,13.181818181818182,5.3226476975652535,2.0,6.0,4.0,2.636363636363636,1.2264306875665492,0.6,2.2,1.6,0.9045454545454544,0.5454166653513397,0.82,3.44,2.62,2.7963636363636364,0.9555795264680794,90.2,4300.0,4209.8,922.4,1469.5121614764787,856.0,6689.0,5833.0,2908.75,2241.3594507575085,5.29,45.94,40.65,19.132727272727276,9.239921379938144,0.02658,140.0,139.97342,22.856550909090917,46.68503704947199,1.0,5.0,4.0,2.545454545454546,1.1570838237598051,-4.0,2.0,6.0,-1.818181818181818,1.4024771473219555,6.3e-06,7.1e-06,8e-07,6.7e-06,4e-07,3.1,33.0,29.9,17.275,11.29056575198958,34.0,34.0,0.0,34.0,0.0,0.363,412.0,411.637,206.1815,205.8185,1.3,14.0,12.7,7.65,6.3500000000000005,0.4,2.5,2.1,1.1333333333333335,0.967241208569794,270.0,270.0,0.0,270.0,0.0,7.2e-08,1e-05,9.928e-06,2.729e-06,4.206511500043712e-06,39.0983,2.2,0.82,4.34066373,1.52,0.09090909090909,0.166666666666666,0.075757575757576,0.0,0.0,0.0,0.0,0.0,0.0,0.0,0.0,2.330413622999991
K,K0-2CoH8(CO5)2,CoH8(CO5)2,K2CoH8(CO5)2,mp-aaabryqx,1.0,27.0,26.0,7.173913043478261,6.551814709867683,10.0,103.0,93.0,91.65217391304348,26.3959955718784,1.00794,58.933195,57.925255,14.313422391304346,14.256686582127449,14.01,3800.0,3785.99,465.2669565217391,1089.1768468113282,1.0,16.0,15.0,9.0,7.162705342682118,1.0,4.0,3.0,1.9130434782608696,0.9284415871331576,0.25,2.2,1.95,0.658695652173913,0.5358155453854887,0.82,3.44,2.62,2.6356521739130434,0.8120549675492177,20.28,4300.0,4279.72,649.0539130434782,1314.558382455754,856.0,8900.0,8044.0,3029.2000000000003,3002.45855258653,5.29,45.94,40.65,16.264782608695654,9.986858699905165,0.02658,140.0,139.97342,25.291730434782608,48.67274045316764,1.0,5.0,4.0,1.869565217391304,1.0755927719002591,-4.0,-1.0,3.0,-1.6956521739130437,0.8564224175474873,7.1e-06,1.3e-05,5.899999999999999e-06,9.066666666666666e-06,2.781286672667086e-06,3.1,180.0,176.9,50.440000000000005,66.14567559561246,209.0,209.0,0.0,209.0,0.0,0.363,700.0,699.637,233.5753333333333,329.812044712675,1.3,75.0,73.7,25.866666666666667,34.74251318229903,0.4,5.0,4.6,1.36,1.820549367636044,1043.0,1043.0,0.0,1043.0,0.0,6.24e-08,1e-05,9.9376e-06,4.041280000000001e-06,4.865275769532494e-06,1.0,27.0,26.0,6.047619047619048,5.694409877667332,64.0,103.0,39.0,99.42857142857144,8.226388599364553,1.00794,58.933195,57.925255,11.952957857142856,12.591065648779786,14.01,3800.0,3785.99,477.5276190476191,1139.104482744501,1.0,16.0,15.0,9.761904761904765,7.036671033167953,1.0,4.0,3.0,1.7142857142857144,0.6998542122237652,0.25,1.35,1.1,0.5119047619047619,0.258154974636758,1.88,3.44,1.56,2.8085714285714287,0.6151212479339856,20.28,4300.0,4279.72,612.5828571428572,1370.1622728544753,2267.0,8900.0,6633.0,4478.0,3126.826186406913,5.29,17.36,12.07,13.43857142857143,4.168961599286629,0.02658,140.0,139.97342,18.176657142857145,44.86066234373752,1.0,5.0,4.0,1.9523809523809528,1.0900498230723423,-4.0,-1.0,3.0,-1.761904761904762,0.8676603408708856,7.1e-06,1.3e-05,5.899999999999999e-06,9.066666666666666e-06,2.781286672667086e-06,33.0,180.0,147.0,82.0,69.29646455628166,209.0,209.0,0.0,209.0,0.0,700.0,700.0,0.0,700.0,0.0,75.0,75.0,0.0,75.0,0.0,0.5,5.0,4.5,2.0,2.1213203435596424,1043.0,1043.0,0.0,1043.0,0.0,6.24e-08,1e-05,9.9376e-06,6.6874666666666665e-06,4.684629565812956e-06,39.0983,2.2,0.82,4.34066373,1.52,0.0,0.08695652173913,0.08695652173913,0.0,0.0,0.0,0.0,0.0,0.0,0.0,0.0,3.848061210500013
K,K1-3CoPCO7,KCoPCO7,K3CoPCO7,mp-aaabsagc,6.0,27.0,21.0,12.384615384615383,6.367446795869193,10.0,101.0,91.0,75.84615384615384,37.358648785164256,12.0107,58.933195,46.922495,25.477565923076924,13.912546527060698,54.8,3800.0,3745.2,559.8838461538462,1035.974937226828,1.0,16.0,15.0,11.76923076923077,6.178795577853293,2.0,4.0,2.0,2.6923076923076925,0.910166120476864,0.6,2.2,1.6,1.0653846153846154,0.6561497880657269,0.82,3.44,2.62,2.5507692307692307,1.077814466255041,90.2,4300.0,4209.8,905.9538461538464,1289.4466151238823,856.0,8900.0,8044.0,2593.0,2873.12060310736,5.29,45.94,40.65,22.17846153846154,13.61192172390627,0.02658,140.0,139.97342,41.57092769230769,53.446029040005776,1.0,5.0,4.0,2.3846153846153846,1.3323467750529827,-4.0,-1.0,3.0,-1.9230769230769231,0.8284868934053083,7.1e-06,1.3e-05,5.899999999999999e-06,1.005e-05,2.95e-06,3.1,180.0,176.9,38.88333333333333,63.9887338174116,209.0,209.0,0.0,209.0,0.0,0.363,700.0,699.637,175.27225,302.95170771376667,1.3,75.0,73.7,19.725,31.913036129456565,0.4,5.0,4.6,1.34,1.8304097901836085,1043.0,1043.0,0.0,1043.0,0.0,6.24e-08,1e-05,9.9376e-06,1.7297333333333331e-06,3.698593906998833e-06,6.0,27.0,21.0,11.18181818181818,6.205835696682186,10.0,101.0,91.0,87.81818181818181,26.791512162753005,12.0107,58.933195,46.922495,23.00106881818182,13.74360727649098,54.8,3800.0,3745.2,600.4936363636364,1121.454345135432,1.0,16.0,15.0,13.727272727272728,4.494257125203009,2.0,4.0,2.0,2.4545454545454546,0.7820295697311479,0.6,2.2,1.6,0.8590909090909091,0.4818610615567813,0.82,3.44,2.62,2.8654545454545453,0.8539465986748995,90.2,4300.0,4209.8,883.0363636363637,1400.5580337674028,856.0,8900.0,8044.0,3461.5,3181.0935619689026,5.29,45.94,40.65,17.85818181818182,9.88186108546344,0.02658,140.0,139.97342,30.947460000000007,51.40292046576484,1.0,5.0,4.0,2.6363636363636367,1.2984415324623364,-4.0,-1.0,3.0,-2.090909090909091,0.7925270806437589,7.1e-06,1.3e-05,5.899999999999999e-06,1.005e-05,2.95e-06,3.1,180.0,176.9,56.775,71.98264981924464,209.0,209.0,0.0,209.0,0.0,0.363,700.0,699.637,350.1815,349.81850000000003,1.3,75.0,73.7,38.15,36.85,0.4,5.0,4.6,1.966666666666667,2.145279054627212,1043.0,1043.0,0.0,1043.0,0.0,6.24e-08,1e-05,9.9376e-06,2.5586000000000004e-06,4.296316501376499e-06,39.0983,2.2,0.82,4.34066373,1.52,0.09090909090909,0.23076923076923,0.13986013986014,0.0,0.0,0.0,0.0,0.0,0.0,0.0,0.0,3.738860623000001
K,K1-2CrPCO7,KCrPCO7,K2CrPCO7,mp-aaacpavv,6.0,24.0,18.0,11.583333333333332,5.751207602659539,10.0,101.0,91.0,80.75,33.83076755459937,12.0107,51.9961,39.9854,23.7644135,12.51491377798524,54.8,3800.0,3745.2,612.8299999999999,1119.295840584606,1.0,16.0,15.0,12.416666666666668,5.780114377953279,2.0,4.0,2.0,2.583333333333333,0.8620067027323833,0.6,2.2,1.6,0.975,0.594593698811774,0.82,3.44,2.62,2.6766666666666667,1.01076153908273,90.2,4300.0,4209.8,874.1166666666667,1306.3204340394009,856.0,7140.0,6284.0,2588.4,2341.308061746681,5.29,45.94,40.65,20.245,12.18664398703214,0.02658,140.0,139.97342,36.20183833333333,52.20886216033408,1.0,6.0,5.0,2.583333333333333,1.4976833963009524,-4.0,-1.0,3.0,-2.083333333333333,0.7592027982620249,4.9e-06,7.1e-06,2.2e-06,6e-06,1.1e-06,3.1,160.0,156.9,42.040000000000006,59.98735200023418,279.0,279.0,0.0,279.0,0.0,0.363,1120.0,1119.637,373.5753333333333,527.8019434449084,1.3,115.0,113.7,39.2,53.59869401394031,0.4,8.5,8.1,2.45,3.493207694941713,1060.0,1060.0,0.0,1060.0,0.0,7.2e-08,1e-05,9.928e-06,2.0738000000000004e-06,3.963149272989853e-06,6.0,24.0,18.0,10.90909090909091,5.5342659109907,10.0,101.0,91.0,87.18181818181817,27.425330633022067,12.0107,51.9961,39.9854,22.37042381818182,12.146729629772794,54.8,3800.0,3745.2,637.9481818181818,1165.8237938495618,1.0,16.0,15.0,13.454545454545451,4.849810424854232,2.0,4.0,2.0,2.4545454545454546,0.7820295697311479,0.6,2.2,1.6,0.8636363636363635,0.4866821387026973,0.82,3.44,2.62,2.845454545454545,0.8790011235525309,90.2,4300.0,4209.8,859.7636363636364,1363.5009639445386,856.0,7140.0,6284.0,3021.5,2431.9285042944825,5.29,45.94,40.65,17.909090909090907,9.825372030472437,0.02658,140.0,139.97342,30.40200545454546,50.69423434065212,1.0,6.0,5.0,2.7272727272727275,1.4826824027545535,-4.0,-1.0,3.0,-2.1818181818181817,0.7158188976374374,4.9e-06,7.1e-06,2.2e-06,6e-06,1.1e-06,3.1,160.0,156.9,51.775,63.43699137727135,279.0,279.0,0.0,279.0,0.0,0.363,1120.0,1119.637,560.1815,559.8185,1.3,115.0,113.7,58.15,56.85,0.4,8.5,8.1,3.1333333333333333,3.7950259843935488,1060.0,1060.0,0.0,1060.0,0.0,7.2e-08,1e-05,9.928e-06,2.5742500000000004e-06,4.287299754799051e-06,39.0983,2.2,0.82,4.34066373,1.52,0.09090909090909,0.166666666666666,0.075757575757576,0.0,0.0,0.0,0.0,0.0,0.0,0.0,0.0,3.912478458000002
K,K2-3CuPCO7,K2CuPCO7,K3CuPCO7,mp-aaabqxxn,6.0,29.0,23.0,12.53846153846154,6.73241738062802,10.0,101.0,91.0,76.46153846153845,37.2240934892265,12.0107,63.546,51.5353,25.83239707692308,14.792295683109275,54.8,3800.0,3745.2,528.3276923076924,1004.4633205245924,1.0,16.0,15.0,11.923076923076923,6.132655823998385,2.0,4.0,2.0,2.6923076923076925,0.910166120476864,0.6,2.2,1.6,1.0653846153846154,0.6561497880657269,0.82,3.44,2.62,2.552307692307692,1.0768697789008936,90.2,4300.0,4209.8,905.9538461538464,1289.4466151238823,856.0,8920.0,8064.0,2596.333333333333,2880.438199688065,5.29,45.94,40.65,22.212307692307693,13.573811410691462,0.02658,400.0,399.97342,64.64785076923077,109.28740539844938,1.0,5.0,4.0,2.3076923076923075,1.2015768732164085,-4.0,1.0,5.0,-1.7692307692307692,1.1200169060431566,7.1e-06,1.65e-05,9.4e-06,1.18e-05,4.700000000000001e-06,3.1,140.0,136.9,32.21666666666667,49.34799613178049,130.0,130.0,0.0,130.0,0.0,0.363,874.0,873.637,218.77225,378.2959178430128,1.3,48.0,46.7,12.975,20.22169317836664,0.4,3.0,2.6,0.94,1.03072789813801,369.0,369.0,0.0,369.0,0.0,1.678e-08,1e-05,9.98322e-06,1.72213e-06,3.7020589574586736e-06,6.0,29.0,23.0,12.0,6.733003292241386,10.0,101.0,91.0,82.0,33.20140559273558,12.0107,63.546,51.5353,24.72690516666667,14.871411672979368,54.8,3800.0,3745.2,544.3108333333333,1043.889099525251,1.0,16.0,15.0,12.833333333333334,5.474689235218947,2.0,4.0,2.0,2.583333333333333,0.8620067027323833,0.6,2.2,1.6,0.9708333333333334,0.5917693572856086,0.82,3.44,2.62,2.6966666666666668,0.9926591671979976,90.2,4300.0,4209.8,895.4499999999999,1341.5641322103588,856.0,8920.0,8064.0,2944.4,3037.9938512116846,5.29,45.94,40.65,20.235,12.197364127821496,0.02658,400.0,399.97342,61.70183833333332,113.25290960093147,1.0,5.0,4.0,2.416666666666667,1.1873172373979173,-4.0,1.0,5.0,-1.8333333333333333,1.1426091000668408,7.1e-06,1.65e-05,9.4e-06,1.18e-05,4.700000000000001e-06,3.1,140.0,136.9,38.04,52.14213651165438,130.0,130.0,0.0,130.0,0.0,0.363,874.0,873.637,291.57533333333333,411.83643133031455,1.3,48.0,46.7,16.866666666666667,22.014591120941176,0.4,3.0,2.6,1.075,1.1121488209767612,369.0,369.0,0.0,369.0,0.0,1.678e-08,1e-05,9.98322e-06,2.0521560000000005e-06,3.974013797830099e-06,39.0983,2.2,0.82,4.34066373,1.52,0.166666666666666,0.23076923076923,0.064102564102564,0.0,0.0,0.0,0.0,0.0,0.0,0.0,0.0,3.182354292999996
K,K1-2FeNi(CN)6,KFeNi(CN)6,K2FeNi(CN)6,mp-aaaacgcn,6.0,28.0,22.0,10.625,7.440388094716565,10.0,100.0,90.0,82.375,29.56956839387413,12.0107,58.6934,46.6827,21.802462500000004,15.92569224083662,63.05,3800.0,3736.95,1711.8974999999998,1700.4884020609345,1.0,15.0,14.0,12.125,4.608077147791691,2.0,4.0,2.0,2.5,0.8660254037844386,0.65,2.2,1.5500000000000005,0.953125,0.5245440728623287,0.82,3.04,2.22,2.4325,0.7129822929077552,77.36,4300.0,4222.64,2165.51,1904.723904795653,856.0,8908.0,8052.0,3209.6000000000004,2657.785250918516,5.29,45.94,40.65,13.65875,12.741601093955971,0.02583,140.0,139.97417,75.69718625,61.5426579213853,1.0,6.0,5.0,4.125,1.3169567191065925,-4.0,-1.0,3.0,-2.9375,1.0879309490955758,7.1e-06,1.34e-05,6.300000000000001e-06,8.475e-06,2.4149275351446885e-06,3.1,180.0,176.9,55.42,60.942149617485605,200.0,211.0,11.0,205.5,5.5,0.363,700.0,699.637,297.6815,306.4486750538334,1.3,82.0,80.7,40.15,38.90787195414316,0.4,4.0,3.6,1.1800000000000002,1.4105318146004364,608.0,638.0,30.0,623.0,15.0,6.93e-08,1e-05,9.9307e-06,6.03094e-06,4.861090750685488e-06,6.0,28.0,22.0,10.066666666666668,7.352701695446526,10.0,100.0,90.0,87.2,23.667699507979226,12.0107,58.6934,46.6827,20.649406666666668,15.788083507188436,63.05,3800.0,3736.95,1803.5886666666668,1717.5336596017237,1.0,15.0,14.0,12.866666666666667,3.721409529854097,2.0,4.0,2.0,2.4000000000000004,0.7999999999999999,0.65,2.2,1.5500000000000005,0.87,0.4277070648625451,0.82,3.04,2.22,2.54,0.5977736472389306,77.36,4300.0,4222.64,2241.077333333333,1943.8290255385689,856.0,8908.0,8052.0,3471.1111111111104,2676.7164563424194,5.29,45.94,40.65,11.506666666666668,9.95330207630725,0.02583,140.0,139.97417,74.07699866666667,63.229728256684965,1.0,6.0,5.0,4.333333333333334,1.07496769977314,-4.0,-1.0,3.0,-3.066666666666667,0.9977753031397176,7.1e-06,1.34e-05,6.300000000000001e-06,8.475e-06,2.4149275351446885e-06,3.1,180.0,176.9,61.23333333333333,61.5520737081845,200.0,211.0,11.0,205.5,5.5,0.363,700.0,699.637,396.7876666666666,293.13181023370504,1.3,82.0,80.7,53.1,36.709944156863,0.4,4.0,3.6,1.2666666666666664,1.461354014452198,608.0,638.0,30.0,623.0,15.0,6.93e-08,1e-05,9.9307e-06,6.693044444444444e-06,4.676746569550511e-06,39.0983,2.2,0.82,4.34066373,1.52,0.066666666666666,0.125,0.058333333333334,0.0,0.0,0.0,0.0,0.0,0.0,0.0,0.0,3.544302222999995
K,K1-3FePCO7,KFePCO7,K3FePCO7,mp-aaabrulf,6.0,26.0,20.0,12.307692307692308,6.194099119753045,10.0,101.0,91.0,75.61538461538461,37.44028776503987,12.0107,55.845,43.8343,25.240012461538463,13.354442318657703,54.8,3800.0,3745.2,563.1915384615385,1039.8882216472643,1.0,16.0,15.0,11.692307692307692,6.218887055817765,2.0,4.0,2.0,2.6923076923076925,0.910166120476864,0.6,2.2,1.6,1.0692307692307692,0.6579509163182492,0.82,3.44,2.62,2.546923076923077,1.0802876014169318,90.2,4300.0,4209.8,900.8769230769232,1280.5032148782796,856.0,7874.0,7018.0,2422.0,2498.806315023235,5.29,45.94,40.65,22.21076923076923,13.57552405082168,0.02658,140.0,139.97342,40.03246615384616,52.01056263935529,1.0,6.0,5.0,2.4615384615384617,1.4995068222783023,-4.0,-1.0,3.0,-2.0,0.7844645405527362,7.1e-06,1.18e-05,4.700000000000001e-06,9.45e-06,2.3500000000000004e-06,3.1,170.0,166.9,37.21666666666667,60.31631666104584,211.0,211.0,0.0,211.0,0.0,0.363,490.0,489.637,122.77225,212.0190403164006,1.3,82.0,80.7,21.475,34.9441250427021,0.4,4.0,3.6,1.14,1.4305243793798137,608.0,608.0,0.0,608.0,0.0,7.2e-08,1e-05,9.928e-06,1.73535e-06,3.696082373608576e-06,6.0,26.0,20.0,11.09090909090909,5.976538150506764,10.0,101.0,91.0,87.54545454545453,27.04663862954184,12.0107,55.845,43.8343,22.720323818181814,13.01919310060484,54.8,3800.0,3745.2,604.4027272727272,1125.584486018393,1.0,16.0,15.0,13.636363636363637,4.597879496873379,2.0,4.0,2.0,2.4545454545454546,0.7820295697311479,0.6,2.2,1.6,0.8636363636363635,0.4866821387026973,0.82,3.44,2.62,2.860909090909091,0.8592962717506856,90.2,4300.0,4209.8,877.0363636363637,1390.7261564787116,856.0,7874.0,7018.0,3205.0,2743.498223072142,5.29,45.94,40.65,17.896363636363635,9.839277756871155,0.02658,140.0,139.97342,29.129278181818187,49.23634773411681,1.0,6.0,5.0,2.7272727272727275,1.4826824027545535,-4.0,-1.0,3.0,-2.1818181818181817,0.7158188976374374,7.1e-06,1.18e-05,4.700000000000001e-06,9.45e-06,2.3500000000000004e-06,3.1,170.0,166.9,54.275,67.70618047859442,211.0,211.0,0.0,211.0,0.0,0.363,490.0,489.637,245.1815,244.8185,1.3,82.0,80.7,41.65,40.35,0.4,4.0,3.6,1.6333333333333335,1.673983937265296,608.0,608.0,0.0,608.0,0.0,7.2e-08,1e-05,9.928e-06,2.567025e-06,4.291443516099799e-06,39.0983,2.2,0.82,4.34066373,1.52,0.09090909090909,0.23076923076923,0.13986013986014,0.0,0.0,0.0,0.0,0.0,0.0,0.0,0.0,3.345329572999993
K,K0-1Zr6CI14,Zr6CI14,KZr6CI14,mp-aaaabpye,6.0,53.0,47.0,45.77272727272727,12.116599501141993,10.0,97.0,87.0,79.86363636363636,26.056399413833507,12.0107,126.90447,114.89377,107.95979909090909,30.63959506217151,336.53,3800.0,3463.4700000000003,1014.565,981.0284560081462,1.0,17.0,16.0,12.59090909090909,6.22063348797657,2.0,5.0,3.0,4.818181818181818,0.6492207662311682,0.7,2.2,1.5000000000000002,1.445454545454545,0.2354440152085431,0.82,2.66,1.8400000000000003,2.208636363636364,0.658133002961238,457.4,4682.0,4224.6,1810.3454545454545,1929.5437521782835,856.0,6511.0,5655.0,5061.318181818182,1319.5803873809018,5.29,45.94,40.65,22.51954545454545,8.040322515734353,0.449,140.0,139.551,17.467545454545455,34.420058397192115,1.0,7.0,6.0,5.7727272727272725,1.730260573697662,-4.0,1.0,5.0,-0.5909090909090909,1.154402281745481,5.7e-06,7.1e-06,1.4e-06,5.899999999999999e-06,4.898979485566357e-07,3.1,33.0,29.9,8.99375,6.297168882720235,68.0,68.0,0.0,68.0,0.0,0.363,650.0,649.637,557.1947142857142,227.32559543320508,1.3,33.0,31.7,28.47142857142857,11.092689263746678,0.4,5.0,4.6,3.8625,1.970366399936824,903.0,903.0,0.0,903.0,0.0,7.2e-08,13000000.0,12999999.999999927,8272727.272727845,6253594.007970093,6.0,53.0,47.0,47.04761904761904,10.86486776145586,49.0,97.0,48.0,83.19047619047618,21.62806608623123,12.0107,126.90447,114.89377,111.23891809523808,27.330041185515743,386.85,3800.0,3413.15,1046.8523809523808,992.628709595576,4.0,17.0,13.0,13.142857142857142,5.816935163286381,2.0,5.0,3.0,4.857142857142857,0.6388765649999399,0.7,1.55,0.8500000000000001,1.4095238095238094,0.1722533071208183,1.33,2.66,1.33,2.2747619047619048,0.597969732054654,457.4,4682.0,4224.6,1847.409523809524,1967.2846855996747,2267.0,6511.0,4244.0,5261.571428571428,970.5571091083802,5.29,25.72,20.43,21.404285714285717,6.353070927046354,0.449,140.0,139.551,13.53742857142857,30.022468566330893,4.0,7.0,3.0,5.999999999999999,1.414213562373095,-4.0,1.0,5.0,-0.5714285714285714,1.178030178747903,5.7e-06,7.1e-06,1.4e-06,5.899999999999999e-06,4.898979485566357e-07,7.7,33.0,25.3,9.386666666666668,6.310928792358714,68.0,68.0,0.0,68.0,0.0,650.0,650.0,0.0,650.0,0.0,33.0,33.0,0.0,33.0,0.0,0.5,5.0,4.5,4.357142857142857,1.5746719775034717,903.0,903.0,0.0,903.0,0.0,4.21e-07,13000000.0,12999999.99999958,8666666.666667262,6128258.770282568,39.0983,2.2,0.82,4.34066373,1.52,0.0,0.045454545454545,0.045454545454545,0.0,0.0,0.0,0.0,0.0,0.0,0.0,0.0,1.505409543000006
K,K0-2NiH8(CO5)2,NiH8(CO5)2,K2NiH8(CO5)2,mp-aaabrywa,1.0,28.0,27.0,7.217391304347826,6.685197936903331,10.0,103.0,93.0,91.78260869565216,26.266123862494908,1.00794,58.6934,57.68546,14.302996521739129,14.22410291776438,14.01,3800.0,3785.99,463.5278260869565,1087.1253372559993,1.0,16.0,15.0,9.043478260869565,7.165607840775845,1.0,4.0,3.0,1.9130434782608696,0.9284415871331576,0.25,2.2,1.95,0.658695652173913,0.5358155453854887,0.82,3.44,2.62,2.63695652173913,0.8108633873176476,20.28,4300.0,4279.72,648.4452173913044,1313.3797594486143,856.0,8908.0,8052.0,3030.8,3005.5871572789238,5.29,45.94,40.65,16.261304347826087,9.99021316930935,0.02658,140.0,139.97342,24.90042608695652,48.10339844398069,1.0,4.0,3.0,1.8260869565217392,0.9624323313555936,-4.0,-1.0,3.0,-1.6956521739130437,0.8564224175474873,7.1e-06,1.34e-05,6.300000000000001e-06,9.2e-06,2.9698484809835e-06,3.1,180.0,176.9,50.440000000000005,66.14567559561246,200.0,200.0,0.0,200.0,0.0,0.363,700.0,699.637,233.5753333333333,329.812044712675,1.3,76.0,74.7,26.2,35.21391770309006,0.4,4.0,3.6,1.16,1.4207040508142434,638.0,638.0,0.0,638.0,0.0,6.93e-08,1e-05,9.9307e-06,4.042660000000001e-06,4.864147841338707e-06,1.0,28.0,27.0,6.095238095238096,5.870870479018073,67.0,103.0,36.0,99.57142857142858,7.61309291112813,1.00794,58.6934,57.68546,11.941539047619049,12.548490952997726,14.01,3800.0,3785.99,475.62285714285713,1136.9764728023715,1.0,16.0,15.0,9.80952380952381,7.034737261950244,1.0,4.0,3.0,1.7142857142857144,0.6998542122237652,0.25,1.35,1.1,0.5119047619047619,0.258154974636758,1.91,3.44,1.53,2.8100000000000005,0.6129942126659147,20.28,4300.0,4279.72,611.9161904761905,1368.9060060204358,2267.0,8908.0,6641.0,4480.666666666666,3130.597422573241,5.29,17.36,12.07,13.434761904761906,4.175176778746841,0.02658,140.0,139.97342,17.748085714285715,44.11369630204473,1.0,4.0,3.0,1.904761904761905,0.9712418121129116,-4.0,-1.0,3.0,-1.761904761904762,0.8676603408708856,7.1e-06,1.34e-05,6.300000000000001e-06,9.2e-06,2.9698484809835e-06,33.0,180.0,147.0,82.0,69.29646455628166,200.0,200.0,0.0,200.0,0.0,700.0,700.0,0.0,700.0,0.0,76.0,76.0,0.0,76.0,0.0,0.5,4.0,3.5,1.6666666666666663,1.6499158227686108,638.0,638.0,0.0,638.0,0.0,6.93e-08,1e-05,9.9307e-06,6.6897666666666665e-06,4.681376874619498e-06,39.0983,2.2,0.82,4.34066373,1.52,0.0,0.08695652173913,0.08695652173913,0.0,0.0,0.0,0.0,0.0,0.0,0.0,0.0,4.808972705500004
K,K1-3MnPCO7,KMnPCO7,K3MnPCO7,mp-aaabsadk,6.0,25.0,19.0,12.230769230769232,6.027550161279918,10.0,101.0,91.0,75.53846153846153,37.4712513075853,12.0107,54.938045,42.927345,25.170246692307693,13.195801445808224,54.8,3800.0,3745.2,540.73,1015.5620938861698,1.0,16.0,15.0,11.615384615384617,6.270056576096871,2.0,4.0,2.0,2.6923076923076925,0.910166120476864,0.6,2.2,1.6,1.0692307692307692,0.6579509163182492,0.82,3.44,2.62,2.525384615384615,1.0970282612208129,90.2,4300.0,4209.8,839.3384615384616,1187.5547790043602,856.0,7470.0,6614.0,2354.6666666666665,2352.1265319328004,5.29,45.94,40.65,22.230769230769237,13.553406305619523,0.02658,140.0,139.97342,34.47862000000001,51.29614062489542,1.0,7.0,6.0,2.5384615384615383,1.6923076923076923,-4.0,-1.0,3.0,-2.0769230769230766,0.8284868934053082,7.1e-06,2.17e-05,1.46e-05,1.44e-05,7.299999999999999e-06,3.1,120.0,116.9,28.883333333333333,42.09779949382416,198.0,198.0,0.0,198.0,0.0,0.363,196.0,195.637,49.27225,84.71330596008812,1.3,1.3,0.0,1.3,0.0,0.4,6.0,5.6,1.5400000000000005,2.230336297512104,628.0,970.0,0.0,706.0,0.0,7.2e-08,1e-05,9.928e-06,1.959333333333333e-06,3.630087908332555e-06,6.0,25.0,19.0,11.0,5.752469825293227,10.0,101.0,91.0,87.45454545454545,27.13723921230964,12.0107,54.938045,42.927345,22.637873363636366,12.81035052407468,54.8,3800.0,3745.2,577.8572727272727,1099.9671361544558,1.0,16.0,15.0,13.545454545454543,4.7167715531174,2.0,4.0,2.0,2.4545454545454546,0.7820295697311479,0.6,2.2,1.6,0.8636363636363635,0.4866821387026973,0.82,3.44,2.62,2.835454545454545,0.8929457240592524,90.2,4300.0,4209.8,804.309090909091,1287.915441503366,856.0,7470.0,6614.0,3104.0,2571.817936791016,5.29,45.94,40.65,17.919999999999998,9.813568528966783,0.02658,140.0,139.97342,22.565641818181824,46.76790910651094,1.0,7.0,6.0,2.8181818181818183,1.6958871005616027,-4.0,-1.0,3.0,-2.2727272727272725,0.7496555682941201,7.1e-06,2.17e-05,1.46e-05,1.44e-05,7.299999999999999e-06,3.1,120.0,116.9,41.775,46.47313067784437,198.0,198.0,0.0,198.0,0.0,0.363,196.0,195.637,98.1815,97.8185,1.3,1.3,0.0,1.3,0.0,0.4,6.0,5.6,2.3,2.616613587572049,628.0,970.0,0.0,716.75,0.0,7.2e-08,1e-05,9.928e-06,2.903e-06,4.1345842596324e-06,39.0983,2.2,0.82,4.34066373,1.52,0.09090909090909,0.23076923076923,0.13986013986014,0.0,0.0,0.0,0.0,0.0,0.0,0.0,0.0,3.343216270500001
K,K2-3NiPCO7,K2NiPCO7,K3NiPCO7,mp-aaabsadj,6.0,28.0,22.0,12.461538461538463,6.547053178754834,10.0,101.0,91.0,76.07692307692307,37.29397051382959,12.0107,58.6934,46.6827,25.45912015384615,13.868266084756687,54.8,3800.0,3745.2,556.8069230769231,1032.435527809287,1.0,16.0,15.0,11.846153846153848,6.149998797325134,2.0,4.0,2.0,2.6923076923076925,0.910166120476864,0.6,2.2,1.6,1.0653846153846154,0.6561497880657269,0.82,3.44,2.62,2.553076923076923,1.0764070192106316,90.2,4300.0,4209.8,904.8769230769232,1287.5346472732276,856.0,8908.0,8052.0,2594.333333333333,2876.047557943984,5.29,45.94,40.65,22.17230769230769,13.618947860550842,0.02658,140.0,139.97342,40.87862,52.73829450227838,1.0,5.0,4.0,2.3076923076923075,1.2015768732164085,-4.0,-1.0,3.0,-1.9230769230769231,0.8284868934053083,7.1e-06,1.34e-05,6.300000000000001e-06,1.025e-05,3.1500000000000003e-06,3.1,180.0,176.9,38.88333333333333,63.9887338174116,200.0,200.0,0.0,200.0,0.0,0.363,700.0,699.637,175.27225,302.95170771376667,1.3,76.0,74.7,19.975,32.34604883134878,0.4,4.0,3.6,1.14,1.4305243793798137,638.0,638.0,0.0,638.0,0.0,6.93e-08,1e-05,9.9307e-06,1.7308833333333331e-06,3.6980763424680977e-06,6.0,28.0,22.0,11.916666666666668,6.525058535284483,10.0,101.0,91.0,81.58333333333334,33.355305258517554,12.0107,58.6934,46.6827,24.322521833333333,13.840595359265087,54.8,3800.0,3745.2,575.1633333333333,1072.5528398664355,1.0,16.0,15.0,12.75,5.509461558688532,2.0,4.0,2.0,2.583333333333333,0.8620067027323833,0.6,2.2,1.6,0.9708333333333334,0.5917693572856086,0.82,3.44,2.62,2.6975,0.9919939935974076,90.2,4300.0,4209.8,894.2833333333333,1339.5641118372134,856.0,8908.0,8052.0,2942.0,3033.2732814568485,5.29,45.94,40.65,20.191666666666663,12.244747740244478,0.02658,140.0,139.97342,35.95183833333333,51.9379794297336,1.0,5.0,4.0,2.416666666666667,1.1873172373979173,-4.0,-1.0,3.0,-2.0,0.816496580927726,7.1e-06,1.34e-05,6.300000000000001e-06,1.025e-05,3.1500000000000003e-06,3.1,180.0,176.9,46.040000000000006,67.86871444192825,200.0,200.0,0.0,200.0,0.0,0.363,700.0,699.637,233.5753333333333,329.812044712675,1.3,76.0,74.7,26.2,35.21391770309006,0.4,4.0,3.6,1.325,1.5449514555480377,638.0,638.0,0.0,638.0,0.0,6.93e-08,1e-05,9.9307e-06,2.0626600000000003e-06,3.968685906241511e-06,39.0983,2.2,0.82,4.34066373,1.52,0.166666666666666,0.23076923076923,0.064102564102564,0.0,0.0,0.0,0.0,0.0,0.0,0.0,0.0,3.925782073
K,K2-3SnPCO7,K2SnPCO7,K3SnPCO7,mp-aaabrzfb,6.0,50.0,44.0,14.153846153846152,11.393967053098784,10.0,101.0,91.0,77.3076923076923,37.2380793840528,12.0107,118.71,106.6993,30.075781692307693,27.476433763764632,54.8,3800.0,3745.2,462.73615384615385,975.5843209272346,1.0,16.0,15.0,12.153846153846152,6.149998797325134,2.0,5.0,3.0,2.769230769230769,1.0490908997681427,0.6,2.2,1.6,1.0730769230769233,0.6600161375111582,0.82,3.44,2.62,2.5569230769230766,1.0741893875088724,90.2,4300.0,4209.8,880.9538461538463,1247.1849363916044,856.0,7310.0,6454.0,2328.0,2294.174579233237,5.29,45.94,40.65,22.91846153846154,12.996272155538618,0.02658,140.0,139.97342,39.03246615384616,51.35332081151123,1.0,5.0,4.0,2.3076923076923075,1.2015768732164085,-4.0,-1.0,3.0,-2.153846153846154,0.9483713850721502,7.1e-06,2.2e-05,1.49e-05,1.455e-05,7.45e-06,3.1,58.0,54.9,18.55,20.567834920898537,50.0,50.0,0.0,50.0,0.0,0.363,51.0,50.637,13.02225,21.92646418571631,1.3,18.0,16.7,5.475,7.231312121600063,0.4,1.5,1.1,0.64,0.4317406628984581,628.0,970.0,0.0,706.0,0.0,7.2e-08,1e-05,9.928e-06,1.7376666666666667e-06,3.69505839677204e-06,6.0,50.0,44.0,13.75,11.769487386175037,10.0,101.0,91.0,82.91666666666667,33.06422622042675,12.0107,118.71,106.6993,29.323905166666663,28.4696003141051,54.8,3800.0,3745.2,473.2533333333333,1014.7120547256526,1.0,16.0,15.0,13.083333333333334,5.453719423985392,2.0,5.0,3.0,2.666666666666667,1.0274023338281628,0.6,2.2,1.6,0.9791666666666669,0.5977242721820452,0.82,3.44,2.62,2.7016666666666667,0.9887773033173626,90.2,4300.0,4209.8,868.3666666666667,1297.3176579217425,856.0,7310.0,6454.0,2622.4,2407.4584607008283,5.29,45.94,40.65,21.0,11.624625441994535,0.02658,140.0,139.97342,33.95183833333333,50.21315624989892,1.0,5.0,4.0,2.416666666666667,1.1873172373979173,-4.0,-1.0,3.0,-2.25,0.924211375534118,7.1e-06,2.2e-05,1.49e-05,1.455e-05,7.45e-06,3.1,58.0,54.9,21.640000000000004,21.221555079682545,50.0,50.0,0.0,50.0,0.0,0.363,51.0,50.637,17.242,23.87051071929547,1.3,18.0,16.7,6.866666666666667,7.872455497210229,0.4,1.5,1.1,0.7,0.4636809247747852,628.0,970.0,0.0,716.75,0.0,7.2e-08,1e-05,9.928e-06,2.0708e-06,3.964628729149806e-06,39.0983,2.2,0.82,4.34066373,1.52,0.166666666666666,0.23076923076923,0.064102564102564,0.0,0.0,0.0,0.0,0.0,0.0,0.0,0.0,2.6050180129999982
K,K1-2PrPCO7,KPrPCO7,K2PrPCO7,mp-aaabqyxr,6.0,59.0,53.0,14.5,14.109689342197912,10.0,101.0,91.0,78.58333333333334,36.04270229725969,12.0107,140.90765,128.89695,31.17370933333333,34.334402767189765,54.8,3800.0,3745.2,531.8299999999999,1034.9457177794395,1.0,16.0,15.0,12.166666666666668,6.107827400602898,2.0,6.0,4.0,2.75,1.2332207155790618,0.6,2.2,1.6,1.0125000000000002,0.6331551284374681,0.82,3.44,2.62,2.6325000000000003,1.064378731154157,90.2,4300.0,4209.8,925.7,1396.168071305648,856.0,6640.0,5784.0,2488.4,2147.417854074982,5.29,45.94,40.65,21.375833333333333,11.538861482206793,0.02658,140.0,139.97342,29.45183833333333,49.46390204560053,1.0,5.0,4.0,2.416666666666667,1.1873172373979173,-4.0,2.0,6.0,-1.75,1.361677886530683,6.7e-06,7.1e-06,3.999999999999996e-07,6.9e-06,1.9999999999999978e-07,3.1,33.0,29.9,15.840000000000003,12.77256434706829,37.0,37.0,0.0,37.0,0.0,0.363,481.0,480.637,160.5753333333333,226.57445465943908,1.3,15.0,13.7,5.866666666666667,6.458241934837134,0.4,0.5,0.0999999999999999,0.4333333333333333,0.0471404520791031,400.0,400.0,0.0,400.0,0.0,7.2e-08,1e-05,9.928e-06,2.1888e-06,3.912956447495935e-06,6.0,59.0,53.0,14.09090909090909,14.66879523747633,10.0,101.0,91.0,84.81818181818181,30.83332961060211,12.0107,140.90765,128.89695,30.453292,35.77417353196327,54.8,3800.0,3745.2,549.5845454545455,1079.2144496755172,1.0,16.0,15.0,13.181818181818182,5.3226476975652535,2.0,6.0,4.0,2.636363636363636,1.2264306875665492,0.6,2.2,1.6,0.9045454545454544,0.5454166653513397,0.82,3.44,2.62,2.797272727272727,0.9539877158451628,90.2,4300.0,4209.8,916.0363636363636,1457.8657023026549,856.0,6640.0,5784.0,2896.5,2220.703998735536,5.29,45.94,40.65,19.14272727272727,9.241660703682182,0.02658,140.0,139.97342,23.038369090909093,46.6423819049276,1.0,5.0,4.0,2.545454545454546,1.1570838237598051,-4.0,2.0,6.0,-1.818181818181818,1.4024771473219555,6.7e-06,7.1e-06,3.999999999999996e-07,6.9e-06,1.9999999999999978e-07,3.1,33.0,29.9,19.025,12.377474500074722,37.0,37.0,0.0,37.0,0.0,0.363,481.0,480.637,240.6815,240.3185,1.3,15.0,13.7,8.15,6.85,0.4,0.5,0.0999999999999999,0.45,0.0499999999999999,400.0,400.0,0.0,400.0,0.0,7.2e-08,1e-05,9.928e-06,2.718e-06,4.211742157350092e-06,39.0983,2.2,0.82,4.34066373,1.52,0.09090909090909,0.166666666666666,0.075757575757576,0.0,0.0,0.0,0.0,0.0,0.0,0.0,0.0,4.088361002999996
K,K1-2TiPCO7,KTiPCO7,K2TiPCO7,mp-aaabrzgu,6.0,22.0,16.0,11.416666666666668,5.407684860969208,10.0,101.0,91.0,80.25,34.220181667158535,12.0107,47.867,35.8563,23.420321833333333,11.768469763523928,54.8,3800.0,3745.2,592.9133333333333,1093.0512263714918,1.0,16.0,15.0,12.25,5.987834889729898,2.0,4.0,2.0,2.583333333333333,0.8620067027323833,0.6,2.2,1.6,0.975,0.594593698811774,0.82,3.44,2.62,2.666666666666667,1.0213090728189105,90.2,4300.0,4209.8,925.45,1395.6959987165303,856.0,4507.0,3651.0,2061.8,1340.6000745934634,5.29,45.94,40.65,20.52916666666667,11.916614073310514,0.02658,140.0,139.97342,30.20183833333333,49.27664099831444,1.0,5.0,4.0,2.416666666666667,1.1873172373979173,-4.0,-1.0,3.0,-2.0,0.816496580927726,7.1e-06,8.6e-06,1.5000000000000009e-06,7.850000000000001e-06,7.500000000000004e-07,3.1,110.0,106.9,32.04,40.48805255874874,116.0,116.0,0.0,116.0,0.0,0.363,716.0,715.637,238.90866666666665,337.35451704533153,1.3,44.0,42.7,15.533333333333331,20.12897303777705,0.4,6.0,5.6,1.825,2.4107830678018294,970.0,970.0,0.0,970.0,0.0,7.2e-08,1e-05,9.928e-06,2.1328e-06,3.935799507088745e-06,6.0,22.0,16.0,10.727272727272728,5.118432094639727,10.0,101.0,91.0,86.63636363636363,28.07222090923444,12.0107,47.867,35.8563,21.995051090909094,11.256586774474156,54.8,3800.0,3745.2,616.2209090909091,1138.796163183294,1.0,16.0,15.0,13.272727272727272,5.1538319211121335,2.0,4.0,2.0,2.4545454545454546,0.7820295697311479,0.6,2.2,1.6,0.8636363636363635,0.4866821387026973,0.82,3.44,2.62,2.8345454545454545,0.8942580839227326,90.2,4300.0,4209.8,915.7636363636364,1457.3706980054726,856.0,4507.0,3651.0,2363.25,1338.7121376532,5.29,45.94,40.65,18.21909090909091,9.532990043714182,0.02658,140.0,139.97342,23.856550909090917,46.53793702445769,1.0,5.0,4.0,2.545454545454546,1.1570838237598051,-4.0,-1.0,3.0,-2.090909090909091,0.7925270806437589,7.1e-06,8.6e-06,1.5000000000000009e-06,7.850000000000001e-06,7.500000000000004e-07,3.1,110.0,106.9,39.275,42.27738018136885,116.0,116.0,0.0,116.0,0.0,0.363,716.0,715.637,358.1815,357.8185,1.3,44.0,42.7,22.65,21.35,0.4,6.0,5.6,2.3,2.616613587572049,970.0,970.0,0.0,970.0,0.0,7.2e-08,1e-05,9.928e-06,2.6480000000000003e-06,4.246880266736985e-06,39.0983,2.2,0.82,4.34066373,1.52,0.09090909090909,0.166666666666666,0.075757575757576,0.0,0.0,0.0,0.0,0.0,0.0,0.0,0.0,1.37284692299999
K,K1-3VPCO7,KVPCO7,K3VPCO7,mp-aaabqzmd,6.0,23.0,17.0,12.076923076923077,5.717201284942168,10.0,101.0,91.0,75.07692307692307,37.696075164932445,12.0107,50.9415,38.9308,24.86282015384615,12.528387219953316,54.8,3800.0,3745.2,591.8069230769231,1078.242382058624,1.0,16.0,15.0,11.461538461538462,6.404510245076507,2.0,4.0,2.0,2.6923076923076925,0.910166120476864,0.6,2.2,1.6,1.0653846153846154,0.6561497880657269,0.82,3.44,2.62,2.531538461538461,1.0917512125292883,90.2,4300.0,4209.8,942.8769230769232,1359.5730292173157,856.0,6110.0,5254.0,2128.0,1862.910894272724,5.29,45.94,40.65,22.305384615384614,13.473713790696664,0.02658,140.0,139.97342,36.263235384615385,50.73746265311758,1.0,5.0,4.0,2.3846153846153846,1.3323467750529827,-4.0,-1.0,3.0,-1.9230769230769231,0.8284868934053083,7.1e-06,8.4e-06,1.2999999999999994e-06,7.749999999999999e-06,6.499999999999997e-07,3.1,160.0,156.9,35.55,56.65100028537301,128.0,128.0,0.0,128.0,0.0,0.363,628.0,627.637,157.27225,271.7747931775269,1.3,47.0,45.7,12.725,19.788680476474426,0.4,7.0,6.6,1.7400000000000002,2.6302851556437754,628.0,628.0,0.0,628.0,0.0,7.2e-08,1e-05,9.928e-06,1.7521666666666667e-06,3.6888081370846905e-06,6.0,23.0,17.0,10.818181818181817,5.3226476975652535,10.0,101.0,91.0,86.9090909090909,27.73725602688244,12.0107,50.9415,38.9308,22.27455109090909,11.91446044734919,54.8,3800.0,3745.2,638.2209090909091,1166.1847972259764,1.0,16.0,15.0,13.363636363636363,4.995866059648758,2.0,4.0,2.0,2.4545454545454546,0.7820295697311479,0.6,2.2,1.6,0.8590909090909091,0.4818610615567813,0.82,3.44,2.62,2.8427272727272728,0.8827136971149707,90.2,4300.0,4209.8,926.6727272727272,1477.434216404119,856.0,6110.0,5254.0,2764.0,1998.0409154969773,5.29,45.94,40.65,18.008181818181818,9.722125486072589,0.02658,140.0,139.97342,24.674732727272733,46.57720263145619,1.0,5.0,4.0,2.6363636363636367,1.2984415324623364,-4.0,-1.0,3.0,-2.090909090909091,0.7925270806437589,7.1e-06,8.4e-06,1.2999999999999994e-06,7.749999999999999e-06,6.499999999999997e-07,3.1,160.0,156.9,51.775,63.43699137727135,128.0,128.0,0.0,128.0,0.0,0.363,628.0,627.637,314.1815,313.81850000000003,1.3,47.0,45.7,24.15,22.85,0.4,7.0,6.6,2.6333333333333333,3.0879694874715904,628.0,628.0,0.0,628.0,0.0,7.2e-08,1e-05,9.928e-06,2.59225e-06,4.277117976804007e-06,39.0983,2.2,0.82,4.34066373,1.52,0.09090909090909,0.23076923076923,0.13986013986014,0.0,0.0,0.0,0.0,0.0,0.0,0.0,0.0,2.367207291749999
K,K2-3TlPCO7,K2TlPCO7,K3TlPCO7,mp-aaacpavi,6.0,81.0,75.0,16.53846153846154,19.209834759291656,10.0,101.0,91.0,76.92307692307692,37.20310478867537,12.0107,204.3833,192.3726,36.666035538461536,49.440628613132645,54.8,3800.0,3745.2,468.2684615384616,976.012583295666,1.0,16.0,15.0,12.076923076923077,6.132655823998384,2.0,6.0,4.0,2.846153846153846,1.2307692307692308,0.6,2.2,1.6,1.1076923076923078,0.6899961409719717,0.82,3.44,2.62,2.5307692307692307,1.0923894877283506,90.2,4300.0,4209.8,794.1076923076923,1140.011772180471,856.0,11850.0,10994.0,3084.666666666667,3957.952234285917,5.29,45.94,40.65,22.99,12.962103343089156,0.02658,140.0,139.97342,37.417081538461545,50.77519591322911,1.0,5.0,4.0,2.230769230769231,1.1200169060431566,-4.0,1.0,5.0,-1.7692307692307692,1.1200169060431566,7.1e-06,2.99e-05,2.28e-05,1.85e-05,1.14e-05,3.1,43.0,39.9,16.05,16.03233711388746,8.0,8.0,0.0,8.0,0.0,0.363,26.4,26.037,6.872249999999999,11.274351719167711,1.3,2.8,1.4999999999999998,1.675,0.6495190528383289,0.4,1.2,0.7999999999999999,0.58,0.3124099870362661,628.0,970.0,0.0,706.0,0.0,7.2e-08,1e-05,9.928e-06,1.7493333333333331e-06,3.6900078891815695e-06,6.0,81.0,75.0,16.333333333333332,19.98054609419428,10.0,101.0,91.0,82.5,33.092043353853704,12.0107,204.3833,192.3726,36.46334683333333,51.454248242700295,54.8,3800.0,3745.2,479.2466666666666,1015.0946606789382,1.0,16.0,15.0,13.0,5.446711546122731,2.0,6.0,4.0,2.75,1.2332207155790618,0.6,2.2,1.6,1.0166666666666668,0.63879226322456,0.82,3.44,2.62,2.6733333333333333,1.014169063267505,90.2,4300.0,4209.8,774.2833333333333,1184.407028737259,856.0,11850.0,10994.0,3530.4,4195.9973593890645,5.29,45.94,40.65,21.0775,11.596031019994152,0.02658,140.0,139.97342,32.20183833333333,49.390079922424,1.0,5.0,4.0,2.333333333333333,1.1055415967851332,-4.0,1.0,5.0,-1.8333333333333333,1.1426091000668408,7.1e-06,2.99e-05,2.28e-05,1.85e-05,1.14e-05,3.1,43.0,39.9,18.64,16.376641902416992,8.0,8.0,0.0,8.0,0.0,0.363,26.4,26.037,9.041999999999998,12.273959507836093,1.3,2.8,1.4999999999999998,1.7999999999999998,0.7071067811865475,0.4,1.2,0.7999999999999999,0.625,0.3344772040064913,628.0,970.0,0.0,716.75,0.0,7.2e-08,1e-05,9.928e-06,2.0848000000000004e-06,3.9577976906355385e-06,39.0983,2.2,0.82,4.34066373,1.52,0.166666666666666,0.23076923076923,0.064102564102564,0.0,0.0,0.0,0.0,0.0,0.0,0.0,0.0,2.583352878000006
K,K0-1CrO2,CrO2,KCrO2,mp-aaachhjl,8.0,24.0,16.0,14.75,6.977642868476432,10.0,101.0,91.0,67.25,37.6189779233833,15.9994,51.9961,35.9967,30.773300000000003,15.461638878689412,54.8,2180.0,2125.2,656.5324999999999,887.0624029169257,1.0,16.0,15.0,9.75,6.49519052838329,2.0,4.0,2.0,3.0,1.0,0.6,2.2,1.6,1.2,0.66332495807108,0.82,3.44,2.62,2.34,1.1393857994551275,90.2,2944.0,2853.8,1039.1,1165.0661826694654,856.0,7140.0,6284.0,3998.0,3142.0,7.23,45.94,38.71,21.9725,14.442408689342646,0.02658,100.0,99.97342,48.51329,48.5330922837614,1.0,6.0,5.0,2.75,1.920286436967152,-2.0,-1.0,1.0,-1.75,0.4330127018922193,4.9e-06,4.9e-06,0.0,4.9e-06,0.0,3.1,160.0,156.9,81.55,78.45,279.0,279.0,0.0,279.0,0.0,0.363,1120.0,1119.637,560.1815,559.8185,1.3,115.0,113.7,58.15,56.85,0.4,8.5,8.1,4.45,4.05,1060.0,1060.0,0.0,1060.0,0.0,7.2e-08,1.25e-07,5.3e-08,9.85e-08,2.65e-08,8.0,24.0,16.0,13.333333333333332,7.542472332656507,57.0,101.0,44.0,86.33333333333333,20.741798914805397,15.9994,51.9961,35.9967,27.9983,16.96900711355853,54.8,2180.0,2125.2,763.1999999999999,1001.8288875851006,6.0,16.0,10.0,12.666666666666666,4.714045207910317,2.0,4.0,2.0,2.6666666666666665,0.9428090415820634,0.6,1.4,0.7999999999999999,0.8666666666666666,0.3771236166328253,1.66,3.44,1.78,2.8466666666666662,0.8391000470080363,90.2,2944.0,2853.8,1041.4666666666667,1345.2942214334462,7140.0,7140.0,0.0,7140.0,0.0,7.23,17.36,10.13,13.983333333333333,4.77532779561315,0.02658,94.0,93.97342,31.351053333333333,44.29949502219435,2.0,6.0,4.0,3.333333333333333,1.8856180831641267,-2.0,-2.0,0.0,-2.0,0.0,4.9e-06,4.9e-06,0.0,4.9e-06,0.0,160.0,160.0,0.0,160.0,0.0,279.0,279.0,0.0,279.0,0.0,1120.0,1120.0,0.0,1120.0,0.0,115.0,115.0,0.0,115.0,0.0,8.5,8.5,0.0,8.5,0.0,1060.0,1060.0,0.0,1060.0,0.0,1.25e-07,1.25e-07,0.0,1.25e-07,0.0,39.0983,2.2,0.82,4.34066373,1.52,0.0,0.25,0.25,0.0,0.0,0.0,0.0,0.0,0.0,0.0,0.0,2.879478482999999
K,K0-1Cr3O8,Cr3O8,KCr3O8,mp-aaabfbke,8.0,24.0,16.0,12.916666666666666,7.064681324888067,10.0,101.0,91.0,82.41666666666666,28.787897727266497,15.9994,51.9961,35.9967,26.92348333333333,15.78189694395836,54.8,2180.0,2125.2,609.5775,909.9203270444892,1.0,16.0,15.0,12.25,5.448623679425842,2.0,4.0,2.0,2.6666666666666665,0.9428090415820634,0.6,2.2,1.6,0.9333333333333332,0.5120763831912405,0.82,3.44,2.62,2.7766666666666664,0.9613127598353316,90.2,2944.0,2853.8,882.1333333333333,1217.7030873283063,856.0,7140.0,6284.0,5569.0,2721.051818690706,7.23,45.94,38.71,17.209166666666665,9.679850600029368,0.02658,100.0,99.97342,31.851053333333333,45.03159119871392,1.0,6.0,5.0,2.9166666666666665,1.8008485654145256,-2.0,-1.0,1.0,-1.9166666666666663,0.2763853991962833,4.9e-06,4.9e-06,0.0,4.9e-06,0.0,3.1,160.0,156.9,120.775,67.93969292688922,279.0,279.0,0.0,279.0,0.0,0.363,1120.0,1119.637,840.09075,484.81704250849873,1.3,115.0,113.7,86.575,49.23354420514534,0.4,8.5,8.1,6.475,3.5074028853269765,1060.0,1060.0,0.0,1060.0,0.0,7.2e-08,1.25e-07,5.3e-08,1.1175e-07,2.2949673200287626e-08,8.0,24.0,16.0,12.363636363636363,7.125788342641973,57.0,101.0,44.0,89.0,19.595917942265423,15.9994,51.9961,35.9967,25.816681818181817,16.031554077098768,54.8,2180.0,2125.2,634.4,946.48283661142,6.0,16.0,10.0,13.272727272727272,4.453617714151233,2.0,4.0,2.0,2.5454545454545454,0.8907235428302466,0.6,1.4,0.7999999999999999,0.8181818181818181,0.3562894171320986,1.66,3.44,1.78,2.9545454545454546,0.7927439531189194,90.2,2944.0,2853.8,868.5090909090909,1270.9734232644787,7140.0,7140.0,0.0,7140.0,0.0,7.23,17.36,10.13,14.597272727272728,4.511514744435199,0.02658,94.0,93.97342,25.65569454545454,41.852168797137374,2.0,6.0,4.0,3.090909090909091,1.7814470856604931,-2.0,-2.0,0.0,-2.0,0.0,4.9e-06,4.9e-06,0.0,4.9e-06,0.0,160.0,160.0,0.0,160.0,0.0,279.0,279.0,0.0,279.0,0.0,1120.0,1120.0,0.0,1120.0,0.0,115.0,115.0,0.0,115.0,0.0,8.5,8.5,0.0,8.5,0.0,1060.0,1060.0,0.0,1060.0,0.0,1.25e-07,1.25e-07,0.0,1.25e-07,0.0,39.0983,2.2,0.82,4.34066373,1.52,0.0,0.083333333333333,0.083333333333333,0.0,0.0,0.0,0.0,0.0,0.0,0.0,0.0,5.188686018000006
K,K0-1CrO3,CrO3,KCrO3,mp-aaaddjem,8.0,24.0,16.0,13.400000000000002,6.8,10.0,101.0,91.0,74.0,36.254654873546926,15.9994,51.9961,35.9967,27.81852,15.039039891083473,54.8,2180.0,2125.2,536.1859999999999,829.1181372904588,1.0,16.0,15.0,11.0,6.324555320336759,2.0,4.0,2.0,2.8,0.9797958971132712,0.6,2.2,1.6,1.08,0.64,0.82,3.44,2.62,2.56,1.110027026697999,90.2,2944.0,2853.8,849.32,1109.039747529366,856.0,7140.0,6284.0,3998.0,3142.0,7.23,45.94,38.71,21.05,13.048776187826965,0.02658,100.0,99.97342,38.815948,47.54495351516432,1.0,6.0,5.0,2.6,1.743559577416269,-2.0,-1.0,1.0,-1.8,0.4,4.9e-06,4.9e-06,0.0,4.9e-06,0.0,3.1,160.0,156.9,81.55,78.45,279.0,279.0,0.0,279.0,0.0,0.363,1120.0,1119.637,560.1815,559.8185,1.3,115.0,113.7,58.15,56.85,0.4,8.5,8.1,4.45,4.05,1060.0,1060.0,0.0,1060.0,0.0,7.2e-08,1.25e-07,5.3e-08,9.85e-08,2.65e-08,8.0,24.0,16.0,12.0,6.928203230275509,57.0,101.0,44.0,90.0,19.05255888325765,15.9994,51.9961,35.9967,24.998575,15.58702832620365,54.8,2180.0,2125.2,586.1,920.2385940613448,6.0,16.0,10.0,13.5,4.330127018922194,2.0,4.0,2.0,2.5,0.8660254037844386,0.6,1.4,0.7999999999999999,0.7999999999999999,0.3464101615137754,1.66,3.44,1.78,2.995,0.7707626093681504,90.2,2944.0,2853.8,803.65,1235.7316486600157,7140.0,7140.0,0.0,7140.0,0.0,7.23,17.36,10.13,14.8275,4.386418670168181,0.02658,94.0,93.97342,23.519935,40.69168450025232,2.0,6.0,4.0,3.0,1.7320508075688772,-2.0,-2.0,0.0,-2.0,0.0,4.9e-06,4.9e-06,0.0,4.9e-06,0.0,160.0,160.0,0.0,160.0,0.0,279.0,279.0,0.0,279.0,0.0,1120.0,1120.0,0.0,1120.0,0.0,115.0,115.0,0.0,115.0,0.0,8.5,8.5,0.0,8.5,0.0,1060.0,1060.0,0.0,1060.0,0.0,1.25e-07,1.25e-07,0.0,1.25e-07,0.0,39.0983,2.2,0.82,4.34066373,1.52,0.0,0.2,0.2,0.0,0.0,0.0,0.0,0.0,0.0,0.0,0.0,3.758477153000001
K,K0-1CrO2,CrO2,KCrO2,mp-aaaborph,8.0,24.0,16.0,14.75,6.977642868476432,10.0,101.0,91.0,67.25,37.6189779233833,15.9994,51.9961,35.9967,30.773300000000003,15.461638878689412,54.8,2180.0,2125.2,656.5324999999999,887.0624029169257,1.0,16.0,15.0,9.75,6.49519052838329,2.0,4.0,2.0,3.0,1.0,0.6,2.2,1.6,1.2,0.66332495807108,0.82,3.44,2.62,2.34,1.1393857994551275,90.2,2944.0,2853.8,1039.1,1165.0661826694654,856.0,7140.0,6284.0,3998.0,3142.0,7.23,45.94,38.71,21.9725,14.442408689342646,0.02658,100.0,99.97342,48.51329,48.5330922837614,1.0,6.0,5.0,2.75,1.920286436967152,-2.0,-1.0,1.0,-1.75,0.4330127018922193,4.9e-06,4.9e-06,0.0,4.9e-06,0.0,3.1,160.0,156.9,81.55,78.45,279.0,279.0,0.0,279.0,0.0,0.363,1120.0,1119.637,560.1815,559.8185,1.3,115.0,113.7,58.15,56.85,0.4,8.5,8.1,4.45,4.05,1060.0,1060.0,0.0,1060.0,0.0,7.2e-08,1.25e-07,5.3e-08,9.85e-08,2.65e-08,8.0,24.0,16.0,13.333333333333332,7.542472332656507,57.0,101.0,44.0,86.33333333333333,20.741798914805397,15.9994,51.9961,35.9967,27.9983,16.96900711355853,54.8,2180.0,2125.2,763.1999999999999,1001.8288875851006,6.0,16.0,10.0,12.666666666666666,4.714045207910317,2.0,4.0,2.0,2.6666666666666665,0.9428090415820634,0.6,1.4,0.7999999999999999,0.8666666666666666,0.3771236166328253,1.66,3.44,1.78,2.8466666666666662,0.8391000470080363,90.2,2944.0,2853.8,1041.4666666666667,1345.2942214334462,7140.0,7140.0,0.0,7140.0,0.0,7.23,17.36,10.13,13.983333333333333,4.77532779561315,0.02658,94.0,93.97342,31.351053333333333,44.29949502219435,2.0,6.0,4.0,3.333333333333333,1.8856180831641267,-2.0,-2.0,0.0,-2.0,0.0,4.9e-06,4.9e-06,0.0,4.9e-06,0.0,160.0,160.0,0.0,160.0,0.0,279.0,279.0,0.0,279.0,0.0,1120.0,1120.0,0.0,1120.0,0.0,115.0,115.0,0.0,115.0,0.0,8.5,8.5,0.0,8.5,0.0,1060.0,1060.0,0.0,1060.0,0.0,1.25e-07,1.25e-07,0.0,1.25e-07,0.0,39.0983,2.2,0.82,4.34066373,1.52,0.0,0.25,0.25,0.0,0.0,0.0,0.0,0.0,0.0,0.0,0.0,2.905168603
K,K0-0.25CrO2,CrO2,KCr4O8,mp-aaadbizw,8.0,24.0,16.0,13.76923076923077,7.402222599211944,10.0,101.0,91.0,80.46153846153847,28.475672166350066,15.9994,51.9961,35.9967,28.85214615384616,16.569431392528713,54.8,2180.0,2125.2,730.3792307692308,969.2176500540688,1.0,16.0,15.0,11.76923076923077,5.493406483494501,2.0,4.0,2.0,2.769230769230769,0.9730085108210398,0.6,2.2,1.6,0.9692307692307692,0.5074591539221737,0.82,3.44,2.62,2.690769230769231,0.9703485617864062,90.2,2944.0,2853.8,1040.7384615384617,1292.5193416427894,856.0,7140.0,6284.0,5883.2,2513.6000000000004,7.23,45.94,38.71,16.441538461538464,9.672791217680055,0.02658,100.0,99.97342,36.63174153846153,46.32619072000597,1.0,6.0,5.0,3.153846153846154,1.9153691689213437,-2.0,-1.0,1.0,-1.9230769230769231,0.2664693550105965,4.9e-06,4.9e-06,0.0,4.9e-06,0.0,3.1,160.0,156.9,128.62,62.760000000000005,279.0,279.0,0.0,279.0,0.0,0.363,1120.0,1119.637,896.0726,447.8548,1.3,115.0,113.7,92.26,45.48,0.4,8.5,8.1,6.880000000000001,3.24,1060.0,1060.0,0.0,1060.0,0.0,7.2e-08,1.25e-07,5.3e-08,1.144e-07,2.12e-08,8.0,24.0,16.0,13.333333333333332,7.542472332656507,57.0,101.0,44.0,86.33333333333333,20.741798914805397,15.9994,51.9961,35.9967,27.9983,16.96900711355853,54.8,2180.0,2125.2,763.1999999999999,1001.8288875851006,6.0,16.0,10.0,12.666666666666666,4.714045207910317,2.0,4.0,2.0,2.6666666666666665,0.9428090415820634,0.6,1.4,0.7999999999999999,0.8666666666666666,0.3771236166328253,1.66,3.44,1.78,2.8466666666666662,0.8391000470080363,90.2,2944.0,2853.8,1041.4666666666667,1345.2942214334462,7140.0,7140.0,0.0,7140.0,0.0,7.23,17.36,10.13,13.983333333333333,4.77532779561315,0.02658,94.0,93.97342,31.351053333333333,44.29949502219435,2.0,6.0,4.0,3.333333333333333,1.8856180831641267,-2.0,-2.0,0.0,-2.0,0.0,4.9e-06,4.9e-06,0.0,4.9e-06,0.0,160.0,160.0,0.0,160.0,0.0,279.0,279.0,0.0,279.0,0.0,1120.0,1120.0,0.0,1120.0,0.0,115.0,115.0,0.0,115.0,0.0,8.5,8.5,0.0,8.5,0.0,1060.0,1060.0,0.0,1060.0,0.0,1.25e-07,1.25e-07,0.0,1.25e-07,0.0,39.0983,2.2,0.82,4.34066373,1.52,0.0,0.076923076923076,0.076923076923076,0.0,0.0,0.0,0.0,0.0,0.0,0.0,0.0,4.168426773
K,K0-3Cr2(PS4)3,Cr2(PS4)3,K3Cr2(PS4)3,mp-aaabshog,15.0,24.0,9.0,17.1,2.5865034312755126,10.0,94.0,84.0,77.1,30.2008278032242,30.973762,51.9961,21.022338,34.949419299999995,6.24529554242104,317.3,2180.0,1862.7,549.0904999999999,544.3560197194021,1.0,16.0,15.0,12.6,5.686826883245173,3.0,4.0,1.0,3.25,0.4330127018922193,1.0,2.2,1.2000000000000002,1.22,0.428485705712571,0.82,2.58,1.7600000000000002,2.1655,0.6326806066254916,550.0,2944.0,2394.0,962.422,674.3800827841819,856.0,7140.0,6284.0,2291.85,1660.9495258736792,7.23,45.94,38.71,19.485,11.414692505713852,0.205,100.0,99.795,24.5584,42.19619128357439,1.0,6.0,5.0,5.1,1.7578395831246945,-3.0,-1.0,2.0,-2.0,0.5477225575051661,4.9e-06,4.9e-06,0.0,4.9e-06,0.0,3.1,160.0,156.9,22.735,45.80704394522746,279.0,279.0,0.0,279.0,0.0,0.363,1120.0,1119.637,448.2178,548.5078694281059,1.3,115.0,113.7,46.78,55.701396750889465,0.4,8.5,8.1,2.4823529411764707,2.2780888001381507,1060.0,1060.0,0.0,1060.0,0.0,7.2e-08,2000000000000000.0,2000000000000000.0,1200000000000000.0,979795897113271.2,15.0,24.0,9.0,16.764705882352942,2.6685402875797077,57.0,94.0,37.0,88.94117647058825,11.759704819401138,30.973762,51.9961,21.022338,34.21726388235294,6.504848049996139,317.3,2180.0,1862.7,586.6011764705883,582.4392804089726,6.0,16.0,10.0,14.647058823529411,3.179736882762254,3.0,4.0,1.0,3.117647058823529,0.3221897397089212,1.0,1.4,0.3999999999999999,1.0470588235294118,0.1288758958835684,1.66,2.58,0.9200000000000002,2.4029411764705886,0.3083306992000702,550.0,2944.0,2394.0,950.1435294117648,730.780553388685,1823.0,7140.0,5317.0,2545.2352941176478,1678.5603260431512,7.23,17.02,9.79,14.816470588235294,2.826192494123645,0.205,94.0,93.795,11.245176470588236,30.217791304491453,5.0,6.0,1.0,5.8235294117647065,0.3812200410828153,-3.0,-2.0,1.0,-2.1764705882352944,0.3812200410828153,4.9e-06,4.9e-06,0.0,4.9e-06,0.0,7.7,160.0,152.3,26.200000000000003,48.87258343657215,279.0,279.0,0.0,279.0,0.0,1120.0,1120.0,0.0,1120.0,0.0,115.0,115.0,0.0,115.0,0.0,2.0,8.5,6.5,2.9285714285714284,2.274526189727237,1060.0,1060.0,0.0,1060.0,0.0,1e-07,2000000000000000.0,2000000000000000.0,1411764705882353.0,911290199107627.6,39.0983,2.2,0.82,4.34066373,1.52,0.0,0.15,0.15,0.0,0.0,0.0,0.0,0.0,0.0,0.0,0.0,3.144184157999999
K,K0-1CrP2S7,CrP2S7,KCrP2S7,mp-aaabrtcq,15.0,24.0,9.0,16.81818181818182,2.4796693994519736,10.0,94.0,84.0,82.27272727272728,25.12547026820288,30.973762,51.9961,21.022338,34.317902181818184,5.979255093434873,317.3,2180.0,1862.7,533.6045454545455,521.4231859991659,1.0,16.0,15.0,13.545454545454543,4.8685192141803215,3.0,4.0,1.0,3.1818181818181817,0.385694607919935,1.0,2.2,1.2000000000000002,1.1454545454545455,0.3525585350848239,0.82,2.58,1.7600000000000002,2.2654545454545456,0.5359674962390849,550.0,2944.0,2394.0,918.2809090909092,651.4936161196272,856.0,7140.0,6284.0,2305.636363636364,1560.146978666216,7.23,45.94,38.71,17.810909090909092,9.24844110160828,0.205,100.0,99.795,17.809727272727272,37.35256511354988,1.0,6.0,5.0,5.363636363636363,1.431637795274875,-3.0,-1.0,2.0,-2.090909090909091,0.51425947722658,4.9e-06,4.9e-06,0.0,4.9e-06,0.0,3.1,160.0,156.9,21.727272727272727,43.769875296499016,279.0,279.0,0.0,279.0,0.0,0.363,1120.0,1119.637,560.1815,559.8185,1.3,115.0,113.7,58.15,56.85,0.4,8.5,8.1,2.5444444444444443,2.16390136924086,1060.0,1060.0,0.0,1060.0,0.0,7.2e-08,2000000000000000.0,2000000000000000.0,1272727272727272.8,962091385841669.2,15.0,24.0,9.0,16.6,2.4979991993593598,57.0,94.0,37.0,89.5,10.947602477255009,30.973762,51.9961,21.022338,33.839862399999994,6.067363369421271,317.3,2180.0,1862.7,553.312,542.9531576259595,6.0,16.0,10.0,14.8,2.9597297173897488,3.0,4.0,1.0,3.1,0.3,1.0,1.4,0.3999999999999999,1.04,0.1199999999999999,1.66,2.58,0.9200000000000002,2.41,0.2935302369433173,550.0,2944.0,2394.0,906.909,682.2505416260217,1823.0,7140.0,5317.0,2450.6,1564.06695508856,7.23,17.02,9.79,14.997999999999998,2.6551828562266664,0.205,94.0,93.795,9.5907,28.136435989833537,5.0,6.0,1.0,5.799999999999999,0.4,-3.0,-2.0,1.0,-2.2,0.4,4.9e-06,4.9e-06,0.0,4.9e-06,0.0,7.7,160.0,152.3,23.59,45.4886238525634,279.0,279.0,0.0,279.0,0.0,1120.0,1120.0,0.0,1120.0,0.0,115.0,115.0,0.0,115.0,0.0,2.0,8.5,6.5,2.8125,2.14967294023998,1060.0,1060.0,0.0,1060.0,0.0,1e-07,2000000000000000.0,2000000000000000.0,1400000000000000.0,916515138991168.0,39.0983,2.2,0.82,4.34066373,1.52,0.0,0.09090909090909,0.09090909090909,0.0,0.0,0.0,0.0,0.0,0.0,0.0,0.0,3.272230903
K,K0-0.5CrS2,CrS2,K(CrS2)2,mp-aaadecog,16.0,24.0,8.0,18.714285714285715,3.4934340744678525,10.0,94.0,84.0,71.42857142857142,29.827394612801083,32.065,51.9961,19.9311,38.764357142857136,8.699713463402466,336.53,2180.0,1843.47,892.852857142857,814.2518764172297,1.0,16.0,15.0,11.0,5.976143046671968,3.0,4.0,1.0,3.4285714285714284,0.4948716593053935,1.0,2.2,1.2000000000000002,1.2857142857142856,0.4120630029101702,0.82,2.58,1.7600000000000002,2.065714285714286,0.6479606941971788,717.87,2944.0,2226.13,1398.7828571428572,983.0340044651018,856.0,7140.0,6284.0,3282.285714285714,2468.2133338154727,7.23,45.94,38.71,17.502857142857142,12.16143167592382,0.205,100.0,99.795,41.26,47.44237843351208,1.0,6.0,5.0,5.285714285714286,1.749635530559413,-2.0,-1.0,1.0,-1.857142857142857,0.3499271061118826,4.9e-06,4.9e-06,0.0,4.9e-06,0.0,3.1,160.0,156.9,50.55714285714285,69.23520692213623,279.0,279.0,0.0,279.0,0.0,0.363,1120.0,1119.637,746.7876666666666,527.8019434449083,1.3,115.0,113.7,77.1,53.5986940139403,0.4,8.5,8.1,3.628571428571428,3.128082153522134,1060.0,1060.0,0.0,1060.0,0.0,7.2e-08,2000000000000000.0,2000000000000000.0,1142857142857142.8,989743318610787.0,16.0,24.0,8.0,18.666666666666664,3.771236166328253,57.0,94.0,37.0,81.66666666666666,17.441967269268172,32.065,51.9961,19.9311,38.70869999999999,9.39561064433813,388.36,2180.0,1791.64,985.5733333333332,844.587195630044,6.0,16.0,10.0,12.666666666666666,4.714045207910317,3.0,4.0,1.0,3.333333333333333,0.4714045207910317,1.0,1.4,0.3999999999999999,1.1333333333333333,0.1885618083164126,1.66,2.58,0.9200000000000002,2.273333333333333,0.4336921591277492,717.87,2944.0,2226.13,1459.9133333333332,1049.4077458685392,1960.0,7140.0,5180.0,3686.6666666666665,2441.875417697544,7.23,15.53,8.299999999999999,12.763333333333332,3.912657522565562,0.205,94.0,93.795,31.47,44.215387027594815,6.0,6.0,0.0,6.0,0.0,-2.0,-2.0,0.0,-2.0,0.0,4.9e-06,4.9e-06,0.0,4.9e-06,0.0,7.7,160.0,152.3,58.46666666666666,71.79490851647412,279.0,279.0,0.0,279.0,0.0,1120.0,1120.0,0.0,1120.0,0.0,115.0,115.0,0.0,115.0,0.0,2.0,8.5,6.5,4.166666666666666,3.064129385141706,1060.0,1060.0,0.0,1060.0,0.0,1.25e-07,2000000000000000.0,2000000000000000.0,1333333333333333.2,942809041582063.4,39.0983,2.2,0.82,4.34066373,1.52,0.0,0.142857142857142,0.142857142857142,0.0,0.0,0.0,0.0,0.0,0.0,0.0,0.0,1.133084433
K,K0-0.5CrS2,CrS2,K(CrS2)2,mp-aaabqzgp,16.0,24.0,8.0,18.714285714285715,3.4934340744678525,10.0,94.0,84.0,71.42857142857142,29.827394612801083,32.065,51.9961,19.9311,38.764357142857136,8.699713463402466,336.53,2180.0,1843.47,892.852857142857,814.2518764172297,1.0,16.0,15.0,11.0,5.976143046671968,3.0,4.0,1.0,3.4285714285714284,0.4948716593053935,1.0,2.2,1.2000000000000002,1.2857142857142856,0.4120630029101702,0.82,2.58,1.7600000000000002,2.065714285714286,0.6479606941971788,717.87,2944.0,2226.13,1398.7828571428572,983.0340044651018,856.0,7140.0,6284.0,3282.285714285714,2468.2133338154727,7.23,45.94,38.71,17.502857142857142,12.16143167592382,0.205,100.0,99.795,41.26,47.44237843351208,1.0,6.0,5.0,5.285714285714286,1.749635530559413,-2.0,-1.0,1.0,-1.857142857142857,0.3499271061118826,4.9e-06,4.9e-06,0.0,4.9e-06,0.0,3.1,160.0,156.9,50.55714285714285,69.23520692213623,279.0,279.0,0.0,279.0,0.0,0.363,1120.0,1119.637,746.7876666666666,527.8019434449083,1.3,115.0,113.7,77.1,53.5986940139403,0.4,8.5,8.1,3.628571428571428,3.128082153522134,1060.0,1060.0,0.0,1060.0,0.0,7.2e-08,2000000000000000.0,2000000000000000.0,1142857142857142.8,989743318610787.0,16.0,24.0,8.0,18.666666666666664,3.771236166328253,57.0,94.0,37.0,81.66666666666666,17.441967269268172,32.065,51.9961,19.9311,38.70869999999999,9.39561064433813,388.36,2180.0,1791.64,985.5733333333332,844.587195630044,6.0,16.0,10.0,12.666666666666666,4.714045207910317,3.0,4.0,1.0,3.333333333333333,0.4714045207910317,1.0,1.4,0.3999999999999999,1.1333333333333333,0.1885618083164126,1.66,2.58,0.9200000000000002,2.273333333333333,0.4336921591277492,717.87,2944.0,2226.13,1459.9133333333332,1049.4077458685392,1960.0,7140.0,5180.0,3686.6666666666665,2441.875417697544,7.23,15.53,8.299999999999999,12.763333333333332,3.912657522565562,0.205,94.0,93.795,31.47,44.215387027594815,6.0,6.0,0.0,6.0,0.0,-2.0,-2.0,0.0,-2.0,0.0,4.9e-06,4.9e-06,0.0,4.9e-06,0.0,7.7,160.0,152.3,58.46666666666666,71.79490851647412,279.0,279.0,0.0,279.0,0.0,1120.0,1120.0,0.0,1120.0,0.0,115.0,115.0,0.0,115.0,0.0,2.0,8.5,6.5,4.166666666666666,3.064129385141706,1060.0,1060.0,0.0,1060.0,0.0,1.25e-07,2000000000000000.0,2000000000000000.0,1333333333333333.2,942809041582063.4,39.0983,2.2,0.82,4.34066373,1.52,0.0,0.142857142857142,0.142857142857142,0.0,0.0,0.0,0.0,0.0,0.0,0.0,0.0,2.513351982999999
K,K0-1Cs2CuF6,Cs2CuF6,Cs2KCuF6,mp-aaaabqlo,9.0,55.0,46.0,21.2,18.00999722376436,8.0,102.0,94.0,71.0,41.7444607103745,18.9984032,132.9054519,113.9070487,48.2445623,44.480048896206526,53.53,1357.77,1304.24,261.86600000000004,383.4266052114799,1.0,17.0,16.0,11.6,7.158212067269313,2.0,6.0,4.0,3.2,1.6,0.5,2.6,2.1,1.175,0.8874823941915694,0.79,3.98,3.19,2.818,1.4547082181661035,85.03,3200.0,3114.97,663.018,934.5987332625698,856.0,8920.0,8064.0,3383.5,3223.6675154240083,7.11,70.94,63.83,26.213,24.7132134899531,0.0277,400.0,399.9723,57.216620000000006,118.26013215005976,-1.0,4.0,5.0,0.1,1.57797338380595,-1.0,1.0,2.0,-0.3999999999999999,0.916515138991168,1.65e-05,1.65e-05,0.0,1.65e-05,0.0,1.6,140.0,138.4,36.575,59.71559155697949,1.7,130.0,128.3,44.46666666666666,60.48120001748936,0.14,874.0,873.86,218.66075,378.3603033507711,1.3,48.0,46.7,24.65,23.35,0.2,3.0,2.8,0.95,1.1863810517704672,369.0,369.0,0.0,369.0,0.0,1.678e-08,2.05e-07,1.8822e-07,1.24695e-07,8.264411095171875e-08,9.0,55.0,46.0,21.444444444444443,18.968459851442933,8.0,102.0,94.0,77.77777777777777,38.429669607906334,18.9984032,132.9054519,113.9070487,49.26081366666666,46.77582291272867,53.53,1357.77,1304.24,253.57,403.314805414662,1.0,17.0,16.0,12.777777777777777,6.562143582325955,2.0,6.0,4.0,3.1111111111111107,1.6629588385661962,0.5,2.6,2.1,1.0611111111111111,0.8633840968916627,0.79,3.98,3.19,3.04,1.3632559065218337,85.03,3200.0,3114.97,622.02,976.5854734055112,1879.0,8920.0,7041.0,4226.0,3319.1592308896543,7.11,70.94,63.83,24.021111111111107,25.11094336227156,0.0277,400.0,399.9723,52.46291111111111,123.74740905187508,-1.0,4.0,5.0,0.0,1.632993161855452,-1.0,1.0,2.0,-0.3333333333333333,0.9428090415820634,1.65e-05,1.65e-05,0.0,1.65e-05,0.0,1.6,140.0,138.4,47.73333333333333,65.24238567747878,1.7,130.0,128.3,44.46666666666666,60.48120001748936,0.14,874.0,873.86,291.4266666666666,411.9415545384509,48.0,48.0,0.0,48.0,0.0,0.2,3.0,2.8,1.1333333333333333,1.3199326582148887,369.0,369.0,0.0,369.0,0.0,1.678e-08,2.05e-07,1.8822e-07,1.4226e-07,8.8727758903288e-08,39.0983,2.2,0.82,4.34066373,1.52,0.0,0.1,0.1,0.0,0.0,0.0,0.0,0.0,0.0,0.0,0.0,5.228502603000003
K,K0-1Cs2MnF6,Cs2MnF6,Cs2KMnF6,mp-aaabftie,9.0,55.0,46.0,20.8,17.8762412156471,8.0,102.0,94.0,69.8,41.87075351602834,18.9984032,132.9054519,113.9070487,47.3837668,44.25833991930702,53.53,1519.0,1465.47,277.98900000000003,429.7604473762098,1.0,17.0,16.0,11.2,7.291090453423274,2.0,6.0,4.0,3.2,1.6,0.5,2.6,2.1,1.18,0.8885943956609225,0.79,3.98,3.19,2.783,1.480358402549869,85.03,2334.0,2248.97,576.418,708.212926891341,856.0,7470.0,6614.0,3021.0,2602.362100092914,7.35,70.94,63.59,26.237,24.69475978826277,0.0277,100.0,99.9723,17.99662,30.68234229894452,-1.0,7.0,8.0,0.4,2.374868417407584,-3.0,1.0,4.0,-0.8,1.077032961426901,2.17e-05,2.17e-05,0.0,2.17e-05,0.0,1.6,120.0,118.4,31.575,51.05587013263019,1.7,198.0,196.3,67.13333333333334,92.53670743127952,0.14,196.0,195.86,49.16075,84.77772939686164,1.3,1.3,0.0,1.3,0.0,0.2,6.0,5.8,1.7,2.483948469674844,628.0,970.0,0.0,706.0,0.0,7.2e-08,1.44e-06,1.368e-06,4.805e-07,5.566221788610295e-07,9.0,55.0,46.0,21.0,18.832595855767376,8.0,102.0,94.0,76.44444444444444,38.81325979356113,18.9984032,132.9054519,113.9070487,48.304374222222215,46.56146463642642,53.53,1519.0,1465.47,271.4844444444444,452.5400644537481,1.0,17.0,16.0,12.333333333333332,6.79869268479038,2.0,6.0,4.0,3.1111111111111107,1.6629588385661962,0.5,2.6,2.1,1.0666666666666669,0.8653836657164778,0.79,3.98,3.19,3.0011111111111117,1.399725722691925,85.03,2334.0,2248.97,525.7977777777778,729.1577239341565,1879.0,7470.0,5591.0,3742.6666666666665,2635.622675742658,7.35,70.94,63.59,24.04777777777777,25.09309146968888,0.0277,36.0,35.9723,8.885133333333334,14.690640461721046,-1.0,7.0,8.0,0.3333333333333332,2.4944382578492945,-3.0,1.0,4.0,-0.7777777777777777,1.133115447465063,2.17e-05,2.17e-05,0.0,2.17e-05,0.0,1.6,120.0,118.4,41.06666666666667,55.81429526165815,1.7,198.0,196.3,67.13333333333334,92.53670743127952,0.14,196.0,195.86,65.42666666666666,92.32928944213144,26.0,75.0,0.0,47.0,0.0,0.2,6.0,5.8,2.1333333333333333,2.734146220587984,628.0,970.0,0.0,716.75,0.0,2.05e-07,1.44e-06,1.235e-06,6.166666666666666e-07,5.821845831769241e-07,39.0983,2.2,0.82,4.34066373,1.52,0.0,0.1,0.1,0.0,0.0,0.0,0.0,0.0,0.0,0.0,0.0,3.672144372999994
K,K0-1Cs2PdF6,Cs2PdF6,Cs2KPdF6,mp-aaabcsqr,9.0,55.0,46.0,22.9,19.41365498817778,8.0,102.0,94.0,70.69999999999999,41.74697593838385,18.9984032,132.9054519,113.9070487,52.5319623,47.69819395573468,53.53,1828.05,1774.52,308.894,519.6123586521013,1.0,17.0,16.0,11.5,7.172865536171719,2.0,6.0,4.0,3.3,1.676305461424021,0.5,2.6,2.1,1.18,0.8885943956609225,0.79,3.98,3.19,2.848,1.4384700205426597,85.03,3236.0,3150.97,666.618,944.382180378262,856.0,12023.0,11167.0,4159.25,4559.306546778797,8.56,70.94,62.38,26.358,24.604720603981665,0.0277,100.0,99.9723,24.41662,34.37192354450941,-1.0,4.0,5.0,0.1,1.57797338380595,-1.0,2.0,3.0,-0.2999999999999999,1.1,1.18e-05,1.18e-05,0.0,1.18e-05,0.0,1.6,180.0,178.4,46.575,77.03539365123022,1.7,121.0,119.3,41.46666666666666,56.23855933037007,0.14,37.3,37.16,9.48575,16.05882278336429,1.3,44.0,42.7,22.65,21.35,0.2,4.75,4.55,1.3875,1.9430565483279167,461.0,461.0,0.0,461.0,0.0,7.2e-08,2.05e-07,1.33e-07,1.4685e-07,5.9336898301141426e-08,9.0,55.0,46.0,23.33333333333333,20.41785710815141,8.0,102.0,94.0,77.44444444444444,38.49130092519062,18.9984032,132.9054519,113.9070487,54.02459144444444,50.05625980138391,53.53,1828.05,1774.52,305.8233333333333,547.6334361190482,1.0,17.0,16.0,12.666666666666666,6.599663291074443,2.0,6.0,4.0,3.2222222222222223,1.7497795275581802,0.5,2.6,2.1,1.0666666666666669,0.8653836657164778,0.79,3.98,3.19,3.0733333333333333,1.3384153150481937,85.03,3236.0,3150.97,626.02,987.1529906081764,1879.0,12023.0,10144.0,5260.333333333333,4781.927458904225,8.56,70.94,62.38,24.18222222222222,25.006359092473424,0.0277,72.0,71.9723,16.018466666666665,24.64567380242536,-1.0,4.0,5.0,0.0,1.632993161855452,-1.0,2.0,3.0,-0.2222222222222222,1.133115447465063,1.18e-05,1.18e-05,0.0,1.18e-05,0.0,1.6,180.0,178.4,61.06666666666667,84.09856650912005,1.7,121.0,119.3,41.46666666666666,56.23855933037007,0.14,37.3,37.16,12.526666666666666,17.517391992594735,44.0,44.0,0.0,44.0,0.0,0.2,4.75,4.55,1.7166666666666666,2.144890569599194,461.0,461.0,0.0,461.0,0.0,1.054e-07,2.05e-07,9.96e-08,1.718e-07,4.695189027078675e-08,39.0983,2.2,0.82,4.34066373,1.52,0.0,0.1,0.1,0.0,0.0,0.0,0.0,0.0,0.0,0.0,0.0,3.376871142999996
K,K0-1Cs2NiF6,Cs2NiF6,Cs2KNiF6,mp-aaabngpp,9.0,55.0,46.0,21.1,17.96914021315433,8.0,102.0,94.0,70.5,41.759430072739256,18.9984032,132.9054519,113.9070487,47.7593023,44.33670819874565,53.53,1728.0,1674.47,298.889,490.4075773568349,1.0,17.0,16.0,11.5,7.172865536171719,2.0,6.0,4.0,3.2,1.6,0.5,2.6,2.1,1.175,0.8874823941915694,0.79,3.98,3.19,2.819,1.4540801215889032,85.03,3186.0,3100.97,661.618,930.8001303265916,856.0,8908.0,8052.0,3380.5,3218.515224447447,6.59,70.94,64.35,26.161,24.75386775839283,0.0277,100.0,99.9723,26.31662,37.34616408882712,-1.0,4.0,5.0,0.1,1.57797338380595,-1.0,1.0,2.0,-0.6,0.8,1.34e-05,1.34e-05,0.0,1.34e-05,0.0,1.6,180.0,178.4,46.575,77.03539365123022,1.7,200.0,198.3,67.8,93.47951647286158,0.14,700.0,699.86,175.16075,303.0160959448978,1.3,76.0,74.7,38.65,37.35,0.2,4.0,3.8,1.2,1.6186414056238645,638.0,638.0,0.0,638.0,0.0,6.93e-08,2.05e-07,1.357e-07,1.37825e-07,6.71817823148508e-08,9.0,55.0,46.0,21.33333333333333,18.92675942210452,8.0,102.0,94.0,77.22222222222223,38.54514749046536,18.9984032,132.9054519,113.9070487,48.72163588888888,46.63581028058428,53.53,1728.0,1674.47,294.70666666666665,516.7657590135872,1.0,17.0,16.0,12.666666666666666,6.599663291074443,2.0,6.0,4.0,3.1111111111111107,1.6629588385661962,0.5,2.6,2.1,1.0611111111111111,0.8633840968916627,0.79,3.98,3.19,3.0411111111111118,1.3623300664216962,85.03,3186.0,3100.97,620.4644444444446,972.480417627592,1879.0,8908.0,7029.0,4222.0,3313.502376640162,6.59,70.94,64.35,23.96333333333333,25.1503549787186,0.0277,91.0,90.9723,18.129577777777776,29.65518558763853,-1.0,4.0,5.0,0.0,1.632993161855452,-1.0,1.0,2.0,-0.5555555555555556,0.8314794192830981,1.34e-05,1.34e-05,0.0,1.34e-05,0.0,1.6,180.0,178.4,61.06666666666667,84.09856650912005,1.7,200.0,198.3,67.8,93.47951647286158,0.14,700.0,699.86,233.42666666666665,329.91716792081144,76.0,76.0,0.0,76.0,0.0,0.2,4.0,3.8,1.4666666666666666,1.7913371790059205,638.0,638.0,0.0,638.0,0.0,6.93e-08,2.05e-07,1.357e-07,1.5976666666666666e-07,6.3969593471343e-08,39.0983,2.2,0.82,4.34066373,1.52,0.0,0.1,0.1,0.0,0.0,0.0,0.0,0.0,0.0,0.0,0.0,4.485655472999994
K,K0-1Rb2CuF6,Rb2CuF6,KRb2CuF6,mp-aaacqqrm,9.0,37.0,28.0,17.6,11.525623627379128,9.0,102.0,93.0,71.19999999999999,41.44345545438991,18.9984032,85.4678,66.4693968,38.75703192,27.057016770127547,53.53,1357.77,1304.24,264.04,383.6764087613415,1.0,17.0,16.0,11.6,7.158212067269313,2.0,5.0,3.0,3.0,1.2649110640673518,0.5,2.35,1.85,1.125,0.8093979243857746,0.82,3.98,3.16,2.824,1.446369247460689,85.03,3200.0,3114.97,666.4180000000001,935.645076840572,856.0,8920.0,8064.0,3210.0,3308.2013239825656,7.11,55.76,48.65,23.177,19.391486817673368,0.0277,400.0,399.9723,61.616620000000005,117.79725209082596,-1.0,4.0,5.0,0.1,1.57797338380595,-1.0,1.0,2.0,-0.3999999999999999,0.916515138991168,1.65e-05,1.65e-05,0.0,1.65e-05,0.0,2.5,140.0,137.5,37.025,59.45314857095459,2.4,130.0,127.6,44.93333333333333,60.15121685293564,0.216,874.0,873.784,218.69875,378.33835784742666,1.3,48.0,46.7,24.65,23.35,0.3,3.0,2.7,1.0,1.1554220008291345,369.0,369.0,0.0,369.0,0.0,1.678e-08,1.28e-07,1.1122000000000001e-07,8.619500000000001e-08,4.613907319181867e-08,9.0,37.0,28.0,17.444444444444443,12.139111363331256,9.0,102.0,93.0,78.0,38.02630668366309,18.9984032,85.4678,66.4693968,38.71911324444444,28.52034782523913,53.53,1357.77,1304.24,255.98555555555555,403.6276060956053,1.0,17.0,16.0,12.777777777777777,6.562143582325955,2.0,5.0,3.0,2.888888888888889,1.286204100310025,0.5,2.35,1.85,1.0055555555555555,0.7650143224673946,0.82,3.98,3.16,3.046666666666667,1.352265588640864,85.03,3200.0,3114.97,625.7977777777778,977.8557538112298,1532.0,8920.0,7388.0,3994.666666666666,3482.736599604142,7.11,55.76,48.65,20.647777777777776,18.81066705520377,0.0277,400.0,399.9723,57.3518,123.43461784126848,-1.0,4.0,5.0,0.0,1.632993161855452,-1.0,1.0,2.0,-0.3333333333333333,0.9428090415820634,1.65e-05,1.65e-05,0.0,1.65e-05,0.0,2.5,140.0,137.5,48.33333333333333,64.81812160876686,2.4,130.0,127.6,44.93333333333333,60.15121685293564,0.216,874.0,873.784,291.4773333333333,411.9057277948708,48.0,48.0,0.0,48.0,0.0,0.3,3.0,2.7,1.2,1.2727922061357857,369.0,369.0,0.0,369.0,0.0,1.678e-08,1.28e-07,1.1122000000000001e-07,9.092666666666666e-08,5.2429610802378557e-08,39.0983,2.2,0.82,4.34066373,1.52,0.0,0.1,0.1,0.0,0.0,0.0,0.0,0.0,0.0,0.0,0.0,5.182570613000003
K,K0-2TiCuF6,TiCuF6,K2TiCuF6,mp-aaacgjak,9.0,29.0,20.0,14.3,6.986415389883427,10.0,102.0,92.0,75.5,36.614887682471455,18.9984032,63.546,44.5475968,30.36000192,15.280826907777552,53.53,1941.0,1887.47,429.301,633.3817596118473,1.0,17.0,16.0,11.9,6.759437846448475,2.0,4.0,2.0,2.8,0.9797958971132712,0.5,2.2,1.7000000000000002,1.015,0.6826602375999352,0.82,3.98,3.16,2.896,1.360170577537979,85.03,3560.0,3474.97,933.418,1279.622482537721,856.0,8920.0,8064.0,3784.75,3318.417949490389,7.11,45.94,38.83,17.683,14.179153747667735,0.0277,400.0,399.9723,62.216620000000006,119.06927670960968,-1.0,4.0,5.0,0.4,1.9595917942265424,-1.0,1.0,2.0,-0.8,0.6000000000000001,8.6e-06,1.65e-05,7.9e-06,1.255e-05,3.95e-06,3.1,140.0,136.9,64.05,61.86600439659895,116.0,130.0,14.0,123.0,7.0,0.363,874.0,873.637,397.6815,401.2262334920911,1.3,48.0,46.7,23.65,22.394698033239923,0.4,6.0,5.6,2.45,2.308137777516758,369.0,970.0,601.0,669.5,300.5,1.678e-08,4.2e-07,4.0322e-07,1.45195e-07,1.6025231378984835e-07,9.0,29.0,20.0,13.125,7.355907489902249,51.0,102.0,51.0,91.875,18.305992871188387,18.9984032,63.546,44.5475968,28.1754274,16.37124795379561,53.53,1941.0,1887.47,452.49375,706.2407864874681,4.0,17.0,13.0,14.625,4.470388685561916,2.0,4.0,2.0,2.5,0.8660254037844386,0.5,1.4,0.8999999999999999,0.71875,0.3790922546030187,1.54,3.98,2.44,3.415,0.982738520665594,85.03,3560.0,3474.97,908.7725,1429.59963588368,4507.0,8920.0,4413.0,6713.5,2206.5,7.11,11.2,4.089999999999999,10.61875,1.3387908490499922,0.0277,400.0,399.9723,52.770775,131.43723171676615,-1.0,4.0,5.0,0.25,2.165063509461097,-1.0,1.0,2.0,-0.75,0.6614378277661477,8.6e-06,1.65e-05,7.9e-06,1.255e-05,3.95e-06,110.0,140.0,30.0,125.0,15.0,116.0,130.0,14.0,123.0,7.0,716.0,874.0,158.0,795.0,79.0,44.0,48.0,4.0,46.0,2.0,3.0,6.0,3.0,4.5,1.5,369.0,970.0,601.0,669.5,300.5,1.678e-08,4.2e-07,4.0322e-07,2.1839e-07,2.0161e-07,39.0983,2.2,0.82,4.34066373,1.52,0.0,0.2,0.2,0.0,0.0,0.0,0.0,0.0,0.0,0.0,0.0,2.4863504130000003
K,K0-1Cu4(PO4)3,Cu4(PO4)3,KCu4(PO4)3,mp-aaabmhul,8.0,29.0,21.0,13.8,8.24378553820998,10.0,101.0,91.0,89.0,21.36352030916253,15.9994,63.546,47.5466,28.9098193,18.5948808672372,54.8,1357.77,1302.97,368.8555,505.1928683629154,1.0,16.0,15.0,14.1,3.576310948449533,2.0,4.0,2.0,2.65,0.852936105461599,0.6,2.2,1.6,0.89,0.4247352116319061,0.82,3.44,2.62,2.8135,0.8120423326403617,90.2,3200.0,3109.8,828.22,1210.602930609372,856.0,8920.0,8064.0,5250.625,3681.301058644213,7.11,45.94,38.83,16.688,7.837032346494431,0.02658,400.0,399.97342,85.05134799999999,158.95369445747633,1.0,5.0,4.0,2.8,1.2489995996796797,-3.0,1.0,4.0,-1.5,1.3228756555322951,1.65e-05,1.65e-05,0.0,1.65e-05,0.0,3.1,140.0,136.9,74.5125,65.53215694412934,130.0,130.0,0.0,130.0,0.0,0.363,874.0,873.637,699.2726,349.4548,1.3,48.0,46.7,38.66,18.680000000000003,0.4,3.0,2.6,2.4800000000000004,1.04,369.0,369.0,0.0,369.0,0.0,1.678e-08,1e-07,8.322e-08,5.489e-08,3.906241287990284e-08,8.0,29.0,21.0,13.526315789473683,8.368917562231982,72.0,101.0,29.0,93.1578947368421,11.604278511755624,15.9994,63.546,47.5466,28.373583473684207,18.92662191060593,54.8,1357.77,1302.97,370.5568421052632,518.2610980968511,11.0,16.0,5.0,14.789473684210526,1.9888888029148613,2.0,4.0,2.0,2.578947368421052,0.8153649149910351,0.6,1.35,0.7500000000000001,0.8210526315789473,0.3079284731854753,1.9,3.44,1.54,2.9184210526315786,0.6884403667015431,90.2,3200.0,3109.8,817.4947368421052,1241.1259156078208,1823.0,8920.0,7097.0,5878.428571428571,3512.104166090377,7.11,17.36,10.25,15.148421052631578,4.15278126606342,0.02658,400.0,399.97342,84.26457684210526,163.0450884149849,2.0,5.0,3.0,2.894736842105263,1.2093816097974797,-3.0,1.0,4.0,-1.526315789473684,1.352129745122645,1.65e-05,1.65e-05,0.0,1.65e-05,0.0,11.0,140.0,129.0,84.71428571428571,63.83844405039576,130.0,130.0,0.0,130.0,0.0,874.0,874.0,0.0,874.0,0.0,48.0,48.0,0.0,48.0,0.0,3.0,3.0,0.0,3.0,0.0,369.0,369.0,0.0,369.0,0.0,1.678e-08,1e-07,8.322e-08,5.2445714285714285e-08,4.1183219487394854e-08,39.0983,2.2,0.82,4.34066373,1.52,0.0,0.05,0.05,0.0,0.0,0.0,0.0,0.0,0.0,0.0,0.0,4.51486794300002
K,K0-1VCu3Se4,VCu3Se4,KVCu3Se4,mp-aaaabgip,19.0,34.0,15.0,29.444444444444443,5.101440125888443,10.0,93.0,83.0,72.44444444444444,25.669312032988213,39.0983,78.96,39.86169999999999,66.27975555555554,13.497605814868804,336.53,2183.0,1846.47,952.0933333333334,598.81068434764,1.0,16.0,15.0,11.444444444444445,5.101440125888443,4.0,4.0,0.0,4.0,0.0,1.15,2.2,1.0500000000000005,1.3555555555555556,0.3130889511912305,0.82,2.55,1.73,2.0388888888888888,0.5533422578486009,958.0,3680.0,2722.0,2016.0,1174.7423358147755,856.0,8920.0,8064.0,5889.111111111111,2528.073770216036,7.11,45.94,38.83,15.696666666666664,11.510187757904829,0.52,400.0,399.48,148.11999999999998,180.58739712394103,1.0,6.0,5.0,4.666666666666666,1.563471919941143,-2.0,1.0,3.0,-0.7777777777777777,1.314684396244359,8.4e-06,1.65e-05,8.100000000000002e-06,1.4475e-05,3.507402885326977e-06,3.1,160.0,156.9,68.47777777777777,68.70412858009784,10.0,130.0,120.0,69.75,59.75313799291214,0.363,874.0,873.637,688.2625555555555,255.918394838455,1.3,48.0,46.7,23.011111111111116,22.1405833730452,0.4,7.0,6.6,2.711111111111111,1.6999636887915803,369.0,628.0,259.0,433.75,112.1502897900848,1.678e-08,1.97e-07,1.8022e-07,6.3868e-08,6.99172340414007e-08,23.0,34.0,11.0,30.75,3.73329613076702,54.0,93.0,39.0,80.25,13.8901943830891,50.9415,78.96,28.0185,69.6774375,10.05287768327277,494.0,2183.0,1689.0,1029.03875,591.7014794944639,5.0,16.0,11.0,12.75,3.73329613076702,4.0,4.0,0.0,4.0,0.0,1.15,1.35,0.2000000000000001,1.25,0.1,1.63,2.55,0.92,2.19125,0.3681520575794735,958.0,3680.0,2722.0,2139.0,1190.109658813002,4819.0,8920.0,4101.0,6518.25,1904.6548079639,7.11,16.42,9.310000000000002,11.916250000000002,4.518962650598033,0.52,400.0,399.48,154.135,190.6899629634449,4.0,6.0,2.0,5.125,0.927024810886958,-2.0,1.0,3.0,-0.75,1.3919410907075054,8.4e-06,1.65e-05,8.100000000000002e-06,1.4475e-05,3.507402885326977e-06,8.3,160.0,151.7,76.65,68.62377503460444,10.0,130.0,120.0,69.75,59.75313799291214,628.0,874.0,246.0,774.25,84.47743781625955,3.7,48.0,44.3,25.725,22.027128160520608,2.0,7.0,5.0,3.0,1.5811388300841898,369.0,628.0,259.0,433.75,112.1502897900848,1.678e-08,1.97e-07,1.8022e-07,6.1835e-08,7.803754913501577e-08,39.0983,2.2,0.82,4.34066373,1.52,0.0,0.111111111111111,0.111111111111111,0.0,0.0,0.0,0.0,0.0,0.0,0.0,0.0,0.337653703000001
K,K0.5-0.6FeF3,KFe2F6,K3Fe5F15,mp-aaacrqgo,9.0,26.0,17.0,14.0,7.132290320604687,10.0,102.0,92.0,81.08695652173913,32.12599251517478,18.9984032,55.845,36.8465968,29.63025860869565,15.323383659563872,53.53,1811.0,1757.47,472.5017391304348,711.5938230213868,1.0,17.0,16.0,12.956521739130435,5.886449146461323,2.0,4.0,2.0,2.6956521739130435,0.952560969574202,0.5,2.2,1.7000000000000002,0.917391304347826,0.6154900302325701,0.82,3.98,3.16,3.1004347826086955,1.2384368768413694,85.03,3134.0,3048.97,871.3673913043477,1232.7035947733373,856.0,7874.0,7018.0,5242.25,3397.5746404604565,7.09,45.94,38.85,14.837826086956522,12.159602380699411,0.0277,100.0,99.9723,30.452847826086952,42.05088267326568,-1.0,6.0,7.0,0.7826086956521738,2.827758702871148,-2.0,-1.0,1.0,-1.2173913043478262,0.4124709991523973,1.18e-05,1.18e-05,0.0,1.18e-05,0.0,3.1,170.0,166.9,107.4125,80.80011506025224,211.0,211.0,0.0,211.0,0.0,0.363,490.0,489.637,306.386125,237.04449333587013,1.3,82.0,80.7,51.7375,39.06871950486732,0.4,4.0,3.6,2.65,1.7428425057933377,608.0,608.0,0.0,608.0,0.0,7.2e-08,9.61e-08,2.41e-08,8.70625e-08,1.1667362330449844e-08,9.0,26.0,17.0,13.88888888888889,7.171617583602189,10.0,102.0,92.0,82.66666666666667,30.663043264200347,18.9984032,55.845,36.8465968,29.41985768888888,15.426848241074712,53.53,1811.0,1757.47,475.52333333333326,719.1650437525141,1.0,17.0,16.0,13.22222222222222,5.672110674711208,2.0,4.0,2.0,2.6666666666666665,0.9428090415820634,0.5,2.2,1.7000000000000002,0.8888888888888888,0.5915036290758295,0.82,3.98,3.16,3.151111111111111,1.2040251422665045,85.03,3134.0,3048.97,867.7977777777778,1246.0898735803553,856.0,7874.0,7018.0,5534.666666666666,3308.31692691146,7.09,45.94,38.85,14.146666666666665,11.365181721184909,0.0277,100.0,99.9723,28.907355555555554,41.20313871108233,-1.0,6.0,7.0,0.7777777777777778,2.8588178511708016,-2.0,-1.0,1.0,-1.2222222222222223,0.415739709641549,1.18e-05,1.18e-05,0.0,1.18e-05,0.0,3.1,170.0,166.9,114.36666666666666,78.67741452002319,211.0,211.0,0.0,211.0,0.0,0.363,490.0,489.637,326.7876666666666,230.8170953465584,1.3,82.0,80.7,55.1,38.04234482783626,0.4,4.0,3.6,2.8,1.697056274847714,608.0,608.0,0.0,608.0,0.0,7.2e-08,9.61e-08,2.41e-08,8.806666666666666e-08,1.1360848951063862e-08,39.0983,2.2,0.82,4.34066373,1.52,0.111111111111111,0.130434782608695,0.019323671497584,0.0,0.0,0.0,0.0,0.0,0.0,0.0,0.0,4.090842692999986
K,K0-1FeF3,FeF3,KFeF3,mp-aaabfusi,9.0,26.0,17.0,14.4,6.974238309665077,10.0,102.0,92.0,75.39999999999999,36.35161619515699,18.9984032,55.845,36.8465968,30.38770192,14.920435117284296,53.53,1811.0,1757.47,461.624,683.5329160647642,1.0,17.0,16.0,12.0,6.511528238439883,2.0,4.0,2.0,2.8,0.9797958971132712,0.5,2.2,1.7000000000000002,1.02,0.6852736679604726,0.82,3.98,3.16,2.918,1.3393192300568226,85.03,3134.0,3048.97,884.2180000000001,1183.1705663242303,856.0,7874.0,7018.0,4365.0,3509.0,7.09,45.94,38.85,17.326,14.395279226190786,0.0277,100.0,99.9723,36.01662,44.52868226379038,-1.0,6.0,7.0,0.8000000000000002,2.712931993250108,-2.0,-1.0,1.0,-1.2000000000000002,0.4,1.18e-05,1.18e-05,0.0,1.18e-05,0.0,3.1,170.0,166.9,86.55,83.45,211.0,211.0,0.0,211.0,0.0,0.363,490.0,489.637,245.1815,244.8185,1.3,82.0,80.7,41.65,40.35,0.4,4.0,3.6,2.2,1.8,608.0,608.0,0.0,608.0,0.0,7.2e-08,9.61e-08,2.41e-08,8.405e-08,1.205e-08,9.0,26.0,17.0,13.25,7.361215932167728,61.0,102.0,41.0,91.75,17.75352077758099,18.9984032,55.845,36.8465968,28.2100524,15.955044435901202,53.53,1811.0,1757.47,492.8975,761.0068331945187,8.0,17.0,9.0,14.75,3.897114317029974,2.0,4.0,2.0,2.5,0.8660254037844386,0.5,1.4,0.8999999999999999,0.725,0.3897114317029974,1.83,3.98,2.15,3.4425,0.9309773090682716,85.03,3134.0,3048.97,847.2725,1320.24273768832,7874.0,7874.0,0.0,7874.0,0.0,7.09,11.2,4.109999999999999,10.1725,1.779682204777021,0.0277,80.0,79.9723,20.020775,34.62902169953513,-1.0,6.0,7.0,0.75,3.031088913245535,-2.0,-1.0,1.0,-1.25,0.4330127018922193,1.18e-05,1.18e-05,0.0,1.18e-05,0.0,170.0,170.0,0.0,170.0,0.0,211.0,211.0,0.0,211.0,0.0,490.0,490.0,0.0,490.0,0.0,82.0,82.0,0.0,82.0,0.0,4.0,4.0,0.0,4.0,0.0,608.0,608.0,0.0,608.0,0.0,9.61e-08,9.61e-08,0.0,9.61e-08,0.0,39.0983,2.2,0.82,4.34066373,1.52,0.0,0.2,0.2,0.0,0.0,0.0,0.0,0.0,0.0,0.0,0.0,2.037159313
K,K0-0.25FeSb3,FeSb3,K(FeSb3)4,mp-aaacdhjx,19.0,51.0,32.0,43.23529411764706,12.124498348699316,10.0,88.0,78.0,77.05882352941177,20.24110723615012,39.0983,121.76,82.6617,101.38813529411765,31.768358962393076,336.53,1811.0,1474.47,1083.8758823529413,424.4427571611682,1.0,15.0,14.0,12.529411764705884,4.117647058823529,4.0,5.0,1.0,4.705882352941177,0.4556450995538137,1.4,2.2,0.8000000000000003,1.4823529411764709,0.1806370886209893,0.82,2.05,1.23,1.9258823529411764,0.2915084263443473,1032.0,3134.0,2102.0,2111.058823529412,599.3314383630986,856.0,7874.0,7018.0,6630.352941176471,1525.9150751627683,7.09,45.94,38.85,17.210588235294118,8.563243249382612,24.0,100.0,76.0,41.64705882352941,27.68083043736987,1.0,6.0,5.0,5.0,1.0846522890932808,-3.0,-1.0,2.0,-2.647058823529412,0.5882352941176471,1.1e-05,1.18e-05,8.000000000000008e-07,1.12e-05,3.464101615137758e-07,3.1,170.0,166.9,69.82941176470588,56.29915645283717,55.0,211.0,156.0,94.0,67.54998149518622,0.363,490.0,489.637,322.8448823529412,115.23434555511464,1.3,82.0,80.7,33.48823529411765,27.26000911382484,0.4,4.0,3.6,3.0823529411764707,0.7913021986258935,608.0,608.0,0.0,608.0,0.0,7.2e-08,4.17e-07,3.45e-07,3.212e-07,1.4850477512623665e-07,26.0,51.0,25.0,44.75,10.825317547305485,61.0,88.0,27.0,81.25,11.691342951089922,55.845,121.76,65.915,105.28125,28.54203224522564,903.78,1811.0,907.22,1130.585,392.83778341065926,8.0,15.0,7.0,13.25,3.031088913245535,4.0,5.0,1.0,4.75,0.4330127018922193,1.4,1.45,0.05,1.4375,0.0216506350946109,1.83,2.05,0.2199999999999997,1.995,0.0952627944162881,1860.0,3134.0,1274.0,2178.5,551.6581822106874,6697.0,7874.0,1177.0,6991.25,509.65595012714215,7.09,18.19,11.1,15.415000000000004,4.806440991003635,24.0,80.0,56.0,38.0,24.24871130596428,5.0,6.0,1.0,5.25,0.4330127018922193,-3.0,-2.0,1.0,-2.75,0.4330127018922193,1.1e-05,1.18e-05,8.000000000000008e-07,1.12e-05,3.464101615137758e-07,42.0,170.0,128.0,74.0,55.42562584220407,55.0,211.0,156.0,94.0,67.54998149518622,294.0,490.0,196.0,343.0,84.870489570875,20.0,82.0,62.0,35.5,26.8467875173176,3.0,4.0,1.0,3.25,0.4330127018922193,608.0,608.0,0.0,608.0,0.0,9.61e-08,4.17e-07,3.209e-07,3.36775e-07,1.3895377603721317e-07,39.0983,2.2,0.82,4.34066373,1.52,0.0,0.058823529411764,0.058823529411764,0.0,0.0,0.0,0.0,0.0,0.0,0.0,0.0,1.127557782999993
K,K0.38-0.5FeSe,K3(FeSe)8,K(FeSe)2,mp-aaacrrpz,19.0,34.0,15.0,27.800000000000004,5.67097875150313,10.0,93.0,83.0,63.60000000000001,30.381573362813192,39.0983,78.96,39.86169999999999,61.74166,15.331049638638572,336.53,1811.0,1474.47,989.3060000000002,673.3698289528571,1.0,16.0,15.0,9.8,5.670978751503131,4.0,4.0,0.0,4.0,0.0,1.15,2.2,1.0500000000000005,1.46,0.3865229618017539,0.82,2.55,1.73,1.916,0.6355973568226978,958.0,3134.0,2176.0,1843.2000000000005,1054.2801145805606,856.0,7874.0,7018.0,5248.400000000001,2586.483991831382,7.09,45.94,38.85,18.592,14.296435080117,0.52,100.0,99.48,52.208,42.830280129833376,1.0,6.0,5.0,5.000000000000001,2.0,-2.0,-1.0,1.0,-1.8,0.4,1.18e-05,1.18e-05,0.0,1.18e-05,0.0,3.1,170.0,166.9,71.94,80.08816641676847,10.0,211.0,201.0,110.5,100.5,0.363,736.0,735.637,490.47260000000006,268.61692985186176,1.3,82.0,80.7,34.54,38.76083590429907,0.4,4.0,3.6,2.4800000000000004,1.3717142559585798,608.0,608.0,0.0,608.0,0.0,7.2e-08,9.61e-08,2.41e-08,8.806666666666666e-08,1.1360848951063862e-08,19.0,34.0,15.0,28.26315789473684,5.437124871639982,10.0,93.0,83.0,66.42105263157895,28.50358387341509,39.0983,78.96,39.86169999999999,62.93341578947367,14.798852290109778,336.53,1811.0,1474.47,1023.6626315789472,673.5606423747105,1.0,16.0,15.0,10.263157894736842,5.437124871639982,4.0,4.0,0.0,4.0,0.0,1.15,2.2,1.0500000000000005,1.4210526315789471,0.3562656421214831,0.82,2.55,1.73,1.9736842105263157,0.5989131430421168,958.0,3134.0,2176.0,1885.8947368421052,1064.6830956593728,856.0,7874.0,7018.0,5479.578947368421,2443.997810227925,7.09,45.94,38.85,17.152631578947368,13.17989730896232,0.52,100.0,99.48,49.69263157894737,42.478705605478346,1.0,6.0,5.0,5.2105263157894735,1.823211376388292,-2.0,-1.0,1.0,-1.8421052631578947,0.3646422752776583,1.18e-05,1.18e-05,0.0,1.18e-05,0.0,3.1,170.0,166.9,75.56315789473685,80.55528477894653,10.0,211.0,201.0,110.5,100.5,0.363,736.0,735.637,516.2678421052631,250.2894308026237,1.3,82.0,80.7,36.28947368421053,38.99055074106305,0.4,4.0,3.6,2.5894736842105264,1.319447546609886,608.0,608.0,0.0,608.0,0.0,7.2e-08,9.61e-08,2.41e-08,8.952727272727273e-08,1.0733218691104471e-08,39.0983,2.2,0.82,4.34066373,1.52,0.157894736842105,0.2,0.042105263157895,0.0,0.0,0.0,0.0,0.0,0.0,0.0,0.0,1.380262573000003
K,K0-4MnH6(S2O9)2,MnH6(S2O9)2,K4MnH6(S2O9)2,mp-aaabsjrj,1.0,25.0,24.0,9.545454545454543,6.140234469370284,10.0,103.0,93.0,88.24242424242425,29.97678930695133,1.00794,54.938045,53.930105000000005,19.200851060606063,13.134624052274718,14.01,1519.0,1504.99,166.33393939393935,275.5648085565068,1.0,16.0,15.0,11.181818181818182,6.886326132511137,1.0,4.0,3.0,2.242424242424242,0.9221287305880568,0.25,2.2,1.95,0.803030303030303,0.5745801357644205,0.82,3.44,2.62,2.7354545454545454,0.9017326450148068,20.28,2334.0,2313.72,335.72,498.43866620040257,856.0,7470.0,6614.0,2081.555555555556,1974.908780515704,7.35,45.94,38.59,19.21909090909091,10.266904276167084,0.02658,100.0,99.97342,12.429740606060609,32.54962058048883,1.0,7.0,6.0,2.333333333333333,1.699673171197595,-3.0,-1.0,2.0,-1.727272727272727,0.508874412840808,2.17e-05,2.17e-05,0.0,2.17e-05,0.0,3.1,120.0,116.9,18.133333333333333,36.08052721960205,198.0,198.0,0.0,198.0,0.0,0.363,196.0,195.637,39.4904,78.25480000000002,1.3,1.3,0.0,1.3,0.0,0.4,6.0,5.6,1.7333333333333334,1.6865480854231358,628.0,970.0,0.0,706.0,0.0,7.2e-08,2000000000000000.0,2000000000000000.0,888888888888889.0,993807989999906.6,1.0,25.0,24.0,8.241379310344827,5.373338860642988,60.0,103.0,43.0,99.0344827586207,7.854200539314724,1.00794,54.938045,53.930105000000005,16.456375344827585,11.58334023345895,14.01,1519.0,1504.99,142.85862068965517,286.11779460774704,1.0,16.0,15.0,12.586206896551724,6.139286948258396,1.0,4.0,3.0,2.0,0.6948083337796512,0.25,1.4,1.15,0.6103448275862069,0.2633927545755602,1.55,3.44,1.89,2.999655172413793,0.5911093180804392,20.28,2334.0,2313.72,239.6813793103448,454.54994771049616,1960.0,7470.0,5510.0,3061.9999999999995,2204.0,7.35,17.36,10.01,15.533448275862067,2.807286425520349,0.02658,7.8,7.77342,0.3510841379310345,1.4098392712243213,1.0,7.0,6.0,2.517241379310345,1.7344519089599022,-3.0,-1.0,2.0,-1.827586206896552,0.4600573815215977,2.17e-05,2.17e-05,0.0,2.17e-05,0.0,7.7,120.0,112.3,30.16,44.92,198.0,198.0,0.0,198.0,0.0,196.0,196.0,0.0,196.0,0.0,26.0,75.0,0.0,47.0,0.0,2.0,6.0,4.0,2.8,1.6,628.0,970.0,0.0,716.75,0.0,1.44e-06,2000000000000000.0,2000000000000000.0,1599999999999999.8,800000000000000.0,39.0983,2.2,0.82,4.34066373,1.52,0.0,0.121212121212121,0.121212121212121,0.0,0.0,0.0,0.0,0.0,0.0,0.0,0.0,4.321956570499999
K,K0-2MnH8(SO6)2,MnH8(SO6)2,K2MnH8(SO6)2,mp-aaabshfb,1.0,25.0,24.0,7.96,6.483702645865247,10.0,103.0,93.0,92.16,25.627610110972117,1.00794,54.938045,53.930105000000005,15.892838599999996,13.996014495176226,14.01,1519.0,1504.99,149.5384,304.24176274377584,1.0,16.0,15.0,9.64,7.265700241545889,1.0,4.0,3.0,2.0,0.938083151964686,0.25,2.2,1.95,0.6799999999999999,0.5253570214625479,0.82,3.44,2.62,2.6892,0.8243393475990334,20.28,2334.0,2313.72,283.1352,517.8827220143186,856.0,7470.0,6614.0,2620.4,2474.5541497409185,7.35,45.94,38.59,17.1988,8.993664134266966,0.02658,100.0,99.97342,8.3989184,27.053759378474805,1.0,7.0,6.0,2.12,1.632666530556684,-3.0,-1.0,2.0,-1.64,0.5571355310873648,2.17e-05,2.17e-05,0.0,2.17e-05,0.0,3.1,120.0,116.9,28.319999999999997,45.88613734015971,198.0,198.0,0.0,198.0,0.0,0.363,196.0,195.637,65.57533333333335,92.22416623399508,1.3,1.3,0.0,1.3,0.0,0.4,6.0,5.6,2.16,2.048999755978512,628.0,970.0,0.0,706.0,0.0,7.2e-08,2000000000000000.0,2000000000000000.0,799999999999999.9,979795897113271.2,1.0,25.0,24.0,7.0,5.845845793679325,60.0,103.0,43.0,99.30434782608694,8.709988182534268,1.00794,54.938045,53.930105000000005,13.874972391304349,12.72890007428029,14.01,1519.0,1504.99,133.2782608695652,311.94087505072207,1.0,16.0,15.0,10.391304347826086,7.094021551767208,1.0,4.0,3.0,1.826086956521739,0.7605589428059086,0.25,1.4,1.15,0.5478260869565217,0.2857021331468984,1.55,3.44,1.89,2.8517391304347823,0.6390526424115284,20.28,2334.0,2313.72,218.01652173913044,488.38401207325705,1960.0,7470.0,5510.0,3796.6666666666665,2597.4389095585843,7.35,17.36,10.01,14.699565217391305,3.137256456178495,0.02658,7.8,7.77342,0.4336069565217391,1.5724368394544008,1.0,7.0,6.0,2.217391304347826,1.6669816967548534,-3.0,-1.0,2.0,-1.6956521739130437,0.5465132647815885,2.17e-05,2.17e-05,0.0,2.17e-05,0.0,7.7,120.0,112.3,45.13333333333333,52.93872768483286,198.0,198.0,0.0,198.0,0.0,196.0,196.0,0.0,196.0,0.0,26.0,75.0,0.0,47.0,0.0,2.0,6.0,4.0,3.333333333333333,1.8856180831641267,628.0,970.0,0.0,716.75,0.0,1.44e-06,2000000000000000.0,2000000000000000.0,1333333333333333.2,942809041582063.4,39.0983,2.2,0.82,4.34066373,1.52,0.0,0.08,0.08,0.0,0.0,0.0,0.0,0.0,0.0,0.0,0.0,4.605600023000001
K,K0-2NiH12(SO7)2,NiH12(SO7)2,K2NiH12(SO7)2,mp-aaackris,1.0,28.0,27.0,7.161290322580645,6.565288850454818,10.0,103.0,93.0,94.3548387096774,23.06729060686857,1.00794,58.6934,57.68546,14.10022193548387,13.901979765459124,14.01,1728.0,1713.99,132.68064516129033,311.74871086921274,1.0,16.0,15.0,9.032258064516128,7.363746727643923,1.0,4.0,3.0,1.870967741935484,0.9066754401648514,0.25,2.2,1.95,0.6177419354838709,0.4906461156700014,0.82,3.44,2.62,2.6861290322580644,0.7700468247989433,20.28,3186.0,3165.72,264.2548387096774,602.8269253938585,856.0,8908.0,8052.0,2908.0,3040.3557686560302,6.59,45.94,39.35,16.439032258064515,8.334601546231426,0.02658,100.0,99.97342,9.48219741935484,28.677410914235548,1.0,6.0,5.0,1.870967741935484,1.263429421133299,-2.0,-1.0,1.0,-1.5161290322580645,0.4997397866074086,1.34e-05,1.34e-05,0.0,1.34e-05,0.0,3.1,180.0,176.9,40.32,69.87029125458116,200.0,200.0,0.0,200.0,0.0,0.363,700.0,699.637,233.5753333333333,329.812044712675,1.3,76.0,74.7,26.2,35.21391770309006,0.4,4.0,3.6,1.7600000000000002,1.329059818066892,638.0,638.0,0.0,638.0,0.0,6.93e-08,2000000000000000.0,2000000000000000.0,800000000000000.0,979795897113271.2,1.0,28.0,27.0,6.344827586206897,5.978558597296506,67.0,103.0,36.0,100.17241379310344,6.649184370604601,1.00794,58.6934,57.68546,12.376216551724138,12.669832248846284,14.01,1728.0,1713.99,118.62206896551724,317.5316567588108,1.0,16.0,15.0,9.586206896551724,7.294387267781046,1.0,4.0,3.0,1.7241379310344829,0.7379632606562999,0.25,1.35,1.1,0.5086206896551724,0.2697600995256268,1.91,3.44,1.53,2.8148275862068965,0.6141134383003437,20.28,3186.0,3165.72,211.30689655172412,587.374140391551,1960.0,8908.0,6948.0,4276.0,3275.318610456088,6.59,17.36,10.77,14.404482758620691,3.1773797339695906,0.02658,91.0,90.97342,3.2395903448275862,16.585339892853543,1.0,6.0,5.0,1.9310344827586208,1.2846852420825623,-2.0,-1.0,1.0,-1.5517241379310347,0.4973174173053779,1.34e-05,1.34e-05,0.0,1.34e-05,0.0,7.7,180.0,172.3,65.13333333333333,81.22299893229476,200.0,200.0,0.0,200.0,0.0,700.0,700.0,0.0,700.0,0.0,76.0,76.0,0.0,76.0,0.0,2.0,4.0,2.0,2.6666666666666665,0.9428090415820634,638.0,638.0,0.0,638.0,0.0,6.93e-08,2000000000000000.0,2000000000000000.0,1333333333333333.2,942809041582063.4,39.0983,2.2,0.82,4.34066373,1.52,0.0,0.064516129032258,0.064516129032258,0.0,0.0,0.0,0.0,0.0,0.0,0.0,0.0,5.152054105499992
K,K0-1MgMn4O8,MgMn4O8,KMgMn4O8,mp-aaadbqbt,8.0,25.0,17.0,13.928571428571429,7.563675275517147,10.0,101.0,91.0,80.78571428571428,26.81731469306609,15.9994,54.938045,38.938645,29.367905714285712,17.248969409904806,54.8,1519.0,1464.2,555.2807142857142,649.2818207006468,1.0,16.0,15.0,11.357142857142858,5.6265587409451365,2.0,4.0,2.0,2.7857142857142856,0.939496174140422,0.6,2.2,1.6,1.0071428571428571,0.5077461200727974,0.82,3.44,2.62,2.560714285714285,1.030453882559347,90.2,2334.0,2243.8,889.4714285714285,989.2953267196746,856.0,7470.0,6614.0,5412.333333333333,2921.09760573354,7.35,45.94,38.59,16.30142857142857,9.309052320297743,0.02658,160.0,159.97342,20.815188571428568,46.11906686445529,1.0,7.0,6.0,3.357142857142857,2.3178543913697074,-3.0,1.0,4.0,-2.0,1.0,8.2e-06,2.17e-05,1.35e-05,1.9e-05,5.4e-06,3.1,120.0,116.9,88.01666666666667,46.82059435286524,45.0,198.0,153.0,167.4,61.2,0.363,260.0,259.637,174.0605,81.11903373797874,1.3,17.0,15.7,9.15,7.85,0.4,6.0,5.6,4.483333333333333,2.2289135370299933,628.0,970.0,0.0,706.0,0.0,4.39e-08,1.44e-06,1.3961e-06,9.793166666666666e-07,6.515551151326767e-07,8.0,25.0,17.0,13.538461538461538,7.712281759688789,60.0,101.0,41.0,86.23076923076924,18.958066463214774,15.9994,54.938045,38.938645,28.61941384615385,17.67965703178832,54.8,1519.0,1464.2,572.1076923076924,670.8435315235456,2.0,16.0,14.0,12.153846153846157,5.020667345255607,2.0,4.0,2.0,2.6923076923076925,0.910166120476864,0.6,1.5,0.9,0.9153846153846156,0.3997040325158947,1.31,3.44,2.13,2.6946153846153846,0.9447231208920044,90.2,2334.0,2243.8,878.5076923076923,1025.820360988098,1738.0,7470.0,5732.0,6323.6,2292.8,7.35,17.36,10.01,14.021538461538462,4.533641508262843,0.02658,160.0,159.97342,14.724049230769232,42.08507548107368,2.0,7.0,5.0,3.5384615384615388,2.307692307692308,-3.0,1.0,4.0,-2.076923076923077,0.9970370305242862,8.2e-06,2.17e-05,1.35e-05,1.9e-05,5.4e-06,45.0,120.0,75.0,105.0,30.0,45.0,198.0,153.0,167.4,61.2,196.0,260.0,64.0,208.8,25.6,17.0,17.0,0.0,17.0,0.0,2.5,6.0,3.5,5.300000000000001,1.4,628.0,970.0,0.0,716.75,0.0,4.39e-08,1.44e-06,1.3961e-06,1.16078e-06,5.584400000000001e-07,39.0983,2.2,0.82,4.34066373,1.52,0.0,0.071428571428571,0.071428571428571,0.0,0.0,0.0,0.0,0.0,0.0,0.0,0.0,2.345968633000005
K,K0-1MgMn4O8,MgMn4O8,KMgMn4O8,mp-aaaewgho,8.0,25.0,17.0,13.928571428571429,7.563675275517147,10.0,101.0,91.0,80.78571428571428,26.81731469306609,15.9994,54.938045,38.938645,29.367905714285712,17.248969409904806,54.8,1519.0,1464.2,555.2807142857142,649.2818207006468,1.0,16.0,15.0,11.357142857142858,5.6265587409451365,2.0,4.0,2.0,2.7857142857142856,0.939496174140422,0.6,2.2,1.6,1.0071428571428571,0.5077461200727974,0.82,3.44,2.62,2.560714285714285,1.030453882559347,90.2,2334.0,2243.8,889.4714285714285,989.2953267196746,856.0,7470.0,6614.0,5412.333333333333,2921.09760573354,7.35,45.94,38.59,16.30142857142857,9.309052320297743,0.02658,160.0,159.97342,20.815188571428568,46.11906686445529,1.0,7.0,6.0,3.357142857142857,2.3178543913697074,-3.0,1.0,4.0,-2.0,1.0,8.2e-06,2.17e-05,1.35e-05,1.9e-05,5.4e-06,3.1,120.0,116.9,88.01666666666667,46.82059435286524,45.0,198.0,153.0,167.4,61.2,0.363,260.0,259.637,174.0605,81.11903373797874,1.3,17.0,15.7,9.15,7.85,0.4,6.0,5.6,4.483333333333333,2.2289135370299933,628.0,970.0,0.0,706.0,0.0,4.39e-08,1.44e-06,1.3961e-06,9.793166666666666e-07,6.515551151326767e-07,8.0,25.0,17.0,13.538461538461538,7.712281759688789,60.0,101.0,41.0,86.23076923076924,18.958066463214774,15.9994,54.938045,38.938645,28.61941384615385,17.67965703178832,54.8,1519.0,1464.2,572.1076923076924,670.8435315235456,2.0,16.0,14.0,12.153846153846157,5.020667345255607,2.0,4.0,2.0,2.6923076923076925,0.910166120476864,0.6,1.5,0.9,0.9153846153846156,0.3997040325158947,1.31,3.44,2.13,2.6946153846153846,0.9447231208920044,90.2,2334.0,2243.8,878.5076923076923,1025.820360988098,1738.0,7470.0,5732.0,6323.6,2292.8,7.35,17.36,10.01,14.021538461538462,4.533641508262843,0.02658,160.0,159.97342,14.724049230769232,42.08507548107368,2.0,7.0,5.0,3.5384615384615388,2.307692307692308,-3.0,1.0,4.0,-2.076923076923077,0.9970370305242862,8.2e-06,2.17e-05,1.35e-05,1.9e-05,5.4e-06,45.0,120.0,75.0,105.0,30.0,45.0,198.0,153.0,167.4,61.2,196.0,260.0,64.0,208.8,25.6,17.0,17.0,0.0,17.0,0.0,2.5,6.0,3.5,5.300000000000001,1.4,628.0,970.0,0.0,716.75,0.0,4.39e-08,1.44e-06,1.3961e-06,1.16078e-06,5.584400000000001e-07,39.0983,2.2,0.82,4.34066373,1.52,0.0,0.071428571428571,0.071428571428571,0.0,0.0,0.0,0.0,0.0,0.0,0.0,0.0,3.838340922999996
K,K0-1MgMn4O8,MgMn4O8,KMgMn4O8,mp-aaadbdkd,8.0,25.0,17.0,13.928571428571429,7.563675275517147,10.0,101.0,91.0,80.78571428571428,26.81731469306609,15.9994,54.938045,38.938645,29.367905714285712,17.248969409904806,54.8,1519.0,1464.2,555.2807142857142,649.2818207006468,1.0,16.0,15.0,11.357142857142858,5.6265587409451365,2.0,4.0,2.0,2.7857142857142856,0.939496174140422,0.6,2.2,1.6,1.0071428571428571,0.5077461200727974,0.82,3.44,2.62,2.560714285714285,1.030453882559347,90.2,2334.0,2243.8,889.4714285714285,989.2953267196746,856.0,7470.0,6614.0,5412.333333333333,2921.09760573354,7.35,45.94,38.59,16.30142857142857,9.309052320297743,0.02658,160.0,159.97342,20.815188571428568,46.11906686445529,1.0,7.0,6.0,3.357142857142857,2.3178543913697074,-3.0,1.0,4.0,-2.0,1.0,8.2e-06,2.17e-05,1.35e-05,1.9e-05,5.4e-06,3.1,120.0,116.9,88.01666666666667,46.82059435286524,45.0,198.0,153.0,167.4,61.2,0.363,260.0,259.637,174.0605,81.11903373797874,1.3,17.0,15.7,9.15,7.85,0.4,6.0,5.6,4.483333333333333,2.2289135370299933,628.0,970.0,0.0,706.0,0.0,4.39e-08,1.44e-06,1.3961e-06,9.793166666666666e-07,6.515551151326767e-07,8.0,25.0,17.0,13.538461538461538,7.712281759688789,60.0,101.0,41.0,86.23076923076924,18.958066463214774,15.9994,54.938045,38.938645,28.61941384615385,17.67965703178832,54.8,1519.0,1464.2,572.1076923076924,670.8435315235456,2.0,16.0,14.0,12.153846153846157,5.020667345255607,2.0,4.0,2.0,2.6923076923076925,0.910166120476864,0.6,1.5,0.9,0.9153846153846156,0.3997040325158947,1.31,3.44,2.13,2.6946153846153846,0.9447231208920044,90.2,2334.0,2243.8,878.5076923076923,1025.820360988098,1738.0,7470.0,5732.0,6323.6,2292.8,7.35,17.36,10.01,14.021538461538462,4.533641508262843,0.02658,160.0,159.97342,14.724049230769232,42.08507548107368,2.0,7.0,5.0,3.5384615384615388,2.307692307692308,-3.0,1.0,4.0,-2.076923076923077,0.9970370305242862,8.2e-06,2.17e-05,1.35e-05,1.9e-05,5.4e-06,45.0,120.0,75.0,105.0,30.0,45.0,198.0,153.0,167.4,61.2,196.0,260.0,64.0,208.8,25.6,17.0,17.0,0.0,17.0,0.0,2.5,6.0,3.5,5.300000000000001,1.4,628.0,970.0,0.0,716.75,0.0,4.39e-08,1.44e-06,1.3961e-06,1.16078e-06,5.584400000000001e-07,39.0983,2.2,0.82,4.34066373,1.52,0.0,0.071428571428571,0.071428571428571,0.0,0.0,0.0,0.0,0.0,0.0,0.0,0.0,1.112411723000001
K,K0-4MgMn4O8,MgMn4O8,K4MgMn4O8,mp-aaaewgue,8.0,25.0,17.0,14.823529411764708,7.131003510913759,10.0,101.0,91.0,68.29411764705883,36.33789903908032,15.9994,54.938045,38.938645,31.085034117647066,16.086702490874277,54.8,1519.0,1464.2,516.6776470588235,595.0856901768746,1.0,16.0,15.0,9.529411764705882,6.45452551733892,2.0,4.0,2.0,3.0,0.970142500145332,0.6,2.2,1.6,1.2176470588235295,0.6473795996328284,0.82,3.44,2.62,2.253529411764706,1.1466521149260398,90.2,2334.0,2243.8,914.6235294117648,899.4135968896046,856.0,7470.0,6614.0,3893.555555555556,3209.6592796367067,7.35,45.94,38.59,21.531764705882352,14.107766002868615,0.02658,160.0,159.97342,34.78897882352941,51.60296608155705,1.0,7.0,6.0,2.9411764705882355,2.287320246496892,-3.0,1.0,4.0,-1.8235294117647056,0.9843059135695006,8.2e-06,2.17e-05,1.35e-05,1.9e-05,5.399999999999999e-06,3.1,120.0,116.9,59.71111111111111,55.35209409758274,45.0,198.0,153.0,167.39999999999998,61.2,0.363,260.0,259.637,116.16133333333332,105.31615303984051,1.3,17.0,15.7,4.44,6.279999999999999,0.4,6.0,5.6,3.1222222222222222,2.6490156569218843,628.0,970.0,0.0,706.0,0.0,4.39e-08,1.44e-06,1.3961e-06,6.768777777777777e-07,6.826086788161001e-07,8.0,25.0,17.0,13.538461538461538,7.712281759688789,60.0,101.0,41.0,86.23076923076924,18.958066463214774,15.9994,54.938045,38.938645,28.61941384615385,17.67965703178832,54.8,1519.0,1464.2,572.1076923076924,670.8435315235456,2.0,16.0,14.0,12.153846153846157,5.020667345255607,2.0,4.0,2.0,2.6923076923076925,0.910166120476864,0.6,1.5,0.9,0.9153846153846156,0.3997040325158947,1.31,3.44,2.13,2.6946153846153846,0.9447231208920044,90.2,2334.0,2243.8,878.5076923076923,1025.820360988098,1738.0,7470.0,5732.0,6323.6,2292.8,7.35,17.36,10.01,14.021538461538462,4.533641508262843,0.02658,160.0,159.97342,14.724049230769232,42.08507548107368,2.0,7.0,5.0,3.5384615384615388,2.307692307692308,-3.0,1.0,4.0,-2.076923076923077,0.9970370305242862,8.2e-06,2.17e-05,1.35e-05,1.9e-05,5.4e-06,45.0,120.0,75.0,105.0,30.0,45.0,198.0,153.0,167.4,61.2,196.0,260.0,64.0,208.8,25.6,17.0,17.0,0.0,17.0,0.0,2.5,6.0,3.5,5.300000000000001,1.4,628.0,970.0,0.0,716.75,0.0,4.39e-08,1.44e-06,1.3961e-06,1.16078e-06,5.584400000000001e-07,39.0983,2.2,0.82,4.34066373,1.52,0.0,0.235294117647058,0.235294117647058,0.0,0.0,0.0,0.0,0.0,0.0,0.0,0.0,2.676805583
K,K0-1MgMn2O4,MgMn2O4,KMgMn2O4,mp-aaacfbci,8.0,25.0,17.0,14.125,7.201345360417038,10.0,101.0,91.0,75.875,30.366253884863703,15.9994,54.938045,38.938645,29.65962375,16.363696931934186,54.8,1519.0,1464.2,564.59125,616.6248215373247,1.0,16.0,15.0,10.125,6.193494570918747,2.0,4.0,2.0,2.875,0.927024810886958,0.6,2.2,1.6,1.1125,0.5644410952437818,0.82,3.44,2.62,2.37375,1.086875539102799,90.2,2334.0,2243.8,927.975,932.8282502020402,856.0,7470.0,6614.0,4383.5,3102.212557192044,7.35,45.94,38.59,18.009999999999998,11.319928224154074,0.02658,160.0,159.97342,34.46329,57.24938423794705,1.0,7.0,6.0,3.125,2.2603926650031405,-3.0,1.0,4.0,-1.75,1.1989578808281798,8.2e-06,2.17e-05,1.35e-05,1.7199999999999998e-05,6.363961030678927e-06,3.1,120.0,116.9,72.025,50.21007742475608,45.0,198.0,153.0,147.0,72.12489168102785,0.363,260.0,259.637,163.09075,97.51635866195733,1.3,17.0,15.7,9.15,7.85,0.4,6.0,5.6,3.725,2.393089007956035,628.0,970.0,0.0,706.0,0.0,4.39e-08,1.44e-06,1.3961e-06,7.48975e-07,6.910964128650936e-07,8.0,25.0,17.0,13.428571428571429,7.442295015789203,60.0,101.0,41.0,85.28571428571428,18.583512552139062,15.9994,54.938045,38.938645,28.311241428571428,17.072739610669384,54.8,1519.0,1464.2,597.1714285714286,652.7269341862989,2.0,16.0,14.0,11.428571428571429,5.499536158548616,2.0,4.0,2.0,2.7142857142857144,0.8806305718527109,0.6,1.5,0.9,0.9571428571428572,0.4135461378894322,1.31,3.44,2.13,2.5957142857142856,0.9777066042947816,90.2,2334.0,2243.8,913.1142857142856,996.3491405104528,1738.0,7470.0,5732.0,5559.333333333333,2702.0907131741938,7.35,17.36,10.01,14.02,4.368729792514067,0.02658,160.0,159.97342,25.10090285714285,55.17672329664222,2.0,7.0,5.0,3.4285714285714284,2.258769757263128,-3.0,1.0,4.0,-1.857142857142857,1.245399698154478,8.2e-06,2.17e-05,1.35e-05,1.7199999999999998e-05,6.363961030678927e-06,45.0,120.0,75.0,95.0,35.35533905932738,45.0,198.0,153.0,147.0,72.12489168102785,196.0,260.0,64.0,217.3333333333333,30.169889330626027,17.0,17.0,0.0,17.0,0.0,2.5,6.0,3.5,4.833333333333333,1.6499158227686108,628.0,970.0,0.0,716.75,0.0,4.39e-08,1.44e-06,1.3961e-06,9.746333333333331e-07,6.581278514763593e-07,39.0983,2.2,0.82,4.34066373,1.52,0.0,0.125,0.125,0.0,0.0,0.0,0.0,0.0,0.0,0.0,0.0,0.6685246179999991
K,K0-1MnO2,MnO2,KMnO2,mp-aaaablkd,8.0,25.0,17.0,15.0,7.314369419163897,10.0,101.0,91.0,68.0,37.43661309466977,15.9994,54.938045,38.938645,31.508786250000004,16.489489138836813,54.8,1519.0,1464.2,491.2825,604.3975392229439,1.0,16.0,15.0,10.0,6.363961030678928,2.0,4.0,2.0,3.0,1.0,0.6,2.2,1.6,1.2,0.66332495807108,0.82,3.44,2.62,2.3125,1.156662764162485,90.2,2334.0,2243.8,886.6,919.8660011110314,856.0,7470.0,6614.0,4163.0,3307.0,7.35,45.94,38.59,22.0025,14.41184647260718,0.02658,100.0,99.97342,26.96329,42.28701154756742,1.0,7.0,6.0,3.0,2.345207879911715,-3.0,-1.0,2.0,-2.0,0.7071067811865476,2.17e-05,2.17e-05,0.0,2.17e-05,0.0,3.1,120.0,116.9,61.55,58.45,198.0,198.0,0.0,198.0,0.0,0.363,196.0,195.637,98.1815,97.8185,1.3,1.3,0.0,1.3,0.0,0.4,6.0,5.6,3.2,2.8,628.0,970.0,0.0,706.0,0.0,7.2e-08,1.44e-06,1.368e-06,7.559999999999999e-07,6.839999999999999e-07,8.0,25.0,17.0,13.666666666666664,8.013876853447538,60.0,101.0,41.0,87.33333333333333,19.327585352432298,15.9994,54.938045,38.938645,28.97894833333333,18.355853286477103,54.8,1519.0,1464.2,542.8666666666667,690.2304993422285,7.0,16.0,9.0,13.0,4.242640687119285,2.0,4.0,2.0,2.6666666666666665,0.9428090415820634,0.6,1.4,0.7999999999999999,0.8666666666666666,0.3771236166328253,1.55,3.44,1.89,2.81,0.8909545442950498,90.2,2334.0,2243.8,838.1333333333333,1057.7374637509167,7470.0,7470.0,0.0,7470.0,0.0,7.35,17.36,10.01,14.023333333333332,4.718759253118227,0.02658,7.8,7.77342,2.61772,3.664425330007421,2.0,7.0,5.0,3.666666666666666,2.3570226039551585,-3.0,-2.0,1.0,-2.333333333333333,0.4714045207910317,2.17e-05,2.17e-05,0.0,2.17e-05,0.0,120.0,120.0,0.0,120.0,0.0,198.0,198.0,0.0,198.0,0.0,196.0,196.0,0.0,196.0,0.0,26.0,75.0,0.0,47.0,0.0,6.0,6.0,0.0,6.0,0.0,628.0,970.0,0.0,716.75,0.0,1.44e-06,1.44e-06,0.0,1.44e-06,0.0,39.0983,2.2,0.82,4.34066373,1.52,0.0,0.25,0.25,0.0,0.0,0.0,0.0,0.0,0.0,0.0,0.0,1.8811669354999967
K,K0-0.5MnO2,MnO2,KMn2O4,mp-aaaabcrz,8.0,25.0,17.0,14.428571428571429,7.650530193711933,10.0,101.0,91.0,76.28571428571428,32.44209912934684,15.9994,54.938045,38.938645,30.42457,17.359215845438865,54.8,1519.0,1464.2,513.39,643.0953668669323,1.0,16.0,15.0,11.285714285714285,5.749889084999459,2.0,4.0,2.0,2.8571428571428568,0.989743318610787,0.6,2.2,1.6,1.057142857142857,0.5827450872677469,0.82,3.44,2.62,2.5257142857142854,1.0794953469476525,90.2,2334.0,2243.8,865.8285714285714,981.6215705428962,856.0,7470.0,6614.0,5265.333333333333,3117.8695005118834,7.35,45.94,38.59,18.582857142857144,11.99255091925902,0.02658,100.0,99.97342,16.529474285714283,34.245162713358866,1.0,7.0,6.0,3.2857142857142856,2.3733211036908783,-3.0,-1.0,2.0,-2.142857142857143,0.6388765649999399,2.17e-05,2.17e-05,0.0,2.17e-05,0.0,3.1,120.0,116.9,81.03333333333333,55.107188480471606,198.0,198.0,0.0,198.0,0.0,0.363,196.0,195.637,130.78766666666667,92.22416623399504,1.3,1.3,0.0,1.3,0.0,0.4,6.0,5.6,4.133333333333334,2.6398653164297774,628.0,970.0,0.0,706.0,0.0,7.2e-08,1.44e-06,1.368e-06,9.839999999999998e-07,6.448813844421313e-07,8.0,25.0,17.0,13.666666666666664,8.013876853447538,60.0,101.0,41.0,87.33333333333333,19.327585352432298,15.9994,54.938045,38.938645,28.97894833333333,18.355853286477103,54.8,1519.0,1464.2,542.8666666666667,690.2304993422285,7.0,16.0,9.0,13.0,4.242640687119285,2.0,4.0,2.0,2.6666666666666665,0.9428090415820634,0.6,1.4,0.7999999999999999,0.8666666666666666,0.3771236166328253,1.55,3.44,1.89,2.81,0.8909545442950498,90.2,2334.0,2243.8,838.1333333333333,1057.7374637509167,7470.0,7470.0,0.0,7470.0,0.0,7.35,17.36,10.01,14.023333333333332,4.718759253118227,0.02658,7.8,7.77342,2.61772,3.664425330007421,2.0,7.0,5.0,3.666666666666666,2.3570226039551585,-3.0,-2.0,1.0,-2.333333333333333,0.4714045207910317,2.17e-05,2.17e-05,0.0,2.17e-05,0.0,120.0,120.0,0.0,120.0,0.0,198.0,198.0,0.0,198.0,0.0,196.0,196.0,0.0,196.0,0.0,26.0,75.0,0.0,47.0,0.0,6.0,6.0,0.0,6.0,0.0,628.0,970.0,0.0,716.75,0.0,1.44e-06,1.44e-06,0.0,1.44e-06,0.0,39.0983,2.2,0.82,4.34066373,1.52,0.0,0.142857142857142,0.142857142857142,0.0,0.0,0.0,0.0,0.0,0.0,0.0,0.0,1.750778330499997
K,K0-2MnP2O7,MnP2O7,K2MnP2O7,mp-aaabetlg,8.0,25.0,17.0,12.416666666666668,5.736699593165239,10.0,101.0,91.0,80.58333333333334,33.519791003060995,15.9994,54.938045,38.938645,25.58983075,12.675708815892593,54.8,1519.0,1464.2,267.52166666666665,397.6421796211877,1.0,16.0,15.0,12.583333333333334,5.722154800034298,2.0,4.0,2.0,2.666666666666667,0.8498365855987975,0.6,2.2,1.6,1.0,0.5887840577551898,0.82,3.44,2.62,2.6375,1.0286651949654626,90.2,2334.0,2243.8,510.7833333333333,652.479943284764,856.0,7470.0,6614.0,2565.6000000000004,2490.04069043058,7.35,45.94,38.59,21.2325,11.380205860030244,0.02658,100.0,99.97342,17.371504999999996,37.013202718640926,1.0,7.0,6.0,2.75,1.7853571071357126,-3.0,-1.0,2.0,-2.083333333333333,0.6400954789890506,2.17e-05,2.17e-05,0.0,2.17e-05,0.0,3.1,120.0,116.9,29.64,45.31792581308196,198.0,198.0,0.0,198.0,0.0,0.363,196.0,195.637,65.57533333333333,92.22416623399504,1.3,1.3,0.0,1.3,0.0,0.4,6.0,5.6,2.2666666666666666,2.6398653164297774,628.0,970.0,0.0,706.0,0.0,7.2e-08,1.44e-06,1.368e-06,3.568e-07,5.41744736937979e-07,8.0,25.0,17.0,11.1,5.3935146240647205,60.0,101.0,41.0,94.7,12.35354200219516,15.9994,54.938045,38.938645,22.8881369,12.20710509611471,54.8,1519.0,1464.2,253.72,434.28130008094985,7.0,16.0,9.0,14.9,2.6627053911388696,2.0,4.0,2.0,2.4,0.6633249580710799,0.6,1.4,0.7999999999999999,0.76,0.265329983228432,1.55,3.44,1.89,3.001,0.6906439024562513,90.2,2334.0,2243.8,406.54,667.5897365897712,1823.0,7470.0,5647.0,3705.333333333333,2662.021328906956,7.35,17.36,10.01,16.291,2.9833486219347543,0.02658,7.8,7.77342,0.8458060000000001,2.319535720320771,2.0,7.0,5.0,3.1,1.7578395831246945,-3.0,-2.0,1.0,-2.3,0.458257569495584,2.17e-05,2.17e-05,0.0,2.17e-05,0.0,11.0,120.0,109.0,47.333333333333336,51.38309276622245,198.0,198.0,0.0,198.0,0.0,196.0,196.0,0.0,196.0,0.0,26.0,75.0,0.0,47.0,0.0,6.0,6.0,0.0,6.0,0.0,628.0,970.0,0.0,716.75,0.0,1e-07,1.44e-06,1.34e-06,5.466666666666666e-07,6.316820578599824e-07,39.0983,2.2,0.82,4.34066373,1.52,0.0,0.166666666666666,0.166666666666666,0.0,0.0,0.0,0.0,0.0,0.0,0.0,0.0,3.951765615500001
K,K0-1Mn4(PO4)3,Mn4(PO4)3,KMn4(PO4)3,mp-aaabcsdy,8.0,25.0,17.0,13.0,6.797058187186572,10.0,101.0,91.0,86.6,23.68628295026469,15.9994,54.938045,38.938645,27.1882283,15.439119884788791,54.8,1519.0,1464.2,401.1015,568.4682279976164,1.0,16.0,15.0,13.3,4.5066617356975,2.0,4.0,2.0,2.65,0.852936105461599,0.6,2.2,1.6,0.9,0.4358898943540674,0.82,3.44,2.62,2.7435,0.8982776575202124,90.2,2334.0,2243.8,655.02,874.0525290850659,856.0,7470.0,6614.0,4525.625,2959.22434674612,7.35,45.94,38.59,16.735999999999997,7.778740515019125,0.02658,100.0,99.97342,6.611348,21.64409517445199,1.0,7.0,6.0,3.4000000000000004,2.107130750570548,-3.0,-1.0,2.0,-2.3,0.5567764362830022,2.17e-05,2.17e-05,0.0,2.17e-05,0.0,3.1,120.0,116.9,64.5125,55.54019799883684,198.0,198.0,0.0,198.0,0.0,0.363,196.0,195.637,156.8726,78.2548,1.3,1.3,0.0,1.3,0.0,0.4,6.0,5.6,4.880000000000001,2.24,628.0,970.0,0.0,706.0,0.0,7.2e-08,1.44e-06,1.368e-06,7.665e-07,6.735545634913329e-07,8.0,25.0,17.0,12.684210526315788,6.829137508761514,60.0,101.0,41.0,90.6315789473684,16.294043232891777,15.9994,54.938045,38.938645,26.56138242105263,15.590167058075522,54.8,1519.0,1464.2,404.5,583.0380325231117,7.0,16.0,9.0,13.94736842105263,3.605167113588149,2.0,4.0,2.0,2.578947368421052,0.8153649149910351,0.6,1.4,0.7999999999999999,0.831578947368421,0.326145965996414,1.55,3.44,1.89,2.844736842105263,0.8027411486902574,90.2,2334.0,2243.8,635.1789473684211,892.3582851245742,1823.0,7470.0,5647.0,5049.857142857143,2794.540260097557,7.35,17.36,10.01,15.198947368421052,4.054979907454721,0.02658,7.8,7.77342,1.696155789473684,3.152890246104718,2.0,7.0,5.0,3.526315789473684,2.086760800168317,-3.0,-2.0,1.0,-2.3684210526315788,0.48237638894272,2.17e-05,2.17e-05,0.0,2.17e-05,0.0,11.0,120.0,109.0,73.28571428571428,53.94101086428789,198.0,198.0,0.0,198.0,0.0,196.0,196.0,0.0,196.0,0.0,26.0,75.0,0.0,47.0,0.0,6.0,6.0,0.0,6.0,0.0,628.0,970.0,0.0,716.75,0.0,1e-07,1.44e-06,1.34e-06,8.657142857142856e-07,6.631280234692273e-07,39.0983,2.2,0.82,4.34066373,1.52,0.0,0.05,0.05,0.0,0.0,0.0,0.0,0.0,0.0,0.0,0.0,4.1882415929999794
K,K0-1Mn6P7O24,Mn6P7O24,KMn6P7O24,mp-aaabcrvc,8.0,25.0,17.0,12.263157894736842,6.298221179642775,10.0,101.0,91.0,90.10526315789473,19.67069617702034,15.9994,54.938045,38.938645,25.513908,14.290690266059512,54.8,1519.0,1464.2,341.75868421052627,520.5231300294321,1.0,16.0,15.0,14.0,3.85937000585656,2.0,4.0,2.0,2.552631578947368,0.7846342903092406,0.6,2.2,1.6,0.8421052631578947,0.3732020610786492,0.82,3.44,2.62,2.8423684210526314,0.8217805899083638,90.2,2334.0,2243.8,553.9684210526315,801.3417452541584,856.0,7470.0,6614.0,4174.071428571428,2864.5770933018,7.35,45.94,38.59,16.468947368421052,6.045126697324349,0.02658,100.0,99.97342,3.923418947368421,16.043120029703466,1.0,7.0,6.0,3.31578947368421,1.9749118988730228,-3.0,-1.0,2.0,-2.3157894736842106,0.5183609369366371,2.17e-05,2.17e-05,0.0,2.17e-05,0.0,3.1,120.0,116.9,57.14999999999999,54.46551661372542,198.0,198.0,0.0,198.0,0.0,0.363,196.0,195.637,168.05185714285713,68.45868925841037,1.3,1.3,0.0,1.3,0.0,0.4,6.0,5.6,5.199999999999999,1.9595917942265424,628.0,970.0,0.0,706.0,0.0,7.2e-08,1.44e-06,1.368e-06,6.722857142857143e-07,6.648969231146636e-07,8.0,25.0,17.0,12.081081081081082,6.283304253716926,60.0,101.0,41.0,92.27027027027027,14.80804866727414,15.9994,54.938045,38.938645,25.146762270270276,14.304584709327049,54.8,1519.0,1464.2,341.90000000000003,527.509611030671,7.0,16.0,9.0,14.351351351351353,3.256728720300988,2.0,4.0,2.0,2.5135135135135136,0.7577213929122263,0.6,1.4,0.7999999999999999,0.8054054054054054,0.3030885571648905,1.55,3.44,1.89,2.8970270270270277,0.761608769768612,90.2,2334.0,2243.8,541.0486486486487,808.1837540658755,1823.0,7470.0,5647.0,4429.307692307692,2815.134055685322,7.35,17.36,10.01,15.672432432432434,3.663693606188872,0.02658,7.8,7.77342,1.3267545945945944,2.8489758757638324,2.0,7.0,5.0,3.3783783783783785,1.9638813107659403,-3.0,-2.0,1.0,-2.3513513513513518,0.4773924792609647,2.17e-05,2.17e-05,0.0,2.17e-05,0.0,11.0,120.0,109.0,61.30769230769231,54.3385181635736,198.0,198.0,0.0,198.0,0.0,196.0,196.0,0.0,196.0,0.0,26.0,75.0,0.0,47.0,0.0,6.0,6.0,0.0,6.0,0.0,628.0,970.0,0.0,716.75,0.0,1e-07,1.44e-06,1.34e-06,7.184615384615385e-07,6.680148104512718e-07,39.0983,2.2,0.82,4.34066373,1.52,0.0,0.026315789473684,0.026315789473684,0.0,0.0,0.0,0.0,0.0,0.0,0.0,0.0,4.217401943000048
K,K0-1Mn(PO3)3,Mn(PO3)3,KMn(PO3)3,mp-aaabcscd,8.0,25.0,17.0,11.5,5.247448359509056,10.0,101.0,91.0,89.21428571428572,24.466240797791357,15.9994,54.938045,38.938645,23.63944507142857,11.665846873485982,54.8,1519.0,1464.2,235.7592857142857,375.2641450358531,1.0,16.0,15.0,14.071428571428571,4.283928199249671,2.0,4.0,2.0,2.5,0.7319250547113999,0.6,2.2,1.6,0.8571428571428572,0.4435478484645721,0.82,3.44,2.62,2.8500000000000005,0.8556785110575783,90.2,2334.0,2243.8,416.2714285714285,601.6262323647363,856.0,7470.0,6614.0,2759.0,2385.087755198957,7.35,45.94,38.59,18.613571428571426,7.997156286672743,0.02658,100.0,99.97342,7.767658571428571,25.65749983771881,1.0,7.0,6.0,2.928571428571429,1.7098156005122604,-3.0,-1.0,2.0,-2.2142857142857144,0.5578749768504754,2.17e-05,2.17e-05,0.0,2.17e-05,0.0,3.1,120.0,116.9,31.22,44.49532110233614,198.0,198.0,0.0,198.0,0.0,0.363,196.0,195.637,98.1815,97.8185,1.3,1.3,0.0,1.3,0.0,0.4,6.0,5.6,3.2,2.8,628.0,970.0,0.0,706.0,0.0,7.2e-08,1.44e-06,1.368e-06,3.624000000000001e-07,5.3890912035333e-07,8.0,25.0,17.0,10.923076923076923,4.999408249006745,60.0,101.0,41.0,95.3076923076923,11.172663172532497,15.9994,54.938045,38.938645,22.450302384615384,11.25894101411538,54.8,1519.0,1464.2,228.0076923076923,388.3484388288801,7.0,16.0,9.0,15.076923076923077,2.3684314335908696,2.0,4.0,2.0,2.3846153846153846,0.6249260311258431,0.6,1.4,0.7999999999999999,0.7538461538461538,0.2499704124503372,1.55,3.44,1.89,3.0061538461538464,0.6686788174802202,90.2,2334.0,2243.8,368.9076923076923,598.6570129645168,1823.0,7470.0,5647.0,3234.75,2445.2227275853625,7.35,17.36,10.01,16.51153846153846,2.648488236868044,0.02658,7.8,7.77342,0.6728630769230769,2.059271064159073,2.0,7.0,5.0,3.076923076923077,1.6853001769389728,-3.0,-2.0,1.0,-2.3076923076923075,0.4615384615384615,2.17e-05,2.17e-05,0.0,2.17e-05,0.0,11.0,120.0,109.0,38.25,47.19838450625191,198.0,198.0,0.0,198.0,0.0,196.0,196.0,0.0,196.0,0.0,26.0,75.0,0.0,47.0,0.0,6.0,6.0,0.0,6.0,0.0,628.0,970.0,0.0,716.75,0.0,1e-07,1.44e-06,1.34e-06,4.35e-07,5.80237020535574e-07,39.0983,2.2,0.82,4.34066373,1.52,0.0,0.071428571428571,0.071428571428571,0.0,0.0,0.0,0.0,0.0,0.0,0.0,0.0,4.433574228000005
K,K0-1ReO3,ReO3,KReO3,mp-aaaaaahi,8.0,75.0,67.0,23.6,26.05071975973025,10.0,101.0,91.0,74.19999999999999,36.16296448025245,15.9994,186.207,170.2076,54.6607,66.37877023645436,54.8,3459.0,3404.2,791.9860000000001,1337.9636347763717,1.0,16.0,15.0,11.2,6.177378084592201,2.0,6.0,4.0,3.2,1.6,0.6,2.2,1.6,1.07,0.6352952069707438,0.82,3.44,2.62,2.608,1.0746980971417044,90.2,5869.0,5778.8,1434.32,2247.141464527768,856.0,21020.0,20164.0,10938.0,10082.0,8.86,45.94,37.08,21.376,12.715542615240608,0.02658,100.0,99.97342,29.615948000000003,39.79567875987463,1.0,7.0,6.0,2.8,2.1354156504062622,-3.0,-1.0,2.0,-2.0,0.6324555320336759,6.2e-06,6.2e-06,0.0,6.2e-06,0.0,3.1,370.0,366.9,186.55,183.45,463.0,463.0,0.0,463.0,0.0,0.363,1320.0,1319.637,660.1815,659.8185,1.3,178.0,176.7,89.65,88.35,0.4,7.0,6.6,3.7,3.3000000000000003,2450.0,2450.0,0.0,2450.0,0.0,7.2e-08,1.93e-07,1.2099999999999998e-07,1.325e-07,6.05e-08,8.0,75.0,67.0,24.75,29.011851026778693,58.0,101.0,43.0,90.25,18.619546181365436,15.9994,186.207,170.2076,58.5513,73.7020527585901,54.8,3459.0,3404.2,905.85,1474.061839781493,7.0,16.0,9.0,13.75,3.897114317029974,2.0,6.0,4.0,3.0,1.7320508075688772,0.6,1.35,0.7500000000000001,0.7875,0.3247595264191645,1.9,3.44,1.54,3.055,0.6668395609140177,90.2,5869.0,5778.8,1534.9,2502.2938016947573,21020.0,21020.0,0.0,21020.0,0.0,8.86,17.36,8.5,15.235,3.680607966083864,0.02658,48.0,47.97342,12.019935,20.77310021321023,2.0,7.0,5.0,3.25,2.165063509461097,-3.0,-2.0,1.0,-2.25,0.4330127018922193,6.2e-06,6.2e-06,0.0,6.2e-06,0.0,370.0,370.0,0.0,370.0,0.0,463.0,463.0,0.0,463.0,0.0,1320.0,1320.0,0.0,1320.0,0.0,178.0,178.0,0.0,178.0,0.0,7.0,7.0,0.0,7.0,0.0,2450.0,2450.0,0.0,2450.0,0.0,1.93e-07,1.93e-07,0.0,1.93e-07,0.0,39.0983,2.2,0.82,4.34066373,1.52,0.0,0.2,0.2,0.0,0.0,0.0,0.0,0.0,0.0,0.0,0.0,1.8922278629999951
K,K0-1SbO3,SbO3,KSbO3,mp-aaabpicj,8.0,51.0,43.0,18.8,16.65412861725284,10.0,101.0,91.0,80.19999999999999,35.45927241216323,15.9994,121.76,105.7606,41.7713,40.98270255978734,54.8,903.78,848.98,280.942,329.9811547588741,1.0,16.0,15.0,12.8,5.912698199637793,2.0,5.0,3.0,3.0,1.2649110640673518,0.6,2.2,1.6,1.09,0.6452906321960672,0.82,3.44,2.62,2.638,1.0564544476691835,90.2,1860.0,1769.8,632.52,713.9501898592085,856.0,6697.0,5841.0,3776.5,2920.5,17.36,45.94,28.58,23.242,11.353551690990797,0.02658,100.0,99.97342,24.815948,38.72168835109255,1.0,5.0,4.0,2.4,1.3564659966250536,-3.0,-1.0,2.0,-2.0,0.6324555320336759,1.1e-05,1.1e-05,0.0,1.1e-05,0.0,3.1,42.0,38.9,22.55,19.45,55.0,55.0,0.0,55.0,0.0,0.363,294.0,293.637,147.1815,146.8185,1.3,20.0,18.7,10.65,9.35,0.4,3.0,2.6,1.7,1.3,628.0,970.0,0.0,706.0,0.0,7.2e-08,4.17e-07,3.45e-07,2.445e-07,1.725e-07,8.0,51.0,43.0,18.75,18.619546181365436,88.0,101.0,13.0,97.75,5.629165124598851,15.9994,121.76,105.7606,42.43955,45.795683159742254,54.8,903.78,848.98,267.045,367.6191236524564,15.0,16.0,1.0,15.75,0.4330127018922193,2.0,5.0,3.0,2.75,1.299038105676658,0.6,1.45,0.85,0.8125,0.3680607966083864,2.05,3.44,1.39,3.0925,0.6018876556301849,90.2,1860.0,1769.8,532.65,766.3458798088498,6697.0,6697.0,0.0,6697.0,0.0,17.36,18.19,0.8300000000000018,17.5675,0.3594005425705428,0.02658,24.0,23.97342,6.019935,10.380795367796969,2.0,5.0,3.0,2.75,1.299038105676658,-3.0,-2.0,1.0,-2.25,0.4330127018922193,1.1e-05,1.1e-05,0.0,1.1e-05,0.0,42.0,42.0,0.0,42.0,0.0,55.0,55.0,0.0,55.0,0.0,294.0,294.0,0.0,294.0,0.0,20.0,20.0,0.0,20.0,0.0,3.0,3.0,0.0,3.0,0.0,628.0,970.0,0.0,716.75,0.0,4.17e-07,4.17e-07,0.0,4.17e-07,0.0,39.0983,2.2,0.82,4.34066373,1.52,0.0,0.2,0.2,0.0,0.0,0.0,0.0,0.0,0.0,0.0,0.0,4.716889872999999
K,K2-3Ti8O17,K2Ti8O17,K3Ti8O17,mp-aaabrjql,8.0,22.0,14.0,13.178571428571429,6.492047725754131,10.0,101.0,91.0,76.96428571428571,31.99718976818471,15.9994,47.867,31.8676,27.579310714285715,14.602333083506585,54.8,1941.0,1886.2,623.8996428571429,837.3349645643704,1.0,16.0,15.0,10.964285714285714,6.315978279938355,2.0,4.0,2.0,2.7857142857142856,0.9767710236555244,0.6,2.2,1.6,1.0,0.5451081150953975,0.82,3.44,2.62,2.616428571428571,1.0433743824921218,90.2,3560.0,3469.8,1182.4785714285715,1530.3014253401054,856.0,4507.0,3651.0,3511.2727272727275,1626.0158274366152,10.64,45.94,35.3,18.502142857142857,9.95559905535676,0.02658,100.0,99.97342,17.01613785714286,30.334234242605135,1.0,4.0,3.0,2.4642857142857144,1.0170736332784387,-2.0,-1.0,1.0,-1.607142857142857,0.4883855118277622,8.6e-06,8.6e-06,0.0,8.6e-06,0.0,3.1,110.0,106.9,80.84545454545454,47.609173364276685,116.0,116.0,0.0,116.0,0.0,0.363,716.0,715.637,520.8262727272728,318.71736201020457,1.3,44.0,42.7,32.35454545454545,19.01694763942576,0.4,6.0,5.6,4.472727272727273,2.49402591992469,970.0,970.0,0.0,970.0,0.0,7.2e-08,4.2e-07,3.48e-07,3.250909090909091e-07,1.549858964524629e-07,8.0,22.0,14.0,12.962962962962962,6.511991681912295,10.0,101.0,91.0,79.44444444444444,29.82459006993233,15.9994,47.867,31.8676,27.15268148148148,14.69792909292898,54.8,1941.0,1886.2,634.5429629629629,850.8382733987169,1.0,16.0,15.0,11.333333333333334,6.128258770283412,2.0,4.0,2.0,2.7407407407407405,0.9658077637337256,0.6,2.2,1.6,0.9555555555555556,0.5028314888437672,0.82,3.44,2.62,2.6829629629629625,1.0024961986251557,90.2,3560.0,3469.8,1188.0518518518518,1558.1036218976722,856.0,4507.0,3651.0,3776.8,1460.4,10.64,45.94,35.3,17.485925925925926,8.594726746462907,0.02658,100.0,99.97342,13.94266148148148,26.263106895263316,1.0,4.0,3.0,2.518518518518518,0.9951873216699556,-2.0,-1.0,1.0,-1.6296296296296298,0.4829038818668628,8.6e-06,8.6e-06,0.0,8.6e-06,0.0,3.1,110.0,106.9,88.62,42.760000000000005,116.0,116.0,0.0,116.0,0.0,0.363,716.0,715.637,572.8726,286.2548,1.3,44.0,42.7,35.46,17.080000000000002,0.4,6.0,5.6,4.880000000000001,2.24,970.0,970.0,0.0,970.0,0.0,7.2e-08,4.2e-07,3.48e-07,3.504000000000001e-07,1.392e-07,39.0983,2.2,0.82,4.34066373,1.52,0.074074074074074,0.107142857142857,0.033068783068783,0.0,0.0,0.0,0.0,0.0,0.0,0.0,0.0,1.492549683000014
K,K0-0.17TiO2,TiO2,KTi6O12,mp-aaadbslf,8.0,22.0,14.0,13.0,6.577473519120913,10.0,101.0,91.0,80.42105263157895,28.31647426289933,15.9994,47.867,31.8676,27.27858421052631,14.88489666729556,54.8,1941.0,1886.2,665.27,868.9096505572826,1.0,16.0,15.0,11.421052631578949,6.029015713274774,2.0,4.0,2.0,2.736842105263157,0.96475277788544,0.6,2.2,1.6,0.9368421052631578,0.4726304067503926,0.82,3.44,2.62,2.7021052631578946,0.978159275305937,90.2,3560.0,3469.8,1235.494736842105,1592.7757768234223,856.0,4507.0,3651.0,3985.428571428571,1277.5838644144833,10.64,45.94,35.3,16.742105263157896,7.541159745338189,0.02658,100.0,99.97342,12.227313684210523,23.014150886205048,1.0,4.0,3.0,2.578947368421052,0.9902572485382516,-2.0,-1.0,1.0,-1.631578947368421,0.48237638894272,8.6e-06,8.6e-06,0.0,8.6e-06,0.0,3.1,110.0,106.9,94.7285714285714,37.40720764336025,116.0,116.0,0.0,116.0,0.0,0.363,716.0,715.637,613.7661428571428,250.4207844365893,1.3,44.0,42.7,37.9,14.941887430977388,0.4,6.0,5.6,5.199999999999999,1.9595917942265424,970.0,970.0,0.0,970.0,0.0,7.2e-08,4.2e-07,3.48e-07,3.702857142857143e-07,1.2177463292693513e-07,8.0,22.0,14.0,12.666666666666666,6.599663291074443,51.0,101.0,50.0,84.33333333333333,23.570226039551585,15.9994,47.867,31.8676,26.62193333333333,15.022530706760278,54.8,1941.0,1886.2,683.5333333333333,889.163207116044,4.0,16.0,12.0,12.0,5.656854249492381,2.0,4.0,2.0,2.6666666666666665,0.9428090415820634,0.6,1.4,0.7999999999999999,0.8666666666666666,0.3771236166328253,1.54,3.44,1.9,2.806666666666666,0.8956685895029601,90.2,3560.0,3469.8,1246.8,1635.6794062407216,4507.0,4507.0,0.0,4507.0,0.0,10.64,17.36,6.719999999999999,15.12,3.1678383797157323,0.02658,22.0,21.97342,7.351053333333333,10.358369525240072,2.0,4.0,2.0,2.6666666666666665,0.9428090415820634,-2.0,-1.0,1.0,-1.6666666666666663,0.4714045207910317,8.6e-06,8.6e-06,0.0,8.6e-06,0.0,110.0,110.0,0.0,110.0,0.0,116.0,116.0,0.0,116.0,0.0,716.0,716.0,0.0,716.0,0.0,44.0,44.0,0.0,44.0,0.0,6.0,6.0,0.0,6.0,0.0,970.0,970.0,0.0,970.0,0.0,4.2e-07,4.2e-07,0.0,4.2e-07,0.0,39.0983,2.2,0.82,4.34066373,1.52,0.0,0.052631578947368,0.052631578947368,0.0,0.0,0.0,0.0,0.0,0.0,0.0,0.0,2.503978578000001
K,K0-0.25VO2,VO2,KV4O8,mp-aaacujhr,8.0,23.0,15.0,13.461538461538463,6.979259213670003,10.0,101.0,91.0,79.53846153846155,29.25909558677802,15.9994,50.9415,34.9421,28.527653846153846,16.117161692318266,54.8,2183.0,2128.2,731.3023076923077,970.5982656561234,1.0,16.0,15.0,11.461538461538462,5.825875762695842,2.0,4.0,2.0,2.769230769230769,0.9730085108210398,0.6,2.2,1.6,0.953846153846154,0.494765499411877,0.82,3.44,2.62,2.681538461538461,0.9802028530544556,90.2,3680.0,3589.8,1267.2000000000005,1627.2763086259768,856.0,6110.0,5254.0,5059.2,2101.6,8.32,45.94,37.62,16.776923076923076,9.361472093816957,0.02658,100.0,99.97342,17.247126153846153,27.703071149665128,1.0,5.0,4.0,2.8461538461538463,1.4595127662315597,-2.0,-1.0,1.0,-1.6153846153846154,0.4865042554105199,8.4e-06,8.4e-06,0.0,8.4e-06,0.0,3.1,160.0,156.9,128.62,62.760000000000005,128.0,128.0,0.0,128.0,0.0,0.363,628.0,627.637,502.47260000000006,251.0548,1.3,47.0,45.7,37.86,18.28,0.4,7.0,6.6,5.680000000000001,2.64,628.0,628.0,0.0,628.0,0.0,7.2e-08,1.97e-07,1.2500000000000002e-07,1.72e-07,5e-08,8.0,23.0,15.0,13.0,7.071067811865475,54.0,101.0,47.0,85.33333333333333,22.15601247717849,15.9994,50.9415,34.9421,27.646766666666664,16.471863905932306,54.8,2183.0,2128.2,764.1999999999999,1003.2431011474736,5.0,16.0,11.0,12.333333333333332,5.185449728701348,2.0,4.0,2.0,2.6666666666666665,0.9428090415820634,0.6,1.35,0.7500000000000001,0.85,0.3535533905932738,1.63,3.44,1.81,2.836666666666666,0.8532421826317673,90.2,3680.0,3589.8,1286.8,1692.2479487356454,6110.0,6110.0,0.0,6110.0,0.0,8.32,17.36,9.04,14.346666666666666,4.2614968679509255,0.02658,31.0,30.97342,10.351053333333333,14.601010212359355,2.0,5.0,3.0,3.0,1.4142135623730951,-2.0,-1.0,1.0,-1.6666666666666663,0.4714045207910317,8.4e-06,8.4e-06,0.0,8.4e-06,0.0,160.0,160.0,0.0,160.0,0.0,128.0,128.0,0.0,128.0,0.0,628.0,628.0,0.0,628.0,0.0,47.0,47.0,0.0,47.0,0.0,7.0,7.0,0.0,7.0,0.0,628.0,628.0,0.0,628.0,0.0,1.97e-07,1.97e-07,0.0,1.97e-07,0.0,39.0983,2.2,0.82,4.34066373,1.52,0.0,0.076923076923076,0.076923076923076,0.0,0.0,0.0,0.0,0.0,0.0,0.0,0.0,2.708001232999997
K,K0-1V6O11,V6O11,KV6O11,mp-aaabwisn,8.0,23.0,15.0,13.61111111111111,7.087852588830248,10.0,101.0,91.0,80.27777777777779,27.6943747909522,15.9994,50.9415,34.9421,28.930038888888888,16.414146504231542,54.8,2183.0,2128.2,779.8516666666667,994.2105937445492,1.0,16.0,15.0,11.5,5.7081812631812365,2.0,4.0,2.0,2.7777777777777777,0.9749960430435692,0.6,2.2,1.6,0.9388888888888888,0.4635477787778478,0.82,3.44,2.62,2.691111111111111,0.955277091208438,90.2,3680.0,3589.8,1339.122222222222,1668.8394265861514,856.0,6110.0,5254.0,5359.4285714285725,1838.517015511831,8.32,45.94,37.62,15.934444444444445,8.401607797335394,0.02658,100.0,99.97342,15.90513222222222,24.958286993107464,1.0,5.0,4.0,2.9444444444444446,1.4709113660970807,-2.0,-1.0,1.0,-1.6111111111111112,0.4874980215217845,8.4e-06,8.4e-06,0.0,8.4e-06,0.0,3.1,160.0,156.9,137.58571428571432,54.90356294895439,128.0,128.0,0.0,128.0,0.0,0.363,628.0,627.637,538.3375714285714,219.62719909874363,1.3,47.0,45.7,40.471428571428575,15.991668749313035,0.4,7.0,6.6,6.057142857142857,2.3095189003384253,628.0,628.0,0.0,628.0,0.0,7.2e-08,1.97e-07,1.2500000000000002e-07,1.7914285714285718e-07,4.3740888263985334e-08,8.0,23.0,15.0,13.294117647058826,7.168269180561142,54.0,101.0,47.0,84.41176470588236,22.460576765758244,15.9994,50.9415,34.9421,28.33190588235294,16.698291902272363,54.8,2183.0,2128.2,805.929411764706,1017.0340313380148,5.0,16.0,11.0,12.11764705882353,5.256730732411504,2.0,4.0,2.0,2.7058823529411766,0.9557692240748188,0.6,1.35,0.7500000000000001,0.8647058823529412,0.3584134590280571,1.63,3.44,1.81,2.8011764705882354,0.8649711477877111,90.2,3680.0,3589.8,1357.1882352941177,1715.5101802918923,6110.0,6110.0,0.0,6110.0,0.0,8.32,17.36,9.04,14.169411764705885,4.320076892818181,0.02658,31.0,30.97342,10.958375294117648,14.801720800171738,2.0,5.0,3.0,3.058823529411765,1.4336538361122282,-2.0,-1.0,1.0,-1.647058823529412,0.4778846120374094,8.4e-06,8.4e-06,0.0,8.4e-06,0.0,160.0,160.0,0.0,160.0,0.0,128.0,128.0,0.0,128.0,0.0,628.0,628.0,0.0,628.0,0.0,47.0,47.0,0.0,47.0,0.0,7.0,7.0,0.0,7.0,0.0,628.0,628.0,0.0,628.0,0.0,1.97e-07,1.97e-07,0.0,1.97e-07,0.0,39.0983,2.2,0.82,4.34066373,1.52,0.0,0.055555555555555,0.055555555555555,0.0,0.0,0.0,0.0,0.0,0.0,0.0,0.0,2.8488385429999923
K,K0-0.33WO3,WO3,K(WO3)3,mp-aaaabwig,8.0,74.0,66.0,24.07692307692308,27.49674536953709,10.0,101.0,91.0,83.38461538461539,28.54830848158544,15.9994,183.84,167.8406,56.50868461538462,70.00655594884114,54.8,3695.0,3640.2,916.5176923076924,1523.641739558694,1.0,16.0,15.0,12.538461538461538,5.32938710021193,2.0,6.0,4.0,3.0769230769230766,1.6853001769389728,0.6,2.2,1.6,0.8961538461538462,0.4889004690517829,0.82,3.44,2.62,2.9892307692307694,0.7707185612087697,90.2,5828.0,5737.8,1486.7538461538463,2390.6761092645497,856.0,19250.0,18394.0,14651.5,7964.835638605482,9.47,45.94,36.47,17.737692307692306,8.77811189953227,0.02658,170.0,169.97342,46.94147846153847,72.35302085897555,1.0,6.0,5.0,2.846153846153846,1.7473564140923918,-2.0,-1.0,1.0,-1.9230769230769231,0.2664693550105965,4.5e-06,4.5e-06,0.0,4.5e-06,0.0,3.1,310.0,306.9,233.275,132.89159821072212,411.0,411.0,0.0,411.0,0.0,0.363,2570.0,2569.637,1927.59075,1112.685460252217,1.3,161.0,159.7,121.075,69.15212849218743,0.4,7.5,7.1,5.725,3.074390183434757,3430.0,3430.0,0.0,3430.0,0.0,5.28e-08,7.2e-08,1.9199999999999997e-08,5.76e-08,8.313843876330608e-09,8.0,74.0,66.0,24.5,28.57883832488648,55.0,101.0,46.0,89.5,19.91858428704209,15.9994,183.84,167.8406,57.95955,72.67711169321123,54.8,3695.0,3640.2,964.85,1576.2528374280569,6.0,16.0,10.0,13.5,4.330127018922194,2.0,6.0,4.0,3.0,1.7320508075688772,0.6,1.35,0.7500000000000001,0.7875,0.3247595264191645,2.36,3.44,1.08,3.17,0.4676537180435969,90.2,5828.0,5737.8,1524.65,2484.540280917176,19250.0,19250.0,0.0,19250.0,0.0,9.47,17.36,7.889999999999999,15.3875,3.41647021792961,0.02658,170.0,169.97342,42.519935,73.60064984406098,2.0,6.0,4.0,3.0,1.7320508075688772,-2.0,-2.0,0.0,-2.0,0.0,4.5e-06,4.5e-06,0.0,4.5e-06,0.0,310.0,310.0,0.0,310.0,0.0,411.0,411.0,0.0,411.0,0.0,2570.0,2570.0,0.0,2570.0,0.0,161.0,161.0,0.0,161.0,0.0,7.5,7.5,0.0,7.5,0.0,3430.0,3430.0,0.0,3430.0,0.0,5.28e-08,5.28e-08,0.0,5.28e-08,0.0,39.0983,2.2,0.82,4.34066373,1.52,0.0,0.076923076923076,0.076923076923076,0.0,0.0,0.0,0.0,0.0,0.0,0.0,0.0,2.820298737999998
K,K0-0.45WO3,WO3,K9(WO3)20,mp-aaabptbu,8.0,74.0,66.0,23.9438202247191,27.146030210555647,10.0,101.0,91.0,81.46067415730336,30.514338563574967,15.9994,183.84,167.8406,56.05223258426966,69.13875938390866,54.8,3695.0,3640.2,901.31202247191,1506.3894447112548,1.0,16.0,15.0,12.235955056179774,5.572852479836964,2.0,6.0,4.0,3.1011235955056176,1.6695888198657716,0.6,2.2,1.6,0.9303370786516856,0.525507672012764,0.82,3.44,2.62,2.932359550561798,0.8358028132481404,90.2,5828.0,5737.8,1474.8314606741571,2360.2482274519352,856.0,19250.0,18394.0,13541.51724137931,8509.703664440924,9.47,45.94,36.47,18.477078651685392,9.764260467488562,0.02658,170.0,169.97342,48.33252584269663,71.89982892526838,1.0,6.0,5.0,2.797752808988764,1.7493483555980731,-2.0,-1.0,1.0,-1.898876404494382,0.3014923115730054,4.5e-06,4.5e-06,0.0,4.5e-06,0.0,3.1,310.0,306.9,214.75517241379308,141.98260599200387,411.0,411.0,0.0,411.0,0.0,0.363,2570.0,2569.637,1772.526448275862,1188.803381275578,1.3,161.0,159.7,111.43793103448276,73.88277020828615,0.4,7.5,7.1,5.29655172413793,3.2847067531548637,3430.0,3430.0,0.0,3430.0,0.0,5.28e-08,7.2e-08,1.9199999999999997e-08,5.8758620689655174e-08,8.882587276137092e-09,8.0,74.0,66.0,24.5,28.57883832488648,55.0,101.0,46.0,89.5,19.91858428704209,15.9994,183.84,167.8406,57.95955,72.67711169321123,54.8,3695.0,3640.2,964.85,1576.2528374280569,6.0,16.0,10.0,13.5,4.330127018922194,2.0,6.0,4.0,3.0,1.7320508075688772,0.6,1.35,0.7500000000000001,0.7875,0.3247595264191645,2.36,3.44,1.08,3.17,0.4676537180435969,90.2,5828.0,5737.8,1524.65,2484.540280917176,19250.0,19250.0,0.0,19250.0,0.0,9.47,17.36,7.889999999999999,15.3875,3.41647021792961,0.02658,170.0,169.97342,42.519935,73.60064984406098,2.0,6.0,4.0,3.0,1.7320508075688772,-2.0,-2.0,0.0,-2.0,0.0,4.5e-06,4.5e-06,0.0,4.5e-06,0.0,310.0,310.0,0.0,310.0,0.0,411.0,411.0,0.0,411.0,0.0,2570.0,2570.0,0.0,2570.0,0.0,161.0,161.0,0.0,161.0,0.0,7.5,7.5,0.0,7.5,0.0,3430.0,3430.0,0.0,3430.0,0.0,5.28e-08,5.28e-08,0.0,5.28e-08,0.0,39.0983,2.2,0.82,4.34066373,1.52,0.0,0.101123595505617,0.101123595505617,0.0,0.0,0.0,0.0,0.0,0.0,0.0,0.0,2.754799306333344
K,K0-1WO3,WO3,KWO3,mp-aaaflmlc,8.0,74.0,66.0,23.4,25.65618833731932,10.0,101.0,91.0,73.6,36.45051439966246,15.9994,183.84,167.8406,54.1873,65.44073296887804,54.8,3695.0,3640.2,839.186,1432.069889909009,1.0,16.0,15.0,11.0,6.324555320336759,2.0,6.0,4.0,3.2,1.6,0.6,2.2,1.6,1.07,0.6352952069707438,0.82,3.44,2.62,2.7,1.0288634506094578,90.2,5828.0,5737.8,1426.12,2230.960548642669,856.0,19250.0,18394.0,10053.0,9197.0,9.47,45.94,36.47,21.498,12.597247953422208,0.02658,170.0,169.97342,54.015948,69.7300350319655,1.0,6.0,5.0,2.6,1.743559577416269,-2.0,-1.0,1.0,-1.8,0.4,4.5e-06,4.5e-06,0.0,4.5e-06,0.0,3.1,310.0,306.9,156.55,153.45,411.0,411.0,0.0,411.0,0.0,0.363,2570.0,2569.637,1285.1815,1284.8185,1.3,161.0,159.7,81.15,79.85,0.4,7.5,7.1,3.95,3.5500000000000003,3430.0,3430.0,0.0,3430.0,0.0,5.28e-08,7.2e-08,1.9199999999999997e-08,6.24e-08,9.599999999999997e-09,8.0,74.0,66.0,24.5,28.57883832488648,55.0,101.0,46.0,89.5,19.91858428704209,15.9994,183.84,167.8406,57.95955,72.67711169321123,54.8,3695.0,3640.2,964.85,1576.2528374280569,6.0,16.0,10.0,13.5,4.330127018922194,2.0,6.0,4.0,3.0,1.7320508075688772,0.6,1.35,0.7500000000000001,0.7875,0.3247595264191645,2.36,3.44,1.08,3.17,0.4676537180435969,90.2,5828.0,5737.8,1524.65,2484.540280917176,19250.0,19250.0,0.0,19250.0,0.0,9.47,17.36,7.889999999999999,15.3875,3.41647021792961,0.02658,170.0,169.97342,42.519935,73.60064984406098,2.0,6.0,4.0,3.0,1.7320508075688772,-2.0,-2.0,0.0,-2.0,0.0,4.5e-06,4.5e-06,0.0,4.5e-06,0.0,310.0,310.0,0.0,310.0,0.0,411.0,411.0,0.0,411.0,0.0,2570.0,2570.0,0.0,2570.0,0.0,161.0,161.0,0.0,161.0,0.0,7.5,7.5,0.0,7.5,0.0,3430.0,3430.0,0.0,3430.0,0.0,5.28e-08,5.28e-08,0.0,5.28e-08,0.0,39.0983,2.2,0.82,4.34066373,1.52,0.0,0.2,0.2,0.0,0.0,0.0,0.0,0.0,0.0,0.0,0.0,1.926541555500002
K,K0-2RbSb,RbSb,K2RbSb,mp-aaacfapf,19.0,51.0,32.0,31.5,13.444329659748751,9.0,88.0,79.0,29.25,33.92178503557854,39.0983,121.76,82.6617,71.3561,34.716078889255336,312.46,903.78,591.3199999999999,472.325,249.29440391833907,1.0,15.0,14.0,4.5,6.06217782649107,4.0,5.0,1.0,4.5,0.5,1.45,2.35,0.9000000000000001,2.05,0.3517811819867573,0.82,2.05,1.23,1.1275,0.5326056233274297,961.0,1860.0,899.0,1221.25,369.9198392895412,856.0,6697.0,5841.0,2485.25,2447.265553122505,18.19,55.76,37.56999999999999,41.4575,14.018948560787289,24.0,100.0,76.0,70.5,31.85514087239295,1.0,5.0,4.0,2.0,1.7320508075688772,-3.0,1.0,4.0,-1.0,1.4142135623730951,1.1e-05,1.1e-05,0.0,1.1e-05,0.0,2.5,42.0,39.5,12.675,16.932568470258726,2.4,55.0,52.6,28.7,26.3,0.216,294.0,293.784,73.7355,127.16978252812262,1.3,20.0,18.7,7.533333333333333,8.815264538792293,0.3,3.0,2.7,1.025,1.1409973707244023,628.0,970.0,0.0,706.0,0.0,7.2e-08,4.17e-07,3.45e-07,1.7225e-07,1.431439397948792e-07,37.0,51.0,14.0,44.0,7.0,9.0,88.0,79.0,48.5,39.5,85.4678,121.76,36.29220000000001,103.6139,18.146100000000004,312.46,903.78,591.3199999999999,608.12,295.66,1.0,15.0,14.0,8.0,7.0,5.0,5.0,0.0,5.0,0.0,1.45,2.35,0.9000000000000001,1.9,0.45,0.82,2.05,1.23,1.4349999999999998,0.615,961.0,1860.0,899.0,1410.5,449.5,1532.0,6697.0,5165.0,4114.5,2582.5,18.19,55.76,37.56999999999999,36.975,18.785,24.0,58.0,34.0,41.0,17.0,1.0,5.0,4.0,3.0,2.0,-3.0,1.0,4.0,-1.0,2.0,1.1e-05,1.1e-05,0.0,1.1e-05,0.0,2.5,42.0,39.5,22.25,19.75,2.4,55.0,52.6,28.7,26.3,0.216,294.0,293.784,147.108,146.892,20.0,20.0,0.0,20.0,0.0,0.3,3.0,2.7,1.65,1.35,628.0,970.0,0.0,716.75,0.0,1.28e-07,4.17e-07,2.89e-07,2.725e-07,1.445e-07,39.0983,2.2,0.82,4.34066373,1.52,0.0,0.5,0.5,0.0,0.0,0.0,0.0,0.0,0.0,0.0,0.0,1.071059412999999
K,K0-1TiS2,TiS2,KTiS2,mp-aaabftpu,16.0,22.0,6.0,18.25,2.48746859276655,10.0,94.0,84.0,62.25,34.90254288730264,32.065,47.867,15.802,37.773825,6.496302436145888,336.53,1941.0,1604.47,763.5625,680.1230871090542,1.0,16.0,15.0,9.25,6.832825184358224,3.0,4.0,1.0,3.5,0.5,1.0,2.2,1.2000000000000002,1.4,0.4898979485566357,0.82,2.58,1.7600000000000002,1.88,0.744848977981443,717.87,3560.0,2842.13,1506.935,1192.2548277214062,856.0,4507.0,3651.0,2320.75,1340.285673839723,10.64,45.94,35.3,21.91,14.01662049140234,0.205,100.0,99.795,30.6025,41.04275826805504,1.0,6.0,5.0,4.25,2.0463381929681126,-2.0,-1.0,1.0,-1.5,0.5,8.6e-06,8.6e-06,0.0,8.6e-06,0.0,3.1,110.0,106.9,32.125,45.00035416527297,116.0,116.0,0.0,116.0,0.0,0.363,716.0,715.637,358.1815,357.8185,1.3,44.0,42.7,22.65,21.35,0.4,6.0,5.6,2.6,2.06881608655772,970.0,970.0,0.0,970.0,0.0,7.2e-08,2000000000000000.0,2000000000000000.0,1000000000000000.0,1000000000000000.0,16.0,22.0,6.0,18.0,2.8284271247461903,51.0,94.0,43.0,79.66666666666666,20.270394394014364,32.065,47.867,15.802,37.33233333333333,7.449134237539883,388.36,1941.0,1552.64,905.9066666666666,731.9215151609874,4.0,16.0,12.0,12.0,5.656854249492381,3.0,4.0,1.0,3.333333333333333,0.4714045207910317,1.0,1.4,0.3999999999999999,1.1333333333333333,0.1885618083164126,1.54,2.58,1.04,2.2333333333333334,0.4902607016226729,717.87,3560.0,2842.13,1665.2466666666664,1339.792930675815,1960.0,4507.0,2547.0,2809.0,1200.6673144547576,10.64,15.53,4.889999999999999,13.9,2.305168106668144,0.205,22.0,21.795,7.47,10.274261530640535,4.0,6.0,2.0,5.333333333333333,0.9428090415820634,-2.0,-1.0,1.0,-1.6666666666666663,0.4714045207910317,8.6e-06,8.6e-06,0.0,8.6e-06,0.0,7.7,110.0,102.3,41.8,48.22468247692254,116.0,116.0,0.0,116.0,0.0,716.0,716.0,0.0,716.0,0.0,44.0,44.0,0.0,44.0,0.0,2.0,6.0,4.0,3.333333333333333,1.8856180831641267,970.0,970.0,0.0,970.0,0.0,4.2e-07,2000000000000000.0,2000000000000000.0,1333333333333333.2,942809041582063.4,39.0983,2.2,0.82,4.34066373,1.52,0.0,0.25,0.25,0.0,0.0,0.0,0.0,0.0,0.0,0.0,0.0,1.471993732999998
K,K0-3Sb,Sb,K3Sb,mp-aaaaapsw,19.0,51.0,32.0,27.0,13.856406460551018,10.0,88.0,78.0,29.5,33.77499074759311,39.0983,121.76,82.6617,59.76372500000001,35.79356606000407,336.53,903.78,567.25,478.3425,245.6264551483614,1.0,15.0,14.0,4.5,6.06217782649107,4.0,5.0,1.0,4.25,0.4330127018922193,1.45,2.2,0.7500000000000002,2.0125,0.3247595264191646,0.82,2.05,1.23,1.1275,0.5326056233274297,1032.0,1860.0,828.0,1239.0,358.5345171667576,856.0,6697.0,5841.0,2316.25,2529.227191752453,18.19,45.94,27.75,39.0025,12.016102477509085,24.0,100.0,76.0,81.0,32.90896534380867,1.0,5.0,4.0,2.0,1.7320508075688772,-3.0,-1.0,2.0,-1.5,0.8660254037844386,1.1e-05,1.1e-05,0.0,1.1e-05,0.0,3.1,42.0,38.9,12.825,16.844194103607332,55.0,55.0,0.0,55.0,0.0,0.363,294.0,293.637,73.77225,127.1485507455256,1.3,20.0,18.7,5.975,8.097337525384502,0.4,3.0,2.6,1.05,1.1258330249197703,628.0,970.0,0.0,706.0,0.0,7.2e-08,4.17e-07,3.45e-07,1.5825e-07,1.493893821528157e-07,51.0,51.0,0.0,51.0,0.0,88.0,88.0,0.0,88.0,0.0,121.76,121.76,0.0,121.76,0.0,903.78,903.78,0.0,903.78,0.0,15.0,15.0,0.0,15.0,0.0,5.0,5.0,0.0,5.0,0.0,1.45,1.45,0.0,1.45,0.0,2.05,2.05,0.0,2.05,0.0,1860.0,1860.0,0.0,1860.0,0.0,6697.0,6697.0,0.0,6697.0,0.0,18.19,18.19,0.0,18.19,0.0,24.0,24.0,0.0,24.0,0.0,5.0,5.0,0.0,5.0,0.0,-3.0,-3.0,0.0,-3.0,0.0,1.1e-05,1.1e-05,0.0,1.1e-05,0.0,42.0,42.0,0.0,42.0,0.0,55.0,55.0,0.0,55.0,0.0,294.0,294.0,0.0,294.0,0.0,20.0,20.0,0.0,20.0,0.0,3.0,3.0,0.0,3.0,0.0,628.0,970.0,0.0,716.75,0.0,4.17e-07,4.17e-07,0.0,4.17e-07,0.0,39.0983,2.2,0.82,4.34066373,1.52,0.0,0.75,0.75,0.0,0.0,0.0,0.0,0.0,0.0,0.0,0.0,0.6742413230000001
K,K0-3Sb,Sb,K3Sb,mp-aaaaaadc,19.0,51.0,32.0,27.0,13.856406460551018,10.0,88.0,78.0,29.5,33.77499074759311,39.0983,121.76,82.6617,59.76372500000001,35.79356606000407,336.53,903.78,567.25,478.3425,245.6264551483614,1.0,15.0,14.0,4.5,6.06217782649107,4.0,5.0,1.0,4.25,0.4330127018922193,1.45,2.2,0.7500000000000002,2.0125,0.3247595264191646,0.82,2.05,1.23,1.1275,0.5326056233274297,1032.0,1860.0,828.0,1239.0,358.5345171667576,856.0,6697.0,5841.0,2316.25,2529.227191752453,18.19,45.94,27.75,39.0025,12.016102477509085,24.0,100.0,76.0,81.0,32.90896534380867,1.0,5.0,4.0,2.0,1.7320508075688772,-3.0,-1.0,2.0,-1.5,0.8660254037844386,1.1e-05,1.1e-05,0.0,1.1e-05,0.0,3.1,42.0,38.9,12.825,16.844194103607332,55.0,55.0,0.0,55.0,0.0,0.363,294.0,293.637,73.77225,127.1485507455256,1.3,20.0,18.7,5.975,8.097337525384502,0.4,3.0,2.6,1.05,1.1258330249197703,628.0,970.0,0.0,706.0,0.0,7.2e-08,4.17e-07,3.45e-07,1.5825e-07,1.493893821528157e-07,51.0,51.0,0.0,51.0,0.0,88.0,88.0,0.0,88.0,0.0,121.76,121.76,0.0,121.76,0.0,903.78,903.78,0.0,903.78,0.0,15.0,15.0,0.0,15.0,0.0,5.0,5.0,0.0,5.0,0.0,1.45,1.45,0.0,1.45,0.0,2.05,2.05,0.0,2.05,0.0,1860.0,1860.0,0.0,1860.0,0.0,6697.0,6697.0,0.0,6697.0,0.0,18.19,18.19,0.0,18.19,0.0,24.0,24.0,0.0,24.0,0.0,5.0,5.0,0.0,5.0,0.0,-3.0,-3.0,0.0,-3.0,0.0,1.1e-05,1.1e-05,0.0,1.1e-05,0.0,42.0,42.0,0.0,42.0,0.0,55.0,55.0,0.0,55.0,0.0,294.0,294.0,0.0,294.0,0.0,20.0,20.0,0.0,20.0,0.0,3.0,3.0,0.0,3.0,0.0,628.0,970.0,0.0,716.75,0.0,4.17e-07,4.17e-07,0.0,4.17e-07,0.0,39.0983,2.2,0.82,4.34066373,1.52,0.0,0.75,0.75,0.0,0.0,0.0,0.0,0.0,0.0,0.0,0.0,0.698285364666667
K,K0-0.5Ti3Se4,Ti3Se4,K(Ti3Se4)2,mp-aaaaanqx,19.0,34.0,15.0,28.2,6.241794613730894,10.0,93.0,83.0,70.66666666666667,25.80869793090866,39.0983,78.96,39.86169999999999,63.86535333333333,16.272425860981993,336.53,1941.0,1604.47,1062.302,718.4772486697126,1.0,16.0,15.0,10.2,6.241794613730894,4.0,4.0,0.0,4.0,0.0,1.15,2.2,1.0500000000000005,1.3199999999999998,0.2638181191654584,0.82,2.55,1.73,2.030666666666667,0.5812568757060474,958.0,3560.0,2602.0,2003.7333333333331,1270.8140942806,856.0,4819.0,3963.0,4430.0,966.7684314250232,10.64,45.94,35.3,16.076,8.446323697325363,0.52,100.0,99.48,15.744000000000002,24.74949179276213,1.0,6.0,5.0,4.866666666666667,1.4079141387961918,-2.0,-1.0,1.0,-1.5333333333333332,0.4988876515698588,8.6e-06,8.6e-06,0.0,8.6e-06,0.0,3.1,110.0,106.9,48.63333333333333,50.12166087520333,10.0,116.0,106.0,55.42857142857143,52.45639588637172,0.363,736.0,735.637,678.9575333333333,181.61390378450895,1.3,44.0,42.7,19.66,19.882112563809716,0.4,6.0,5.6,3.493333333333334,2.0834159983599587,970.0,970.0,0.0,970.0,0.0,7.2e-08,4.2e-07,3.48e-07,3.702857142857144e-07,1.2177463292693513e-07,22.0,34.0,12.0,28.85714285714285,5.938459911664721,51.0,93.0,42.0,75.0,20.784609690826528,47.867,78.96,31.093,65.63442857142857,15.3870445027826,494.0,1941.0,1447.0,1114.142857142857,716.0792910149045,4.0,16.0,12.0,10.857142857142856,5.938459911664721,4.0,4.0,0.0,4.0,0.0,1.15,1.4,0.25,1.2571428571428571,0.1237179148263483,1.54,2.55,1.0099999999999998,2.117142857142857,0.4998203758984473,958.0,3560.0,2602.0,2073.142857142857,1287.656057512634,4507.0,4819.0,312.0,4685.285714285714,154.39995770328278,10.64,16.42,5.780000000000001,13.942857142857145,2.860358190785175,0.52,22.0,21.48,9.725714285714286,10.629843241879852,4.0,6.0,2.0,5.142857142857142,0.989743318610787,-2.0,-1.0,1.0,-1.5714285714285714,0.4948716593053935,8.6e-06,8.6e-06,0.0,8.6e-06,0.0,8.3,110.0,101.7,51.88571428571428,50.32844775135851,10.0,116.0,106.0,55.42857142857142,52.45639588637172,716.0,736.0,20.0,727.4285714285713,9.89743318610787,3.7,44.0,40.3,20.97142857142857,19.94332787000736,2.0,6.0,4.0,3.714285714285714,1.979486637221574,970.0,970.0,0.0,970.0,0.0,4.2e-07,4.2e-07,0.0,4.2e-07,0.0,39.0983,2.2,0.82,4.34066373,1.52,0.0,0.066666666666666,0.066666666666666,0.0,0.0,0.0,0.0,0.0,0.0,0.0,0.0,1.283753922999999
K,K0-0.17Sn,Sn,K4Sn23,mp-aaacbzxc,19.0,50.0,31.0,45.40740740740741,11.012650164644022,10.0,83.0,73.0,72.18518518518519,25.933014903839148,39.0983,118.71,79.61169999999998,106.91567407407408,28.28180003589002,336.53,505.08,168.55,480.1096296296296,59.87684468550807,1.0,14.0,13.0,12.074074074074074,4.618208133560397,4.0,5.0,1.0,4.851851851851852,0.3552467795046459,1.45,2.2,0.7500000000000002,1.5611111111111111,0.2664350846284845,0.82,1.96,1.14,1.791111111111111,0.4049813286352963,1032.0,2875.0,1843.0,2601.9629629629626,654.7198146270624,856.0,7310.0,6454.0,6353.851851851852,2292.7627149229843,16.29,45.94,29.65,20.68259259259259,10.533067012312747,67.0,100.0,33.0,71.88888888888889,11.723143723653315,1.0,4.0,3.0,3.555555555555556,1.0657403385139377,-4.0,-1.0,3.0,-3.555555555555556,1.0657403385139377,2.2e-05,2.2e-05,0.0,2.2e-05,0.0,3.1,58.0,54.9,49.86666666666667,19.503048194805057,50.0,50.0,0.0,50.0,0.0,0.363,51.0,50.637,43.49822222222222,17.988631173776753,1.3,18.0,16.7,15.525925925925929,5.932621217727585,0.4,1.5,1.1,1.337037037037037,0.3907714574551104,628.0,970.0,0.0,706.0,0.0,7.2e-08,1.1e-07,3.8000000000000016e-08,1.0437037037037039e-07,1.3499377621176549e-08,50.0,50.0,0.0,50.0,0.0,83.0,83.0,0.0,83.0,0.0,118.71,118.71,0.0,118.71,0.0,505.08,505.08,0.0,505.08,0.0,14.0,14.0,0.0,14.0,0.0,5.0,5.0,0.0,5.0,0.0,1.45,1.45,0.0,1.45,0.0,1.96,1.96,0.0,1.96,0.0,2875.0,2875.0,0.0,2875.0,0.0,7310.0,7310.0,0.0,7310.0,0.0,16.29,16.29,0.0,16.29,0.0,67.0,67.0,0.0,67.0,0.0,4.0,4.0,0.0,4.0,0.0,-4.0,-4.0,0.0,-4.0,0.0,2.2e-05,2.2e-05,0.0,2.2e-05,0.0,58.0,58.0,0.0,58.0,0.0,50.0,50.0,0.0,50.0,0.0,51.0,51.0,0.0,51.0,0.0,18.0,18.0,0.0,18.0,0.0,1.5,1.5,0.0,1.5,0.0,628.0,970.0,0.0,716.75,0.0,1.1e-07,1.1e-07,0.0,1.1e-07,0.0,39.0983,2.2,0.82,4.34066373,1.52,0.0,0.148148148148148,0.148148148148148,0.0,0.0,0.0,0.0,0.0,0.0,0.0,0.0,0.9837801230000012
K,K0-3Sn,Sn,K3Sn,mp-aaacgexp,19.0,50.0,31.0,26.75,13.4233937586588,10.0,83.0,73.0,28.25,31.60992723813201,39.0983,118.71,79.61169999999998,59.001225000000005,34.47287731923279,336.53,505.08,168.55,378.6675,72.98429090393358,1.0,14.0,13.0,4.25,5.629165124598851,4.0,5.0,1.0,4.25,0.4330127018922193,1.45,2.2,0.7500000000000002,2.0125,0.3247595264191646,0.82,1.96,1.14,1.105,0.49363448015713,1032.0,2875.0,1843.0,1492.75,798.0424095873602,856.0,7310.0,6454.0,2469.5,2794.663978012384,16.29,45.94,29.65,38.5275,12.838826611104302,67.0,100.0,33.0,91.75,14.289419162443238,1.0,4.0,3.0,1.75,1.299038105676658,-4.0,-1.0,3.0,-1.75,1.299038105676658,2.2e-05,2.2e-05,0.0,2.2e-05,0.0,3.1,58.0,54.9,16.825,23.77239733388284,50.0,50.0,0.0,50.0,0.0,0.363,51.0,50.637,13.02225,21.92646418571631,1.3,18.0,16.7,5.475,7.231312121600063,0.4,1.5,1.1,0.675,0.4763139720814413,628.0,970.0,0.0,706.0,0.0,7.2e-08,1.1e-07,3.8000000000000016e-08,8.15e-08,1.645448267190434e-08,50.0,50.0,0.0,50.0,0.0,83.0,83.0,0.0,83.0,0.0,118.71,118.71,0.0,118.71,0.0,505.08,505.08,0.0,505.08,0.0,14.0,14.0,0.0,14.0,0.0,5.0,5.0,0.0,5.0,0.0,1.45,1.45,0.0,1.45,0.0,1.96,1.96,0.0,1.96,0.0,2875.0,2875.0,0.0,2875.0,0.0,7310.0,7310.0,0.0,7310.0,0.0,16.29,16.29,0.0,16.29,0.0,67.0,67.0,0.0,67.0,0.0,4.0,4.0,0.0,4.0,0.0,-4.0,-4.0,0.0,-4.0,0.0,2.2e-05,2.2e-05,0.0,2.2e-05,0.0,58.0,58.0,0.0,58.0,0.0,50.0,50.0,0.0,50.0,0.0,51.0,51.0,0.0,51.0,0.0,18.0,18.0,0.0,18.0,0.0,1.5,1.5,0.0,1.5,0.0,628.0,970.0,0.0,716.75,0.0,1.1e-07,1.1e-07,0.0,1.1e-07,0.0,39.0983,2.2,0.82,4.34066373,1.52,0.0,0.75,0.75,0.0,0.0,0.0,0.0,0.0,0.0,0.0,0.0,0.072020086333333
K,K0-1Ca9Co(PO4)7,Ca9Co(PO4)7,KCa9Co(PO4)7,mp-aaabsksb,8.0,27.0,19.0,12.065217391304348,5.438998364920749,10.0,101.0,91.0,79.91304347826087,34.59946348349835,15.9994,58.933195,42.933795,24.424631065217397,11.324476670887002,54.8,1768.0,1713.2,345.5441304347826,459.7850932610946,1.0,16.0,15.0,12.630434782608695,5.753481727169829,2.0,4.0,2.0,2.630434782608696,0.8433549887509054,0.6,2.2,1.6,0.9467391304347826,0.5037254874727689,0.82,3.44,2.62,2.681521739130435,1.014617013611549,90.2,3200.0,3109.8,574.3608695652174,755.5420646875244,856.0,8900.0,8044.0,2025.9444444444443,1682.3994595095496,6.67,45.94,39.27,19.426739130434783,5.59255563201337,0.02658,200.0,199.97342,43.53035304347826,79.78713451833623,1.0,5.0,4.0,2.5,1.1562683606062785,-3.0,2.0,5.0,-1.3260869565217392,1.6946764193649495,1.3e-05,2.23e-05,9.3e-06,2.137e-05,2.7900000000000004e-06,3.1,180.0,176.9,22.950000000000003,38.280372835755465,20.0,209.0,189.0,38.9,56.7,0.363,700.0,699.637,200.30572727272727,165.04955278179662,1.3,75.0,73.7,12.990909090909092,19.686472260987863,0.4,5.0,4.6,1.9227272727272728,1.046935709661911,1043.0,1043.0,0.0,1043.0,0.0,3.36e-08,1e-07,6.64e-08,6.315555555555557e-08,3.112980390812034e-08,8.0,27.0,19.0,11.911111111111111,5.398856760554743,16.0,101.0,85.0,81.46666666666667,33.35705822361039,15.9994,58.933195,42.933795,24.098549533333333,11.233988243563097,54.8,1768.0,1713.2,345.7444444444444,464.863760474474,2.0,16.0,14.0,12.88888888888889,5.546659544154971,2.0,4.0,2.0,2.6,0.8273115763993905,0.6,1.8,1.2000000000000002,0.9188888888888888,0.4729680384889647,1.0,3.44,2.44,2.722888888888889,0.9867153641636188,90.2,3200.0,3109.8,564.1911111111111,760.7704819084464,1550.0,8900.0,7350.0,2094.764705882353,1706.37450304342,6.67,26.2,19.53,18.837555555555557,4.000425063834845,0.02658,200.0,199.97342,42.275472,80.21855017899176,2.0,5.0,3.0,2.533333333333333,1.1469767022723505,-3.0,2.0,5.0,-1.3333333333333333,1.7126976771553506,1.3e-05,2.23e-05,9.3e-06,2.137e-05,2.7900000000000004e-06,11.0,180.0,169.0,24.117647058823533,39.07742292806631,20.0,209.0,189.0,38.9,56.7,167.0,700.0,533.0,220.3,159.9,7.4,75.0,67.6,14.16,20.28,1.75,5.0,3.25,2.075,0.975,1043.0,1043.0,0.0,1043.0,0.0,3.36e-08,1e-07,6.64e-08,6.263529411764708e-08,3.1956163746358596e-08,39.0983,2.2,0.82,4.34066373,1.52,0.0,0.021739130434782,0.021739130434782,0.0,0.0,0.0,0.0,0.0,0.0,0.0,0.0,2.813894388000015
K,K0-1Ca9Mn(PO4)7,Ca9Mn(PO4)7,KCa9Mn(PO4)7,mp-aaabsktl,8.0,25.0,17.0,12.021739130434783,5.326264415854628,10.0,101.0,91.0,79.82608695652175,34.64434475954951,15.9994,54.938045,38.938645,24.337779978260876,11.071991659323258,54.8,1519.0,1464.2,340.13108695652176,444.2085634426412,1.0,16.0,15.0,12.58695652173913,5.788204223120019,2.0,4.0,2.0,2.630434782608696,0.8433549887509054,0.6,2.2,1.6,0.9478260869565216,0.5046475870798925,0.82,3.44,2.62,2.6743478260869566,1.0214028123634522,90.2,2334.0,2243.8,555.5347826086957,698.521123585048,856.0,7470.0,6614.0,1946.5,1358.510591706144,7.35,45.94,38.59,19.44152173913044,5.559618366395502,0.02658,200.0,199.97342,41.5260052173913,79.50094757781166,1.0,7.0,6.0,2.5434782608695654,1.280396028054541,-3.0,2.0,5.0,-1.3695652173913044,1.7113266612189697,2.17e-05,2.23e-05,6.00000000000001e-07,2.224e-05,1.800000000000003e-07,3.1,120.0,116.9,19.616666666666667,24.64296721852572,20.0,198.0,178.0,37.8,53.4,0.363,196.0,195.637,154.48754545454543,49.43932283179166,1.3,7.4,6.1000000000000005,6.789999999999999,1.83,0.4,6.0,5.6,2.013636363636364,1.3184169069364469,628.0,970.0,0.0,706.0,0.0,3.36e-08,1.44e-06,1.4064e-06,1.396888888888889e-07,3.169043754981564e-07,8.0,25.0,17.0,11.866666666666667,5.2814139520902295,16.0,101.0,85.0,81.37777777777778,33.40877389009519,15.9994,54.938045,38.938645,24.009768422222223,10.971052208767157,54.8,1519.0,1464.2,340.2111111111111,449.11676641664496,2.0,16.0,14.0,12.844444444444443,5.585519196221425,2.0,4.0,2.0,2.6,0.8273115763993905,0.6,1.8,1.2000000000000002,0.92,0.4740370355901647,1.0,3.44,2.44,2.7155555555555555,0.9941507946328544,90.2,2334.0,2243.8,544.9466666666667,702.5793271462898,1550.0,7470.0,5920.0,2010.6470588235293,1371.1475632252016,7.35,26.2,18.85,18.852666666666664,3.955466765545292,0.02658,200.0,199.97342,40.22658311111111,79.89482533071121,2.0,7.0,5.0,2.577777777777778,1.2734710028350582,-3.0,2.0,5.0,-1.3777777777777778,1.7293401296305528,2.17e-05,2.23e-05,6.00000000000001e-07,2.224e-05,1.800000000000003e-07,11.0,120.0,109.0,20.58823529411765,25.02013030372194,20.0,198.0,178.0,37.8,53.4,167.0,196.0,29.0,169.9,8.7,7.4,7.4,0.0,7.4,0.0,1.75,6.0,4.25,2.175,1.275,628.0,970.0,0.0,716.75,0.0,3.36e-08,1.44e-06,1.4064e-06,1.4367058823529416e-07,3.2565405636820454e-07,39.0983,2.2,0.82,4.34066373,1.52,0.0,0.021739130434782,0.021739130434782,0.0,0.0,0.0,0.0,0.0,0.0,0.0,0.0,4.867211033000011
K,K0-2Cd2Cu(SO)2,Cd2Cu(SO)2,K2Cd2Cu(SO)2,mp-aaacnhso,8.0,48.0,40.0,23.444444444444443,14.392213258187072,10.0,101.0,91.0,70.22222222222221,33.87486048442866,15.9994,112.411,96.4116,51.410377777777775,35.196214514277834,54.8,1357.77,1302.97,456.1766666666666,366.820841798524,1.0,16.0,15.0,11.22222222222222,5.788451678947158,2.0,5.0,3.0,3.555555555555556,1.0657403385139377,0.6,2.2,1.6,1.338888888888889,0.567047802108908,0.82,3.44,2.62,2.1066666666666665,0.9252387079379388,90.2,3200.0,3109.8,995.5711111111112,860.2156201460247,856.0,8920.0,8064.0,4550.285714285714,3653.264126163095,7.11,45.94,38.83,21.196666666666665,13.54388833057594,0.02658,400.0,399.97342,88.27368444444443,119.5769836522883,1.0,6.0,5.0,2.8888888888888893,1.852592444503674,-2.0,1.0,3.0,-0.7777777777777777,1.314684396244359,1.65e-05,3.08e-05,1.4300000000000002e-05,2.6033333333333334e-05,6.7410846473117535e-06,3.1,140.0,136.9,35.08571428571429,45.7458016362916,50.0,130.0,80.0,76.66666666666666,37.712361663282536,0.363,874.0,873.637,256.1452,321.94485432222706,1.3,48.0,46.7,17.72,17.084425656134886,0.4,3.0,2.6,1.6857142857142855,0.8806305718527108,369.0,369.0,0.0,369.0,0.0,1.678e-08,2000000000000000.0,2000000000000000.0,571428571428571.4,903507902905251.2,8.0,48.0,40.0,24.714285714285715,16.095378979377774,72.0,101.0,29.0,87.42857142857144,11.962526523119042,15.9994,112.411,96.4116,54.92811428571429,39.20489371025833,54.8,1357.77,1302.97,490.36142857142863,409.5654377308631,11.0,16.0,5.0,14.142857142857146,2.166535841157586,2.0,5.0,3.0,3.4285714285714293,1.178030178747903,0.6,1.55,0.95,1.0928571428571432,0.3755268408027119,1.69,3.44,1.75,2.474285714285714,0.7017907124503948,90.2,3200.0,3109.8,985.1628571428574,975.1429029446224,1960.0,8920.0,6960.0,6028.0,3322.9709598490326,7.11,17.36,10.25,14.12714285714286,3.3084295553100382,0.02658,400.0,399.97342,84.92330857142859,135.40115376801435,2.0,6.0,4.0,3.4285714285714293,1.761261143705422,-2.0,1.0,3.0,-0.7142857142857144,1.4846149779161806,1.65e-05,3.08e-05,1.4300000000000002e-05,2.6033333333333334e-05,6.7410846473117535e-06,7.7,140.0,132.3,47.88,48.54710701988328,50.0,130.0,80.0,76.66666666666666,37.712361663282536,203.0,874.0,671.0,426.6666666666666,316.31243345078224,19.0,48.0,29.0,28.666666666666664,13.670731102939918,2.0,3.0,1.0,2.2,0.3999999999999999,369.0,369.0,0.0,369.0,0.0,1.678e-08,2000000000000000.0,2000000000000000.0,800000000000000.0,979795897113271.2,39.0983,2.2,0.82,4.34066373,1.52,0.0,0.222222222222222,0.222222222222222,0.0,0.0,0.0,0.0,0.0,0.0,0.0,0.0,3.194613263000002
K,K0-1Cs2MoCl6,Cs2MoCl6,Cs2KMoCl6,mp-aaabgmre,17.0,55.0,38.0,27.3,15.671949463930773,8.0,99.0,91.0,67.6,40.58620455277877,35.453,132.9054519,97.4524519,61.35672038,39.94483552160573,171.6,2896.0,2724.4,486.531,805.7007333675452,1.0,17.0,16.0,11.1,7.354590403278758,3.0,6.0,3.0,3.9,1.2206555615733703,1.0,2.6,1.6,1.485,0.6640971314499108,0.79,3.16,2.37,2.352,1.0573911291475828,239.11,4912.0,4672.89,926.666,1368.611807527613,856.0,10280.0,9424.0,3723.5,3808.3660866571113,9.38,70.94,61.56,30.154,22.327719632779345,0.0089,139.0,138.9911,31.10534,47.1567372812242,1.0,7.0,6.0,5.1000000000000005,2.7,-2.0,1.0,3.0,-0.7,0.9,4.8e-06,4.8e-06,0.0,4.8e-06,0.0,1.1,230.0,228.9,24.29,68.57255208901007,1.7,329.0,327.3,110.8,154.29069965490467,0.14,1500.0,1499.86,375.16075,649.4262501637022,1.3,20.0,18.7,10.65,9.35,0.2,5.5,5.3,1.575,2.267570285569997,1530.0,1530.0,0.0,1530.0,0.0,5.34e-08,10.0,9.9999999466,6.00000005354,4.898979419993516,17.0,55.0,38.0,28.222222222222214,16.260229448823747,8.0,99.0,91.0,74.0,37.69173207305106,35.453,132.9054519,97.4524519,63.8298782,41.37284802627189,171.6,2896.0,2724.4,503.1977777777777,847.646177767558,1.0,17.0,16.0,12.22222222222222,6.892472186342587,3.0,6.0,3.0,3.888888888888889,1.286204100310025,1.0,2.6,1.6,1.4055555555555554,0.6533862412439625,0.79,3.16,2.37,2.522222222222222,0.975986996472776,239.11,4912.0,4672.89,914.962222222222,1442.1686886905798,1879.0,10280.0,8401.0,4679.333333333333,3960.2693791654574,9.38,70.94,61.56,28.4,22.872555607102587,0.0089,139.0,138.9911,23.450377777777778,43.41494688081457,1.0,7.0,6.0,5.555555555555555,2.454524670486058,-2.0,1.0,3.0,-0.6666666666666666,0.9428090415820632,4.8e-06,4.8e-06,0.0,4.8e-06,0.0,1.1,230.0,228.9,26.64444444444444,71.89733592825431,1.7,329.0,327.3,110.8,154.29069965490467,0.14,1500.0,1499.86,500.0933333333333,707.0407845536369,20.0,20.0,0.0,20.0,0.0,0.2,5.5,5.3,1.9666666666666663,2.498443960192468,1530.0,1530.0,0.0,1530.0,0.0,5.34e-08,10.0,9.9999999466,6.666666718155555,4.714045135094032,39.0983,2.2,0.82,4.34066373,1.52,0.0,0.1,0.1,0.0,0.0,0.0,0.0,0.0,0.0,0.0,0.0,2.685305073000002
K,K0-1Cs2SbCl6,Cs2SbCl6,Cs2KSbCl6,mp-aaacpjuf,17.0,55.0,38.0,28.2,16.714065932620944,8.0,99.0,91.0,70.8,40.80637205143334,35.453,132.9054519,97.4524519,63.93872038000001,42.82730970777659,171.6,903.78,732.18,287.309,215.2204754873476,1.0,17.0,16.0,12.0,7.224956747275377,3.0,6.0,3.0,3.9,1.2206555615733703,1.0,2.6,1.6,1.485,0.6640971314499108,0.79,3.16,2.37,2.341,1.0599004670250882,239.11,1860.0,1620.89,621.466,527.9903087216659,856.0,6697.0,5841.0,2827.75,2272.616704924084,17.39,70.94,53.55,31.035,21.654300381217585,0.0089,100.0,99.9911,19.60534,30.535728106767,1.0,7.0,6.0,5.0,2.683281572999748,-3.0,1.0,4.0,-0.8,1.077032961426901,1.1e-05,1.1e-05,0.0,1.1e-05,0.0,1.1,42.0,40.9,5.49,12.184371136829345,1.7,55.0,53.3,19.466666666666665,25.12586095816199,0.14,294.0,293.86,73.66075,127.21295787649738,1.3,20.0,18.7,10.65,9.35,0.2,3.0,2.8,0.95,1.1863810517704672,628.0,970.0,0.0,706.0,0.0,7.2e-08,10.0,9.999999928,6.0000000899,4.898979375461793,17.0,55.0,38.0,29.222222222222214,17.319082460798857,8.0,99.0,91.0,77.55555555555556,37.33366401969947,35.453,132.9054519,97.4524519,66.69876708888889,44.2921831113018,171.6,903.78,732.18,281.84,226.20213040552912,1.0,17.0,16.0,13.22222222222222,6.562143582325956,3.0,6.0,3.0,3.888888888888889,1.286204100310025,1.0,2.6,1.6,1.4055555555555554,0.6533862412439625,0.79,3.16,2.37,2.51,0.9811218069128828,239.11,1860.0,1620.89,575.8511111111111,537.5327414409169,1879.0,6697.0,4818.0,3484.9999999999995,2271.226981171191,17.39,70.94,53.55,29.378888888888888,22.216720152195904,0.0089,36.0,35.9911,10.6726,15.43034873379946,1.0,7.0,6.0,5.444444444444444,2.454524670486058,-3.0,1.0,4.0,-0.7777777777777777,1.133115447465063,1.1e-05,1.1e-05,0.0,1.1e-05,0.0,1.1,42.0,40.9,5.755555555555555,12.815971902375145,1.7,55.0,53.3,19.466666666666665,25.12586095816199,0.14,294.0,293.86,98.09333333333332,138.52693247965254,20.0,20.0,0.0,20.0,0.0,0.2,3.0,2.8,1.1333333333333333,1.3199326582148887,628.0,970.0,0.0,716.75,0.0,2.05e-07,10.0,9.999999795,6.666666758555555,4.714045077959804,39.0983,2.2,0.82,4.34066373,1.52,0.0,0.1,0.1,0.0,0.0,0.0,0.0,0.0,0.0,0.0,0.0,3.323786742999999
K,K0-1Cs2TaCl6,Cs2TaCl6,Cs2KTaCl6,mp-aaabglar,17.0,73.0,56.0,30.4,20.57279757349496,8.0,99.0,91.0,67.2,40.71805496336975,35.453,180.94788,145.49488,69.85750838,53.23467583469738,171.6,3290.0,3118.4,525.931,923.5751560912626,1.0,17.0,16.0,11.0,7.429670248402684,3.0,6.0,3.0,4.0,1.3416407864998738,1.0,2.6,1.6,1.485,0.6640971314499108,0.79,3.16,2.37,2.286,1.087485172312708,239.11,5731.0,5491.89,1008.566,1608.1867052379212,856.0,16650.0,15794.0,5316.0,6557.001868232157,10.85,70.94,60.09,30.301,22.19490907843508,0.0089,100.0,99.9911,22.90534,32.54912359819232,1.0,7.0,6.0,5.0,2.683281572999748,-1.0,1.0,2.0,-0.6,0.8,6.3e-06,6.3e-06,0.0,6.3e-06,0.0,1.1,200.0,198.9,21.29,59.57293764789513,1.7,186.0,184.3,63.13333333333333,86.87985318178714,0.14,800.0,799.86,200.16075,346.31736442414706,1.3,69.0,67.7,35.15,33.85,0.2,6.5,6.3,1.825,2.700347199898561,873.0,873.0,0.0,873.0,0.0,7.2e-08,10.0,9.999999928,6.0000000613,4.898979410489496,17.0,73.0,56.0,31.666666666666664,21.312489817527705,8.0,99.0,91.0,73.55555555555556,37.92422594569659,35.453,180.94788,145.49488,73.2751982,55.06365284199861,171.6,3290.0,3118.4,546.9755555555555,971.256465204978,1.0,17.0,16.0,12.11111111111111,6.999118110232721,3.0,6.0,3.0,4.0,1.4142135623730951,1.0,2.6,1.6,1.4055555555555554,0.6533862412439625,0.79,3.16,2.37,2.448888888888889,1.0240599423042085,239.11,5731.0,5491.89,1005.962222222222,1695.1576334356228,1879.0,16650.0,14771.0,6802.666666666666,6963.116176604329,10.85,70.94,60.09,28.563333333333333,22.741020694380055,0.0089,57.0,56.9911,14.339266666666663,21.056720643749085,1.0,7.0,6.0,5.444444444444444,2.454524670486058,-1.0,1.0,2.0,-0.5555555555555556,0.8314794192830981,6.3e-06,6.3e-06,0.0,6.3e-06,0.0,1.1,200.0,198.9,23.31111111111111,62.46928924491964,1.7,186.0,184.3,63.13333333333333,86.87985318178714,0.14,800.0,799.86,266.75999999999993,377.0576199999146,69.0,69.0,0.0,69.0,0.0,0.2,6.5,6.3,2.3,2.9698484809834995,873.0,873.0,0.0,873.0,0.0,1.31e-07,10.0,9.999999869,6.666666726777777,4.714045122900368,39.0983,2.2,0.82,4.34066373,1.52,0.0,0.1,0.1,0.0,0.0,0.0,0.0,0.0,0.0,0.0,0.0,1.153039583000002
K,K0-1Lu(NbCl3)6,Lu(NbCl3)6,KLu(NbCl3)6,mp-aaaabrkl,17.0,71.0,54.0,24.692307692307693,13.640350860503302,10.0,99.0,89.0,81.92307692307692,27.228270202582685,35.453,174.967,139.514,54.21759923076923,34.04065717133218,171.6,2750.0,2578.4,840.3973076923077,1098.2671143619411,1.0,17.0,16.0,13.076923076923077,5.9350528279877945,3.0,6.0,3.0,3.615384615384615,0.9638433912416668,1.0,2.2,1.2000000000000002,1.178846153846154,0.3029258213728864,0.82,3.16,2.3400000000000003,2.6373076923076924,0.7977350518923884,239.11,5017.0,4777.89,1504.3453846153848,2036.041377056564,856.0,9841.0,8985.0,7764.625,2644.149340407043,10.83,45.94,35.11,16.989230769230772,6.41296818538386,0.0089,100.0,99.9911,16.92923846153846,27.94254024484307,1.0,7.0,6.0,6.153846153846153,1.4856313781406127,-1.0,3.0,4.0,-0.8461538461538461,0.7692307692307693,7.3e-06,9.9e-06,2.6e-06,7.671428571428571e-06,9.098104758908946e-07,1.1,170.0,168.9,41.95769230769231,70.70081695250401,69.0,105.0,36.0,99.85714285714286,12.597375820027771,0.363,893.0,892.637,663.670375,255.91946940099024,1.3,38.0,36.7,32.0375,12.162846860418822,0.4,6.0,5.6,5.199999999999999,1.9595917942265424,1160.0,1320.0,160.0,1297.142857142857,55.988336977901206,7.2e-08,10.0,9.999999928,6.923076983307692,4.615384525038462,17.0,71.0,54.0,24.92,13.861947915065906,20.0,99.0,79.0,84.8,23.5762592452662,35.453,174.967,139.514,54.8223712,34.577557993277466,171.6,2750.0,2578.4,860.552,1115.2922390548586,3.0,17.0,14.0,13.56,5.528688813814719,3.0,6.0,3.0,3.6,0.9797958971132712,1.0,1.75,0.75,1.138,0.2281578401019785,1.27,3.16,1.89,2.71,0.7241878209415014,239.11,5017.0,4777.89,1523.2392,2074.1267285041577,8570.0,9841.0,1271.0,8751.57142857143,444.7573518682028,10.83,17.78,6.950000000000001,15.8312,2.811457017277696,0.0089,54.0,53.9911,13.606408,22.911693921854315,3.0,7.0,4.0,6.359999999999999,1.0910545357588683,-1.0,3.0,4.0,-0.84,0.783836717690617,7.3e-06,9.9e-06,2.6e-06,7.671428571428573e-06,9.098104758908948e-07,1.1,170.0,168.9,43.512,71.66405693232835,69.0,105.0,36.0,99.85714285714286,12.597375820027777,736.0,893.0,157.0,758.4285714285714,54.93855565956557,27.0,38.0,11.0,36.42857142857143,3.8491981672307087,6.0,6.0,0.0,6.0,0.0,1160.0,1320.0,160.0,1297.142857142857,55.98833697790121,1.52e-07,10.0,9.999999848,7.200000059759999,4.48998876829954,39.0983,2.2,0.82,4.34066373,1.52,0.0,0.038461538461538,0.038461538461538,0.0,0.0,0.0,0.0,0.0,0.0,0.0,0.0,2.549267473000007
K,K0-1Zr6MnCl14,Zr6MnCl14,KZr6MnCl14,mp-aaacqsiq,17.0,40.0,23.0,23.727272727272727,10.104822512866267,10.0,99.0,89.0,79.54545454545455,27.065118901586683,35.453,91.224,55.771,51.71465204545455,24.529826591406515,171.6,2128.0,1956.4,773.9059090909091,874.5570683113049,1.0,17.0,16.0,12.272727272727272,6.318672315820052,3.0,5.0,2.0,3.6363636363636367,0.8813963377120597,1.0,2.2,1.2000000000000002,1.2227272727272729,0.3249920533039905,0.82,3.16,2.3400000000000003,2.4813636363636364,0.9052638764196952,239.11,4682.0,4442.89,1582.07,1951.397560043943,856.0,7470.0,6614.0,5923.999999999999,1941.0742515421716,7.35,45.94,38.59,17.312272727272727,6.687548084325472,0.0089,100.0,99.9911,11.17839090909091,21.8317947831495,1.0,7.0,6.0,5.909090909090908,1.7031812722904722,-3.0,1.0,4.0,-0.5454545454545454,1.0325287901455042,5.7e-06,2.17e-05,1.6e-05,7.985714285714285e-06,5.598833697790121e-06,1.1,120.0,118.9,8.65625,28.75289047969786,68.0,198.0,130.0,86.57142857142857,45.490523794544735,0.363,650.0,649.637,512.0453749999999,243.89864782781055,1.3,33.0,31.7,28.47142857142857,11.092689263746678,0.4,6.0,5.6,4.549999999999999,1.6023420358962064,903.0,903.0,0.0,903.0,0.0,7.2e-08,10.0,9.999999928,6.363636547181818,4.810456686400538,17.0,40.0,23.0,23.95238095238095,10.288579847746078,49.0,99.0,50.0,82.85714285714286,22.93735924163006,35.453,91.224,55.771,52.31543071428572,24.948442706601583,171.6,2128.0,1956.4,794.7333333333333,889.7911565205749,4.0,17.0,13.0,12.809523809523808,5.957140953903239,3.0,5.0,2.0,3.619047619047618,0.8984743935292003,1.0,1.55,0.55,1.176190476190476,0.2510070420274943,1.33,3.16,1.83,2.5604761904761904,0.8490189082558549,239.11,4682.0,4442.89,1608.2638095238094,1993.536797084103,6511.0,7470.0,959.0,6647.999999999999,335.5800947612954,7.35,17.39,10.04,15.94904761904762,2.4430638546162537,0.0089,23.0,22.9911,6.948790476190475,10.283694069966842,4.0,7.0,3.0,6.142857142857142,1.3552618543578767,-3.0,1.0,4.0,-0.5238095238095237,1.051939144494025,5.7e-06,2.17e-05,1.6e-05,7.985714285714285e-06,5.598833697790121e-06,1.1,120.0,118.9,9.026666666666667,29.658870885828108,68.0,198.0,130.0,86.57142857142857,45.490523794544735,196.0,650.0,454.0,585.1428571428571,158.8669061747947,33.0,33.0,0.0,33.0,0.0,5.0,6.0,1.0,5.142857142857142,0.3499271061118826,903.0,903.0,0.0,903.0,0.0,4.21e-07,10.0,9.999999579,6.666666855523809,4.714044940825989,39.0983,2.2,0.82,4.34066373,1.52,0.0,0.045454545454545,0.045454545454545,0.0,0.0,0.0,0.0,0.0,0.0,0.0,0.0,2.336766893000025
K,K2-3MoCl6,K2MoCl6,K3MoCl6,mp-aaaabpeg,17.0,42.0,25.0,20.1,7.354590403278758,10.0,99.0,89.0,68.0,40.00249992187988,35.453,95.94,60.487,42.595290000000006,17.856143874949595,171.6,2896.0,2724.4,493.519,804.2165534910358,1.0,17.0,16.0,11.1,7.354590403278757,3.0,5.0,2.0,3.5,0.6708203932499369,1.0,2.2,1.2000000000000002,1.405,0.5368659050451985,0.82,3.16,2.3400000000000003,2.358,1.048559011214915,239.11,4912.0,4672.89,944.266,1369.2872147595624,856.0,10280.0,9424.0,3212.0,4080.711702632275,9.38,45.94,36.56,25.154,13.808224505706733,0.0089,139.0,138.9911,43.90534,54.81260044013968,1.0,7.0,6.0,5.1000000000000005,2.7,-2.0,-1.0,1.0,-1.1,0.3,4.8e-06,4.8e-06,0.0,4.8e-06,0.0,1.1,230.0,228.9,24.59,68.47584172538517,329.0,329.0,0.0,329.0,0.0,0.363,1500.0,1499.637,375.27225,649.3618692275421,1.3,20.0,18.7,5.975,8.097337525384502,0.4,5.5,5.1,1.675,2.2083647796503185,1530.0,1530.0,0.0,1530.0,0.0,5.34e-08,10.0,9.9999999466,6.00000002694,4.898979452571729,17.0,42.0,25.0,20.22222222222222,7.742778395637488,10.0,99.0,89.0,74.44444444444444,36.91464963973912,35.453,95.94,60.487,42.98384444444444,18.78187965614796,171.6,2896.0,2724.4,510.9622222222222,845.9221601276689,1.0,17.0,16.0,12.22222222222222,6.892472186342587,3.0,5.0,2.0,3.4444444444444446,0.6849348892187751,1.0,2.2,1.2000000000000002,1.3166666666666669,0.4921607686744467,0.82,3.16,2.3400000000000003,2.5288888888888885,0.9641627852926132,239.11,4912.0,4672.89,934.5177777777776,1443.026228288452,856.0,10280.0,9424.0,3997.333333333333,4442.516203934682,9.38,45.94,36.56,22.84444444444444,12.59014792174254,0.0089,139.0,138.9911,37.6726,54.31183353604136,1.0,7.0,6.0,5.555555555555555,2.454524670486058,-2.0,-1.0,1.0,-1.1111111111111112,0.3142696805273544,4.8e-06,4.8e-06,0.0,4.8e-06,0.0,1.1,230.0,228.9,26.977777777777774,71.783838753391,329.0,329.0,0.0,329.0,0.0,0.363,1500.0,1499.637,500.242,706.9356613455004,1.3,20.0,18.7,7.533333333333333,8.815264538792293,0.4,5.5,5.1,2.1,2.4041630560342613,1530.0,1530.0,0.0,1530.0,0.0,5.34e-08,10.0,9.9999999466,6.6666666886,4.714045176891899,39.0983,2.2,0.82,4.34066373,1.52,0.222222222222222,0.3,0.077777777777778,0.0,0.0,0.0,0.0,0.0,0.0,0.0,0.0,2.376361323000004
K,K0-3ClO,ClO,K3ClO,mp-aaacigyc,8.0,19.0,11.0,16.400000000000002,4.2708313008125245,10.0,101.0,91.0,46.0,44.0953512288994,15.9994,39.0983,23.0989,33.74946,8.98662279804822,54.8,336.53,281.73,247.198,115.47524988498616,1.0,17.0,16.0,7.2,7.6,2.0,4.0,2.0,3.4,0.8,0.6,2.2,1.6,1.64,0.6974238309665078,0.82,3.44,2.62,1.8120000000000005,1.21816911797993,90.2,1032.0,941.8,685.0619999999999,427.5118508018228,856.0,856.0,0.0,856.0,0.0,17.36,45.94,28.58,34.514,13.99393811619874,0.0089,100.0,99.9911,60.007096,48.98110438514085,1.0,7.0,6.0,2.4,2.33238075793812,-2.0,-1.0,1.0,-1.2000000000000002,0.4,8.2e-06,4.6e-05,2.53e-05,2.019130434782609e-05,1.1684631455244876e-05,1.1,3.1,2.0,2.6,0.8660254037844386,10.0,200.0,188.0,105.0,77.21990244317415,0.363,0.363,0.0,0.363,0.0,1.3,1.3,0.0,1.3,0.0,0.4,0.4,0.0,0.4,0.0,628.0,970.0,0.0,706.0,0.0,7.2e-08,10.0,9.999999928,2.500000054,4.330126987745278,8.0,17.0,9.0,12.5,4.5,99.0,101.0,2.0,100.0,1.0,15.9994,35.453,19.4536,25.7262,9.7268,54.8,171.6,116.8,113.2,58.4,16.0,17.0,1.0,16.5,0.5,2.0,3.0,1.0,2.5,0.5,0.6,1.0,0.4,0.8,0.2,3.16,3.44,0.2799999999999998,3.3,0.1399999999999999,90.2,239.11,148.91000000000005,164.655,74.455,2330.0,7874.0,5317.0,5705.55,2191.173832267542,17.36,17.39,0.0300000000000011,17.375,0.0150000000000005,0.0089,0.02658,0.01768,0.01774,0.0088399999999999,2.0,7.0,5.0,4.5,2.5,-2.0,-1.0,1.0,-1.5,0.5,8.4e-06,1.34e-05,2.4000000000000007e-06,1.3e-05,1.1500000000000004e-06,1.1,1.1,0.0,1.1,0.0,116.0,200.0,37.0,141.95,16.499579113843055,490.0,700.0,0.0,628.0,0.0,26.0,75.0,0.0,47.0,0.0,3.0,6.0,1.5,4.55,0.7071067811865476,628.0,970.0,0.0,716.75,0.0,10.0,10.0,0.0,10.0,0.0,39.0983,2.2,0.82,4.34066373,1.52,0.0,0.6000000000000001,0.6000000000000001,0.0,0.0,0.0,0.0,0.0,0.0,0.0,0.0,3.5999654246666672
K,K0-2WCl6,WCl6,K2WCl6,mp-aaabgnlm,17.0,74.0,57.0,23.77777777777777,17.774999782952197,10.0,99.0,89.0,74.33333333333333,36.97146046464609,35.453,183.84,148.387,52.75051111111111,46.37101965838971,171.6,3695.0,3523.4,599.74,1096.4091203864857,1.0,17.0,16.0,12.22222222222222,6.892472186342587,3.0,6.0,3.0,3.555555555555556,0.955813918560292,1.0,2.2,1.2000000000000002,1.3055555555555556,0.4901498888913951,0.82,3.16,2.3400000000000003,2.551111111111111,0.9576875440866742,239.11,5828.0,5588.89,1036.2955555555557,1724.7704274425182,856.0,19250.0,18394.0,6987.333333333333,8671.014755430237,9.47,45.94,36.47,22.854444444444443,12.579480744548604,0.0089,170.0,169.9911,41.117044444444446,61.17779043324121,1.0,7.0,6.0,5.555555555555555,2.454524670486058,-2.0,-1.0,1.0,-1.1111111111111112,0.3142696805273544,4.5e-06,4.5e-06,0.0,4.5e-06,0.0,1.1,310.0,308.9,35.86666666666667,96.92420864893468,411.0,411.0,0.0,411.0,0.0,0.363,2570.0,2569.637,856.9086666666666,1211.338498591904,1.3,161.0,159.7,54.53333333333333,75.28330197032776,0.4,7.5,7.1,2.7666666666666666,3.346972097616325,3430.0,3430.0,0.0,3430.0,0.0,5.28e-08,10.0,9.9999999472,6.666666688533333,4.71404517698618,17.0,74.0,57.0,25.142857142857142,19.945845048377308,55.0,99.0,44.0,92.71428571428572,15.396792668922831,35.453,183.84,148.387,56.65114285714286,51.92463349462392,171.6,3695.0,3523.4,674.9428571428571,1232.9331656746072,6.0,17.0,11.0,15.428571428571429,3.849198167230708,3.0,6.0,3.0,3.4285714285714284,1.0497813183356477,1.0,1.35,0.3500000000000001,1.05,0.1224744871391589,2.36,3.16,0.8000000000000003,3.045714285714286,0.2799416848895061,239.11,5828.0,5588.89,1037.5228571428572,1955.70410407764,19250.0,19250.0,0.0,19250.0,0.0,9.47,17.39,7.92,16.25857142857143,2.77142268040611,0.0089,170.0,169.9911,24.293342857142857,59.48449368777564,6.0,7.0,1.0,6.857142857142857,0.3499271061118826,-2.0,-1.0,1.0,-1.1428571428571428,0.3499271061118826,4.5e-06,4.5e-06,0.0,4.5e-06,0.0,1.1,310.0,308.9,45.22857142857143,108.09248307796054,411.0,411.0,0.0,411.0,0.0,2570.0,2570.0,0.0,2570.0,0.0,161.0,161.0,0.0,161.0,0.0,7.5,7.5,0.0,7.5,0.0,3430.0,3430.0,0.0,3430.0,0.0,5.28e-08,10.0,9.9999999472,8.571428578971428,3.499271042642674,39.0983,2.2,0.82,4.34066373,1.52,0.0,0.222222222222222,0.222222222222222,0.0,0.0,0.0,0.0,0.0,0.0,0.0,0.0,3.082255747999998
K,K2-3TaCl6,K2TaCl6,K3TaCl6,mp-aaaabukh,17.0,73.0,56.0,23.2,16.624078921853084,10.0,99.0,89.0,67.6,40.14025410980853,35.453,180.94788,145.49488,51.096078000000006,43.31462322281421,171.6,3290.0,3118.4,532.919,921.9821081284604,1.0,17.0,16.0,11.0,7.429670248402684,3.0,6.0,3.0,3.6,0.916515138991168,1.0,2.2,1.2000000000000002,1.405,0.5368659050451985,0.82,3.16,2.3400000000000003,2.292,1.0792664175262752,239.11,5731.0,5491.89,1026.1660000000002,1607.8652915291132,856.0,16650.0,15794.0,4804.5,6839.002613685712,10.85,45.94,35.09,25.300999999999995,13.646391061375896,0.0089,100.0,99.9911,35.70534,45.27724310302472,1.0,7.0,6.0,5.0,2.683281572999748,-1.0,-1.0,0.0,-1.0,0.0,6.3e-06,6.3e-06,0.0,6.3e-06,0.0,1.1,200.0,198.9,21.59,59.47672570005851,186.0,186.0,0.0,186.0,0.0,0.363,800.0,799.637,200.27225,346.25297790298856,1.3,69.0,67.7,18.225,29.31495991810325,0.4,6.5,6.1,1.925,2.6413774815425377,873.0,873.0,0.0,873.0,0.0,7.2e-08,10.0,9.999999928,6.0000000347,4.898979443067709,17.0,73.0,56.0,23.666666666666664,17.46106780494506,10.0,99.0,89.0,74.0,37.15732319027659,35.453,180.94788,145.49488,52.429164444444446,45.46259157836501,171.6,3290.0,3118.4,554.74,969.401650125822,1.0,17.0,16.0,12.11111111111111,6.999118110232721,3.0,6.0,3.0,3.555555555555556,0.955813918560292,1.0,2.2,1.2000000000000002,1.3166666666666669,0.4921607686744467,0.82,3.16,2.3400000000000003,2.4555555555555557,1.0132797256775328,239.11,5731.0,5491.89,1025.5177777777778,1694.8375910313175,856.0,16650.0,15794.0,6120.666666666667,7445.363001373554,10.85,45.94,35.09,23.007777777777772,12.422836299669855,0.0089,100.0,99.9911,28.56148888888889,42.04121343965663,1.0,7.0,6.0,5.444444444444444,2.454524670486058,-1.0,-1.0,0.0,-1.0,0.0,6.3e-06,6.3e-06,0.0,6.3e-06,0.0,1.1,200.0,198.9,23.64444444444445,62.35645045687132,186.0,186.0,0.0,186.0,0.0,0.363,800.0,799.637,266.90866666666665,376.9524967917782,1.3,69.0,67.7,23.866666666666667,31.914086057552844,0.4,6.5,6.1,2.433333333333333,2.875567576825293,873.0,873.0,0.0,873.0,0.0,7.2e-08,10.0,9.999999928,6.6666666972222215,4.714045164698236,39.0983,2.2,0.82,4.34066373,1.52,0.222222222222222,0.3,0.077777777777778,0.0,0.0,0.0,0.0,0.0,0.0,0.0,0.0,0.8756052229999941
K,K0-1Cs2CoF6,Cs2CoF6,Cs2KCoF6,mp-aaabitks,9.0,55.0,46.0,21.0,17.933209417167916,8.0,102.0,94.0,70.19999999999999,41.794257978818095,18.9984032,132.9054519,113.9070487,47.7832818,44.34267986308559,53.53,1768.0,1714.47,302.889,502.072185974288,1.0,17.0,16.0,11.4,7.2,2.0,6.0,4.0,3.2,1.6,0.5,2.6,2.1,1.175,0.8874823941915694,0.79,3.98,3.19,2.816,1.4559821427476367,85.03,3200.0,3114.97,663.018,934.5987332625698,856.0,8900.0,8044.0,3378.5,3215.080442228468,6.67,70.94,64.27,26.169,24.747553596264822,0.0277,100.0,99.9723,27.21662,38.96737168644557,-1.0,5.0,6.0,0.2,1.833030277982336,-1.0,1.0,2.0,-0.6,0.8,1.3e-05,1.3e-05,0.0,1.3e-05,0.0,1.6,180.0,178.4,46.575,77.03539365123022,1.7,209.0,207.3,70.8,97.72215715998088,0.14,700.0,699.86,175.16075,303.0160959448978,1.3,75.0,73.7,38.15,36.85,0.2,5.0,4.8,1.45,2.051219149676601,1043.0,1043.0,0.0,1043.0,0.0,6.24e-08,2.05e-07,1.426e-07,1.361e-07,6.898354876345519e-08,9.0,55.0,46.0,21.22222222222222,18.89019603320303,8.0,102.0,94.0,76.88888888888889,38.64494920122721,18.9984032,132.9054519,113.9070487,48.748279777777775,46.64156786441872,53.53,1768.0,1714.47,299.1511111111111,529.0985348358395,1.0,17.0,16.0,12.555555555555554,6.651835354264785,2.0,6.0,4.0,3.1111111111111107,1.6629588385661962,0.5,2.6,2.1,1.0611111111111111,0.8633840968916627,0.79,3.98,3.19,3.037777777777778,1.3651274077924642,85.03,3200.0,3114.97,622.02,976.5854734055112,1879.0,8900.0,7021.0,4219.333333333333,3309.7311404738334,6.67,70.94,64.27,23.972222222222214,25.14422654199293,0.0277,100.0,99.9723,19.129577777777776,32.142975541815176,-1.0,5.0,6.0,0.1111111111111111,1.911627837120584,-1.0,1.0,2.0,-0.5555555555555556,0.8314794192830981,1.3e-05,1.3e-05,0.0,1.3e-05,0.0,1.6,180.0,178.4,61.06666666666667,84.09856650912005,1.7,209.0,207.3,70.8,97.72215715998088,0.14,700.0,699.86,233.42666666666665,329.91716792081144,75.0,75.0,0.0,75.0,0.0,0.2,5.0,4.8,1.7999999999999998,2.262741699796952,1043.0,1043.0,0.0,1043.0,0.0,6.24e-08,2.05e-07,1.426e-07,1.5746666666666665e-07,6.722228466480113e-08,39.0983,2.2,0.82,4.34066373,1.52,0.0,0.1,0.1,0.0,0.0,0.0,0.0,0.0,0.0,0.0,0.0,4.946569023000003
K,K0-1CoF3,CoF3,KCoF3,mp-aaacuihr,9.0,27.0,18.0,14.6,7.310266752998826,10.0,102.0,92.0,76.0,36.133087330035885,18.9984032,58.933195,39.9347918,31.00534092,15.987249171888225,53.53,1768.0,1714.47,453.024,666.5611900973535,1.0,17.0,16.0,12.2,6.4,2.0,4.0,2.0,2.8,0.9797958971132712,0.5,2.2,1.7000000000000002,1.01,0.6800000000000002,0.82,3.98,3.16,2.928,1.3313211483334892,85.03,3200.0,3114.97,897.418,1208.2978911741925,856.0,8900.0,8044.0,4878.0,4022.0,6.67,45.94,39.27,17.242,14.455861648480177,0.0277,100.0,99.9723,40.01662,48.97622468248854,-1.0,5.0,6.0,0.6,2.3323807579381204,-1.0,-1.0,0.0,-1.0,0.0,1.3e-05,1.3e-05,0.0,1.3e-05,0.0,3.1,180.0,176.9,91.55,88.45,209.0,209.0,0.0,209.0,0.0,0.363,700.0,699.637,350.1815,349.81850000000003,1.3,75.0,73.7,38.15,36.85,0.4,5.0,4.6,2.7,2.3,1043.0,1043.0,0.0,1043.0,0.0,6.24e-08,7.2e-08,9.599999999999992e-09,6.719999999999999e-08,4.7999999999999975e-09,9.0,27.0,18.0,13.5,7.794228634059948,64.0,102.0,38.0,92.5,16.454482671904334,18.9984032,58.933195,39.9347918,28.98210115,17.292272096821243,53.53,1768.0,1714.47,482.1475,742.3872870131531,9.0,17.0,8.0,15.0,3.4641016151377544,2.0,4.0,2.0,2.5,0.8660254037844386,0.5,1.35,0.8500000000000001,0.7125,0.3680607966083865,1.88,3.98,2.1,3.455,0.9093266739736606,85.03,3200.0,3114.97,863.7725,1348.8215760132064,8900.0,8900.0,0.0,8900.0,0.0,6.67,11.2,4.529999999999999,10.0675,1.9615475395717528,0.0277,100.0,99.9723,25.020775,43.28927573737952,-1.0,5.0,6.0,0.5,2.598076211353316,-1.0,-1.0,0.0,-1.0,0.0,1.3e-05,1.3e-05,0.0,1.3e-05,0.0,180.0,180.0,0.0,180.0,0.0,209.0,209.0,0.0,209.0,0.0,700.0,700.0,0.0,700.0,0.0,75.0,75.0,0.0,75.0,0.0,5.0,5.0,0.0,5.0,0.0,1043.0,1043.0,0.0,1043.0,0.0,6.24e-08,6.24e-08,0.0,6.24e-08,0.0,39.0983,2.2,0.82,4.34066373,1.52,0.0,0.2,0.2,0.0,0.0,0.0,0.0,0.0,0.0,0.0,0.0,3.628728015500002
K,K2-3CoF6,K2CoF6,K3CoF6,mp-aaacqrip,9.0,27.0,18.0,13.8,6.273754856543249,10.0,102.0,92.0,70.6,41.20242711297479,18.9984032,58.933195,39.9347918,29.02185142,13.424269097537811,53.53,1768.0,1714.47,309.877,502.2485974903265,1.0,17.0,16.0,11.4,7.2,2.0,4.0,2.0,2.8,0.9797958971132712,0.5,2.2,1.7000000000000002,1.095,0.7650000000000001,0.82,3.98,3.16,2.822,1.4476587995795145,85.03,3200.0,3114.97,680.6179999999999,940.5341028458246,856.0,8900.0,8044.0,2867.0,3483.1541740210123,6.67,45.94,39.27,21.169,16.27056879767883,0.0277,100.0,99.9723,40.01662,48.976224682488535,-1.0,5.0,6.0,0.2,1.833030277982336,-1.0,-1.0,0.0,-1.0,0.0,1.3e-05,1.3e-05,0.0,1.3e-05,0.0,3.1,180.0,176.9,47.325,76.5999469647336,209.0,209.0,0.0,209.0,0.0,0.363,700.0,699.637,175.27225,302.95170771376667,1.3,75.0,73.7,19.725,31.913036129456565,0.4,5.0,4.6,1.55,1.991858428704209,1043.0,1043.0,0.0,1043.0,0.0,6.24e-08,7.2e-08,9.599999999999992e-09,6.96e-08,4.156921938165302e-09,9.0,27.0,18.0,13.22222222222222,6.355710953811152,10.0,102.0,92.0,77.33333333333333,37.85351884420904,18.9984032,58.933195,39.9347918,27.902246022222226,13.70033878666714,53.53,1768.0,1714.47,306.9155555555555,529.3336716017204,1.0,17.0,16.0,12.555555555555554,6.651835354264785,2.0,4.0,2.0,2.6666666666666665,0.9428090415820634,0.5,2.2,1.7000000000000002,0.9722222222222224,0.7067575063906334,0.82,3.98,3.16,3.0444444444444443,1.3541632193688315,85.03,3200.0,3114.97,641.5755555555556,983.6923561551266,856.0,8900.0,8044.0,3537.333333333333,3791.977965243059,6.67,45.94,39.27,18.416666666666664,14.77811294523838,0.0277,100.0,99.9723,33.3518,47.127394173877256,-1.0,5.0,6.0,0.1111111111111111,1.911627837120584,-1.0,-1.0,0.0,-1.0,0.0,1.3e-05,1.3e-05,0.0,1.3e-05,0.0,3.1,180.0,176.9,62.06666666666666,83.3914597279335,209.0,209.0,0.0,209.0,0.0,0.363,700.0,699.637,233.5753333333333,329.812044712675,1.3,75.0,73.7,25.866666666666667,34.74251318229903,0.4,5.0,4.6,1.933333333333333,2.1684607956387456,1043.0,1043.0,0.0,1043.0,0.0,6.24e-08,7.2e-08,9.599999999999992e-09,6.88e-08,4.525483399593901e-09,39.0983,2.2,0.82,4.34066373,1.52,0.222222222222222,0.3,0.077777777777778,0.0,0.0,0.0,0.0,0.0,0.0,0.0,0.0,4.647320952999998
K,K0-1Rb2CoF6,Rb2CoF6,KRb2CoF6,mp-aaabfxsg,9.0,37.0,28.0,17.4,11.34195750300626,9.0,102.0,93.0,70.39999999999999,41.497469802386746,18.9984032,85.4678,66.4693968,38.29575142,26.66698030552452,53.53,1768.0,1714.47,305.063,502.0853881373167,1.0,17.0,16.0,11.4,7.2,2.0,5.0,3.0,3.0,1.2649110640673518,0.5,2.35,1.85,1.125,0.8093979243857746,0.82,3.98,3.16,2.822,1.4476587995795145,85.03,3200.0,3114.97,666.4180000000001,935.645076840572,856.0,8900.0,8044.0,3205.0,3299.571335795,6.67,55.76,49.09,23.133000000000003,19.428357650609584,0.0277,100.0,99.9723,31.61662,40.9046427701013,-1.0,5.0,6.0,0.2,1.833030277982336,-1.0,1.0,2.0,-0.6,0.8,1.3e-05,1.3e-05,0.0,1.3e-05,0.0,2.5,180.0,177.5,47.025,76.77354280609954,2.4,209.0,206.6,71.26666666666665,97.39217399542714,0.216,700.0,699.784,175.19875,302.9941489017362,1.3,75.0,73.7,38.15,36.85,0.3,5.0,4.7,1.5,2.021138293140773,1043.0,1043.0,0.0,1043.0,0.0,6.24e-08,1.28e-07,6.56e-08,9.76e-08,3.058888687088826e-08,9.0,37.0,28.0,17.22222222222222,11.942247860039467,9.0,102.0,93.0,77.11111111111111,38.24902161259798,18.9984032,85.4678,66.4693968,38.206579355555554,28.108050916686505,53.53,1768.0,1714.47,301.56666666666666,529.1289675390008,1.0,17.0,16.0,12.555555555555554,6.651835354264785,2.0,5.0,3.0,2.888888888888889,1.286204100310025,0.5,2.35,1.85,1.0055555555555555,0.7650143224673946,0.82,3.98,3.16,3.0444444444444443,1.3541632193688315,85.03,3200.0,3114.97,625.7977777777778,977.8557538112298,1532.0,8900.0,7368.0,3988.0,3473.3085091883213,6.67,55.76,49.09,20.598888888888887,18.846326163911712,0.0277,100.0,99.9723,24.018466666666665,35.80196135933834,-1.0,5.0,6.0,0.1111111111111111,1.911627837120584,-1.0,1.0,2.0,-0.5555555555555556,0.8314794192830981,1.3e-05,1.3e-05,0.0,1.3e-05,0.0,2.5,180.0,177.5,61.66666666666666,83.67430244040813,2.4,209.0,206.6,71.26666666666665,97.39217399542714,0.216,700.0,699.784,233.4773333333333,329.8813411772313,75.0,75.0,0.0,75.0,0.0,0.3,5.0,4.7,1.8666666666666665,2.215601247717849,1043.0,1043.0,0.0,1043.0,0.0,6.24e-08,1.28e-07,6.56e-08,1.0613333333333333e-07,3.0924136563891674e-08,39.0983,2.2,0.82,4.34066373,1.52,0.0,0.1,0.1,0.0,0.0,0.0,0.0,0.0,0.0,0.0,0.0,4.865964753000007
K,K0-0.5CoO2,CoO2,K(CoO2)2,mp-aaacupmn,8.0,27.0,19.0,14.999999999999998,8.451542547285166,10.0,101.0,91.0,77.42857142857142,31.91442639692742,15.9994,58.933195,42.933795,31.566041428571424,18.988486774336387,54.8,1768.0,1713.2,584.5328571428571,754.5255816304003,1.0,16.0,15.0,11.857142857142856,5.383269623261935,2.0,4.0,2.0,2.8571428571428568,0.989743318610787,0.6,2.2,1.6,1.0428571428571427,0.5747226482826127,0.82,3.44,2.62,2.62,1.0017698623650328,90.2,3200.0,3109.8,1113.2571428571428,1357.633334527555,856.0,8900.0,8044.0,6218.666666666666,3791.977965243059,6.67,45.94,39.27,18.388571428571428,12.177044479055578,0.02658,100.0,99.97342,42.87233142857143,49.47401224183501,1.0,5.0,4.0,2.714285714285714,1.4846149779161804,-2.0,-1.0,1.0,-1.5714285714285714,0.4948716593053935,1.3e-05,1.3e-05,0.0,1.3e-05,0.0,3.1,180.0,176.9,121.03333333333332,83.3914597279335,209.0,209.0,0.0,209.0,0.0,0.363,700.0,699.637,466.7876666666666,329.81204471267506,1.3,75.0,73.7,50.43333333333333,34.742513182299035,0.4,5.0,4.6,3.4666666666666663,2.1684607956387456,1043.0,1043.0,0.0,1043.0,0.0,6.24e-08,7.2e-08,9.599999999999992e-09,6.56e-08,4.525483399593901e-09,8.0,27.0,19.0,14.333333333333332,8.956685895029603,64.0,101.0,37.0,88.66666666666666,17.441967269268172,15.9994,58.933195,42.933795,30.310665,20.23918505771539,54.8,1768.0,1713.2,625.8666666666666,807.6102250191955,9.0,16.0,7.0,13.666666666666666,3.2998316455372216,2.0,4.0,2.0,2.6666666666666665,0.9428090415820634,0.6,1.35,0.7500000000000001,0.85,0.3535533905932738,1.88,3.44,1.56,2.9199999999999995,0.7353910524340094,90.2,3200.0,3109.8,1126.8,1465.9737787559502,8900.0,8900.0,0.0,8900.0,0.0,6.67,17.36,10.69,13.796666666666663,5.039314327256128,0.02658,100.0,99.97342,33.351053333333326,47.12792214694053,2.0,5.0,3.0,3.0,1.4142135623730951,-2.0,-1.0,1.0,-1.6666666666666663,0.4714045207910317,1.3e-05,1.3e-05,0.0,1.3e-05,0.0,180.0,180.0,0.0,180.0,0.0,209.0,209.0,0.0,209.0,0.0,700.0,700.0,0.0,700.0,0.0,75.0,75.0,0.0,75.0,0.0,5.0,5.0,0.0,5.0,0.0,1043.0,1043.0,0.0,1043.0,0.0,6.24e-08,6.24e-08,0.0,6.24e-08,0.0,39.0983,2.2,0.82,4.34066373,1.52,0.0,0.142857142857142,0.142857142857142,0.0,0.0,0.0,0.0,0.0,0.0,0.0,0.0,3.799622952999996
K,K4-6Co2O5,K4Co2O5,K6Co2O5,mp-aaabrwjj,8.0,27.0,19.0,16.0,6.883648406522183,10.0,101.0,91.0,53.30769230769231,41.92921620538158,15.9994,58.933195,42.933795,33.26563,15.22240634494062,54.8,1768.0,1713.2,448.3984615384616,577.2869238195317,1.0,16.0,15.0,8.0,6.883648406522183,2.0,4.0,2.0,3.230769230769231,0.9730085108210398,0.6,2.2,1.6,1.453846153846154,0.7341823129434906,0.82,3.44,2.62,1.9907692307692304,1.2009641097465855,90.2,3200.0,3109.8,1003.3076923076924,1031.2308541525572,856.0,8900.0,8044.0,2867.0,3483.1541740210123,6.67,45.94,39.27,28.90615384615385,16.163522340067768,0.02658,100.0,99.97342,61.548684615384616,48.63749425794318,1.0,5.0,4.0,2.0,1.3587324409735149,-2.0,-1.0,1.0,-1.3846153846153846,0.4865042554105199,1.3e-05,1.3e-05,0.0,1.3e-05,0.0,3.1,180.0,176.9,47.325,76.5999469647336,209.0,209.0,0.0,209.0,0.0,0.363,700.0,699.637,175.27225,302.95170771376667,1.3,75.0,73.7,19.725,31.913036129456565,0.4,5.0,4.6,1.55,1.991858428704209,1043.0,1043.0,0.0,1043.0,0.0,6.24e-08,7.2e-08,9.599999999999992e-09,6.96e-08,4.156921938165302e-09,8.0,27.0,19.0,15.454545454545457,7.352966455960433,10.0,101.0,91.0,61.18181818181818,40.923027928979465,15.9994,58.933195,42.933795,32.205144545454544,16.326137749706263,54.8,1768.0,1713.2,468.7381818181818,625.430953209911,1.0,16.0,15.0,9.272727272727272,6.743224331146435,2.0,4.0,2.0,3.090909090909091,0.9958591954639384,0.6,2.2,1.6,1.318181818181818,0.7193029224289835,0.82,3.44,2.62,2.203636363636363,1.1874439525703384,90.2,3200.0,3109.8,998.0909090909092,1120.9872316640003,856.0,8900.0,8044.0,3537.333333333334,3791.9779652430593,6.67,45.94,39.27,25.809090909090905,15.69759475179989,0.02658,100.0,99.97342,54.557536363636366,49.779724804489206,1.0,5.0,4.0,2.181818181818182,1.4024771473219555,-2.0,-1.0,1.0,-1.4545454545454546,0.4979295977319691,1.3e-05,1.3e-05,0.0,1.3e-05,0.0,3.1,180.0,176.9,62.06666666666668,83.39145972793351,209.0,209.0,0.0,209.0,0.0,0.363,700.0,699.637,233.57533333333336,329.81204471267506,1.3,75.0,73.7,25.86666666666667,34.742513182299035,0.4,5.0,4.6,1.9333333333333336,2.168460795638746,1043.0,1043.0,0.0,1043.0,0.0,6.24e-08,7.2e-08,9.599999999999992e-09,6.880000000000002e-08,4.525483399593901e-09,39.0983,2.2,0.82,4.34066373,1.52,0.363636363636363,0.461538461538461,0.097902097902098,0.0,0.0,0.0,0.0,0.0,0.0,0.0,0.0,1.755020210500003
K,K0-1Cs2CrF6,Cs2CrF6,Cs2KCrF6,mp-aaabfslo,9.0,55.0,46.0,20.7,17.855251328390757,8.0,102.0,94.0,69.5,41.9505661463585,18.9984032,132.9054519,113.9070487,47.0895723,44.216905724525525,53.53,2180.0,2126.47,344.089,622.9595382759622,1.0,17.0,16.0,11.1,7.354590403278758,2.0,6.0,4.0,3.2,1.6,0.5,2.6,2.1,1.18,0.8885943956609225,0.79,3.98,3.19,2.794,1.47153797096779,85.03,2944.0,2858.97,637.4180000000001,865.7248718940679,856.0,7140.0,6284.0,2938.5,2461.4268727711574,7.23,70.94,63.71,26.225,24.70396213160958,0.0277,100.0,99.9723,26.61662,37.8728926826246,-1.0,6.0,7.0,0.3000000000000001,2.1,-2.0,1.0,3.0,-0.7,0.9,4.9e-06,4.9e-06,0.0,4.9e-06,0.0,1.6,160.0,158.4,41.575,68.37544789615642,1.7,279.0,277.3,94.13333333333334,130.7204736153531,0.14,1120.0,1119.86,280.16075,484.8814256101047,1.3,115.0,113.7,58.15,56.85,0.2,8.5,8.3,2.325,3.566072769868837,1060.0,1060.0,0.0,1060.0,0.0,7.2e-08,2.05e-07,1.33e-07,1.5175e-07,5.6450752873633144e-08,9.0,55.0,46.0,20.88888888888889,18.811606608949607,8.0,102.0,94.0,76.11111111111111,38.96563855057839,18.9984032,132.9054519,113.9070487,47.97749144444444,46.52405767375674,53.53,2180.0,2126.47,344.9288888888889,656.6516390910691,1.0,17.0,16.0,12.22222222222222,6.892472186342587,2.0,6.0,4.0,3.1111111111111107,1.6629588385661962,0.5,2.6,2.1,1.0666666666666669,0.8653836657164778,0.79,3.98,3.19,3.013333333333333,1.387427675792708,85.03,2944.0,2858.97,593.5755555555556,901.9608974046012,1879.0,7140.0,5261.0,3632.6666666666665,2480.0591838816176,7.23,70.94,63.71,24.034444444444443,25.101990674097323,0.0277,94.0,93.9723,18.462911111111108,30.477847735817143,-1.0,6.0,7.0,0.2222222222222222,2.199887763691481,-2.0,1.0,3.0,-0.6666666666666666,0.9428090415820632,4.9e-06,4.9e-06,0.0,4.9e-06,0.0,1.6,160.0,158.4,54.4,74.67047609329941,1.7,279.0,277.3,94.13333333333334,130.7204736153531,0.14,1120.0,1119.86,373.4266666666666,527.9070666530447,115.0,115.0,0.0,115.0,0.0,0.2,8.5,8.3,2.9666666666666663,3.912657522565562,1060.0,1060.0,0.0,1060.0,0.0,1.25e-07,2.05e-07,8e-08,1.783333333333333e-07,3.7712361663282536e-08,39.0983,2.2,0.82,4.34066373,1.52,0.0,0.1,0.1,0.0,0.0,0.0,0.0,0.0,0.0,0.0,0.0,4.435469402999999
K,K0-3CrF6,CrF6,K3CrF6,mp-aaadbeyq,9.0,24.0,15.0,13.5,5.678908345800274,10.0,102.0,92.0,69.89999999999999,41.36774105507817,18.9984032,51.9961,32.9976968,28.32814192,11.960038889493664,53.53,2180.0,2126.47,351.077,622.6395015424255,1.0,17.0,16.0,11.1,7.354590403278757,2.0,4.0,2.0,2.8,0.9797958971132712,0.5,2.2,1.7000000000000002,1.1,0.7668115805072326,0.82,3.98,3.16,2.8,1.463393316917909,85.03,2944.0,2858.97,655.018,872.6455639124055,856.0,7140.0,6284.0,2427.0,2721.051818690706,7.23,45.94,38.71,21.225,16.22145939797033,0.0277,100.0,99.9723,39.41662,48.26935392305971,-1.0,6.0,7.0,0.3000000000000001,2.1,-2.0,-1.0,1.0,-1.1,0.3,4.9e-06,4.9e-06,0.0,4.9e-06,0.0,3.1,160.0,156.9,42.325,67.93969292688921,279.0,279.0,0.0,279.0,0.0,0.363,1120.0,1119.637,280.27225,484.8170425084988,1.3,115.0,113.7,29.725,49.23354420514534,0.4,8.5,8.1,2.425,3.5074028853269765,1060.0,1060.0,0.0,1060.0,0.0,7.2e-08,1.25e-07,5.3e-08,8.525e-08,2.2949673200287626e-08,9.0,24.0,15.0,11.142857142857142,5.248906591678239,57.0,102.0,45.0,95.57142857142856,15.746719775034716,18.9984032,51.9961,32.9976968,23.712359885714285,11.54678854958133,53.53,2180.0,2126.47,357.3114285714285,744.1094933337349,6.0,17.0,11.0,15.428571428571429,3.849198167230708,2.0,4.0,2.0,2.2857142857142856,0.6998542122237652,0.5,1.4,0.8999999999999999,0.6285714285714286,0.3149343955006943,1.66,3.98,2.3200000000000003,3.648571428571428,0.8118308861795676,85.03,2944.0,2858.97,493.4542857142857,1000.4310985606892,7140.0,7140.0,0.0,7140.0,0.0,7.23,11.2,3.969999999999999,10.632857142857144,1.3892106112641731,0.0277,94.0,93.9723,13.452314285714284,32.88345499367767,-1.0,6.0,7.0,0.0,2.449489742783178,-2.0,-1.0,1.0,-1.1428571428571428,0.3499271061118826,4.9e-06,4.9e-06,0.0,4.9e-06,0.0,160.0,160.0,0.0,160.0,0.0,279.0,279.0,0.0,279.0,0.0,1120.0,1120.0,0.0,1120.0,0.0,115.0,115.0,0.0,115.0,0.0,8.5,8.5,0.0,8.5,0.0,1060.0,1060.0,0.0,1060.0,0.0,1.25e-07,1.25e-07,0.0,1.25e-07,0.0,39.0983,2.2,0.82,4.34066373,1.52,0.0,0.3,0.3,0.0,0.0,0.0,0.0,0.0,0.0,0.0,0.0,5.472874739666667
K,K0-1CrF3,CrF3,KCrF3,mp-aaabfwxm,9.0,24.0,15.0,14.0,6.324555320336759,10.0,102.0,92.0,74.6,36.70204353983576,18.9984032,51.9961,32.9976968,29.61792192,13.630722330479983,53.53,2180.0,2126.47,535.424,829.5606698391625,1.0,17.0,16.0,11.6,6.8,2.0,4.0,2.0,2.8,0.9797958971132712,0.5,2.2,1.7000000000000002,1.02,0.6852736679604726,0.82,3.98,3.16,2.884,1.3683508322064193,85.03,2944.0,2858.97,846.2180000000001,1111.163874959945,856.0,7140.0,6284.0,3998.0,3142.0,7.23,45.94,38.71,17.354,14.375464653359904,0.0277,100.0,99.9723,38.81662,47.54440526654635,-1.0,6.0,7.0,0.8000000000000002,2.712931993250108,-2.0,-1.0,1.0,-1.2000000000000002,0.4,4.9e-06,4.9e-06,0.0,4.9e-06,0.0,3.1,160.0,156.9,81.55,78.45,279.0,279.0,0.0,279.0,0.0,0.363,1120.0,1119.637,560.1815,559.8185,1.3,115.0,113.7,58.15,56.85,0.4,8.5,8.1,4.45,4.05,1060.0,1060.0,0.0,1060.0,0.0,7.2e-08,1.25e-07,5.3e-08,9.85e-08,2.65e-08,9.0,24.0,15.0,12.75,6.49519052838329,57.0,102.0,45.0,90.75,19.48557158514987,18.9984032,51.9961,32.9976968,27.2478274,14.28842184758824,53.53,2180.0,2126.47,585.1475,920.7885201927476,6.0,17.0,11.0,14.25,4.763139720814412,2.0,4.0,2.0,2.5,0.8660254037844386,0.5,1.4,0.8999999999999999,0.725,0.3897114317029974,1.66,3.98,2.3200000000000003,3.4,1.0045894683899488,85.03,2944.0,2858.97,799.7725,1237.9703243287984,7140.0,7140.0,0.0,7140.0,0.0,7.23,11.2,3.969999999999999,10.2075,1.7190604265121103,0.0277,94.0,93.9723,23.520775,40.6911995260262,-1.0,6.0,7.0,0.75,3.031088913245535,-2.0,-1.0,1.0,-1.25,0.4330127018922193,4.9e-06,4.9e-06,0.0,4.9e-06,0.0,160.0,160.0,0.0,160.0,0.0,279.0,279.0,0.0,279.0,0.0,1120.0,1120.0,0.0,1120.0,0.0,115.0,115.0,0.0,115.0,0.0,8.5,8.5,0.0,8.5,0.0,1060.0,1060.0,0.0,1060.0,0.0,1.25e-07,1.25e-07,0.0,1.25e-07,0.0,39.0983,2.2,0.82,4.34066373,1.52,0.0,0.2,0.2,0.0,0.0,0.0,0.0,0.0,0.0,0.0,0.0,2.501754547999997
K,K0-2NaCrF6,NaCrF6,K2NaCrF6,mp-aaabfubq,9.0,24.0,15.0,12.7,5.404627646748664,10.0,102.0,92.0,70.0,41.22377954530613,18.9984032,51.9961,32.9976968,26.717288848,11.475969429907009,53.53,2180.0,2126.47,354.511,622.6444983206709,1.0,17.0,16.0,11.1,7.354590403278758,2.0,4.0,2.0,2.7,0.9,0.5,2.2,1.7000000000000002,1.06,0.7172168430816444,0.82,3.98,3.16,2.811,1.4488095112884924,85.03,2944.0,2858.97,667.4180000000001,878.7737330029842,856.0,7140.0,6284.0,2455.0,2705.272444690183,7.23,45.94,38.71,19.009,14.063952822730885,0.0277,140.0,139.9723,43.41662,54.392991902906026,-1.0,6.0,7.0,0.3000000000000001,2.1,-2.0,-1.0,1.0,-1.1,0.3,4.9e-06,7.1e-05,6.610000000000001e-05,3.795e-05,3.3050000000000004e-05,3.1,160.0,156.9,43.125,67.4904576588424,10.0,279.0,269.0,144.5,134.5,0.363,1120.0,1119.637,280.354,484.7698625053954,1.3,115.0,113.7,30.225,48.95167898039862,0.4,8.5,8.1,2.45,3.493207694941713,1060.0,1060.0,0.0,1060.0,0.0,4.77e-08,1.25e-07,7.73e-08,7.917499999999999e-08,2.8255829044641393e-08,9.0,24.0,15.0,11.125,4.910129835350589,11.0,102.0,91.0,85.0,31.610915836147488,18.9984032,51.9961,32.9976968,23.62203606,10.803675015340442,53.53,2180.0,2126.47,359.00625,696.0651390124616,1.0,17.0,16.0,13.625,5.977823600609171,2.0,4.0,2.0,2.375,0.6959705453537527,0.5,1.8,1.3,0.775,0.4866980583482946,0.93,3.98,3.05,3.30875,1.1768754978756248,85.03,2944.0,2858.97,576.2725,961.1277653978944,968.0,7140.0,6172.0,4054.0,3086.0,7.23,23.78,16.55,12.27625,4.538044560986594,0.0277,140.0,139.9723,29.270775,51.93960248564552,-1.0,6.0,7.0,0.125,2.315032397181517,-2.0,-1.0,1.0,-1.125,0.3307189138830738,4.9e-06,7.1e-05,6.610000000000001e-05,3.795e-05,3.3050000000000004e-05,6.3,160.0,153.7,83.15,76.85000000000001,10.0,279.0,269.0,144.5,134.5,0.69,1120.0,1119.31,560.345,559.655,3.3,115.0,111.7,59.15,55.85,0.5,8.5,8.0,4.5,4.0,1060.0,1060.0,0.0,1060.0,0.0,4.77e-08,1.25e-07,7.73e-08,8.635e-08,3.865e-08,39.0983,2.2,0.82,4.34066373,1.52,0.0,0.2,0.2,0.0,0.0,0.0,0.0,0.0,0.0,0.0,0.0,5.494010098
K,K0-1CrPO4F,CrPO4F,KCrPO4F,mp-aaabrwcf,8.0,24.0,16.0,12.375,5.851014869234225,10.0,102.0,92.0,82.875,31.04608469678584,15.9994,51.9961,35.9967,25.63302065,12.845689719589812,53.53,2180.0,2126.47,388.32,686.919752645824,1.0,17.0,16.0,12.875,5.577577879330776,2.0,4.0,2.0,2.625,0.8569568250501305,0.5,2.2,1.7000000000000002,0.9375,0.5543859215384173,0.82,3.98,3.16,2.80125,1.0382008175203872,85.03,2944.0,2858.97,621.47875,934.3813171885112,856.0,7140.0,6284.0,3273.0,2762.732825784402,7.23,45.94,38.71,18.85375,10.837689949315768,0.02658,100.0,99.97342,24.2962525,42.00237523778499,-1.0,6.0,7.0,2.375,2.057759704144291,-3.0,-1.0,2.0,-1.875,0.5994789404140899,4.9e-06,4.9e-06,0.0,4.9e-06,0.0,3.1,160.0,156.9,58.03333333333333,72.1734176980848,279.0,279.0,0.0,279.0,0.0,0.363,1120.0,1119.637,560.1815,559.8185,1.3,115.0,113.7,58.15,56.85,0.4,8.5,8.1,4.45,4.05,1060.0,1060.0,0.0,1060.0,0.0,7.2e-08,1.25e-07,5.3e-08,9.900000000000001e-08,2.1648710508172693e-08,8.0,24.0,16.0,11.428571428571429,5.6532454106883945,57.0,102.0,45.0,93.28571428571428,15.313059652413273,15.9994,51.9961,35.9967,23.70940931428571,12.608830482789472,53.53,2180.0,2126.47,395.71857142857135,734.049881186141,6.0,17.0,11.0,14.571428571428571,3.539860483818248,2.0,4.0,2.0,2.4285714285714284,0.7284313590846836,0.5,1.4,0.8999999999999999,0.7571428571428571,0.3016958868848982,1.66,3.98,2.3200000000000003,3.084285714285714,0.7687440061156741,85.03,2944.0,2858.97,562.8328571428572,985.0267933515352,1823.0,7140.0,5317.0,4481.5,2658.5,7.23,17.36,10.13,14.984285714285711,3.8016908161007104,0.02658,94.0,93.97342,13.481431428571428,32.87164721791342,-1.0,6.0,7.0,2.571428571428571,2.1285234893930487,-3.0,-1.0,2.0,-2.0,0.5345224838248488,4.9e-06,4.9e-06,0.0,4.9e-06,0.0,11.0,160.0,149.0,85.5,74.5,279.0,279.0,0.0,279.0,0.0,1120.0,1120.0,0.0,1120.0,0.0,115.0,115.0,0.0,115.0,0.0,8.5,8.5,0.0,8.5,0.0,1060.0,1060.0,0.0,1060.0,0.0,1e-07,1.25e-07,2.5e-08,1.125e-07,1.25e-08,39.0983,2.2,0.82,4.34066373,1.52,0.0,0.125,0.125,0.0,0.0,0.0,0.0,0.0,0.0,0.0,0.0,4.909394132999999
K,K0-1Tl2CrF6,Tl2CrF6,KTl2CrF6,mp-aaacqtgb,9.0,81.0,72.0,25.9,27.994463738389417,10.0,102.0,92.0,83.5,28.667926328913293,18.9984032,204.3833,185.3848968,61.38514192,72.29219707229349,53.53,2180.0,2126.47,399.171,628.9140111247324,1.0,17.0,16.0,13.5,5.352569476429054,2.0,6.0,4.0,3.2,1.6,0.5,2.2,1.7000000000000002,1.04,0.6858571279792899,0.82,3.98,3.16,2.96,1.2689838454448503,85.03,2944.0,2858.97,797.8180000000001,975.0608695953292,856.0,11850.0,10994.0,7924.0,4511.048436893579,7.23,45.94,38.71,15.481000000000002,10.544380920661013,0.0277,100.0,99.9723,28.61662,38.57317098903848,-1.0,6.0,7.0,0.7000000000000003,2.3685438564654024,-2.0,1.0,3.0,-0.7,0.9,4.9e-06,2.99e-05,2.5e-05,2.1566666666666665e-05,1.178511301977579e-05,3.1,160.0,156.9,62.275,58.72586206263812,8.0,279.0,271.0,98.33333333333331,127.7506251343696,0.363,1120.0,1119.637,293.29075,477.41915431483005,1.3,115.0,113.7,30.475,48.8043735232817,0.4,8.5,8.1,2.825,3.29270025966531,1060.0,1060.0,0.0,1060.0,0.0,7.2e-08,1.8e-07,1.08e-07,1.3925e-07,4.485183942716285e-08,9.0,81.0,72.0,26.666666666666668,29.4089933334837,57.0,102.0,45.0,91.66666666666666,15.69146972791976,18.9984032,204.3833,185.3848968,63.86145768888888,75.79924141700518,53.53,2180.0,2126.47,406.1311111111111,662.5681055717877,6.0,17.0,11.0,14.888888888888888,3.5416394334464947,2.0,6.0,4.0,3.1111111111111107,1.6629588385661962,0.5,1.9,1.4,0.911111111111111,0.5971123930019734,1.62,3.98,2.36,3.1977777777777776,1.106282842854874,85.03,2944.0,2858.97,771.7977777777778,1024.505426337539,7140.0,11850.0,4710.0,10280.0,2220.3152929257594,7.23,17.22,9.989999999999998,12.096666666666666,3.0001037019113554,0.0277,94.0,93.9723,20.68513333333333,32.00196510386337,-1.0,6.0,7.0,0.6666666666666666,2.494438257849294,-2.0,1.0,3.0,-0.6666666666666666,0.9428090415820632,4.9e-06,2.99e-05,2.5e-05,2.1566666666666665e-05,1.178511301977579e-05,43.0,160.0,117.0,82.0,55.15432893255071,8.0,279.0,271.0,98.33333333333331,127.7506251343696,26.4,1120.0,1093.6,390.9333333333333,515.5279839370722,2.8,115.0,112.2,40.2,52.89158723275376,1.2,8.5,7.3,3.633333333333333,3.441253001774531,1060.0,1060.0,0.0,1060.0,0.0,1.25e-07,1.8e-07,5.5e-08,1.6166666666666665e-07,2.5927248643506743e-08,39.0983,2.2,0.82,4.34066373,1.52,0.0,0.1,0.1,0.0,0.0,0.0,0.0,0.0,0.0,0.0,0.0,4.873282873000001
K,K0-1Rb2CrF6,Rb2CrF6,KRb2CrF6,mp-aaaemdno,9.0,37.0,28.0,17.1,11.121600604229592,9.0,102.0,93.0,69.69999999999999,41.65825248375164,18.9984032,85.4678,66.4693968,37.60204192,26.20736829814136,53.53,2180.0,2126.47,346.263,622.8263849428668,1.0,17.0,16.0,11.1,7.354590403278758,2.0,5.0,3.0,3.0,1.2649110640673518,0.5,2.35,1.85,1.13,0.8109253973085317,0.82,3.98,3.16,2.8,1.4633933169179092,85.03,2944.0,2858.97,640.8180000000001,866.9547574216315,856.0,7140.0,6284.0,2765.0,2540.938999661346,7.23,55.76,48.53,23.189,19.38157498760098,0.0277,100.0,99.9723,31.01662,39.92955977906093,-1.0,6.0,7.0,0.3000000000000001,2.1,-2.0,1.0,3.0,-0.7,0.9,4.9e-06,4.9e-06,0.0,4.9e-06,0.0,2.5,160.0,157.5,42.025,68.11333845143695,2.4,279.0,276.6,94.6,130.39049045079938,0.216,1120.0,1119.784,280.19875,484.8594814672469,1.3,115.0,113.7,58.15,56.85,0.3,8.5,8.2,2.375,3.536506044106245,1060.0,1060.0,0.0,1060.0,0.0,7.2e-08,1.28e-07,5.600000000000001e-08,1.1325000000000001e-07,2.3847169643376974e-08,9.0,37.0,28.0,16.888888888888886,11.704172517567724,9.0,102.0,93.0,76.33333333333333,38.57748335781149,18.9984032,85.4678,66.4693968,37.43579102222222,27.619988713195006,53.53,2180.0,2126.47,347.34444444444443,656.5077473370594,1.0,17.0,16.0,12.22222222222222,6.892472186342587,2.0,5.0,3.0,2.888888888888889,1.286204100310025,0.5,2.35,1.85,1.011111111111111,0.7676724481537167,0.82,3.98,3.16,3.02,1.376759480325691,85.03,2944.0,2858.97,597.3533333333332,903.4550693987068,1532.0,7140.0,5608.0,3401.333333333333,2643.636552596105,7.23,55.76,48.53,20.661111111111108,18.8011066130838,0.0277,94.0,93.9723,23.3518,34.40969749387518,-1.0,6.0,7.0,0.2222222222222222,2.199887763691481,-2.0,1.0,3.0,-0.6666666666666666,0.9428090415820632,4.9e-06,4.9e-06,0.0,4.9e-06,0.0,2.5,160.0,157.5,54.99999999999999,74.24621202458748,2.4,279.0,276.6,94.6,130.39049045079938,0.216,1120.0,1119.784,373.4773333333333,527.8712399094646,115.0,115.0,0.0,115.0,0.0,0.3,8.5,8.2,3.033333333333333,3.86551707048646,1060.0,1060.0,0.0,1060.0,0.0,1.25e-07,1.28e-07,3.0000000000000132e-09,1.27e-07,1.4142135623731011e-09,39.0983,2.2,0.82,4.34066373,1.52,0.0,0.1,0.1,0.0,0.0,0.0,0.0,0.0,0.0,0.0,0.0,4.383524333000004
K,K0-1FePO4F,FePO4F,KFePO4F,mp-aaabryuv,8.0,26.0,18.0,12.625,6.362733296312206,10.0,102.0,92.0,83.375,30.655087261333968,15.9994,55.845,39.8456,26.11413315,13.856379146917238,53.53,1811.0,1757.47,342.195,566.9822536464435,1.0,17.0,16.0,13.125,5.301827515112124,2.0,4.0,2.0,2.625,0.8569568250501305,0.5,2.2,1.7000000000000002,0.9375,0.5543859215384173,0.82,3.98,3.16,2.8225,1.0161292978750291,85.03,3134.0,3048.97,645.22875,993.6481483834896,856.0,7874.0,7018.0,3517.6666666666665,3105.586614831765,7.09,45.94,38.85,18.83625,10.85654173471,0.02658,100.0,99.97342,22.5462525,39.26415552849308,-1.0,6.0,7.0,2.375,2.057759704144291,-3.0,-1.0,2.0,-1.875,0.5994789404140899,1.18e-05,1.18e-05,0.0,1.18e-05,0.0,3.1,170.0,166.9,61.36666666666666,76.883042488069,211.0,211.0,0.0,211.0,0.0,0.363,490.0,489.637,245.1815,244.8185,1.3,82.0,80.7,41.65,40.35,0.4,4.0,3.6,2.2,1.8,608.0,608.0,0.0,608.0,0.0,7.2e-08,1e-07,2.8e-08,8.936666666666665e-08,1.2382873477329708e-08,8.0,26.0,18.0,11.714285714285712,6.295447010437344,61.0,102.0,41.0,93.85714285714285,13.963509295185602,15.9994,55.845,39.8456,24.25925217142857,13.852907232798676,53.53,1811.0,1757.47,343.0042857142857,606.1252028572773,8.0,17.0,9.0,14.857142857142856,2.849991049037143,2.0,4.0,2.0,2.4285714285714284,0.7284313590846836,0.5,1.4,0.8999999999999999,0.7571428571428571,0.3016958868848982,1.83,3.98,2.15,3.1085714285714285,0.7247941298135939,85.03,3134.0,3048.97,589.9757142857143,1050.6957461450706,1823.0,7874.0,6051.0,4848.5,3025.5,7.09,17.36,10.27,14.964285714285714,3.8425804467565694,0.02658,80.0,79.97342,11.481431428571428,27.972681611408674,-1.0,6.0,7.0,2.571428571428571,2.1285234893930487,-3.0,-1.0,2.0,-2.0,0.5345224838248488,1.18e-05,1.18e-05,0.0,1.18e-05,0.0,11.0,170.0,159.0,90.5,79.5,211.0,211.0,0.0,211.0,0.0,490.0,490.0,0.0,490.0,0.0,82.0,82.0,0.0,82.0,0.0,4.0,4.0,0.0,4.0,0.0,608.0,608.0,0.0,608.0,0.0,9.61e-08,1e-07,3.900000000000002e-09,9.805e-08,1.950000000000001e-09,39.0983,2.2,0.82,4.34066373,1.52,0.0,0.125,0.125,0.0,0.0,0.0,0.0,0.0,0.0,0.0,0.0,5.413911522999996
K,K0-2LiMnF6,LiMnF6,K2LiMnF6,mp-aaabqvoa,3.0,25.0,22.0,12.0,6.340346993658943,10.0,102.0,92.0,70.39999999999999,40.99560952102066,6.941,54.938045,47.997045,25.40660642,13.544001780466491,53.53,1519.0,1465.47,296.693,433.2004040637543,1.0,17.0,16.0,11.2,7.291090453423274,2.0,4.0,2.0,2.6,0.916515138991168,0.5,2.2,1.7000000000000002,1.025,0.6882041848172678,0.82,3.98,3.16,2.805,1.4515457278363642,85.03,2334.0,2248.97,652.318,772.9179693964943,535.0,7470.0,6935.0,2429.25,2913.227366255507,7.35,45.94,38.59,17.945,14.06029818318232,0.0277,100.0,99.9723,29.29662,43.24687869603539,-1.0,7.0,8.0,0.4,2.374868417407584,-3.0,1.0,4.0,-1.0,0.8944271909999159,2.17e-05,4.6e-05,2.43e-05,3.385e-05,1.215e-05,3.1,120.0,116.9,34.3,49.583918764050914,4.9,198.0,193.1,101.45,96.55,0.363,196.0,195.637,65.57533333333333,92.22416623399504,1.3,4.2,2.9000000000000004,2.2666666666666666,1.367073110293992,0.4,6.0,5.6,1.85,2.397394418947371,628.0,970.0,0.0,706.0,0.0,7.2e-08,1.44e-06,1.368e-06,4.192e-07,5.894203254045452e-07,3.0,25.0,22.0,10.25,5.9107952087684446,12.0,102.0,90.0,85.5,30.995967479657736,6.941,54.938045,47.997045,21.983683025,13.065908213607186,53.53,1519.0,1465.47,286.73375,483.8205290171528,1.0,17.0,16.0,13.75,5.825590098865522,2.0,4.0,2.0,2.25,0.6614378277661477,0.5,1.45,0.95,0.73125,0.400731752547761,0.98,3.98,3.0,3.30125,1.1842343254187493,85.03,2334.0,2248.97,557.3975,837.6772813373597,535.0,7470.0,6935.0,4002.5,3467.5,7.35,13.02,5.67,10.94625,1.4840732588049688,0.0277,85.0,84.9723,11.620775,27.851178859554132,-1.0,7.0,8.0,0.25,2.633913438213185,-3.0,1.0,4.0,-1.0,1.0,2.17e-05,4.6e-05,2.43e-05,3.385e-05,1.215e-05,11.0,120.0,109.0,65.5,54.5,4.9,198.0,193.1,101.45,96.55,196.0,196.0,0.0,196.0,0.0,4.2,4.2,0.0,4.2,0.0,0.6,6.0,5.4,3.3,2.7,628.0,970.0,0.0,716.75,0.0,9.28e-08,1.44e-06,1.3472e-06,7.664e-07,6.736e-07,39.0983,2.2,0.82,4.34066373,1.52,0.0,0.2,0.2,0.0,0.0,0.0,0.0,0.0,0.0,0.0,0.0,5.4295410130000015
K,K0-2LiNbF6,LiNbF6,K2LiNbF6,mp-aaacjjwh,3.0,41.0,38.0,13.6,10.239140588936165,10.0,102.0,92.0,69.69999999999999,41.22632654020971,6.941,92.90638,85.96538,29.20343992,23.182652921468083,53.53,2750.0,2696.47,419.793,790.5549085806754,1.0,17.0,16.0,11.0,7.429670248402684,2.0,5.0,3.0,2.7,1.1,0.5,2.2,1.7000000000000002,1.03,0.6910861017268399,0.82,3.98,3.16,2.81,1.447294026796214,85.03,5017.0,4931.97,920.618,1465.4885733488336,535.0,8570.0,8035.0,2704.25,3389.1269063727905,10.83,45.94,35.11,18.293,13.835020816753405,0.0277,100.0,99.9723,33.91662,43.171325531533085,-1.0,5.0,6.0,0.2,1.833030277982336,-1.0,1.0,2.0,-0.8,0.6000000000000001,7.3e-06,4.6e-05,3.87e-05,2.665e-05,1.935e-05,3.1,170.0,166.9,46.8,71.20263337826769,4.9,105.0,100.1,54.95,50.05,0.363,736.0,735.637,245.5753333333333,346.78260746115217,1.3,38.0,36.7,11.2,15.518215103548474,0.4,6.0,5.6,1.85,2.397394418947371,1320.0,1320.0,0.0,1320.0,0.0,7.2e-08,1.52e-07,8.000000000000001e-08,9.72e-08,3.275851034464175e-08,3.0,41.0,38.0,12.25,11.042531412678889,12.0,102.0,90.0,84.625,31.79204892736547,6.941,92.90638,85.96538,26.7297249,25.32188609870319,53.53,2750.0,2696.47,440.60875,882.6408398159116,1.0,17.0,16.0,13.5,6.144102863722254,2.0,5.0,3.0,2.375,0.9921567416492216,0.5,1.45,0.95,0.7375,0.4113620667976083,0.98,3.98,3.0,3.3075,1.175071806316533,85.03,5017.0,4931.97,892.7725,1637.282531794299,535.0,8570.0,8035.0,4552.5,4017.5,10.83,13.02,2.1899999999999995,11.381249999999998,0.6311187982464157,0.0277,85.0,84.9723,17.395775,31.06465173821968,-1.0,5.0,6.0,0.0,2.0,-1.0,1.0,2.0,-0.75,0.6614378277661477,7.3e-06,4.6e-05,3.87e-05,2.665e-05,1.935e-05,11.0,170.0,159.0,90.5,79.5,4.9,105.0,100.1,54.95,50.05,736.0,736.0,0.0,736.0,0.0,4.2,38.0,33.8,21.1,16.900000000000002,0.6,6.0,5.4,3.3,2.7,1320.0,1320.0,0.0,1320.0,0.0,9.28e-08,1.52e-07,5.9200000000000014e-08,1.224e-07,2.9600000000000007e-08,39.0983,2.2,0.82,4.34066373,1.52,0.0,0.2,0.2,0.0,0.0,0.0,0.0,0.0,0.0,0.0,0.0,1.586979908
K,K0-2LiSbF6,LiSbF6,K2LiSbF6,mp-aaaaafxc,3.0,51.0,48.0,14.6,12.98614646459834,10.0,102.0,92.0,73.19999999999999,41.14559514698991,6.941,121.76,114.819,32.08880192,31.30455728016077,53.53,903.78,850.25,235.171,267.07612384674144,1.0,17.0,16.0,12.0,7.224956747275377,2.0,5.0,3.0,2.7,1.1,0.5,2.2,1.7000000000000002,1.03,0.6910861017268399,0.82,3.98,3.16,2.855,1.4156217715194974,85.03,1860.0,1774.97,604.918,676.9044052272078,535.0,6697.0,6162.0,2236.0,2578.8913315609093,11.2,45.94,34.739999999999995,19.029,13.61240349828053,0.0277,100.0,99.9723,30.91662,42.71139272079056,-1.0,5.0,6.0,0.2,1.833030277982336,-3.0,1.0,4.0,-1.0,0.8944271909999159,1.1e-05,4.6e-05,3.5e-05,2.85e-05,1.75e-05,3.1,42.0,38.9,14.8,16.031687372201343,4.9,55.0,50.1,29.95,25.05,0.363,294.0,293.637,98.242,138.42180927151614,1.3,20.0,18.7,6.7,7.769491617860207,0.4,3.0,2.6,1.1,1.1,628.0,970.0,0.0,706.0,0.0,7.2e-08,4.17e-07,3.45e-07,1.6345e-07,1.466332414563628e-07,3.0,51.0,48.0,13.5,14.309088021254183,12.0,102.0,90.0,89.0,29.46183972531247,6.941,121.76,114.819,30.3364274,34.77952056659,53.53,903.78,850.25,209.83125,293.1749567424501,1.0,17.0,16.0,14.75,5.238081709939241,2.0,5.0,3.0,2.375,0.9921567416492216,0.5,1.45,0.95,0.7375,0.4113620667976083,0.98,3.98,3.0,3.36375,1.100385585828895,85.03,1860.0,1774.97,498.1475,718.1572034859429,535.0,6697.0,6162.0,3616.0,3081.0,11.2,18.19,6.990000000000002,12.30125,2.3040857053286894,0.0277,85.0,84.9723,13.645775,28.087691256436067,-1.0,5.0,6.0,0.0,2.0,-3.0,1.0,4.0,-1.0,1.0,1.1e-05,4.6e-05,3.5e-05,2.85e-05,1.75e-05,11.0,42.0,31.0,26.5,15.5,4.9,55.0,50.1,29.95,25.05,294.0,294.0,0.0,294.0,0.0,4.2,20.0,15.8,12.1,7.899999999999999,0.6,3.0,2.4,1.8,1.2000000000000002,628.0,970.0,0.0,716.75,0.0,9.28e-08,4.17e-07,3.242e-07,2.549e-07,1.621e-07,39.0983,2.2,0.82,4.34066373,1.52,0.0,0.2,0.2,0.0,0.0,0.0,0.0,0.0,0.0,0.0,0.0,3.022646442999999
K,K0-2LiVF6,LiVF6,K2LiVF6,mp-aaafyfwv,3.0,23.0,20.0,11.8,5.946427498927402,10.0,102.0,92.0,69.8,41.18689111841291,6.941,50.9415,44.0005,25.00695192,12.69932096860578,53.53,2183.0,2129.47,363.093,624.2320078953016,1.0,17.0,16.0,11.0,7.429670248402684,2.0,4.0,2.0,2.6,0.916515138991168,0.5,2.2,1.7000000000000002,1.02,0.685638388656878,0.82,3.98,3.16,2.813,1.4448117524438957,85.03,3680.0,3594.97,786.918,1101.4378883150878,535.0,6110.0,5575.0,2089.25,2325.0771358172183,8.32,45.94,37.62,18.042,13.990040600369964,0.0277,100.0,99.9723,31.61662,42.64961664715874,-1.0,5.0,6.0,0.2,1.833030277982336,-1.0,1.0,2.0,-0.8,0.6000000000000001,8.4e-06,4.6e-05,3.76e-05,2.72e-05,1.8800000000000003e-05,3.1,160.0,156.9,44.3,66.87723828029982,4.9,128.0,123.1,66.45,61.55,0.363,628.0,627.637,209.5753333333333,295.87091921572073,1.3,47.0,45.7,13.45,19.406248993558748,0.4,7.0,6.6,2.1,2.8301943396169813,628.0,628.0,0.0,628.0,0.0,7.2e-08,1.97e-07,1.2500000000000002e-07,1.0845e-07,5.182477689291098e-08,3.0,23.0,20.0,10.0,5.291502622129181,12.0,102.0,90.0,84.75,31.66918849607612,6.941,50.9415,44.0005,21.4841149,11.812664304981144,53.53,2183.0,2129.47,369.73375,697.7546143154035,1.0,17.0,16.0,13.5,6.144102863722254,2.0,4.0,2.0,2.25,0.6614378277661477,0.5,1.45,0.95,0.725,0.3905124837953327,0.98,3.98,3.0,3.31125,1.1696520583062298,85.03,3680.0,3594.97,725.6475,1223.7999862799272,535.0,6110.0,5575.0,3322.5,2787.5,8.32,13.02,4.699999999999999,11.0675,1.197202468256727,0.0277,85.0,84.9723,14.520775,28.50259056413776,-1.0,5.0,6.0,0.0,2.0,-1.0,1.0,2.0,-0.75,0.6614378277661477,8.4e-06,4.6e-05,3.76e-05,2.72e-05,1.8800000000000003e-05,11.0,160.0,149.0,85.5,74.5,4.9,128.0,123.1,66.45,61.55,628.0,628.0,0.0,628.0,0.0,4.2,47.0,42.8,25.6,21.4,0.6,7.0,6.4,3.8,3.2,628.0,628.0,0.0,628.0,0.0,9.28e-08,1.97e-07,1.042e-07,1.449e-07,5.21e-08,39.0983,2.2,0.82,4.34066373,1.52,0.0,0.2,0.2,0.0,0.0,0.0,0.0,0.0,0.0,0.0,0.0,3.730885343000001
K,K0-1MnF3,MnF3,KMnF3,mp-aaacoyhp,9.0,25.0,16.0,14.2,6.64529909033446,10.0,102.0,92.0,75.19999999999999,36.43295211755424,18.9984032,54.938045,35.939641800000004,30.20631092,14.612171137669993,53.53,1519.0,1465.47,403.224,568.5528740090933,1.0,17.0,16.0,11.8,6.64529909033446,2.0,4.0,2.0,2.8,0.9797958971132712,0.5,2.2,1.7000000000000002,1.02,0.6852736679604726,0.82,3.98,3.16,2.862,1.3885877718027049,85.03,2334.0,2248.97,724.2180000000001,884.5124922893967,856.0,7470.0,6614.0,4163.0,3307.0,7.35,45.94,38.59,17.378,14.358632803996349,0.0277,100.0,99.9723,21.57662,39.327063579036775,-1.0,7.0,8.0,1.0,3.0983866769659336,-3.0,-1.0,2.0,-1.4,0.8,2.17e-05,2.17e-05,0.0,2.17e-05,0.0,3.1,120.0,116.9,61.55,58.45,198.0,198.0,0.0,198.0,0.0,0.363,196.0,195.637,98.1815,97.8185,1.3,1.3,0.0,1.3,0.0,0.4,6.0,5.6,3.2,2.8,628.0,970.0,0.0,706.0,0.0,7.2e-08,1.44e-06,1.368e-06,7.559999999999999e-07,6.839999999999999e-07,9.0,25.0,16.0,13.0,6.928203230275509,60.0,102.0,42.0,91.5,18.18653347947321,18.9984032,54.938045,35.939641800000004,27.98331365,15.562321400856543,53.53,1519.0,1465.47,419.8975,634.5671242419907,7.0,17.0,10.0,14.5,4.330127018922194,2.0,4.0,2.0,2.5,0.8660254037844386,0.5,1.4,0.8999999999999999,0.725,0.3897114317029974,1.55,3.98,2.43,3.3725,1.052220865598093,85.03,2334.0,2248.97,647.2725,973.8325761745444,7470.0,7470.0,0.0,7470.0,0.0,7.35,11.2,3.85,10.2375,1.6670989022850442,0.0277,7.8,7.772299999999999,1.970775,3.365504622916896,-1.0,7.0,8.0,1.0,3.4641016151377544,-3.0,-1.0,2.0,-1.5,0.8660254037844386,2.17e-05,2.17e-05,0.0,2.17e-05,0.0,120.0,120.0,0.0,120.0,0.0,198.0,198.0,0.0,198.0,0.0,196.0,196.0,0.0,196.0,0.0,26.0,75.0,0.0,47.0,0.0,6.0,6.0,0.0,6.0,0.0,628.0,970.0,0.0,716.75,0.0,1.44e-06,1.44e-06,0.0,1.44e-06,0.0,39.0983,2.2,0.82,4.34066373,1.52,0.0,0.2,0.2,0.0,0.0,0.0,0.0,0.0,0.0,0.0,0.0,4.047868635499995
K,K0-1MnF3,MnF3,KMnF3,mp-aaabfrie,9.0,25.0,16.0,14.2,6.64529909033446,10.0,102.0,92.0,75.19999999999999,36.43295211755424,18.9984032,54.938045,35.939641800000004,30.20631092,14.612171137669993,53.53,1519.0,1465.47,403.224,568.5528740090933,1.0,17.0,16.0,11.8,6.64529909033446,2.0,4.0,2.0,2.8,0.9797958971132712,0.5,2.2,1.7000000000000002,1.02,0.6852736679604726,0.82,3.98,3.16,2.862,1.3885877718027049,85.03,2334.0,2248.97,724.2180000000001,884.5124922893967,856.0,7470.0,6614.0,4163.0,3307.0,7.35,45.94,38.59,17.378,14.358632803996349,0.0277,100.0,99.9723,21.57662,39.327063579036775,-1.0,7.0,8.0,1.0,3.0983866769659336,-3.0,-1.0,2.0,-1.4,0.8,2.17e-05,2.17e-05,0.0,2.17e-05,0.0,3.1,120.0,116.9,61.55,58.45,198.0,198.0,0.0,198.0,0.0,0.363,196.0,195.637,98.1815,97.8185,1.3,1.3,0.0,1.3,0.0,0.4,6.0,5.6,3.2,2.8,628.0,970.0,0.0,706.0,0.0,7.2e-08,1.44e-06,1.368e-06,7.559999999999999e-07,6.839999999999999e-07,9.0,25.0,16.0,13.0,6.928203230275509,60.0,102.0,42.0,91.5,18.18653347947321,18.9984032,54.938045,35.939641800000004,27.98331365,15.562321400856543,53.53,1519.0,1465.47,419.8975,634.5671242419907,7.0,17.0,10.0,14.5,4.330127018922194,2.0,4.0,2.0,2.5,0.8660254037844386,0.5,1.4,0.8999999999999999,0.725,0.3897114317029974,1.55,3.98,2.43,3.3725,1.052220865598093,85.03,2334.0,2248.97,647.2725,973.8325761745444,7470.0,7470.0,0.0,7470.0,0.0,7.35,11.2,3.85,10.2375,1.6670989022850442,0.0277,7.8,7.772299999999999,1.970775,3.365504622916896,-1.0,7.0,8.0,1.0,3.4641016151377544,-3.0,-1.0,2.0,-1.5,0.8660254037844386,2.17e-05,2.17e-05,0.0,2.17e-05,0.0,120.0,120.0,0.0,120.0,0.0,198.0,198.0,0.0,198.0,0.0,196.0,196.0,0.0,196.0,0.0,26.0,75.0,0.0,47.0,0.0,6.0,6.0,0.0,6.0,0.0,628.0,970.0,0.0,716.75,0.0,1.44e-06,1.44e-06,0.0,1.44e-06,0.0,39.0983,2.2,0.82,4.34066373,1.52,0.0,0.2,0.2,0.0,0.0,0.0,0.0,0.0,0.0,0.0,0.0,4.039399813000003
K,K0-1MnF3,MnF3,KMnF3,mp-aaabrnpd,9.0,25.0,16.0,14.2,6.64529909033446,10.0,102.0,92.0,75.19999999999999,36.43295211755424,18.9984032,54.938045,35.939641800000004,30.20631092,14.612171137669993,53.53,1519.0,1465.47,403.224,568.5528740090933,1.0,17.0,16.0,11.8,6.64529909033446,2.0,4.0,2.0,2.8,0.9797958971132712,0.5,2.2,1.7000000000000002,1.02,0.6852736679604726,0.82,3.98,3.16,2.862,1.3885877718027049,85.03,2334.0,2248.97,724.2180000000001,884.5124922893967,856.0,7470.0,6614.0,4163.0,3307.0,7.35,45.94,38.59,17.378,14.358632803996349,0.0277,100.0,99.9723,21.57662,39.327063579036775,-1.0,7.0,8.0,1.0,3.0983866769659336,-3.0,-1.0,2.0,-1.4,0.8,2.17e-05,2.17e-05,0.0,2.17e-05,0.0,3.1,120.0,116.9,61.55,58.45,198.0,198.0,0.0,198.0,0.0,0.363,196.0,195.637,98.1815,97.8185,1.3,1.3,0.0,1.3,0.0,0.4,6.0,5.6,3.2,2.8,628.0,970.0,0.0,706.0,0.0,7.2e-08,1.44e-06,1.368e-06,7.559999999999999e-07,6.839999999999999e-07,9.0,25.0,16.0,13.0,6.928203230275509,60.0,102.0,42.0,91.5,18.18653347947321,18.9984032,54.938045,35.939641800000004,27.98331365,15.562321400856543,53.53,1519.0,1465.47,419.8975,634.5671242419907,7.0,17.0,10.0,14.5,4.330127018922194,2.0,4.0,2.0,2.5,0.8660254037844386,0.5,1.4,0.8999999999999999,0.725,0.3897114317029974,1.55,3.98,2.43,3.3725,1.052220865598093,85.03,2334.0,2248.97,647.2725,973.8325761745444,7470.0,7470.0,0.0,7470.0,0.0,7.35,11.2,3.85,10.2375,1.6670989022850442,0.0277,7.8,7.772299999999999,1.970775,3.365504622916896,-1.0,7.0,8.0,1.0,3.4641016151377544,-3.0,-1.0,2.0,-1.5,0.8660254037844386,2.17e-05,2.17e-05,0.0,2.17e-05,0.0,120.0,120.0,0.0,120.0,0.0,198.0,198.0,0.0,198.0,0.0,196.0,196.0,0.0,196.0,0.0,26.0,75.0,0.0,47.0,0.0,6.0,6.0,0.0,6.0,0.0,628.0,970.0,0.0,716.75,0.0,1.44e-06,1.44e-06,0.0,1.44e-06,0.0,39.0983,2.2,0.82,4.34066373,1.52,0.0,0.2,0.2,0.0,0.0,0.0,0.0,0.0,0.0,0.0,0.0,4.056586080499997
K,K2-3MnF6,K2MnF6,K3MnF6,mp-aaabfsoj,9.0,25.0,16.0,13.599999999999998,5.868560300448483,10.0,102.0,92.0,70.19999999999999,41.28389516506406,18.9984032,54.938045,35.939641800000004,28.62233642,12.55975517513802,53.53,1519.0,1465.47,284.977,430.3710239793102,1.0,17.0,16.0,11.2,7.291090453423274,2.0,4.0,2.0,2.8,0.9797958971132712,0.5,2.2,1.7000000000000002,1.1,0.7668115805072326,0.82,3.98,3.16,2.789,1.4723073727995797,85.03,2334.0,2248.97,594.018,718.152822326836,856.0,7470.0,6614.0,2509.5,2863.9460103151387,7.35,45.94,38.59,21.237,16.21114311206955,0.0277,100.0,99.9723,30.79662,45.361356427576105,-1.0,7.0,8.0,0.4,2.374868417407584,-3.0,-1.0,2.0,-1.2000000000000002,0.6,2.17e-05,2.17e-05,0.0,2.17e-05,0.0,3.1,120.0,116.9,32.325,50.61918485120044,198.0,198.0,0.0,198.0,0.0,0.363,196.0,195.637,49.27225,84.71330596008812,1.3,1.3,0.0,1.3,0.0,0.4,6.0,5.6,1.8,2.4248711305964283,628.0,970.0,0.0,706.0,0.0,7.2e-08,1.44e-06,1.368e-06,4.14e-07,5.92361376188556e-07,9.0,25.0,16.0,13.0,5.887840577551898,10.0,102.0,92.0,76.88888888888889,38.03052704938916,18.9984032,54.938045,35.939641800000004,27.458340466666662,12.717156864515262,53.53,1519.0,1465.47,279.24888888888887,453.2891117756095,1.0,17.0,16.0,12.333333333333332,6.79869268479038,2.0,4.0,2.0,2.6666666666666665,0.9428090415820634,0.5,2.2,1.7000000000000002,0.977777777777778,0.7098947931094796,0.82,3.98,3.16,3.0077777777777777,1.3892106294005622,85.03,2334.0,2248.97,545.3533333333332,741.1921539579928,856.0,7470.0,6614.0,3060.6666666666665,3117.869500511884,7.35,45.94,38.59,18.49222222222222,14.719485028565805,0.0277,100.0,99.9723,23.107355555555557,41.17077668660168,-1.0,7.0,8.0,0.3333333333333332,2.4944382578492945,-3.0,-1.0,2.0,-1.2222222222222223,0.6285393610547089,2.17e-05,2.17e-05,0.0,2.17e-05,0.0,3.1,120.0,116.9,42.06666666666666,55.1071884804716,198.0,198.0,0.0,198.0,0.0,0.363,196.0,195.637,65.57533333333333,92.22416623399504,1.3,1.3,0.0,1.3,0.0,0.4,6.0,5.6,2.2666666666666666,2.6398653164297774,628.0,970.0,0.0,716.75,0.0,7.2e-08,1.44e-06,1.368e-06,5.28e-07,6.448813844421313e-07,39.0983,2.2,0.82,4.34066373,1.52,0.222222222222222,0.3,0.077777777777778,0.0,0.0,0.0,0.0,0.0,0.0,0.0,0.0,3.027278813000002
K,K0-2Mn2P2O7F2,Mn2P2O7F2,K2Mn2P2O7F2,mp-aaabrvwv,8.0,25.0,17.0,12.8,6.188160739131889,10.0,102.0,92.0,82.06666666666666,31.40162770020405,15.9994,54.938045,38.938645,26.66752136,13.805490178471354,53.53,1519.0,1465.47,322.42133333333334,483.7358039793577,1.0,17.0,16.0,12.8,5.552176750308536,2.0,4.0,2.0,2.666666666666667,0.8692269873603532,0.5,2.2,1.7000000000000002,0.96,0.565449673563734,0.82,3.98,3.16,2.744,1.0743978158329748,85.03,2334.0,2248.97,575.5640000000001,762.9968855489079,856.0,7470.0,6614.0,3383.0,2916.784645232943,7.35,45.94,38.59,18.96933333333333,11.169321356087645,0.02658,100.0,99.97342,14.420897333333334,33.66735676544536,-1.0,7.0,8.0,2.5333333333333337,2.36267268622258,-3.0,-1.0,2.0,-2.0,0.7302967433402214,2.17e-05,2.17e-05,0.0,2.17e-05,0.0,3.1,120.0,116.9,44.7,53.34272833917166,198.0,198.0,0.0,198.0,0.0,0.363,196.0,195.637,98.1815,97.8185,1.3,1.3,0.0,1.3,0.0,0.4,6.0,5.6,3.2,2.8,628.0,970.0,0.0,706.0,0.0,7.2e-08,1.44e-06,1.368e-06,5.373333333333333e-07,6.383840710906108e-07,8.0,25.0,17.0,11.846153846153848,6.112360161636594,60.0,102.0,42.0,93.15384615384616,14.690898039503937,15.9994,54.938045,38.938645,24.75509387692308,13.873824123175025,53.53,1519.0,1465.47,320.2507692307692,519.581604184656,7.0,17.0,10.0,14.615384615384617,3.2942481700559783,2.0,4.0,2.0,2.4615384615384617,0.7457969011409736,0.5,1.4,0.8999999999999999,0.7692307692307692,0.3098004702400349,1.55,3.98,2.43,3.04,0.821462111116514,85.03,2334.0,2248.97,505.343076923077,796.7092584102977,1823.0,7470.0,5647.0,4646.5,2823.5,7.35,17.36,10.01,14.82,3.849593385121243,0.02658,7.8,7.77342,1.2548815384615386,2.791834415857585,-1.0,7.0,8.0,2.7692307692307696,2.45431632823751,-3.0,-1.0,2.0,-2.1538461538461537,0.6617173282340483,2.17e-05,2.17e-05,0.0,2.17e-05,0.0,11.0,120.0,109.0,65.5,54.5,198.0,198.0,0.0,198.0,0.0,196.0,196.0,0.0,196.0,0.0,26.0,75.0,0.0,47.0,0.0,6.0,6.0,0.0,6.0,0.0,628.0,970.0,0.0,716.75,0.0,1e-07,1.44e-06,1.34e-06,7.7e-07,6.699999999999999e-07,39.0983,2.2,0.82,4.34066373,1.52,0.0,0.133333333333333,0.133333333333333,0.0,0.0,0.0,0.0,0.0,0.0,0.0,0.0,5.777376577999995
K,K0-1Rb2MnF6,Rb2MnF6,KRb2MnF6,mp-aaabftpv,9.0,37.0,28.0,17.2,11.187493016757598,9.0,102.0,93.0,70.0,41.576435633661525,18.9984032,85.4678,66.4693968,37.89623642,26.383222172216385,53.53,1519.0,1465.47,280.163,429.9018078363941,1.0,17.0,16.0,11.2,7.291090453423274,2.0,5.0,3.0,3.0,1.2649110640673518,0.5,2.35,1.85,1.13,0.8109253973085317,0.82,3.98,3.16,2.789,1.4723073727995797,85.03,2334.0,2248.97,579.8180000000001,710.0079910930581,856.0,7470.0,6614.0,2847.5,2683.032752315931,7.35,55.76,48.41,23.201,19.37172498772373,0.0277,100.0,99.9723,22.39662,34.31145396146307,-1.0,7.0,8.0,0.4,2.374868417407584,-3.0,1.0,4.0,-0.8,1.077032961426901,2.17e-05,2.17e-05,0.0,2.17e-05,0.0,2.5,120.0,117.5,32.025,50.79298056818481,2.4,198.0,195.6,67.6,92.2067242667258,0.216,196.0,195.784,49.19875,84.75576245121921,1.3,1.3,0.0,1.3,0.0,0.3,6.0,5.7,1.75,2.454078238361605,628.0,970.0,0.0,706.0,0.0,7.2e-08,1.44e-06,1.368e-06,4.42e-07,5.766489399972916e-07,9.0,37.0,28.0,17.0,11.775681155103795,9.0,102.0,93.0,76.66666666666667,38.42163742245016,18.9984032,85.4678,66.4693968,37.7626738,27.80715058772111,53.53,1519.0,1465.47,273.9,452.7232878922841,1.0,17.0,16.0,12.333333333333332,6.79869268479038,2.0,5.0,3.0,2.888888888888889,1.286204100310025,0.5,2.35,1.85,1.011111111111111,0.7676724481537167,0.82,3.98,3.16,3.0077777777777777,1.3892106294005622,85.03,2334.0,2248.97,529.5755555555555,731.3553767585087,1532.0,7470.0,5938.0,3511.333333333333,2799.200044457146,7.35,55.76,48.41,20.674444444444443,18.79161699098304,0.0277,58.0,57.9723,13.774022222222222,23.761152726750243,-1.0,7.0,8.0,0.3333333333333332,2.4944382578492945,-3.0,1.0,4.0,-0.7777777777777777,1.133115447465063,2.17e-05,2.17e-05,0.0,2.17e-05,0.0,2.5,120.0,117.5,41.66666666666666,55.39003119294623,2.4,198.0,195.6,67.6,92.2067242667258,0.216,196.0,195.784,65.47733333333333,92.29346269855137,26.0,75.0,0.0,47.0,0.0,0.3,6.0,5.7,2.2,2.68700576850888,628.0,970.0,0.0,716.75,0.0,1.28e-07,1.44e-06,1.312e-06,5.653333333333333e-07,6.184827312778335e-07,39.0983,2.2,0.82,4.34066373,1.52,0.0,0.1,0.1,0.0,0.0,0.0,0.0,0.0,0.0,0.0,0.0,3.636290013
K,K0-2NaMoF6,NaMoF6,K2NaMoF6,mp-aaabcsso,9.0,42.0,33.0,14.5,9.95238664843765,10.0,102.0,92.0,69.89999999999999,41.25639344392575,18.9984032,95.94,76.9415968,31.111678848,22.97093283873197,53.53,2896.0,2842.47,426.1110000000001,833.8076733210124,1.0,17.0,16.0,11.1,7.354590403278758,2.0,5.0,3.0,2.8,1.077032961426901,0.5,2.2,1.7000000000000002,1.0650000000000002,0.719739536221264,0.82,3.98,3.16,2.861,1.4164917931283612,85.03,4912.0,4826.97,864.2180000000001,1420.168338266982,856.0,10280.0,9424.0,3240.0,4064.8030702606,9.38,45.94,36.56,19.224,13.897691319064473,0.0277,140.0,139.9723,47.91662,59.96747441863464,-1.0,6.0,7.0,0.3000000000000001,2.1,-2.0,-1.0,1.0,-1.1,0.3,4.8e-06,7.1e-05,6.620000000000001e-05,3.79e-05,3.3100000000000005e-05,3.1,230.0,226.9,60.625,97.7974277524721,10.0,329.0,319.0,169.5,159.5,0.363,1500.0,1499.637,375.354,649.314684566351,1.3,20.0,18.7,6.475,7.851233979445524,0.4,5.5,5.1,1.7,2.194310825749169,1530.0,1530.0,0.0,1530.0,0.0,4.77e-08,7.2e-08,2.43e-08,6.1275e-08,1.0912693297257097e-08,9.0,42.0,33.0,13.375,10.839020942871178,11.0,102.0,91.0,84.875,31.7231677957924,18.9984032,95.94,76.9415968,29.11502356,25.291234304723574,53.53,2896.0,2842.47,448.50625,930.8793203194696,1.0,17.0,16.0,13.625,5.977823600609171,2.0,5.0,3.0,2.5,1.0,0.5,1.8,1.3,0.78125,0.4949352861738593,0.93,3.98,3.05,3.37125,1.0983104923016989,85.03,4912.0,4826.97,822.2725,1585.0238204578347,968.0,10280.0,9312.0,5624.0,4656.0,9.38,23.78,14.4,12.544999999999998,4.28801527515936,0.0277,140.0,139.9723,34.895775,60.39379490160289,-1.0,6.0,7.0,0.125,2.315032397181517,-2.0,-1.0,1.0,-1.125,0.3307189138830738,4.8e-06,7.1e-05,6.620000000000001e-05,3.79e-05,3.3100000000000005e-05,6.3,230.0,223.7,118.15,111.85,10.0,329.0,319.0,169.5,159.5,0.69,1500.0,1499.31,750.345,749.655,3.3,20.0,16.7,11.65,8.350000000000001,0.5,5.5,5.0,3.0,2.5,1530.0,1530.0,0.0,1530.0,0.0,4.77e-08,5.34e-08,5.700000000000005e-09,5.055e-08,2.850000000000002e-09,39.0983,2.2,0.82,4.34066373,1.52,0.0,0.2,0.2,0.0,0.0,0.0,0.0,0.0,0.0,0.0,0.0,3.8861864429999993
K,K0-3SbN3(O3F)3,SbN3(O3F)3,K3SbN3(O3F)3,mp-aaabruby,7.0,51.0,44.0,11.999999999999998,10.036774487118018,10.0,102.0,92.0,85.94736842105263,33.01749724999973,14.0067,121.76,107.7533,25.371832084210528,24.231199436124093,53.53,903.78,850.25,145.06894736842105,205.7425922410084,1.0,17.0,16.0,13.578947368421051,5.480259208945314,2.0,5.0,3.0,2.4736842105263155,0.9385555000066846,0.5,2.2,1.7000000000000002,0.8894736842105263,0.6003461605318835,0.82,3.98,3.16,2.975263157894737,1.020228913534154,77.36,1860.0,1782.64,329.2089473684211,497.80297740640464,856.0,6697.0,5841.0,2316.25,2529.227191752453,11.2,45.94,34.739999999999995,20.34052631578947,11.33221977311372,0.02583,100.0,99.97417,17.073674210526317,36.30087282697763,-1.0,5.0,6.0,2.0,1.863782232592187,-3.0,-1.0,2.0,-1.8947368421052635,0.7177990366834661,1.1e-05,1.1e-05,0.0,1.1e-05,0.0,3.1,42.0,38.9,12.825,16.844194103607332,55.0,55.0,0.0,55.0,0.0,0.363,294.0,293.637,73.77225,127.1485507455256,1.3,20.0,18.7,5.975,8.097337525384502,0.4,3.0,2.6,1.05,1.1258330249197703,628.0,970.0,0.0,706.0,0.0,7.2e-08,4.17e-07,3.45e-07,1.5825e-07,1.493893821528157e-07,7.0,51.0,44.0,10.6875,10.426641057886284,88.0,102.0,14.0,100.1875,3.20582965080804,14.0067,121.76,107.7533,22.79811935,25.59863006101328,53.53,903.78,850.25,109.17,205.1948032053931,15.0,17.0,2.0,15.9375,0.6584783595532961,2.0,5.0,3.0,2.1875,0.7261843774138906,0.5,1.45,0.95,0.64375,0.213508635656734,2.05,3.98,1.93,3.379375,0.4491724160887442,77.36,1860.0,1782.64,197.435625,429.2999501509514,6697.0,6697.0,0.0,6697.0,0.0,11.2,18.19,6.990000000000002,15.540625,2.56589279966545,0.02583,24.0,23.97417,1.524988125,5.803023142089624,-1.0,5.0,6.0,2.1875,1.9754350786598884,-3.0,-1.0,2.0,-2.0625,0.6584783595532961,1.1e-05,1.1e-05,0.0,1.1e-05,0.0,42.0,42.0,0.0,42.0,0.0,55.0,55.0,0.0,55.0,0.0,294.0,294.0,0.0,294.0,0.0,20.0,20.0,0.0,20.0,0.0,3.0,3.0,0.0,3.0,0.0,628.0,970.0,0.0,716.75,0.0,4.17e-07,4.17e-07,0.0,4.17e-07,0.0,39.0983,2.2,0.82,4.34066373,1.52,0.0,0.157894736842105,0.157894736842105,0.0,0.0,0.0,0.0,0.0,0.0,0.0,0.0,5.121522163000002
K,K0-2NaSbF6,NaSbF6,K2NaSbF6,mp-aaaaaivb,9.0,51.0,42.0,15.4,12.483589227461788,10.0,102.0,92.0,73.1,41.29515710104516,18.9984032,121.76,102.7615968,33.693678848000005,30.371659847799936,53.53,903.78,850.25,226.889,261.3951624055043,1.0,17.0,16.0,12.0,7.224956747275377,2.0,5.0,3.0,2.8,1.077032961426901,0.5,2.2,1.7000000000000002,1.0650000000000002,0.719739536221264,0.82,3.98,3.16,2.85,1.4223079835253687,85.03,1860.0,1774.97,559.018,620.0284962935172,856.0,6697.0,5841.0,2344.25,2513.4773099234453,11.2,45.94,34.739999999999995,20.105,13.51984263961678,0.0277,140.0,139.9723,36.41662,51.87899621378193,-1.0,5.0,6.0,0.2,1.833030277982336,-3.0,-1.0,2.0,-1.2000000000000002,0.6,1.1e-05,7.1e-05,6.000000000000001e-05,4.1e-05,3e-05,3.1,42.0,38.9,13.625,16.434320034610497,10.0,55.0,45.0,32.5,22.5,0.363,294.0,293.637,73.854,127.1014224684366,1.3,20.0,18.7,6.475,7.851233979445524,0.4,3.0,2.6,1.075,1.1121488209767612,628.0,970.0,0.0,706.0,0.0,4.77e-08,4.17e-07,3.693e-07,1.52175e-07,1.5321828179104476e-07,9.0,51.0,42.0,14.5,13.811227316933133,11.0,102.0,91.0,88.875,29.788577928461105,18.9984032,121.76,102.7615968,32.342523560000004,33.82187235098948,53.53,903.78,850.25,199.47875,285.7493300708464,1.0,17.0,16.0,14.75,5.238081709939241,2.0,5.0,3.0,2.5,1.0,0.5,1.8,1.3,0.78125,0.4949352861738593,0.93,3.98,3.05,3.3575,1.1139653271085237,85.03,1860.0,1774.97,440.7725,640.8074429333277,968.0,6697.0,5729.0,3832.5,2864.5,11.2,23.78,12.580000000000002,13.646249999999998,4.461549443578991,0.0277,140.0,139.9723,20.520775,45.83555790940997,-1.0,5.0,6.0,0.0,2.0,-3.0,-1.0,2.0,-1.25,0.6614378277661477,1.1e-05,7.1e-05,6.000000000000001e-05,4.1e-05,3e-05,6.3,42.0,35.7,24.15,17.85,10.0,55.0,45.0,32.5,22.5,0.69,294.0,293.31,147.345,146.655,3.3,20.0,16.7,11.65,8.350000000000001,0.5,3.0,2.5,1.75,1.25,628.0,970.0,0.0,716.75,0.0,4.77e-08,4.17e-07,3.693e-07,2.3235e-07,1.8465e-07,39.0983,2.2,0.82,4.34066373,1.52,0.0,0.2,0.2,0.0,0.0,0.0,0.0,0.0,0.0,0.0,0.0,2.884091447999999
K,K0-1NbO2F,NbO2F,KNbO2F,mp-aaacrlfe,8.0,41.0,33.0,17.000000000000004,12.696456198483103,10.0,102.0,92.0,73.4,36.8163007375809,15.9994,92.90638,76.90698,36.60037664,29.445663794572138,53.53,2750.0,2696.47,649.932,1055.7050685376105,1.0,17.0,16.0,11.0,6.663332499583073,2.0,5.0,3.0,3.0,1.2649110640673518,0.5,2.2,1.7000000000000002,1.07,0.6615134163416493,0.82,3.98,3.16,2.6560000000000006,1.222155472924783,85.03,5017.0,4931.97,1262.8860000000002,1912.29756763533,856.0,8570.0,7714.0,4713.0,3857.0,10.83,45.94,35.11,20.538,13.01464160090473,0.02658,100.0,99.97342,30.816172,40.417372246633946,-1.0,5.0,6.0,1.8,1.939071942966532,-2.0,-1.0,1.0,-1.4,0.4898979485566356,7.3e-06,7.3e-06,0.0,7.3e-06,0.0,3.1,170.0,166.9,86.55,83.45,105.0,105.0,0.0,105.0,0.0,0.363,736.0,735.637,368.1815,367.8185,1.3,38.0,36.7,19.65,18.35,0.4,6.0,5.6,3.2,2.8,1320.0,1320.0,0.0,1320.0,0.0,7.2e-08,1.52e-07,8.000000000000001e-08,1.12e-07,4.0000000000000014e-08,8.0,41.0,33.0,16.5,14.150971698084906,53.0,102.0,49.0,89.25,20.932928605429293,15.9994,92.90638,76.90698,35.9758958,32.89162528336179,53.53,2750.0,2696.47,728.2825,1167.2392580010107,5.0,17.0,12.0,13.5,4.924428900898052,2.0,5.0,3.0,2.75,1.299038105676658,0.5,1.45,0.95,0.7875,0.3846670638357279,1.6,3.98,2.38,3.115,0.9020393561258844,85.03,5017.0,4931.97,1320.6074999999998,2134.114248621369,8570.0,8570.0,0.0,8570.0,0.0,10.83,17.36,6.529999999999999,14.1875,3.1751958601006014,0.02658,54.0,53.97342,13.520215,23.371014770960954,-1.0,5.0,6.0,2.0,2.1213203435596424,-2.0,-1.0,1.0,-1.5,0.5,7.3e-06,7.3e-06,0.0,7.3e-06,0.0,170.0,170.0,0.0,170.0,0.0,105.0,105.0,0.0,105.0,0.0,736.0,736.0,0.0,736.0,0.0,38.0,38.0,0.0,38.0,0.0,6.0,6.0,0.0,6.0,0.0,1320.0,1320.0,0.0,1320.0,0.0,1.52e-07,1.52e-07,0.0,1.52e-07,0.0,39.0983,2.2,0.82,4.34066373,1.52,0.0,0.2,0.2,0.0,0.0,0.0,0.0,0.0,0.0,0.0,0.0,1.755305622999998
K,K2-3NiF6,K2NiF6,K3NiF6,mp-aaabilao,9.0,28.0,19.0,13.9,6.487680633323438,10.0,102.0,92.0,70.89999999999999,41.16418346086802,18.9984032,58.6934,39.6949968,28.99787192,13.37092584020036,53.53,1728.0,1674.47,305.877,490.6451565856938,1.0,17.0,16.0,11.5,7.172865536171718,2.0,4.0,2.0,2.8,0.9797958971132712,0.5,2.2,1.7000000000000002,1.095,0.7650000000000001,0.82,3.98,3.16,2.825,1.445733377908942,85.03,3186.0,3100.97,679.2180000000001,936.7858714861152,856.0,8908.0,8052.0,2869.0,3486.61827563615,6.59,45.94,39.35,21.161,16.277713875111576,0.0277,100.0,99.9723,39.116620000000005,47.93736017084795,-1.0,4.0,5.0,0.0999999999999999,1.57797338380595,-1.0,-1.0,0.0,-1.0,0.0,1.34e-05,1.34e-05,0.0,1.34e-05,0.0,3.1,180.0,176.9,47.325,76.5999469647336,200.0,200.0,0.0,200.0,0.0,0.363,700.0,699.637,175.27225,302.95170771376667,1.3,76.0,74.7,19.975,32.34604883134878,0.4,4.0,3.6,1.3,1.5588457268119895,638.0,638.0,0.0,638.0,0.0,6.93e-08,7.2e-08,2.699999999999991e-09,7.1325e-08,1.1691342951089884e-09,9.0,28.0,19.0,13.333333333333332,6.599663291074443,10.0,102.0,92.0,77.66666666666667,37.7477004450455,18.9984032,58.6934,39.6949968,27.87560213333333,13.640065679116637,53.53,1728.0,1674.47,302.4711111111111,517.0732475179561,1.0,17.0,16.0,12.666666666666666,6.599663291074443,2.0,4.0,2.0,2.6666666666666665,0.9428090415820634,0.5,2.2,1.7000000000000002,0.9722222222222224,0.7067575063906334,0.82,3.98,3.16,3.0477777777777777,1.3513267371799036,85.03,3186.0,3100.97,640.02,979.6481342128236,856.0,8908.0,8052.0,3539.9999999999995,3795.749201409387,6.59,45.94,39.35,18.407777777777778,14.785198137009097,0.0277,100.0,99.9723,32.3518,45.77876015817816,-1.0,4.0,5.0,0.0,1.632993161855452,-1.0,-1.0,0.0,-1.0,0.0,1.34e-05,1.34e-05,0.0,1.34e-05,0.0,3.1,180.0,176.9,62.06666666666666,83.3914597279335,200.0,200.0,0.0,200.0,0.0,0.363,700.0,699.637,233.5753333333333,329.812044712675,1.3,76.0,74.7,26.2,35.21391770309006,0.4,4.0,3.6,1.6,1.697056274847714,638.0,638.0,0.0,638.0,0.0,6.93e-08,7.2e-08,2.699999999999991e-09,7.11e-08,1.2727922061357811e-09,39.0983,2.2,0.82,4.34066373,1.52,0.222222222222222,0.3,0.077777777777778,0.0,0.0,0.0,0.0,0.0,0.0,0.0,0.0,4.288153473000001
K,K0-1Rb2NiF6,Rb2NiF6,KRb2NiF6,mp-aaabfrcr,9.0,37.0,28.0,17.5,11.430223094935636,9.0,102.0,93.0,70.69999999999999,41.46094547884792,18.9984032,85.4678,66.4693968,38.27177192,26.648513328258325,53.53,1728.0,1674.47,301.063,490.4388249119354,1.0,17.0,16.0,11.5,7.172865536171719,2.0,5.0,3.0,3.0,1.2649110640673518,0.5,2.35,1.85,1.125,0.8093979243857746,0.82,3.98,3.16,2.825,1.445733377908942,85.03,3186.0,3100.97,665.018,931.8558473369152,856.0,8908.0,8052.0,3207.0,3303.023312058212,6.59,55.76,49.17,23.125,19.43515024382369,0.0277,100.0,99.9723,30.71662,39.46377726662262,-1.0,4.0,5.0,0.1,1.57797338380595,-1.0,1.0,2.0,-0.6,0.8,1.34e-05,1.34e-05,0.0,1.34e-05,0.0,2.5,180.0,177.5,47.025,76.77354280609954,2.4,200.0,197.6,68.26666666666665,93.14953330830784,0.216,700.0,699.784,175.19875,302.9941489017362,1.3,76.0,74.7,38.65,37.35,0.3,4.0,3.7,1.25,1.588238017426859,638.0,638.0,0.0,638.0,0.0,6.93e-08,1.28e-07,5.87e-08,9.932500000000001e-08,2.869088487655967e-08,9.0,37.0,28.0,17.333333333333332,12.036980056845191,9.0,102.0,93.0,77.44444444444444,38.14624231125703,18.9984032,85.4678,66.4693968,38.17993546666666,28.088498183794297,53.53,1728.0,1674.47,297.1222222222222,516.8176912773826,1.0,17.0,16.0,12.666666666666666,6.599663291074443,2.0,5.0,3.0,2.888888888888889,1.286204100310025,0.5,2.35,1.85,1.0055555555555555,0.7650143224673946,0.82,3.98,3.16,3.0477777777777777,1.3513267371799036,85.03,3186.0,3100.97,624.2422222222222,973.762088063926,1532.0,8908.0,7376.0,3990.666666666666,3477.0797453546497,6.59,55.76,49.17,20.59,18.852911357842498,0.0277,91.0,90.9723,23.018466666666665,33.73154859339975,-1.0,4.0,5.0,0.0,1.632993161855452,-1.0,1.0,2.0,-0.5555555555555556,0.8314794192830981,1.34e-05,1.34e-05,0.0,1.34e-05,0.0,2.5,180.0,177.5,61.66666666666666,83.67430244040813,2.4,200.0,197.6,68.26666666666665,93.14953330830784,0.216,700.0,699.784,233.4773333333333,329.8813411772313,76.0,76.0,0.0,76.0,0.0,0.3,4.0,3.7,1.5333333333333332,1.744196726926817,638.0,638.0,0.0,638.0,0.0,6.93e-08,1.28e-07,5.87e-08,1.0843333333333333e-07,2.7671445370433564e-08,39.0983,2.2,0.82,4.34066373,1.52,0.0,0.1,0.1,0.0,0.0,0.0,0.0,0.0,0.0,0.0,0.0,4.465695312999998
K,K0-2SbSO4F3,SbSO4F3,K2SbSO4F3,mp-aaabrudl,8.0,51.0,43.0,14.90909090909091,12.18385328997914,10.0,102.0,92.0,82.9090909090909,34.61858288537726,15.9994,121.76,105.7606,32.09221905454545,29.678185074340803,53.53,903.78,850.25,213.1809090909091,254.9238928298742,1.0,17.0,16.0,13.454545454545451,5.898592071821213,2.0,5.0,3.0,2.727272727272727,1.052348809344566,0.5,2.2,1.7000000000000002,0.9772727272727272,0.6372396567738776,0.82,3.98,3.16,2.9063636363636363,1.1338933149052326,85.03,1860.0,1774.97,477.9781818181818,575.7307794418274,856.0,6697.0,5841.0,2592.25,2412.355734028462,11.2,45.94,34.739999999999995,20.785454545454545,12.144719289121928,0.02658,100.0,99.97342,20.399492727272733,38.13673344216358,-1.0,6.0,7.0,1.6363636363636365,2.185602778212965,-3.0,-1.0,2.0,-1.6363636363636365,0.642824346533225,1.1e-05,1.1e-05,0.0,1.1e-05,0.0,3.1,42.0,38.9,13.975,16.28885738779734,55.0,55.0,0.0,55.0,0.0,0.363,294.0,293.637,98.24200000000002,138.42180927151617,1.3,20.0,18.7,7.533333333333335,8.815264538792293,0.4,3.0,2.6,1.45,1.107925990308017,628.0,970.0,0.0,706.0,0.0,7.2e-08,2000000000000000.0,2000000000000000.0,500000000000000.0,866025403784438.8,8.0,51.0,43.0,14.0,13.299958228840003,88.0,102.0,14.0,99.11111111111111,4.581228472908512,15.9994,121.76,105.7606,30.53531217777777,32.60667176231851,53.53,903.78,850.25,185.77,274.3995231207388,15.0,17.0,2.0,16.22222222222222,0.6285393610547089,2.0,5.0,3.0,2.444444444444444,0.955813918560292,0.5,1.45,0.95,0.7055555555555555,0.300411240768795,2.05,3.98,1.93,3.37,0.6238233368154446,85.03,1860.0,1774.97,354.8622222222223,567.2376563228303,1960.0,6697.0,4737.0,4328.5,2368.5,11.2,18.19,6.990000000000002,15.195555555555554,2.9004065274873727,0.02658,24.0,23.97342,2.710491111111111,7.527182550115643,-1.0,6.0,7.0,1.777777777777778,2.3934065809486684,-3.0,-1.0,2.0,-1.7777777777777777,0.6285393610547089,1.1e-05,1.1e-05,0.0,1.1e-05,0.0,7.7,42.0,34.3,24.85,17.15,55.0,55.0,0.0,55.0,0.0,294.0,294.0,0.0,294.0,0.0,20.0,20.0,0.0,20.0,0.0,2.0,3.0,1.0,2.5,0.5,628.0,970.0,0.0,716.75,0.0,4.17e-07,2000000000000000.0,2000000000000000.0,1000000000000000.0,1000000000000000.0,39.0983,2.2,0.82,4.34066373,1.52,0.0,0.181818181818181,0.181818181818181,0.0,0.0,0.0,0.0,0.0,0.0,0.0,0.0,4.766019245499997
K,K0-1Rb2VF6,Rb2VF6,KRb2VF6,mp-aaacquwh,9.0,37.0,28.0,17.0,11.063453348751466,9.0,102.0,93.0,69.39999999999999,41.75931033913276,18.9984032,85.4678,66.4693968,37.49658192,26.151295468649185,53.53,2183.0,2129.47,346.563,623.7096744327444,1.0,17.0,16.0,11.0,7.429670248402684,2.0,5.0,3.0,3.0,1.2649110640673518,0.5,2.35,1.85,1.125,0.8093979243857746,0.82,3.98,3.16,2.797,1.465756118868347,85.03,3680.0,3594.97,714.4180000000001,1067.4228692584772,856.0,6110.0,5254.0,2507.5,2098.133634924144,8.32,55.76,47.44,23.298,19.29438560825402,0.0277,100.0,99.9723,24.71662,34.02923972335556,-1.0,5.0,6.0,0.2,1.833030277982336,-1.0,1.0,2.0,-0.6,0.8,8.4e-06,8.4e-06,0.0,8.4e-06,0.0,2.5,160.0,157.5,42.025,68.11333845143695,2.4,128.0,125.6,44.266666666666666,59.20840781135358,0.216,628.0,627.784,157.19875,271.8172350471682,1.3,47.0,45.7,24.15,22.85,0.3,7.0,6.7,2.0,2.8870400066504103,628.0,628.0,0.0,628.0,0.0,7.2e-08,1.97e-07,1.2500000000000002e-07,1.3125000000000001e-07,4.4313513740167356e-08,9.0,37.0,28.0,16.77777777777778,11.640711869963372,9.0,102.0,93.0,76.0,38.7556447501522,18.9984032,85.4678,66.4693968,37.31861324444444,27.56014028030901,53.53,2183.0,2129.47,347.6777777777777,657.4382720627385,1.0,17.0,16.0,12.11111111111111,6.999118110232721,2.0,5.0,3.0,2.888888888888889,1.286204100310025,0.5,2.35,1.85,1.0055555555555555,0.7650143224673946,0.82,3.98,3.16,3.0166666666666666,1.3800805129492346,85.03,3680.0,3594.97,679.1311111111111,1119.6155595505336,1532.0,6110.0,4578.0,3058.0,2158.089896181343,8.32,55.76,47.44,20.78222222222222,18.7175222587332,0.0277,58.0,57.9723,16.351799999999997,24.22710221260479,-1.0,5.0,6.0,0.1111111111111111,1.911627837120584,-1.0,1.0,2.0,-0.5555555555555556,0.8314794192830981,8.4e-06,8.4e-06,0.0,8.4e-06,0.0,2.5,160.0,157.5,54.99999999999999,74.24621202458748,2.4,128.0,125.6,44.266666666666666,59.20840781135358,0.216,628.0,627.784,209.4773333333333,295.940215680277,47.0,47.0,0.0,47.0,0.0,0.3,7.0,6.7,2.533333333333333,3.1584102892999124,628.0,628.0,0.0,628.0,0.0,1.28e-07,1.97e-07,6.9e-08,1.51e-07,3.2526911934581186e-08,39.0983,2.2,0.82,4.34066373,1.52,0.0,0.1,0.1,0.0,0.0,0.0,0.0,0.0,0.0,0.0,0.0,3.868686003000001
K,K0-1VF4,VF4,KVF4,mp-aaabrgqj,9.0,23.0,14.0,13.0,5.773502691896257,10.0,102.0,92.0,78.66666666666667,35.358481616469646,18.9984032,50.9415,31.9430968,27.672235466666663,12.734173755445186,53.53,2183.0,2129.47,455.6083333333333,779.3939487494255,1.0,17.0,16.0,12.333333333333332,6.69991708074726,2.0,4.0,2.0,2.6666666666666665,0.9428090415820634,0.5,2.2,1.7000000000000002,0.925,0.6491982234520773,0.82,3.98,3.16,3.0616666666666665,1.3196011602837512,85.03,3680.0,3594.97,842.02,1315.444051844598,856.0,6110.0,5254.0,3483.0,2627.0,8.32,45.94,37.62,16.509999999999998,13.203442732863271,0.0277,100.0,99.9723,21.851799999999997,36.73326396632893,-1.0,5.0,6.0,0.3333333333333332,2.211083193570267,-1.0,-1.0,0.0,-1.0,0.0,8.4e-06,8.4e-06,0.0,8.4e-06,0.0,3.1,160.0,156.9,81.55,78.45,128.0,128.0,0.0,128.0,0.0,0.363,628.0,627.637,314.1815,313.81850000000003,1.3,47.0,45.7,24.15,22.85,0.4,7.0,6.6,3.7,3.3000000000000003,628.0,628.0,0.0,628.0,0.0,7.2e-08,1.97e-07,1.2500000000000002e-07,1.345e-07,6.250000000000001e-08,9.0,23.0,14.0,11.8,5.6,54.0,102.0,48.0,92.4,19.2,18.9984032,50.9415,31.9430968,25.38702256,12.77723872,53.53,2183.0,2129.47,479.424,851.7880000000001,5.0,17.0,12.0,14.6,4.8,2.0,4.0,2.0,2.4000000000000004,0.8,0.5,1.35,0.8500000000000001,0.67,0.3400000000000001,1.63,3.98,2.35,3.51,0.94,85.03,3680.0,3594.97,804.024,1437.988,6110.0,6110.0,0.0,6110.0,0.0,8.32,11.2,2.879999999999999,10.624,1.1519999999999997,0.0277,31.0,30.9723,6.222160000000001,12.38892,-1.0,5.0,6.0,0.1999999999999999,2.4,-1.0,-1.0,0.0,-1.0,0.0,8.4e-06,8.4e-06,0.0,8.4e-06,0.0,160.0,160.0,0.0,160.0,0.0,128.0,128.0,0.0,128.0,0.0,628.0,628.0,0.0,628.0,0.0,47.0,47.0,0.0,47.0,0.0,7.0,7.0,0.0,7.0,0.0,628.0,628.0,0.0,628.0,0.0,1.97e-07,1.97e-07,0.0,1.97e-07,0.0,39.0983,2.2,0.82,4.34066373,1.52,0.0,0.166666666666666,0.166666666666666,0.0,0.0,0.0,0.0,0.0,0.0,0.0,0.0,4.383986125500002
K,K0-2FeH4(SO5)2,FeH4(SO5)2,K2FeH4(SO5)2,mp-aaabryqy,1.0,26.0,25.0,9.473684210526317,6.683588864584904,10.0,103.0,93.0,89.0,28.5988590129415,1.00794,55.845,54.83706,19.06301894736842,14.311650094623092,14.01,1811.0,1796.99,203.4115789473684,400.82410125906665,1.0,16.0,15.0,10.842105263157894,6.914996349618375,1.0,4.0,3.0,2.210526315789473,0.9502878992246204,0.25,2.2,1.95,0.7789473684210526,0.5601493667044448,0.82,3.44,2.62,2.727894736842105,0.8680200030885076,20.28,3134.0,3113.72,400.8873684210526,725.9179751535083,856.0,7874.0,7018.0,2701.2000000000003,2633.1023831214766,7.09,45.94,38.85,18.384736842105266,9.912741066781868,0.02658,100.0,99.97342,14.81041052631579,34.207266461629786,1.0,6.0,5.0,2.3157894736842106,1.6560139707949764,-2.0,-1.0,1.0,-1.6842105263157894,0.464829519280413,1.18e-05,1.18e-05,0.0,1.18e-05,0.0,3.1,170.0,166.9,38.32,65.8721306775483,211.0,211.0,0.0,211.0,0.0,0.363,490.0,489.637,163.5753333333333,230.8170953465584,1.3,82.0,80.7,28.2,38.04234482783625,0.4,4.0,3.6,1.7600000000000002,1.329059818066892,608.0,608.0,0.0,608.0,0.0,7.2e-08,2000000000000000.0,2000000000000000.0,800000000000000.0,979795897113271.2,1.0,26.0,25.0,8.352941176470589,6.163852657613993,61.0,103.0,42.0,98.29411764705884,9.669629264031078,1.00794,55.845,54.83706,16.705927058823526,13.271748565066709,14.01,1811.0,1796.99,187.7505882352941,420.98824086512536,1.0,16.0,15.0,12.0,6.38011617080294,1.0,4.0,3.0,2.0,0.7669649888473704,0.25,1.4,1.15,0.611764705882353,0.2918145118779403,1.83,3.44,1.61,2.9523529411764704,0.6028903852351574,20.28,3134.0,3113.72,326.6388235294117,732.5160720893462,1960.0,7874.0,5914.0,3931.333333333334,2787.886335958161,7.09,17.36,10.27,15.142941176470586,3.159897177600939,0.02658,80.0,79.97342,4.788105882352942,18.803128886959545,1.0,6.0,5.0,2.4705882352941178,1.6844495368560417,-2.0,-1.0,1.0,-1.7647058823529411,0.4241825029957634,1.18e-05,1.18e-05,0.0,1.18e-05,0.0,7.7,170.0,162.3,61.8,76.50895372438444,211.0,211.0,0.0,211.0,0.0,490.0,490.0,0.0,490.0,0.0,82.0,82.0,0.0,82.0,0.0,2.0,4.0,2.0,2.666666666666667,0.9428090415820636,608.0,608.0,0.0,608.0,0.0,9.61e-08,2000000000000000.0,2000000000000000.0,1333333333333333.5,942809041582063.4,39.0983,2.2,0.82,4.34066373,1.52,0.0,0.105263157894736,0.105263157894736,0.0,0.0,0.0,0.0,0.0,0.0,0.0,0.0,4.5148461255
K,K0-2FeH12(SO7)2,FeH12(SO7)2,K2FeH12(SO7)2,mp-aaabrvxo,1.0,26.0,25.0,7.096774193548387,6.367026138805875,10.0,103.0,93.0,94.16129032258064,23.31979191822391,1.00794,55.845,54.83706,14.008338064516128,13.613358627940144,14.01,1811.0,1796.99,135.35806451612902,325.491925854166,1.0,16.0,15.0,8.96774193548387,7.363746727643923,1.0,4.0,3.0,1.870967741935484,0.9066754401648514,0.25,2.2,1.95,0.6193548387096774,0.4931265327634446,0.82,3.44,2.62,2.6835483870967742,0.7727727554266237,20.28,3134.0,3113.72,262.5774193548387,594.7123088382002,856.0,7874.0,7018.0,2701.2000000000003,2633.1023831214766,7.09,45.94,38.85,16.45516129032258,8.315989212768896,0.02658,100.0,99.97342,9.12735870967742,27.718583446373525,1.0,6.0,5.0,1.935483870967742,1.41274118970698,-2.0,-1.0,1.0,-1.5483870967741935,0.4976531813077907,1.18e-05,1.18e-05,0.0,1.18e-05,0.0,3.1,170.0,166.9,38.32,65.8721306775483,211.0,211.0,0.0,211.0,0.0,0.363,490.0,489.637,163.5753333333333,230.8170953465584,1.3,82.0,80.7,28.2,38.04234482783625,0.4,4.0,3.6,1.7600000000000002,1.329059818066892,608.0,608.0,0.0,608.0,0.0,7.2e-08,2000000000000000.0,2000000000000000.0,800000000000000.0,979795897113271.2,1.0,26.0,25.0,6.275862068965518,5.734929586340653,61.0,103.0,42.0,99.96551724137932,7.690041740708607,1.00794,55.845,54.83706,12.277995862068966,12.316499596886008,14.01,1811.0,1796.99,121.4841379310345,332.06628041668745,1.0,16.0,15.0,9.517241379310343,7.299601735263382,1.0,4.0,3.0,1.7241379310344829,0.7379632606562999,0.25,1.4,1.15,0.5103448275862069,0.2752363593490672,1.83,3.44,1.61,2.8120689655172413,0.6183369202691161,20.28,3134.0,3113.72,209.51379310344828,578.2996991503078,1960.0,7874.0,5914.0,3931.333333333333,2787.886335958161,7.09,17.36,10.27,14.421724137931037,3.136016657421363,0.02658,80.0,79.97342,2.8602800000000004,14.5782431835891,1.0,6.0,5.0,2.0,1.4383899044561523,-2.0,-1.0,1.0,-1.5862068965517242,0.4925123054167482,1.18e-05,1.18e-05,0.0,1.18e-05,0.0,7.7,170.0,162.3,61.8,76.50895372438444,211.0,211.0,0.0,211.0,0.0,490.0,490.0,0.0,490.0,0.0,82.0,82.0,0.0,82.0,0.0,2.0,4.0,2.0,2.6666666666666665,0.9428090415820634,608.0,608.0,0.0,608.0,0.0,9.61e-08,2000000000000000.0,2000000000000000.0,1333333333333333.2,942809041582063.4,39.0983,2.2,0.82,4.34066373,1.52,0.0,0.064516129032258,0.064516129032258,0.0,0.0,0.0,0.0,0.0,0.0,0.0,0.0,4.375441020500013
K,K0-1Na2FeO3,Na2FeO3,KNa2FeO3,mp-aaacoyft,8.0,26.0,18.0,13.0,6.414269805898185,10.0,101.0,91.0,56.57142857142857,41.85641150019277,15.9994,55.845,39.8456,26.988719794285718,14.008188927113704,54.8,1811.0,1756.2,436.2385714285714,578.784815217651,1.0,16.0,15.0,8.428571428571429,6.945854732081839,2.0,4.0,2.0,2.8571428571428568,0.8329931278350429,0.6,2.2,1.6,1.2857142857142856,0.6311634866964149,0.82,3.44,2.62,2.1185714285714283,1.185235703760812,90.2,3134.0,3043.8,964.0857142857142,1005.5440083124464,856.0,7874.0,7018.0,2666.5,3006.899191858616,7.09,45.94,38.85,21.81,11.123364085178034,0.02658,140.0,139.97342,65.72567714285714,60.19130177819899,1.0,6.0,5.0,2.142857142857143,1.6413036132965797,-2.0,-1.0,1.0,-1.5714285714285712,0.4948716593053934,1.18e-05,7.1e-05,5.92e-05,5.126666666666667e-05,2.790714763082908e-05,3.1,170.0,166.9,46.425,71.35801899576529,10.0,211.0,201.0,77.0,94.75230867899737,0.363,490.0,489.637,122.93575,211.9246855941693,1.3,82.0,80.7,22.475,34.37647269572607,0.4,4.0,3.6,1.35,1.5305227865013968,608.0,608.0,0.0,608.0,0.0,4.77e-08,9.61e-08,4.84e-08,6.5875e-08,2.0073163054187553e-08,8.0,26.0,18.0,12.0,6.4031242374328485,11.0,101.0,90.0,64.33333333333333,40.2768199119819,15.9994,55.845,39.8456,24.97045642666667,14.156996175265617,54.8,1811.0,1756.2,452.8566666666666,623.6110260054384,1.0,16.0,15.0,9.666666666666666,6.749485577105529,2.0,4.0,2.0,2.6666666666666665,0.7453559924999299,0.6,1.8,1.2000000000000002,1.1333333333333333,0.5497474167490214,0.93,3.44,2.51,2.335,1.145,90.2,3134.0,3043.8,952.7666666666664,1085.698714602209,968.0,7874.0,6906.0,3270.0,3255.5196205828647,7.09,23.78,16.69,17.788333333333334,5.579798134540552,0.02658,140.0,139.97342,60.01329,63.23294534199795,1.0,6.0,5.0,2.333333333333333,1.6996731711975948,-2.0,-1.0,1.0,-1.6666666666666663,0.4714045207910317,1.18e-05,7.1e-05,5.92e-05,5.126666666666667e-05,2.790714763082908e-05,6.3,170.0,163.7,60.86666666666666,77.16892005349189,10.0,211.0,201.0,77.0,94.75230867899737,0.69,490.0,489.31,163.79333333333332,230.6629460682597,3.3,82.0,78.7,29.53333333333333,37.099535786254194,0.5,4.0,3.5,1.6666666666666663,1.6499158227686108,608.0,608.0,0.0,608.0,0.0,4.77e-08,9.61e-08,4.84e-08,6.383333333333333e-08,2.281597880628593e-08,39.0983,2.2,0.82,4.34066373,1.52,0.0,0.142857142857142,0.142857142857142,0.0,0.0,0.0,0.0,0.0,0.0,0.0,0.0,2.453556593000002
K,K1-1.5Fe11O17,KFe11O17,K3(Fe11O17)2,mp-aaacpaxf,8.0,26.0,18.0,15.271186440677967,8.607900408335132,10.0,101.0,91.0,81.45762711864407,25.214551914871283,15.9994,55.845,39.8456,32.03160169491525,19.0292371078723,54.8,1811.0,1756.2,723.9794915254237,840.4104196899692,1.0,16.0,15.0,12.254237288135592,4.612412216201943,2.0,4.0,2.0,2.847457627118644,0.988296931329712,0.6,2.2,1.6,0.9796610169491524,0.473994801164706,0.82,3.44,2.62,2.7064406779661017,0.881744731713564,90.2,3134.0,3043.8,1273.064406779661,1449.335577260416,856.0,7874.0,7018.0,7031.84,2280.5800609494067,7.09,45.94,38.85,14.98372881355932,8.672672627438967,0.02658,100.0,99.97342,34.93057152542373,40.9239640587036,1.0,6.0,5.0,3.440677966101695,1.9852949782164504,-2.0,-1.0,1.0,-1.9491525423728813,0.2196861253697579,1.18e-05,1.18e-05,0.0,1.18e-05,0.0,3.1,170.0,166.9,149.972,54.23608038934968,211.0,211.0,0.0,211.0,0.0,0.363,490.0,489.637,431.24356,159.1131916932295,1.3,82.0,80.7,72.316,26.22439597016488,0.4,4.0,3.6,3.568,1.1698615302675783,608.0,608.0,0.0,608.0,0.0,7.2e-08,9.61e-08,2.41e-08,9.3208e-08,7.831573022069064e-09,8.0,26.0,18.0,15.206896551724135,8.667733706684125,10.0,101.0,91.0,82.6896551724138,23.60465098570525,15.9994,55.845,39.8456,31.909762068965517,19.169750237043523,54.8,1811.0,1756.2,730.6596551724137,846.069873646961,1.0,16.0,15.0,12.448275862068964,4.406783226647158,2.0,4.0,2.0,2.827586206896552,0.9850246108334964,0.6,2.2,1.6,0.9586206896551724,0.449917418766899,0.82,3.44,2.62,2.738965517241379,0.8535012871031896,90.2,3134.0,3043.8,1277.2206896551722,1461.4277934383233,856.0,7874.0,7018.0,7289.166666666666,1939.6727315595165,7.09,45.94,38.85,14.45,7.726897490428238,0.02658,100.0,99.97342,33.80868482758621,40.365666568080506,1.0,6.0,5.0,3.482758620689655,1.9760756940544004,-2.0,-1.0,1.0,-1.96551724137931,0.1824656076596269,1.18e-05,1.18e-05,0.0,1.18e-05,0.0,3.1,170.0,166.9,156.09166666666664,46.128723125859686,211.0,211.0,0.0,211.0,0.0,0.363,490.0,489.637,449.19691666666665,135.3285177062706,1.3,82.0,80.7,75.27499999999999,22.304301715140063,0.4,4.0,3.6,3.7,0.99498743710662,608.0,608.0,0.0,608.0,0.0,7.2e-08,9.61e-08,2.41e-08,9.409166666666666e-08,6.660888120630428e-09,39.0983,2.2,0.82,4.34066373,1.52,0.034482758620689,0.050847457627118,0.016364699006429,0.0,0.0,0.0,0.0,0.0,0.0,0.0,0.0,2.713432503
K,K0-1FePO4,FePO4,KFePO4,mp-aaaabedd,8.0,26.0,18.0,13.142857142857142,6.6424731071786685,10.0,101.0,91.0,80.71428571428571,31.895876516808723,15.9994,55.845,39.8456,27.130666,14.531379634323152,54.8,1811.0,1756.2,383.43285714285713,594.8012392319275,1.0,16.0,15.0,12.571428571428571,5.447335989982177,2.0,4.0,2.0,2.7142857142857144,0.8806305718527109,0.6,2.2,1.6,0.9999999999999998,0.5656854249492381,0.82,3.44,2.62,2.657142857142857,0.9804476278824932,90.2,3134.0,3043.8,725.2571428571428,1037.857593943467,856.0,7874.0,7018.0,3517.6666666666665,3105.586614831765,7.09,45.94,38.85,19.92714285714285,11.188472019111856,0.02658,100.0,99.97342,25.763188571428568,40.97711090076766,1.0,6.0,5.0,2.8571428571428568,1.7261494247992246,-3.0,-1.0,2.0,-2.0,0.5345224838248488,1.18e-05,1.18e-05,0.0,1.18e-05,0.0,3.1,170.0,166.9,61.36666666666666,76.883042488069,211.0,211.0,0.0,211.0,0.0,0.363,490.0,489.637,245.1815,244.8185,1.3,82.0,80.7,41.65,40.35,0.4,4.0,3.6,2.2,1.8,608.0,608.0,0.0,608.0,0.0,7.2e-08,1e-07,2.8e-08,8.936666666666665e-08,1.2382873477329708e-08,8.0,26.0,18.0,12.166666666666666,6.693695209341067,61.0,101.0,40.0,92.5,14.648663192705788,15.9994,55.845,39.8456,25.136060333333333,14.78192581266507,54.8,1811.0,1756.2,391.25,642.1257762307943,8.0,16.0,8.0,14.5,2.9297326385411573,2.0,4.0,2.0,2.5,0.7637626158259734,0.6,1.4,0.7999999999999999,0.7999999999999999,0.3055050463303893,1.83,3.44,1.61,2.963333333333333,0.6820720066255631,90.2,3134.0,3043.8,674.1333333333332,1112.82415901565,1823.0,7874.0,6051.0,4848.5,3025.5,7.09,17.36,10.27,15.591666666666663,3.804087348570686,0.02658,80.0,79.97342,13.390386666666666,29.78882282414142,2.0,6.0,4.0,3.1666666666666665,1.674979270186815,-3.0,-2.0,1.0,-2.1666666666666665,0.3726779962499649,1.18e-05,1.18e-05,0.0,1.18e-05,0.0,11.0,170.0,159.0,90.5,79.5,211.0,211.0,0.0,211.0,0.0,490.0,490.0,0.0,490.0,0.0,82.0,82.0,0.0,82.0,0.0,4.0,4.0,0.0,4.0,0.0,608.0,608.0,0.0,608.0,0.0,9.61e-08,1e-07,3.900000000000002e-09,9.805e-08,1.950000000000001e-09,39.0983,2.2,0.82,4.34066373,1.52,0.0,0.142857142857142,0.142857142857142,0.0,0.0,0.0,0.0,0.0,0.0,0.0,0.0,2.6763932480000032
K,K0.25-0.5Mo2O3,K(Mo2O3)4,K(Mo2O3)2,mp-aaacrrkp,8.0,42.0,34.0,21.363636363636363,15.898957811886042,10.0,101.0,91.0,76.36363636363636,29.7023804594628,15.9994,95.94,79.9406,47.1686090909091,37.42731348988219,54.8,2896.0,2841.2,1113.5754545454545,1349.6794723284463,1.0,16.0,15.0,11.0,5.640760748177662,2.0,5.0,3.0,3.272727272727273,1.4200453956193917,0.6,2.2,1.6,1.0545454545454545,0.5374411365039073,0.82,3.44,2.62,2.7363636363636363,0.8513013858715236,90.2,4912.0,4821.8,1929.2,2270.059614755845,856.0,10280.0,9424.0,8395.2,3769.6,9.38,45.94,36.56,17.056363636363635,9.865107724359786,0.02658,139.0,138.97342,59.65086181818182,66.15651260925821,1.0,6.0,5.0,3.3636363636363638,2.0123585110162416,-2.0,-1.0,1.0,-1.9090909090909087,0.2874797872880344,4.8e-06,4.8e-06,0.0,4.8e-06,0.0,3.1,230.0,226.9,184.62,90.76,329.0,329.0,0.0,329.0,0.0,0.363,1500.0,1499.637,1200.0726,599.8548,1.3,20.0,18.7,16.259999999999998,7.479999999999999,0.4,5.5,5.1,4.48,2.04,1530.0,1530.0,0.0,1530.0,0.0,5.34e-08,7.2e-08,1.8599999999999998e-08,5.712e-08,7.439999999999996e-09,8.0,42.0,34.0,21.476190476190474,16.26453649484947,10.0,101.0,91.0,79.52380952380952,26.54308097023196,15.9994,95.94,79.9406,47.552909523809525,38.26564552692519,54.8,2896.0,2841.2,1150.577619047619,1370.495407722904,1.0,16.0,15.0,11.476190476190474,5.323971374999499,2.0,5.0,3.0,3.2380952380952377,1.4443572274383905,0.6,2.2,1.6,0.9999999999999998,0.4869731585445517,0.82,3.44,2.62,2.8276190476190477,0.7589585895090516,90.2,4912.0,4821.8,1971.9238095238093,2314.8223706211984,856.0,10280.0,9424.0,9232.888888888889,2961.6774692897884,9.38,45.94,36.56,15.68095238095238,7.767626287392408,0.02658,139.0,138.97342,57.72947428571428,67.11095015702513,1.0,6.0,5.0,3.476190476190476,1.990909043844464,-2.0,-1.0,1.0,-1.9523809523809523,0.2129588549999799,4.8e-06,4.8e-06,0.0,4.8e-06,0.0,3.1,230.0,226.9,204.7888888888889,71.30779051165672,329.0,329.0,0.0,329.0,0.0,0.363,1500.0,1499.637,1333.3736666666666,471.2904408970002,1.3,20.0,18.7,17.922222222222224,5.876843025861527,0.4,5.5,5.1,4.933333333333333,1.6027753706895076,1530.0,1530.0,0.0,1530.0,0.0,5.34e-08,7.2e-08,1.8599999999999998e-08,5.5466666666666674e-08,5.8454160578087924e-09,39.0983,2.2,0.82,4.34066373,1.52,0.047619047619047,0.09090909090909,0.043290043290043,0.0,0.0,0.0,0.0,0.0,0.0,0.0,0.0,1.095523913000043
K,K0-1Mo2P3O13,Mo2P3O13,KMo2P3O13,mp-aaabetpw,8.0,42.0,34.0,13.263157894736842,10.396568792600748,10.0,101.0,91.0,89.73684210526315,23.26470583085292,15.9994,95.94,79.9406,27.994304526315787,24.337080039939423,54.8,2896.0,2841.2,410.148947368421,859.3676013079847,1.0,16.0,15.0,14.0,4.304220694791763,2.0,5.0,3.0,2.5789473684210527,0.9902572485382516,0.6,2.2,1.6,0.8368421052631578,0.4242150972719649,0.82,3.44,2.62,2.97,0.7480360250260959,90.2,4912.0,4821.8,719.9263157894736,1459.7439648759264,856.0,10280.0,9424.0,4480.833333333333,4114.8576085800205,9.38,45.94,36.56,17.97052631578947,7.024175901229462,0.02658,139.0,138.97342,19.950186315789477,46.49843660404851,1.0,6.0,5.0,2.8421052631578947,1.5648493418230007,-3.0,-1.0,2.0,-2.1052631578947367,0.4465937565388721,4.8e-06,4.8e-06,0.0,4.8e-06,0.0,3.1,230.0,226.9,82.68333333333332,104.206052554009,329.0,329.0,0.0,329.0,0.0,0.363,1500.0,1499.637,1000.121,706.9356613455003,1.3,20.0,18.7,13.766666666666666,8.815264538792292,0.4,5.5,5.1,3.8,2.4041630560342613,1530.0,1530.0,0.0,1530.0,0.0,5.34e-08,1e-07,4.66e-08,7.98e-08,2.11300733552915e-08,8.0,42.0,34.0,12.944444444444445,10.590730864624668,56.0,101.0,45.0,94.16666666666666,14.08801697266944,15.9994,95.94,79.9406,27.377415888888887,24.85896572937975,54.8,2896.0,2841.2,414.2388888888889,882.736275036566,6.0,16.0,10.0,14.72222222222222,3.105649968749708,2.0,5.0,3.0,2.5,0.957427107756338,0.6,1.45,0.85,0.7611111111111111,0.2845832994414599,2.16,3.44,1.2799999999999998,3.089444444444444,0.5653069198057342,90.2,4912.0,4821.8,702.5888888888887,1497.8391079184294,1823.0,10280.0,8457.0,5205.8,4143.066950943467,9.38,17.36,7.979999999999999,16.416666666666664,2.490981511149548,0.02658,139.0,138.97342,15.502974444444442,43.662860122382575,2.0,6.0,4.0,2.9444444444444446,1.5446043082730936,-3.0,-2.0,1.0,-2.1666666666666665,0.3726779962499649,4.8e-06,4.8e-06,0.0,4.8e-06,0.0,11.0,230.0,219.0,98.59999999999998,107.2876507339032,329.0,329.0,0.0,329.0,0.0,1500.0,1500.0,0.0,1500.0,0.0,20.0,20.0,0.0,20.0,0.0,5.5,5.5,0.0,5.5,0.0,1530.0,1530.0,0.0,1530.0,0.0,5.34e-08,1e-07,4.66e-08,8.136e-08,2.2829244402739216e-08,39.0983,2.2,0.82,4.34066373,1.52,0.0,0.052631578947368,0.052631578947368,0.0,0.0,0.0,0.0,0.0,0.0,0.0,0.0,4.352703557999995
K,K0-1Mo2P3O13,Mo2P3O13,KMo2P3O13,mp-aaabhhrc,8.0,42.0,34.0,13.263157894736842,10.396568792600748,10.0,101.0,91.0,89.73684210526315,23.26470583085292,15.9994,95.94,79.9406,27.994304526315787,24.337080039939423,54.8,2896.0,2841.2,410.148947368421,859.3676013079847,1.0,16.0,15.0,14.0,4.304220694791763,2.0,5.0,3.0,2.5789473684210527,0.9902572485382516,0.6,2.2,1.6,0.8368421052631578,0.4242150972719649,0.82,3.44,2.62,2.97,0.7480360250260959,90.2,4912.0,4821.8,719.9263157894736,1459.7439648759264,856.0,10280.0,9424.0,4480.833333333333,4114.8576085800205,9.38,45.94,36.56,17.97052631578947,7.024175901229462,0.02658,139.0,138.97342,19.950186315789477,46.49843660404851,1.0,6.0,5.0,2.8421052631578947,1.5648493418230007,-3.0,-1.0,2.0,-2.1052631578947367,0.4465937565388721,4.8e-06,4.8e-06,0.0,4.8e-06,0.0,3.1,230.0,226.9,82.68333333333332,104.206052554009,329.0,329.0,0.0,329.0,0.0,0.363,1500.0,1499.637,1000.121,706.9356613455003,1.3,20.0,18.7,13.766666666666666,8.815264538792292,0.4,5.5,5.1,3.8,2.4041630560342613,1530.0,1530.0,0.0,1530.0,0.0,5.34e-08,1e-07,4.66e-08,7.98e-08,2.11300733552915e-08,8.0,42.0,34.0,12.944444444444445,10.590730864624668,56.0,101.0,45.0,94.16666666666666,14.08801697266944,15.9994,95.94,79.9406,27.377415888888887,24.85896572937975,54.8,2896.0,2841.2,414.2388888888889,882.736275036566,6.0,16.0,10.0,14.72222222222222,3.105649968749708,2.0,5.0,3.0,2.5,0.957427107756338,0.6,1.45,0.85,0.7611111111111111,0.2845832994414599,2.16,3.44,1.2799999999999998,3.089444444444444,0.5653069198057342,90.2,4912.0,4821.8,702.5888888888887,1497.8391079184294,1823.0,10280.0,8457.0,5205.8,4143.066950943467,9.38,17.36,7.979999999999999,16.416666666666664,2.490981511149548,0.02658,139.0,138.97342,15.502974444444442,43.662860122382575,2.0,6.0,4.0,2.9444444444444446,1.5446043082730936,-3.0,-2.0,1.0,-2.1666666666666665,0.3726779962499649,4.8e-06,4.8e-06,0.0,4.8e-06,0.0,11.0,230.0,219.0,98.59999999999998,107.2876507339032,329.0,329.0,0.0,329.0,0.0,1500.0,1500.0,0.0,1500.0,0.0,20.0,20.0,0.0,20.0,0.0,5.5,5.5,0.0,5.5,0.0,1530.0,1530.0,0.0,1530.0,0.0,5.34e-08,1e-07,4.66e-08,8.136e-08,2.2829244402739216e-08,39.0983,2.2,0.82,4.34066373,1.52,0.0,0.052631578947368,0.052631578947368,0.0,0.0,0.0,0.0,0.0,0.0,0.0,0.0,4.181281260499979
K,K0.11-0.33MoS,K(MoS)9,K(MoS)3,mp-aaacrrev,16.0,42.0,26.0,27.571428571428573,12.534035296596484,10.0,94.0,84.0,65.71428571428571,28.753704286649427,32.065,95.94,63.875,60.44475714285714,30.82587010816249,336.53,2896.0,2559.4700000000003,1455.6585714285711,1247.4876337025614,1.0,16.0,15.0,9.571428571428571,5.802884574739972,3.0,5.0,2.0,4.0,0.9258200997725514,1.0,2.2,1.2000000000000002,1.364285714285714,0.3997448165609492,0.82,2.58,1.7600000000000002,2.148571428571429,0.5761802439075708,717.87,4912.0,4194.13,2560.23,2039.286445247805,856.0,10280.0,9424.0,5368.0,4269.238272639679,9.38,45.94,36.56,17.23857142857143,12.058198667381491,0.205,139.0,138.795,73.94500000000001,65.12415055656608,1.0,6.0,5.0,5.285714285714285,1.749635530559413,-2.0,-1.0,1.0,-1.8571428571428568,0.3499271061118826,4.8e-06,4.8e-06,0.0,4.8e-06,0.0,3.1,230.0,226.9,102.3142857142857,110.5893230259908,329.0,329.0,0.0,329.0,0.0,0.363,1500.0,1499.637,1125.09075,649.3618692275421,1.3,20.0,18.7,15.325,8.097337525384502,0.4,5.5,5.1,3.271428571428572,1.999795907953956,1530.0,1530.0,0.0,1530.0,0.0,5.34e-08,2000000000000000.0,2000000000000000.0,857142857142857.1,989743318610787.0,16.0,42.0,26.0,28.473684210526315,12.84879032214248,10.0,94.0,84.0,71.57894736842105,23.508824299496524,32.065,95.94,63.875,62.69175263157894,31.57917899630052,336.53,2896.0,2559.4700000000003,1573.4615789473685,1254.7208198440553,1.0,16.0,15.0,10.473684210526317,5.354471039309422,3.0,5.0,2.0,4.0,0.9733285267845752,1.0,2.2,1.2000000000000002,1.276315789473684,0.3088043244569676,0.82,2.58,1.7600000000000002,2.2884210526315787,0.40195919088352,717.87,4912.0,4194.13,2721.096315789473,2079.5978608709565,856.0,10280.0,9424.0,5842.9473684210525,4216.209890332214,9.38,45.94,36.56,14.21736842105263,8.053876374376479,0.205,139.0,138.795,71.20236842105263,67.88675171831589,1.0,6.0,5.0,5.7368421052631575,1.1164843913471802,-2.0,-1.0,1.0,-1.9473684210526316,0.223296878269436,4.8e-06,4.8e-06,0.0,4.8e-06,0.0,3.1,230.0,226.9,112.7578947368421,111.23013277737796,329.0,329.0,0.0,329.0,0.0,0.363,1500.0,1499.637,1350.0363,449.8911,1.3,20.0,18.7,18.13,5.61,0.4,5.5,5.1,3.573684210526316,1.8603457814591344,1530.0,1530.0,0.0,1530.0,0.0,5.34e-08,2000000000000000.0,2000000000000000.0,947368421052631.6,998613997947909.2,39.0983,2.2,0.82,4.34066373,1.52,0.052631578947368,0.142857142857142,0.0902255639097739,0.0,0.0,0.0,0.0,0.0,0.0,0.0,0.0,2.320974663000008
K,K0-0.5Mo3S4,Mo3S4,K(Mo3S4)2,mp-aaaaadfg,16.0,42.0,26.0,26.6,12.595237195067032,10.0,94.0,84.0,73.2,24.806450773941847,32.065,95.94,63.875,58.08388666666666,30.956769973946283,336.53,2896.0,2559.4700000000003,1387.9606666666668,1231.3736008889512,1.0,16.0,15.0,11.0,5.477225575051661,3.0,5.0,2.0,3.8666666666666663,0.9568466729604884,1.0,2.2,1.2000000000000002,1.2599999999999998,0.3307567081708246,0.82,2.58,1.7600000000000002,2.294666666666667,0.4423251694800507,717.87,4912.0,4194.13,2416.464,2039.0310238895336,856.0,10280.0,9424.0,5214.4,4144.767187671703,9.38,45.94,36.56,15.097333333333331,8.751743039087827,0.205,139.0,138.795,62.376,67.11425857446389,1.0,6.0,5.0,5.666666666666668,1.247219128924647,-2.0,-1.0,1.0,-1.9333333333333331,0.2494438257849294,4.8e-06,4.8e-06,0.0,4.8e-06,0.0,3.1,230.0,226.9,96.31333333333332,109.16044989932124,329.0,329.0,0.0,329.0,0.0,0.363,1500.0,1499.637,1285.766142857143,524.7636356283052,1.3,20.0,18.7,17.328571428571433,6.543636884292204,0.4,5.5,5.1,3.293333333333334,1.84335443025902,1530.0,1530.0,0.0,1530.0,0.0,5.34e-08,2000000000000000.0,2000000000000000.0,1066666666666666.6,997775303139717.8,16.0,42.0,26.0,27.142857142857142,12.866663141940233,56.0,94.0,38.0,77.71428571428571,18.80512305360495,32.065,95.94,63.875,59.44,31.60992723813201,388.36,2896.0,2507.64,1463.0628571428572,1240.959967740577,6.0,16.0,10.0,11.714285714285714,4.948716593053935,3.0,5.0,2.0,3.8571428571428568,0.989743318610787,1.0,1.45,0.4499999999999999,1.1928571428571426,0.222692246687427,2.16,2.58,0.4199999999999999,2.4,0.2078460969082652,717.87,4912.0,4194.13,2515.3542857142857,2075.55607244253,1960.0,10280.0,8320.0,5525.714285714285,4117.332205420874,9.38,15.53,6.149999999999999,12.894285714285717,3.043460704728169,0.205,139.0,138.795,59.68857142857143,68.6857119532921,6.0,6.0,0.0,6.0,0.0,-2.0,-2.0,0.0,-2.0,0.0,4.8e-06,4.8e-06,0.0,4.8e-06,0.0,7.7,230.0,222.3,102.97142857142858,110.00996986358898,329.0,329.0,0.0,329.0,0.0,1500.0,1500.0,0.0,1500.0,0.0,20.0,20.0,0.0,20.0,0.0,2.0,5.5,3.5,3.5,1.7320508075688772,1530.0,1530.0,0.0,1530.0,0.0,5.34e-08,2000000000000000.0,2000000000000000.0,1142857142857142.8,989743318610787.0,39.0983,2.2,0.82,4.34066373,1.52,0.0,0.066666666666666,0.066666666666666,0.0,0.0,0.0,0.0,0.0,0.0,0.0,0.0,1.938007642999999
K,K1.75-2Mo9S11,K7(Mo9S11)4,K2Mo9S11,mp-aaabnaby,16.0,42.0,26.0,26.90909090909091,12.583933085519268,10.0,94.0,84.0,70.81818181818181,26.35877698162307,32.065,95.94,63.875,58.83507272727273,30.9347302460164,336.53,2896.0,2559.4700000000003,1409.500909090909,1236.9255395275568,1.0,16.0,15.0,10.545454545454543,5.6224167622059005,3.0,5.0,2.0,3.909090909090909,0.9491187735373228,1.0,2.2,1.2000000000000002,1.2931818181818182,0.3574834562432272,0.82,2.58,1.7600000000000002,2.2481818181818185,0.4936196213467537,717.87,4912.0,4194.13,2462.2077272727274,2040.2114760773115,856.0,10280.0,9424.0,5263.272727272728,4185.3847241629055,9.38,45.94,36.56,15.778636363636362,9.97400862945766,0.205,139.0,138.795,66.05704545454546,66.70550293605828,1.0,6.0,5.0,5.545454545454545,1.4373989364401725,-2.0,-1.0,1.0,-1.9090909090909087,0.2874797872880344,4.8e-06,4.8e-06,0.0,4.8e-06,0.0,3.1,230.0,226.9,98.22272727272728,109.65274084299108,329.0,329.0,0.0,329.0,0.0,0.363,1500.0,1499.637,1227.3387272727273,578.4019047372275,1.3,20.0,18.7,16.6,7.212489168102785,0.4,5.5,5.1,3.286363636363636,1.8945605042152207,1530.0,1530.0,0.0,1530.0,0.0,5.34e-08,2000000000000000.0,2000000000000000.0,1000000000000000.0,1000000000000000.0,16.0,42.0,26.0,27.000000000000004,12.627282996039526,10.0,94.0,84.0,71.51724137931035,25.685928912814305,32.065,95.94,63.875,59.061932183908056,31.039138334450765,336.53,2896.0,2559.4700000000003,1421.833908045977,1238.6225294432916,1.0,16.0,15.0,10.655172413793103,5.560177757447275,3.0,5.0,2.0,3.9080459770114944,0.954507562851802,1.0,2.2,1.2000000000000002,1.282758620689655,0.3459808301618412,0.82,2.58,1.7600000000000002,2.2645977011494254,0.4719604615177999,717.87,4912.0,4194.13,2478.646896551724,2046.1000940007016,856.0,10280.0,9424.0,5313.931034482758,4182.459084706479,9.38,45.94,36.56,15.431954022988506,9.489346941554851,0.205,139.0,138.795,65.66689655172414,66.98786609649326,1.0,6.0,5.0,5.597701149425287,1.3600183409424405,-2.0,-1.0,1.0,-1.9195402298850577,0.2720036681884881,4.8e-06,4.8e-06,0.0,4.8e-06,0.0,3.1,230.0,226.9,99.31609195402298,109.80313300134512,329.0,329.0,0.0,329.0,0.0,0.363,1500.0,1499.637,1255.8730465116278,553.6278919354841,1.3,20.0,18.7,16.95581395348837,6.9035650488708615,0.4,5.5,5.1,3.3195402298850576,1.8798287449793192,1530.0,1530.0,0.0,1530.0,0.0,5.34e-08,2000000000000000.0,2000000000000000.0,1011494252873563.4,999933938893404.4,39.0983,2.2,0.82,4.34066373,1.52,0.080459770114942,0.09090909090909,0.0104493207941479,0.0,0.0,0.0,0.0,0.0,0.0,0.0,0.0,2.404092688000013
K,K0-2Mo15Se19,Mo15Se19,K2Mo15Se19,mp-aaabgiyy,19.0,42.0,23.0,36.5,5.737304826019503,10.0,93.0,83.0,72.97222222222223,23.49525497143709,39.0983,95.94,56.8417,83.82046111111111,13.593553715441695,336.53,2896.0,2559.4700000000003,1486.085,1192.1185425500548,1.0,16.0,15.0,11.0,5.400617248673217,4.0,5.0,1.0,4.416666666666667,0.4930066485916347,1.15,2.2,1.0500000000000005,1.3333333333333333,0.2552232138518926,0.82,2.55,1.73,2.291388888888889,0.4034445630221068,958.0,4912.0,3954.0,2609.6111111111118,1945.944490440707,856.0,10280.0,9424.0,6874.250000000001,3012.394123312331,9.38,45.94,36.56,15.126666666666669,8.209187265226415,0.52,139.0,138.48,63.74666666666667,67.39790369308398,1.0,6.0,5.0,5.722222222222222,1.145307118227128,-2.0,-1.0,1.0,-1.9444444444444449,0.2290614236454256,4.8e-06,4.8e-06,0.0,4.8e-06,0.0,3.1,230.0,226.9,100.38611111111112,109.54993319329007,10.0,329.0,319.0,150.73529411764707,158.39234771019966,0.363,1500.0,1499.637,1013.4646111111113,443.040179280633,1.3,20.0,18.7,10.358333333333334,8.166441323421658,0.4,5.5,5.1,3.3694444444444445,1.8360312640227932,1530.0,1530.0,0.0,1530.0,0.0,5.34e-08,7.2e-08,1.8599999999999998e-08,5.558823529411765e-08,5.992729158585933e-09,34.0,42.0,8.0,37.52941176470589,3.972221886149208,56.0,93.0,37.0,76.67647058823529,18.371526223440085,78.96,95.94,16.980000000000004,86.45117647058822,8.431040953351696,494.0,2896.0,2402.0,1553.705882352941,1192.6596213162995,6.0,16.0,10.0,11.588235294117649,4.965277357686509,4.0,5.0,1.0,4.441176470588236,0.4965277357686509,1.15,1.45,0.3,1.2823529411764705,0.1489583207305953,2.16,2.55,0.3899999999999997,2.377941176470588,0.1936458169497737,958.0,4912.0,3954.0,2702.4117647058824,1963.2706672292456,4819.0,10280.0,5461.0,7228.264705882353,2711.537965032602,9.38,16.42,7.040000000000001,13.314117647058826,3.495555259811303,0.52,139.0,138.48,61.61411764705882,68.75916084924278,6.0,6.0,0.0,6.0,0.0,-2.0,-2.0,0.0,-2.0,0.0,4.8e-06,4.8e-06,0.0,4.8e-06,0.0,8.3,230.0,221.7,106.10882352941177,110.08019901990993,10.0,329.0,319.0,150.73529411764707,158.39234771019966,736.0,1500.0,764.0,1073.0588235294117,379.3471901272493,3.7,20.0,16.3,10.891176470588237,8.093402093029011,2.0,5.5,3.5,3.544117647058824,1.737847075190278,1530.0,1530.0,0.0,1530.0,0.0,5.34e-08,5.34e-08,0.0,5.34e-08,0.0,39.0983,2.2,0.82,4.34066373,1.52,0.0,0.055555555555555,0.055555555555555,0.0,0.0,0.0,0.0,0.0,0.0,0.0,0.0,2.358784885499993
K,K0-1Na2NiO2,Na2NiO2,KNa2NiO2,mp-aaabshmq,8.0,28.0,20.0,14.166666666666666,7.197607627229728,10.0,101.0,91.0,50.16666666666666,41.09507945673734,15.9994,58.6934,42.694,29.295006426666664,15.239359353521698,54.8,1728.0,1673.2,485.9783333333333,572.0259306306742,1.0,16.0,15.0,7.5,6.800735254367722,2.0,4.0,2.0,3.0,0.816496580927726,0.6,2.2,1.6,1.3916666666666666,0.6112941645031102,0.82,3.44,2.62,1.9116666666666664,1.1394942835408266,90.2,3186.0,3095.8,1118.4,1032.7675375740016,856.0,8908.0,8052.0,2925.0,3454.589266468591,6.59,45.94,39.35,22.46833333333333,11.96294057588778,0.02658,140.0,139.97342,78.50886,58.451054769489545,1.0,4.0,3.0,1.833333333333333,1.0671873729054748,-2.0,-1.0,1.0,-1.3333333333333333,0.4714045207910317,1.34e-05,7.1e-05,5.76e-05,5.1800000000000005e-05,2.7152900397563427e-05,3.1,180.0,176.9,48.925,75.68746180841315,10.0,200.0,190.0,73.33333333333333,89.56685895029601,0.363,700.0,699.637,175.43575,302.85734036702416,1.3,76.0,74.7,20.975,31.779189338307543,0.4,4.0,3.6,1.35,1.5305227865013968,638.0,638.0,0.0,638.0,0.0,4.77e-08,7.2e-08,2.43e-08,5.9175e-08,1.1514637423731591e-08,8.0,28.0,20.0,13.2,7.520638270785266,11.0,101.0,90.0,58.2,40.489010854798615,15.9994,58.6934,42.694,27.334347712000003,15.988139123566976,54.8,1728.0,1673.2,515.868,622.3311380093398,1.0,16.0,15.0,8.8,6.734983296193095,2.0,4.0,2.0,2.8,0.7483314773547883,0.6,1.8,1.2000000000000002,1.23,0.54,0.93,3.44,2.51,2.13,1.1278829726527482,90.2,3186.0,3095.8,1135.68,1130.548076642475,968.0,8908.0,7940.0,3614.666666666666,3742.951895080792,6.59,23.78,17.19,17.774,6.285995863823012,0.02658,140.0,139.97342,74.210632,63.15839121414617,1.0,4.0,3.0,2.0,1.0954451150103324,-2.0,-1.0,1.0,-1.4,0.4898979485566356,1.34e-05,7.1e-05,5.76e-05,5.1800000000000005e-05,2.7152900397563427e-05,6.3,180.0,173.7,64.2,81.8829652614022,10.0,200.0,190.0,73.33333333333333,89.56685895029601,0.69,700.0,699.31,233.7933333333333,329.6578954343764,3.3,76.0,72.7,27.53333333333333,34.271108661508,0.5,4.0,3.5,1.6666666666666663,1.6499158227686108,638.0,638.0,0.0,638.0,0.0,4.77e-08,6.93e-08,2.1600000000000008e-08,5.49e-08,1.0182337649086289e-08,39.0983,2.2,0.82,4.34066373,1.52,0.0,0.166666666666666,0.166666666666666,0.0,0.0,0.0,0.0,0.0,0.0,0.0,0.0,0.561743727999999
K,K0-1NdNb4O12,NdNb4O12,KNdNb4O12,mp-aaacrktt,8.0,60.0,52.0,18.83333333333333,16.78044496827582,10.0,101.0,91.0,81.33333333333333,29.416548630546945,15.9994,144.242,128.24259999999998,41.49770111111111,40.093998896274,54.8,2750.0,2695.2,738.396111111111,1112.239463041115,1.0,16.0,15.0,12.0,5.725188012439222,2.0,6.0,4.0,3.0,1.4529663145135578,0.6,2.2,1.6,0.9472222222222222,0.5186714390906781,0.82,3.44,2.62,2.757777777777777,0.9809040929194724,90.2,5017.0,4926.8,1419.7444444444443,2067.4568960231263,856.0,8570.0,7714.0,6989.333333333333,2818.026890495468,10.83,45.94,35.11,17.676111111111112,7.43869099811466,0.02658,100.0,99.97342,18.51772,29.609215256576984,1.0,5.0,4.0,2.666666666666667,1.2909944487358056,-2.0,2.0,4.0,-1.5,0.957427107756338,7.3e-06,9.6e-06,2.299999999999999e-06,7.76e-06,9.199999999999996e-07,3.1,170.0,166.9,119.18333333333332,72.34824155123299,41.0,105.0,64.0,92.2,25.6,0.363,736.0,735.637,534.8938333333333,294.48844180511657,1.3,38.0,36.7,28.216666666666665,14.471859667030431,0.4,6.0,5.6,4.88,2.24,343.0,1320.0,977.0,1124.6,390.8,7.2e-08,6.43e-07,5.71e-07,2.205e-07,1.9119252949143525e-07,8.0,60.0,52.0,18.823529411764707,17.266885321902244,30.0,101.0,71.0,85.52941176470588,24.48076711374684,15.9994,144.242,128.24259999999998,41.638842352941175,41.25203857690308,54.8,2750.0,2695.2,762.0352941176469,1140.0821193029583,3.0,16.0,13.0,12.647058823529411,5.212441862794288,2.0,6.0,4.0,2.9411764705882355,1.4741134218990195,0.6,1.85,1.25,0.8735294117647059,0.4325429754435232,1.14,3.44,2.3,2.8717647058823528,0.8859440647203122,90.2,5017.0,4926.8,1442.5529411764708,2125.193620000622,6800.0,8570.0,1770.0,8216.0,708.0,10.83,20.59,9.76,16.013529411764708,2.972182682170423,0.02658,54.0,53.97342,13.724644705882351,22.688152711480505,2.0,5.0,3.0,2.764705882352941,1.2616241523251304,-2.0,2.0,4.0,-1.5294117647058825,0.9772498662256558,7.3e-06,9.6e-06,2.299999999999999e-06,7.76e-06,9.199999999999996e-07,32.0,170.0,138.0,142.4,55.2,41.0,105.0,64.0,92.2,25.6,265.0,736.0,471.0,641.8,188.4,16.0,38.0,22.0,33.6,8.8,6.0,6.0,0.0,6.0,0.0,343.0,1320.0,977.0,1124.6,390.8,1.52e-07,6.43e-07,4.91e-07,2.502e-07,1.964e-07,39.0983,2.2,0.82,4.34066373,1.52,0.0,0.055555555555555,0.055555555555555,0.0,0.0,0.0,0.0,0.0,0.0,0.0,0.0,3.7673896230000072
K,K0-1NbO3,NbO3,KNbO3,mp-aaacrlgz,8.0,41.0,33.0,16.8,12.82809416865966,10.0,101.0,91.0,73.19999999999999,36.66278767360715,15.9994,92.90638,76.90698,36.000576,29.826188315021145,54.8,2750.0,2695.2,650.186,1055.561688194489,1.0,16.0,15.0,10.8,6.49307323229917,2.0,5.0,3.0,3.0,1.2649110640673518,0.6,2.2,1.6,1.09,0.6452906321960672,0.82,3.44,2.62,2.548,1.119971428206988,90.2,5017.0,4926.8,1263.92,1911.661700615462,856.0,8570.0,7714.0,4713.0,3857.0,10.83,45.94,35.11,21.77,12.346795535684551,0.02658,100.0,99.97342,30.815948,40.41754288374215,1.0,5.0,4.0,2.4,1.3564659966250536,-2.0,-1.0,1.0,-1.6,0.4898979485566356,7.3e-06,7.3e-06,0.0,7.3e-06,0.0,3.1,170.0,166.9,86.55,83.45,105.0,105.0,0.0,105.0,0.0,0.363,736.0,735.637,368.1815,367.8185,1.3,38.0,36.7,19.65,18.35,0.4,6.0,5.6,3.2,2.8,1320.0,1320.0,0.0,1320.0,0.0,7.2e-08,1.52e-07,8.000000000000001e-08,1.12e-07,4.0000000000000014e-08,8.0,41.0,33.0,16.25,14.289419162443238,53.0,101.0,48.0,89.0,20.784609690826528,15.9994,92.90638,76.90698,35.226145,33.30169920417087,54.8,2750.0,2695.2,728.6,1167.0558341399096,5.0,16.0,11.0,13.25,4.763139720814412,2.0,5.0,3.0,2.75,1.299038105676658,0.6,1.45,0.85,0.8125,0.3680607966083864,1.6,3.44,1.84,2.98,0.7967433714816834,90.2,5017.0,4926.8,1321.9,2133.366979682586,8570.0,8570.0,0.0,8570.0,0.0,10.83,17.36,6.529999999999999,15.7275,2.827572943356192,0.02658,54.0,53.97342,13.519935,23.371176424563547,2.0,5.0,3.0,2.75,1.299038105676658,-2.0,-1.0,1.0,-1.75,0.4330127018922193,7.3e-06,7.3e-06,0.0,7.3e-06,0.0,170.0,170.0,0.0,170.0,0.0,105.0,105.0,0.0,105.0,0.0,736.0,736.0,0.0,736.0,0.0,38.0,38.0,0.0,38.0,0.0,6.0,6.0,0.0,6.0,0.0,1320.0,1320.0,0.0,1320.0,0.0,1.52e-07,1.52e-07,0.0,1.52e-07,0.0,39.0983,2.2,0.82,4.34066373,1.52,0.0,0.2,0.2,0.0,0.0,0.0,0.0,0.0,0.0,0.0,0.0,4.416351943000002
K,K0-1PrNb4O12,PrNb4O12,KPrNb4O12,mp-aaacrkjq,8.0,59.0,51.0,18.77777777777777,16.645171323692097,10.0,101.0,91.0,81.38888888888889,29.320335925180533,15.9994,140.90765,124.90825,41.31245944444444,39.62381913997248,54.8,2750.0,2695.2,733.4516666666666,1109.9406557922614,1.0,16.0,15.0,12.0,5.725188012439222,2.0,6.0,4.0,3.0,1.4529663145135578,0.6,2.2,1.6,0.9472222222222222,0.5186714390906781,0.82,3.44,2.62,2.757222222222222,0.9818225997011631,90.2,5017.0,4926.8,1430.3000000000002,2077.861291755968,856.0,8570.0,7714.0,6962.666666666666,2820.4483489135,10.83,45.94,35.11,17.687777777777775,7.443415102965958,0.02658,100.0,99.97342,18.29549777777778,29.63477140970338,1.0,5.0,4.0,2.7222222222222223,1.3252067157640626,-2.0,2.0,4.0,-1.5,0.957427107756338,6.7e-06,7.3e-06,6.000000000000002e-07,7.18e-06,2.400000000000001e-07,3.1,170.0,166.9,118.68333333333332,72.95684607279078,37.0,105.0,68.0,91.4,27.2,0.363,736.0,735.637,570.8938333333333,271.608332635075,1.3,38.0,36.7,28.05,14.61662865825541,0.4,6.0,5.6,4.88,2.24,400.0,1320.0,920.0,1136.0,368.0,7.2e-08,7e-07,6.28e-07,2.3e-07,2.1221058723196006e-07,8.0,59.0,51.0,18.764705882352946,17.127650200307194,31.0,101.0,70.0,85.58823529411765,24.348109779344053,15.9994,140.90765,124.90825,41.442704117647054,40.76882884649511,54.8,2750.0,2695.2,756.7999999999998,1137.81561620088,3.0,16.0,13.0,12.647058823529411,5.212441862794288,2.0,6.0,4.0,2.9411764705882355,1.4741134218990195,0.6,1.85,1.25,0.8735294117647059,0.4325429754435232,1.13,3.44,2.31,2.871176470588235,0.8870962700787007,90.2,5017.0,4926.8,1453.729411764706,2135.7897152946675,6640.0,8570.0,1930.0,8183.999999999999,772.0,10.83,20.8,9.97,16.025882352941178,2.9915509627331702,0.02658,54.0,53.97342,13.489350588235292,22.673701571213044,2.0,5.0,3.0,2.823529411764706,1.2941176470588236,-2.0,2.0,4.0,-1.5294117647058825,0.9772498662256558,6.7e-06,7.3e-06,6.000000000000002e-07,7.18e-06,2.400000000000001e-07,29.0,170.0,141.0,141.8,56.4,37.0,105.0,68.0,91.4,27.2,481.0,736.0,255.0,685.0,102.0,15.0,38.0,23.0,33.4,9.2,6.0,6.0,0.0,6.0,0.0,400.0,1320.0,920.0,1136.0,368.0,1.52e-07,7e-07,5.48e-07,2.616e-07,2.1920000000000003e-07,39.0983,2.2,0.82,4.34066373,1.52,0.0,0.055555555555555,0.055555555555555,0.0,0.0,0.0,0.0,0.0,0.0,0.0,0.0,3.8085322429999953
K,K0-1NbS2,NbS2,KNbS2,mp-aaaaaovx,16.0,41.0,25.0,23.0,10.464224768228174,10.0,94.0,84.0,62.75,34.751798514609284,32.065,92.90638,60.84138,49.03367,25.49214478480969,336.53,2750.0,2413.4700000000003,965.8125,1030.3184312962426,1.0,16.0,15.0,9.5,6.652067347825035,3.0,5.0,2.0,3.75,0.82915619758885,1.0,2.2,1.2000000000000002,1.4125,0.4903761311483258,0.82,2.58,1.7600000000000002,1.895,0.7384273830242213,717.87,5017.0,4299.13,1871.185,1820.759076381332,856.0,8570.0,7714.0,3336.5,3054.99210309945,10.83,45.94,35.11,21.9575,13.978618270415714,0.205,100.0,99.795,38.6025,41.69973628513734,1.0,6.0,5.0,4.5,2.0615528128088303,-2.0,-1.0,1.0,-1.5,0.5,7.3e-06,7.3e-06,0.0,7.3e-06,0.0,3.1,170.0,166.9,47.125,70.96676598944045,105.0,105.0,0.0,105.0,0.0,0.363,736.0,735.637,368.1815,367.8185,1.3,38.0,36.7,19.65,18.35,0.4,6.0,5.6,2.6,2.06881608655772,1320.0,1320.0,0.0,1320.0,0.0,7.2e-08,2000000000000000.0,2000000000000000.0,1000000000000000.0,1000000000000000.0,16.0,41.0,25.0,24.33333333333333,11.785113019775793,53.0,94.0,41.0,80.33333333333333,19.327585352432298,32.065,92.90638,60.84138,52.34546,28.68090158316506,388.36,2750.0,2361.64,1175.5733333333333,1113.287772480932,5.0,16.0,11.0,12.333333333333332,5.185449728701348,3.0,5.0,2.0,3.6666666666666665,0.9428090415820634,1.0,1.45,0.4499999999999999,1.15,0.2121320343559642,1.6,2.58,0.98,2.2533333333333334,0.461976430375211,717.87,5017.0,4299.13,2150.9133333333334,2026.629317468348,1960.0,8570.0,6610.0,4163.333333333333,3115.983882428719,10.83,15.53,4.699999999999999,13.963333333333331,2.2156012477178484,0.205,54.0,53.795,18.136666666666667,25.359206195953547,5.0,6.0,1.0,5.666666666666666,0.4714045207910317,-2.0,-1.0,1.0,-1.6666666666666663,0.4714045207910317,7.3e-06,7.3e-06,0.0,7.3e-06,0.0,7.7,170.0,162.3,61.8,76.50895372438444,105.0,105.0,0.0,105.0,0.0,736.0,736.0,0.0,736.0,0.0,38.0,38.0,0.0,38.0,0.0,2.0,6.0,4.0,3.333333333333333,1.8856180831641267,1320.0,1320.0,0.0,1320.0,0.0,1.52e-07,2000000000000000.0,2000000000000000.0,1333333333333333.2,942809041582063.4,39.0983,2.2,0.82,4.34066373,1.52,0.0,0.25,0.25,0.0,0.0,0.0,0.0,0.0,0.0,0.0,0.0,1.610381223000001
K,K0-0.5Nb3S4,Nb3S4,K(Nb3S4)2,mp-aaaaasrr,16.0,41.0,25.0,26.200000000000003,12.106196760337244,10.0,94.0,84.0,72.0,25.667099563448925,32.065,92.90638,60.84138,56.87043866666666,29.472995118729703,336.53,2750.0,2413.4700000000003,1329.5606666666667,1159.85248666927,1.0,16.0,15.0,10.6,5.851495535331118,3.0,5.0,2.0,3.8666666666666663,0.9568466729604884,1.0,2.2,1.2000000000000002,1.2599999999999998,0.3307567081708246,0.82,2.58,1.7600000000000002,2.070666666666667,0.5755399397280976,717.87,5017.0,4299.13,2458.4640000000004,2090.4350122364485,856.0,8570.0,7714.0,4530.4,3309.2504045478336,10.83,45.94,35.11,15.677333333333332,8.394373088894461,0.205,100.0,99.795,28.376,32.06075020956309,1.0,6.0,5.0,5.266666666666668,1.2364824660660938,-2.0,-1.0,1.0,-1.5333333333333332,0.4988876515698588,7.3e-06,7.3e-06,0.0,7.3e-06,0.0,3.1,170.0,166.9,72.31333333333333,79.76868948542543,105.0,105.0,0.0,105.0,0.0,0.363,736.0,735.637,630.909,257.4193265588269,1.3,38.0,36.7,32.75714285714286,12.84232479430609,0.4,6.0,5.6,3.493333333333334,2.0834159983599587,1320.0,1320.0,0.0,1320.0,0.0,7.2e-08,2000000000000000.0,2000000000000000.0,1066666666666666.6,997775303139717.8,16.0,41.0,25.0,26.71428571428571,12.371791482634835,53.0,94.0,41.0,76.42857142857142,20.289738031521136,32.065,92.90638,60.84138,58.139877142857145,30.108674675029985,388.36,2750.0,2361.64,1400.4914285714283,1168.7087054819897,5.0,16.0,11.0,11.285714285714285,5.443588252359328,3.0,5.0,2.0,3.8571428571428568,0.989743318610787,1.0,1.45,0.4499999999999999,1.1928571428571426,0.222692246687427,1.6,2.58,0.98,2.16,0.4849742261192856,717.87,5017.0,4299.13,2560.3542857142857,2127.5175966695965,1960.0,8570.0,6610.0,4792.857142857143,3271.101668008651,10.83,15.53,4.699999999999999,13.515714285714283,2.325896798735349,0.205,54.0,53.795,23.26,26.621620912333643,5.0,6.0,1.0,5.571428571428571,0.4948716593053935,-2.0,-1.0,1.0,-1.5714285714285714,0.4948716593053935,7.3e-06,7.3e-06,0.0,7.3e-06,0.0,7.7,170.0,162.3,77.25714285714285,80.31767030526537,105.0,105.0,0.0,105.0,0.0,736.0,736.0,0.0,736.0,0.0,38.0,38.0,0.0,38.0,0.0,2.0,6.0,4.0,3.714285714285714,1.979486637221574,1320.0,1320.0,0.0,1320.0,0.0,1.52e-07,2000000000000000.0,2000000000000000.0,1142857142857142.8,989743318610787.0,39.0983,2.2,0.82,4.34066373,1.52,0.0,0.066666666666666,0.066666666666666,0.0,0.0,0.0,0.0,0.0,0.0,0.0,0.0,1.573798852999992
K,K0-1NbSe2,NbSe2,KNbSe2,mp-aaaaadgx,19.0,41.0,22.0,32.0,8.031189202104505,10.0,93.0,83.0,62.25,34.30287888793009,39.0983,92.90638,53.80808,72.48116999999999,20.09698789196281,336.53,2750.0,2413.4700000000003,1018.6325,1001.6705746745034,1.0,16.0,15.0,9.5,6.652067347825035,4.0,5.0,1.0,4.25,0.4330127018922193,1.15,2.2,1.0500000000000005,1.4875,0.429207117834735,0.82,2.55,1.73,1.88,0.724534333209959,958.0,5017.0,4059.0,1991.25,1747.1787794899524,856.0,8570.0,7714.0,4766.0,2727.825782560169,10.83,45.94,35.11,22.4025,13.779670487714862,0.52,100.0,99.48,38.76,41.55475424064014,1.0,6.0,5.0,4.5,2.0615528128088303,-2.0,-1.0,1.0,-1.5,0.5,7.3e-06,7.3e-06,0.0,7.3e-06,0.0,3.1,170.0,166.9,47.425,70.80054290046087,10.0,105.0,95.0,41.66666666666666,44.783429475148,0.363,736.0,735.637,552.0907500000001,318.5401649818865,1.3,38.0,36.7,11.675,15.230294645869463,0.4,6.0,5.6,2.6,2.06881608655772,1320.0,1320.0,0.0,1320.0,0.0,7.2e-08,1.52e-07,8.000000000000001e-08,1.12e-07,4.0000000000000014e-08,34.0,41.0,7.0,36.33333333333333,3.2998316455372216,53.0,93.0,40.0,79.66666666666666,18.856180831641268,78.96,92.90638,13.946380000000005,83.60879333333332,6.57438658066963,494.0,2750.0,2256.0,1246.0,1063.4885989045674,5.0,16.0,11.0,12.333333333333332,5.185449728701348,4.0,5.0,1.0,4.333333333333333,0.4714045207910317,1.15,1.45,0.3,1.25,0.1414213562373095,1.6,2.55,0.9499999999999996,2.233333333333333,0.4478342947514799,958.0,5017.0,4059.0,2311.0,1913.4309498907976,4819.0,8570.0,3751.0,6069.333333333333,1768.2383574871596,10.83,16.42,5.590000000000002,14.556666666666668,2.635151271221868,0.52,54.0,53.48,18.346666666666668,25.210713771904373,5.0,6.0,1.0,5.666666666666666,0.4714045207910317,-2.0,-1.0,1.0,-1.6666666666666663,0.4714045207910317,7.3e-06,7.3e-06,0.0,7.3e-06,0.0,8.3,170.0,161.7,62.2,76.22611101190982,10.0,105.0,95.0,41.66666666666666,44.783429475148,736.0,736.0,0.0,736.0,0.0,3.7,38.0,34.3,15.133333333333333,16.16917506313239,2.0,6.0,4.0,3.333333333333333,1.8856180831641267,1320.0,1320.0,0.0,1320.0,0.0,1.52e-07,1.52e-07,0.0,1.52e-07,0.0,39.0983,2.2,0.82,4.34066373,1.52,0.0,0.25,0.25,0.0,0.0,0.0,0.0,0.0,0.0,0.0,0.0,1.414737938000002
K,K0-0.5Nb3Se4,Nb3Se4,K(Nb3Se4)2,mp-aaaaaavp,19.0,41.0,22.0,35.8,5.6,10.0,93.0,83.0,71.46666666666667,25.21075608192309,39.0983,92.90638,53.80808,81.88110533333332,13.236241591403438,336.53,2750.0,2413.4700000000003,1385.902,1114.4408205265993,1.0,16.0,15.0,10.6,5.851495535331118,4.0,5.0,1.0,4.4,0.4898979485566356,1.15,2.2,1.0500000000000005,1.34,0.2709243436828814,0.82,2.55,1.73,2.054666666666667,0.5614014210487496,958.0,5017.0,4059.0,2586.5333333333338,1984.549482600242,856.0,8570.0,7714.0,6055.2,2268.6636066195447,10.83,45.94,35.11,16.152,8.397783993411595,0.52,100.0,99.48,28.544000000000004,31.913178218410025,1.0,6.0,5.0,5.266666666666668,1.2364824660660938,-2.0,-1.0,1.0,-1.5333333333333332,0.4988876515698588,7.3e-06,7.3e-06,0.0,7.3e-06,0.0,3.1,170.0,166.9,72.63333333333333,79.5096276490394,10.0,105.0,95.0,50.71428571428572,47.01280763401238,0.363,736.0,735.637,686.9575333333333,183.5001076689481,1.3,38.0,36.7,17.26,16.94421435180752,0.4,6.0,5.6,3.493333333333334,2.0834159983599587,1320.0,1320.0,0.0,1320.0,0.0,7.2e-08,1.52e-07,8.000000000000001e-08,1.4057142857142858e-07,2.799416848895061e-08,34.0,41.0,7.0,37.0,3.4641016151377544,53.0,93.0,40.0,75.85714285714285,19.79486637221574,78.96,92.90638,13.946380000000005,84.93701999999999,6.901668211903556,494.0,2750.0,2256.0,1460.857142857143,1116.4304633929678,5.0,16.0,11.0,11.285714285714285,5.443588252359328,4.0,5.0,1.0,4.428571428571429,0.4948716593053935,1.15,1.45,0.3,1.2785714285714285,0.148461497791618,1.6,2.55,0.9499999999999996,2.1428571428571423,0.4701280763401237,958.0,5017.0,4059.0,2697.5714285714284,2008.684065120592,4819.0,8570.0,3751.0,6426.571428571428,1856.263594054531,10.83,16.42,5.590000000000002,14.024285714285714,2.7663325755171506,0.52,54.0,53.48,23.44,26.465736339652445,5.0,6.0,1.0,5.571428571428571,0.4948716593053935,-2.0,-1.0,1.0,-1.5714285714285714,0.4948716593053935,7.3e-06,7.3e-06,0.0,7.3e-06,0.0,8.3,170.0,161.7,77.6,80.02074730968214,10.0,105.0,95.0,50.71428571428572,47.01280763401238,736.0,736.0,0.0,736.0,0.0,3.7,38.0,34.3,18.4,16.974097914174997,2.0,6.0,4.0,3.714285714285714,1.979486637221574,1320.0,1320.0,0.0,1320.0,0.0,1.52e-07,1.52e-07,0.0,1.52e-07,0.0,39.0983,2.2,0.82,4.34066373,1.52,0.0,0.066666666666666,0.066666666666666,0.0,0.0,0.0,0.0,0.0,0.0,0.0,0.0,1.352614393000003
K,K0-1Ni4(PO4)3,Ni4(PO4)3,KNi4(PO4)3,mp-aaabsgsl,8.0,28.0,20.0,13.6,7.876547467006087,10.0,101.0,91.0,88.0,22.235107375499677,15.9994,58.6934,42.694,27.9392993,16.801994481680325,54.8,1728.0,1673.2,442.90150000000006,650.8466799813533,1.0,16.0,15.0,13.9,3.7669616403674726,2.0,4.0,2.0,2.65,0.852936105461599,0.6,2.2,1.6,0.89,0.4247352116319061,0.82,3.44,2.62,2.8155,0.809799203506647,90.2,3186.0,3095.8,825.4200000000001,1205.1177733317188,856.0,8908.0,8052.0,5244.625,3675.3205281138407,6.59,45.94,39.35,16.584,7.965837306900009,0.02658,100.0,99.97342,23.251348,40.19432291357494,1.0,5.0,4.0,2.8,1.2489995996796797,-3.0,-1.0,2.0,-1.9,0.6244997998398398,1.34e-05,1.34e-05,0.0,1.34e-05,0.0,3.1,180.0,176.9,94.5125,85.52171416517561,200.0,200.0,0.0,200.0,0.0,0.363,700.0,699.637,560.0726,279.85479999999995,1.3,76.0,74.7,61.06,29.880000000000003,0.4,4.0,3.6,3.28,1.44,638.0,638.0,0.0,638.0,0.0,6.93e-08,1e-07,3.069999999999999e-08,8.115e-08,1.4626089702993069e-08,8.0,28.0,20.0,13.31578947368421,7.980585861484154,67.0,101.0,34.0,92.10526315789473,13.54095051021979,15.9994,58.6934,42.694,27.351983473684207,17.037208841252728,54.8,1728.0,1673.2,448.5,667.2850570546451,10.0,16.0,6.0,14.578947368421051,2.391119303494852,2.0,4.0,2.0,2.578947368421052,0.8153649149910351,0.6,1.35,0.7500000000000001,0.8210526315789473,0.3079284731854753,1.91,3.44,1.53,2.9205263157894734,0.6853310662447097,90.2,3186.0,3095.8,814.5473684210526,1235.4682808633293,1823.0,8908.0,7085.0,5871.571428571428,3506.165706178713,6.59,17.36,10.77,15.038947368421052,4.364690734491532,0.02658,91.0,90.97342,19.211945263157894,37.07126677861942,2.0,5.0,3.0,2.894736842105263,1.2093816097974797,-3.0,-1.0,2.0,-1.9473684210526316,0.6046908048987398,1.34e-05,1.34e-05,0.0,1.34e-05,0.0,11.0,180.0,169.0,107.57142857142856,83.6333104226115,200.0,200.0,0.0,200.0,0.0,700.0,700.0,0.0,700.0,0.0,76.0,76.0,0.0,76.0,0.0,4.0,4.0,0.0,4.0,0.0,638.0,638.0,0.0,638.0,0.0,6.93e-08,1e-07,3.069999999999999e-08,8.245714285714286e-08,1.5192559940675577e-08,39.0983,2.2,0.82,4.34066373,1.52,0.0,0.05,0.05,0.0,0.0,0.0,0.0,0.0,0.0,0.0,0.0,5.040241227999978
K,K0-1Ni3P3O11,Ni3P3O11,KNi3P3O11,mp-aaabhhzc,8.0,28.0,20.0,13.11111111111111,7.44527358566709,10.0,101.0,91.0,88.44444444444446,22.6990509400778,15.9994,58.6934,42.694,26.89406588888889,15.878180756031542,54.8,1728.0,1673.2,393.0683333333333,606.6862124529908,1.0,16.0,15.0,14.0,3.829708431025352,2.0,4.0,2.0,2.611111111111111,0.8258927081843614,0.6,2.2,1.6,0.8805555555555555,0.4288676592327783,0.82,3.44,2.62,2.831111111111112,0.8131276303323339,90.2,3186.0,3095.8,735.1222222222223,1125.1302189107591,856.0,8908.0,8052.0,4721.285714285715,3639.590703608844,6.59,45.94,39.35,17.096111111111114,8.041173310523567,0.02658,100.0,99.97342,20.777798888888885,38.78163237886689,1.0,5.0,4.0,2.7777777777777777,1.2717247935843996,-3.0,-1.0,2.0,-1.9444444444444449,0.6211299937499416,1.34e-05,1.34e-05,0.0,1.34e-05,0.0,3.1,180.0,176.9,82.3,84.65018774766118,200.0,200.0,0.0,200.0,0.0,0.363,700.0,699.637,525.09075,302.9517077137666,1.3,76.0,74.7,57.325,32.34604883134879,0.4,4.0,3.6,3.1,1.5588457268119895,638.0,638.0,0.0,638.0,0.0,6.93e-08,1e-07,3.069999999999999e-08,8.284285714285714e-08,1.4884781983417744e-08,8.0,28.0,20.0,12.764705882352942,7.518834482306307,67.0,101.0,34.0,93.05882352941175,12.739335046989162,15.9994,58.6934,42.694,26.17616976470588,16.052110969068636,54.8,1728.0,1673.2,396.3941176470588,624.1154808966123,10.0,16.0,6.0,14.764705882352942,2.236841569627241,2.0,4.0,2.0,2.5294117647058822,0.7759356446042894,0.6,1.35,0.7500000000000001,0.8029411764705883,0.2937939395098775,1.91,3.44,1.53,2.9494117647058826,0.6694463962922278,90.2,3186.0,3095.8,717.6588235294117,1155.376263163204,1823.0,8908.0,7085.0,5365.5,3542.5,6.59,17.36,10.77,15.39941176470588,4.079930031966718,0.02658,91.0,90.97342,16.117669411764705,34.663871101770305,2.0,5.0,3.0,2.882352941176471,1.2310852668503736,-3.0,-1.0,2.0,-2.0,0.5940885257860046,1.34e-05,1.34e-05,0.0,1.34e-05,0.0,11.0,180.0,169.0,95.5,84.5,200.0,200.0,0.0,200.0,0.0,700.0,700.0,0.0,700.0,0.0,76.0,76.0,0.0,76.0,0.0,4.0,4.0,0.0,4.0,0.0,638.0,638.0,0.0,638.0,0.0,6.93e-08,1e-07,3.069999999999999e-08,8.465000000000002e-08,1.5349999999999995e-08,39.0983,2.2,0.82,4.34066373,1.52,0.0,0.055555555555555,0.055555555555555,0.0,0.0,0.0,0.0,0.0,0.0,0.0,0.0,5.110093948000006
K,K0-2Ni4P4O15,Ni4P4O15,K2Ni4P4O15,mp-aaabhhru,8.0,28.0,20.0,13.2,7.3810568348983745,10.0,101.0,91.0,86.52,25.63453920007145,15.9994,58.6934,42.694,27.07424992,15.733845628942818,54.8,1728.0,1673.2,387.0504,595.7517381693821,1.0,16.0,15.0,13.68,4.305531326096699,2.0,4.0,2.0,2.64,0.8428523002282191,0.6,2.2,1.6,0.912,0.4722880476997063,0.82,3.44,2.62,2.7856,0.8633983090092313,90.2,3186.0,3095.8,734.4399999999999,1105.9732322258076,856.0,8908.0,8052.0,4463.599999999999,3645.975787083617,6.59,45.94,39.35,17.8688,9.146791489916012,0.02658,100.0,99.97342,22.613708000000003,40.16951015071725,1.0,5.0,4.0,2.72,1.2812493902437574,-3.0,-1.0,2.0,-1.92,0.6273754856543249,1.34e-05,1.34e-05,0.0,1.34e-05,0.0,3.1,180.0,176.9,77.02000000000001,84.13228631149875,200.0,200.0,0.0,200.0,0.0,0.363,700.0,699.637,466.7876666666667,329.81204471267506,1.3,76.0,74.7,51.1,35.21391770309007,0.4,4.0,3.6,2.8000000000000003,1.6970562748477145,638.0,638.0,0.0,638.0,0.0,6.93e-08,1e-07,3.069999999999999e-08,8.212e-08,1.4632211042764516e-08,8.0,28.0,20.0,12.695652173913045,7.485840446026407,67.0,101.0,34.0,93.17391304347828,12.682244260015633,15.9994,58.6934,42.694,26.02868034782609,15.981712285740704,54.8,1728.0,1673.2,391.4434782608696,620.9198938924246,10.0,16.0,6.0,14.782608695652174,2.2254754594903874,2.0,4.0,2.0,2.5217391304347827,0.7728864710709207,0.6,1.35,0.7500000000000001,0.8,0.2926639265660247,1.91,3.44,1.53,2.9565217391304346,0.6671588605269243,90.2,3186.0,3095.8,708.5652173913044,1149.422109095317,1823.0,8908.0,7085.0,5365.5,3542.5,6.59,17.36,10.77,15.427826086956522,4.057029279959648,0.02658,91.0,90.97342,15.884465217391304,34.46545843043953,2.0,5.0,3.0,2.869565217391304,1.22667269388399,-3.0,-1.0,2.0,-2.0,0.5897678246195885,1.34e-05,1.34e-05,0.0,1.34e-05,0.0,11.0,180.0,169.0,95.5,84.5,200.0,200.0,0.0,200.0,0.0,700.0,700.0,0.0,700.0,0.0,76.0,76.0,0.0,76.0,0.0,4.0,4.0,0.0,4.0,0.0,638.0,638.0,0.0,638.0,0.0,6.93e-08,1e-07,3.069999999999999e-08,8.465000000000002e-08,1.5349999999999995e-08,39.0983,2.2,0.82,4.34066373,1.52,0.0,0.08,0.08,0.0,0.0,0.0,0.0,0.0,0.0,0.0,0.0,2.943604127999997
K,K0-1Ni(PO3)3,Ni(PO3)3,KNi(PO3)3,mp-aaaabnsk,8.0,28.0,20.0,11.714285714285715,5.823947745897002,10.0,101.0,91.0,89.71428571428572,23.92974410772553,15.9994,58.6934,42.694,23.907684714285715,12.402355275799897,54.8,1728.0,1673.2,250.68785714285715,426.6547656591848,1.0,16.0,15.0,14.285714285714286,3.989782869648269,2.0,4.0,2.0,2.5,0.7319250547113999,0.6,2.2,1.6,0.8535714285714286,0.4393437824570566,0.82,3.44,2.62,2.875714285714286,0.8209290406581548,90.2,3186.0,3095.8,477.1285714285714,802.1943533909005,856.0,8908.0,8052.0,3046.6000000000004,2954.533100169974,6.59,45.94,39.35,18.559285714285718,8.075625110068405,0.02658,100.0,99.97342,13.710515714285714,33.43381315625603,1.0,5.0,4.0,2.7142857142857144,1.3324827218698307,-3.0,-1.0,2.0,-2.071428571428571,0.5933302759227196,1.34e-05,1.34e-05,0.0,1.34e-05,0.0,3.1,180.0,176.9,43.22,68.45840781087448,200.0,200.0,0.0,200.0,0.0,0.363,700.0,699.637,350.1815,349.81850000000003,1.3,76.0,74.7,38.65,37.35,0.4,4.0,3.6,2.2,1.8,638.0,638.0,0.0,638.0,0.0,6.93e-08,1e-07,3.069999999999999e-08,8.826000000000001e-08,1.4403832823245344e-08,8.0,28.0,20.0,11.153846153846152,5.668348746750935,67.0,101.0,34.0,95.84615384615384,9.501790550661442,15.9994,58.6934,42.694,22.73917584615385,12.105156777772748,54.8,1728.0,1673.2,244.0846153846154,442.0706815155482,10.0,16.0,6.0,15.307692307692308,1.5876744185038687,2.0,4.0,2.0,2.3846153846153846,0.6249260311258431,0.6,1.35,0.7500000000000001,0.75,0.2401922307076307,1.91,3.44,1.53,3.033846153846154,0.6129316496156743,90.2,3186.0,3095.8,434.4461538461538,817.0140462170626,1823.0,8908.0,7085.0,3594.25,3067.894992906374,6.59,17.36,10.77,16.45307692307692,2.8507364355289093,0.02658,91.0,90.97342,7.072863076923077,24.22783419810916,2.0,5.0,3.0,2.8461538461538463,1.2917581249035897,-3.0,-1.0,2.0,-2.1538461538461537,0.5329387100211931,1.34e-05,1.34e-05,0.0,1.34e-05,0.0,11.0,180.0,169.0,53.25,73.17914661978507,200.0,200.0,0.0,200.0,0.0,700.0,700.0,0.0,700.0,0.0,76.0,76.0,0.0,76.0,0.0,4.0,4.0,0.0,4.0,0.0,638.0,638.0,0.0,638.0,0.0,6.93e-08,1e-07,3.069999999999999e-08,9.2325e-08,1.329348994809113e-08,39.0983,2.2,0.82,4.34066373,1.52,0.0,0.071428571428571,0.071428571428571,0.0,0.0,0.0,0.0,0.0,0.0,0.0,0.0,5.766348457999989
K,K0-1Sn4(PO4)3,Sn4(PO4)3,KSn4(PO4)3,mp-aaaabnde,8.0,50.0,42.0,18.0,16.31563667161046,10.0,101.0,91.0,91.2,20.023985617254123,15.9994,118.71,102.7106,39.9426193,39.9615866386792,54.8,505.08,450.28,198.3175,185.0882762866141,1.0,16.0,15.0,14.7,3.241913015489465,2.0,5.0,3.0,2.85,1.194780314534852,0.6,2.2,1.6,0.91,0.4476605857119878,0.82,3.44,2.62,2.8255,0.7987895530113047,90.2,2875.0,2784.8,763.22,1083.5718968301087,856.0,7310.0,6454.0,4445.625,2879.636910163328,16.29,45.94,29.65,18.524,6.30335180677709,0.02658,100.0,99.97342,18.451348,32.51701916352014,1.0,5.0,4.0,2.8,1.2489995996796797,-4.0,-1.0,3.0,-2.5,0.8660254037844386,2.2e-05,2.2e-05,0.0,2.2e-05,0.0,3.1,58.0,54.9,33.5125,24.606677828386346,50.0,50.0,0.0,50.0,0.0,0.363,51.0,50.637,40.872600000000006,20.254800000000003,1.3,18.0,16.7,14.66,6.680000000000001,0.4,1.5,1.1,1.2800000000000002,0.44,628.0,970.0,0.0,706.0,0.0,7.2e-08,1.1e-07,3.8000000000000016e-08,1.015e-07,1.207269646764964e-08,8.0,50.0,42.0,17.94736842105263,16.737835124463963,83.0,101.0,18.0,95.4736842105263,7.534960070809803,15.9994,118.71,102.7106,39.98705715789473,40.99924116036645,54.8,505.08,450.28,191.04315789473685,187.0892413304588,14.0,16.0,2.0,15.421052631578949,0.8153649149910351,2.0,5.0,3.0,2.789473684210526,1.195559651747426,0.6,1.45,0.85,0.8421052631578947,0.3446062428393863,1.96,3.44,1.48,2.931052631578947,0.6699402544991142,90.2,2875.0,2784.8,749.0736842105263,1109.9197736973251,1823.0,7310.0,5487.0,4958.428571428571,2715.360794608694,16.29,17.36,1.0700000000000005,17.081052631578945,0.4259959814097844,0.02658,67.0,66.97342,14.159313684210526,27.28691459078127,2.0,5.0,3.0,2.894736842105263,1.2093816097974797,-4.0,-2.0,2.0,-2.578947368421052,0.8153649149910351,2.2e-05,2.2e-05,0.0,2.2e-05,0.0,11.0,58.0,47.0,37.85714285714285,23.258967987353497,50.0,50.0,0.0,50.0,0.0,51.0,51.0,0.0,51.0,0.0,18.0,18.0,0.0,18.0,0.0,1.5,1.5,0.0,1.5,0.0,628.0,970.0,0.0,716.75,0.0,1e-07,1.1e-07,1.000000000000001e-08,1.0571428571428572e-07,4.94871659305394e-09,39.0983,2.2,0.82,4.34066373,1.52,0.0,0.05,0.05,0.0,0.0,0.0,0.0,0.0,0.0,0.0,0.0,4.679911698000005
K,K1-2Ti2(PO4)3,KTi2(PO4)3,K2Ti2(PO4)3,mp-aaacrpul,8.0,22.0,14.0,11.736842105263158,5.209728806591293,10.0,101.0,91.0,84.42105263157893,29.649382330432744,15.9994,47.867,31.8676,24.149720315789477,11.490898160378682,54.8,1941.0,1886.2,324.45052631578943,566.5893572529884,1.0,16.0,15.0,13.0,5.477225575051661,2.0,4.0,2.0,2.578947368421052,0.8153649149910351,0.6,2.2,1.6,0.9157894736842104,0.5122326341303765,0.82,3.44,2.62,2.7668421052631578,0.9466453380870176,90.2,3560.0,3469.8,627.1789473684211,1051.5318467930224,856.0,4507.0,3651.0,2313.5714285714284,1443.8672136357432,10.64,45.94,35.3,19.60736842105263,9.257525440705985,0.02658,100.0,99.97342,12.896155789473683,30.614985767358466,1.0,5.0,4.0,2.5789473684210527,1.2697197980857704,-3.0,-1.0,2.0,-1.9473684210526316,0.6046908048987398,8.6e-06,8.6e-06,0.0,8.6e-06,0.0,3.1,110.0,106.9,37.02857142857143,46.26694945903498,116.0,116.0,0.0,116.0,0.0,0.363,716.0,715.637,358.1815,357.8185,1.3,44.0,42.7,22.65,21.35,0.4,6.0,5.6,3.2,2.8,970.0,970.0,0.0,970.0,0.0,7.2e-08,4.2e-07,3.48e-07,1.834285714285714e-07,1.500693717136532e-07,8.0,22.0,14.0,11.333333333333332,5.055250296034367,10.0,101.0,91.0,88.55555555555554,24.5588233119817,15.9994,47.867,31.8676,23.319243666666665,11.237090343963626,54.8,1941.0,1886.2,323.7794444444444,582.1078782844314,1.0,16.0,15.0,13.666666666666666,4.818944098266987,2.0,4.0,2.0,2.5,0.7637626158259734,0.6,2.2,1.6,0.8444444444444443,0.4245549594342844,0.82,3.44,2.62,2.875,0.8506810996685734,90.2,3560.0,3469.8,604.6888888888889,1075.889315294762,856.0,4507.0,3651.0,2556.5,1420.9543447978897,10.64,45.94,35.3,18.14444444444444,7.056925851185897,0.02658,100.0,99.97342,8.057053333333334,23.332959061838302,1.0,5.0,4.0,2.6666666666666665,1.2472191289246473,-3.0,-1.0,2.0,-2.0,0.5773502691896257,8.6e-06,8.6e-06,0.0,8.6e-06,0.0,3.1,110.0,106.9,42.68333333333333,47.681946851565904,116.0,116.0,0.0,116.0,0.0,0.363,716.0,715.637,477.4543333333333,337.35451704533153,1.3,44.0,42.7,29.766666666666666,20.12897303777705,0.4,6.0,5.6,4.133333333333334,2.6398653164297774,970.0,970.0,0.0,970.0,0.0,7.2e-08,4.2e-07,3.48e-07,2.02e-07,1.5446682491719705e-07,39.0983,2.2,0.82,4.34066373,1.52,0.055555555555555,0.105263157894736,0.049707602339181,0.0,0.0,0.0,0.0,0.0,0.0,0.0,0.0,2.045944167999999
K,K0-1V4P7O24,V4P7O24,KV4P7O24,mp-aaabcrzo,8.0,23.0,15.0,11.333333333333332,5.174724898753341,10.0,101.0,91.0,91.11111111111111,20.03022407621068,15.9994,50.9415,34.9421,23.435173166666665,11.781005426461071,54.8,2183.0,2128.2,350.1341666666666,656.9850070772585,1.0,16.0,15.0,14.166666666666666,4.065436972550156,2.0,4.0,2.0,2.4722222222222223,0.7259519080762211,0.6,2.2,1.6,0.8055555555555556,0.3499559055116361,0.82,3.44,2.62,2.923055555555555,0.7689452351704625,90.2,3680.0,3589.8,604.6333333333333,1110.3860204651553,856.0,6110.0,5254.0,3171.416666666666,2094.234842702434,8.32,45.94,37.62,17.083333333333332,5.631647676795446,0.02658,100.0,99.97342,6.285831111111111,18.5756610534732,1.0,5.0,4.0,2.888888888888889,1.4098419489388356,-3.0,-1.0,2.0,-2.055555555555556,0.5746711351549223,8.4e-06,8.4e-06,0.0,8.4e-06,0.0,3.1,160.0,156.9,60.00833333333332,70.73695943815761,128.0,128.0,0.0,128.0,0.0,0.363,628.0,627.637,502.4726,251.0548,1.3,47.0,45.7,37.85999999999999,18.28,0.4,7.0,6.6,5.68,2.64,628.0,628.0,0.0,628.0,0.0,7.2e-08,1.97e-07,1.2500000000000002e-07,1.2999999999999997e-07,4.79756882875761e-08,8.0,23.0,15.0,11.114285714285714,5.080896594507866,54.0,101.0,47.0,93.42857142857142,14.809814726893038,15.9994,50.9415,34.9421,22.98765525714286,11.642498660296056,54.8,2183.0,2128.2,350.5228571428572,666.3003274310271,5.0,16.0,11.0,14.542857142857144,3.450406660445835,2.0,4.0,2.0,2.428571428571429,0.6880911187881312,0.6,1.35,0.7500000000000001,0.7657142857142858,0.262344220054337,1.63,3.44,1.81,2.983142857142857,0.6915149886964393,90.2,3680.0,3589.8,592.4228571428571,1123.7513133850807,1823.0,6110.0,4287.0,3381.909090909091,2062.242885551618,8.32,17.36,9.04,16.258857142857142,2.854858286629074,0.02658,31.0,30.97342,3.6082834285714287,9.839740127785008,2.0,5.0,3.0,2.942857142857143,1.3926922979375933,-3.0,-1.0,2.0,-2.085714285714286,0.5540205551332947,8.4e-06,8.4e-06,0.0,8.4e-06,0.0,11.0,160.0,149.0,65.18181818181819,71.67580824520437,128.0,128.0,0.0,128.0,0.0,628.0,628.0,0.0,628.0,0.0,47.0,47.0,0.0,47.0,0.0,7.0,7.0,0.0,7.0,0.0,628.0,628.0,0.0,628.0,0.0,1e-07,1.97e-07,9.700000000000001e-08,1.3527272727272728e-07,4.6661432213320975e-08,39.0983,2.2,0.82,4.34066373,1.52,0.0,0.027777777777777,0.027777777777777,0.0,0.0,0.0,0.0,0.0,0.0,0.0,0.0,4.108179978000031
K,K0-1VPO5,VPO5,KVPO5,mp-aaabrwjs,8.0,23.0,15.0,12.125,5.688530126491377,10.0,101.0,91.0,82.375,31.296715083216004,15.9994,50.9415,34.9421,25.12632025,12.807886559304796,54.8,2183.0,2128.2,388.85375,687.8206542940081,1.0,16.0,15.0,12.625,5.655473012931809,2.0,4.0,2.0,2.625,0.8569568250501305,0.6,2.2,1.6,0.94375,0.5405075739524842,0.82,3.44,2.62,2.73,0.9791705673681168,90.2,3680.0,3589.8,714.125,1165.697649210549,856.0,6110.0,5254.0,2929.6666666666665,2283.223209023205,8.32,45.94,37.62,19.76,10.323357012135151,0.02658,100.0,99.97342,16.4211125,33.17347536545717,1.0,5.0,4.0,2.625,1.4086784586980805,-3.0,-1.0,2.0,-1.875,0.5994789404140899,8.4e-06,8.4e-06,0.0,8.4e-06,0.0,3.1,160.0,156.9,58.03333333333333,72.1734176980848,128.0,128.0,0.0,128.0,0.0,0.363,628.0,627.637,314.1815,313.81850000000003,1.3,47.0,45.7,24.15,22.85,0.4,7.0,6.6,3.7,3.3000000000000003,628.0,628.0,0.0,628.0,0.0,7.2e-08,1.97e-07,1.2500000000000002e-07,1.23e-07,5.35599352750418e-08,8.0,23.0,15.0,11.142857142857142,5.409741779646139,54.0,101.0,47.0,92.71428571428572,16.254355774150294,15.9994,50.9415,34.9421,23.130323142857144,12.47415279477468,54.8,2183.0,2128.2,396.3285714285714,735.0072044628166,5.0,16.0,11.0,14.285714285714285,3.806546455564065,2.0,4.0,2.0,2.428571428571429,0.7284313590846836,0.6,1.35,0.7500000000000001,0.7642857142857142,0.2760878298583956,1.63,3.44,1.81,3.0028571428571427,0.7072020177272906,90.2,3680.0,3589.8,668.7142857142857,1239.5464970574303,1823.0,6110.0,4287.0,3966.5,2143.5,8.32,17.36,9.04,16.02,3.1457000129428376,0.02658,31.0,30.97342,4.481271428571428,10.826466731159243,2.0,5.0,3.0,2.8571428571428568,1.3552618543578767,-3.0,-1.0,2.0,-2.0,0.5345224838248488,8.4e-06,8.4e-06,0.0,8.4e-06,0.0,11.0,160.0,149.0,85.5,74.5,128.0,128.0,0.0,128.0,0.0,628.0,628.0,0.0,628.0,0.0,47.0,47.0,0.0,47.0,0.0,7.0,7.0,0.0,7.0,0.0,628.0,628.0,0.0,628.0,0.0,1e-07,1.97e-07,9.700000000000001e-08,1.485e-07,4.85e-08,39.0983,2.2,0.82,4.34066373,1.52,0.0,0.125,0.125,0.0,0.0,0.0,0.0,0.0,0.0,0.0,0.0,3.376672039250003
K,K0-3V2(PO4)3,V2(PO4)3,K3V2(PO4)3,mp-aaaabmqa,8.0,23.0,15.0,12.2,5.509990925582365,10.0,101.0,91.0,81.0,32.88160580020386,15.9994,50.9415,34.9421,25.2045993,12.28934277599238,54.8,2183.0,2128.2,349.2545,623.2670197152662,1.0,16.0,15.0,12.5,5.809475019311125,2.0,4.0,2.0,2.65,0.852936105461599,0.6,2.2,1.6,0.975,0.5688804795385407,0.82,3.44,2.62,2.6785,1.0058641806924034,90.2,3680.0,3589.8,659.42,1062.7396142047214,856.0,6110.0,5254.0,2532.125,2107.6983558789907,8.32,45.94,37.62,20.692,10.936623610603045,0.02658,100.0,99.97342,18.151348,35.58984889095114,1.0,5.0,4.0,2.6,1.42828568570857,-3.0,-1.0,2.0,-1.9,0.6244997998398398,8.4e-06,8.4e-06,0.0,8.4e-06,0.0,3.1,160.0,156.9,45.2875,66.31757756243815,128.0,128.0,0.0,128.0,0.0,0.363,628.0,627.637,251.41780000000003,307.4780787382411,1.3,47.0,45.7,19.58,22.388336249038247,0.4,7.0,6.6,3.04,3.233326460473795,628.0,628.0,0.0,628.0,0.0,7.2e-08,1.97e-07,1.2500000000000002e-07,1.1375e-07,4.95700262255327e-08,8.0,23.0,15.0,11.0,5.1105427362290525,54.0,101.0,47.0,93.52941176470588,15.014180148657209,15.9994,50.9415,34.9421,22.75276976470588,11.730451078786835,54.8,2183.0,2128.2,351.5,676.0031369575665,5.0,16.0,11.0,14.529411764705884,3.4998764189749454,2.0,4.0,2.0,2.4117647058823533,0.6910200073218077,0.6,1.35,0.7500000000000001,0.7588235294117647,0.2630339354742514,1.63,3.44,1.81,3.006470588235294,0.6879033890484622,90.2,3680.0,3589.8,593.6705882352941,1140.1334141564855,1823.0,6110.0,4287.0,3537.8,2100.1925054622966,8.32,17.36,9.04,16.236470588235292,2.8935078267135537,0.02658,31.0,30.97342,3.7074682352941175,9.96613416641179,2.0,5.0,3.0,2.882352941176471,1.3669352986614411,-3.0,-1.0,2.0,-2.058823529411765,0.5391265523477459,8.4e-06,8.4e-06,0.0,8.4e-06,0.0,11.0,160.0,149.0,70.6,72.9947943349387,128.0,128.0,0.0,128.0,0.0,628.0,628.0,0.0,628.0,0.0,47.0,47.0,0.0,47.0,0.0,7.0,7.0,0.0,7.0,0.0,628.0,628.0,0.0,628.0,0.0,1e-07,1.97e-07,9.700000000000001e-08,1.388e-07,4.7520101009993666e-08,39.0983,2.2,0.82,4.34066373,1.52,0.0,0.15,0.15,0.0,0.0,0.0,0.0,0.0,0.0,0.0,0.0,3.132284159666665
K,K0-3P(W3O10)4,P(W3O10)4,K3P(W3O10)4,mp-aaabpmfr,8.0,74.0,66.0,22.857142857142858,26.833766422329965,10.0,101.0,91.0,86.07142857142857,26.006769134522006,15.9994,183.84,167.8406,53.47008325,68.30127526795665,54.8,3695.0,3640.2,854.6230357142856,1485.017726896262,1.0,16.0,15.0,13.035714285714286,4.971218181098234,2.0,6.0,4.0,2.9821428571428568,1.6419834633386388,0.6,2.2,1.6,0.8535714285714286,0.4429867321917883,0.82,3.44,2.62,3.0458928571428574,0.7001856304522657,90.2,5828.0,5737.8,1378.392857142857,2333.803903490818,856.0,19250.0,18394.0,14711.9375,7862.942582684535,9.47,45.94,36.47,17.194285714285712,7.554625086930629,0.02658,170.0,169.97342,41.80891428571428,70.57327832850716,1.0,6.0,5.0,2.8571428571428568,1.7053337694733317,-3.0,-1.0,2.0,-1.9642857142857144,0.2648642316819879,4.5e-06,4.5e-06,0.0,4.5e-06,0.0,3.1,310.0,306.9,233.76875,132.0474759260377,411.0,411.0,0.0,411.0,0.0,0.363,2570.0,2569.637,2056.0726,1027.8548,1.3,161.0,159.7,129.05999999999997,63.88,0.4,7.5,7.1,6.079999999999999,2.84,3430.0,3430.0,0.0,3430.0,0.0,5.28e-08,1e-07,4.719999999999999e-08,5.935e-08,1.2863028414801854e-08,8.0,74.0,66.0,23.07547169811321,27.566625334354416,55.0,101.0,46.0,90.37735849056604,19.19731350612936,15.9994,183.84,167.8406,54.28358041509434,70.11969237367617,54.8,3695.0,3640.2,883.9490566037736,1521.2005335437625,6.0,16.0,10.0,13.716981132075473,4.177104524331559,2.0,6.0,4.0,2.9245283018867925,1.6693582158939368,0.6,1.35,0.7500000000000001,0.7773584905660378,0.3145176057309078,2.19,3.44,1.25,3.1718867924528307,0.4708364960917705,90.2,5828.0,5737.8,1398.0,2397.449657527214,1823.0,19250.0,17427.0,17909.46153846154,4643.761449769665,9.47,17.36,7.889999999999999,15.567169811320756,3.29890226302257,0.02658,170.0,169.97342,38.51507924528302,71.13358195126561,2.0,6.0,4.0,2.9622641509433967,1.6930742848433629,-3.0,-2.0,1.0,-2.018867924528302,0.1360585386967543,4.5e-06,4.5e-06,0.0,4.5e-06,0.0,11.0,310.0,299.0,287.00000000000006,79.67433714816835,411.0,411.0,0.0,411.0,0.0,2570.0,2570.0,0.0,2570.0,0.0,161.0,161.0,0.0,161.0,0.0,7.5,7.5,0.0,7.5,0.0,3430.0,3430.0,0.0,3430.0,0.0,5.28e-08,1e-07,4.719999999999999e-08,5.643076923076924e-08,1.2577353556500152e-08,39.0983,2.2,0.82,4.34066373,1.52,0.0,0.053571428571428,0.053571428571428,0.0,0.0,0.0,0.0,0.0,0.0,0.0,0.0,5.784453109666669
