Working Ion,Battery Formula,Formula (Charged State),Formula (Discharged State),Electrode_data_material_id,PC1,PC2,PC3,PC4,PC5,PC6,PC7,PC8,PC9,PC10,PC11,PC12,PC13,PC14,PC15,PC16,PC17,PC18,PC19,PC20,PC21,PC22,PC23,PC24,PC25,PC26,PC27,PC28,PC29,PC30,PC31,PC32,PC33,PC34,PC35,PC36,PC37,PC38,PC39,PC40,PC41,PC42,PC43,PC44,PC45,PC46,PC47,PC48,PC49,PC50,PC51,PC52,PC53,PC54,PC55,PC56,PC57,PC58,PC59,PC60,PC61,PC62,PC63,PC64,PC65,PC66,PC67,PC68,PC69,PC70,PC71,PC72,PC73,PC74,PC75,PC76,PC77,PC78,PC79,PC80,Average Voltage (V)
Na,Na0-2AgAsF6,AgAsF6,Na2AgAsF6,mp-aaaaccyz,-1.976720222490736,1.382904408064985,2.9266936079553774,6.341412951991699,-1.9607587468844905,-0.1988595482367211,-2.1598145030999327,-6.8080319057371135,4.431978708905236,2.074227050475857,5.863754545096803,-1.8332857607377475,-3.668929600544321,1.8152519997941052,-3.834931013524892,3.624140545500636,1.303088063880201,1.8392297471319383,0.5733013451097136,1.4637080904721664,3.263950517978116,1.0069044810147538,-0.8404104772906802,-0.7570964779932197,1.2097752637939454,0.7015282727833304,-2.0053478287278854,-0.6994470408049813,-2.504529612040778,0.2127362475120844,0.3873363661390951,-0.1533139057510174,0.0351210180240926,1.619602973602376,-0.5517426777744571,0.3721853291707477,0.917030371421135,0.5286713010728268,-0.4939601558382344,0.0455980723773468,-2.03734829242604,0.5498712467899342,-0.5505103635105272,-0.0118614465026729,0.5222187869508979,-0.274234739586188,-0.0623809051609483,-1.038292797217305,-0.7888132425929999,1.2818334794701862,0.3364908970108183,-0.35870609723956,-0.8909502472162117,-0.8177248055816951,-0.6331924444603717,0.1295084500523179,-0.3248555032664849,0.4472356324674365,-0.0886007363982294,-0.8023468767191508,-0.1495408809553019,-0.4288967488360775,0.2290563516242042,-0.1420682929370669,1.3688840287424104,0.0238526929447229,-0.1133357292487004,-0.9784771078022872,0.9196740568774644,-0.4727744422266207,0.2395216237268418,-0.0856604029460377,-0.7452274228803799,0.6344703265187344,0.0160729228089111,0.155972601223393,-0.653153406465216,-0.1576943625123457,-0.1599418808499153,0.2683777539180207,2.364645136551722
Na,Na0-2TiAgF6,TiAgF6,Na2TiAgF6,mp-aaaaapzu,-0.1283322869438147,3.2671786675435235,2.9457098571958014,3.0957883642606814,1.5147067222171104,-1.7977366007453903,-2.114900436710296,-5.838563245539193,4.945604723051618,3.5597129982171887,2.3758837226532235,0.5045879325223059,-4.114289480639316,2.112373155040028,-3.624461606430907,4.351222654999761,0.724653855648119,1.585479251344829,-0.5388177948331779,1.730756675712937,0.0887890404044281,1.0441164361913675,-0.2603240104342876,0.0238356607012322,1.538184493868477,0.7936473745200235,0.1671499680619253,1.1741283316983588,0.5020850937452462,-0.130597731257878,0.9975129052024028,0.4909029791541237,0.4103374722168279,-0.7987451187147445,-1.7608235985969145,0.1375745629484766,-1.3418120695107654,-0.4653987533499503,-0.4628591937859296,-1.4395026300043097,-0.3513339137122611,0.3163790390842924,-0.7654608147508876,-0.5490006228351128,-0.2144804424273388,0.0113116980021848,1.0896879164415894,1.1192035189382803,-1.7154218534534764,-0.6253636668449186,-0.6595310576383475,-0.9753741526835328,-0.255848826179809,0.2315375984711794,-1.2399197404131963,-0.5430587207586752,-0.1841226265456656,-0.8443126419864645,-0.5764490911092877,-0.6411219453094097,-0.0494252664484842,0.2586098351966377,0.2786091227470762,-0.0849008567415386,0.8396611285916048,0.4391501674740383,0.0123395780162053,-0.3838212061038083,0.6356053390079243,-0.1482456299336586,0.3141919200443641,-0.4835614816087115,-0.4661684604610773,0.6059988923753035,0.1864422882879243,-0.1318656114260101,-0.7254157204912857,-0.060869802593684,-0.633629439670438,0.1693922024639013,2.412688231551723
Na,Na0-1Mn3Ag(PO4)3,Mn3Ag(PO4)3,NaMn3Ag(PO4)3,mp-aaacrnsr,-2.0740637847697223,1.3215282092986065,1.8463739862112567,3.02560487907028,-3.102458948488442,2.192305432529288,0.4806039151086758,-2.5236085796850665,1.8517135026754776,-1.3878794556145593,3.820181608876526,-3.395258915335712,-0.0366705330456222,-0.0116878148112987,-1.2622000382202367,0.9209151681439232,1.5325988370449968,1.4730039638841252,-1.951494503230072,2.7470326915353813,-2.3092272221664123,2.1005959691192166,-1.63802018036333,1.6080987008561072,1.118298448402686,-1.5878926925474726,-0.2630390639382193,0.6332111540094901,0.1206901881732846,-0.9077915640544804,-0.5268372578798475,0.5285976359530932,0.6893986673433896,0.2838434900672274,-1.0259822382370816,-0.3935848982472411,-1.720420249171738,0.1263560777646084,0.0055419066730242,-0.1834639917022729,0.3267922686864944,-0.1143361381354757,-0.5611432457069443,-0.9888938683083474,0.4713145038096316,-0.1104499238530632,1.278272078304095,-0.2514867453843007,-0.899688133819418,0.3343152725726673,-0.8691691747822021,-0.6804345469831713,-0.0599778779014309,-0.6145686683393251,-0.8273353888142833,-1.1395533206488004,0.4153070234477891,-0.6650641075490403,-0.6297656193868759,-0.8787758610988213,-0.1591376178528626,-0.8982075835956581,-0.337134591403765,0.1119198348682513,1.0362452542771103,0.1110086677409906,-0.3604758807656671,-0.3139189669918226,-0.3616815101959338,-0.4135278033923321,0.1156218232424134,-0.3239649890047653,-0.3348044581691778,-0.1188446456221225,-0.1319168019403068,-0.0276949006014901,-0.5187239145186672,-0.113839452194636,-0.5658950624700727,-0.140780301780351,4.169085676551706
Na,Na0-1AgO,AgO,NaAgO,mp-aaaaameg,-2.601469315860524,-6.408371182302398,5.999113476999551,5.165736778745984,1.4878153550037938,-1.3389918245543415,-3.1519660265018112,-8.720183641008823,8.457967183452674,2.461950638513552,3.28191665975431,-1.860875727180216,1.6043134281598843,1.452946913986877,2.2815826003832176,3.013153802185154,-0.7708794042555588,1.267012342299754,-0.3662797910672063,0.3244069534061655,2.0312913321275667,0.0964500876092113,-0.4849926783447367,1.360817374847283,0.9307663321618628,0.0824410029381937,-0.5736755146624617,0.2661831840522456,0.6721167481793705,-0.0766880511771296,-1.1101316409332755,0.3361929106536099,-0.7861968334964923,1.2437533192960235,-2.085511166735353,-0.7312632344330208,0.1142074039636351,-1.5774725836215573,1.0077939484661826,0.6351680508495113,-1.6676276381096753,1.5715128987221914,0.3239263841331758,-0.2161138456115546,-1.4745455583931988,-0.0085170467475193,0.6082828340209252,0.5766724695331505,0.4826491143304292,-0.1212613537491824,1.632872897921381,-0.8994182237887806,1.450887250201259,1.9050607071959007,-1.3804598453489978,-0.1166711329290585,-1.0035748334780763,-0.902212091699592,0.2327270050352954,-0.2272414877940068,-0.9763596236034464,0.6007837215866427,1.0162390154316563,-0.1331657240044067,1.0149474636523657,-0.181161112233971,-0.5798283543823338,-0.3621912328931249,0.2792314731159755,0.0818424627334803,0.5954601092407977,0.03167581874321,-0.5709210475162437,0.2351117617982251,-0.5627673963009486,0.3137063706525066,-0.7381347215131047,-0.6049276724988711,-0.1382697507599492,-0.4964765502176919,1.986622916551724
Na,Na2-3BiBAsO7,Na2BiBAsO7,Na3BiBAsO7,mp-aaacoygu,5.187954634603504,5.33925067369927,11.198290177011112,-3.288551132904388,-2.1474559391973584,2.6360451765482966,-4.820635133431884,14.254786442716863,11.811398288825607,-1.3029736146097275,4.409660281801237,-1.251975613867219,-4.876550221136609,-7.637913889940915,2.9290935553183624,10.028558547796871,-0.728383702522831,0.7985092840160596,0.1578776378890925,0.6330007412366212,0.3214266442506633,-1.069878374825412,2.4828285878721115,-0.260740578984412,1.3389646963212356,-1.785063586363455,1.4597348490641129,0.0175240307964806,-1.4568733361728077,0.4200266538801511,1.9161494094857363,0.9808578323565612,-0.8133231688197363,-0.3131621226907166,-0.0165504311840537,2.2893969664822817,0.0672407771613736,1.6209147893329214,-1.316366105895775,0.9303297367241616,-0.9479711377437728,-1.6301915989308724,1.4491013015272602,1.2206775514756143,-0.2626710091485836,0.8026999019960939,-0.4252655553258748,-1.4088493816240868,-0.3006111722028654,1.13481010523642,0.2073930236401234,1.798610477487343,-0.7860571251287897,0.1347364584415907,0.018702875657226,0.0536603669236049,-1.2055009433465664,0.4107485648141418,0.0966177957974681,0.4436288552932371,-0.2443968998386161,-0.4294527945387629,0.4481138276924149,0.2731901219012547,0.5969225728151951,-0.0378401560705833,-0.9824300901825423,-0.5591616851481824,1.1539937159439568,0.2948537684837788,0.1863079031285473,0.0600052353767781,-0.6360112576246031,0.7300240837895637,0.5543509589763995,-0.1045977688669079,-0.4484152550829795,0.494879910592737,0.6522173373708995,-0.3283126552940316,3.620408901551716
Na,Na2-3CoBAsO7,Na2CoBAsO7,Na3CoBAsO7,mp-aaabrxrj,3.3341644235365417,7.679139983328417,7.906213196104389,-10.491577668166022,1.9560031650543577,4.040403053484249,-3.3197765113635285,11.69207134107554,12.871527205162836,-7.009365429281978,8.94121492534953,6.521196669190974,-2.2818879187465027,17.67373155243756,1.09405340523201,-5.810854137907665,-0.0400486683341648,2.097352311864282,1.0100739509853336,3.4617949057395103,-0.2725812822859798,0.3070084538850982,1.2961200677914362,-1.6856459284512637,-0.7697483482647168,-0.2772777566337169,0.1443823135101853,-0.4205893878048768,-1.3058928626911788,0.8010115413311454,1.0102094859248936,-0.5554493448530049,0.1345659612048429,-0.3641678456933374,-0.3503371600578812,0.4261884530148423,1.3574590010818393,0.4079769780685196,-0.454154947570963,1.2530902405213928,-0.4313954618069314,-0.966023531051484,0.5796538963561136,0.3673776677910181,-0.2725867344067084,0.8400881873226252,-0.5808136170700429,-0.4613740314392188,-0.1174842365795968,0.3826748535248779,0.756906886169704,0.7170883287125391,-0.2175544257759366,0.3928347462946593,-0.3927362130935781,0.2812368672363532,-0.7204056047073726,-0.0825742517705705,-0.5623187777383866,-0.3173395162932177,0.1957862159853233,0.086286310595747,-0.1395499129666934,-0.2148783752331513,0.8473723175195712,-0.4380200432278135,-0.2978266624051749,-0.8265888622617171,0.7102184115842358,0.1040403151266484,0.4928671046121534,0.0427398820005166,-0.3368624792816022,0.1556421458506017,0.2862476299629495,0.1969547562015315,-0.1546858468526701,0.2504586046803924,0.2949598341389227,-0.048719414000955,3.710628494051722
Na,Na2-3VBAsO7,Na2VBAsO7,Na3VBAsO7,mp-aaabrzuc,1.9019909314779548,7.595123173100756,7.853100534459404,-9.918672574239976,2.8261257294806934,3.615103282661764,-3.113407504066236,12.551313619343755,13.889951610429147,-6.453088142876268,7.765164187769219,6.258906630759554,-2.316027007726056,17.883149554623685,0.8697487285787588,-5.935160978046312,-0.1124329880635914,2.725536030833488,0.51207108516528,4.021499135679878,-0.211659564736897,0.3919228670844427,1.293338589848397,-1.5441403540827656,-0.5176019216658253,-0.3410484689106907,0.2119934722205761,-0.3265725746724292,-1.3531555564988176,0.6193697811002394,1.2143390867214612,-0.3919418060151324,0.0603520048922189,-0.5739506446135919,-0.2020862854789556,0.8366512733443041,1.9034398259334475,0.3085192575100743,-0.7798977751497146,1.140715329721384,-0.6586591386742054,-1.2169077848194871,0.3080156208185977,0.4202935608232493,-0.6274753801561839,1.1184074184042192,-0.8161464341966677,-1.206419755025943,-0.0591498908363522,1.1315696989687256,0.3615134989247316,1.0439082144673373,-0.2938749058978617,0.0833016879538324,-0.1874076926058928,0.1790616077388832,-0.7658630705022819,0.3425200077206261,-0.2157787505284851,-0.1485191599198292,0.1584532587586511,-0.2033828337337831,-0.0774674505933297,-0.1599919604257504,0.8120769249317884,-0.3433947596984147,-0.3997421615718596,-0.8282116846402274,0.7402217528872748,0.1583103543604141,0.3236998695817119,-0.1149217251211226,-0.4611707695614289,0.1626461067395009,0.2660787491876106,0.1766545497979953,-0.1358736722115699,0.4071090758612314,0.4698842113684255,-0.1979556655231658,2.894381646551725
Na,Na1-3BiAsCO7,NaBiAsCO7,Na3BiAsCO7,mp-aaabrtou,2.26895082946449,2.281090634470681,9.018324863167871,3.6458041311352902,-3.7468871606488814,0.4613790198778849,-2.839269807002357,-0.0085197299936875,1.691148591867761,1.9506190529777807,-4.604056738027612,-4.399042794817515,-7.067911250112774,2.470868714044867,2.3030695649452606,0.5645131650276077,1.120208430700167,3.961921724100495,0.3564422618269062,1.519045660021665,-0.6643763414461207,-1.8973740946101028,1.235603423040001,0.4238700008776767,1.590739639335909,-1.601460080155336,1.2549451473318969,-0.2596568232072694,0.1066104143205164,0.3158747634132279,1.6613297763931285,1.6966964537967952,-0.8283825777377131,-0.2606392570286263,-0.6970681952353881,2.3128198558978528,-0.908195652026513,1.7599076215365326,-0.9329907518027314,1.4825249224834405,-0.9160433595687943,0.416114859293893,-0.6119580594885342,1.885466366135342,0.4575873718166138,-0.7472456652235122,-1.9187487042306457,-0.1945094115504589,-0.8433766887370073,0.8762194999571569,0.2552036076264433,1.9037502197393823,-1.454983201161704,0.0822663382476565,1.0113447787521952,0.0244187981537845,-0.3567150273338284,0.1194890401183704,0.2128532416975565,0.7096519194124653,-0.1445662802644972,0.8284680092980323,0.3497748028556572,0.6947668459269631,-0.3031766761160587,-0.1540793947673424,-0.7132736583170954,-0.0097494723221322,0.4171419823958854,0.0638560459471423,-0.4569581924868743,0.335531470435188,-0.0082061624133871,0.1259815673335091,0.2169627321167284,-0.5760885544007521,0.4104253530181268,0.0072966887872901,0.328037367348475,-0.1894051811626076,2.6098949865517262
Na,Na2-3FeBAsO7,Na2FeBAsO7,Na3FeBAsO7,mp-aaabravq,3.236149987454193,7.997058762888475,7.779023808673132,-10.614011906442158,1.9143713607823645,3.867417107439256,-2.95273212621618,12.047541396996133,12.219887856612717,-6.876839729563372,9.616175091493304,6.067697495460165,-2.150468608117794,17.95861399187616,0.956794126136898,-6.116620300495378,0.2529212354796668,2.365926565863677,0.9794216871325654,3.705260003145795,-0.3889892919467621,0.3406220679507361,1.1624491363460376,-1.4438884540566603,-1.0781457854973917,-0.2049562109578845,0.1984888343412189,-1.031405363922316,-1.0125095871593697,0.8919755750572712,1.2899457559469938,-0.3637086578429338,-0.275906192218415,-0.2711840019687928,-0.0621482222791204,0.5734554557498568,1.181360436082575,0.3818847814226387,-0.2287237729356283,0.7108090964600682,-0.4383153246491272,-1.097428847357782,0.5666019760762703,0.1312476553404334,-0.3718286287083828,0.8418471461722034,-0.4749935000248432,-0.6329956018845533,0.0529253413732926,0.5117549561431368,0.6138333638574103,0.6090497578383546,-0.2340925813849944,0.2553594225799951,-0.099999753431293,0.3154975347717034,-0.584004526637491,0.3944128412202985,-0.6031749044439931,-0.1550871318766412,0.0285946600427625,-0.192820264462138,0.0065193374491001,-0.1438890028894773,0.6771020400311926,-0.4112862235427435,-0.412339696430566,-0.7628175173574663,0.7526708640064028,0.1508166989082092,0.5417313919694805,0.0098184708460689,-0.4383283617660866,0.1909709545390334,0.3187947656030775,0.3035534180608481,-0.1453580810968264,0.3390503421236603,0.2778288779560513,-0.1506140822950022,3.612905546551719
Na,Na2-3MnBAsO7,Na2MnBAsO7,Na3MnBAsO7,mp-aaabrwue,1.1756736249622866,8.075851575057964,7.6216568442296735,-8.874401712491645,1.19982734071987,2.453609137964904,-1.9288448666073317,13.080619930235663,9.850722328681227,-3.3186081155779634,6.719759795967613,-3.869446925390864,-4.410942032793614,-7.979634156594184,1.8981050615329211,8.461956535546808,-0.9151843156682424,-0.2343243747645248,-0.7934526812738344,0.7713688219680336,1.2819450979805955,0.7946331634614837,3.082357048105012,-0.8552043247556282,-1.283216155847149,-0.624478631053685,0.3793088154613029,-1.2018503476339333,-1.868922345907248,1.2460114952419077,1.8235158218445204,-0.1930491087082799,-0.9196577940478096,-0.2831214061650756,0.6586600874456248,1.4900291563752153,0.8377633302781164,1.120357483034566,-0.6198186260666624,0.7864886789432111,-0.4810718063156003,-1.0497155233272977,0.9333636381115784,0.0997054316778637,0.861483980749004,0.6500448799418554,-0.7455771384295322,-0.4095320249780815,-0.3237744791527902,0.7409961671945732,0.9897019916479016,0.4020170371107019,-0.6140568869266804,0.3097615009227328,0.0211087480657242,0.3902935053172497,-0.2478916454363563,0.3338730553599789,-0.6352625084777597,-0.1009088298050622,-0.1960720022453689,-0.5604976378285014,0.3912149521720616,0.2820235019063475,0.5282235067321073,-0.4166237242268163,-0.6231318671596315,-0.8258335587379001,1.0428242878029366,0.1931889601495566,0.5286183651793316,0.1392914699174013,-0.4236232497415149,0.2801530289018765,0.2760681011194933,0.0126672239155445,-0.2526689037886552,0.5556775175828007,0.4370707359450841,-0.1516722842310348,3.503137209051718
Na,Na4-6Bi2As(CO4)4,Na4Bi2As(CO4)4,Na6Bi2As(CO4)4,mp-aaabrtqt,2.207624305781877,2.439722151989968,9.230884633595435,3.1396017167479924,-2.428069619948077,0.7788108676858383,-2.5165185943340758,-0.0960506241582521,2.037586903923605,2.295214082799673,-5.268577394522019,-4.809322804319494,-6.719948009581534,2.2189736345789184,2.989923298717138,0.001761295016083,1.0919422164671284,3.894566537253759,0.4583590649006452,1.1732614093354627,-0.7494086279897302,-2.5937218118208265,-0.3691942696697686,-0.7305663503095841,1.7996046168191435,0.1875805409077008,2.54880111227074,-1.4817442721476712,-0.4490366245114985,-0.5612334346929839,0.8553272034723433,1.6827856746943293,-0.4394140338338038,-0.1825843884686761,-0.4778724408918152,2.4363272931604536,-1.4703951438900342,2.3362026422084994,-1.265191360342193,1.7385099508721829,-0.7057597665180683,-0.0680169026943408,-0.4815300608032544,1.418062947680527,0.0730307507871455,-1.6269683403885322,-1.4937783985665396,-0.2850045205392634,-0.8504404106674517,0.8725787320380083,0.3086289496014162,1.5637767009535002,-1.220399218628034,-0.1118495822573825,0.4141772811451661,-0.005495959048637,-0.2944985393089978,0.5076366985848565,0.3266965667328628,0.7698638608612957,-0.3108112973002006,0.3980758795728349,-0.1116444883996702,0.5509759083279134,-0.6872777507531181,-0.1043768027489874,-0.4357423360802798,-0.1136887031689182,0.1814161774458225,0.4028772987630154,-0.5953919212183971,0.2823456658395696,-0.2795480843532946,0.368380556091792,0.4429175119094669,-0.5343136179690555,0.3571016817254953,-0.1741609191240755,0.1396964497974888,-0.1390217380336243,2.711236846551731
Na,Na1-3CoAsCO7,NaCoAsCO7,Na3CoAsCO7,mp-aaabryge,1.3046060134826043,5.288450132841523,5.588924091829259,-4.592530173715455,-0.7806471945993573,1.2249376240413934,-0.5301187507235375,-2.370070986135669,0.0797914470440716,-1.92574675131063,-2.4599567045697888,-4.194190752382358,-6.231490316180594,2.47277075048583,1.6490793484285828,0.6953301217902369,0.2400752951358132,1.023040012527378,0.5378631064774443,-0.9133093316362972,0.2708142103054638,-0.0609459991761011,1.8947230942169035,-0.3398636709185245,0.1431633364302812,-0.6725814703867243,0.7069565201538055,-0.4829829328680182,-0.1227358151069473,0.8461884574552404,0.8104780900327445,0.184628522314187,-0.4211176208298764,0.2172011165514561,0.0560484008321264,0.2086757969940276,0.2135118261448058,0.7384589730276668,0.1389207717249682,1.4125027301989987,-1.2431468090374551,0.6457422379008005,-0.3031996410685126,0.8586753621309027,0.4973149614220026,0.3743801011754805,-1.1358891915527174,0.0178980685037354,0.1765179258330915,0.6556790286422074,0.369536333384957,0.805940098495406,-0.3739459240641757,0.4725981579478104,0.2181443546582258,0.7363761394578787,-0.1040569266916372,-0.1683090096127015,0.2069642056979223,0.1980672043200188,-0.064519920234467,-0.0110612004871805,-0.1433312583885021,-0.3259844642462309,0.5386903355157352,-0.1233479212789825,-0.3021161083190694,0.1250827653459112,0.0509886202925416,0.1149077644924328,-0.3605982822891057,0.200114549193795,0.0934879972488741,-0.0554864051828492,0.2203293896045356,-0.0412394140077068,0.399525078463318,-0.0055496165419174,0.3785028722955617,0.1514140458545538,3.7624218903017272
Na,Na5-6Co2As(CO4)4,Na5Co2As(CO4)4,Na6Co2As(CO4)4,mp-aaabsjmq,1.0930777775256002,5.4843846663987685,6.194270039094577,-5.020950684734872,0.6175666972994114,1.6028721099021557,-0.2558649137357713,-2.384977637582442,0.2317302406961028,-1.5138243121044692,-3.0856777725019704,-4.635601041633205,-5.975063510703519,2.2418427517577566,2.420156287182346,0.130768368324836,0.135613008152086,0.8887326889463352,0.4292585102538616,-0.9542205331617964,-0.1181079076665194,-0.8121193058841584,0.619860358999134,-1.4972465896805762,0.3874618198429786,1.2562389016100437,2.021879798533391,-1.7684693273049858,-0.7035029704586471,0.0250428587844315,0.0933298479525588,0.1145690236724772,-0.1086802741199635,0.0770393145859271,0.2170539702502083,0.4527551977869162,-0.1331053035607886,1.4133146706998958,-0.3759750934011377,1.9533456988352005,-1.0098178768234731,-0.1656521641197047,0.1753657583994455,0.1524303994211256,0.0254435912447625,-0.3949091091725609,-0.5951130256451386,0.0223182855707146,0.1128600056225505,0.5581574918520826,0.5897888297883089,0.4457552142470874,-0.1994545776989882,0.2260197346773394,-0.43778638400375,0.6946216860493467,0.0706388200237742,0.1604242123223276,0.3344595293578181,0.3489552228167415,-0.0932736740951255,-0.4201810257495034,-0.5778593817139563,-0.3956711899488856,0.2301085113757122,-0.1254910480110079,-0.1007012074409559,0.0648246137766213,-0.2315075111805297,0.4091242357873921,-0.4625533051241572,0.1791212675559861,-0.1733742136880026,0.2374392351927528,0.445146460226286,-0.0304691329419241,0.3226649956578306,-0.1730757267017058,0.245801494304301,0.0467421367039804,3.391257161551724
Na,Na1-3FeAsCO7,NaFeAsCO7,Na3FeAsCO7,mp-aaabrwgz,1.020830530885817,5.40956746718925,5.439018537549422,-4.3400072809071295,-0.8531408163441271,1.0285220320474513,-0.1972109108295629,-2.3809283348651933,-0.6259240750612179,-1.653156040473478,-1.8729153230664524,-4.762169152819846,-6.288240994386972,2.5632627628739346,1.7157979719405267,0.1149186860164261,0.4610447280481067,1.0810754977127002,0.5364197236644717,-0.8598160306793565,0.0870659552183776,-0.0192593241314917,1.876359063489856,-0.2537365132001888,-0.2599863655606766,-0.5722605316910342,0.7379165444903162,-1.3670469833424237,0.0600556630529138,1.1651285834389336,1.3762543182449076,0.4516867959631535,-1.0285488932501743,0.4170522124396671,0.3642308078979434,0.373359899545477,-0.2018373900016875,0.8092760901391827,0.3941064747259075,0.8488195560460761,-1.2280842398409044,0.5442613054393349,-0.4031505898123241,0.7526476988679419,0.4330448550679027,0.235802119768147,-1.1995645789972738,-0.1047528394744943,0.313612318605595,0.7460680073233236,0.2419736691908199,0.6636541538170696,-0.4991609721759892,0.3250860136321858,0.5293955008642647,0.6563915016023661,0.0721865132691746,0.3849785611449913,0.0861599923095765,0.2865778372421035,-0.1900999319185166,-0.2249019624367982,-0.011116274643388,-0.2574113884483732,0.3336701433901384,-0.1203353320999587,-0.3781734616299608,0.15337777296892,0.1105229744430238,0.1241018397662221,-0.3024365035992505,0.1823003837188631,-0.0383580924619397,-0.0715877094519144,0.2224227935288263,0.0095094010149799,0.4535357343387771,0.1255059743889548,0.363078424434105,-0.0230846434603613,3.469605169051721
Na,Na1-2CrAsCO7,NaCrAsCO7,Na2CrAsCO7,mp-aaabrzsc,2.929424816988235,6.520933857764589,4.70746229530648,-6.358217335995188,-0.6500877845987688,1.3412345717912044,0.4044086222470204,-1.4211222934298204,-2.313547478138002,-2.7875687196985988,-1.9967111420391088,-4.158266922525278,-5.049696561076513,3.587596355853784,0.6870045179671049,3.0562554356157543,1.2299519404243564,2.247951421169136,0.2417192238428284,-0.7519904466760194,-0.9350340050182954,-0.1990863276029656,0.8324546120338386,0.4034558377578407,-0.7756640760324875,-0.6049562871246178,0.4944393900373204,-0.6709003213656856,0.3611021410201132,0.4696549137424056,0.2426905393322868,0.1110086193285577,-0.3624819858881128,0.049584182613246,0.390112957512656,0.3643936640294661,0.2037698153850914,1.0360048252470302,0.3678774925922903,1.4193807363491238,-1.607898667820873,0.2935687221631274,-0.0145428239754181,0.2467810874235854,0.4875325519065123,0.0566283081267775,-0.1974751428785436,0.0987308916250668,0.4109953746168958,0.5292747562507595,0.1819568168980694,0.4022541815445805,0.0597011842045247,0.7137900778918561,0.4647805881226733,0.7904251749959674,0.2678915524831198,0.2714549357002258,-0.2096514660888106,0.3620713444822961,-0.247449661813128,0.1996488530252779,-0.3873675636948864,0.1063779505723563,0.166463959642669,-0.1130889538692528,-0.3326471261330171,0.1591911816605282,-0.1425903480111142,0.1786132199448557,-0.1820217306787032,0.0488517102588741,-0.1939246523869263,-0.4143475706277638,-0.0124711649613501,0.1328052394426135,0.3182631606483693,-0.0416803348832793,0.2973762258739495,0.0485077078738602,4.387437486551736
Na,Na2-3CuAsCO7,Na2CuAsCO7,Na3CuAsCO7,mp-aaabrwpc,0.3187557817726648,4.2087305785268985,7.816976641063985,-2.684310860694877,1.3849669659130714,3.987872067283999,-1.024129290931368,-5.4155765486283896,2.6828433852498232,-1.1071056315251069,-1.930910224653981,-5.6469427999078174,-4.440841382561423,1.6067592472618837,0.0820177259881634,0.0312051860599465,0.134847970873411,2.1488047990166157,0.2496400764471903,1.3872758887738024,-0.2577321733321692,0.0926951536892901,2.660002362507194,-1.6984414671271468,0.679985166776388,-1.0335878550145732,-0.03785216906318,-1.171024026724561,-0.3119368183938811,0.5204143945094301,1.5336099629469395,0.3800802700377179,-0.3149765110811772,-0.4694177814083248,0.3592500135677156,1.4891952851166184,-0.2920098674753124,0.7277499878687669,-0.2449988651151191,1.1439251986194678,-1.2901613398140304,-0.8300169114318193,0.0539951579846758,0.601277761259386,0.1506359613719274,0.4329601277625679,-0.933268548930238,-0.2220730154126589,0.1829068510072222,0.6223607879356542,0.5160730838836619,0.7497540674101585,-0.5357528036512321,-0.5225017294894321,-0.4328702728194304,-0.5046515450213813,0.0344825320611528,-0.0262678013011082,-0.482254743122985,-0.7010546951470734,0.4556925211770862,-0.512801732794691,-0.0493902724090842,-0.4199632888555337,0.7397844877692706,-0.1910978113193301,-0.8001094607247955,-0.1066234523830881,0.4727058320387591,-0.1117811664663039,0.4769031300085835,0.1376120368436438,-0.4806836497032128,-0.0419263632866585,0.2711054916135272,-0.1081542286193767,0.0909249834762945,0.3014041436034256,0.1155549929371322,0.0017840475051302,3.3144571365517272
Na,Na4-6Cr2As(CO4)4,Na4Cr2As(CO4)4,Na6Cr2As(CO4)4,mp-aaabrwds,2.410696837458042,6.515149344462275,5.621449469353151,-6.868825166863005,0.5724742843571211,1.215031727080017,0.5136434901901924,-1.668448185042728,-1.9559857819366837,-2.271699353889059,-2.4132444648892912,-4.77410690936969,-4.8106207977527,3.5309455432632246,1.4945135069962088,2.59224628784046,1.267209121919111,2.2476061056236616,0.4507704096246134,-0.7980923414235265,0.0542329545613561,-0.8893700483578095,-0.0533867773556224,-0.6061432528598457,-0.4825128990945481,1.34350304248598,2.067388143818752,-1.7935064632743891,0.0163655149358503,-0.3407770675094767,-0.3753888162540314,0.0671470282190896,-0.1055955085503969,0.0445561795091307,0.5472724198859364,0.550454120269299,-0.2080273429510265,1.4669122792618656,-0.0700015044930568,1.4839128828890402,-1.4792907067097931,0.009075475320298,0.3302038082815825,-0.0961533686653319,0.2037436165215202,-0.6266954297155989,0.1603666824831345,0.0123796286963915,0.1858805368560327,0.4440411000123694,0.2528392803204609,0.1447560341300799,0.132796490187919,0.6056414800715127,0.06495625220558,0.829860323138726,0.2847665248655244,0.3467094517703313,-0.0315378051088207,0.4243256771767819,-0.5237328271264482,-0.1975880510944032,-0.6788426343385257,-0.0516090341846873,-0.0073786778532288,-0.0226805566046384,-0.1098727480924011,0.0067153688026741,-0.1284232682271583,0.3758443825602873,-0.1252033591559635,0.0488446825150618,-0.3627562579533369,0.0204548828823217,0.3660374126757809,0.2484997260690956,0.2075584515651107,-0.3036585867583409,0.1854600780742246,0.1726799557902593,3.036276904051721
Na,Na4-6Fe2As(CO4)4,Na4Fe2As(CO4)4,Na6Fe2As(CO4)4,mp-aaabslei,0.8786406575707826,5.49537384771619,5.734281873688063,-4.706752540777679,0.327866819848646,1.3616719564895332,0.1023984735450979,-2.4211887784628323,-0.3258680101926441,-1.3313326328039197,-2.502463894918666,-5.219607704079516,-5.991605704732828,2.384642664016263,2.311356688549092,-0.358556627976543,0.4143430504432379,1.0601372893409848,0.5655779927315955,-1.1413778844251457,0.062489980496323,-0.6729358504116281,0.3412195514568432,-1.4483344946350252,-0.107343912355615,1.2464876610229816,2.0160380888177047,-2.5698344663668653,-0.466798547142102,0.2834117815886089,0.587118138989326,0.3959461518220958,-0.6648798982945956,0.469023478898806,0.6511569320939116,0.5799879700192876,-0.6416943897052091,1.3944995427841442,-0.01520654312184,1.1683285095427345,-1.0481688357838677,0.0296086822060403,-0.1733008022604245,0.3068046555792862,0.0679806454223829,-0.5506262818664053,-0.7757218353831102,-0.0396073633708673,0.2250701076447538,0.6829189580414196,0.377828816517439,0.3319632111755794,-0.3315016501583248,0.1445397287616085,0.0093513106900254,0.6436578828796344,0.1707994562180018,0.6687829744390404,0.2139901542912777,0.3981389711902322,-0.3621893193365023,-0.6598113799507684,-0.4390866932261261,-0.3150294174453729,0.0141873383134647,-0.0905108456210872,-0.1316103345907863,0.0710404485300183,-0.1536114512548561,0.3929297924365501,-0.4562998342939809,0.129929030227968,-0.2769024407241476,0.1664748529850132,0.4477617507202612,0.0449157710370878,0.3760147024999782,-0.0896835943708314,0.1820691133600687,-0.0554422707111347,3.526058554051719
Na,Na4-6Mn2As(CO4)4,Na4Mn2As(CO4)4,Na6Mn2As(CO4)4,mp-aaabslmq,-0.8702131849994924,5.841028634883415,5.72340920718094,-3.887905260293101,0.6515893315032417,0.7209820505379398,0.5801777909897626,-0.5099321280234212,0.0391577364674764,-0.2993371038694172,-2.650831199492636,-7.014714891629452,-6.065789477892771,1.7534461541504198,1.3469558601967055,-0.756669144878974,0.791350483658273,2.9339379018875924,-0.7585110157545593,1.461631260998267,0.6287360072853838,-0.370922432754606,-0.1444484192605027,-0.8535561758975537,-0.4483002909807153,1.2304914784768906,1.8288086972661703,-1.7700211835518205,-0.5252162428369682,-0.3627869127913344,-0.174746982830273,0.2358183029493469,0.0120114502391612,-0.2533405651569308,0.0604855739707142,1.3572640666443476,0.329893906743126,1.2418413901061869,-0.7538586863866892,1.5338867791597983,-0.1371100253906894,0.1064737342197451,-0.7306427337120621,-0.0857635377708173,0.5109463758806363,-0.6476287111048554,-1.391948282963521,0.1799496631478503,-0.6412695286586565,0.7758263817481844,0.8243137040239861,0.2370400340829223,-0.5246164289488073,0.0420320060338124,0.1647397028762711,0.7322244869896595,0.3604289262341335,0.3234152717102816,0.2690782657544051,0.4938826499479237,-0.4773944230136205,-0.4498937021951464,-0.1137565825956156,0.1979986435452801,-0.3357091915925758,-0.3054246049071803,-0.1879846477707857,-0.1531875311006744,-0.0537955306992233,0.3099329239596356,-0.3311816870830901,0.2559350526994748,-0.1081340211325439,0.0361904019440801,0.3558636036809158,-0.1046250168731897,0.3667714631569599,-0.0294254875493686,0.0729170933894677,0.0556143681810926,3.933984291551727
Na,Na1-3MnAsCO7,NaMnAsCO7,Na3MnAsCO7,mp-aaabrwka,-0.7926377360881479,5.7581470072499545,5.481630716986978,-3.4596159571316063,-0.539155845125727,0.4009056052576067,0.2767823253526904,-0.416913688378481,-0.3008774411633523,-0.6085095479255943,-1.9924877689572824,-6.604061140080281,-6.394810531422401,1.928716396748433,0.7236265117989732,-0.3075093859748272,0.8789330738614974,2.9425019150320404,-0.8632828763187951,1.821210285965635,0.7231661878100594,0.3225242261614494,1.4368812340184598,0.3023280733036326,-0.5983695575128122,-0.5644730682724591,0.5449941117614246,-0.5438410591108723,-0.0395147045299835,0.5379589998449837,0.6418325324170316,0.2732181799428382,-0.3620479460019725,-0.3125024636826879,-0.2216916732577332,1.1930582312135734,0.8076206179954014,0.6894791498216689,-0.4162913683172369,1.2689086710691837,-0.3161917619488906,0.5665390864937075,-0.8820122719328248,0.3911828412417877,0.8998090937670229,0.1585529560209626,-1.8353356224942996,0.1108706923628979,-0.5767466083016987,0.8200752245045896,0.7215938065151114,0.596330710782888,-0.7656137057117838,0.2049620478223173,0.6575702860665659,0.7446953980075057,0.3088231134197899,-0.0232049809645817,0.1638124208855933,0.4126877829574795,-0.2561147380525849,-0.026408119163997,0.3571266187693261,0.2558279031235272,-0.0020845323390395,-0.3409216943375818,-0.4698322356718369,-0.0589314799112251,0.1666456203241314,0.0219558523663636,-0.1551965612559242,0.3118268477356773,0.1826685528407244,-0.1887386967933715,0.1236535005190689,-0.1135083778899015,0.436381987325691,0.1676570384405724,0.2545528425650076,0.0407218216414621,3.390345429051724
Na,Na2-3NiAsCO7,Na2NiAsCO7,Na3NiAsCO7,mp-aaabryvn,0.9100367653733316,5.243780807014011,6.514166083306865,-4.402562017600062,-0.1998605453586137,1.4269909548656192,-0.629032844979048,-2.7550556089875595,-0.0812074911121208,-1.6096025125138518,-2.522210287239199,-4.116317816511805,-6.46861415046044,2.302089458334883,2.3775503894992998,0.0391958954458768,-0.1517288208964217,0.5439528506035368,0.4378666625329682,-0.6307360060839805,-0.0884863269510507,-0.4505884590878724,1.957055897801407,-0.7394027200120361,0.2746964016239859,-0.7127340470412894,0.6816624947002041,-1.0220890915310556,-0.4135279145604664,1.2243528730646658,1.0908968624253648,0.1732898906293813,-0.6171415154384311,0.1769814329176705,-0.1367393265855966,0.3306643217938863,0.2735296852809542,0.959261345774266,-0.0844002682086338,1.9471569832026276,-1.1917849667011675,-0.2028905484332687,0.3554137438937372,0.3382961044373891,0.1076714780982527,0.3183676701640774,-0.9744718909403348,-0.066386380397549,0.3409015130767088,0.5378357931866343,0.6731498270691036,0.7268561114969768,-0.4143515553813447,0.1816433634672312,-0.0360963813617692,0.6008048310011329,0.1671283776201239,0.150768191668882,0.1842066683214093,0.2712485419790351,0.1974734798266891,-0.114014305691298,-0.1247013096159448,-0.4326896729765236,0.3550811728162757,-0.2253850566522371,-0.4421960228276705,0.213212173141892,-0.0648833799899497,0.105860079165465,-0.1593166073321422,0.3028202910206001,0.0066636228724512,0.0718574573927676,0.1754065442678325,-0.1250403071387295,0.4317235883660869,0.1650634114860423,0.5327270678885773,-0.0477053483155943,3.856678581551722
Na,Na1-3VAsCO7,NaVAsCO7,Na3VAsCO7,mp-aaabsbin,-0.1573299454466257,5.454851431619154,5.5638569459129545,-4.320998272427636,0.2507413530918138,0.6408628451363836,-0.15099342043513,-1.1810630986678403,0.678718389832899,-1.3776096788877443,-3.903424880674738,-4.541864108059324,-5.936155583094219,2.89130624225358,1.0707178413428204,1.5415903558877182,0.4576179112588628,2.2835267178419723,-0.1649093396566647,0.0755250636642943,0.3561083426924979,-0.1798510357190134,1.7174395966837042,0.1360589040408312,0.518149535305606,-0.7995580780558561,0.7026959418261831,0.1619081194617078,0.0054220181466193,0.2068761438266493,0.5307204598800009,0.2441636060694312,-0.1217457480156417,-0.300554794255614,0.1705689353209717,0.7937750638759227,0.9859633720739366,0.7174701892104282,-0.3112525137817091,1.3956697994140304,-1.5389478041877762,0.3845401929895299,-0.3902553120380433,0.6760236526433425,0.2594846632710927,0.698951278864914,-0.9976059865625276,-0.6050864873921342,0.1215405906684495,1.3579356554665587,0.0790096246603012,1.169338355840385,-0.3843765879433984,0.3167603868087799,0.5096633697648029,0.7734304424579289,-0.1073811811022039,0.117698561433227,0.4308958392522246,0.4126494572199876,-0.1945654242001317,-0.0941732095252368,-0.0365442840568073,-0.1035654907930037,0.4623988950892432,-0.0610336479736824,-0.4603673313774181,0.0093143119403261,0.1374697014310227,0.1640095404720903,-0.4231646460938756,0.0631245772835394,-0.0291537671261374,-0.0140542309173543,0.2157132870923371,-0.0077222016137861,0.3075911665215935,0.0334010179079795,0.5103916960127457,0.1490843816621178,2.443383406551728
Na,Na1-3SnAsCO7,NaSnAsCO7,Na3SnAsCO7,mp-aaabryxp,-0.7209916085561622,3.5175437814917854,6.9916028948244655,0.5760371934897226,-1.4360133426186268,0.8323169015242443,-1.458033376369987,-1.1890443997936035,1.7765560841693178,0.3100813065584384,-4.583067318800698,-4.974896724175338,-6.893921224496053,2.6270393507952576,1.9117738104300088,0.219770444264064,0.5549043180449345,2.8893725774223245,0.1990850827793039,0.6634300053938366,-0.072057813899928,-0.926565990888332,1.9940814816218195,-0.3594919118863167,0.7530238540399452,-1.1023922994909066,0.7297987791590337,-0.560114022194834,-0.1290485336371308,0.6635326543845295,1.836741805661379,0.9647547228416012,-0.9192600018159526,-0.1544809936316509,0.1849071064595689,1.7998439244343567,-0.0145728073393967,1.416045935805447,-0.6762112021396052,1.428818796273971,-1.255421932076347,0.5760265455627883,-0.4991015409745689,1.3281733545804522,0.5024125727561678,-0.3251381655108824,-1.795105833805904,-0.0187226045668276,-0.4896058798666593,1.0772775733490385,0.3767177021130939,1.3188322215264985,-1.1621786875631666,0.3017307372588705,1.0995118688302306,0.4569171361139879,-0.0786265026639815,0.0265287793525596,-0.0524700768321995,0.629720651909881,0.000743196197953,0.4869404740314033,0.3574323742894522,0.6884156379487361,-0.3093182415092964,-0.2302676245757578,-0.6933629884803048,0.1016777322399284,0.5429571592981495,0.1307447952771091,-0.4064192458927829,0.4717853087705358,0.0188860055564328,0.4933816274381165,0.0237371068885682,-0.6331788306391923,0.2420167488471223,0.0614602960832301,0.442314521365666,-0.0245898691975306,2.203955641551719
Na,Na5-6Ni2As(CO4)4,Na5Ni2As(CO4)4,Na6Ni2As(CO4)4,mp-aaabrwvj,0.9509239561561108,5.349445608668935,6.205912893181066,-4.714426724756881,0.4403245452049582,1.7562247709334564,-0.4586928850882766,-2.731108865304143,0.3177094896430911,-1.5164715494978904,-3.1784851813615145,-4.5654917390694,-6.35024793189795,2.204609073827232,2.355228516396282,-0.4711221156613807,0.1066881598260491,0.63505436990866,0.5040069420908382,-1.277926464090967,-0.4450682298040643,-0.6320587592464002,1.6111461918789538,-0.6522289559524015,0.248553257860603,-0.7738256447612186,0.5362639311440327,-1.3380450986009038,-0.5058833719838581,1.2160808023213707,0.988678749989272,0.2125581380269058,-0.4822342776956284,0.022968733807245,-0.3056410030794623,0.2717505277508472,-0.0045465994360106,1.208121597911043,-0.0956115574294791,1.964483001466667,-1.205212712851394,-0.2510220000637803,0.2303281454569971,0.1589344359145642,0.0240966527140734,-0.4224704741310882,-0.8224078512008857,-0.0062904686610223,0.3171019764249735,0.5468774626586416,0.6638166426233297,0.4901144144310352,-0.3021184360376783,0.1376285885110885,-0.3845973101305744,0.6485993276453557,0.0819732976899904,0.3848349004430997,0.313711025820171,0.3655720529047176,-0.1340945558041475,-0.5493395202384436,-0.5642686287268961,-0.4228945048168552,0.0843912710956348,-0.0728575717874627,-0.0546358867006864,0.097224771059697,-0.2329618248315492,0.3456274004372833,-0.4832727758412561,0.2414989129852042,-0.2213467515154623,0.2319912285262901,0.4256311623249366,-0.0288610614389558,0.3225232329101994,-0.0738887855161909,0.2225243137026102,-0.0058866413990548,3.781584476551732
Na,Na0-1MnAsO4,MnAsO4,NaMnAsO4,mp-aaabdbol,-3.307815523288475,1.733702939700677,-9.624575083167546e-05,0.866805355000565,-3.397415976516921,-2.3978576337870265,0.9728075842568286,-0.4289269869955351,-0.7530783176958469,-1.1268040427576975,2.976268250007457,-3.208528322754786,-3.0120849304748707,2.2696202965814507,1.4374564429792234,1.9550430384891444,1.361667812136325,-0.050566709495527,-2.619426588498905,1.5006682839026892,1.17218684139879,2.322263346757201,-0.8204519354402686,0.7813242056917339,0.2376415884618327,2.3912727289047155,1.347937762198374,0.0456536180608432,-1.9231362010235624,-0.3329130294281768,0.0658271683772602,-0.313232059697854,-0.0557899032700683,0.5612352051544787,0.1568456655332689,-0.1068363389415691,1.3656488856757671,2.5547158243539365,0.3277578844524462,1.7911089134817406,-0.2458592538587867,1.295499969812836,-0.4561882800270112,-0.1904090725975283,1.9940735949737227,0.5247795699356217,-0.822465008655922,-0.8120998109908555,-0.6277818842950708,1.1230565701247153,0.4826538736114312,0.3781541234606858,-0.7465876178159976,-0.3139251399851855,0.1816163433507421,0.8614711142813586,-0.236347569306344,0.6733854701413007,0.0979095030996431,-0.1225969273773358,-0.2740824787071025,-0.2106987021951112,0.5637978051759087,0.4202638857464889,0.1011026760520776,0.553391386686836,0.1392259610201744,0.2882240933409401,0.5686192294582737,0.4202929954955329,-0.8804429070997005,0.3182826122164278,0.0900847454648416,0.0311910161165014,-0.0795459208868378,-0.1979196018100835,-0.1355516219617734,0.1753266195171021,0.0086310413618189,0.0392277141136315,3.412239079051719
Na,Na2-3SiBiBO7,Na2SiBiBO7,Na3SiBiBO7,mp-aaabrzmt,3.6004350940623087,5.736666019783703,10.94489908724658,-3.173122621209911,-1.5838053145946118,3.1677787228862293,-4.963147026818792,15.052721452243889,12.680123448254824,-1.3515478192530377,3.317025697854425,-2.1119744812417998,-2.862284079289961,-8.43936057204558,2.970475302330984,9.079866058294083,-0.8282270702890168,1.368663259942592,2.2587441426987778,-0.0651425970889704,-0.9719815412367212,-1.9977854869484488,1.336867093542874,0.4174256453538793,1.2510697492460632,-2.6408202869406585,1.98032641837487,-0.396879826013902,0.1473248529079045,0.0541741288099607,0.4463190018990707,1.0895750755482787,-0.412089231340482,0.1107404432742157,-1.1595384280373016,0.3727979252794096,-1.4771659244890405,0.1749357240171857,-0.3777806006773375,0.3965298477619152,-0.305022503137749,-1.4599250219215654,1.322951344001054,0.7128722911048534,-1.2442254006353854,0.8776062066163415,0.4483623898250424,-1.141774622386876,-0.1350950140864736,0.3101672841261477,-0.2228514658947562,0.8537435830544089,0.1917304615375026,0.3480253638819839,-0.4053594501805205,-0.1127294012011138,-0.9621084430169377,0.2133586674975791,-0.0199052828175061,-0.2089907108038529,-0.5023331782741007,-0.1447756342241396,0.0482492937096937,-0.1139111470931795,0.4577577562433838,-0.23079363618543,-0.7762473652199187,-0.7977767962550403,0.8381027388264575,0.0357089913352082,0.4036392280702305,-0.0784889873250674,-0.4343524889248399,0.1030913679536752,0.6046506425641672,0.0739149072518388,-0.2793850919508949,0.3067936073563221,0.5969799745062696,-0.2069118802314531,3.4957848715517232
Na,Na4-6Bi2B4SO16,Na4Bi2B4SO16,Na6Bi2B4SO16,mp-aaabsipt,3.289249883228258,5.113292092692601,10.328671253668196,-5.001207920753157,-3.158018942056134,4.749750306556899,0.5092556432076304,15.640107228155555,13.242164506100602,3.685113979548431,4.201487839746771,0.453575457960525,-3.602882966138824,-8.747485674466905,3.8717974798142833,9.447848852239307,0.160997327840939,2.353907295743976,2.382002980923565,-0.3515771377825203,-0.3409443822843634,-0.8159021969989543,0.9945301656895555,-0.9917797351723058,1.5153429744397198,-0.435736141326394,3.029428418706964,-0.9422469500567996,0.3869854758006392,-1.1042024490109543,-0.796628784366715,0.4928194905453309,0.074167531183717,0.9133631763633336,-0.1652685376025523,0.6300856084541779,-2.6215371312800517,0.1647061966122007,-0.0998246070065534,0.4688035521903234,0.3132294655599568,-1.1993082451936612,1.4784862858785326,0.3678171741074282,-1.006763373323776,0.465117781705216,-0.0659349704464324,-0.9204943585882068,0.4252504820513849,1.2988701288047932,-0.1791803444864286,0.924703744885754,0.6454996250261522,-0.4203300788085408,0.313883194961689,-0.7975308228083156,-0.7222156817497267,1.0702617364480722,0.7527184273559963,0.451747682072414,-0.673406499338278,-0.7816967582205017,0.0267805481896079,0.1781570277748557,0.0191604087490586,-0.1213199083113813,0.4145784753774219,-0.8667628853179973,0.163114501617587,-1.2485281066088143,0.2521968662819236,-0.4308508831866831,0.2366485282697089,0.3728544260126182,-0.9726809960433516,0.2536246706506501,-1.9202795214932544,1.326033715439971,-0.3357779621073451,0.0055732032566138,3.7826880740517232
Na,Na2-3BiBPO7,Na2BiBPO7,Na3BiBPO7,mp-aaabrxrp,2.96427919282506,5.86856978704601,11.005202736210192,-2.855205440095126,-1.9744814048590944,2.654717508386236,-4.835933531678496,14.956217725777096,12.363141760762796,-1.0831088877331485,4.021964358251245,-0.8813851472673224,-3.8780583994401354,-8.530709553861142,3.388594619719988,9.135394051528936,-1.3276306397518916,0.7819423429744602,1.509682912953689,0.2793735385221364,-0.675585812661709,-1.5160345694190904,1.2864683976239617,0.5644410968105176,1.1787752011484816,-2.8582238874486268,2.2480025385485587,0.0800039157057493,0.5620846698204393,-0.325398709059605,0.4647602881829171,1.4560781436893622,-0.5972858897768382,0.1755385610011936,-0.91920575122437,1.4520254981806628,-1.4562746485164948,0.6861871442003115,-0.1405038370542267,0.1797178270032129,-0.4605893403285307,-1.670952353158084,1.465479619478053,0.4760733166999961,-0.8761705643087574,1.023310418449783,0.5580466642241395,-1.04211254573542,0.059621250968599,0.2332019014257372,-0.26736616857467,0.8520773377340416,0.2638470208219883,0.1759022206493204,-0.4163856709195879,-0.1545501999479126,-0.9492163988262932,-0.1459701580467415,-0.053940976201285,0.1528227159931713,-0.199238200707387,-0.2318379619176189,0.221129297304332,0.1688491934036323,0.5982216865693358,-0.226600443904763,-1.0954900546474422,-0.6503586486044747,0.8701883973152736,0.2881596753784631,0.5094679702218553,-0.2128760933289679,-0.3457760579763225,0.2926635109464237,0.4061134140698748,0.0159301278520977,-0.3404823682125945,0.4599755038009778,0.6610296529434102,-0.1708214649606283,3.637906706551721
Na,Na2-3CuBSO7,Na2CuBSO7,Na3CuBSO7,mp-aaabrwso,1.0514484940867868,6.276610710114401,8.22740232104419,-11.606936138420638,1.4485570818447222,8.226462773641105,2.779080996529732,9.471480267190598,16.71786743590104,-1.1799656966624097,10.554518288508511,8.0109794116559,-2.5288286403896096,17.091485372810208,0.2851768162343304,-5.593624825192991,0.8553218634975172,4.787512557903112,0.7067059727887846,5.325751379385817,-0.3431187929923021,0.900486441708873,2.2302543320397707,-1.4516327295338276,-0.8680828856297953,-0.4320734130262099,0.4371046927790862,-0.2568199851364773,0.1457407405039312,0.4427678870060011,0.5677016202094992,-0.7840474194488579,0.0541367940438051,0.0149586340920103,-0.4167573012409394,0.526278588431095,-1.273207398977238,-0.3878497919804282,0.3103042586402635,0.5989519318692472,0.3702134413527099,-1.2568072560440846,1.1484496780348146,-1.0142090228158946,-1.047406752773176,1.5672460214156745,-0.9169842745741555,-0.0867015582730608,0.4045638533889657,0.5998390356507529,0.5059213764587008,0.3072955600939959,0.4413386642057622,-0.7509768653732768,0.0719575681365236,-0.6953321811164955,-0.2481616968183647,-0.3305820725314741,-0.1758456688206299,-0.1571678025814864,0.3464425047046819,-0.6778648659420583,-0.1249245693751588,-0.0186047567846124,0.6059965765784844,-0.3177637396269105,0.70808086546019,-0.5850376828351004,0.2680625456844583,-1.0456452516410986,0.2755660180708392,-0.3414310511245306,0.4061773105142955,0.3233173963443586,-0.8706779110388502,0.2505991527770029,-1.4514756503425783,0.9805222986653684,-0.5323008881686282,0.1886805455534884,3.032991951551726
Na,Na2-3FeBPO7,Na2FeBPO7,Na3FeBPO7,mp-aaabrbbl,1.1111537509287164,8.661925343936606,7.29505771522672,-10.846563991003974,2.367310644274458,3.927699699536212,-2.6270451043760508,12.351694389381208,12.541810240872618,-7.113015243069884,9.38798938668224,6.218071205731901,-1.5096187954685545,17.339365002062422,1.1536545372178908,-6.811901852193018,-0.2557797566120616,2.230098685707836,1.792296761879648,3.4063044972673047,-0.9315479041842474,0.2093843147605852,0.4822955232293089,-1.0576751770201558,-1.3194174512417975,-0.9056144737104292,0.6480368081909837,-0.992645798273906,0.3995418650358579,0.4009537338425002,0.3001417598520403,-0.1632659323448016,-0.0885814534254949,0.1223548911191649,-0.5471977941911981,-0.0730198106161223,0.1798068549176605,-0.3723630829337646,0.5351599775635616,0.1586023103591237,-0.0770280147874754,-1.0761960625441984,0.5941117272458529,-0.4711449292013509,-0.7863857815542816,0.920707028444164,0.3279528666537739,-0.3138672067834173,0.3105911418393113,-0.1135526546708401,0.2376411060199068,-0.2409988501293533,0.5478548903158869,0.4153172911771305,-0.4616661457849981,0.1955556118455209,-0.375606876759016,-0.116286493493249,-0.7266354797598862,-0.3894901134990395,0.1167279483568944,0.0421958326473412,-0.2490906595446459,-0.1762559011161471,0.7928834090481784,-0.6231264335895489,-0.4033077879358795,-0.8669349709920573,0.5319965714881499,0.02691208632976,0.73238336440498,-0.0605612869462917,-0.3611677395018549,0.0955858035092203,0.0706273658059516,0.1906785540680642,-0.1709875327134604,0.2257749089187035,0.2872665800195512,-0.028197287276385,3.662467991551725
Na,Na2-3MnBPO7,Na2MnBPO7,Na3MnBPO7,mp-aaabrsyt,-1.4088352849600525,8.805384476037794,7.0516337824164985,-9.031603799811556,1.757328053052251,2.4644670730925395,-1.598780177797964,13.528437862789325,10.316539578725944,-3.473361367012521,6.390597473605809,-3.653165687211728,-3.483830780043239,-8.80369735817306,2.183990636072252,7.552844424563376,-1.6048697080243637,-0.3916034423644651,0.3411087085534811,0.3923193115377132,0.4574975263841296,0.5914898817220086,2.1043519401705173,-0.2787072397333544,-1.5887445987544206,-1.5433066333454777,0.9940629067136656,-1.1398230149408195,-0.0540114290757629,0.610155463063649,0.5070234897501421,0.1038173365154858,-0.6947551796855052,0.2109061096267869,-0.0143777850405095,0.6337363351807421,-0.4996501654783787,0.1324278017594859,0.4499352210808818,0.1126764634638272,-0.036648057909895,-1.020248675750001,0.944246370909945,-0.6818399022103797,0.3568994760559234,0.8186596135179518,0.2270263976605837,0.0207433785039035,0.0708869804227668,-0.0602314266654504,0.5570774663415106,-0.6342663547194293,0.3879690618823628,0.4738046495001066,-0.3701448717585269,0.2362570293714294,0.0152911228524131,-0.2866359104862888,-0.8241579538177667,-0.4233319372699396,-0.0960274398573456,-0.28601258554565,0.0991497342100505,0.2246477841221164,0.6639333005792615,-0.6912489245355239,-0.6386054429172505,-0.9537804408471788,0.7812907060500007,0.0470094865496033,0.8034478810881837,0.0232988066289928,-0.2437872793883567,0.1239321493700654,0.0020729434691998,-0.061283108557341,-0.2638214477576265,0.4164619689476582,0.4721227082566525,-0.00959543870148,3.668716216551733
Na,Na2-3MnBSO7,Na2MnBSO7,Na3MnBSO7,mp-aaabrwti,-1.939685876949239,7.668868761342798,7.08673952277552,-10.753046762498506,-0.4428307701111891,5.068674019841884,4.039787474860298,13.68993148842361,11.161612122750206,1.7765689541206662,6.470329249502587,-1.4752061482323997,-3.949176187664324,-8.827583715641895,2.9698610295203127,7.9593384770101245,-0.3336868682391259,1.0828913381697247,1.492021676069151,0.0470337277872134,0.5121504479751247,1.2192958582571316,3.5968184479267573,-1.0489292761887372,-1.6557732347340264,-0.9854286541236136,0.579230569959252,-1.3783615264167923,0.1877345831634037,1.0780209650021515,0.2862840804039164,-0.874246453102517,-0.6329770398613808,0.7291051402833328,0.0131812445201124,-0.1120573100518349,-1.331796522766316,-0.2052931658821136,0.8238104273602699,1.114240291070221,0.2939022355939216,-0.8761884120287384,1.684388144257967,-0.9132585730879872,0.3032616468743542,0.8313322522801041,-0.4886818813270068,0.1495951052955348,0.2379734397763835,0.4640914817643119,1.0041354201546953,-0.3111987271021698,0.6078154543638705,0.1964065340989444,0.0496496596521549,-0.489650904304339,-0.0646076933114631,-0.1768004453012606,-0.358719302350282,-0.2268050421683966,0.149931753654443,0.0099902123006358,0.2069284362558614,0.1857728185952063,1.0097666207715716,-0.5480662602433395,0.4472100580718762,-1.1523268874611263,0.681572590420608,-1.0226069813419187,0.9024403939254956,-0.154717173098059,0.4387012385761249,0.4122432411330111,-0.9191232537138256,0.2501072727830336,-1.5565173505964462,1.001545538378494,0.0894188821992485,0.1398512633338428,2.614881566551734
Na,Na2-3VBPO7,Na2VBPO7,Na3VBPO7,mp-aaabrsxu,-0.2017481152552431,8.288776673222682,7.285071960032207,-10.306261469263877,3.3949684970224583,3.668951126346448,-2.7008547736568183,12.7733124460121,14.163982799742522,-6.798474140939975,7.53563361315442,6.352104077446014,-1.7682729519500286,17.386870239230248,0.9748631566610092,-6.507125213526123,-0.5719136325465939,2.5829296554447136,1.135172632066244,3.749124932433782,-0.6163056948017528,0.3502665767112907,0.7838452600995238,-1.294894034312699,-0.7360970215834008,-0.9200693376540756,0.5471782484531793,-0.2997171339200834,-0.1358690219066687,0.1983958423169816,0.379917076552108,-0.2672159046329081,0.2223507887960989,-0.20985318432911,-0.5303541630155155,0.2641003472805168,1.0969962283007306,-0.3844714411459045,-0.1177116188435414,0.6502924567345295,-0.3523216455039716,-1.1984605366583807,0.3664049460318508,-0.1596374442721334,-0.9767805313295136,1.232497465201285,-0.0952595301182103,-0.916796762000162,0.2025536423278602,0.6277584631844163,0.0373805781626491,0.2634105511508393,0.4001444882422968,0.2519796073520576,-0.4782921419900628,0.1143562922059148,-0.5580646352010252,-0.1458277669526238,-0.3650169595107901,-0.3580251514155325,0.2520923587109863,-0.0314420674250864,-0.3069107878721395,-0.1847459738036103,0.965960114522745,-0.5590006672469112,-0.356387588071027,-0.9215300734139144,0.5607216288403933,0.0394697845424754,0.4348833324023189,-0.1257596758648974,-0.4367742287940285,0.1853870679057113,0.0204823056619117,0.0319560549864185,-0.222279446703305,0.2351055314207219,0.4992474844736953,-0.0712974527304492,2.967536531551719
Na,Na4-6B4Sb2SO16,Na4B4Sb2SO16,Na6B4Sb2SO16,mp-aaabruqj,0.3971695763591238,6.254874530614474,8.219782435546518,-7.87109058204481,-0.8694193770872544,4.897023269528715,2.0271140669624894,14.457991260284272,12.949403813981412,2.0165723467773726,4.178265710028511,-0.1156899201234823,-3.582417179654928,-8.233807965220315,3.294123407813274,9.584225809956056,-0.2105531805245452,1.6421818785498292,1.9122569278314157,-1.0002651421702171,0.1837765896372038,0.151885671471055,1.8698880942635543,-1.7906248088313468,0.4078532576174042,0.2549712715682888,2.3795062155893523,-1.4728099347736694,-0.0291728799136684,-0.5918540548989276,-0.2463137993135826,-0.1866955338605015,-0.2057131743278455,0.9397044920098108,0.8924404819224365,0.4623160770450437,-1.6875005352784551,0.1829053696631712,0.0440969969692956,0.572114438367778,-0.2199104206605096,-0.989225250663579,1.503500153848939,0.1169905956151605,-0.7055436946089602,0.6766598926156155,-0.1327487236169965,-0.6819625647065397,0.6698282152514334,1.6064574877394255,-0.0044742728380131,0.5801387691154363,0.772607419583166,-0.2085644753260472,0.5206996816840747,-0.5651723075621596,-0.4468270177363676,1.070455161355124,0.4018469524760116,0.3088640684371697,-0.5140334303417262,-0.7667580288895721,-0.0071826817858405,0.223241940077114,0.2554423493924266,-0.1668159080970114,0.5018992432007389,-0.877261323203626,0.2637664464681279,-1.29907686883395,0.2186734868713451,-0.3012161463500686,0.1331278468556296,0.5802681775740721,-1.1792799499312756,0.1504965424465235,-2.004959846316619,1.2483889764735494,-0.2286212933826994,0.0301232021218669,2.051491209051722
Na,Na2-3SiBSbO7,Na2SiBSbO7,Na3SiBSbO7,mp-aaabrwov,0.5617629620319634,6.89128280576116,8.794559843193209,-6.022969370722616,0.7593024455489485,3.3168727756453102,-3.4313244284448423,13.876014001065816,12.48956255030178,-3.0107710600420767,3.204345540699681,-2.65547201634689,-2.8819736880491256,-7.921034322343267,2.380209769775305,9.223275427467977,-1.1959453702986993,0.6792757165568651,1.7896463003651335,-0.7093838580629668,-0.4670782354554626,-1.1058012230493997,2.2314914913434483,-0.4043852191763909,0.2633449281692389,-1.9864746928841683,1.3195567060813993,-0.8981391654108142,-0.2775390455452431,0.5228056978771914,1.0338040034088185,0.4464637567993492,-0.6775976606386976,0.1092661497834146,-0.0269628025940995,0.2614364165006236,-0.5777782248079067,0.1975118143644663,-0.2608981054590628,0.3962699794320705,-0.8654442104430489,-1.2620010466035674,1.3690132703719473,0.476001098841823,-0.973937492328002,1.0906143027567163,0.4317225975069543,-0.981790255409804,0.1716264406742177,0.7270355074849546,-0.0543300702282496,0.5693404930039244,0.2667311373210088,0.5273518986945293,-0.2086397067007409,0.1456927470731337,-0.7275083038856074,0.2701324658165175,-0.3251586166930195,-0.3177108005984224,-0.3493979444154952,-0.1680203787926856,0.0477102333656088,-0.0847542457107871,0.6862211343097256,-0.3154625044074998,-0.6920163761766516,-0.8505271054261904,0.9357263482779138,-0.0309884478370569,0.3344235459253523,0.0626406199156779,-0.55338614239721,0.3646280225192411,0.4059143040958261,-0.0564153370594572,-0.3531057360946859,0.2510653471349061,0.6946271526408442,-0.2151435322003898,1.6956072115517211
Na,Na0-1Ba2(CuO2)3,Ba2(CuO2)3,Ba2Na(CuO2)3,mp-aaaablif,2.746338681693229,-1.4525333693097342,11.621508299722022,4.787923471181276,2.281005360772108,-0.0188036419820744,1.1376576138844932,-6.084777158111613,5.23109689908435,-0.6061414171891941,1.0956934245013257,0.3817899132049873,2.3698118716056933,-0.7983185324398745,0.5947655319565445,0.763686884124545,-1.5090324786390483,1.2056004919127323,-0.3546760413820591,0.4861829596056309,-1.2388877842262336,1.818150690790988,-0.5566691662526635,0.3787689674603373,0.6822110641935394,1.1042539674339835,2.002350397905996,-0.1412029974372775,-0.9910918111696828,-0.655782497538964,0.4595237921065228,0.270528291815708,-0.0629144536273929,0.2345146901647253,-0.4720812961208639,-0.8595830849295936,-0.1796252682723788,0.6514380407104948,0.2719622924571671,0.560040380997004,0.272680832090516,0.5763860328435613,-0.3611680743538711,-0.2792595280014153,-0.4474480407840361,-0.5823459817216313,0.4922312468096823,-0.2477178735135878,0.7570966791726683,-0.380745953849762,-0.5508375093226499,0.7193767719177575,0.6168115542751156,0.6229796774391229,0.0790284450104643,-0.1635877351901716,-1.9048665794543844,1.1626753715795988,-1.054893014747848,-0.5996493550529163,0.0530116760788281,-0.2315984253558642,0.4084383256834688,0.8307211171067607,0.4161105083364636,0.2101578042684516,-0.5093016032660054,0.1394090648511511,0.0082287059403887,0.1265694061656147,-0.3129277076817122,0.0926727502690873,0.2870128785615231,0.0343802383243288,-0.0692315238313345,-0.3070819555249807,-0.3822752334777947,-0.2752106227154127,-0.4380586002443067,-0.1597519024651175,2.459639041551728
Na,Na1-2BaSn,BaNaSn,BaNa2Sn,mp-aaacctep,-6.819959506651908,-15.34272834088322,19.16768346280857,-0.9753915082569652,-0.7185604940112281,-4.740451869713128,-3.514910352104666,0.4114439109980886,-0.7736745103097731,-0.1277095123568863,-0.3812383164803279,-2.096889979084916,1.80911712100012,-0.8375638180290147,3.791876713899584,-1.4383216357318616,-2.8623565205159074,0.4887816089628778,1.612431561604859,4.704061288299588,-2.3508161155803826,-3.0138096839093538,0.9113971545037396,-2.8807501028697597,1.10895186109176,0.6102807558421506,-4.213921170653902,-3.1290533465115518,-0.5863835107692431,0.7996420914848186,-0.5382944517128919,-0.8075801812205705,-0.0919115468045245,0.5648961282889062,-0.441190601100614,-2.4354700794710915,1.0818429929972335,-1.1439640998728524,0.1371662279842971,1.5661046289270608,-2.0512768290377403,-1.3331546479076808,0.32794896111696,1.746955176112551,0.4875305727461528,1.356703798306304,1.0270035810582894,-2.1365009794084444,1.5363701825561868,-0.8232122239915639,-2.644878396219144,-0.3396924255837341,2.738116880067456,0.5175182525151388,0.7923981757449837,-0.9848137129346854,1.0821045332878096,-0.377722598590091,-0.5670408389290282,0.3773205763075179,-0.0389158983661418,-0.607613740287283,0.4761151748225225,1.209004875243544,0.581039546874219,-0.9727624853757414,0.0360693770818503,-0.0042132659247232,0.9599071524406236,0.7069860662702102,0.509135193698314,-1.150706481839213,-0.2154090810192282,0.5959483568423789,-0.7124646826983264,-0.3773127052348593,-0.8046069843706841,-1.0668021955183724,-0.8593217400284814,-0.3185711775893025,0.615049896551723
Na,Na4-6Bi2P(CO4)4,Na4Bi2P(CO4)4,Na6Bi2P(CO4)4,mp-aaabsjri,0.1900601234978734,2.554731373841409,9.062420164699988,3.9299075541811352,-2.248727002765908,0.7835014506381595,-2.640482966174708,0.2005355025122803,2.757835141074601,2.711502851948445,-5.558560394279676,-4.585687290106197,-5.963655252993147,1.2410344650553398,3.6846819753315727,-1.4444211901500057,0.3357360481323821,3.485366872114133,1.849267765611423,0.5412194815125959,-1.8071347019163515,-2.914865061746673,-1.3502250483281175,-0.1800879166943233,1.5299946574475312,-0.7114289985977887,3.2626368247117123,-1.8491481215408847,1.1970133847942577,-0.8817996735029806,-0.083056108658308,2.201216050565614,-0.5498138456269605,0.4166756227982592,-1.256075132837596,1.59841999234067,-3.0860805423682,1.4837566480355362,-0.0618173958757285,1.0889008557749535,-0.2843461386974954,-0.0526706567883904,-0.6514952141495939,0.9203709556618296,-0.4575203459411543,-1.5273869014389458,-0.9074314857197416,0.1117135285013651,-0.4463619333600732,0.0334288034184801,-0.0679696203074742,0.7154708246342945,-0.3682937442548475,-0.1616979931099477,0.0788434595621961,-0.2840600709481234,-0.0602649447208583,0.1608217007012844,0.1834721224245956,0.3971837810633393,-0.2130771519085495,0.5509412396271224,-0.3145057279217341,0.4064906770625204,-0.7250702536792429,-0.273547871601645,-0.5258625950853727,-0.1685490954255051,-0.0453575811038384,0.3555341843176052,-0.2886997994270647,0.04199760974904,0.0408048409854256,-0.0485319506994281,0.2728210229132644,-0.4740997182400921,0.5190208925657924,-0.1597880011868626,0.1838894646526878,-0.097570034249348,2.648505494051722
Na,Na2-6Bi2C4SO16,Na2Bi2C4SO16,Na6Bi2C4SO16,mp-aaabrtke,-0.0829139106328293,1.5984346063335175,8.223472548793998,2.5240994537674104,-4.99204918066288,2.8986545111555992,2.5497291133035813,0.7378586511389431,3.3914999284697647,7.226096834717973,-5.006861837089615,-3.2200066822960656,-6.25640928059293,1.2582876768014324,3.673211394690377,-1.0896637088614265,1.989443785925617,5.303373348686092,2.9212619745898487,0.1452849577655359,-1.3924468308911808,-1.9833173109642208,-0.1026334138112874,-0.4958571920886639,1.3526125726065803,-0.1479724295837909,2.9038753920689904,-2.061765401513824,1.836287031735612,-0.6909781228742258,-0.3278267391303586,1.4319634890168185,-0.5796063101603475,1.0252345445834254,-0.8061162577061036,0.921877162998126,-4.10393992328228,0.8229156269819102,0.6030344121590563,1.0705816819210534,0.1142373911236171,0.8719229564269184,-0.614995319302916,0.9703073389551796,-0.191774258733742,-1.5174509518284762,-1.751316921315664,0.5270227223835833,-0.303649850268172,0.689753127292784,0.2182620644082685,0.9981575086849644,-0.2546411400619185,-0.4360313793626797,1.1498359310314852,-0.8109005433692845,-0.1012002215014856,0.5658005140099637,0.6686163692781855,0.6429949231615618,-0.68639645655118,0.2984556655536404,-0.0342288539201399,0.6355950972845335,-0.7954912940586748,-0.1057568566795569,0.8286043363906919,-0.4614419355285236,-0.1979927051982405,-1.118296753775121,-0.3601744422494249,-0.1713064243816771,0.8542339361527987,0.1899573951657762,-0.9793677401577642,-0.0318557704658291,-1.2800838633913605,0.6373598123108525,-0.6042882914400909,0.0721749498976992,2.808920395301722
Na,Na1-2BiPCO7,NaBiPCO7,Na2BiPCO7,mp-aaabrshe,0.0921673161431617,2.588577900695554,8.38440234559701,4.83174099420754,-3.7897248468670974,1.1178349335414604,-2.8141970218126007,0.5728250872960046,2.432828857749069,2.1221262511516827,-5.107727150703409,-4.03637365942674,-6.509096087519037,1.267066245126445,2.8452289035462184,-1.143389640227673,0.3299869926081597,3.497374407440007,1.5653798304500603,0.5889459935719151,-2.5491751362667494,-2.207710115307015,-0.3353106239359834,0.7414059652564631,1.2516350615714191,-2.7335346742519837,1.7568204018855236,-0.8253967489067228,1.8664268740928087,-0.1284194042664816,0.510934786430131,2.2525106162133928,-0.8649125689953143,0.5060431362053351,-1.4108104774371475,1.4730757739216802,-2.624639654375905,1.046047504041737,0.2908210213666156,0.902498660428226,-0.3071338594631188,0.0723480089519804,-0.6904164460500815,1.1855401425352818,-0.2549470987892039,-0.7278216078637695,-1.106520197685651,0.4743024242672634,-0.3911796520404575,-0.196735330073856,-0.0603505991307121,0.9441946426557368,-0.4727100482801673,-0.030137193304869,0.451481041415978,-0.2747808208431359,-0.0248586989017145,-0.2149609729156535,-0.0252566206151387,0.4099495907944454,0.0228451519838026,0.8556198770537871,-0.0025831308009302,0.5715493638784134,-0.4823010502741902,-0.2820552036518,-0.7347563234755707,0.1183438661133149,-0.0590631692676317,0.2370950957285353,-0.3622086094513619,0.0745155451446987,0.2051207425459534,-0.338839751071998,0.0040262638238156,-0.5238070488278959,0.5781060769455664,-0.0215835633476398,0.2522885888764247,-0.1024103073723438,4.461097456551716
Na,Na2-3SiBiCO7,Na2SiBiCO7,Na3SiBiCO7,mp-aaabrwui,1.4155589570166718,3.4715428502462293,9.515127222002716,1.9316738942950924,-2.274108732506168,0.6701179040663154,-2.615613348417627,1.394679183578296,2.151928768797564,1.950347225488654,-5.29365836910955,-4.022643209215738,-5.218028809269933,1.524149578812286,2.428124018477432,0.6588313043951929,0.5960598575286977,4.32039043987586,1.2652015951832805,1.6038668373374616,-1.938705856329909,-2.778520324911344,-0.5995439688466998,1.8074452260018048,1.7378593557135948,-2.697888243227444,2.2673499435271,0.0911874949733718,1.8743229894724485,-0.5705282673977663,-0.793674854941239,1.778719749018577,0.0254916582761098,-0.2567149482525391,-2.428948535274781,0.862761393044268,-1.6621155416338746,-0.0257306570956107,-0.2939657605915293,1.087533869961481,0.0371422732546738,-0.7263602792716836,0.0945604464737054,0.2609485610044941,-1.29097777465013,-0.0337605852422776,-0.4143799241600163,-0.2103292365347406,-0.1884618809943378,0.1611246456565883,-0.1126933324160207,0.9182234638730972,0.1687942666890677,-0.1143789435643204,-0.0214661956193929,0.0693640475138858,-0.2041567184835613,-0.4317848145504539,0.6984758952058236,0.6400308812992372,-0.1918787404423887,0.3966250988552277,0.0444289924009576,0.2807682721983739,-0.5009175852619846,-0.3105921455542552,-0.734062151064665,0.121091741775021,-0.0732193134477651,0.1924624349631282,-0.196480348548293,0.0475546130187707,0.2606294816363322,-0.0517137748999337,0.4059356539151603,-0.3126896596170908,0.3546194041338949,-0.0426640673472221,0.402841052627888,-0.111164798652848,3.485697316551711
Na,Na1-3BiF6,NaBiF6,Na3BiF6,mp-aaaabooq,-4.427357333436193,3.5884524184221696,10.26652005333533,9.211086780727472,-3.16379767918326,-2.4561328039384858,-3.385457076907681,-0.8000722989007578,0.3422562277258206,4.969799147059387,2.846146556555098,0.7001413746611758,-5.9563874981962845,1.7474411637269338,1.800015398956508,2.902218932611948,-0.7565486875930765,1.326578132632311,3.1940863642892734,2.228234569061402,-0.1634227729860577,-2.353843940550765,-2.833071148119472,-0.8819775307936727,-0.0248064657407251,-2.4796772473591675,1.976222399891953,0.8632085253728513,-1.6239086529764055,0.4244175378080579,1.365779243756276,0.8976178223439656,-0.1874000538871261,-0.936355679484124,-2.1346871639346263,-0.7989738616141336,-2.4910157907920927,0.4241217256747397,-0.7318423090340407,0.1367818742139406,0.6352460475527038,0.514109549606488,-0.5261760736093637,0.5693400601300944,-0.6905669119433323,0.4648905050248387,-1.4431857297186033,0.3866466024162137,-0.8355217641431275,0.2501226137974078,-0.7465480132535294,0.3455895967260265,-0.3973912552839987,0.1245129412447765,0.8578550591215083,0.1313598572530191,-0.4598942163076308,1.2521485819956817,0.166209763984075,-0.0122030252382131,-0.7070357122735981,0.6597508697611991,-0.5765839895131496,-0.5422491492574513,-0.3056763869443414,-0.4597878549610925,0.2433961228926904,0.1065261981721,0.3291244884782196,0.0155751694464553,0.4643786034282383,0.4382060106920633,0.321397614461446,0.2472931423328224,0.180644441827758,0.2087387519609078,0.3110971735452824,-0.411422482885153,0.0700875314115826,0.3197890953492282,3.667185041551722
Na,Na0-0.5BiO2,BiO2,Na(BiO2)2,mp-aaacylmh,-2.2831430692553845,-5.422708714627192,4.026145136970388,13.421596345871354,-8.545705143666787,-4.040697713572707,-3.5119113144318588,1.7734647626902107,2.6636276280193,3.3566647248079438,0.2292512897306614,-0.4632662882639708,-2.054695839001448,3.332722716345597,3.4733844960927893,3.724648202537388,-0.0036060006173813,0.0985765085134139,-0.9740070439927764,0.4671770868322,-1.9888838634349917,-0.572979657210886,-1.413686318764376,1.849416158682601,-1.187242929718079,1.9943882103937287,1.4952412194041234,-1.022504569698409,-0.746252341048432,-0.0971975128522597,-0.7528902452292873,-0.0423528036773338,-0.765657750087517,-0.0532923696307338,-0.4346333934236665,-1.752684256382522,0.0832216021576214,-0.2372350655425148,1.2899949783464282,-0.4402517580124469,-0.8701803840832254,0.8700321783553882,0.5506293689599114,-1.3731044921918187,0.4218380685218891,1.6409094140628036,-0.3950742999651999,1.2383079442052127,-0.7272842913076644,0.5943842057847146,0.2266672119152391,-0.3120575751436519,0.5078304083910253,-0.8143443654021043,-0.3099514185704,0.8268602320758901,0.1835695327603657,-0.2144411624234868,-0.1448571595839509,-0.7002195229312156,-0.2757098899510111,0.1594454446119682,0.0396654208871008,0.182721885237346,0.3991079572515859,-0.3992403026788422,0.1562603045648318,0.8653272432670897,-0.1360135301599718,0.1861473069231212,0.0461324741199223,0.2738870874561271,0.0968088588439609,-0.2459854091924163,0.0362985429797285,0.3651438605522462,0.0574239028620442,-0.0826995110263091,0.1179129401838786,-0.0415490388306772,2.758700919051723
Na,Na3-5Bi(P2O7)2,Na3Bi(P2O7)2,Na5Bi(P2O7)2,mp-aaabrfuq,-6.338147936149364,1.0688673118725562,9.488620245129196,7.71439777078901,-5.162682966733489,0.1064853405068482,-3.9048175742987823,0.1322150418028239,0.0722758168610146,2.378498237045456,-0.2503644534464693,0.2073009978219058,-5.256013882497943,1.7840334084256475,3.662753084245027,2.607599556076578,-0.6581179579678827,0.2504654788759085,0.8857117078268189,4.274570120326375,-2.855546111535781,-1.934139525460438,-1.2168886016112594,-1.2371640340921426,-1.1910132210848696,0.2142599853964457,0.6329362173739067,2.4111313178359013,-0.3786072045208887,1.443705769895298,2.038775451999564,0.8066169202419149,-0.5111795013010527,0.2735267986432239,-1.7359822461950225,0.176877371884472,-2.9639752792727103,1.9115619740298757,-0.6050759241046484,-1.1743629098318284,1.170328471158578,0.2445289592717884,0.4702568343669052,-0.5191805283155255,-0.6115204907278994,-0.5316157609136583,-0.064725857876323,-0.8323235806463891,-0.5501828844476415,0.5103762969660127,-0.712044422509694,-1.0978121347800192,0.0702697290799742,0.805586814281668,-1.3252783568943292,0.4557793598119957,-0.7795979497893796,0.1001722193746304,1.2162781177137705,0.9898114428066648,-0.5378253676178292,-0.3310730492573816,-0.5251640671871554,-0.9876458554223082,0.0533660439910722,-0.4750532191325555,0.4022622606781211,0.2207175542694105,-0.3582873168854612,0.0224249212230021,0.8051767050820072,0.0905950660734836,0.6680989950538654,0.522839100088268,0.3723937381867616,0.4598540912356592,0.5169812892585043,0.0635502601733464,0.2003766480563716,0.517097774596945,4.666740184051722
Na,Na0-1Bi(PO3)4,Bi(PO3)4,NaBi(PO3)4,mp-aaaabnic,-5.928425883398341,-2.3584644669152386,1.6760000900975172,10.97254945747326,-10.053729948909908,-0.430236097223055,-3.4568319595844907,0.9980483610685876,2.1498051177792568,0.1997741086889637,-0.5665689270536439,1.2825955122224215,-4.609538988870383,1.8120479542828207,1.77854006742426,2.618721055134734,1.1062499271788178,0.4251959372853307,-1.0445186676245366,1.0145402732376565,-2.138573912364728,-0.548679903066336,-1.5130010572923231,1.9606896971435557,-0.5731524817056022,-0.6295166556526468,-0.2849384869920136,-0.3834337797017432,-1.1780639001191455,0.9746505683488772,0.3593525402121371,0.3887593386291648,0.2019546739910413,0.0798550006997291,-1.6332983873410925,-1.3454964852958864,-1.479324688369407,1.098690107412124,-0.0495632947118877,-1.5796009184848576,0.6846929699548591,0.450904009683817,0.5380047809797085,-0.7690055284714139,1.2635069065848616,-1.925787418704088,1.5853254082941697,-0.4451724213373996,-0.391618251698104,0.717200666876485,0.199182917090847,-0.3520669781647821,0.0629298386836762,-0.4562898926970437,-1.4630848231246203,0.8629541858382854,-0.1946323747634442,-0.185786856696548,0.96909566532822,0.3212075771500295,-0.3205827206739753,-0.4518975871949744,-0.0156941146362201,0.1499456336569269,0.2411672769934641,-0.4546702500307606,0.5239505041009361,0.6821132881230718,-0.6017739360462404,0.0626784601705811,-0.0803057964131796,0.1337996824823833,0.3293229904953295,-0.5435859778444143,-0.278753814847739,-0.0633289408792737,0.2013711431308195,0.0308600990816371,-0.4997315159083009,0.1989993016992581,5.355895026551711
Na,Na0-1Cs2MoBr6,Cs2MoBr6,Cs2NaMoBr6,mp-aaacqrvx,5.763179681979648,-4.256095563992828,16.454434472166582,-2.067515956379436,-2.267252877796129,-9.494558083074065,10.297847943283454,1.237738120639278,-0.871745862642398,-5.989617384545625,2.174815681248659,-4.167158186752584,-2.5021037238111323,-0.4831410427291273,-4.66658366133542,-2.036432438578476,-8.173007783867778,2.7764562634696266,-4.569901169538172,-0.4253341464380425,1.5979656045592705,-0.685154529570761,1.0762914710797746,0.182749503575638,-1.2332378094687484,1.5848431408783088,-1.47624195508418,-2.499697679178371,0.9676797876018928,0.2392959559403906,-0.0332684143469628,-0.0604296449294169,-0.6857636078972409,1.1756259903463255,-0.6420211431785928,0.4941364315824125,1.5093614350066076,-0.0233942618642061,1.013753552339377,0.9564400241087572,3.2734229029138167,-0.7867100898427134,0.5988436036301811,1.2530615157556502,1.7033667285609486,-0.5321843367701273,0.4500937345578618,0.3979488552599123,-0.2306089319336282,0.1654651776707451,0.2542292906620961,0.5374866065753574,0.4888903003818978,-0.4398560212838378,-0.7271522929068894,-0.3398006065165782,-1.3060857844073146,0.0127963942326346,0.509224433336356,-0.4337246906667537,0.4129934863607689,1.301682539836571,-0.9054688507503652,0.6251218390921327,1.2867375820409068,1.3971320108002154,0.1365162229768639,-0.3736646994276618,0.3293977101231566,-0.1949617078697381,0.153324536322548,-0.6302281930369256,-0.0616112535943023,-0.5044294983919266,0.5071062851601316,0.0981897368360768,-0.3984096331165415,-0.1345332244744454,0.6266604242721023,0.2413551597222324,2.240447146551727
Na,Na0-1Cs2UBr6,Cs2UBr6,Cs2NaUBr6,mp-aaabetxn,9.725128324465992,-7.216014850260949,19.682356860365537,2.720357596518776,-6.212568725511824,-10.338132565385031,7.815858260567639,0.6572968783569743,-3.4594242056119806,-4.212230418347306,5.462588372285533,-0.1750715007575889,-0.1703237611798442,0.5776619017543735,-3.009505985001784,1.439186047051183,-7.6107518221137,2.09977124545403,-2.984808676898341,1.5177939948042691,0.044210508553423,-3.36892161824227,2.4514225823327584,-2.3840377818168688,2.863875905370008,0.7430433126449297,-3.89850570558965,-0.8306709028359015,-1.8010813341917975,-1.1491378413612083,1.0260584945030051,0.6695536671825582,0.5779156433868776,-0.097498742038024,0.7343318026663761,3.6113462114014174,1.308514895075912,1.012369347847261,0.9742630812404396,-0.8710649959583036,3.710734068546767,-0.8918647974179537,0.2661980043400446,0.6341621684935488,4.255682873014722,-1.983115878537966,0.8958323756333191,0.7426595443492626,-0.81747195983108,0.6864741162187401,1.207391554670992,0.641002388129203,-1.202700083550463,0.0862511134132505,-0.1956164266482172,-0.3397147349613009,-2.2226249583558624,1.0730126296397395,-0.1183256704667075,-0.0852533328845991,0.2492566181261473,1.8908617939659251,-0.9220776579302524,1.6771622981220264,0.7846804244996799,1.1976681787542116,0.5688498225919695,-1.6414252871539532,0.9188005378562224,-0.0317421775036251,0.2499413587080514,-0.3211217950692646,-0.7057386394407266,-0.446399791413971,0.5139650711767586,-0.4951629910772778,-0.7647631498438578,-0.3085978972003112,-0.3536502412331102,0.2698694170124742,1.146542039051727
Na,Na0-1Cs2SbBr6,Cs2SbBr6,Cs2NaSbBr6,mp-aaaabpvh,-5.2453097506829,-6.810992239133833,17.03604394606655,5.980786271795817,-3.3073340520542795,-10.141190318920016,9.258971372420389,2.2412719938199226,-1.1600230705109922,-4.740239795397401,2.469624342164389,-2.52389332302122,0.3087470198804483,0.8260391182581482,-3.1895997169420416,-0.0654999775593045,-8.497495058982851,2.6213795645782416,-1.6624884554939354,1.25832267239468,-1.7985569556473775,-3.295875531489315,0.9048261240585838,-0.8294526929558369,-2.019251773740246,1.048077793533947,-2.6011075868377973,-1.8165687366707497,-0.3091889762946184,0.4680137345284123,0.9198352776370609,-0.0568218258946917,-1.0182629625030606,0.9113196407772184,1.1350135318414971,-0.2728201929122629,-0.463890927627107,0.3104406212056849,2.380513019803095,-1.0676775073177496,2.025078555768104,-0.0915130008752753,0.6467204537742554,0.9598679981460556,1.703619627024251,-0.2078747996780387,1.3496899452654132,0.9412104663298576,0.4530338820678571,0.9419558245611293,0.107439181750191,0.2248186356103244,0.6977372332579501,-0.5879651990362286,-1.106424304469038,0.1474144664800502,-1.461630933088172,1.8107454280719792,1.0943821126170827,-0.3531732231236117,-0.1174266050293249,0.9396743123899832,-0.6803799121951202,-0.6350345291364925,1.296202169599535,1.0357280153070612,0.0810991209731436,-0.096652600401621,0.0330249341161397,-0.4825700576979247,0.759494430384366,-0.09016780878122,-0.2734992306750199,0.133265480303456,0.4191076171828607,0.2169082999719944,-0.1570272112053817,-0.0491186213183515,0.3971883898443151,0.4349818974352921,2.658470926551722
Na,Na0-1Rb2MoBr6,Rb2MoBr6,Rb2NaMoBr6,mp-aaacqprh,3.2651991454047216,-3.798349590442521,12.932167087216673,-4.872143893090928,-1.7369898072748131,-7.754446947387672,8.293232161016967,0.5620515214103143,-1.180038202541886,-4.7753548772013605,2.077371337470265,-4.749557751772574,-2.767048787451939,0.0990126102696524,-5.3284883043269655,-1.64853757046475,-7.6429648207665934,0.8851150489864423,-4.33857828144528,0.2723922342428707,2.012473501849129,0.0413805766752547,0.946676328892184,-0.5505080096277778,-0.990895958394404,1.3166881982160863,-1.7859008999811208,-2.6167807878665594,0.3731316440391427,0.3166480144262058,-0.0418149070644244,-0.2118447748181979,-0.8898624979237134,1.4224876270158322,-0.2414935887703211,0.5880650443562039,1.4640348551149625,-0.0266265384353518,1.226656764061748,0.6503590762588075,2.862854985150274,-0.7702305431347515,0.2149532055523823,0.8642228595827303,1.0251207106574975,-0.6310622596054627,0.8551235946381202,0.7766888301641636,-1.1189170663012793,0.0876219754345647,0.8654305812843374,0.4167622509881455,-0.0528097224015548,-0.252543056406751,-1.1917453233865067,-0.0476970206750176,-1.4340109763090074,-0.3280899559115921,0.6183139833449492,-0.2297259712035326,0.3957669311532455,1.2167402237737548,-0.5146097295449249,0.7673833068831619,1.4634106875959496,1.2605407066158971,0.1780932293708906,-0.7622868325558191,0.1912695268539485,-0.2667987265194215,-0.1709412784275248,-0.7834502208643952,0.0993247531820448,-1.07329610097412,0.3951879328486092,-0.0731928489247993,-0.1957848332999618,0.0861283027567283,0.7602629063458186,0.3951128212936614,2.18916240655172
Na,Na0-1Rb2SbBr6,Rb2SbBr6,Rb2NaSbBr6,mp-aaabxibk,-7.169962839996774,-6.569618553182921,13.880758428295737,3.661215309224664,-3.162416923721714,-8.293553682346582,6.929274683448865,1.6712631918563772,-1.4030501936285242,-3.2415749301380825,2.409172580957546,-3.02571566408653,0.0406743267144692,1.397192424449205,-3.8091844391292766,0.4704546198675373,-7.801273653651514,0.9499764258345436,-1.3581592922058177,2.0955520203700853,-1.481827011308171,-2.7411125737595867,0.606586651194072,-1.3264002780900426,-1.6426665903493924,0.680426622351573,-2.7780757186347165,-1.9673793730486104,-0.7998714453609119,0.4973164688749197,0.9343399435596476,-0.0503258601739258,-1.2432263742075895,1.1392970612973887,1.3345286359388144,-0.0583007294414765,-0.672851451541588,0.5245891329760941,2.475815037417483,-1.3637589781562869,1.6740409444087376,-0.0851195279236356,0.2825984428401381,0.7140209426945072,0.8934544109478348,-0.3800483871032211,1.7345569894998203,1.085583355940637,-0.5275680876302516,0.8083878347169918,0.6274519090397106,0.2069061642561219,0.1542254454363567,-0.4700199493535136,-1.6564463508208016,0.2716474406080336,-1.6484922932830468,1.5118373931810236,1.352217780535875,-0.0927461382077401,-0.2538124848934754,0.799159878335594,-0.3069801190098207,-0.5565064015155476,1.3695051742424738,0.9682912036926278,0.0931550907577997,-0.5661029323771524,-0.2448845317725552,-0.5127003375941298,0.4970400484595914,-0.5353748487459256,0.0301396083323283,-0.6937311859879909,0.4601985287668833,0.1925682345991305,0.2542017738811254,0.3131058231004862,0.4587811644376094,0.5229306748714593,2.557676156551721
Na,Na0.5-1C,NaC2,NaC,mp-aaacqwco,-9.416517984831405,-4.51880028592653,7.650933835882232,-9.07173692971049,7.636964640996488,-3.336490464671474,-2.9077668614999643,-1.9894139252615133,3.059387719045488,0.1325179681992229,-7.47122661452387,-6.94815807840458,-4.943729327258796,-0.7398234942351205,6.117443685392698,-6.4551814996416335,5.705404227116804,5.229470056377718,2.953418755044107,-4.717128149795718,-2.355590869633492,-2.464598190498244,-0.0096149456642009,-0.9737190947763216,-0.3280494409586036,2.103722131731534,2.752800429807173,-2.089377773089818,-4.512757201058143,1.7885853806577603,0.347321879378602,1.5637983403574638,-2.3773645601199744,-3.4411057362688102,-0.4645535289835791,1.7844023567428708,-0.6432477907875317,-0.8796802883938153,5.2309146263049895,2.621416233424278,-0.8930446637753587,1.4332995521383145,0.791036974049725,1.2842068281382482,-0.4196138347431841,-0.9065805444588584,-0.1440669302396348,-0.4835049342096553,-0.5486703895795044,3.4063945227444195,-0.85401218614508,-2.091040830328108,-1.7604585456491904,-1.920840536122769,0.739405462122608,-0.0468044337352006,-0.3297332965196517,-0.1310370156937699,-0.1637662071589927,0.1512431562967021,0.0434835566107712,-0.6907918565184509,-1.5424156586134383,0.6304402337067452,0.6743103834546283,-0.8335371533641943,-0.2045883467415248,-0.3986841177512567,-0.5621612654776081,1.3469537801508693,-0.3862840796507736,-1.1703020052499866,-0.2297253130136932,2.034878702869307,1.6186046666006724,-0.5952967878162488,0.8527056771424855,-0.1008675589368433,-2.1118595458565177,1.0965136404883318,3.250765886551722
Na,Na1-2CePCO7,NaCePCO7,Na2CePCO7,mp-aaabrrks,-1.3142518874531737,3.545702972412089,9.011993442132738,3.1180370795917804,-0.6632551938329355,1.7341212179103498,-2.0990613018453423,-0.0403079241488802,2.0272941241464246,1.3937654020920975,-5.952817150320152,-4.368744237064082,-3.1328932063550576,1.1206653098116943,1.3907371811544076,-1.3548065454246914,0.5893629064043424,3.5176640427669725,2.4499424862926777,0.5352434221462018,-1.6284869311995545,0.2266350911871679,1.4962957441034823,-1.5682408212567218,1.134031551264489,-2.345307394775342,0.2224172512163711,-2.092885199270213,1.4313899664731904,-0.1697660532662245,1.2884695105529986,1.6430276528566383,-0.7105581685321698,0.203514694365833,-0.2601579651909178,2.042725259167297,-0.329664738311922,-0.1852361764223198,-0.2518871475685893,0.2934926165720989,-0.6651730414951501,-0.8321250125038515,-0.5472751985617994,1.4158388406010245,0.3026615820712501,-1.974347122521356,-0.5926368168069489,-0.0449841079786469,-0.2801391480920354,0.2961171229790186,-0.2259263836815607,0.7014740130034114,-0.4022426507023313,0.0722783199870161,-0.0757760400486476,-0.894390497567269,-0.5828164386220186,0.511177766878593,-0.7986211805287101,-0.4400567896361288,0.0884706880883113,0.513836705224422,0.0932212389662343,0.7578680801894695,0.1599322352250827,-0.4940301907547832,-1.0059502935347002,-0.594946242910754,0.6945095616037515,0.1842142318259207,0.1673384123692241,0.4400062852651316,-0.6698811775229461,0.3780174345277867,-0.0823276869365159,-0.7089146242537876,-0.4326934198278176,-0.1442823213064001,0.3789073333761907,0.1165716736701732,2.552144956551718
Na,Na4-6Co2P(CO4)4,Na4Co2P(CO4)4,Na6Co2P(CO4)4,mp-aaabrwwf,-0.2684525798347893,5.744904731975331,5.557967357137842,-5.083018684327518,0.7640350128487058,1.565503461855274,0.0106834936463639,-2.2537806640285925,0.62073837886092,-1.703610026467012,-3.218757420113631,-4.630361088984915,-5.526219155549921,1.89291450140978,2.448672708984328,-0.34697256545807,-0.183873266308907,0.8360218163699966,1.104063302994064,-1.491299602424443,-0.1505250086464581,-0.8162248658363458,-0.0500388646900678,-1.3101262369050457,0.132169084933372,0.7143534300659269,2.256766408599797,-1.7302903576933837,0.2447755305217993,-0.3136697038745008,-0.6004675936375273,0.2608267483808502,0.0138554483051653,0.5210053072063309,0.0554995251961312,-0.0240981699287176,-0.9204385970785348,0.7685441997915006,0.2935192479768108,1.3731382044074565,-0.8844616503822781,0.1425565465934121,-0.1039825509600413,0.0154428966801473,-0.1512305350182611,-0.2955126570347771,-0.242608393942183,0.3918438504284086,0.2590867702996048,0.1593928300766797,0.2997157637934914,-0.1030563620429,0.3238817528961014,0.3850297424752417,-0.5168216356724451,0.6725708889505562,0.155712873736799,-0.201424921029313,0.207135436327882,0.1066334722216544,-0.154205409924966,-0.3012953473667233,-0.718309715493439,-0.3985870215225646,0.3047513879449228,-0.2129012117094499,-0.0905055063698244,0.0024506668869844,-0.2911000913297367,0.3304498710696535,-0.3504138928949165,0.1305705424900526,-0.1123715307181765,0.1505446389895657,0.2353449904050258,-0.078164588478165,0.2521803388673518,-0.3121050463746463,0.2418192857102169,0.2207760928133195,4.224462604051727
Na,Na1-3CoPCO7,NaCoPCO7,Na3CoPCO7,mp-aaackrry,-0.5044755258892045,5.868461876153992,5.196610368700589,-4.811298109601638,-0.470283127066348,1.365648804217003,-0.2240792075276038,-2.220408864674454,0.3207060621069372,-2.203180918350088,-2.591770732964035,-4.095962447245467,-5.871001874369842,1.9524509993043455,1.848919204407543,0.0125727087543391,-0.1582962597658925,0.8538105618679007,1.1570119047472784,-1.2021019906478003,-0.0635630737199607,-0.1758152904884514,1.46006923006571,-0.1228632685941999,-0.0484410847074613,-1.228019626928731,1.0462580246910889,-0.5450111329960733,1.0102305500605315,0.4978282354097574,0.1195996652691957,0.3508830716676132,-0.3009686035627003,0.5452494622941665,-0.3078675674397798,-0.2556128719101242,-0.6276529080833438,0.1385349646124494,0.6356068082111642,0.91719204232808,-0.958046923631736,0.6340580915675371,-0.2643073067972895,0.422763480700899,0.1397682405558893,0.3300511795326033,-0.4237350781267568,0.2902221277596336,0.2659529690109173,0.1237786461494089,0.0195851221788128,0.1014566739164122,0.2336382491739227,0.6330485713902305,-0.1352549780727001,0.641197547814568,0.0666066315936734,-0.5891188537254383,0.1676433313676774,0.0109526232352613,-0.0240489488165302,0.1997427220853751,-0.3546289625404119,-0.3704422490127294,0.6121129953616102,-0.2389956984764229,-0.2961149270750418,0.069604143928122,-0.118754165072852,0.0114303066817355,-0.1997072585474505,0.1674229563996585,0.1390312287464659,-0.0914106236930006,0.0437835837064571,-0.1550481591532146,0.3521591838079091,-0.1185228430720345,0.3773184426441589,0.3114447885066639,3.92340555530173
Na,Na1-2CoCSO7,NaCoCSO7,Na2CoCSO7,mp-aaabrwgy,-0.6357050321919938,4.989746597491098,4.544408278454723,-6.539342953766121,-3.006924581951381,4.4662779588205055,6.08218698480356,-1.505466960761726,0.675097646962734,3.2401903831597934,-2.018927141410722,-2.2347566475258533,-6.36225596506045,1.7192394189353215,2.219360528114452,0.1855023721203876,1.387746458707348,2.5794803729653357,1.9142008105861623,-1.3777852586680095,-0.9286846318445936,0.6344990361714897,2.3087043366378857,-1.00288214742889,-0.273976760522892,-0.7161789424607353,0.2353107605105304,-1.1455375203771057,1.1492715378538745,0.907250326234023,-0.1718044459483565,-0.5907726171816619,-0.2495826324606744,1.1433477957923432,0.073671992492495,-0.8703442881318703,-1.5228978565456204,-0.1632776386415889,1.0479004644996543,1.78146355048445,-0.3457193374134567,0.5164394713023439,0.3786344517106776,-0.0789934132430663,-0.0251952455658929,0.2204459616527976,-1.1138608334837796,0.6351646049232686,0.7076147765244978,0.7463713992294971,0.6118210467432217,0.2308199631357635,0.472776299327163,0.1722187110524438,0.4197212558644135,0.0238710905598671,0.2305120354664928,0.1366983139614191,0.5557928594150895,0.3461118087715415,0.063623409571607,0.1100602680251126,-0.2269739352303448,-0.2160918421905154,0.4021164227228961,-0.2357840381808917,0.6856295979358463,-0.0757327830773141,-0.4767965908789738,-0.9276571737892108,-0.2593773175182667,0.0179113133493072,0.548853146352942,-0.0401463087282685,-0.9556134345308972,0.1053926345133872,-0.6293819924731334,0.4946491212490927,-0.1354468181676221,0.2187258898042157,3.832828926551731
Na,Na4-6Co2C4SO16,Na4Co2C4SO16,Na6Co2C4SO16,mp-aaacoyfi,-0.6684499187659699,5.206678561936907,5.520433362530531,-6.812396666797838,-1.3169334956318868,3.799871395879329,4.920637977691536,-1.6602610186243787,0.825556430399051,3.080498578318384,-2.5328521553083827,-3.2498481279764126,-5.981392037683838,1.645436616179141,2.4595091014528805,-0.2816390644786591,1.2702868573740596,2.2279879933246693,1.9711696662363212,-1.4941265902174323,-0.7338167575838003,-0.3010609507174007,1.345179904101054,-1.7167453181805463,0.2287093379325178,1.5988269189663629,0.3634288521158863,-0.5829044587075952,2.244877108628468,1.325998606411347,0.6168218774194388,-0.3459053921369626,-0.486424570370183,0.397895403686549,-0.8755776571794748,-0.6467067353253813,-1.5736713359013514,-0.0535277681123368,0.9616435461540916,1.862709491448084,-0.6494774880478182,0.2791487659485633,0.5835407680304343,-0.6918422571287884,-0.2020047842451287,-0.4254728648703102,-1.0329650853277383,0.5787206036786754,0.6137528248975817,0.7269116825085189,0.8160562912286982,0.0709245029808773,0.4923903507411825,-0.1093669073671932,0.1718840828998246,0.1095618602650694,0.2970536974389846,0.5678035494068533,0.6569424322262751,0.5525488837500462,-0.2383349060123468,-0.4165135463226088,-0.4382673132350004,-0.3538784887668526,0.2280856625096536,-0.1654180269092431,1.2614972442066703,-0.2826034616555094,-0.5128224147935868,-1.0742364265106434,-0.2748026177541406,-0.048148831445232,0.6530336715591533,0.5040886440378973,-1.076426891137154,0.289384333857862,-1.5735156556413268,0.6970685359377794,-0.3899812815418759,0.3206081902580861,4.203535884051735
Na,Na2-3CoSiCO7,Na2CoSiCO7,Na3CoSiCO7,mp-aaabrwof,-0.0462571132945535,6.03423456122094,5.95349891079427,-5.8081624278256365,0.9791466129171116,1.403016676522194,-0.1643107085951479,-1.8301572096587624,0.3013550136444884,-1.979015711417972,-3.2729211888994105,-4.338518356962327,-5.121047939727378,2.189103695411287,1.7534823497818333,0.8616520036717837,0.0224355479643305,1.4305314660811366,0.7970635495852169,-0.7123099252390531,-0.6421852431800866,-0.9986306181883527,1.0856526004670182,0.1662738808616678,0.1744209651622746,-1.2138400939040737,0.9907856957750673,-0.6440359236246721,0.5725435808610574,0.5776168821573812,-0.3557235645314547,0.1287053315839728,0.0493872438994343,-0.017685804584016,-0.8796787188397291,-0.5141078914921529,-0.3721843042997896,-0.3043122611872049,0.1785495009507457,1.2182612988151265,-0.6262538345094265,-0.2430729992021568,0.4036441935250242,-0.2673208433170555,-0.53676574235164,0.3163419343547349,-0.0993910050618585,0.3758182171500842,0.4489828344365115,0.1927823222425563,0.4476828009066938,0.1035512897124862,0.323207790951174,0.375558514404047,-0.4303883791611801,0.6975507591501896,0.1699617149868081,-0.5162603076857778,0.3052038289819833,0.1677074193822788,0.0229545292805847,0.0150182342048077,-0.3994626707130859,-0.2924284645676366,0.1725326936170724,-0.4569669167371803,-0.1444479421466157,0.0742114240097349,-0.2485978360957858,0.0864835629151668,-0.2967561498381196,0.2382604514624303,0.0959892837092593,0.1000586708147543,0.2179304005149089,-0.2670964678031,0.2903897410436644,-0.1798181838958401,0.3203044825295508,0.0741574446688028,3.220914926551717
Na,Na1-3CrPCO7,NaCrPCO7,Na3CrPCO7,mp-aaabrulz,1.1584073007384403,7.0663344056226,4.81449391376062,-7.103878797942257,-0.2012337309937179,1.003861859803909,0.6630597626033551,-1.662297221345874,-2.2319099136770517,-3.1016997710078296,-1.8615879885158748,-4.284225711114331,-4.918583608940448,3.44124435407188,0.9136340238591728,2.7403685291668296,1.063321487024568,2.1700941643701417,0.6650727655718818,-0.632539727464826,0.0272556917192162,-0.1939632870547623,1.34549984788231,0.5936299062193773,-0.8552036623620393,-0.7630858054093919,0.902407634461378,-0.5732966537544139,1.1822575330117333,0.3303476270488271,0.0348817198796523,0.121111392400157,-0.3523851642342928,0.1979902222100515,0.1758912085661298,0.054468618885994,-0.1701087937031518,0.4632654540220832,0.5331045942498055,0.8303501558178523,-1.527867343957907,0.5618747601074491,0.133267651959613,0.0522744244590757,0.3819205995913767,0.0579065656132632,0.2712713692587425,0.1453993062997122,0.2656034088739117,0.2530786928216406,-0.190989521917409,-0.0441370612862611,0.3720564786159812,0.9783786677040596,0.3163685592738602,0.7835555539006025,0.308786086611336,-0.2789783858840218,-0.2104088927429889,0.1804956454847052,-0.3044679811169969,0.4444987986839547,-0.4511750045752765,0.010059562963833,0.4567798874911032,-0.149516399445151,-0.261025526963986,0.0307230571294185,0.0206817111065522,0.0425015330657561,0.0172525827546206,0.1550804762651292,-0.2088575981460297,-0.115239021071997,-0.0715709290573907,-0.0110096090731591,0.1633048671846169,-0.2137466704611141,0.346505470528698,0.3221235803852331,3.031012679051716
Na,Na1-2CrCSO7,NaCrCSO7,Na2CrCSO7,mp-aaabrwhh,1.020678043740922,5.950940763990155,4.220779156110705,-8.746819984533799,-2.590503319208235,4.202267717884266,6.757390760128128,-1.2858490086262442,-1.442178003308518,2.143281771057597,-1.9091538203115812,-1.900798662983592,-5.420367263349265,3.324674208786256,1.4909964424310411,3.1720436950841995,2.378743268756064,3.6536870669812656,1.5504854911329005,-1.2056310985441183,-0.8428652907448155,0.5735007737658876,2.33614335402879,-0.4775785073372852,-0.9961903451583988,-0.2672728285339284,0.1071612306448874,-0.8967818793045376,1.1481502976972229,0.7775791965787073,-0.2944194339659325,-0.9279910962846184,-0.1675712566630554,0.7781858535181837,0.3813917745983961,-0.6806570716507232,-0.955292070711317,0.2896001214049857,0.8335833634017209,2.155991348438326,-1.1367415852666396,0.469781657571762,0.8111390379817534,-0.1856114852114976,0.2087798306490442,-0.070910667337716,-0.4498731514568356,0.4039241692174571,0.5580113977848999,0.8253425122381738,0.3018104491803782,0.1725102089829029,0.6653191716962024,0.6464110572845437,0.5730102557992832,0.0043040339178103,0.3202742191896539,-0.0168854628297895,0.2090937445309195,0.4631706981035257,0.1154751163461612,0.7299148788048646,-0.4961054173509742,0.0956175786326997,0.6040424624190871,-0.0777730652232793,0.7302297738328463,-0.074109997657827,-0.3486462010530309,-0.8656892366156502,-0.0791970728380493,-0.0564623676774651,0.2817009305547407,-0.0614713638069803,-1.0335979428334452,0.2064623584818639,-0.8546529656046916,0.298294820546689,-0.0776202220715683,0.2567612150738596,2.496419471551721
Na,Na4-6Cr2P(CO4)4,Na4Cr2P(CO4)4,Na6Cr2P(CO4)4,mp-aaabsntl,1.3141859882818674,6.897381366287307,5.226520164257765,-7.279023402204461,1.000105733270978,1.2538049953048425,0.856224758939656,-1.7286267880357606,-1.8586012813312471,-2.5676710648682577,-2.4562858220340527,-4.831428197152814,-4.637935580881938,3.342011013643132,1.5270709915626026,2.274835900453016,1.0170472415994507,2.080721882166209,0.6263398232261566,-0.972326382448204,-0.0284786493936335,-0.8172696913732382,-0.1434701135269892,-0.6212770794952004,-0.6630458923605824,1.1791977393797473,2.11638848331548,-1.8083223183663009,0.4525147133589512,-0.4680740128996041,-0.6761194203574405,0.0273053655005955,-0.0580746582370205,0.1922364264720928,0.5429923192002958,0.2819833526703226,-0.4328266782644024,1.092401476788472,0.1876627656285707,1.2807569428075103,-1.4185780061151698,0.0503301670391013,0.3349366781477454,-0.3748856706913867,0.0789664146805094,-0.5537603986213452,0.4482483498759437,0.2688858232244678,0.2689394560311441,0.2273479398900512,0.1408168484611495,-0.2529194636293789,0.4416518498738985,0.7153301589664632,-0.0398936733174587,0.8517498282774797,0.41850077819577,0.1085135610622203,-0.178586605812497,0.3022216280032617,-0.4284726638496658,-0.1041409463035906,-0.7820071449642041,-0.0312858978094058,0.11419806554355,-0.1214957665661799,-0.0889675045488713,-5.04311596643331e-06,-0.1469701081847313,0.3409859846779511,-0.0779414864366733,0.1543469812729378,-0.4451113826968411,0.1731197260322387,0.1498348861209177,0.1213782383311021,0.0645921856817538,-0.4361026793991222,0.2382778596410826,0.276605337360463,2.998660504051716
Na,Na2-3CrSiCO7,Na2CrSiCO7,Na3CrSiCO7,mp-aaabryez,1.304300682231798,6.913013549622333,5.607810598291706,-7.50554150548009,1.144611447644019,1.1268249327804225,0.5882372221742935,-1.6788803237183385,-1.987877736113742,-2.6865869056622613,-2.3093703602004494,-4.588815186773215,-4.448248989194479,3.3848986923943745,1.170118994274967,2.68248996008995,1.0717624610227705,2.1524139979611983,0.4299327032150233,-0.4472878123556935,-0.5272806356212977,-0.818930919113483,1.1568587934018186,0.5858873217376807,-0.5851711296783789,-0.6969564060069995,0.8030899820914692,-1.0483044840875972,0.6164204531569698,0.7028539060292879,-0.0229043169296555,-0.0120689384210402,-0.2946489955527202,-0.1324014649192211,-0.2713965735466538,-0.2221314041890345,-0.181291964874495,0.2556658571853866,0.2442460954212649,1.2168730230056315,-1.2434034583836653,-0.243198916997415,0.7404884038017729,-0.5506558845764997,-0.219221815704677,-0.0967315448151207,0.3972020581849333,0.1281579704057686,0.560433682013975,0.2987642347189544,0.210194675036353,-0.0764532084579794,0.3798510977596056,0.676874334280911,0.0806690412577869,0.7548489504073945,0.455933820425814,-0.0327815058642164,-0.1221145605877249,0.3791282378583865,-0.231730812858655,0.1457124708487922,-0.4850945779415174,0.0314384684586239,0.0704976338479589,-0.2981507598272832,-0.1657028914699025,0.0621911915800914,-0.1768362299804177,0.1176393077899319,-0.1686388362674029,0.2097781415228979,-0.2434483889327496,0.0837444595310982,0.1471651926559982,-0.0923565764057244,0.1286092876739768,-0.3084825467641255,0.2988743025282607,-0.0217944072486861,3.459963181551732
Na,Na4-6Cr2C4SO16,Na4Cr2C4SO16,Na6Cr2C4SO16,mp-aaabrvwy,0.8714094836003056,5.934479095778704,5.266924106892335,-8.800264847406343,-0.8886963743384327,3.531555722417784,5.729349652707771,-1.5491939380616038,-1.1219392925151652,1.9321122251271083,-2.444340428769844,-2.960356924322771,-4.963980449641633,3.331929350934387,2.207242497400013,2.695794178919071,2.158609894177832,3.4270562988764546,1.653075988017619,-1.2188736561831617,0.0222299451195401,-0.2665352609860559,1.1965387451201548,-1.3270778748849985,-0.6684164847098854,1.680843690924707,1.7838699026953169,-1.9912927557676183,0.6922344392538223,-0.0492580858344222,-0.9287063498132218,-0.8912080466805763,0.0146365194244808,0.6545886103888089,0.5848924121405453,-0.4022504046547034,-1.2133233062490842,0.7440211699330757,0.5505386232048102,2.248994824319388,-1.1610678833397563,0.2147491599446845,1.0443477751868175,-0.627109172204833,0.0462115651888419,-0.5831294018987635,-0.2049773326154262,0.4075265951003767,0.4758515282303565,0.7648105474521697,0.5808413446142002,0.0823861493598604,0.6743497207398785,0.4107736813120128,0.4327026631974011,0.0744448890090296,0.3974198293091021,0.2261778193185207,0.3636522970578564,0.5788901678848435,-0.2720936250123556,0.1236365683764318,-0.6929524894794454,-0.0006546661545412,0.3817662489892683,0.0117629871706626,1.2194163968582132,-0.1991775329486234,-0.3804773097964071,-1.0237831079453907,-0.016889439215672,-0.0812278291137683,0.4297613142815447,0.5385315224665737,-1.1492082536542731,0.392952487000179,-1.7647762948907444,0.4095082141600026,-0.3133069600962971,0.4315905560456434,2.085979849051714
Na,Na2-3CuPCO7,Na2CuPCO7,Na3CuPCO7,mp-aaabrrko,-1.2463925024007323,4.593579204401397,7.518227837850554,-2.656670977562163,1.5882271486283872,4.159611735824702,-0.8471613792286227,-5.451208925384442,2.966510881991132,-1.2947960135904484,-2.032113370838916,-5.56639090362063,-4.301231862689521,1.1277650524305218,0.3413308080742316,-0.7624493779553466,-0.2204365929882887,1.8567376106471327,0.8019276728200718,1.054958314080026,-0.4982972616347121,0.0173827152856614,2.4226148779944148,-1.664900930861759,0.5112488358681077,-1.468574119242149,0.2567343173626354,-1.461748478274463,0.575851267885201,0.4068961078632974,1.2180739818427706,0.5683865081171934,-0.3776270920481502,-0.0707201114368154,0.080510277637095,1.1003214180301155,-1.067678883891112,0.3521884535005291,0.1800838715796544,0.7060011845133297,-0.9641427113712492,-0.8626295634827016,0.0953015047721721,0.3093973854780977,-0.1450479478760341,0.3063235998216652,-0.4673772818549688,-0.0852166454502626,0.2944971905447862,0.1595181401392917,0.2548178325707708,0.2005777483387356,-0.1329492264639609,-0.4411875456334787,-0.7513828001617419,-0.6170781149793978,0.1486199941724438,-0.3171411255255458,-0.4990021394879007,-0.8702177287340525,0.4761632565936036,-0.4102522842751749,-0.2077869456996321,-0.4963575145449937,0.7953676924458083,-0.2876487925684012,-0.7735336270832658,-0.1449477571868436,0.3057894404904833,-0.1843487025877642,0.5556225080778251,0.1110655621260272,-0.4220343638294957,-0.0555777037021869,0.1946535265402595,-0.2100694517455015,0.0903903984623785,0.2168056168105566,0.1082482784090059,0.1176705798566732,3.362398286551713
Na,Na1-3CuCSO7,NaCuCSO7,Na3CuCSO7,mp-aaabryew,-1.5051360414055293,3.5246028804521363,6.556648873095259,-4.3858051579027775,-1.463313596224268,6.64123294212651,5.165795546497787,-4.959942360280779,3.687675540267649,3.9739068135032207,-1.3595772503764134,-3.873756388467722,-4.66886709529527,1.1445074882890276,0.3343948601261873,-0.2934179964454843,1.5901277286992812,3.8637868958077615,2.041765201034397,0.6648720629750619,-0.1405392876530085,1.117390245047294,3.844701291130272,-2.057338226534,0.3053116125379785,-0.8359443189839505,-0.1999984771997637,-1.6485198170341782,1.1478674600255896,0.656686380510176,1.0063824588257622,-0.2489042207408591,-0.3956180359876072,0.6133896928197841,0.5561654654203491,0.3375737521264221,-2.1852533439849173,-0.3983427967465803,0.8402200017830521,0.7168884636107552,-0.4654130727426386,0.1530869213076403,0.0950516577749372,0.4725040335864999,0.1426752536197009,0.2926100462048361,-1.4584996241352872,0.2446425111055929,0.4861499977586137,0.8719702669790066,0.4530496717603431,0.4876438311925948,0.0087056230337452,-0.631505961015103,0.274930627217041,-1.1033202155649573,0.0166996363589836,0.0831951776985443,-0.0288064795625259,-0.6668325586963944,0.1114895873387198,-0.4620483946009484,0.0712015323199468,-0.3755986172802312,0.783519970324013,-0.176289515031243,0.3676285168887834,-0.4901125694117771,0.2800490390502574,-1.2963033293400588,0.4535254477857341,-0.1075456103120093,0.2101887990413071,0.0471407874182264,-0.6954392953348073,0.1902141583879343,-1.0313489375849858,0.7130919952076838,-0.478682978661361,0.2650799189043613,2.9306589190517203
Na,Na4-6Cu2C4SO16,Na4Cu2C4SO16,Na6Cu2C4SO16,mp-aaabsipa,-1.1652943524295072,3.644062459564327,6.889960060127334,-4.4529668597409655,0.0615259518869747,6.356405567751004,4.541901576020072,-4.868694920804769,3.746207263874238,3.577009838482576,-2.1308312401668927,-4.711167897834902,-4.290877461150027,1.1160767765500663,0.936667710447423,-0.7216163614065568,1.38356910034795,3.619962372845513,1.8535571609302637,0.3572718842747746,-0.2386678799835258,0.3630648595315834,2.159517647359667,-3.19263082246238,0.4766498759946659,1.006195402757342,1.1395639106279316,-2.7410656568799867,0.4055614104333971,-0.2366699783221192,0.2648601396796212,-0.2487979913364463,-0.0718137868345021,0.5366461157403241,0.9176081297809217,0.6644725503860014,-2.43599044692795,0.2828017441703875,0.481461309702835,1.0642295536174542,-0.5226517409855331,-0.3929479998179808,0.1668295740657067,0.0429956273919794,-0.1065827139743986,-0.3468233993284129,-1.177409235078272,0.3538707717835598,0.3798847417816419,0.94759337006072,0.6662605034028279,0.2871359910699805,0.0531581884347649,-0.9657824424837056,-0.0475938756140806,-1.1867155625903387,0.2053625297655918,0.4778581051833544,0.0379750310380623,-0.6162412115440199,-0.1442185035814116,-1.088932692124998,-0.3605692488986629,-0.3826720999586971,0.4714469057615375,-0.1117002195685991,0.8759114748170518,-0.5327676964264781,-0.0006861482215915,-1.4010653393315098,0.3324509317209319,-0.1665500806320682,0.1185812822648343,0.3598962009156756,-0.9424557393285536,0.2469125176649008,-1.804215056616667,0.9228481230168432,-0.8529365552522148,0.2352380424113081,3.7011811090517353
Na,Na0-1Li5Fe2P2(CO7)2,Li5Fe2P2(CO7)2,NaLi5Fe2P2(CO7)2,mp-aaabrtcz,-1.1919967169643868,6.136464463676013,4.6788204342639546,-4.290144233850792,0.3022580951679217,2.155491962884206,-0.563755367057324,-1.8916883804952271,-0.0531225658396296,-0.8946705160797368,-2.824868868531708,-3.783389165733366,-2.0190752766415048,0.4496497537390932,0.5967452797208949,-1.924131693525183,0.7802126145285377,0.0039131714862373,2.3024803503220843,-0.7365704877877726,-0.8072478778942158,0.6037555991232426,0.8194003665138553,-0.8042794762116526,0.2521537779257064,-1.427211584921878,-0.131264762147125,-2.128602731897076,0.945608618423574,0.1777378084471481,0.3111961362070069,0.6288406827650239,-1.0052164075418724,0.9077690061274786,0.3354402018101828,-0.1679808963178383,0.2158130190982522,0.1372860936117377,1.8610058092329893,0.1080041723710028,-0.5460569511774169,-0.7156455199928957,-0.4917719626546268,-0.1026728506159596,0.5430299477182727,-0.9537950183381656,1.2009582009521895,-0.3252913401700524,0.0352877344028279,-1.804146958210127,0.0890059153232447,0.9212396103591884,-0.4885088630738741,-0.1247578345504081,-0.9666685072648048,-0.0083016849967777,-0.0842520164074846,0.4316879610676354,-0.3520044083960952,-0.0692096858936905,0.4021197751783234,-0.1350467668686161,0.9105234057268644,-0.3679054175245403,-0.0316274137645357,-0.2230097871789941,-0.3623944071356587,0.3107203723292637,-0.5668001946350436,0.196901934286827,0.0182645522792754,-0.2494314593532449,0.3683175630182915,-0.5002100213123891,0.0480104181552785,0.3792101705229504,0.1256373459459173,0.4105874317813139,0.1398473399400293,0.0139301007729324,3.028983551551708
Na,Na0-1Li2FePCO7,Li2FePCO7,NaLi2FePCO7,mp-aaabrabz,-1.15779494109601,6.101726342462197,4.523457647565886,-4.251250408314613,0.0185308173166802,2.0343336538883223,-0.5604788232237105,-1.940201399365592,0.0219871305851771,-1.0521464263584408,-2.7652897084819705,-3.885570253339095,-2.2316037116385306,0.5848720190310179,0.6136992894919875,-1.7886152913546711,0.7781811430649368,0.1545120587568934,2.3827761286318974,-0.854085417643257,-0.6199743656303519,0.6716438525874636,0.916255214112156,-0.6727760532228638,0.1682970843944269,-1.3862944178618282,-0.029543507999564,-2.03615486191687,1.1158385048586927,0.1568959729126614,0.303838251730367,0.6376888814600674,-0.9775175333727868,0.9362755346756966,0.3271644273974944,-0.2586349826603613,0.0887234670259279,0.0706467078323279,1.980795422875048,-0.0847025302921289,-0.5332560655429338,-0.4062586516811721,-0.6724172236875599,0.0887992352479549,0.579468623263018,-0.8384336484298712,1.0629871303779304,-0.1936881415213366,0.0241826857451917,-1.618458760266827,0.0091069635660377,0.9269506099595224,-0.3204103088137848,-0.0768434194043995,-0.8653052126629348,-0.0686396285918185,-0.1848624833062388,0.2978078560909398,-0.4193657234702573,-0.1897547314180682,0.3113546597037207,-0.0890198377482423,0.9127167480739916,-0.3687603398665957,0.1132323768916683,-0.0497026223657875,-0.4354915096496408,0.1737236723301904,-0.3805310114651518,0.0897494505363965,0.1155237536612121,-0.2263733134744141,0.1993717392328301,-0.3573103309369233,0.1594571329232833,0.3754999919485485,0.0561428019562879,0.3782438605840807,0.0897157406461621,0.0083150319697342,2.720517889051724
Na,Na0-3Li3Fe2P2(CO7)2,Li3Fe2P2(CO7)2,Na3Li3Fe2P2(CO7)2,mp-aaabraqn,-1.1421676679497557,6.076187112320311,4.317297726095578,-4.252055063405368,-0.2379220911320159,1.8708160268349263,-0.6039620512496856,-1.9340535448905904,0.0995030328008926,-1.0739660184966682,-2.661963029974623,-3.970834356097488,-2.384505456629024,0.6032585231322221,0.4245111713990475,-1.5779176516444684,0.7445587838793452,0.1612579318679622,2.496284696486616,-1.0941957313950994,-0.4623887848007166,0.4316177982677145,0.0010223164504823,-1.589510654844904,0.3806579613507548,0.9085090209241856,-0.0618065671989612,-1.0391793822250115,2.59983375787232,0.378970461274935,1.020214797830666,0.7958032576474474,-1.1228169945087516,0.6959586805373608,-0.191563689415419,-0.2254197203373457,-0.0933851795941378,-0.1160227238639958,2.0346512827377103,-0.3852028617270725,-0.5902665802657622,-0.0394884218249598,-0.9316300825520089,0.2491879957604751,0.5229427217757112,-0.8072373405665745,0.8132286819579025,0.0108788904712823,-0.1369942035225544,-1.4009280020202894,-0.1223005039530525,0.8148360691660209,-0.1329129528429424,-0.0943650341174781,-0.8020631169907141,-0.0622681601291821,-0.2657615019468,0.2432981012848116,-0.52256148807312,-0.2775017752529215,0.2426015117457211,-0.0613872873378853,0.9184257410095636,-0.4136925005688718,0.2670926913363667,0.0645344662534873,-0.4663372737136675,-0.0119507874963948,-0.1486328533868439,0.0110307086620783,0.196622517470425,-0.2468915835919921,0.062561302709906,-0.2127168631601468,0.2960048420046814,0.4022424662205136,-0.010872389566669,0.3785857869983953,0.0342690676042904,0.0058539797650908,3.2981303065517262
Na,Na0-1Li2FePCO7,Li2FePCO7,NaLi2FePCO7,mp-aaabrarn,-1.1853999275837044,6.13614900569127,4.547820268300603,-4.29623719099845,0.0907922527406424,2.000596521566896,-0.6108483566876078,-1.88143729174455,0.0104185369113741,-0.8937999151675126,-2.716425925390788,-3.8942904393408098,-2.18156106763261,0.4803948191996133,0.4363134794131156,-1.707220045239152,0.7369502235669815,0.0128672084767543,2.4119347673661906,-0.95630223174393,-0.6554156379387509,0.3681111890870625,-0.0707103923813429,-1.7453372492245067,0.4906028560942169,0.8688393110340092,-0.155003789143857,-1.1378691120905535,2.408960386208669,0.4150638610994234,1.033910214162631,0.7864531254665984,-1.157237491078096,0.6683601928953987,-0.2004320624189428,-0.1444621253552137,0.0628123827513729,-0.0504544641814931,1.9232737726341615,-0.1865886724985457,-0.5944622000996025,-0.3745558170319836,-0.7272338194072118,0.0233137324968584,0.4738477806287806,-0.941100704190108,0.9655658513425288,-0.1271617002997981,-0.1155659081423751,-1.6209032534067,-0.036691303043345,0.8286347031099742,-0.3066886691044592,-0.156701820166028,-0.9325610627082976,-0.0059063619122667,-0.1603917048307989,0.3910974077384374,-0.465299147931609,-0.14459052706248,0.3679505103669504,-0.1024951681698864,0.922679153219528,-0.4277458276892069,0.121200542335817,-0.1103441255224232,-0.3993143157255961,0.1409558942399237,-0.3695742117735627,0.1369427088823348,0.0890708946104525,-0.2696073300389444,0.2128874949620213,-0.3463864125700675,0.1806259938480894,0.3915028435282466,0.0537399237290351,0.4098691304575975,0.0806993521055808,0.0024819678464115,2.718130116551723
Na,Na3-6Fe2P(CO4)4,Na3Fe2P(CO4)4,Na6Fe2P(CO4)4,mp-aaabrukw,-0.8086318092772464,5.8549794354138776,4.934997207525128,-4.722145075301083,0.5026280233381828,1.3357320679332736,0.3394296520988569,-2.207638633106608,0.1648264383437647,-1.5064897678180276,-2.7210752949643364,-5.170771901766623,-5.406015043433736,1.8856704182032809,2.33820704867534,-1.049545562528464,0.029924493198909,0.9071330216389594,1.427654648658677,-1.7491827208410855,-0.4833060639895704,-0.5784946090040679,-0.1060082530797726,-0.9731810695734084,-0.3544583819654557,0.7370828070043671,2.4392299582479766,-2.4624349565515984,0.8231347699845748,-0.167567785952542,-0.2180001158969299,0.6267088120118186,-0.5922552162705748,0.8297472883758606,0.3435625503220678,-0.0921916611487143,-1.62015941874483,0.5760033706357317,0.8338618430279277,0.4710985446080604,-0.8169920233225075,0.4443284074208781,-0.5314757272851897,0.0318618561395009,-0.1180076458557238,-0.3928611690957881,-0.2943764603900408,0.4355666984304029,0.4142520059551375,0.1390207127874538,-0.0101082043998659,-0.3524925835482637,0.3510750105264426,0.3415192244234799,-0.0825248004222026,0.6346422877940664,0.2789391882026877,0.2131656082301855,0.029403051815877,0.0677307930858074,-0.4242782319339691,-0.5048440570984545,-0.5920904922244248,-0.3370889697142447,0.1029165334207007,-0.1958495082403255,-0.1205970631471782,0.0054656469962621,-0.2086532099131121,0.3010583820539249,-0.2893595147846263,0.0787086520944177,-0.133694012658204,0.0768787136683553,0.2280176577704042,0.0337350370065,0.3107200996626228,-0.2596516167844212,0.1806885581710433,0.1375193023146945,3.359924674885058
Na,Na1-3FePCO7,NaFePCO7,Na3FePCO7,mp-aaabrunh,-1.1624613149282266,6.025046844402823,4.962782632605253,-4.500719330251514,-0.4381441820101939,1.1401555989808636,0.1291821644925293,-2.1730275382933075,-0.2636791086101811,-1.8779338727903632,-2.068329814605533,-4.636817496186557,-5.746307503015521,1.885890248849061,2.005087568257298,-0.7810977639254015,-0.0849894175744621,0.8568809738699473,1.3941843690363025,-1.235108005753546,-0.4426048882167431,-0.1652564149932207,1.2586895861802094,0.0615709731881045,-0.5266497579616204,-1.2727779033283986,1.1942121595183033,-1.4682266718500767,1.480472893969236,0.7522125563273196,0.5008462669106806,0.683978818841194,-0.920031926974904,0.841564305496481,-0.1182156528774451,-0.2513867455530518,-1.2767668876169809,0.0450434254806367,1.119978195155532,0.2689559341001803,-0.8854833162467557,0.533633563257931,-0.3803692121436253,0.1808888162052039,0.00224378164298,0.2452534712204261,-0.3760956454583362,0.2621580996387359,0.5080954870358386,0.068922972537802,-0.1376560444070775,-0.1718015242465814,0.2642885342254752,0.483942345143446,0.1684036079803042,0.5445731372074525,0.2824071751911702,-0.1201823022231853,-0.0202622895384116,0.0189548341417211,-0.1421464268694259,8.199094294934121e-05,-0.2362180858802743,-0.3303738273595007,0.4290344976001813,-0.2760188166944263,-0.3964966789626596,0.09889960777957,-0.0787845922512879,0.0093907928101502,-0.0747544851526739,0.1435158182066836,0.0917644676780229,-0.1099925698463162,0.0479503349290713,-0.0643472815426943,0.3972530190403899,-0.023473396068523,0.3931636828064086,0.1662733700803734,3.443899664051723
Na,Na2-2.5FePCO7,Na2FePCO7,Na5Fe2P2(CO7)2,mp-aaacoygj,-1.243867769181077,6.267220073553064,5.635492774035874,-4.613786828113112,0.2667878203181414,1.4451627248644128,0.132646904524033,-2.030277283587319,-0.5721939170503788,-1.5160283972429385,-2.04273064026117,-4.600815959460395,-5.756653159603173,1.5937702226766477,2.2290580636069715,-0.9207159888882234,-0.3976207594542036,0.4836513543164227,1.05980353490784,-0.9132123002872292,-1.2675407325869767,-0.8111963773354919,-0.022707996889798,-1.2910920795138512,-0.1469437812444539,0.9364389309389848,0.8970733055563054,-0.9247180270928094,2.462055703293135,1.1799010961861984,1.1840935454451955,0.729817526261121,-1.084455685188136,0.4130872552533319,-0.822423623928046,0.0011655044512062,-1.063464004465802,0.2466138660259034,0.8526762183532446,0.8938813405482205,-0.8445505365201331,-0.3769804644846056,0.2532816927767439,-0.5511174262540588,-0.4664617121614521,0.097842006162172,-0.1847476129699232,0.2435217403980668,0.6095368125865199,-0.0336786532350463,0.1976073912319846,-0.3502572913673022,0.3406864835903513,0.158475033686102,-0.279166088819667,0.521957610780919,0.5627423311134622,0.2330079213476157,-0.0893184282909498,0.2365182413196589,0.3086537028565693,-0.0140689316439253,-0.2897704364028913,-0.3982625096506052,0.3407672213829971,-0.462765514906412,-0.4892419118450754,0.1545565549333347,-0.2876322581983794,0.1573204397767736,0.0191628482211024,0.1401979505405823,-0.0379308445165968,-0.025669393383271,-0.0504294703842173,-0.1427663868819427,0.4158870731230033,0.1139616720345603,0.5149801020446414,-0.0088784392284357,2.774276836551738
Na,Na2-2.5FePCO7,Na2FePCO7,Na5Fe2P2(CO7)2,mp-aaabrsgc,-1.2164782455322714,6.221125806465306,5.614330596050212,-4.56945232955369,0.1971829052544526,1.4715830626932056,0.1921872349031341,-2.0927051601345563,-0.5584799299769819,-1.6747459177536983,-2.0865000762079173,-4.593548776450028,-5.800960907390001,1.6999712959875606,2.413385163360267,-0.9964638890865216,-0.3621658696514434,0.6350236201845071,1.0332100570385605,-0.8161914098975676,-1.1792352642307702,-0.5250144531804228,0.90742688271643,-0.2439974544101225,-0.4784020827010203,-1.341668865414247,1.0080590669474028,-1.8351217669251747,1.1583955892837006,0.9259234829907014,0.4440915992274301,0.577043681390052,-0.8962768788976752,0.7046396433733045,-0.2867832804791156,-0.1065611138455151,-1.0420415736048747,0.3689325903481618,0.9141379011532632,0.9973471605398522,-0.7932812074633325,-0.4168702993126777,0.3105647266459693,-0.4780282406116991,-0.3678418930075635,0.1998275748732809,-0.0890386687368599,0.1773517916111497,0.7521376989283208,-0.0264101842865536,0.2492960027398182,-0.2516358203755348,0.3263148257276426,0.2349809880344041,-0.2107993025827589,0.4561781882609458,0.5388428811004646,0.1397471984378226,-0.041403824908734,0.1925440336878986,0.2513644706573769,-0.0019306252820056,-0.3014070734450991,-0.3352408420447588,0.331611952947571,-0.401492992776544,-0.5273677920670583,0.1867836669422092,-0.2983529958826196,0.1084064891703123,0.0449815019568398,0.180911427235972,-0.0532170250620555,-0.0398484615868778,-0.0729347075485613,-0.1606051709503406,0.4164768945187427,0.0820215743247552,0.5250221898564263,-0.0020592436760798,2.5740071515517142
Na,Na2-2.5FePCO7,Na2FePCO7,Na5Fe2P2(CO7)2,mp-aaabruit,-1.243867769181077,6.267220073553064,5.635492774035874,-4.613786828113112,0.2667878203181414,1.4451627248644128,0.132646904524033,-2.030277283587319,-0.5721939170503788,-1.5160283972429385,-2.04273064026117,-4.600815959460395,-5.756653159603173,1.5937702226766477,2.2290580636069715,-0.9207159888882234,-0.3976207594542036,0.4836513543164227,1.05980353490784,-0.9132123002872292,-1.2675407325869767,-0.8111963773354919,-0.022707996889798,-1.2910920795138512,-0.1469437812444539,0.9364389309389848,0.8970733055563054,-0.9247180270928094,2.462055703293135,1.1799010961861984,1.1840935454451955,0.729817526261121,-1.084455685188136,0.4130872552533319,-0.822423623928046,0.0011655044512062,-1.063464004465802,0.2466138660259034,0.8526762183532446,0.8938813405482205,-0.8445505365201331,-0.3769804644846056,0.2532816927767439,-0.5511174262540588,-0.4664617121614521,0.097842006162172,-0.1847476129699232,0.2435217403980668,0.6095368125865199,-0.0336786532350463,0.1976073912319846,-0.3502572913673022,0.3406864835903513,0.158475033686102,-0.279166088819667,0.521957610780919,0.5627423311134622,0.2330079213476157,-0.0893184282909498,0.2365182413196589,0.3086537028565693,-0.0140689316439253,-0.2897704364028913,-0.3982625096506052,0.3407672213829971,-0.462765514906412,-0.4892419118450754,0.1545565549333347,-0.2876322581983794,0.1573204397767736,0.0191628482211024,0.1401979505405823,-0.0379308445165968,-0.025669393383271,-0.0504294703842173,-0.1427663868819427,0.4158870731230033,0.1139616720345603,0.5149801020446414,-0.0088784392284357,2.753800811551716
Na,Na2-6Fe2C4SO16,Na2Fe2C4SO16,Na6Fe2C4SO16,mp-aaabryaa,-1.145587817991344,4.739615071384408,4.48501659068853,-6.21383750200616,-1.7677492099334815,3.564658644181746,5.343617052692162,-2.028243478068771,1.070244512643202,2.9003383629573825,-2.716085083755952,-3.258199862283742,-5.67843490456716,1.9364822446523844,2.7670782738091293,-0.4979087836166547,1.3350786976043518,2.421478017480938,2.5692332732633063,-2.2757622908445003,-0.1140186398811867,0.1280727509701263,1.1110887803751082,-1.625384426287395,-0.4048809409123861,1.200007184257045,2.055921466301317,-2.5099147569155345,1.150324026767792,0.142450092174342,-0.5093961504875042,-0.2847547625946877,-0.4632298104568378,1.4246105367453796,0.5370387662982837,-0.8428155865324608,-2.4946366102056543,0.1348366641718991,1.293893864705138,1.1625223126764317,-0.6249794952505983,1.0256453625887647,-0.175392446446414,0.1071785736109,-0.0157035614514386,-0.4273264083855928,-1.0321299252470535,0.660553798136506,0.5126245686650814,0.7595312671389098,0.2685039187504642,-0.0126975088158887,0.5852294102348583,0.1390484935897339,0.5262674663586576,-0.1052112327923266,0.1325778015041617,0.2221252629974951,0.6021016365641054,0.2889425842131556,-0.4288735246378378,-0.2896223817361861,-0.51609235291792,-0.2160406261767379,0.3530723705667157,0.0245813395190878,1.2534056676057153,-0.2294379582326519,-0.3580804583790513,-1.0927016405591528,-0.3229763963452423,-0.2175952201056504,0.7598722113218815,0.3557454092645692,-1.03945709677418,0.3250139959894564,-1.47171553787732,0.5146768411849392,-0.4585252722904621,0.3362228128514112,3.904088337801721
Na,Na0-2FeCSO7,FeCSO7,Na2FeCSO7,mp-aaacpazq,-1.6707590263568592,2.152188338376261,-2.091771491363472,-4.573550610810375,-5.865356254369813,2.235896056901904,7.106322108358211,-2.3780591727009037,3.819315695254162,2.9325555229727454,-2.120908723635614,-1.4402514762973035,-4.50924576723043,0.5703848991140982,2.162891990732338,-0.9480671801521036,1.6198317359640486,3.119094718382124,2.3402209010805444,-1.7092392744635967,0.3936182336238487,0.1632877250781571,2.2099384357821976,0.8412440281870717,0.6728390594942939,-0.4319543001646623,0.3848215882868279,-2.2570401339612265,2.0541663002150865,0.5092684708245989,0.1418045453492707,-0.1748702546120576,-0.4736143357276638,0.4971679340286353,-0.7622231986107674,-1.08206228977475,-0.0944588616698751,-0.7552980786399897,1.449718331575436,0.6267170886576745,-1.0146581470382403,1.1804883188468531,-0.8212222202409382,-1.2928581611565986,0.1662749546971912,-0.3308877011257061,1.0358564520632805,0.4421074115571675,-1.0251463083908048,0.7179661326645408,-0.1889482451467731,0.5105278343739821,0.3391164656573867,-0.5869190099870077,0.3951846012704809,-0.099976307218487,0.3421258827288602,-0.0164664521099095,0.6621429441644378,-0.1939374540419235,0.4584890454852833,0.4897215155334668,0.6096139058267633,-0.072643543803186,0.4714016514322486,0.7817290006600478,0.8446196360146092,0.0062800583247923,-0.0465671069962739,-0.8982474199151915,-0.2256676050051708,-0.3740654229770836,0.6817233176802544,0.268572015315536,-0.641025145344391,0.2421428196142639,-0.8501416324476048,0.2109591608813115,0.013726986115854,0.2125569479086967,3.892605436551723
Na,Na1-3GePCO7,NaGePCO7,Na3GePCO7,mp-aaabrshz,-5.886349730207942,5.058013048162584,5.29745056345995,-0.9990850781786113,0.6595275662667617,0.6604873489426564,-0.3039333726869258,-0.1096396244315787,2.612662601923552,-0.2952375814812381,-5.982414404334008,-5.268197551977101,-5.511643520094475,2.298763913811705,1.3056858028381595,0.4280999946383526,-0.1373835246728558,3.6587459881681728,1.0234062829937556,0.7097404047695232,-1.0257395972120122,-1.452093793379181,0.8280129748130702,0.6024624356029948,0.4331115845736611,-2.097638985881628,1.0560977647676555,0.0232396599763583,2.019938185900142,-0.6878870269720306,-0.3004021008383113,1.07391926373081,-0.1240944599137974,-0.3255626126073249,-0.257724809525913,1.2056388528992914,-0.8004238226967895,0.1790546994416394,0.6022865916705613,0.4993026551546661,-1.0276789847736665,0.6803357239588455,-0.5703009120088259,0.1875365929573265,0.0589715754369051,0.3657980759025619,-0.5019828165938114,0.7721082050500565,-0.0181870489103106,0.5033387264033655,0.313875844298398,0.4515002254656611,0.013683359642212,0.2603287592304938,0.7354117929079292,0.5251384904552948,0.2415809347699013,-0.7520649155879255,-0.2126846799962681,0.1956238494025995,-0.125294180910627,0.8116689193215451,0.1080138436454957,0.7261372018913976,-0.3946592885305827,-0.6680907656667184,-0.6521997877741619,-0.470508483900114,0.2565351022153477,0.0721807457662669,-0.1789626919105595,-0.0510084171710898,0.3838036240703286,-0.1448067302197627,-0.0233152414767561,-0.5147340204709248,0.4327005057458417,-0.0715257152813505,0.1829580576845419,0.111754129012929,2.132724569051728
Na,Na2-3FeSiCO7,Na2FeSiCO7,Na3FeSiCO7,mp-aaabryfn,-0.5888498171772628,6.354002955219379,5.714932635396918,-5.771354896940944,1.050558790578706,1.1392229334584567,0.2602951034739577,-1.5506572924066384,-0.3998746378830074,-1.7256508781297506,-2.7737328140971584,-4.857921202213788,-4.843815136587942,2.238444481978066,1.6986024026639517,0.4909537421572015,0.2132183122761412,1.6983823548478465,0.9405255841215034,-0.5454796867443914,-0.9821553366907972,-1.036976317274536,0.7708541417387438,0.5304379972006209,-0.2228240038766634,-1.2822626280867626,1.1245784435427026,-1.270407885583568,1.1366743656050506,0.5906493409414928,-0.2619934588840745,0.3927972420787151,-0.3560701582746773,0.1347456839231334,-0.7025617094184708,-0.4679144866964554,-0.8476354186885966,-0.4349334105143205,0.6082852098510242,0.6073366970579329,-0.5881741288594586,-0.3453153967006174,0.3591078419543512,-0.6229536093676008,-0.6590496010943434,0.3250247650635136,0.1121287371272657,0.3315120701543012,0.6889280499691056,0.1769730130951089,0.3038669381237338,-0.1352646957032828,0.4362960397208664,0.2773846206156737,-0.1102795053343707,0.6953670238579186,0.3733870503503887,-0.1175035233467709,0.1382070714544491,0.2296041236656649,-0.1334405999920159,-0.1496618089494093,-0.2601600660167458,-0.211821858899901,0.0113898303241301,-0.4914043284870222,-0.2733385757200178,0.073600873572861,-0.1874555228155629,0.097102678432769,-0.1284575807466541,0.2018658248716751,0.0363787361877994,0.1118985986134564,0.223546473815995,-0.1402827373229853,0.2977531642258258,-0.1305803507728076,0.3299976391541387,0.0083617320775062,3.868105926551724
Na,Na0-3Li3Mn2P2(CO7)2,Li3Mn2P2(CO7)2,Na3Li3Mn2P2(CO7)2,mp-aaabraqp,-3.3618035989310253,6.521617940618914,4.414625729968273,-3.3325728990311765,0.1508123159811142,1.261851229605182,-0.1063380806338417,0.2288581779606993,0.3920077016953303,-0.0333360444224963,-2.722407496145947,-5.859169249209666,-2.350632760712509,0.0100031402872286,-0.4879106626118056,-2.022537016975521,1.1898264601726327,2.037468353609478,1.0689700641324529,1.2081515425925986,0.0589828666168605,0.6970826203668269,-0.5247608473644743,-0.9089895662925294,0.3165094593781609,0.7462839912699574,-0.2449662398023246,-0.2911729600076577,2.8351987423515195,-0.4475487624198737,0.0122695946956013,0.7274513313892914,-0.4029372239510845,-0.001267021181297,-0.8761019521846823,0.5534146925582255,0.5197308772814362,-0.5929692630889634,1.2877534450998045,-0.064274654407076,0.3182096266567424,-0.0667778179768102,-1.3468755430725263,-0.1736916108142193,0.8651379495166462,-0.6747202466774174,0.2811309276045441,0.3961409236624349,-1.1603094793129936,-1.347722296488424,0.2253172621472648,0.2991102188190928,-0.103566398829863,-0.0290873176831098,-0.8706814009880811,0.0019134328631855,0.1012550409118469,-0.262634694747652,-0.347067115679549,-0.1656732780773983,0.1250307187648301,0.2271187105421765,1.193216712375348,0.0490214801417718,-0.1497426937970548,-0.1489559489244672,-0.5479644545169651,-0.2213353417328163,-0.0667080659046107,-0.1525077302583783,0.4097822385578473,-0.2180178547774839,0.2864879445712126,-0.4536226596054749,0.088786141529591,0.2964850867206141,-0.0522846527339088,0.3255761802519598,-0.0850240583975248,0.1290394742621071,3.357049196551727
Na,Na0-1LiMnPCO7,LiMnPCO7,NaLiMnPCO7,mp-aaaablpg,-3.0193151723722083,6.479526857412501,3.526927550082842,-3.001862643788593,-0.389444437054055,1.6871360885849458,0.1349675408659039,0.4282364208312741,0.4491251752182792,-0.5659232002357613,-2.8973196255158227,-5.865849381924479,-2.6728911071045167,0.0835933885187448,-0.6716967720488842,-2.0925686025045023,1.31321737839932,2.2547497307923754,0.7580557826795868,0.9612962351976904,-0.5273492158871202,1.183902447664085,-0.0412554886041233,0.0973617403801051,-0.2623721875730806,-1.5657449823315346,-0.3560551338992741,-1.106093052858976,1.5509153454174909,-0.8475209696599826,-0.90549735929195,0.5132467410942464,-0.0402853927964913,0.3091035932547991,-0.1418634622797576,0.4558371599647317,0.4813445860772215,-0.3132154037713013,1.3027763522360565,0.1187592471825662,0.4349228429703631,-0.0388580339598511,-1.5104336657679822,0.1442544903547858,0.8935118248291158,-0.533016364798043,0.2812212870808988,0.6729795765266583,-0.9659261448046746,-1.1324580891608724,0.2902895816531427,0.3225081208991836,0.0706128009681478,0.0665953957192079,-0.7769425447397336,-0.1300475469319653,0.0537210734363205,-0.4238418911285956,-0.3599155742918271,-0.2317316151931527,0.0307018038119005,0.1706371998951754,0.9533291903759082,0.2208290120651638,-0.1880688244852018,0.0300757205533947,-0.5210516247936403,-0.2190188603907472,-0.1156524472182082,-0.2030342109236307,0.341434719172403,-0.1814216523387264,0.0702827542904873,-0.4578546081991231,0.00479533276136,0.2382117948922141,-0.0548398062678816,0.2793885000075485,-0.2056100593171962,0.0186989296064328,3.9608672665517193
Na,Na0-1Li5Mn2P2(CO7)2,Li5Mn2P2(CO7)2,NaLi5Mn2P2(CO7)2,mp-aaabrtjm,-3.4128941390104743,6.606671960379057,4.787229704011644,-3.422343968332989,0.7519678133566505,1.5188147926574245,-0.1096744638836892,0.3052565014686544,0.2116275308850461,0.2720625455878737,-2.807476263456927,-5.664372454934879,-1.9319560613640745,-0.2254670119139966,-0.4727302291607905,-2.27364251409391,1.2174747070811895,1.7165946158073933,0.9264893963952744,1.3882456271759942,-0.3459266063130582,0.5533932595331007,-0.6533577045046063,-1.1977018821436436,0.5688466143447619,0.6640805973288143,-0.4359548917363162,-0.515201175133127,2.495344559780511,-0.3893219825982015,0.0566832908650308,0.7265215017665719,-0.4802830119716969,-0.0396744222984386,-0.8684369445102417,0.693900881733118,0.7753363225411655,-0.4679936704135675,1.0961958264037477,0.2906173171880572,0.2938220906360809,-0.6801009702794701,-0.9856237457938892,-0.6052904328020845,0.750152489946199,-0.9433718878296198,0.6052875653087714,0.1544849904128615,-1.1196080485825306,-1.762741616337594,0.3651268831576095,0.2946950377468251,-0.3896621674486958,-0.1301313072071042,-1.1100120047189344,0.1115102628172091,0.2733382226362916,0.0169298525920419,-0.233778552875052,0.083921996611951,0.3251332208226044,0.1592575857624014,1.165252848023039,0.0223150083581598,-0.44933377924915,-0.4830047543924385,-0.3928462625200226,0.0956520447190585,-0.4599738183860831,0.1059805165111479,0.1991352405113686,-0.2678825546855908,0.5744809410727643,-0.7101406736301872,-0.1393962902597043,0.2604583511375977,0.0918815096929687,0.3890984647091243,-0.0058246135757659,0.1467147127380814,3.088264391551721
Na,Na0-1Li2MnPCO7,Li2MnPCO7,NaLi2MnPCO7,mp-aaabqxwi,-3.3895500623582007,6.575213943900254,4.633834803175806,-3.382128670384017,0.4718006050615999,1.3930097566954087,-0.1092498774110288,0.2648691997205742,0.2961313453959693,0.1298313521948053,-2.762883829176066,-5.769026587825032,-2.1392802597428253,-0.1042051223356947,-0.4656810998517016,-2.145907303342673,1.1930381494472628,1.8801194167627209,1.0002457740052644,1.3067079966743909,-0.1452902705888495,0.6231198044765046,-0.5846535034737814,-1.0638413573945344,0.453964197835473,0.703877446581161,-0.3389477122255357,-0.4093713957913238,2.6544301416871674,-0.4117572673434183,0.0372632990062737,0.7279678143501692,-0.4456264459176653,-0.0187717084682523,-0.8790112586161717,0.6209433570752501,0.657781448217768,-0.5325503203670119,1.1960058828755165,0.1176033966344944,0.3078092718527389,-0.3859806373440428,-1.1547991636517525,-0.4062965968072634,0.8071869741659154,-0.815560740761061,0.4469401088990442,0.2700866129220592,-1.137787932970774,-1.5669022753243542,0.2979326702614823,0.3009369349039243,-0.2497402018400814,-0.084557405129544,-1.0044695816480942,0.0552496707718813,0.1897429512406155,-0.1115726130528579,-0.2941267806046375,-0.0353889549615621,0.2398069625570822,0.1958679951309491,1.1847035241782933,0.0307739885363652,-0.302937582478446,-0.3162755037583782,-0.4737229441544892,-0.0550690582888686,-0.2762854576011162,-0.0149407432965403,0.2987846338369722,-0.2432809197289358,0.424011318659794,-0.5807104710531916,-0.0271600142011238,0.2711665691242481,0.0173689390525836,0.3577991838744356,-0.0450527920218609,0.1365595316964903,3.167487786551721
Na,Na0-3Li3Mn2P2(CO7)2,Li3Mn2P2(CO7)2,Na3Li3Mn2P2(CO7)2,mp-aaabrter,-3.3618035989310253,6.521617940618914,4.414625729968273,-3.3325728990311765,0.1508123159811142,1.261851229605182,-0.1063380806338417,0.2288581779606993,0.3920077016953303,-0.0333360444224963,-2.722407496145947,-5.859169249209666,-2.350632760712509,0.0100031402872286,-0.4879106626118056,-2.022537016975521,1.1898264601726327,2.037468353609478,1.0689700641324529,1.2081515425925986,0.0589828666168605,0.6970826203668269,-0.5247608473644743,-0.9089895662925294,0.3165094593781609,0.7462839912699574,-0.2449662398023246,-0.2911729600076577,2.8351987423515195,-0.4475487624198737,0.0122695946956013,0.7274513313892914,-0.4029372239510845,-0.001267021181297,-0.8761019521846823,0.5534146925582255,0.5197308772814362,-0.5929692630889634,1.2877534450998045,-0.064274654407076,0.3182096266567424,-0.0667778179768102,-1.3468755430725263,-0.1736916108142193,0.8651379495166462,-0.6747202466774174,0.2811309276045441,0.3961409236624349,-1.1603094793129936,-1.347722296488424,0.2253172621472648,0.2991102188190928,-0.103566398829863,-0.0290873176831098,-0.8706814009880811,0.0019134328631855,0.1012550409118469,-0.262634694747652,-0.347067115679549,-0.1656732780773983,0.1250307187648301,0.2271187105421765,1.193216712375348,0.0490214801417718,-0.1497426937970548,-0.1489559489244672,-0.5479644545169651,-0.2213353417328163,-0.0667080659046107,-0.1525077302583783,0.4097822385578473,-0.2180178547774839,0.2864879445712126,-0.4536226596054749,0.088786141529591,0.2964850867206141,-0.0522846527339088,0.3255761802519598,-0.0850240583975248,0.1290394742621071,3.318277253218387
Na,Na1-2.5MnPCO7,NaMnPCO7,Na5Mn2P2(CO7)2,mp-aaackrre,-3.347787122086422,6.564097493617879,4.717403549753496,-3.5331708704327145,0.0029894074113813,0.6541974870591931,0.6490377197080192,0.1530948527952148,0.1641983574554567,-0.6779067255278691,-2.325455239296849,-6.401858380855053,-5.544976252923382,0.9040851401314044,0.7917627024521018,-1.3115559458857144,0.1060047168787911,2.593318802239091,0.2001735521823159,1.1762198610115226,-0.5209814835793102,-0.1516251339755193,-0.7646364083314241,-0.315892767344756,-0.6651172917632872,0.7073877009077852,0.9168368419001004,0.3201261146406234,3.0312323127324365,0.1432579960189678,0.0220424243883824,0.7194120237754646,-0.2971219338327701,-0.0660647860738431,-1.3595539546128748,0.4914591276048608,-0.5503123674737616,-0.3420461872585222,0.5377326298600935,0.5608606909815026,0.0677143800972367,0.4905879782585282,-0.9437194398706198,-0.4786091682909365,0.208030212385574,0.126868110294534,-0.8498628142228772,0.7530409486957754,-0.3566143366542964,-0.0603447056531848,0.2648321166536047,-0.5609319101975766,0.2737776987629367,0.2587310036495588,0.1033670515956984,0.6551269209185747,0.6145961181738958,-0.4926980784086837,-0.0668816457328857,0.1585016187183699,-0.0507927744636584,0.2013210475797905,-0.0102834376935117,0.1497371519972627,0.0659936645482066,-0.6421942566547126,-0.4168048531553067,-0.1236231616808335,-0.1671881722783597,-0.0002964267570463,0.0461255961019618,0.162099285589659,0.3387969165569138,-0.3336021206429159,-0.1573853940767551,-0.1760615195352206,0.407115241614051,0.0585112935303296,0.2489362336870006,0.1925142989398897,3.611596209885063
Na,Na1-3MnPCO7,NaMnPCO7,Na3MnPCO7,mp-aaabrhtw,-3.473094726112018,6.505307664261414,4.956689464991493,-3.630419316534879,0.0584004971231403,0.4247632808242747,0.5676257763084627,0.0330244187516032,0.1859463369599657,-0.5955386262832882,-2.254785960078377,-6.414840647997584,-5.484055567339071,0.9491766260338448,0.9055084766279606,-1.281647474586236,0.1097198112084734,2.5945250761908643,0.3625169871111971,1.2805179729157303,-0.1340832925551745,-0.2182330358736637,-0.510668394255947,-0.2123436993857421,-0.6272140616157111,0.7500166352185771,1.0529397457711966,0.3436654504190279,3.122977528624048,0.1759001028484634,0.0922416029926176,0.740258505613698,-0.3503876489090694,-0.0838672580558956,-1.4281547739330624,0.4695076805791774,-0.5908160963033794,-0.4356730660097593,0.5794070424314983,0.4435979633410771,0.0410366152591008,0.6108795919713828,-0.9511071090307098,-0.4583284747746448,0.2573319231891923,0.1702512315950504,-0.8826892460759621,0.6569849560253016,-0.3883546942111316,-0.0456200730732928,0.2228590441596048,-0.5358358339565298,0.25016827095362,0.2872730338481492,0.1892971889746487,0.6574458753919935,0.5904457254328466,-0.55863181390085,-0.0572917890067814,0.1160973594451771,-0.1167085881120356,0.2285146434972801,0.0855296675039779,0.1184849989696069,0.1376965014787387,-0.6328682909870148,-0.4639439871471786,-0.1774736405471806,-0.0641375816972362,-0.0671308895419384,0.1236863611472844,0.1779202835457343,0.4047709565434806,-0.2908898078860916,-0.0823578877475446,-0.1444688177381268,0.3986347124962559,0.048143336252089,0.2926792179610389,0.2297933009770275,3.369558361551721
Na,Na1-2MnPCO7,NaMnPCO7,Na2MnPCO7,mp-aaabrugz,-3.206028841329176,6.607654721760393,4.438286334684529,-3.4243049554400207,-0.0528882316298416,0.9185860839161304,0.741069983344738,0.2942727801050082,0.1332788438941566,-0.7793429903177921,-2.4041753727199384,-6.379054820549191,-5.611920494620054,0.8453358326414315,0.6601782154097006,-1.3501104696086788,0.1131540094187772,2.584177191497304,0.0128935386824609,1.0602147122991057,-0.9613077653618366,-0.0872503490132923,-1.0603852165481913,-0.4342581650736674,-0.7129511658700419,0.6570854295048784,0.7569637110922234,0.2922827718321667,2.933388387768805,0.1041002144425475,-0.0597041848524628,0.6908381663892542,-0.2327809779440331,-0.0438282743913638,-1.2734038556481666,0.5115711011972748,-0.5066921733414128,-0.2418514569507488,0.4794081433900823,0.6992683758590669,0.0957753177023465,0.3491313426226111,-0.9419794021343932,-0.4931380585781079,0.149421600445593,0.0744186925046509,-0.8170216691201626,0.856114509093191,-0.3140521409898423,-0.0669285961866968,0.3232464834263187,-0.588017343433764,0.3031963990427294,0.2416852410003164,0.0195726470485753,0.6327511284752076,0.6519016778125619,-0.4336094228243317,-0.085695083698582,0.2035417302074828,0.0078097189307465,0.1641722731528028,-0.0993975848944633,0.1833172265334902,-0.0142350334189377,-0.6536451296438852,-0.3603126666631615,-0.0578173884174935,-0.2948190600377612,0.0695059701137139,-0.0502979670074769,0.1483999181713877,0.2647863280162581,-0.3893471307313198,-0.2448616245952025,-0.2157732958592575,0.4274885149580932,0.0692629699132824,0.1923879337449657,0.1362507978841259,3.877459166551734
Na,Na2-2.5MnPCO7,Na2MnPCO7,Na5Mn2P2(CO7)2,mp-aaabrsdn,-3.487701986088993,6.70011271241185,5.569915015930689,-3.715189807391885,0.6630805457480207,0.7541289779203939,0.6287375619128263,0.0777119568575634,-0.1144432272383876,-0.4210301377572252,-2.2618633267975463,-6.340067286968057,-5.520967735137642,0.7630564212144066,1.3022342551135853,-1.4942270509607076,-0.1514145373585828,2.367049050264124,0.0223362535211832,1.679539713265122,-0.9175758466960688,-0.5727915781552302,-0.7973900448802522,-0.4795944006080034,-0.5362990949095761,0.710252073773582,0.8767706127660965,-0.0280538115552329,2.8030186839689586,0.3492481160160657,0.0741520215751819,0.6510025414294831,-0.349769265017415,-0.2321105655537539,-1.5865794247765086,0.5940942398117879,-0.3701723926239049,-0.10578255880455,0.3895382864142833,1.161794661915902,0.1222524872051506,-0.2912720182308822,-0.2777686084659403,-1.1237547819298734,-0.0816519297459845,0.1135638820101699,-0.5956407962139637,0.5823156621850332,-0.1449270615321653,-0.1256056923089373,0.5894606263277106,-0.6239856848895785,0.3432153713110726,0.0549640761090028,-0.180677251693522,0.5770318134363313,0.7974868465706347,-0.2849339226750648,-0.0888489086866777,0.2761558664928452,0.2507573172591151,0.2414068805344198,-0.0051102578884933,0.1049318753991363,0.0174698315816254,-0.7472491964428799,-0.5520473181916907,-0.0648465184774807,-0.2285616758130131,0.0747693509793926,0.2298328370283498,0.2179328626690797,0.2498145180154811,-0.2025177995384448,-0.199102286509175,-0.2746698695328083,0.4359965848313291,0.1628288380970308,0.4303035990809762,0.0986655174718799,3.155611796551742
Na,Na2-2.5MnPCO7,Na2MnPCO7,Na5Mn2P2(CO7)2,mp-aaacoyfy,-3.487701986088993,6.70011271241185,5.569915015930689,-3.715189807391885,0.6630805457480207,0.7541289779203939,0.6287375619128263,0.0777119568575634,-0.1144432272383876,-0.4210301377572252,-2.2618633267975463,-6.340067286968057,-5.520967735137642,0.7630564212144066,1.3022342551135853,-1.4942270509607076,-0.1514145373585828,2.367049050264124,0.0223362535211832,1.679539713265122,-0.9175758466960688,-0.5727915781552302,-0.7973900448802522,-0.4795944006080034,-0.5362990949095761,0.710252073773582,0.8767706127660965,-0.0280538115552329,2.8030186839689586,0.3492481160160657,0.0741520215751819,0.6510025414294831,-0.349769265017415,-0.2321105655537539,-1.5865794247765086,0.5940942398117879,-0.3701723926239049,-0.10578255880455,0.3895382864142833,1.161794661915902,0.1222524872051506,-0.2912720182308822,-0.2777686084659403,-1.1237547819298734,-0.0816519297459845,0.1135638820101699,-0.5956407962139637,0.5823156621850332,-0.1449270615321653,-0.1256056923089373,0.5894606263277106,-0.6239856848895785,0.3432153713110726,0.0549640761090028,-0.180677251693522,0.5770318134363313,0.7974868465706347,-0.2849339226750648,-0.0888489086866777,0.2761558664928452,0.2507573172591151,0.2414068805344198,-0.0051102578884933,0.1049318753991363,0.0174698315816254,-0.7472491964428799,-0.5520473181916907,-0.0648465184774807,-0.2285616758130131,0.0747693509793926,0.2298328370283498,0.2179328626690797,0.2498145180154811,-0.2025177995384448,-0.199102286509175,-0.2746698695328083,0.4359965848313291,0.1628288380970308,0.4303035990809762,0.0986655174718799,3.165659641551745
Na,Na2-2.5MnPCO7,Na2MnPCO7,Na5Mn2P2(CO7)2,mp-aaacoyfv,-3.487701986088993,6.70011271241185,5.569915015930689,-3.715189807391885,0.6630805457480207,0.7541289779203939,0.6287375619128263,0.0777119568575634,-0.1144432272383876,-0.4210301377572252,-2.2618633267975463,-6.340067286968057,-5.520967735137642,0.7630564212144066,1.3022342551135853,-1.4942270509607076,-0.1514145373585828,2.367049050264124,0.0223362535211832,1.679539713265122,-0.9175758466960688,-0.5727915781552302,-0.7973900448802522,-0.4795944006080034,-0.5362990949095761,0.710252073773582,0.8767706127660965,-0.0280538115552329,2.8030186839689586,0.3492481160160657,0.0741520215751819,0.6510025414294831,-0.349769265017415,-0.2321105655537539,-1.5865794247765086,0.5940942398117879,-0.3701723926239049,-0.10578255880455,0.3895382864142833,1.161794661915902,0.1222524872051506,-0.2912720182308822,-0.2777686084659403,-1.1237547819298734,-0.0816519297459845,0.1135638820101699,-0.5956407962139637,0.5823156621850332,-0.1449270615321653,-0.1256056923089373,0.5894606263277106,-0.6239856848895785,0.3432153713110726,0.0549640761090028,-0.180677251693522,0.5770318134363313,0.7974868465706347,-0.2849339226750648,-0.0888489086866777,0.2761558664928452,0.2507573172591151,0.2414068805344198,-0.0051102578884933,0.1049318753991363,0.0174698315816254,-0.7472491964428799,-0.5520473181916907,-0.0648465184774807,-0.2285616758130131,0.0747693509793926,0.2298328370283498,0.2179328626690797,0.2498145180154811,-0.2025177995384448,-0.199102286509175,-0.2746698695328083,0.4359965848313291,0.1628288380970308,0.4303035990809762,0.0986655174718799,3.099622796551703
Na,Na4-6Mn2P(CO4)4,Na4Mn2P(CO4)4,Na6Mn2P(CO4)4,mp-aaabsntx,-3.0786532850088766,6.320058429318682,5.250577068714666,-3.915850389761471,1.218417909772468,0.6706212468534116,0.8384624848777725,-0.1617547719403386,0.5469486428309207,-0.2745202138529114,-2.9352899195466806,-6.896091449803491,-5.195538822095294,1.0045310277250634,1.692589762061216,-1.697669837412611,0.0975387888544671,2.7113085396591567,0.3182964080190228,1.0191342591491306,-0.2169652404156757,-0.568768049737855,-1.036538104642992,-0.3200593755012697,-0.747932894370596,0.4501544169377856,2.36216565860625,-1.7784285731091167,1.0409507486150658,-0.8805969866409473,-1.339689327915426,0.5055277926649608,0.1483032423663049,0.1621749685577034,-0.5139681633787905,0.560764203569293,-0.8630134224174052,0.2856765256540809,0.314744422056226,0.977758999618133,0.1678485033848421,0.1569384743637992,-0.8105984551477712,-0.7908814750123716,0.0786360903204457,-0.3930988538889386,-0.632583052997777,0.7001995751706414,-0.2426488615847933,0.0409280630460984,0.5300893167612747,-0.650264387690268,0.3856375289701657,0.1421373786174632,-0.0820527423601141,0.6459753948072426,0.6199736620027779,-0.158104662279427,0.0267617642346045,0.1412354415770908,-0.3720386290243156,-0.2414535213995117,-0.3138415111058183,0.148681683869752,-0.2376469936245229,-0.5279474048993871,-0.2674933718244974,-0.2270479426173385,-0.1889031621912217,0.2207767311199653,-0.0153964716104007,0.1865401392364101,0.0751893511899864,-0.0823742296143172,0.0672622533357544,-0.1243393370439784,0.318147379452782,-0.1634859228911101,0.1697482794826971,0.2156151976908807,3.8806216990517193
Na,Na0-2MnCSO7,MnCSO7,Na2MnCSO7,mp-aaabqyiz,-3.601239332180125,3.0780787333905715,-0.9723392907420207,-4.188014325564056,-5.171674324942076,2.237104511034478,7.272976187041687,-0.2881689650186799,3.0455049547324204,3.952131769925988,-2.0810644949180963,-3.268009810769295,-4.725672525867605,0.7755880204002763,1.2707807075849804,-0.8715363766451524,2.418451997970316,4.383295531721647,1.2067168220728297,-0.0250554620072033,0.6508656343536922,0.7580482394016889,1.6340941647013991,1.46970320135039,0.2120860930305943,-0.5414169540522191,0.4058493766297968,-1.183068433252082,2.482075287216767,-0.1367832114253591,-0.9688563607255172,-0.2274173327122249,0.0397352548297502,0.1406236219235046,-0.7837018251973655,-0.708951870212697,-0.7377985664438278,-1.06924478620145,1.0321417493613725,0.6957508099433896,-1.0199781494778757,1.1099243435207558,-0.0900821561108164,-0.8325433408673071,0.5837482166103837,-0.285321919454825,1.0412727151323735,1.2050871081880707,-0.7798450836500019,0.5371899854921136,0.1528894928685188,0.5602185301531697,0.3812508841919755,-0.4647964657809587,0.5013334177916277,-0.0796871643963684,0.4990460144139231,-0.3473656247350064,0.2627616567571048,-0.2714621114034232,0.0747812306819519,0.9319899866120176,0.584928138483743,-0.0226490917542254,-0.3444897876831867,0.3390641158202099,1.0677415657487743,0.1996710496469022,0.3613294179678626,-0.8255645118806952,-0.2811302017137429,-0.228493823827513,1.005057045147005,0.4192167250708297,-0.6313383991802592,-0.0697832053877519,-0.7797789696690134,0.4423548223944173,0.1980638180249304,0.3551577347615611,4.100874681551726
Na,Na2-3MnSiCO7,Na2MnSiCO7,Na3MnSiCO7,mp-aaabrwkm,-2.9507419764163045,6.486988248396902,5.645693420947111,-4.404073806800118,1.3528655589854452,0.5527695871190055,0.6119872807058521,0.0567833876268101,0.3111770544048837,-0.4898770527379276,-2.895550384527934,-6.635479372886959,-4.934127600327175,1.162976239286052,1.1521734936280228,-0.8992577750419196,0.1867587430735786,3.0423078990915484,0.0889158813089853,1.6504361173200808,-0.7418173136278773,-0.681470779265171,0.1830520557720491,1.0120343870866415,-0.7901692548487934,-1.4382730597620246,1.1154063621818386,-0.9761828555373876,1.260283030745138,0.2415355536345438,-0.8322907015087808,0.4336764607711587,-0.0153509037139216,-0.2480541453753205,-1.4228440022430855,0.0185313787433665,-0.4594064449188717,-0.7891145548414731,0.2629712799784408,0.7651252248799684,0.4307183916708658,-0.2252240002812783,-0.40517342416402,-0.9421992154584052,-0.3286443330906896,0.1733399628682238,-0.6565716273194265,0.6461743030260845,-0.0152401010993599,0.0911773619953189,0.6161950453116048,-0.4536544768438511,0.3055777232044186,0.0563026853911846,-0.0555918895886126,0.5665524981595367,0.6308563145654139,-0.4272239456262925,0.1491150062834274,0.1991278420377156,-0.0711940989047271,0.0843304224713693,-0.0238364679206485,0.227311779316191,-0.3417537216650955,-0.7879913455135543,-0.2987276307399155,-0.1263244299326371,-0.1680252729664333,0.0039018709151994,-0.0277727177142015,0.2581017701555674,0.2739799468655243,-0.1686365868187178,0.0070765890667307,-0.391684629796111,0.4109256271983868,0.0229133007362703,0.246323365816533,-0.0477455378269014,3.170831431551722
Na,Na4-6Mn2C4SO16,Na4Mn2C4SO16,Na6Mn2C4SO16,mp-aaabsgip,-3.516852787385653,5.361394288117776,5.292886459905717,-5.447929246815506,-0.667632607592166,2.95067189843875,5.711719742485939,0.0262437430788786,1.2825991847561962,4.217594371132841,-2.9331822439503696,-5.022235453013314,-5.508404876380802,1.0002205211630009,2.367445454144622,-1.2564063777672465,1.2421253764340805,4.065825281700673,1.342345324116387,0.7785740114823797,-0.164172763298017,-0.016118381873494,0.2993612892247454,-1.0207510905168995,-0.747457761915797,0.9490234641785152,2.029262632760315,-1.9420210022288,1.281056949874733,-0.4721258400461574,-1.6055127033140797,-0.4164129963291433,0.2319603009795753,0.6201980690069563,-0.4738211461597281,-0.1238022516445342,-1.634716582624302,-0.0661437528291599,0.6747811395643588,1.9501300889198052,0.4243616412078209,0.3256489432802446,-0.0996567380971479,-1.0474142935253652,0.0455381243910767,-0.4224238806322189,-1.2813053111928936,0.8408224439484029,-0.0363236601952382,0.5807991944953277,0.9672538561891204,-0.3201589809540301,0.6230862555002592,-0.1599763570155717,0.391284483169199,-0.1313872172577548,0.6011835247784374,-0.0412248852103337,0.5693447951409406,0.4190009384350007,-0.2201824309111533,-0.0170776617060097,-0.2316510534015385,0.1843281225834798,0.0185968574519826,-0.3968228394745933,1.042224858396936,-0.4284439449271832,-0.4292762676127846,-1.1480541735345986,0.0429232570437094,-0.0493934247614598,0.94673789262725,0.2750508812840102,-1.241071347293604,0.1422187662952891,-1.510141355210086,0.6877485990475007,-0.385877504742343,0.3646417512328552,3.737696424051723
Na,Na1-2NdPCO7,NaNdPCO7,Na2NdPCO7,mp-aaabrrqm,-1.5928524028005646,3.1283426174234497,9.14942992736025,3.862338287492287,-0.8648471200360289,1.8691141048996167,-2.3845850467109604,-0.5507095944450053,2.3371817642347343,1.6417150882933174,-5.746354790786584,-4.326473929365374,-3.390450634152439,0.6906441746717001,2.004151490140778,-2.496975383665969,0.3037097195981583,2.822598235783256,2.94312375777575,-0.0293001441636253,-1.7843195947000483,0.3143282898496491,1.6125626342452986,-1.8484926297884263,0.9620421403868696,-2.41854033830568,0.3802662066594002,-2.730801799440552,1.4951180599994818,0.2682195281694867,1.7547763216186765,1.84705743944037,-1.1694376199735446,0.5877274224562166,-0.3588872690698984,1.8672502075620303,-0.879871098350754,-0.0796570632299798,0.0129823879016333,0.2954490093450239,-0.6311335951233973,-0.7995293082286479,-0.6952807388590506,1.534081942113928,0.2494796483969772,-2.190612522904051,-0.8129830866004022,0.0582369949072899,-0.268703675168738,-0.0152156597317683,-0.2752211979893379,0.5102579468899127,-0.4015891317826131,-0.0531238803903994,-0.1522162315982357,-1.103801088833908,-0.5014308499506476,0.6602548078191851,-0.819677246350117,-0.5563118994591919,0.0664591601880692,0.3845972963308481,0.1085188324383026,0.6008818963096044,0.0681625205712443,-0.4475287791841488,-1.0469720670442058,-0.4934560977188766,0.641298433253479,0.1635908234143559,0.265866159161825,0.4251056315323863,-0.5393987672553097,0.2803167767692919,-0.0747797723031767,-0.6531461332719364,-0.3340086163601981,-0.0681796317980594,0.3866106082902824,-0.0070457213459884,4.186945046551717
Na,Na1.5-2.5NiPCO7,Na3Ni2P2(CO7)2,Na5Ni2P2(CO7)2,mp-aaacoyff,-0.644667177103825,5.802501295469957,5.512611398383033,-4.428882001956606,-0.1763678412259831,1.7364442982593458,-0.342919403243304,-2.4650612310701376,0.283691674691201,-1.8967947602096535,-2.710847219347195,-4.003102125148942,-6.116203410423823,1.708661865135586,2.079517669918809,-0.5112032054399717,-0.4966471310968676,0.2861384606517745,1.094205852528425,-1.4163545669059787,-0.7481378241000493,-0.6120492910587273,0.3434590261378799,-1.6364511803207331,0.2997075375001342,0.9642388608532796,0.7923656831627841,-0.1167208089978295,2.029651895297209,1.0502207070779492,1.1070509359963805,0.5175702315683907,-0.6603487648634282,0.3707727905783139,-0.8409111449907342,-0.0696562539901694,-0.6387462864831163,0.2752113541306517,0.4555635826430277,1.1970891149041474,-0.9243204536560938,0.0774525055174099,0.0086214094519466,0.0897318044805144,-0.2414906152141286,0.1283679154140073,-0.538438142709518,0.3949558302946275,0.3051006699834125,0.0159784894655075,0.2079712802047717,-0.0579316774118877,0.1931063524784798,0.3032447548053884,-0.375976724438897,0.6088408741036642,0.285012491307833,-0.1367876981824021,0.0665384777639888,0.1084243057708562,0.1954734168309793,-0.0016487145514448,-0.3783134974610436,-0.4878663804164824,0.3688566287913452,-0.3857217214541319,-0.3273355388139956,0.1618320738034688,-0.3041823213848603,0.0932397070870494,-0.1902707847478827,0.2007516140129951,0.053146171019606,-0.0622688586764519,-0.0206099396663429,-0.2032452007560632,0.4044806495052255,0.0762344490059126,0.4040687243366425,0.1247027082065724,3.864610799051721
Na,Na1.5-2.5NiPCO7,Na3Ni2P2(CO7)2,Na5Ni2P2(CO7)2,mp-aaacoyez,-0.6446867646346331,5.801440240573713,5.512902347723856,-4.428941300513372,-0.1761263393750493,1.7357791351236518,-0.3420856944328309,-2.465394300972519,0.2838867104548003,-1.8968284883296385,-2.710384096879519,-4.003234216329973,-6.115682056222088,1.7088185809064502,2.080148696252848,-0.5106898103565879,-0.4971722247055217,0.2870227711597695,1.0944390489706992,-1.4168269236069797,-0.7433319880957031,-0.613626630999212,0.3382925964208553,-1.6387663231296348,0.2988754893404273,0.962150309266244,0.7910498177306755,-0.1178224444529248,2.0286938741463496,1.050601641168064,1.1061482101976987,0.5172057223988872,-0.6595797786284144,0.3729216129728298,-0.8401798855695984,-0.0690702322621305,-0.6391543458843553,0.275322040704146,0.4559217674211306,1.1972327219755303,-0.9252237996106272,0.0767082327738751,0.0088456311019078,0.0904230483797202,-0.2421270718941604,0.1283059620459047,-0.5385938095097305,0.3949882386977749,0.3053599692974337,0.0164170327208365,0.2085067661046309,-0.0579038988535042,0.1930472599190814,0.3029399869496315,-0.3758757302396656,0.608563950845444,0.2850644302589641,-0.1367850773880654,0.0667185849386128,0.1085324872912042,0.1954103821458918,-0.0017702621932379,-0.378465700360741,-0.4874994549816428,0.3687487103375927,-0.3856643560929289,-0.3275126921138082,0.161782922341524,-0.304160861202374,0.0930832805179109,-0.190328439776521,0.2005224740248914,0.0529852233090361,-0.0625647813888838,-0.0207314284153918,-0.2034121037095813,0.4043158261569061,0.0762058282935228,0.4041619697249337,0.1247923565183027,4.112834931551735
Na,Na4-6Ni2P(CO4)4,Na4Ni2P(CO4)4,Na6Ni2P(CO4)4,mp-aaabshuj,-0.4143747568048532,5.501100169752855,5.588909539810738,-4.676173221646015,0.6670981035029018,1.66113583980172,-0.1144083930440048,-2.638542216061712,0.7717236229573141,-1.6311944878599216,-3.346830583817362,-4.560580355149555,-5.737077482519927,1.8626390633249488,2.6695544639716644,-0.8123491087758371,-0.3171594683839967,0.5546304070676794,1.2574066247867446,-1.7448559249555378,-0.1930840641333518,-0.792659413399397,0.0765723551393006,-1.5245167717571666,0.1589804681404392,0.6999021703730645,2.279704701642656,-1.9849673770857583,0.180372249623193,-0.1060283829638034,-0.296931744257531,0.3423177330856877,-0.1871663335875599,0.6832577312625336,0.1080534641561662,-0.0494879597359387,-1.047678170691172,0.8014000073579166,0.3000789001679046,1.3137135749253102,-0.8563894735378152,0.1344461492852348,-0.1501029075802519,0.1184237085833841,-0.2021353595393256,-0.3547698921344613,-0.4071549864976291,0.4338468673977377,0.2882749244177065,0.1350388128368828,0.3055097659556821,-0.0967917959639908,0.2311916079983648,0.283173951922667,-0.4482762587000912,0.6277536976381763,0.1894223612945907,-0.0381925971062741,0.18541936787615,0.0416441143618054,-0.2337358257839688,-0.4640620726855644,-0.6892860420719198,-0.4573793431767923,0.1437322988733035,-0.2184077288519632,-0.0908191602843775,0.0387345033543466,-0.3070431108339634,0.283370508202304,-0.3526224406593605,0.1767953142129443,-0.1038711334958623,0.1486089674738856,0.2440844538916636,-0.083398115822303,0.2956218294846092,-0.2252824413970193,0.221515766742846,0.1495430197861274,4.307202056551734
Na,Na1.5-3NiPCO7,Na3Ni2P2(CO7)2,Na3NiPCO7,mp-aaabsbzq,-0.8077126568933596,5.75738163805455,5.764462517355606,-4.516916943296571,-0.1221174468215488,1.4932453738062297,-0.4223547616937831,-2.556625016287518,0.3061210106687312,-1.8015055156095183,-2.6467060855378897,-4.038216007898436,-6.064277530005836,1.7513769310999738,2.18112601751594,-0.4912213135372414,-0.4825102223974791,0.301014584422541,1.2336638312787502,-1.2890159756617712,-0.3383026705618704,-0.6641539212012371,0.5922943101542955,-1.5204999388620557,0.342799233472421,1.004471270900735,0.9431811769776136,-0.0791229651346488,2.1269196908258468,1.081199612235858,1.1662103799423986,0.5425800258639711,-0.7140023573560548,0.3562846242713579,-0.923564301655487,-0.0968132726581791,-0.689070206429076,0.1777198617284048,0.4935657696001366,1.0842153271722803,-0.9492293400970816,0.1965592353219692,0.0287529661160415,0.1150487754252548,-0.1849759689140342,0.1761481132391032,-0.5665587945867993,0.3073664361721187,0.2699911699897576,0.0178889979245858,0.1703410929534723,-0.0245463579716505,0.1646068645848394,0.3333456531348973,-0.2963965733125913,0.6141630285269593,0.2511421151401553,-0.2276598168175994,0.0714240874077761,0.0594106331439951,0.1310960379324306,0.0265800197772202,-0.3016050277612236,-0.5423766141452004,0.455418357260304,-0.3770095114770888,-0.3464370231094856,0.107304757116278,-0.1900031885596719,0.0465654192680898,-0.1107983468134691,0.2133307479194582,0.1189898515699937,0.0026173625310915,0.0670394515882042,-0.166257512883063,0.3905203159661947,0.0473315726870264,0.4558279895468408,0.1729298067020211,4.058584699885058
Na,Na4-6Ni2C4SO16,Na4Ni2C4SO16,Na6Ni2C4SO16,mp-aaabwkvv,-0.8057764380310717,4.783216802822111,5.550034350268489,-6.306471323040136,-1.3680448298200076,3.822726480524929,4.996200790399843,-2.1532339170285235,1.049103500417638,3.0555597151150526,-2.70988933534122,-3.187666318888088,-6.033882896529542,1.7437342614155729,3.160568305253347,-0.6364131534223444,1.0421895025078736,2.126352035984076,2.174217255490145,-1.5925236887243552,-0.165927787704685,-0.2216204450507746,1.276999693521376,-2.0457409866077856,0.0406849041382119,1.2240226841438688,1.9305564430783733,-2.46166154438041,0.5664178229850677,0.295608139726729,-0.4832540089515543,-0.4648240636390264,-0.2696893860782763,1.156913364034264,0.3345677349401648,-0.597604330341591,-1.9354546324074944,0.3319744477609954,0.7776712825373187,1.8379296675393253,-0.40321555462875,0.2803397068369021,0.496820040310036,-0.3935932905620481,-0.2318862199498483,-0.4010561957849471,-1.0332750282495868,0.6335121748841994,0.6229106305755404,0.7288954216660157,0.8242968690958712,0.1298105198022562,0.3996531819903289,-0.1574750539215836,0.3228748367218178,-0.0134431181322382,0.3349833920079834,0.5692232385457336,0.6872905139012546,0.3773079296587398,-0.3915781578641748,-0.5911014521160648,-0.4192883345124357,-0.3518829487218772,0.0578343481251453,-0.1718423111428446,1.1748738209927998,-0.2174049160956707,-0.5497627235814174,-1.1559334902168692,-0.2449884025913035,0.0097400714329479,0.6766770951880832,0.4778780004683403,-1.093501772272115,0.234321427605208,-1.4970881762344972,0.7369388487246893,-0.39031069711762,0.2384792608750618,4.2998776990517245
Na,Na1-2NiCSO7,NaNiCSO7,Na2NiCSO7,mp-aaabxcti,-0.790374178513423,4.748074315625532,4.5725458791384215,-6.118804363036655,-3.116429376011605,4.563476640537636,5.951630637081317,-1.889644673916026,0.8237420672485163,3.3138916984504414,-2.1335960150532203,-2.1606190650792003,-6.591662417947708,1.687501531859582,2.43052918096871,-0.2830826450744868,1.2557813751458666,2.302802693808661,2.0780812134579194,-1.644312755549219,-0.971871799261284,0.6554132872377427,2.435053619652377,-1.218155665912137,-0.2497158489483469,-0.729281993006634,0.2525669212681163,-1.412864568297875,1.094868410719693,1.1101082881175464,0.1287064533885608,-0.5115075948833494,-0.448120043355678,1.3026682094979265,0.1352213669068949,-0.8936324461052396,-1.642841210933686,-0.1285113754882846,1.0567937377218122,1.7146457931152836,-0.3201668519866713,0.5053168546202058,0.3304149114233846,0.0235784487343813,-0.0701021495893028,0.1698251280031274,-1.2799260198202247,0.6780062965041487,0.7381890285562022,0.7236673713624215,0.6171429000887295,0.2389706951189247,0.3782642937690917,0.062133999491852,0.4928186641540458,-0.0168847569097995,0.2659131766934352,0.2979923380767795,0.5312024733624519,0.2948888783633697,-0.005292771604679,-0.0525984529067081,-0.1899431946641669,-0.2700484502339801,0.2550696680644478,-0.2409566913829662,0.6898875166256098,-0.0315945907919969,-0.4825268982637104,-0.971458859930078,-0.2651510093241992,0.0597082033713227,0.5557968097827237,-0.0316802389655032,-0.9414177302887444,0.1020307810513032,-0.5793698132619672,0.5774359418006302,-0.1634822452735787,0.1487818642200849,4.12187752405173
Na,Na1-3SnPCO7,NaSnPCO7,Na3SnPCO7,mp-aaabrskn,-3.3768432538115127,3.678038514283073,6.754476860075302,1.618811720287504,-1.313558834538703,0.9813186965686468,-1.601164855059403,-1.0483376600022474,2.669512209527837,0.6879307547542469,-4.900029542936936,-4.678963194979239,-6.24263095572649,1.3759556416982452,2.8293598940176503,-1.78973559835454,-0.3708830724042343,2.232920650706245,1.8711310713637637,-0.1623710192095661,-1.1619037792075309,-1.2677458866480535,0.970777942568082,0.0521828566246294,0.3781161127102637,-2.178889294395704,1.5827280662986134,-1.2962865637504315,1.804142653919451,0.4826447947315516,1.034478632462678,1.6286133346341591,-1.2134949646316993,0.7301594433713889,-0.7147553270270448,0.8351468091605095,-2.0332672407288053,0.5289141258806649,0.6653462179269558,0.5722667832382877,-0.6524140967840443,0.5235248675124843,-0.6368719460242721,0.8043305087852783,-0.1538236467404999,-0.3997621097850719,-1.0932235162633428,0.347919163869452,-0.0623901160725647,0.0207558025314366,-0.1162423119214415,0.3127273383126587,-0.2622145806361138,0.2282626687086174,0.6391772644149607,0.061653111667396,0.1760874438145389,-0.4145634871957028,-0.1813633732933456,0.2021181534724382,0.0918315986418853,0.603330863770016,0.1118043272620896,0.4451273658928503,-0.3304202659040223,-0.407015139560256,-0.7532656088971494,0.085800068369862,0.2110007248697685,0.0668591696366853,-0.1296497361426595,0.2192055678533287,0.4494881837478439,0.0905291240268583,-0.0137993081903974,-0.5581733273934679,0.4345757177781585,0.0369157248332487,0.4848098196140974,0.0393870199049121,2.060048156551726
Na,Na1-2SbPCO7,NaSbPCO7,Na2SbPCO7,mp-aaabrshd,-2.7200983607391103,3.9688515680284095,6.177744148755384,1.5202395681975869,-1.4614794951874492,1.287279398845271,-1.20622158179163,-0.425538269924884,2.0599382261487222,0.2801975591330631,-5.162793889582099,-4.522120699763622,-6.389611588161181,1.8257227123160251,2.060001666708839,-0.6693417112821365,0.0515986316635365,2.9703563723528204,1.027286718625544,0.0608067605758567,-1.9474233907753056,-1.2138385615269025,0.4251051190257373,0.0919823805486081,0.1933855900557603,-2.0813698003075287,1.1442635365145075,-1.089462880158377,1.5404921262524105,0.1814162079912937,0.83744600255499,1.513268054500247,-0.9497087892138956,0.447114156622021,-0.3741259996076869,1.3142126400893916,-1.5047393161246554,1.0496669045973372,0.3345867952412767,0.9861499032780684,-0.8218429314412883,0.2440791407393049,-0.6122316087445335,0.871085603352487,-0.0212130814993886,-0.4626599537331919,-0.9799294633492536,0.5223338544536373,-0.1171991605638996,0.2170651693339102,0.0380307104774653,0.5837431120482627,-0.2486720909358452,0.237267660652741,0.5769353983555919,0.0400702734472514,0.1826288854033752,-0.2564805600758723,-0.2424844633292577,0.3445553437423102,0.1188988692053856,0.797626915195494,-0.0517632027678141,0.6020785212007715,-0.1961596384389212,-0.3236119486572412,-0.6214200081721237,0.0784162372638713,0.0113474160771466,0.1485178717863628,-0.4311102926378131,0.1741276752069002,0.0809747577355905,-0.1341294589523214,-0.188134334485405,-0.5986084487347464,0.4762942247250298,-0.0874021477792958,0.3360761326706192,-0.0801692996368102,3.886266746551729
Na,Na1-2TiPCO7,NaTiPCO7,Na2TiPCO7,mp-aaabrrlk,-3.0421800225670865,5.897790400268724,4.563937985165178,-3.707533260748309,1.08836788816361,1.1593000124633308,0.4187258889900978,-1.0024818827664503,1.0423132481599682,-1.7139904394314025,-4.801416195272205,-4.542896058127979,-5.651954342256391,2.5695903044577992,1.1615659492438164,0.912831389666086,0.0634541742023819,2.3039990353396487,0.1755361183160065,-0.4008637965670882,-0.8419254848530083,-0.1778363513067143,1.1072759639404062,-0.1104904050596817,-0.2554029847203126,-1.328010624059864,0.6356174173807314,-0.5065487234048897,0.9216230631540612,0.1253884787769416,0.4383071085821396,0.4603208464622664,-0.4383242525342653,0.1605304534843654,0.2991919320814984,0.7390951900750526,0.2247113771191472,0.7712386644673379,0.1010785279849176,1.3297125544585853,-1.4957751700001176,0.1824306230783928,-0.3566943068583598,0.1769244626899973,0.0358279655557513,0.1498885656642367,-0.3583470871809093,-0.0241865428898292,0.1509930687787976,0.6811113704949516,-0.1452248510346867,0.2697430567988643,0.0825032900500265,0.5242508863032069,0.4563371944813341,0.5120482186221712,0.3776364374093767,0.0542882558688767,-0.112799099583558,0.2185008966484658,-0.0589419524565631,0.3075611708449167,-0.3603084752736134,0.2628779997083939,0.1057030538089557,-0.2490646280761787,-0.3684914417399466,0.0309452513147691,-0.13762329561503,0.1274781172435371,-0.4115513727375692,0.112699432270159,-0.1244756711577742,-0.1855713546233406,-0.2650803936936884,-0.3340981476261287,0.2630296984929009,-0.0583248537658506,0.5059031487516394,0.1536930578362365,1.54326663155172
Na,Na5-6Sn2P(CO4)4,Na5Sn2P(CO4)4,Na6Sn2P(CO4)4,mp-aaabseif,-2.986376337355216,3.8369005050554006,7.30210196056297,0.9578067217386342,0.1584853003363647,1.2384667977654362,-1.4200574266071797,-1.0738142268208548,2.736392403122632,1.1470946972560132,-5.471744351041471,-5.103022689017145,-6.057908148819857,1.1985819176566013,3.3058611468977,-2.353993761410321,-0.3488649000873728,2.139143413814502,1.618876783063986,-0.285176775336733,-1.993814375609977,-1.8271262259792345,0.5281315947003778,0.0563243221729793,0.5111848539900313,-2.1365344559237203,1.3317034551891618,-1.806512757569012,1.192774664688606,0.6955206837292626,0.9530972686950134,1.560422020122161,-1.0597384358965425,0.2876629590810037,-1.0937487016659655,0.8760314331732458,-2.0492824167468164,0.976691635230931,0.4722833217697187,1.3103851944173424,-0.7403368060008171,-0.2413400275709011,-0.2647443521299739,0.0979837252539438,-0.4603026264716473,-1.1099915227071957,-0.8481342533415919,0.2144221589641687,0.1672862806564686,0.160666737679318,0.2190101552502158,0.1490599789893691,-0.0869396546726533,-0.0486484180856784,0.0427468895823989,0.0020632959539454,0.2525480356121854,0.2217636950662228,-0.0575625109519864,0.3292976120642611,0.1009043451626786,0.2956116465341199,-0.3319853062425266,0.345293334687547,-0.6505061245803556,-0.3534677236805123,-0.456598449495079,-0.0446728157844321,0.0264442273328555,0.3718541863636191,-0.2103204788281433,0.2159388026957815,0.051475376711414,0.3115809375948252,0.0713562250608834,-0.5762852860265021,0.3820865687737547,-0.0424451968333865,0.3301499588827595,-0.053101319432582,2.679763736551709
Na,Na2-3TlPCO7,Na2TlPCO7,Na3TlPCO7,mp-aaabrbmn,-0.3095033372458905,2.5890167640054136,10.846126624480103,4.869458329116573,-2.5832606608807347,1.4361462545428416,-3.435701165142979,-0.0928306281052859,2.611989274608056,2.6601277390083515,-4.702956597365715,-3.93811789552449,-4.815600420048154,0.1196817695633869,3.1430256897698583,-2.5713089137684246,0.0813607818762062,2.8615704401687205,2.880871764260752,1.3490176028592895,-1.9172563031477212,-1.7105484762795888,0.9219826939435092,-0.8691710367526551,2.245528122592324,-3.0101819954011297,1.2496154890815467,-1.4363310475234303,1.6700788522473704,-0.1942764420206391,0.6460771327582183,2.127616235735664,-0.4074880755015736,0.1178015536523675,-1.6369123530216942,1.8495360591870016,-2.0181629187628296,0.1063787428113866,0.0054647298994717,0.7112263438869919,-0.0219765731570662,-0.8391020437726607,-0.1205963935063744,0.9154630832449716,-0.065803630446256,-1.4105586965267014,-0.6773554356776116,0.392421596066493,-0.1243744566570044,-0.2903423419156432,0.7685465373428588,0.7950245763045917,-0.6926297234897919,-0.2899556286201845,-0.4740762852563084,-0.6298804977304003,-0.3558434596834534,-0.0717466243607478,-0.2181348028178591,-0.295281963387877,0.2144679112060284,0.5077024886329071,0.5638407436669494,0.2053655737267964,-0.0561397770043957,-0.7932889411281293,-1.3256025417068822,-0.806348877635334,0.4821732370086899,-0.0416568837269548,0.7051167592605271,0.1570942298691847,0.0580458558254438,-0.0043695848460074,0.1916578433493408,-0.6401510344524579,0.3802193472578538,0.4611627098700402,0.4130187101361606,-0.0908605244926379,2.383596366551732
Na,Na1-3VPCO7,NaVPCO7,Na3VPCO7,mp-aaabrukq,-2.3033783262916,6.131434358506437,5.04085988172493,-4.697284063303177,0.7860804738425835,0.7473647978487652,0.2749655277399093,-1.015199461583167,0.9625322625330852,-1.723236740927783,-4.105677281565334,-4.472611197184724,-5.469252854900764,2.3816718037663933,1.22577983991622,0.8764815462557715,-0.0209972836659846,2.111251149714864,0.4755065039164561,-0.2673336901581811,0.0214161576708447,-0.2618271002179151,1.2130090566287597,0.3532879263462089,0.2619181656757469,-1.391738208087883,1.022794477863788,0.1174591309275788,1.242273590568698,-0.2032056263811203,-0.2658977776509399,0.3765173231350991,0.0181051110516858,0.065772589833071,-0.1370568123346274,0.2723349766914421,0.1718481830737312,0.0243507824983098,0.3029611629369151,0.870531395568544,-1.2671815799864152,0.3738379606314211,-0.3425897112276637,0.1131132108729569,-0.1014545335326377,0.7812736533036462,-0.2206805362223277,-0.2851294246139352,0.2933455003189996,0.8244850267251828,-0.256233505014125,0.3806302438080951,0.2969909194796192,0.4948126810162034,0.1982776201435344,0.7223331852374755,0.0992265772245411,-0.3585091073490659,0.3154737835971199,0.2008837485367705,-0.1210547115625089,0.0715325448247217,-0.2518837775951633,-0.1383504072579881,0.6044224646287184,-0.2281392306204578,-0.4315891904531891,-0.0485530895218754,-0.0090773288368686,0.0521879527539107,-0.2995622070883385,0.0702458867957088,-0.0004911548647211,0.0351890600755212,-0.0101366558153358,-0.1462947338028178,0.1938827591742451,-0.1450351937142313,0.5486067727652154,0.3303638162401555,2.440613730301724
Na,Na4-6V2P(CO4)4,Na4V2P(CO4)4,Na6V2P(CO4)4,mp-aaabsntp,-2.0487969843713274,5.977326605625446,5.379179747649819,-4.933098836178389,1.9370038136597667,0.9898006987311284,0.4942734344022187,-1.132902649483725,1.2665821075849666,-1.2695712829646033,-4.625350999245066,-4.984590645265769,-5.151948811316677,2.289036768892617,1.8438588767517157,0.4774604853414216,-0.0547421235102611,2.064675733504545,0.4705294875440649,-0.5825655392754931,-0.0999209835765612,-0.8925411474944309,-0.249502867690204,-0.8282271398538814,0.428500838735289,0.5684180335261464,2.248903331768421,-1.0657575881660808,0.4900569971701938,-1.0051963518812752,-0.9599901078226232,0.2926615889684768,0.3167193977911433,0.0293197773349227,0.2401387514675884,0.5129383397140928,-0.1220877083539816,0.6395639261638086,-0.0570543190754941,1.319423108895735,-1.1941888324099037,-0.0734404951247597,-0.1901588317309374,-0.2781981822092275,-0.3846102232057363,0.150575339640705,-0.0662283089682505,-0.1476202761213217,0.2920369402270015,0.8451590715334174,0.0302180827002503,0.1594120923953637,0.4252963169818042,0.2636356679110593,-0.169932366765049,0.7626661043444449,0.154116714648756,0.0128313542146539,0.360140789345202,0.3198575843036631,-0.2354393703025516,-0.3781331881002341,-0.5910881899530585,-0.1640383053293005,0.2693739358156206,-0.195912610229214,-0.2506973857235963,-0.0744932216975721,-0.1551769200976435,0.3745048448107444,-0.3745554426898905,0.0734805603058623,-0.2302776694557016,0.3034095376416743,0.1716496498007433,-0.0692733974216821,0.122817554605661,-0.3098162233755279,0.4232029904623025,0.2535220915831473,3.034058029051725
Na,Na0-1CrN2,CrN2,NaCrN2,mp-aaacfsoj,0.2010824566023784,-0.8988555652211699,-4.295214330187189,-5.015443783333516,-1.22991526508571,-5.555495818550336,1.8732924928430463,-2.3279842506304007,1.207911304025952,-2.874471546907762,-0.6403076152404698,-2.398557225887192,2.186849913439664,2.1994000528716127,4.858855859506922,3.724304822716096,0.3215271990401424,2.445212479960975,-0.4969366978371032,2.1351408867707558,1.1048958068402674,-0.4929035972122998,-1.6031034750963329,0.669120956790264,0.6527992804805007,-0.0189044824951979,-0.3531844570477503,0.0417711209073756,-0.3412877064091549,0.9570045642772432,0.5260719546275153,0.8226818074334946,-1.4515629721765293,2.643386716873011,-1.9982245180691725,-1.824902587072034,0.7245727850907726,0.8770079238728125,0.8597392945308229,-0.6017123185042036,-1.2129838629791496,0.8601592325278451,-0.7428737989732869,-0.0707956925272472,-0.761877781480704,-0.8453885211652068,0.1788860021284249,0.002075283263414,-0.1898221779721405,0.8516443854791776,0.745650320130929,-0.2556690532935315,-1.5644121485781532,0.3246575227785909,-0.3053244022750797,0.745647306983576,-0.817640587598939,-1.02330560814461,-0.5636909292946524,0.3884041722272379,0.5650469297494318,-0.3829798685793713,-0.6322400188438156,-1.1489345476812465,-0.3060830151740278,0.1801121057718245,-1.6738847149384752,0.4459577395669824,-0.0233437767336197,-0.6427107251824794,0.4046632390462252,-0.2879838297099309,-0.2175136093106828,0.3991133879296447,-0.8740891723102724,-0.4163478262892326,-0.1609480457764751,0.0631161846630985,-0.5843173931090333,-0.1854273373772021,1.963945621551726
Na,Na0-1Cr3O8,Cr3O8,NaCr3O8,mp-aaabfbke,1.1023908542222658,2.258901033747667,-6.266494678563864,-2.65741847452321,-0.1977429485420546,-5.56751136491503,2.592674803480919,-2.0322558636705264,0.7143285964054751,-2.312216187738385,0.1742931339127031,0.0250403571028856,-0.6719046178895063,1.7034373796073872,2.125249976498714,3.744147264003562,0.0802371697070448,1.6439754227078032,-1.4438192677016195,1.5783551064997223,-3.2672578140144486,0.4524517409752612,-0.4643772935069143,1.0894344831256677,0.0506690038599148,-1.0096570791032151,0.2439200928051254,-0.4651283891250168,-0.6747740155845768,1.081615413086638,0.8997018118751271,0.3922805088702063,-0.5092389825450748,0.4023461381526585,-1.185189319568695,-1.2701951914542748,0.0552360354195558,0.9727523624201708,0.6235452956825345,0.6517371032431538,0.1734173674309811,0.6659628505381133,-0.6149649899400738,-0.5863676164826773,-0.2827128698919117,-0.6245460443539905,0.2330184417474848,0.6793575318642006,-0.0023209563535222,0.4261530405811673,-0.043341282055696,0.0488222081142026,-0.1792708171586425,-0.3178175590366622,-0.2061609756816805,-0.2001351286826905,0.3942869207732201,-0.1469337161685973,-0.1829045244701586,0.2684846125893243,-0.0636924307037469,0.0133033605007016,0.4613536551145486,0.1146527267604242,-0.1160043308876107,-0.0041873147649923,-0.2335978320207279,0.2304610424045607,-0.4692614222721257,-0.383330776802582,-0.2523046288039992,0.288932776456708,0.2320338414816943,-0.177816914887554,0.1485224220614414,-0.1069521434510523,-0.0267163887355197,-0.163360737577367,0.2682420705517891,-0.1484700427830927,4.718635471551725
Na,Na0-0.5CrO2,CrO2,NaCr2O4,mp-aaachhjl,1.129106216887871,1.7876444853777351,-5.323419873292685,-3.290804997078252,0.3289953258947316,-6.492461992838635,2.6029092218893504,-2.300909397834197,0.8198783486932829,-1.6968085838425906,0.3489779157043622,-0.4801342706706866,0.0111744639141635,1.891908794681052,2.905225854437638,3.844652716535809,-0.1046029822466047,1.7517652310493377,-1.156723525057853,1.7535759781530895,-1.9606307438148705,0.0645671559578288,-1.0766656708836058,0.4084699839910873,0.4381771588915232,1.1390318851401116,2.090625805827196,-1.2159398184498975,-1.0475052999081609,0.2830465341336195,0.3318526900967123,0.4073162288059475,-0.416937364036106,0.3945972817087076,-0.968100708376228,-1.2896587033737332,-0.1474949485236005,0.9131633869215288,0.6529901814963553,0.2316735272512609,0.0323115559937085,0.9271660490467384,-0.7700287091686773,-0.5706439422830504,-0.3046700823024754,-0.6040754323252148,0.2700607473921622,0.587073661471526,-0.168136109058769,0.3682627466171925,-0.1743385758009648,0.1170023812595127,-0.389689620127705,-0.1020927505042037,-0.2255729076807794,-0.1504629520729964,0.167350689723241,-0.3880344832398931,-0.075519554306155,0.3363848669240439,0.0474682697608424,0.0156016643299275,0.1991455406196135,0.1299998524972873,0.2352633728778286,0.0757769597347679,-0.1708990627809205,0.1299403716719285,-0.2412024936245841,-0.2290819247374012,-0.0186909698204885,0.1133814280883003,-0.0443791544595237,-0.0558041857250066,0.0740773610030237,-0.0088477362445698,-0.0233140379238963,-0.0154913464519625,0.1054927822710605,-0.2802655451278251,3.876070849051725
Na,Na0-1CrO2,CrO2,NaCrO2,mp-aaaborph,0.5516450298194927,1.8906742633933165,-4.400433619054983,-3.81606472259708,0.0102856753630702,-7.122865706184006,2.0507207326637498,-2.683785277234998,0.8468480551221984,-1.5649954848892698,0.640657628985453,-0.5823067737299626,-0.1641705421054523,2.000442991305256,2.94755786246501,3.75881796679,-0.0111680720707559,1.997830350642689,-0.6901422464376903,2.102294112653407,-0.8811220494108727,0.2270290126705206,0.9652452562279832,1.9216941436610373,0.5185699742958687,-0.6406779880598902,1.2746091830583652,-0.4573205313468273,-0.2365629126508698,1.3553661741319478,1.1543343287479786,0.4645768990991051,-0.7497088776443449,0.0272714487680431,-1.933080105375443,-1.6636643172529386,0.2401478035777728,0.5252601850630201,1.186995214725875,-0.2519447526895204,-0.2445164008309366,1.3400977097369298,-0.6023847752648575,-0.5573608413949174,-0.148934327344996,-0.3755679614207572,0.1850990828352255,0.4668028038771162,-0.0164460275236895,0.2215609542754985,-0.2872984947400329,0.2533680344884276,-0.4996237384030397,0.1207850179182416,-0.190570617419215,-0.0522661822815062,-0.0349257386662203,-0.614618942822489,0.0104286148804184,0.4875632052301354,0.0487195590832454,-0.0356039181450271,0.1055649677453041,0.1502552640995979,0.4772104229263245,0.284529961729728,-0.0263531745175203,-0.0268068337193647,0.1755717196593173,-0.0941340337102682,0.2898602549967365,0.0119026780680077,-0.3998393296649119,0.1176471852067701,-0.0403255784481609,0.095349449953116,-0.0560820716047769,0.1199288228636443,-0.1135840163359346,-0.1662911962282225,3.453020624051724
Na,Na0-1CrO3,CrO3,NaCrO3,mp-aaaddjem,0.2520212179868756,2.0220211395747927,-4.938715571737405,-3.2125795471399763,-0.6049721500671759,-6.776480224770502,2.391969220817299,-2.852876373428526,1.0279367707528062,-2.2457082998110813,0.8508315424708606,-0.1645852348843355,-0.6311910431453653,1.9021658344041847,2.621192721532394,4.244482517191361,-0.4700123541672789,2.599831503074383,-0.4241857215548716,1.942834763070015,0.9278043732503306,-0.4911764140070854,-1.5669285080388198,0.0947429376317112,-0.0231462129120962,-0.1795413024438747,-0.2830270025205096,-0.3606208981013442,-0.2576306234943967,0.9908649775783916,0.047319668855932,0.6930860501968273,-1.0231114175622722,2.619130432176844,-2.1176263097650025,-0.937718120318216,0.338428536738221,1.0347253726882704,1.1258816725059664,-0.2948504173391911,-0.776477590869521,0.8471369962491705,-0.3995749498209516,0.070108229613391,-0.9536830987650772,-0.6028815642504541,0.2696606656722274,0.8560499779043841,0.074730024993617,0.4838162116523701,0.0541936672546045,-0.1545819678303327,-0.4887176491698242,-0.4585474066160594,-0.1817480353853768,0.0734365477257202,0.0998813187515911,-0.466725749354344,0.0687723216291826,0.6278270711968448,0.0427077238808667,-0.2800478362061353,-0.0570691090656616,0.3034998920469595,-0.0175254104856552,0.2836069598441936,-0.1447284130302342,-0.2345625578378705,0.1642214348468807,-0.233729890883905,0.2654954511269604,0.0378496696224612,-0.2487518900387815,-0.0267696762752651,-0.1367941981008486,-0.0968976025187573,-0.0747834305863593,0.1033141639536266,0.1154715310631987,0.0764315527720933,3.939361146551721
Na,Na0-1Cr3O8,Cr3O8,NaCr3O8,mp-aaaewivk,1.1023516791606498,2.256778923955179,-6.265912779882218,-2.65753707163674,-0.1972599448401868,-5.568841691186418,2.594342221101865,-2.032922003475289,0.7147186679326738,-2.3122836439783545,0.175219378848055,0.0247761747408222,-0.6708619094860351,1.7037508111491158,2.126512029166791,3.745174054170329,0.0791869824897366,1.6457440437237931,-1.443352874817072,1.5774103930977204,-3.2576461420057563,0.4492970610942917,-0.4747101529409636,1.084804197507865,0.049004907540501,-1.013834182277287,0.241288361940908,-0.4673316600352074,-0.6766900578862965,1.082377281266868,0.8978963602777632,0.3915514905311994,-0.5077010100750473,0.4066437829416903,-1.1837268007264237,-1.2690231479981977,0.054419916617078,0.9729737355671592,0.6242616652387405,0.65202431738592,0.1716106755219141,0.6644743050510435,-0.6145165466401513,-0.5849851286842658,-0.2839857832519751,-0.6246699510901956,0.2327071081470596,0.6794223486704953,-0.0018023577254796,0.4270301270918254,-0.0422703102559778,0.0488777652309697,-0.1793890022774395,-0.3184270947481761,-0.2059589872832177,-0.2006889751991308,0.3943907986754824,-0.1469284745799238,-0.1825443101209106,0.2687009756300202,-0.0638185000739219,0.0130602652171154,0.4610492493151537,0.1153865776301033,-0.1162201677951157,-0.0040725840425864,-0.233952138620353,0.2303627394806713,-0.4692185019071532,-0.383643629940859,-0.252419938861276,0.2884744964805006,0.2317119460605549,-0.1784087603124178,0.1482794445633436,-0.1072859493580886,-0.0270460354321585,-0.1634179790021467,0.2684285613283716,-0.1482907461596322,4.337746056551726
Na,Na0-0.5CrO2,CrO2,NaCr2O4,mp-aaadbsgj,1.119240213931504,1.39764717180151,-5.159904702258408,-3.388930851923407,0.3953744188062645,-6.7864156002412095,2.8328698021026835,-2.442557308534957,0.8924624532070548,-1.8250131974611303,0.6916067660227981,-0.5791736708687453,-0.0387875212984128,1.851035223943606,2.740172045881593,3.9127323538012586,-0.3946110130906622,2.269953464424945,-0.9714942006632182,1.5346393108407002,-0.3784980513074907,-0.7683230028236272,-2.35733275321904,0.2056169089899454,-0.018060715106513,-0.1110310144064606,-0.7421557312124898,-0.515865012416847,-1.0134047499358445,1.0751540215574515,-0.0694366717797138,0.7380584383530036,-1.033441475530513,2.3560122478647973,-2.0418054584883567,-0.9546130046790338,0.0865335840774218,0.8053393177713365,0.9576503689091128,0.1005520462561572,-1.0188316216129147,0.3798701804722734,-0.6324351093093977,-0.2027571437144666,-0.937560811694532,-0.877468510931324,0.2004060464569442,0.5375232096888157,0.1055495871587139,0.7695112640381755,0.3423330556804095,-0.058640380095976,-0.5777288032202673,-0.3119859903375765,-0.1449089822987237,-0.2253295375817088,0.1205557288297791,-0.4107506647098042,-0.0296460506287566,0.5642171131900733,0.0583995121326048,-0.1304653765847749,0.0926572966331039,0.2382562732654974,0.1535390549700095,0.2080193691576104,-0.1561429764834138,-0.0628788508706953,-0.1854393593590366,-0.3346637283467077,-0.0162346327181622,0.0667133438416355,-0.0353244211832299,-0.1012840667210804,0.0466187531069506,-0.0686428870661655,-0.0436861695469381,0.0231341996322329,0.2080267553891128,-0.2337802744651397,3.76590303655173
Na,Na0-0.25CrO2,CrO2,NaCr4O8,mp-aaadbizw,1.4615070151445364,1.555762540373559,-5.9456818053427085,-2.796700094331598,0.706724062396192,-5.922448405064111,2.9778962319075197,-1.9083429126951548,0.7667079939002517,-1.7715350889832768,0.1826433532954103,-0.3215125409382037,0.1156253823456947,1.743513446912298,2.427479792440528,3.655791966499878,0.0936406125184832,1.5311470749773537,-1.5485437545010547,1.3516677197836158,-2.638856656096158,-0.1162667294053549,-2.360793477206761,0.1802739373391592,0.781695951946743,-0.4327773471829328,0.8404186787999566,-0.5380456814841282,-0.1738926438727147,3.9758870496716368,-0.6208751155754867,0.1949013480276801,-0.6573103263900079,-0.1103453131284314,-0.0393739452035816,-0.765265412004843,-0.205821606903433,1.338798065327958,0.1995833682900737,0.5021012905971985,0.1157168048703376,0.3679698006961249,-1.1985173538025111,-0.7452829628936665,0.0848612815452936,-0.5807293502843109,0.3289130096620705,0.4204622887354158,-0.3346678935916477,0.7914335330972558,0.0987140078498672,0.0442511156120407,-0.2012351219653954,-0.246630708772137,-0.2486671481333814,-0.3264213825623065,0.27726334506529,-0.3027898077653928,-0.2904926399284385,0.0298805958645347,-0.0815581288623959,0.0631013128922278,0.4852330287456962,-0.0031939390752601,0.0480112942021742,-0.0101471303204664,-0.2168589605696626,0.3034935983777,-0.5036768561382878,-0.3621428861365361,-0.2995532127885745,0.3459447775633794,0.4276136353408661,-0.1523470293915138,0.3964568471806106,-0.042361945953104,-0.0212819873306047,-0.1867796752898263,0.349207775208303,-0.2408817505588561,3.597391406551725
Na,Na0-0.5CrO2,CrO2,NaCr2O4,mp-aaachozx,1.129125804418679,1.788705540273979,-5.323710822633507,-3.290745698521487,0.3287538240437976,-6.491796829702941,2.6020755130788773,-2.3005763279318154,0.8196833129296833,-1.696774855722606,0.3485147932366862,-0.4800021794896549,0.0106531097124277,1.8917520789101872,2.9045948281036,3.844139321452425,-0.1040778886379505,1.7508809205413427,-1.1569567215001269,1.7540483348540907,-1.9654365798192164,0.0661444958983135,-1.0714992411665811,0.4107851267999886,0.4390092070512302,1.1411204367271477,2.091941671259304,-1.2148381829948025,-1.0465472787573011,0.2826656000435045,0.3327554158953942,0.4076807379754509,-0.4177063502711198,0.3924484593141917,-0.9688319677973636,-1.290244725101772,-0.1470868891223616,0.9130527003480344,0.6526319967182524,0.2315299201798778,0.0332149019482421,0.9279103217902732,-0.7702529308186385,-0.5713351861822562,-0.3040336256224437,-0.6040134789571122,0.2702164141923747,0.5870412530683786,-0.1683954083727902,0.3678242033618635,-0.174874061700824,0.1169746027011293,-0.3896305275683066,-0.1017879826484468,-0.2256739018800108,-0.1501860288147763,0.1672987507721099,-0.3880371040342299,-0.075699661480779,0.3362766854036959,0.0475313044459299,0.0157232119717206,0.199297743519311,0.1296329270624477,0.235371291331581,0.0757195943735649,-0.170721909481108,0.1299895231338733,-0.2412239538070704,-0.2289254981682628,-0.0186333147918502,0.113610568076404,-0.0442182067489539,-0.0555082630125748,0.0741988497520726,-0.0086808332910516,-0.0231492145755769,-0.0154627257395726,0.1053995368827693,-0.2803551934395554,7.505594701551718
Na,Na0-3.5Cr2(PO4)3,Cr2(PO4)3,Na7Cr4(PO4)6,mp-aaabcrzv,-1.3110672906364491,3.259652030956984,-4.259857685516013,-2.9702245401847804,-3.970055166428396,-3.627446640532283,2.005907347288127,-2.336421430734204,0.4486766966052324,-4.436573924745235,0.120243557414551,0.1638059880877064,-1.180443221097901,1.15630518136247,1.150561514979086,3.561636252673765,-0.3915112713080061,1.7597457674895831,0.2147373497121636,2.8709923014574605,0.0784772717703083,0.3028339901995686,-0.6567411558742017,-0.0475977086924501,1.49947739173789,1.11738930398027,2.954577932920858,-1.2665092279105228,-0.9426986349945524,0.4538508565695349,0.587667463147732,0.5189131810317086,-0.4571040387610866,0.8437897916485075,-1.013149779016358,-1.3131356133362562,0.567976845487179,0.2522275480969953,1.07195409051206,-0.0689656537829602,-0.4667904451961502,1.303235405672529,-0.7738291745398176,-0.7937301684249387,-0.3306600955756066,-0.3254437745038587,0.6503965324104161,0.8948093845588593,-0.2630302376397887,0.0617267560743732,-0.5547763566467341,0.2559383213021966,0.0526149540453541,-0.181257738593363,0.4873550341766026,0.3046668952219631,-0.2622336190611652,-0.6301260992758502,0.2905024968857427,0.0776786632312827,0.4235052981846238,-0.1492574668461327,-0.082072767105089,0.0649585850845169,0.0680406521436363,0.2029242425859871,0.0759002501884093,0.0501640126577818,0.4835860514742544,-0.0469041698354732,0.3437516301384912,0.0518342584380076,0.1412479129168193,0.117355457978327,0.0576657045810405,0.3844063088907082,0.0653146786363649,-0.0662171771075187,0.0528858041060673,0.4688370281972432,3.702667313694579
Na,Na0-3Cr2(PO4)3,Cr2(PO4)3,Na3Cr2(PO4)3,mp-aaaabnjm,-1.1687500947005804,3.170285917642794,-4.440559499731962,-3.005461393120883,-4.085859918390221,-3.501610861435108,2.2507418517200115,-2.261757721647872,0.3316704051706829,-4.434184274481246,0.2247971326747105,0.2301688133760236,-1.1260586542012496,1.1971560103991683,0.9835882540396468,3.6905734119902487,-0.411253808045331,1.7645108453371103,-0.0554795690147666,2.4750751543719214,1.118736061729508,0.0474957206929997,-2.33337639997536,-0.8079195733501391,1.0812800143790389,-1.139851041847909,1.4375865839350437,-0.8657322802378542,-0.5003937485461584,0.8071331826058216,1.8393848984254548,0.581100516614629,-0.942579619053291,-0.6096787647221849,-1.4097841051563798,-1.903693858488568,0.5024589671508543,0.0354895320898621,1.2240786418937053,0.4144067682598744,-0.4863388882446258,1.183358616558185,-0.644005010443783,-0.8098938129759358,-0.3063598322821603,-0.2052245400729083,0.472597787256254,0.8981449204062615,0.1290487382923518,0.1446931199012177,-0.5519334143857195,0.4495487680176473,0.1543923818123976,-0.2785019219348426,0.5085496897741667,0.1958670566755054,-0.2025594403894829,-0.4802574714595309,0.3633010267588298,0.116573550793489,0.4442568097626944,-0.0864282455518242,-0.1123377131674817,0.1713535055008292,-0.0176483196149051,0.1612389111389264,0.0632807157952637,0.0754881810664993,0.3568315141767958,-0.0468760657987241,0.2452106994965966,0.0134494724026546,0.0200569433762011,-0.0427198006263091,-0.0504578504363105,0.3018609579968725,0.034866192537879,-0.0309313366344204,0.0561047480833482,0.4616498471984773,4.291304676551717
Na,Na0-1CrP2O7,CrP2O7,NaCrP2O7,mp-aaaabndq,-1.0331211074956226,3.430127365527565,-5.208919767925455,-2.7061359327411645,-4.418070647288652,-2.73136314874968,2.1176369531123527,-1.9208542086173817,0.1476326859221245,-5.039111267662004,-0.0633223166259791,0.4887548874855357,-1.5513972906749167,0.9916255166061976,0.4513354391578386,3.4900289998308978,-0.2785874325957126,1.7286962121165503,-0.2954149655159632,2.6437556972029355,-1.7203085580922086,0.6397933807806461,-0.3908964867920997,0.6812601845880235,1.2030227065601629,-0.9690172845317068,1.0276341406516112,-0.6669795366022286,-0.8717691826947308,1.3568796455542584,1.1325681064107378,0.5001456450099938,-0.5551370886644807,0.7006603207735336,-1.2775272020628723,-1.3693957614637016,0.9242419201181914,0.2477942156432326,1.1172904676439763,0.4379086474140203,-0.5113745298183507,0.8336903935849315,-0.692865822359594,-0.8962016407967063,-0.3450328162033164,-0.4600547048001773,0.6532196928145304,0.9481322371912936,0.0554085581419433,0.1850119578459326,-0.3200811801677223,0.2370711765205214,0.1502418530093335,-0.1741539343644078,0.3631949848270409,0.1329414861438216,-0.0803706475633884,-0.5508942150444225,0.152334055678315,0.2127826570818546,0.4726176252834213,-0.1273141036505559,-0.0294442769077627,0.2843522978730614,-0.1196803647862537,0.1820201920381832,0.1144284305524185,0.2540596804592583,0.0297336138145403,-0.1270107987226148,0.0003770806056778,0.0197088029810045,0.075299787126205,-0.1991225265001025,-0.1429386917832431,0.2436743763322326,0.1336526120228455,-0.0312651723039708,-0.1119709428305079,0.1236114469720388,4.622771311551705
Na,Na0-7Cr4P9O32,Cr4P9O32,Na7Cr4P9O32,mp-aaabcseg,-1.5598290328785531,3.2600115752862675,-4.583832054848523,-2.64275055728029,-4.369720906627098,-3.136227807229675,2.103499934264099,-2.1937578402992743,0.3669070250631875,-4.782816589729144,0.1318886600469432,0.4306191220486665,-1.2995215545830967,1.1123837079035106,0.6878666834524044,3.6763133105244576,-0.3385648971727285,1.946929307677012,0.1283156508131303,2.7471829740033544,0.3289456281473726,0.290194077042726,-1.683483951705108,-0.3716748546867559,1.90681528931076,-0.5141799169673825,2.0266879749755584,-0.6350385797289612,0.2964627466958831,4.187294230058318,-0.274896607555506,0.2858289143330065,-0.7183963658146191,0.4940140935297545,-0.1861313509876611,-0.7928758636920918,0.86375392475158,0.8673907176143985,0.8641005517401432,-0.1064355283825009,-0.3718685965550548,0.9365777149650042,-0.9966058801035532,-0.8385072479892397,0.0395247974168244,-0.1399956287370378,0.8533951362504855,0.9707070772184836,-0.3414619257575368,0.2333777379080322,-0.4062227731081837,0.1548914947088772,0.1938126596880956,-0.2807347868016302,0.3222933404146761,0.3467983592545636,-0.2839657463817961,-0.7803373021805198,0.2160246802839114,0.0337984083039751,0.4848675195019212,-0.2212876820882152,-0.1558281938580564,0.1923769510148623,-0.088253856441332,0.232756974805067,0.1311679868633481,0.1794949084991125,0.4537589543376989,0.0085132054376902,0.2560284731756383,0.0700170993287575,0.2170041162005353,-0.0013472344452299,0.014906264106609,0.3612419813204686,0.0679247271144347,-0.0366453850462644,-0.0458020105950827,0.4598499737564107,4.836489255123154
Na,Na0-1Cr2P2O9,Cr2P2O9,NaCr2P2O9,mp-aaachfxu,-0.0618894238631787,3.033123327078489,-5.412227579653186,-2.795421183329911,-3.3571821506957424,-3.0408019436289044,2.569751676160985,-1.7922875943872103,0.2572765489029888,-4.581292855005097,-0.1599889090303813,0.3087747324267487,-0.9285925623756476,0.9110244215332152,0.9108866319372568,3.408447846301636,-0.3343458031593671,1.3688597877546724,-0.5287598961030107,2.380712881900658,-2.0368200048833165,0.1766384870261855,-1.8550458967563528,-0.3741449726017355,1.3175747225291017,1.0187347819683252,2.1224198549761355,-1.3134538467093309,-1.6936544657563963,0.3742429362932535,0.2448210061505992,0.3906544867302135,-0.1775676622598876,0.776130944062618,-0.6550062347795378,-1.359592503859983,0.3386615955812226,0.1456189282008259,0.7204627740766071,0.6450203010425273,-0.4477689537150549,0.7612062202826642,-1.1637023132552622,-0.8233801489001995,-0.5543250687805977,-0.6447420352389523,0.47978468602828,0.7650256158170092,-0.1071632167556274,0.5725909367534822,-0.33364414789074,0.2143384851669971,0.1692287857963625,-0.2399146906067686,0.3083949203421525,-0.1785654635304475,0.1275905697243371,-0.2021131122094539,-0.0142043165395008,-0.0432007288098805,0.3656181790340902,0.038028059371249,0.1763251092870919,0.1080974447110174,-0.1636289898596937,0.0141730775896374,-0.0766704458999349,0.2243924641192025,-0.3831241771457797,-0.3100267560704595,-0.1720742011666775,0.1112722112574656,0.1131152832142849,-0.3244377932655246,-0.011605936708158,0.0715932234505224,0.1800582924517816,-0.1123769614564938,0.1197360883391119,-0.0680037705984083,5.096579091551721
Na,Na0-2Ti3Cr(PO4)6,Ti3Cr(PO4)6,Na2Ti3Cr(PO4)6,mp-aaabsbpg,-1.0484853614854384,3.6716698808028094,-2.4539910110896197,-2.941528218997702,-3.1874890186335416,-0.9101215013124428,1.7303410799400822,-1.0407443392942848,-0.7801620199563889,-4.215854138709064,-1.0096547277073298,-0.006459591265762,-2.293377985888337,2.1965361019755325,-0.5468221241521682,3.859419605962617,0.6508950849081288,0.4057495943902363,-1.3571019505844288,0.5578147875607661,0.5588613675240918,0.8930437653438952,-3.2547545499751838,-0.8120753262981438,0.0988372735781146,-0.907340588492346,0.3990275764227194,-1.039417080194276,-0.0721172449299173,0.3828696332845807,1.42172684551998,0.1389510775234866,-1.0907392492931645,0.3416720692334321,-0.1743155871241517,-2.30424885862415,0.2017633940394017,0.8573839812317776,0.938151040772728,0.7291117023264818,0.2770986614493985,0.4552944642541222,0.526093078567083,-0.4773220627383134,0.4149624370136653,0.0769819442262179,1.261591452638243,0.8643175355902772,0.2885660918591541,-0.1183157797341475,0.1175632462022388,0.3857998899930436,-0.1522804800459526,-0.2398141368721826,0.5107876324999069,0.1281487396786888,0.2952971106275253,-0.1806771356978502,-0.5024988831718171,-0.4047426864055189,-0.2914976209410438,-0.1104860211399891,0.3519156128255039,0.4173359742192492,-0.3827140856977084,0.213044481474476,0.1982266773415016,0.3990795263830879,-0.115283756966096,-0.0804499089469319,-0.3381922369598149,0.1665495527798037,0.4042898539868635,-0.2584426177138685,0.1668357194391108,0.1530075026820482,-0.0588053853513082,-0.3684164801788258,0.0028049882761686,0.1275463067143345,5.008353921551734
Na,Na0-1Cr(SiO3)2,Cr(SiO3)2,NaCr(SiO3)2,mp-aaaablis,0.1766244086226915,2.7707493911154555,-3.7032126539522894,-3.341905709833943,-1.794606515096287,-1.4115630095835003,1.3881662982927907,-2.07119906984005,0.7896699525837747,-4.04348982410795,-1.0746947667356057,-2.2566158506972447,-0.0963387563649466,2.072878390645963,-0.2367421002759025,3.704943605657327,1.1692759134995812,1.7657460700816283,0.6368220836772924,0.5147625056332062,-1.7136705060679254,-0.4147008963927791,-0.3246416198472798,1.2088744870006822,0.4088002307274141,-0.2697574748032263,-0.2244816303112296,-1.3788615006908278,-1.0843140183376705,1.4004566372999383,0.4900305524563297,-0.3817379969177195,-0.0449045603333763,0.7373703517460486,-1.7279558786867928,-2.7279158340699365,0.6316465630918814,0.7798199494264333,1.3528834116961823,0.8207355393458038,1.7094528321040727,1.396014089642622,-1.1420903842119612,-1.7516087530078888,0.5426227015241225,-0.6969110787207398,0.0972421316270039,-0.4757713012710339,-0.2144054866984895,-0.4491609508855402,0.4824034084560821,-0.3198276319545887,-0.1292643509452208,0.0604146668317953,0.6317348516329876,0.6169497891296627,0.0856445258630651,0.1230647418482049,-0.2810734122763516,0.2470716376284454,-0.2164096461086189,-0.4349398814131798,0.1584716525871415,0.775747889861714,0.3270102525991429,0.8410024516443768,0.0112943439515875,0.2120174610636406,-0.4599548648917185,0.1307803690841787,-0.3648776580286742,0.2936432124804937,0.1744522769289277,-0.0659192715748984,0.1412084970512175,-0.3308952125678976,0.0079040537023705,-0.3831965874402958,0.0860166909005979,0.0281191361545578,4.195462576551723
Na,Na0-3Cr2(PS4)3,Cr2(PS4)3,Na3Cr2(PS4)3,mp-aaabshog,-4.248867036953949,-6.3020710645355456,-2.268629474549717,-10.246533963262376,-8.540425330740122,1.083227346404238,10.138420646014758,-1.0393581024710703,0.6533721356335044,1.4169699005829173,-0.4089900523781503,0.8264463453671961,-1.13240119456016,2.1740239052216004,1.5018308549388883,3.96601105605685,-0.5342381088324212,2.1255046591583118,0.9203870634407484,1.4248965528419495,-2.213175016861604,0.5751118299678672,1.3829425530732795,1.1643731303645566,0.0898760477584134,-0.7675592463448934,0.6362783278238119,-0.4113553662362603,0.53740966285655,0.7016052429519036,1.1636903596110983,0.119611564082882,-0.3550616297823527,0.4328341627569384,-1.4519317563320768,-0.94270336847154,1.9031063820476204,1.6391020095798463,0.3974686119594762,0.1007665199329161,0.1455029303760077,0.9758762166922254,-0.1898776257566516,-0.4801287025806871,0.2421392867805039,-0.2477447497616201,1.6695165035718702,0.3816894092582831,-2.079792581837898,-0.1692958746692549,-0.572154100348954,0.5382721302511672,-0.0880089271367195,0.2137455156176401,0.2722004980477877,1.3536738338872956,-0.7062859379855794,-1.2339534108030517,-0.443452854921322,-0.8959038986182465,0.700452322695345,0.002944925728028,0.2267570450454997,-0.7697471459944947,0.0216586489863241,0.5191450387879609,-0.9257435656491996,0.3911316554970498,0.3323454438584454,0.3543573082088418,-0.2018074269189835,0.0249779561158546,0.3492264225751856,0.1750058743226722,0.3640616251448886,0.1992136481640615,0.6213294349613494,-0.6123275959059581,0.2193553874586136,0.097452122329203,3.119356584885057
Na,Na0-1CrS2,CrS2,NaCrS2,mp-aaabqzgp,-2.870662340379051,-7.885048606573848,-1.2555518118776114,-12.272665325738888,-6.151304767833333,-1.387374961527544,10.32120862022203,-1.492535229520879,0.8927649600377964,2.968097333737472,-0.1080332601465181,0.9639445029731502,-0.11702155508254,2.4392216460122347,2.687841476508087,4.346274471178,-0.6421267605886206,1.6180241486380862,0.0852217031859177,0.7698167125864622,0.2490474904770751,-0.1443437087529586,-1.2899460081783494,0.7905151762362053,0.0815262043609384,-0.9051733856337378,1.4528917919673798,0.3525998309647307,-0.2143398659548798,0.1295249751359978,1.4557228521199863,0.4538104563454774,-0.6046089434495723,-1.5784472864480568,-2.1999479738237016,-1.3609818268585752,0.8743628539900627,0.8372396796944679,0.3139567344092568,-0.0532521504575335,-0.231890870500609,0.9615088928372918,-1.2032582695491072,-0.8789617186805742,0.1162995303788321,-0.4997247024449327,1.0804176423834089,0.2502979263238195,-1.793145103228767,0.3031635672187138,-0.7331305578002254,0.6061554555560821,0.1413772658199978,0.1401566046742463,0.101890470403218,0.7196161127339663,-0.6714908642139731,-0.7491657324821355,-0.5384822207515408,-0.8866198371725966,0.6846396140163032,-0.0437709448227422,0.4912518964972035,-1.118743341930203,-0.0295218179108551,0.2393607686248908,-1.0187793800518743,-0.0680081632208528,0.0265535245989506,-0.0558032879124041,-0.171549569589411,-0.0649178839767696,0.010566168729665,0.4954086134245228,-0.362835086064213,-0.1056541859904989,0.0932013001295067,-0.4399634900499619,-0.1254085735636338,-0.3694214249089479,2.159152006551721
Na,Na0-0.5CrS2,CrS2,Na(CrS2)2,mp-aaadecog,-2.3855277714708545,-8.005071624153015,-2.0061790943176145,-12.009158835386312,-6.162699110958234,-0.5300026760816925,10.838758672940024,-1.1595359530310787,0.9133350008300904,2.7895772377192207,-0.5647437849867865,1.1626790630548205,-0.0799278450640768,2.3412688754695883,2.48052783942438,4.276443966197245,-0.6779230249477771,1.3064441170310113,-0.3947362455461644,0.3631986271914183,-1.122197168171086,-0.0766329716550619,-2.1759320441069687,0.4944725960098037,-0.0538595797917798,-1.074511774262726,0.9674392661845604,0.349838864245079,-0.6492946785597652,0.0258419105435798,1.309655170887556,0.445664535311955,-0.5128846419970585,-1.546353313876388,-1.9454439604350675,-1.1037505738603066,1.0020553643782806,1.069142923129589,0.0378811466016625,0.3985832059094381,-0.1944778127258385,0.5466550633988211,-1.1374122586270512,-1.0147713903795057,-0.05513806296473,-0.6781523048907743,1.0870704785101064,0.4396135009992987,-1.809398442637297,0.1925876647924873,-0.5599585919873084,0.3553083679374785,0.1512010451988394,0.1165770353741477,0.0245565608511362,0.7618452958397272,-0.5519847517419515,-0.4995018629915127,-0.5936508528515885,-0.9216260791177704,0.4497684403420366,-0.1552632364867585,0.3061049411502674,-0.9863697844115036,-0.30184439715573,0.1816419602462298,-1.0559212428808855,0.0912965432169538,-0.3182598682340873,-0.1258357092530171,-0.2936151740389824,0.1364545259323575,-0.0478369558949745,0.1206646111465401,-0.1827834831387765,-0.1357437132684895,0.3126057753985147,-0.1854260220913799,0.0474474745172957,-0.51643777297088,1.800957676551722
Na,Na0.67-1CrSe2,Na2(CrSe2)3,NaCrSe2,mp-aaacrmwe,-1.2155336375699246,-4.75143810634224,7.783466834678801,-10.714726044077874,-0.3424206385607457,-2.628921523118408,0.99956730629603,-0.1915058927334523,-4.602594107211176,-1.312177627894068,1.8824605916446928,-3.643105044309905,-2.864745019018161,4.087641182320533,0.6628228143832968,4.488634687606069,-2.1397626005015877,-0.9003785008100983,-2.0799661189015106,0.8053360837626955,-2.5672375988431546,-1.2999066078761057,-3.497556472514892,0.540551307304053,-1.1209844644457343,-0.9600540902936768,0.9809907748016146,-1.2481175954605166,-0.6500988041209825,0.3843202234711256,0.8642150953175962,0.8973171102643785,-0.9223585646722768,-2.0153980182061457,-0.9659911441836232,0.0293244957453312,-0.139847834764976,1.45879902111894,0.1486703498753105,0.6424119174378281,-0.6577424999972095,-0.7511542512926451,-0.0375139801063019,1.9346389684760128,0.5589077096306043,2.019014185228086,-0.2787396427187519,0.078135550949673,1.1972940971561543,-0.802974358705061,-0.8018073892141955,0.8770581022479752,0.8238958960385305,0.2719447206944602,0.5046947938868149,0.8905476477471624,0.0240012301088461,-1.193782867107654,0.7532903044489677,0.3945335276771114,0.1802952178008958,-0.1997148540368278,-0.6237525429366634,0.4552652046176125,0.8633257336781386,-0.8281628330501413,0.2361749068315767,0.0519861301282474,-0.2092865880281855,0.442449682866708,-0.0882579302662325,-0.8739952023172088,-0.3227173783809363,-0.2395421301768391,0.0289425611512663,0.3184277142382196,-0.4883987920437601,0.0899834662474798,0.4411862030327588,0.3325487517256598,1.776473426551717
Na,Na0-1Cs2MnF6,Cs2MnF6,Cs2NaMnF6,mp-aaabftie,-0.1504296869629646,6.819680088403683,15.890497372013773,8.192397638335693,0.7410118865203527,-8.588894163119848,8.759499778376295,0.6846745063423798,-0.9415500478237844,-3.5425382968834125,5.277792418049859,0.6436378192725891,-1.1299887229630352,-2.1481567206870174,-0.1271694271653248,-1.4807245149068753,-2.1999812095462445,6.198911020473496,1.037616304741393,-1.2016762859663248,1.490633294886608,-1.4721481875014324,-0.9736594829646484,0.8804780961285167,0.0903566391243486,0.5617785288064727,-0.8612188680286357,0.1162853189815749,0.0210093009869358,-0.582199880667415,-1.4914297896214328,0.1084965260121641,1.1018387623491903,1.3685701074039416,-2.46046921726024,-0.8886309643078953,1.1752531767947474,0.3720344505234556,0.8141384466444597,1.5004823764331912,0.0485878147078578,0.0422823497435805,0.463014739684655,-0.320929118902274,2.286498541738946,0.2459205838771344,0.1501545532651911,-0.4459187225240055,0.6590217078172744,0.218637117358489,-0.9922776571694378,-0.2113192293107144,1.068249101319763,-0.5478621982789987,0.2097761294190015,0.0129875010741813,-0.3545874385588372,2.4734944940235133,-0.867243711929239,-1.056569659624742,-0.6098138641482008,-0.0005303503527045,0.0887617043632498,0.0022166151768696,-0.0690171454503854,0.2921826597233373,-0.1889922311870235,0.669117411031171,0.5351585011351712,0.3880834948325599,0.785373737245909,0.7115907742737393,0.2038295662870188,0.3805719933216462,0.4878581573310568,0.3037520225116734,-0.781635228523605,-0.5912940628718281,-0.8458098817838718,-0.0164405104065026,3.040560616551719
Na,Na0-1Cs2NiF6,Cs2NiF6,Cs2NaNiF6,mp-aaabngpp,3.350615327453074,5.497543861169341,15.211567467393476,6.762482510979095,1.3305727716563218,-8.624504047482542,8.102248279745572,-2.7664094072311376,1.4195550063388782,-4.573085576247955,3.0902915982438177,4.922863049527408,-3.2237265442876284,-1.641101770000263,0.9439539689821626,-0.0854819737837237,-3.9857601944722703,4.232768532390656,0.0602901933338946,-4.181646249242012,1.7593086618208875,-1.721003701899449,-0.0194070915636504,0.1096586804096166,0.6811117821788043,0.4049893243730115,-0.479993592386531,-0.390433582177847,-0.6773805375582636,0.1397217179467072,-0.2982919070986622,0.528194620017503,0.5485964739417948,1.6935072786276146,-3.0892955501896413,-0.095417523480634,1.498851664150626,0.2905667768386716,0.2494981556825195,1.1871626514317923,0.82185034489805,-0.3694261737303014,-0.2293042966469281,-0.1183122616051847,1.4837837393579878,0.3192975527691454,-0.8743929659487799,0.0246788982260442,-0.0976378607142571,0.0844839071106308,-1.0684581918733291,-0.3559285044198962,1.021723623446313,-0.5738646199041507,-0.2784147229576338,-0.460198816304223,-0.7188599556077421,1.069268750034907,-0.6813752084475125,-0.9897957452090684,0.147873084516423,-0.2023589692391074,-0.0648072938912035,0.5041046539621656,-0.0900041766996791,0.5914121073910837,-0.1258256868851035,0.551526752519746,0.2784312688015786,0.5141080132618775,0.6055158682488221,0.5343149038640076,0.3432713648064586,0.5821827959547223,0.3690507245216267,0.2482867041009877,-0.992528618586794,-0.6883770038590352,-1.1753889785029543,-0.3247536345451497,4.227831216551717
Na,Na0-2CuMoF6,CuMoF6,Na2CuMoF6,mp-aaaabdjv,5.707430883334989,4.511990649990199,0.1415091830175926,-0.777479195691835,1.2032580892494291,-2.1546902501807703,-1.4048787096364037,-5.49898889736278,4.23425688182613,3.192101101185741,3.784466155860684,-2.7309291023156,-4.045635424090164,0.9645119649879422,-4.189797898524298,1.3710749835090597,1.0335732523946428,1.8806381946526485,0.4053527075120015,1.3356867475988394,0.833820663401741,3.2867638538584987,-0.4697674045231327,0.1253310262272367,-0.9985324145995064,1.7449357372796654,0.5410339012362664,-1.0100074355786028,1.8926811822435303,0.8018724806846588,1.1783429897987836,-0.172978329882893,-0.2794304650610496,0.137415172806084,-1.6151925330160182,-1.3777014761589412,1.1909871294024166,-0.4993848407471512,-0.1939787620991122,-0.9116505055691854,0.4907587434023924,0.2559913440002013,-0.571519932423315,0.1052737635172264,-0.2448761803682007,-0.3160629066469062,0.8123682422683093,-0.2926708179458167,-0.5269908992533021,-0.5572800877302269,-0.8869810195422094,-0.4679960767197391,-0.1824834793653679,-0.4337990798272667,-0.7104503777322658,-0.5694467193479548,-0.0778508134177955,-0.2382375898637942,-0.5562617373937829,-0.9540060195432024,0.1574408051845832,0.4470613081983107,0.3721921035443161,-0.0415260927549309,0.783784266264682,0.3596393735433199,0.14846303156139,0.0548041685197943,0.8493021719500344,-0.2290543813248957,0.3258718601208393,-0.2000782154859782,-0.5106789702351522,0.2094359992423961,0.3828121531947914,0.2318516990871986,-0.4132670835920071,0.0490141413549981,-0.4069700527754165,0.0355278404818901,2.397595106551723
Na,Na0-1Rb2CuF6,Rb2CuF6,Rb2NaCuF6,mp-aaacqqrm,-0.398410702437225,4.7001164245920055,12.7821909685217,5.477264978475586,3.5955516914389425,-4.434326326948968,5.912701120165755,-7.249042472384335,4.1749961993252,-2.7995874709224187,4.481067913721924,2.737323520072737,-3.299780831782524,-1.1527497105140858,-1.4480811773849915,0.664273141384213,-3.4487116287833293,3.2017107743880557,-1.2504129642372932,-1.329197449060364,2.3218574623271424,-0.8696399064702357,0.159496068357098,-0.41108867613607,0.7197781238666615,0.3762009170832056,-0.9399795442484112,0.0601570489579155,-1.7798565257915964,0.2680092630486609,0.4778929904694272,0.3279969291502305,0.1613696740128095,1.5911635182078934,-2.029282634175913,0.3883782516580461,-0.0548252917011915,0.9661024245612032,0.0380174630993052,0.3718611755690973,0.0299055979749329,-0.2013967950490139,-0.1834876095112415,-0.604694818954322,0.4663018397692925,0.8206072326434466,-0.3390525351577155,0.1922393555521299,-0.5541619548195469,-0.0399397457724991,-0.7773768755518351,-0.3071050204720426,0.2140615815733393,-0.5769036148476537,-0.3493253841276198,-0.4926182653310682,-0.6485776501005702,0.8762507721247174,-1.2300433868658798,-0.997404985639794,0.2398551602455363,-0.2870255518426682,-0.0317608328432604,0.5471065121566001,0.1330990691144268,0.3682278991703583,0.045129140864245,0.0723020593837847,0.1074006402634486,0.2358257431591842,0.1116182019400816,0.2409156319746261,0.32629785202064,0.1516707359516245,0.1248711001552613,-0.0114051008530567,-0.7679488571315615,-0.5500646742936939,-1.1466504853026256,-0.148287497820679,5.269202846551725
Na,Na0-1V3Fe2CuO12,V3Fe2CuO12,NaV3Fe2CuO12,mp-aaabrzqe,1.1022698910046658,1.364647448064141,-0.8305226980757915,-1.510613403107434,1.8464486576374,-0.1761089598941792,1.0212620268072268,-3.852932931230209,3.0466419356264858,-0.6258148987660689,0.9016424495835036,-2.513972889714233,0.0069524712651362,1.4963605958835926,-0.9127045907094368,2.5414480031168294,0.8738210710393559,0.8412934030518223,-2.214727351311694,0.5738349475932413,-2.7221558268473114,1.4138421457638233,-1.3348936347222828,-0.134279365915314,0.4953351540249273,1.0393026828265095,-1.2317511315967382,0.6655088685383982,1.6308349619321656,-0.4265673681197352,0.8444199457037862,0.3647586233210318,0.0071744366622484,-0.0460372713709305,-0.5491224455388835,-0.4149436132272592,-0.5840204746556523,0.4014840746203191,-0.0206165686627925,-1.0137490247469914,0.5486439336194985,-0.4464209545768144,-0.2338092203853817,-0.7866591831681069,0.4664342616484572,0.2759956998508967,1.5255552815490387,0.3015474688692636,-0.7478779072952804,0.1964687054870157,-0.3595334418210317,-0.2796249880929901,-0.4100033601145732,-1.006653670732535,-0.4754551473355343,-1.126965590131651,0.5841314751833667,-0.2000989353573409,-1.0274698098692234,-0.94255762786742,-0.3851371272360058,-0.8902263385372766,0.2943712881194127,-0.135730879484679,0.3619059269065746,0.2600165581358551,-0.1217020301429199,0.2269894416297715,-0.117547505162497,-0.3058718488558576,-0.0717546635070685,-0.1331862866077855,0.1430680244646241,-0.1626969678189511,0.5288953241329263,0.1378185315029945,-0.3870088832878397,-0.1943003022519272,-0.3982784210670412,0.1160409005874319,4.168594101551722
Na,Na0-1FeCuS2,FeCuS2,NaFeCuS2,mp-aaabqwfr,-2.884728116574806,-10.317679075490638,2.731467786918208,-8.842632191149105,-3.5123568209229554,3.5457450454524064,7.463831801062495,-5.981575765383711,4.429592596198087,4.709517913764842,3.5960444636098465,-1.8241452453101548,0.9691640081958374,1.3053246951783446,-0.2261393032797274,1.81007255140941,0.0826670719162282,0.4064950820348299,-0.3138327645837293,0.0331416909399879,-0.2598954660105888,1.7950760003527624,-0.9895709945286164,-0.1732288387290471,1.240113594113564,-0.3472952403062506,-0.2048405963711571,-1.6457395805360555,-0.4786057984917827,0.2473727754032961,1.6128482271820468,0.1915329768744368,-0.7158314065348763,-1.4789985516507191,-0.9593413828958216,-1.5588557801890404,-0.6950912253957766,-0.4167127749859197,0.3831522605882624,-0.4579304709640713,0.3570935246725683,0.644257573013282,-0.3668510692488527,0.2218351151733353,0.6265180230293342,-0.5571057554831236,0.5168976251657931,-0.3402063151814604,0.3400608220639572,-0.1613252488481407,-0.3059791507766744,0.2464776202580748,0.7892243002756928,-0.0915248147099522,-0.16517729946425,-0.3871774605272842,-0.8060257909508972,-0.1964360222756693,0.0076050661304202,-0.4734099416465974,0.4303949491619785,-0.0777820506343937,0.6266975232830144,-0.5099941994560793,0.0736494520295134,-0.0820635108004212,-0.5891016270027903,-0.1230378386373001,0.1301063182359458,0.0224716230538062,0.2052866581183566,-0.6651863022271858,-0.1081863798993481,0.0392634539600962,-0.0512687627790247,0.4213389510418804,-0.6824470905397326,0.0090623191692988,-0.6358336992117422,-0.1922288855508401,1.727397416551724
Na,Na0-1Ti3Nb(CuO4)3,Ti3Nb(CuO4)3,NaTi3Nb(CuO4)3,mp-aaabrbxd,2.6358866124785583,-0.0568845270471131,1.5339303140995069,-0.3049819747532534,2.020220323372098,0.5915054597460043,-0.0075041656008422,-4.324586649338087,6.020727563630727,0.6515799176688338,-1.7229595311999444,-2.240842497150227,-0.4722157221859708,0.9975194657598442,-1.0912155358530022,1.4778641772420638,0.1458366510607607,1.519429497989233,-2.098898982478961,1.1926358604583738,0.0049368730484426,0.9227140415042582,-2.896333986719879,-0.8346038253367629,0.8779957279708342,-1.8389941352098995,-0.4002096262011721,-0.4633569133107773,0.6229468452622651,-1.3250403540481608,0.931964198122566,0.7050880019141025,-0.294412084082322,-1.045733702282425,-0.3153895449206976,-0.4711697557894693,-0.721217046349103,0.0904881496281416,-0.2702796009736028,-0.4331389612363217,0.8105822301636036,-0.4333603637409179,-0.1672760875427912,-0.948268558171396,-0.0652081583953078,-0.1104221287846218,1.5882350131610556,-0.1151997564443198,0.18183667512818,-0.0655480352712146,-0.2853997730172681,0.0744187716715298,-0.0226658289132242,-0.0115764132374823,0.251466725280012,-1.0361944873679427,-0.1838100627735965,-0.0609159384307397,-0.8011420372318601,-0.3882544148454526,-0.072558123169575,0.085374557041714,0.6770154747722597,0.604050188655482,-0.2426647754777666,0.2345316402239455,-0.3832405577638885,0.3845286175609621,-0.199173515403352,-0.1595693267793808,-0.3423009349089661,0.3050062186200664,0.5741120547525356,0.0602149958328521,0.2033754426791488,-0.3214851552395392,-0.3528295879098412,-0.1579091860541789,-0.0565772511973238,-0.332384212646535,3.337308996551716
Na,Na5-7Cu7O13,Na5Cu7O13,Na7Cu7O13,mp-aaabqvho,-2.28951835814275,1.3441830100688648,9.044904185712197,-1.451547111683125,3.5868454078554093,2.7245640116125784,-1.397564521860324,-7.693183423818715,3.43374961747803,-0.0327219889352644,2.4499975905010247,-1.7821473119828168,-2.1564836459005168,0.9190794418646544,1.599714524159066,1.7373254864338632,-1.475707523189199,-1.051515519052248,-0.960287741260374,1.568388155744104,-1.314349771077353,0.7816616774529386,0.6803507451740949,-1.3459402386111283,0.7358814105281947,1.4446378430292852,-0.1114387114060882,1.7149711156281653,-0.6346071926187478,1.1334307445243372,1.4592917726129733,-0.065846557681781,0.1949169857161652,-1.0479990870686824,-1.2587109740182922,0.3451619990411523,-0.7204707381511533,-0.1602087635778518,-0.4197496014758455,0.537556984198528,-0.0166189084453407,-0.1118876341501462,-0.0739244214570974,-0.1342088063712628,-1.1042681949960358,0.2948786606868042,-0.6691943680722778,0.1132803234938372,0.7164804796623354,0.7293704463174286,0.3688861026989977,-0.3107164774268099,0.8544509674973684,0.9382753446223416,-0.2803805037402054,-0.2481039049217324,-1.0872917449873654,0.6342444487449977,-0.1253622881358289,0.1495364658955447,0.3262112514106096,0.4027067359194128,-0.327235441710701,0.3929528035482897,-0.010651786606129,-0.095709741457049,-0.3633132489531677,-0.4079043127240986,0.5546370114023857,0.4662672322064193,-0.2107138058231803,0.1221630607581176,-0.3497676289116944,-0.2163126135948543,-0.0025257355700896,-0.2320424323800993,-0.2644743751115348,-0.1425441468143704,-0.2989571794893992,0.0336195707932483,2.982477596551721
Na,Na0-1CuO,CuO,NaCuO,mp-aaaablij,-2.229204585309841,-3.910133657620086,2.1232089674252057,0.5409635664577034,2.915423960133288,-1.274652298213112,-1.5600173011136778,-9.44582904574824,7.905529905510327,1.1146612775731446,3.186895043715061,-2.3813733859298947,1.5504059372127683,0.9242018188373202,1.753059735109792,2.092458615478824,-0.487635745803631,0.6617166149246342,-0.0597133626399502,0.6287792269260141,1.7270942273232504,1.2067784779004296,0.0199765600187171,0.9388197527129272,1.3915873952297564,0.2444366985553115,0.902486503767848,-0.3100465189783947,1.1476469593153515,3.318102428613939,-0.805975211564101,-0.4577292013295924,-0.2391638485447087,-1.1041880789078469,0.2031159021072334,-0.6040089368537646,1.5380822273586765,0.0079881073850849,0.360860962654053,-0.5873342409030209,0.3926188936480663,1.943819004730713,-0.4724089561272717,-0.0627191577823269,0.4541404675146605,-0.5917263331353118,1.0562067921359628,-0.6966595834819117,0.7266217718973487,0.3509097226951911,1.0754168655392653,0.6047583755537104,0.4343405064081308,1.1916486547438698,-0.4111659256483424,-0.0320117415548923,-1.1775872256103992,-0.1964013229582627,-0.1634243954924284,-0.1320343701617223,-0.436222016166119,0.8863547715254745,1.0146013754858592,0.3555034104039328,0.3774617014128014,0.0556540181482575,-0.1778824149775609,-0.3053017835290729,0.5593182071140672,0.3480508065337303,0.3709098065515539,0.1291066212184564,-0.6042693551971845,-0.0302205731832701,0.0489591330919009,0.2010589826565945,-0.3965954830855114,-0.2120479716994646,-0.408673871165784,-0.4808941405470775,2.9905996865517253
Na,Na0-0.5Cu3O4,Cu3O4,Na(Cu3O4)2,mp-aaacnhth,-1.4230738941933945,-3.792247876479975,0.1367276364409921,2.1778766123963926,2.9312371924858183,0.8965938365843104,-0.730814450748408,-8.798492316173657,8.015271648320994,0.2389564825933246,2.776024397326908,-2.294172714211843,1.0949584108366306,0.5557200537361082,0.6189590803207593,1.9371504805780837,-0.7487850170628675,0.7935597291589479,-0.8082093348837829,-0.3528908877379265,-0.3745996646860832,1.1071773258879072,-2.249679160675058,-0.0443104724594501,-0.1347588310540879,0.1920267825793127,-2.427138228779152,-0.5008991373435414,-0.5235328590660193,-0.091586425073951,-0.6613180285036967,0.0335980873411728,-0.3092682303825492,1.5644750661434013,-0.6181898910647661,-0.0993716790043591,1.6136808311919844,0.3895468502090358,0.1638488420024001,0.4011441272916854,-0.4313571896540478,0.3931828966980353,0.2631406970228236,-0.0889497708191299,-0.6696902716300157,-1.3012380777570127,0.8998572140295765,0.0494906841107964,1.2608309503551125,0.3493379562721906,1.886122908495102,0.11005437502037,0.6233158738291273,0.6498205653543716,-0.2185234946791057,0.0736526131129447,-1.0693858941789838,0.4551385039663911,-0.079391495930893,0.445000256983588,-0.1468607138986412,0.4577649896168255,0.9595433003744688,0.5458311825034403,-0.6364428716027916,0.2520667170355133,-0.2845444660291649,0.0646817324010491,-0.0577331175473263,0.3914836994748131,-0.7444284213892197,0.4883513015718721,0.589201615074405,-0.2352756339438464,0.2848472150730466,-0.1353417062370819,-0.2414934317394298,-0.2109220223641862,-0.1156825079917421,-0.0955547946832227,3.938330566551716
Na,Na5-6CuO4,Na5CuO4,Na6CuO4,mp-aaabqygm,-5.520613579759455,1.470819423728914,11.929373028351506,-2.4808167107808843,4.085837044660035,1.1799519929167366,-1.775737045589983,-7.3405457090255535,1.7656023378376695,-0.141796686890592,2.016496522393939,-0.6421595209638304,-2.681506602295619,0.6040559858474733,4.326415866397395,1.081471689685444,-1.5416275297757691,-1.848373517872985,-0.6689032116427064,4.423566133013141,1.113348022273982,-0.9398354683379012,2.2226786691778915,-1.3417895153629489,0.840733605093746,1.205341198911144,2.358062187240236,-0.8199694941840423,-1.2159430937171636,0.4524945248901404,0.9818620867330092,-0.4121744144270568,0.2250733006723478,-0.585199243615983,-1.2920733200139027,0.4097070581011561,-0.9725901684793083,1.300966770518607,-1.2562048818909533,1.6489174708370054,0.3130005710972042,-2.228374701337541,2.034954592923884,-1.498591530042903,-1.2223325558667928,0.9191388922884112,0.8049968866831185,-1.2365679261067584,0.5046502655362867,1.068550099100935,0.6769027309627381,-0.4133525950945824,0.5133172803149505,-0.1767946365108257,-0.3572675407319312,-1.4596967014481417,0.1748105681448901,-1.301014237855654,-0.4815521872497078,-0.8568594224447967,-0.0018880127266173,-0.4841515534656074,-0.0643601019142299,0.4482410080944111,0.7975414934800235,-0.1021716274684741,-0.6688534795499133,-0.8617480813259202,1.5834612631701568,-0.47983539474386,1.046070622602978,-0.0573941976139661,-0.3899891580200862,0.3858092549831895,0.3615329309504249,-0.109769766785992,-0.1178767987410657,0.0126191235788202,-0.1341810502823115,-0.567606778869695,0.9746425815517232
Na,Na0-1CuO2,CuO2,NaCuO2,mp-aaabizdd,-2.553374952133721,-2.16384066942949,0.7958824247150001,1.681544100530757,1.4785628169675455,-0.4101532769028984,-1.3009006525650844,-8.833001709962545,7.573885213255063,0.1713350405865908,2.549646950606628,-1.8688892667661927,0.5390316334723879,0.9636543032005684,1.549061561262087,2.252110970976826,-0.6454960104966393,0.4748796714943809,-0.0949874931565198,0.7765156842639308,0.7930896937986994,1.8715045391884824,0.7055622231948457,0.2179142954851814,0.500673254577931,1.4177305555129274,1.4103639820890268,-0.7133075384729027,0.2744867055156757,-0.8038592057740996,0.1121515272174319,-0.2758830000355616,0.2371785516965038,0.0085086105352299,-0.1074788019934845,-0.713704257644716,1.2062965589109915,0.5636219871035877,0.2740898348199732,-0.4808626223285119,0.6393765333742576,1.8789074789463096,0.127938206048499,0.0077388577774841,0.2834575348703546,-0.4488743141702888,0.8944476542731578,-0.2506315456471484,0.4549653416460618,0.0145344513962057,0.1607623788565218,0.4366290721907701,0.1894095644531425,-0.038035029231151,-0.6779593383540755,-0.0410208203353187,-0.7022170860435334,-0.1203819702285847,-0.438063264660079,-0.2768155696394782,-0.1480087648898124,0.4911450351153982,0.4971299602899721,0.3854888228339269,0.023407181169455,-0.0192209996516187,-0.3669709955590229,-0.4836073030543019,0.436400738702406,0.3571574886862152,0.1345059178091369,0.1443035794864058,-0.3563641269785187,0.0009329221307852,-0.011348306943012,-0.0433400192921644,-0.50012152185214,-0.0989672891007265,-0.1544543194358076,-0.1370692782457762,4.161823956551723
Na,Na0-0.5CuO,CuO,Na(CuO)2,mp-aaabdboh,-1.6223384712756523,-3.9322272442963895,1.3957330559963192,1.1010757777575408,3.161436529869562,-0.3132128726756654,-1.2596786884730231,-9.25277001209428,8.064564104865935,1.0231816502660591,3.014918020285588,-2.445054100468403,1.6369340761137272,0.8105854977662772,1.280172298734768,2.021582267755743,-0.5090354921340007,0.5588702318896945,-0.5010535150004529,0.1458611169711601,0.3126629695610572,1.452515614482678,-0.8731866912131258,0.6414299894102119,1.2236008092975212,0.1465512647771632,0.3452804971064014,-0.4356796845864207,0.6813306893568698,3.220767911761853,-1.0245409257704052,-0.4745501479879502,-0.1132020117518866,-1.1669332256389622,0.5075930449983849,-0.3589438848816651,1.6426682318083776,0.2433891600767718,0.2042637163444206,-0.1363759629571338,0.4405909131457987,1.4518928500482635,-0.4172182824836605,-0.2871010656633077,0.2644934417477266,-0.7834271520797933,1.099880013591978,-0.3246651565209623,0.8976484199335374,0.1878223338235022,1.3337861844692005,0.4247044432432464,0.6630551707103102,1.150769263511775,-0.4965340284179372,0.2699883502358657,-1.311195384427124,0.2983704633649767,0.003729442259986,0.0972589705907827,-0.1910164748791878,0.9391698870082892,0.896738424795237,0.4618928216155862,-0.0576526035342767,0.1361077390416261,-0.215100636547096,-0.0406512946375822,0.2460967822407911,0.4078170901711959,-0.0839275079659179,0.3120306687207987,-0.1620280118363792,-0.1223166752060924,0.1523828907754145,0.1033296963432811,-0.3585250333824125,-0.18423080577066,-0.3352413300794248,-0.3729427897421976,2.493116836551724
Na,Na0-1CuO2,CuO2,NaCuO2,mp-aaaabloc,-2.5515375272510896,-2.286411285006496,0.8350936284637934,1.5962701798218442,1.3931102265738469,-0.4482544704095094,-1.1203670471574538,-8.844547535159577,7.503502509722885,0.2648093490403707,2.7045175970135498,-1.8590209308121093,0.6168711480224904,1.0360369866544628,1.4610240886641956,2.3651556826288704,-0.6569781940722467,0.4982771880366793,-0.2448479072136649,0.4397775295104157,2.2160034122962387,1.5732721959495044,-0.8136279442467977,-0.4736546548748369,0.1061541247737031,-0.8283035523952784,0.0059124495584328,-0.3055625020172368,0.7992198790447399,-0.4301773993250523,1.4014862767948089,-0.1965587360914395,-0.2857262246932417,-1.4414209488992085,-0.5638997038697804,-1.309486042483519,1.12167292470121,0.3085655508347404,0.4695083587854645,-0.1063792094236299,0.5922973205306319,1.8410620626608625,0.2898750536671575,0.0002274467396706,0.3390902085816342,-0.2873979112984412,0.7060554499400284,-0.277250770825195,0.8166253478076588,0.0598929153776164,0.1406046663956174,0.6514063631653787,0.2638746212695845,-0.1187892434076918,-0.6066956790080292,-0.1077965982751789,-0.6911923510432949,-0.0260085618151636,-0.3325802847438971,-0.2516955939747622,-0.160182178968315,0.5429226410244561,0.4749317511136096,0.4534624921797807,-0.0109897143028494,-0.0366560298582371,-0.3714153155893506,-0.4887621337749837,0.4319776614291746,0.3706505214654405,0.1054578003639794,0.1160799863243784,-0.4413615413471745,-0.0808450300274399,-0.06006361693028,-0.0834111883437454,-0.5491553698104116,-0.0759109483232806,-0.1242764801858825,-0.0615337527857383,3.333151786551722
Na,Na1-2CuO2,NaCuO2,Na2CuO2,mp-aaabqylq,-3.2134114645946714,1.204514800136655,10.179804735383945,-1.9562862869166435,3.6874255787836354,1.8302993271729904,-1.5295805589713087,-7.856935002364644,3.066064839620778,-0.0118176390901573,2.450968402173632,-1.6027245750075958,-2.168714810989134,1.0650661973945112,2.774539170250492,1.7285551139747533,-1.5291180957522883,-1.051485405885284,-0.5769839961596785,2.498352381272204,0.4214603739959128,0.3780307861631579,1.5675851896370587,-1.118913037022966,0.7199956094844874,1.2643524252229057,2.021506463927311,0.0423505194327298,-1.781118737792113,0.0695951580962283,0.3779643202597881,-0.2497549379820048,0.4290638296021609,-0.5511331013822298,-0.5616027449838628,0.2836281098483518,-1.054292510682454,0.1347267797423467,-0.6616419399513047,0.4637957077776549,0.1722492659018634,-0.150410930864085,0.2115745182178722,-0.0936587643505985,-0.9339327410487454,0.5772376708149392,-0.3626689486131237,-0.3842917792756691,0.55839667967849,0.8879642510218705,0.2778410692162574,-0.1690087113227179,0.6776951895206315,0.9200759539333766,-0.0719035397542402,-0.72021966218981,-0.7991768228339075,-0.1379597937977297,-0.2557813647510352,-0.2584901552873127,-0.0033370798356347,0.2342006580385446,-0.125716381583766,0.2724163327055379,0.4579248458096766,-0.1453311436950368,-0.4457379588672225,-0.6091466995806166,0.8956169514874439,0.2564721696236625,0.331449596648944,0.0467747607623696,-0.5668589102093987,-0.0504688416843757,0.0250871621428741,-0.1626508787333201,-0.2165732498670095,-0.1600865049867104,-0.2665086383137816,-0.1157860409080437,1.614353426551723
Na,Na0-0.5CuO,CuO,Na(CuO)2,mp-aaabdboi,-1.671317473949543,-3.806934052970609,1.3135411254636575,1.0761246191112783,3.0689591237863465,-0.2668447439786761,-1.3772065351311014,-9.259960288835838,8.038257169155827,0.97662526917992,2.913218333622418,-2.489610377830751,1.4627033336929405,0.7999854193466354,1.4491177759624454,1.992081328137662,-0.5517192036440722,0.4425000325791833,-0.515707222917022,0.2831608741930423,-0.4108547007586278,1.6490820520132254,-0.0038329233331,0.7582458379017553,0.7302099182172735,1.710110043810414,1.1782028639072772,-1.1119556099922236,-0.444324397209256,-0.5767820735228996,-0.0938753486208146,-0.2278961886886612,0.1159818938166566,-0.6848252885552032,-0.1349420036007369,-0.7358002856418524,1.5027600249883866,-0.1073599807696123,0.3114954054416013,0.0226129938245693,0.5060754811531838,1.6474691960793328,-0.0339171268520975,-0.2546739064223398,-0.0676907135650168,-0.971996668438277,1.02243870540691,-0.2405344507813737,1.0276479391355071,-0.0865952384957222,1.283278093581072,0.4896863286796906,0.5759066651075153,1.2495558737518542,-0.3317004684040787,0.2890532432498752,-1.2481939408547555,0.3016018730263198,0.0794259954375355,0.2083102706965164,-0.2644498547921983,0.9278839804585992,0.965885265542787,0.4516940270169453,0.0096598346033011,0.0941399976892457,-0.2205463193988972,-0.0328659723537398,0.2361865925425295,0.3949380182920366,-0.0811806876080466,0.2651917932358623,-0.145211434402886,-0.0671905192425005,0.1200671155888265,0.1256783842882245,-0.3275055542289382,-0.2118779787591101,-0.3493082665196926,-0.410098374362877,2.471841064051726
Na,Na0-6Cu9(PO4)8,Cu9(PO4)8,Na6Cu9(PO4)8,mp-aaaabmxs,-3.198871445917652,-0.2541958951392905,0.1101227547437033,1.9054136192318785,-2.174001105762461,2.726356039633183,-0.6111200633757006,-6.950797766812323,5.823517937152486,-2.1493630056725563,2.330066636042008,-2.0664312336618216,-0.5182855375426467,-0.1950821973226071,-0.81336931001895,0.8519562477308338,-0.5694834172888776,-0.2121762058614384,-0.1856846109848469,1.3114558757937649,-0.8978802552811861,1.6576459053714068,-0.5760756423476125,-0.3976139154739986,1.4005960142789344,1.7096653955936156,-0.6396233362998677,0.5520154911942641,0.5741737632678133,0.5398686470068406,1.422266962453703,0.0819335076310644,0.1125563248784812,-0.4136060013920756,-0.8896772399735061,-0.7206208283667872,0.8804230011388774,-0.2994563290996683,0.4514778064905059,-0.7895982063911614,-0.0963210497549893,0.9200594364876088,-0.5579721164735832,-0.8824444248744744,0.4870356848378498,-0.5892162593787105,1.0345894686915005,-0.2726144824552163,0.2506565364917505,0.3357729397179575,-0.2238294147871553,0.6404847452797285,-0.0131650426530985,-1.0042407532346045,-0.0159359021412012,-0.3975201469765703,-0.4615431370420898,0.4391861519602871,-0.6825685820880762,-0.4366602955517106,0.5665378293029957,-0.0835764287854022,0.166337317359395,0.405036251940027,0.1061718088430683,0.0302904457780264,-0.3991441480625892,-0.3670641554364311,0.3029038873296776,0.261089515309603,-0.0399137523484788,-0.0090724242319421,-0.246786951568382,-0.1875309227245475,0.0567081700858672,-0.0250760986558889,-0.4232417465652441,0.1110941186278324,-0.0551101611054694,-0.0259978831182557,4.016838964885053
Na,Na1-2CuP2O7,NaCuP2O7,Na2CuP2O7,mp-aaabqzpk,-4.287328311070767,3.3676642408957136,6.728629851775088,0.1306245996701701,-0.3938670831367449,4.1818564447527775,-0.7919626508827661,-5.696646939062797,1.8679120593681844,-2.080480253577373,2.197579321671882,-2.573542659040819,-3.5199288505945074,1.2471715929804097,0.4282352699259037,1.4606736604322927,-0.959847067048556,-0.1174239649946143,-0.2069176884282172,1.9257039446981803,-1.3011433448766625,1.8481580272950744,1.4424537592575666,-1.7892154618589056,-0.2153316945667635,-1.4541687907265313,-0.1569092246759165,0.9031406003861424,-0.954825717051488,0.4321415537046075,1.3125555522483,-0.0407144923845616,0.1329168270661568,0.6756664212037127,0.4919529128351412,0.6331372676730709,-0.8511399726079646,1.1412035179221591,-0.4096494169136436,-0.2878739578547295,0.2998672319969226,-0.2546012001358518,0.2178070282587806,0.4182965771539569,-0.0637430815017133,1.258001130399635,-0.4467889781045819,-0.3707032270563424,0.2965823854211625,0.6113466170032941,-0.4879484368212562,-0.1746152393151312,-0.2600147508756091,0.1519131413021476,0.0164900606298664,-0.3426361088702582,-0.5403653847549018,-0.1948126738584328,-0.5996081123280055,-0.3451280280036565,0.1459124798954685,-0.5140908903802622,-0.6742360013947645,0.1877841481664996,0.6562225655387034,-0.2384900197496066,-0.2478876723478602,-0.3438111163801498,0.6297719065048797,0.1324915501707704,0.1569729780345565,-0.1324129208380818,-0.3600395934911979,-0.2992291996734824,-0.0768144159366711,0.040277218958182,-0.2209485029240822,0.0224018722891977,-0.1389413840267986,0.2139369459910176,4.083998061551728
Na,Na0-1Cu(PO3)3,Cu(PO3)3,NaCu(PO3)3,mp-aaabetoi,-4.568886850878089,0.3992099006667469,-0.9957633324763472,2.526040849448457,-3.9000048202790425,3.1684558233628297,-0.2903494026434351,-6.078466304050743,4.936352058902113,-3.339575058232871,1.7734774252029937,-1.3655879484889302,-1.5736553475203252,-0.0427341767652069,-0.6937964694149384,1.0392657874335434,-0.5844938294546501,0.034135149149495,-0.2955189159218166,1.680280958348085,-0.8303337800171667,2.0841886682245656,-0.7557924842961197,-1.0892452833951505,0.8615950928945751,1.1221634248599923,0.9757517244359472,-1.0365383152652812,-0.5683210475523394,-0.838991841031971,0.4482008620495802,0.0316412110056958,0.3685025072153625,0.7037718892404314,0.5424702260265309,-0.2663261163174339,0.6289008367372195,1.0438812373649138,0.0651178231109639,-0.8311407039027457,0.3658248562456724,0.3318720758432678,-0.2575616538753245,-0.5946094224637979,0.96934434134493,-0.2073751128197151,1.5269458720161544,-0.3252487342786201,-0.052189529440889,0.3176282982581398,-0.4922776475952804,0.7412614948136526,-0.4264491117274852,-1.483266568848448,0.007584319670684,-0.7797422412709855,-0.1256196285337179,-0.6943534939546708,-0.8776358481810748,-0.8165223582319475,0.539739501542454,-0.6070476825573077,-0.0597035074432275,0.5399742025754619,0.6666782325181916,-0.0197201004609168,-0.2320102162775086,-0.2472314734727905,0.4456962923994046,0.1014362283956901,0.0722289851143839,-0.2788651432086246,-0.2286365651024566,-0.2528161041079468,-0.0390401318885615,0.0548967180180525,-0.3858192346981299,0.1687925681005734,-0.3454556526673329,-0.2339940987208785,4.73160593155173
Na,Na0-1CuPO4,CuPO4,NaCuPO4,mp-aaabcryv,-3.5332051993706046,-0.099939637865673,0.2849431164498406,1.8528614605748996,-2.486108951934934,2.424294727390371,-0.6272420473697317,-7.017068076734306,5.73508110877663,-2.321626084369229,2.2956966945153283,-2.0089601276571045,-0.7084099815974317,0.005978584701511,-0.4966427856729723,0.8408046103954251,-0.536219772414299,-0.0136690424096325,-0.0231134430196892,1.576384546897321,-0.2493715707300701,1.947221972700504,0.6945747543344782,0.6921233985962908,1.1021803254822502,-0.5700317954236552,-0.2955675310161421,-0.2825283528955031,-0.561459382121254,0.313946444453299,0.805421968929146,-0.0171728893616781,0.2289799632598876,-0.0496268474505243,-0.4727168957313017,-0.8118318207760755,0.8481098035180807,-0.1345370813881161,0.5867771673349469,-0.8807247112270203,-0.052012426254496,1.0227734358291003,-0.4517407241837864,-0.7651974771160049,0.6965909982891418,-0.3851799572559206,1.1659210162721156,-0.4322601594473981,0.2548855712392331,0.3051858172512447,-0.3588327921905651,0.7652689131900748,-0.1372256838967416,-1.0633850492312296,0.0810489166775392,-0.4614686149442524,-0.4744802168099004,0.1642120148680851,-0.6403181731540831,-0.5863194707896949,0.5008733287799217,-0.0992575835830339,0.0834717035287374,0.4016973457156757,0.2917162524124021,0.0735633675433179,-0.4240190775396034,-0.4680822614031196,0.4881012306443506,0.1524642256937578,0.1978418130405046,-0.029157665699067,-0.2964346603625415,-0.1020237846176753,0.0850129613550581,0.054659712975993,-0.4847832792779374,0.0744540568945587,0.0011264784780542,0.0590324086293918,3.827826506551719
Na,Na0-1Cu(PO3)3,Cu(PO3)3,NaCu(PO3)3,mp-aaabsjdy,-4.576023532482172,0.5311172525156068,-0.9812627674732036,2.418942971127984,-3.9317565743042926,3.201204351646193,-0.4440676555321157,-5.9801162823266365,4.86670185984922,-3.241439748229788,1.853676031138496,-1.3675225159033966,-1.7024997800149506,-0.1618147974644519,-1.1497391088565183,0.9627998129967004,-0.5137902353381235,-0.092105689873304,-0.3362336482105196,1.5063886690280035,-1.1930398721603053,1.9444173608216733,-0.834416472009182,-1.0889234089888078,1.033225838173207,1.374781960258282,-0.6397211119953323,0.5338995479662118,0.9963463352026322,0.4130151895936727,1.796850751892388,0.2117924502710857,-0.003717345486796,0.2129584946325508,-0.5750950022138738,-0.3096033821328055,0.8430193967363953,0.6943466378554009,0.2764629974684643,-0.8618412689227707,0.097947792634095,0.2850550295986976,-0.2082561402413949,-0.751975125988213,0.9160264179021768,-0.2906966959688751,1.3581464223595612,-0.3408345020511867,-0.0170092573778214,0.3200904567630228,-0.4715655853587222,0.691500064141816,-0.4286416505023409,-1.553520095853739,-0.0742213053263065,-0.7179134968175813,-0.1287853692563167,-0.5355969395845748,-0.9172461833597502,-0.6933101557311818,0.6224062870829693,-0.5921968687730623,-0.0588559354479815,0.5011525899639164,0.6817213695593834,-0.0180566325140161,-0.1513225057255108,-0.2806566283673392,0.468171062743385,0.130920272159445,0.0319076882179807,-0.3089500256778955,-0.2549140417372122,-0.2447630570400339,-0.0222820221985526,0.0914369464853152,-0.4244448828475115,0.2119890939992494,-0.3611151563257552,-0.2217544602251591,5.158361739051731
Na,Na1-2Cu(PO3)4,NaCu(PO3)4,Na2Cu(PO3)4,mp-aaabsevd,-4.8036497625355565,3.558928757775012,5.575719384892263,0.6514069217131846,-1.4868499267121635,4.793750788556839,-0.7119673476237223,-5.12788046845222,1.553154229691765,-2.7514341143740504,1.95733383891104,-2.3192430798613306,-4.192331915216638,1.29400568108819,-0.0415386731098946,1.5755997517710782,-0.8454626279042826,0.0602374126504117,-0.3834705146050317,1.6379896512404926,-1.9426352226517336,2.277330899198382,1.0042411214449372,-2.2458268048208567,-0.5234296985494128,-1.6826594310881815,-0.3400984414858602,0.9742349715244348,-0.6919765363931422,0.2288694519698781,1.4093815686520363,0.0386665156473665,0.123946514267324,1.068466800426533,0.9264308178156996,0.9047817883263688,-0.8112356527892506,1.6333672642128074,-0.5283732246716674,-0.362238148035634,0.4406275187627204,-0.4422430362854816,0.1958878890101173,0.6836600636684276,0.2550336916952956,1.370703144010853,-0.3835690890388534,-0.296863615047835,0.2798520135385788,0.5815855398139272,-0.5103502274487284,-0.1627125798231311,-0.4235807690456068,0.1146678280740318,0.0952058935291148,-0.4133703628346907,-0.4433898398496095,-0.7195627626902846,-0.6830991733081481,-0.3778842268123852,0.0935551053824345,-0.8391813362291398,-0.7194225504357887,0.2981698923615128,0.8333263884875073,-0.2221487945407824,-0.0482174945993361,-0.1345937676625742,0.6137245070240301,0.1214456117043239,0.0885592552771194,-0.2713763911887731,-0.2670754011627312,-0.3720884014653398,-0.1766631201428425,0.1501800638957008,-0.1527180153458859,0.0556742226715653,-0.3633077572160039,0.1347155192405963,4.838523791551726
Na,Na1-2CuP2O7,NaCuP2O7,Na2CuP2O7,mp-aaabrhrp,-4.287308723539958,3.3687252957919576,6.728338902434264,0.1306838982269352,-0.3941085849876788,4.182521607888472,-0.7927963596932391,-5.696313869160415,1.867717023604585,-2.0804465254573885,2.1971161992042063,-2.573410567859787,-3.520450204796243,1.2470148772095453,0.4276042435918653,1.4601602653489092,-0.9593219734399018,-0.1183082755026092,-0.2071508848704912,1.9261763013991813,-1.3059491808810086,1.8497353672355596,1.447620188974591,-1.7869003190500043,-0.2144996464070565,-1.4520802391394954,-0.1555933592438077,0.9042422358412378,-0.953867695900628,0.4317606196144925,1.313458278046982,-0.0403499832150582,0.132147840831143,0.6735175988091968,0.4912216534140055,0.632551245945032,-0.8507319132067258,1.141092831348665,-0.4100076016917465,-0.2880175649261127,0.300770577951456,-0.253856927392317,0.2175828066088194,0.4176053332547512,-0.0631066248216816,1.2580630837677376,-0.4466333113043692,-0.3707356354594898,0.2963230861071412,0.610908073747965,-0.4884839227211154,-0.1746430178735147,-0.2599556583162106,0.1522179091579046,0.016389066430635,-0.3423591856120381,-0.5404173237060329,-0.1948152946527696,-0.5997882195026294,-0.3452362095240044,0.145975514580556,-0.5139693427384691,-0.674083798495067,0.1874172227316601,0.6563304839924559,-0.2385473851108094,-0.2477105190480475,-0.3437619649182051,0.6297504463223934,0.1326479767399088,0.1570306330631949,-0.1321837808499781,-0.3598786457806282,-0.2989332769610504,-0.0766929271876222,0.0404441219117002,-0.2207836795757627,0.0224304930015875,-0.1390346294150897,0.2138472976792873,4.17689376405173
Na,Na0-2Cu5(Si2O7)2,Cu5(Si2O7)2,Na2Cu5(Si2O7)2,mp-aaaablhl,-1.1922367845538495,-0.5142420934719955,0.1550924652899735,0.0819424820152854,0.3485850622368385,3.29477391440064,-1.069983793217807,-5.890423470720341,6.304146874513364,-2.191710720585561,-0.5462429142079518,-3.7077422625613528,1.3885360034331071,1.2932466472804929,-2.025551050051348,3.437748317942793,0.7599852140250009,1.915560652151414,0.4963433012325686,0.3163935439518925,-2.070070804895542,0.0302675512908719,-0.9447807116435908,-0.1603400006103556,1.065033804115349,1.8638658400520225,-1.3599085488336926,0.6142685306627079,0.358546692487692,0.3591037165352456,-0.0175565523079109,-0.7223094955237572,1.2627578238118295,-1.1919774638809166,-1.764000149280755,-2.0318430501671045,1.3532277389297251,-1.37397846895141,-0.3169578400498777,-0.2360520841787723,1.1302184296823006,0.6768205752087258,-0.3393997468244328,-0.6058274786662223,0.3524492365377237,-0.7903688149328155,0.8191611452551644,-0.1195689018226619,0.0168565514600029,-0.1097017973648163,0.9114895875592532,0.8223792246601543,-0.113572217087111,-0.5156572994270845,-0.3680629264781646,-0.0051325255613123,-0.4899788857728912,-0.1960768415671426,-0.2580836133682701,-0.4374771110213467,0.3354178134873942,0.2680818558080289,0.2304452310815755,0.3336109114149951,0.198720525566634,-0.0632843375658986,-0.1874446363418856,0.0597017908035678,0.1336636143205964,0.2789336383628346,-0.0575807352671793,0.3972226729332289,-0.0052597643491963,-0.1723061761209181,0.2046450197310429,-0.5310786464483415,-0.3508263902598872,-0.1132581521190971,0.0667754512656139,0.1741689929404715,3.736457356551728
Na,Na0-1Ti4(CuO4)3,Ti4(CuO4)3,NaTi4(CuO4)3,mp-aaacyosg,-0.555789984483179,-0.529323678680514,0.981085602972448,-0.3480262340684892,2.870025164071485,0.5032017314866988,0.4053438743280073,-5.550801627296831,5.920181562939085,-0.578943023797886,-0.6381325011212644,-1.5704671215539734,0.3525969686564788,1.2648119278923695,-0.6000622311442194,2.675780492321703,-0.4923909200360041,1.1630569082473,-1.593266456044543,1.0774867628935765,-0.3019881136205909,0.2033746001251654,-2.3150200511228287,-0.616026258713354,0.5545034845552724,-0.538466722184817,-2.211176453527596,0.7548103520046191,-1.0844705177982676,-0.6237242486481512,-0.8510829587375613,0.3484904443049972,0.0602031431545219,1.967766257836543,-1.0710659894474466,0.0223959665956138,0.0440953266646524,0.4683633714552196,-0.2410240903296202,-0.1898783351186075,-0.5267360952675324,-0.5346622524077072,-0.5234270018404038,-0.1191556427093649,-0.4826394928605084,-0.2423994620946206,1.221390193185786,0.6196309609371372,-0.5296036635936505,0.0887516698967057,0.6624204508404365,0.1770178205622565,-0.6186691890089095,-0.4542174657686074,-0.2977666830985381,-1.021940610843361,-0.3173590563385878,-0.3500328796717185,-0.7017593347067614,-0.6444048069567474,-0.1181758759934365,-0.32970468531714,0.2692359631606427,0.3390279217156526,-0.0847927612690604,0.4555285899255347,-0.0709180539261905,-0.1568763174989944,-0.0417571579962603,0.0450283679736664,-0.4511211574510253,0.0036526372070791,0.4958313933716561,-0.1888388894275595,0.3151592372059544,-0.3550829568974304,-0.3643994166744694,-0.1263865460613158,-0.0107214466270335,0.0944080331308589,3.405811466551714
Na,Na0-1V4(CuO4)3,V4(CuO4)3,NaV4(CuO4)3,mp-aaaczuws,0.2831880421156919,-0.2881657944100191,0.0298734861648684,-0.84560365722743,3.0618627977166386,-0.0291954733617587,0.7965482183382092,-4.899314518973995,5.524256055360366,-0.1663319259085786,0.090697458988081,-2.6988470865791325,0.425941082822325,1.272943822581466,-0.8870500700314771,2.821454869734928,-0.010717163589907,1.9172158748935684,-2.0113289255786406,1.1680960503911155,-0.4958147974350571,0.3453028843703442,-2.5341256556381,-0.2621805633836446,0.5478578189617339,-0.5319968472284287,-2.4982059987434817,0.4852915917613076,-0.3900157769851098,-1.1200128010847747,-1.2523765791962125,0.396791209454059,0.2304785617476481,1.7620397944066633,-0.6944075566476586,0.2854583544743664,0.290257193039042,0.2432016199719698,-0.2581088751938485,-0.6278393367415627,-0.3197406342786097,-0.651865283136988,-0.3981587875298964,-0.1998940415405308,-0.4395002952459562,0.0200304584663475,1.3882442441075498,0.361943914795409,-0.1675791569342365,0.6140737063311618,0.6864888541958252,0.1137642269307472,-0.3756632303482163,-0.6595472998876281,-0.3555809030317467,-0.8592614509145675,-0.1126258928540547,-0.1701083610040169,-0.285246713098915,-0.3283578645568306,-0.2396491333465339,-0.6132114368906767,0.509295310668549,0.1970670890628771,-0.1965118276159692,0.427020424818401,-0.2667184073326439,0.0458772107805162,-0.1373122073387916,-0.066906224029288,-0.426910437235186,0.0198856693124167,0.4462637325508977,-0.1369114493590831,0.2977667271124333,-0.2630085353643143,-0.301930049453088,-0.210803334392566,-0.1046646305092223,0.0647078556195305,2.972639796551708
Na,Na0-1CuSe,CuSe,NaCuSe,mp-aaabhaik,-4.814322467603117,-12.89542482566523,4.6866645675714205,-5.841756490639107,-0.586271992655591,-1.2451199740055747,-1.1523410534323395,-7.197148995043987,4.673331045538826,-0.3072911137370404,5.2970582871827805,-5.49264502502613,1.0906079343468276,1.6574444220752251,-3.7215874942928666,1.4584198008036011,-2.842191666317646,-1.5405479077794848,-0.911912012426092,0.4306307771598709,0.1050230907465802,1.6938815594356442,-1.0181200638979728,2.248559174114109,1.844790473085276,0.2085303267460282,1.663913855448024,-0.7664731845903389,1.047012152115469,2.971920531028038,-0.6329912870941128,0.2886281764234304,-1.075054445474466,-1.0074402377202,1.208464429110374,-0.12556960039929,0.2690288822267502,0.4842999349422006,0.6317146752685632,-0.6067378278656597,1.1581367698527387,0.7441153872389948,-1.6627593513972452,0.5006475105622129,1.1546935585655715,-0.9911237819476986,1.6840497364337836,-1.0204996882692632,1.3348400520663508,-0.2955723268230474,0.7423773879831357,1.0602264633533414,0.8508007131299311,-0.2593046228495937,-0.3334978884257605,0.753617819146501,-1.2814929707613014,0.958601607933096,-0.1944540674848295,0.0704759861040235,0.2197334104179084,0.922742341610388,1.264253799295831,-0.224635300947866,-0.3429744387983807,-0.3713691905496305,-0.7214581365709312,-0.9632974168014544,0.7656891134191824,0.4638714760303388,0.399302964578231,-0.4540648104220652,-0.31695025207083,-0.052430312952944,0.048868747440492,0.4648167239026635,-0.3988560983896743,-0.1223009657265954,-0.3505203891508359,-0.3313895731813382,1.617357171551722
Na,Na0-1VCu3Se4,VCu3Se4,NaVCu3Se4,mp-aaaabgip,-2.3138029376186373,-11.50509944979352,4.302110022830872,-7.834240629449115,0.6451714750539858,0.0417667947220992,0.1672896784331048,-4.892604752719986,4.09003005594712,-0.867467529621682,2.455138873363905,-5.932170118587559,1.0876322570822188,2.004931779302053,-5.247544060859485,2.4318241129088047,-2.761759958382903,-0.2080756839725001,-2.0119619945206813,0.6799492890518758,-1.3997727315997497,0.7103309442385014,-3.318201247267559,1.7706147611114986,1.0587887139276106,-0.2629838369190841,-0.9520885562623134,-0.5628464766561274,-0.1384163787718637,-0.918964337444022,-0.8967452586043179,1.212134518006354,-0.97193069396046,1.317424570018515,-0.4500315318448706,0.7225741651302102,0.8837693642335263,0.6317432752693309,0.698761486385677,-0.4975481973972755,-0.0342956188922325,-0.8576868356512345,-1.007391751429384,0.8635621050812377,-0.4117995185898758,-0.0488437359095631,1.8865112298515792,0.2337292568006248,1.3840031334176013,-1.154176282181164,1.4096236652514968,0.6274442318781662,0.6973180300347841,0.0439098718264057,-0.3264121569165843,1.0468486561180022,-1.4715320782485837,0.5176844764878528,0.6775233478705691,0.2631670877464679,-0.0144479693558856,0.0688746642942625,0.8872575779803297,-0.2015238689024847,-0.8127485770745848,0.2829698307722422,-0.3698161653499131,-0.3635171655616688,0.0572244064540632,0.0090502497561194,0.1364681045551429,-0.6017517413428923,0.5910225038141753,-0.0253026282195418,0.0452090372917484,0.2620822705232636,-0.1097030909905858,0.3616973354163132,-0.6137254270559419,-0.36294078199369,0.537626946551722
Na,Na0-0.25FeSb3,FeSb3,Na(FeSb3)4,mp-aaacdhjx,-2.8170744338846685,-17.369715366441277,2.978170768209468,-5.434387445309993,-5.71753278538268,-4.429274166341455,-0.0263898876143794,1.6370578866586345,-0.6666218091281725,-2.710294346797172,0.9516484346012,-5.101432994485559,-0.5566833376565254,2.6681958189695085,-0.9369593484108468,0.6183174740672508,-2.317171593802142,-1.5386522015915292,-1.5577806937594325,-3.4807760610489877,-4.3142378957263965,0.0726730515936944,-4.31299998248435,1.5104254470844771,0.255660620898481,-0.1399580829502465,-0.1858315941844269,-0.7009283345319864,-0.52172653709208,0.492366573036519,-0.2677919537514106,1.396038505461176,-2.8115713133643143,2.971680063283684,-0.690679240378883,-0.7353140354653528,0.8251504315244579,1.951685204831407,0.96051413220425,2.131531800387364,-0.2953630007870038,-1.972192502055956,0.0946018263581901,1.1916996793120431,-0.3173942973308752,2.260479907692427,0.996464037165371,0.4317349878264462,-0.1220919528189988,-1.8917328884287223,-0.2511219374665115,0.3696985177755292,0.2718432898241229,-0.9334568897158352,1.7080088411379608,0.6337093773963136,-0.0019666119148205,-0.4307554068985582,0.0752480615884352,0.619792556652636,-0.8253849666797949,-0.7385005701585003,-0.2222236931164356,-0.2275590276090914,-0.110325316477699,0.0447932547017366,0.2230033126362011,0.7912001515615541,-0.2069877986373782,-0.8382080096252337,0.3986522491638087,-1.2143530241413198,0.6117448637561995,0.8873951372435639,-0.5526988156450662,-0.2549939449119223,-0.2032994094786383,-0.5133227613362641,-0.1603461987941065,-1.275588771730392,0.965591996551712
Na,Na0-1Mn(GeO3)2,Mn(GeO3)2,NaMn(GeO3)2,mp-aaachjmd,-3.822285130549724,1.7707192224606856,-2.166327314965322,1.4389224943419756,-2.5111131303059477,-2.459425644075848,0.769420937045086,0.7531771866264019,1.2049370774300152,-1.12667925818586,0.0929197564147322,-4.396020148151702,-1.2038169561791705,1.5139022267454445,1.3369409263929737,0.8924668454758118,0.8654272156109237,1.5914881683304327,-0.5386448648868754,1.083640541579569,-2.121028065986759,1.0930309155903903,-0.4735415000475425,0.988049766737756,0.3865126512967828,-0.8481325421087763,0.0836435070571115,-0.6759850079166486,-0.1996701356573359,1.0938539068295383,-0.1235333148661879,-0.1512144351911361,-0.0890611930266272,0.7102723750794377,-1.25652146488263,-2.7338537147988773,-0.1413001051856439,-0.7355045861806999,0.0538514613997553,-0.0951142645132442,0.6914532390723709,0.41368451470388,0.8482462280128705,0.2696111901294255,-0.2780121482963307,0.6903672351859764,0.1170572195274524,1.424214085232643,-0.1172011543897154,0.094052590764902,0.0925551699065967,0.0322640234250086,-0.4381082313329875,-0.0846095960582355,0.685933906908064,0.5249134447761816,0.5785118456491972,-0.0767840015758544,-0.3339045865376069,0.0822083250265673,-0.6705691502493855,0.1878801885648657,-0.3770321032041503,0.0222288268492963,-1.4066098914056868,-0.0769117453438426,0.6576070251133447,0.6930177703827506,0.4412729427943855,0.0614383101988697,-0.5379473513693032,0.0201812487717152,0.1449750029783948,-0.4805249546715462,0.2967269063993,-0.4373385754015518,0.217208003650134,0.0518316339247583,-0.020377815647054,-0.0549682664356593,3.954146031551719
Na,Na0-3Ge3(MoO6)2,Ge3(MoO6)2,Na3Ge3(MoO6)2,mp-aaaczqfs,4.568109780118344,0.7884355767819589,-2.664889540908564,-1.0555686378027838,-3.099682866049079,-4.078364685630321,0.076645929376311,-1.1170780753224436,3.8343442151365714,-0.396980427929506,-1.7675599307037313,-4.109810937155392,-2.3519608845029425,-0.0860944842038676,1.2420537718423932,-0.2968487915277578,-0.426813406655,2.4453420290177084,0.1531723209001697,2.4901203859235395,2.076117210607833,0.895031233424876,-1.9227818993335384,-0.7518551409146992,-1.7126392516375797,0.5220380263242166,-1.2321926853692735,-0.08346244580565,-0.5418623765320869,1.4096218244149212,-0.8325117620256021,-0.9825427824489326,-0.0826366038045048,2.782665748379701,-1.84709655919052,-3.3892593191294798,1.558175198231695,0.5813362516464614,-0.7233909910378705,-0.2343150197903429,-0.0584039908684251,0.8528651961192975,0.834563065827156,1.180724073185897,-1.305218424431057,-0.6172365680002672,1.936398980525996,1.0507630694496457,-0.1784659199005579,0.0613231666433535,-0.175964706034349,0.8020024606467318,-0.8411179892078142,-0.2961331873118557,0.6658272181477968,0.2467277534663617,0.2905292583475564,-0.2748501567182774,-0.1756748550016285,0.9502002133539444,-0.3833015204195668,-0.1553785987670963,-0.2486913625736284,0.1885660488148753,0.1052027454453116,0.4837463474259119,-0.5208085279667455,0.7789678115514159,-0.1953346088585344,-0.5218683891220857,0.238983584271136,-0.0435388161835602,-0.2669398227743765,-0.2602757779782105,0.1770774805881299,-0.5254838814491998,-0.0109406393152862,0.2939591668600812,0.2776821379653829,-0.1705305411242252,3.290833919051724
Na,Na0-1V(GeO3)2,V(GeO3)2,NaV(GeO3)2,mp-aaachjex,-1.9638732048052088,1.4089733773580164,-2.2567741797461167,0.2714831837406335,-1.14960538853899,-2.555825075789873,0.2730728093167999,0.0207467580632735,2.977464128961314,-1.3557478873335904,-3.32804369322886,-2.6557948391955826,-1.0039421897034175,2.025636643891457,0.7264380142207032,2.1311743252472124,0.4736668157950778,1.1829446831952306,-0.091111910134622,0.2594176601644271,-1.7011315187261238,0.6633970484957096,0.1312434625759106,0.4974028233781721,1.3011400270172984,-0.8488020607259709,-0.436309587764652,-0.2821921878478494,-0.1910221813302816,0.5840052616558501,0.1756841545232488,-0.4802910445134566,0.0500246431297938,0.9582536328571808,-0.6207845897300203,-3.1207063030606927,1.2832909749900898,0.421261815274542,0.575596901322929,0.4986155332046262,0.6277796019093151,0.8462356362221278,0.4997824168395608,0.0619760716350719,-0.1924160612066088,1.0707528826827286,0.7686664915804011,0.3998898188771357,-0.1742446566602049,0.4833239235781984,-0.1732515860772321,0.4853245077004372,-0.4495997437114135,-0.2653819373191697,0.2923937283617221,0.4254170583456336,0.3941143719293866,0.0314276101941956,0.2127093876647306,0.4782604904921279,-0.286218523769695,-0.1202933511026256,0.1365634261035051,0.175454708064702,-0.3533426644283375,0.7337821589243815,-0.4067521278958935,0.7634460696497739,-0.2171823484943272,-0.1314773547339995,-0.1670887103115347,0.0309340032282652,0.0644641375214992,-0.4484187051637174,0.2144873844224156,-0.2818846611614722,0.114863288326291,0.0787274815095578,-0.1099661766933255,-0.3965025996846857,3.156789026551724
Na,Na0-2MnH4(SO5)2,MnH4(SO5)2,Na2MnH4(SO5)2,mp-aaabryzu,-7.231523352419211,5.380561418221558,-0.3508121972437204,-0.2045535411065507,-6.183077152643127,2.3663645361715315,7.825640496507065,-0.149129845370281,0.9403415982909938,5.37869044283782,1.8353866905946143,2.652091036231435,-2.9447170250038543,-0.4312567381322287,4.485678450369357,0.2955175981326187,4.290043528712779,3.083184177267845,-0.2464752153201814,2.0971307867273734,0.7173033629585737,2.1612018060650544,1.0352053622945807,0.9714441245435808,0.2021681878366857,-0.3227646506356789,0.244682918707598,2.3781913304040923,-0.3356323420017157,0.315154431757639,0.6156669799216782,-0.5467408210117302,-0.7021091073699794,2.389768754166259,-0.0269230104355751,-1.6814781849441989,-0.3106979589852952,-0.2557505640035747,0.7291178880450717,1.8487048162939472,0.0645024381119762,0.2112913283313207,-1.3593422859781346,-0.8000384448781568,1.7650752166074046,1.5505294161154684,3.0024720077499563,1.2741197103952144,0.3103979017793575,0.1485557428860482,-0.0132599659898649,-0.6494237641105973,-0.1892108854364832,0.9555082250941552,0.1401305067234949,-0.0439954710452038,-0.0376820890845561,0.7049173613286729,1.5160595477590904,-0.6886890525767984,-0.437665994694157,0.4122580209914706,0.1614121660011257,0.3284839387307997,-0.0562640466443848,0.1886137817964185,0.4808045682239256,0.0743704427018624,0.638514721580379,0.1524572386447858,-0.1706246814175726,0.2214220183564266,0.3562422872849222,0.0556815760046159,0.5753326183688015,0.0018726608258125,0.1138203653121267,-0.1807627998396737,0.5113820834313879,0.332877114094629,4.239597669051729
Na,Na0-2NiH12(SO7)2,NiH12(SO7)2,Na2NiH12(SO7)2,mp-aaackris,-4.141334223969266,4.999070168106049,-1.6759335338123769,-1.704382809287352,-6.365760836902737,2.815387700930949,7.117326984167722,-2.847724158522468,2.362581701518627,4.665167518146479,0.687816957167945,5.775793060730683,-4.100024732008428,-0.9560640615833004,5.091993213727259,0.6153933987664877,3.5244190680517278,2.019024638459385,-0.2488856494343218,1.0689510730401357,0.6793213825283129,1.3521467282262496,1.433801059764652,0.2885557656139687,0.4359928387308975,-0.5705808801569006,0.635616533010813,1.1414105385609197,-0.6238772506346646,1.0386985238972286,2.1315235929395158,-0.1636854302386645,-1.4405951684541938,3.3033851178641904,-0.3665410828150109,-1.6127642702530671,0.4033181561693306,-0.5042734793481766,0.137234657843094,1.0980716183799395,1.2891398905452418,-0.4414128879781162,-2.5213973467919137,-1.0904216546896546,1.5335450924726697,1.6838634170048283,3.503994471623705,0.9620814927362143,0.593368701350648,-0.363323232057727,0.0499812808279486,-0.9494066713205184,-1.233812128121611,-0.0502258674114287,-0.0558697929058435,-0.8448363840598436,-0.0426400034668572,1.0099887664379823,1.600561074751955,-1.127116334478798,0.3975642035643942,-0.1275005336515504,0.0821332435592003,0.5436803760054225,-0.5865934416893875,-0.2291450328132943,0.4747610571713159,-0.033647782733266,-0.167760455325006,1.1760889494411717,-0.3614464876086717,0.0316851939798627,0.8637725903541913,-0.0493426419512927,0.1712928340431576,0.282169311202871,-0.1653889733188688,0.2453602988339351,0.5082200101421515,-0.4249614928674599,4.567539719051727
Na,Na1-2KSb,KNaSb,KNa2Sb,mp-aaackpwd,-8.871119651861775,-11.904731584883423,17.43712633904027,-2.783574384574956,-0.9285088627533874,-6.98788133351797,-0.5000916935180021,-0.3905142707361518,-1.9977151095713856,-1.9031164200521489,0.7376845330581101,-1.1547070503576762,-2.69725629228253,0.5353101682474001,4.833029927799426,0.9349969259432168,-3.2889944815857293,1.473690330562316,-1.5315648406906976,5.887661066528118,-2.276131239373131,-6.377846502997164,0.4247534864368942,-0.6217676659250025,-1.938007913696866,1.3507396313134743,-2.617605219168306,-2.13847988623092,-1.5157674793788034,2.1669811465505995,-0.342706636679691,-0.5663321110641385,-0.4101008326426389,-0.3215243428337501,-1.497933128453468,-1.7507658795745829,-0.9912212957646976,0.0707517570322684,0.6386631177788118,0.7374404919840369,-0.675159930482124,-0.4439678587232577,0.83869082528099,2.228656320942836,-0.1592216669356008,1.7243731201910577,0.5475714821597201,-2.4012025977392693,1.514812145852925,-0.1939881595450464,-1.8610667887863384,-0.2163723504289116,2.3345455359833887,-0.4712737679893419,-0.1953504600257961,-0.5797221513347539,2.073924851338135,-0.8908700109103492,0.6945820749653442,0.622141865342416,-0.1760302809015931,-0.8950429847994543,1.439993120639696,0.1312463597074886,-0.3799866800554407,-1.65441933210242,0.5274001727600216,-0.2422887855190737,0.1750357927547385,1.335788849756406,0.0934482027358313,-0.9915278228464844,0.0946400712341239,0.3614854743373898,-0.9602176771314118,0.3167997247599611,-0.1713357790174972,-0.5738332892047006,-0.4618669714640964,-0.2068296094397516,1.308978026551724
Na,Na0-2MgMn4O8,MgMn4O8,Na2MgMn4O8,mp-aaaewgue,-4.476955262798121,2.5137964140157205,1.9281500618637517,-0.316310566215359,0.0004563426223123,-1.5751905857159452,1.3787268767174512,0.0347815754485172,-0.1457069053613251,-0.390868918429496,1.789016416103191,-3.639205891518065,0.8499272455377475,0.7698228773522323,0.4412251298188451,0.8276188089590876,0.974960958308758,0.6671607199623124,-0.8747449936624859,1.7213333007482272,-0.2189175581306078,1.4893103465522932,-2.2954507986778374,0.094916986011385,0.7059866120848025,-0.4303715701784668,0.2638304055195516,-0.3436250807037375,0.1263370385848292,3.089014690961112,-1.802968872615768,-0.2809045806864461,0.1007772036864443,0.0013971220103296,-0.019882959662076,-1.0896040533452582,-0.0631825299158722,-0.8092671648306357,-0.0112835196057806,-0.9830953849599786,1.0204818096239152,0.2240193190528979,-1.6674535098500587,0.3474281856878166,1.1323610580145254,0.3144408996738415,0.6715234561389313,0.7270620385343786,-1.4293008136995111,0.3714013039504882,0.2739058335602772,-0.1360578827036389,-0.9577695002560253,-0.4600346396970418,-1.2546494296747936,-1.0039663383811992,-0.368589119271183,-0.1072342728640068,-0.1682468342079968,-1.107939273781417,0.4576667520395852,0.0302473807471483,0.2694045911553005,0.0095548350169856,0.7077260307864341,0.0288255480078638,-0.3500344900571964,-0.5036597799138662,0.3129211787457133,0.473243471838532,0.4412663345150217,0.1740382045680084,0.3190485393988286,0.5165577434664224,-0.0456600121661653,-0.1713839505954432,-0.2579009458237326,0.6038230086507402,0.0170217138943477,-0.3176723948369608,3.827439061551718
Na,Na0-4MgMn4O8,MgMn4O8,Na4MgMn4O8,mp-aaacfdtv,-4.931540203220927,2.536232310866613,2.551464312797316,-0.8046713270970924,-0.1373671512497173,-2.2007427047728703,0.9318033301851434,-0.3960000952392549,-0.0815078483484716,-0.2861389850158425,1.898783272765772,-3.706416586120135,0.7065504219206111,0.86576152805498,0.9470134452158226,0.9208391472165152,0.8577604242821891,0.7567287735253602,-0.4307426373125089,2.2144614654615338,0.257621626075036,1.569155015002337,-0.6794092762970472,0.559762764319521,0.338782298563044,1.2810984912566568,1.5620519540545523,-0.9560538505219112,-0.6368705044145838,-0.6209011685573392,-0.7197220346558241,-0.0150217731379286,0.2436197826447877,0.4061239854023759,-0.9368640023599842,-1.6361554301891756,-0.2303437136099302,-1.355874284877988,0.2728440420298662,-1.22022665867924,0.9957407831739936,0.8431180659839531,-1.3429256362462496,0.5141122048668755,0.9069449392307438,0.2403362400790193,0.5049292583255227,0.62029709494418,-1.3329226460409351,0.1512200208074902,0.1066740875023369,-0.0060191067279868,-1.0530964542981227,-0.1787225634627109,-0.9856064902719252,-1.0276536013900373,-0.3813281372471372,-0.3000619840113947,-0.0514509048873041,-1.054536157905738,0.1957114933076844,0.042306814606023,0.5552063889687997,0.0054689008945193,0.974300000471806,0.0289012325422378,-0.3830961465057152,-0.6451090502381333,0.6484219065973519,0.3413199656211129,0.732407946386605,0.0813518402353065,0.1311316483139895,0.6162760312431573,-0.0652874078048066,-0.0536719291515353,-0.2198048453344234,0.6685269147657174,-0.065141349701591,-0.2769639468857277,1.291416084051725
Na,Na0-1MgMn2O4,MgMn2O4,NaMgMn2O4,mp-aaacfbci,-4.599892915612233,2.5649131787600066,2.441492865140286,-0.665389117550955,0.1907456017398871,-1.2006991860097342,1.0273044828435465,-0.1762262302145014,-0.1808071118355066,-0.3904242905003217,1.70232102158715,-3.589719303248555,0.8286058107058304,0.6434797313790046,0.201402487994444,0.6240332693769042,1.12891607476837,0.4804473366537191,-0.9097275727835942,1.9053732668891348,-1.1967635809926016,1.6602732153336952,-0.3262584190697492,1.4248710828640032,0.2291989999282607,-0.7577366820753886,-0.3387511653774277,-0.5743716106028393,-0.8070397024847901,0.3702433261238262,-0.1784367229896136,0.007569004779713,0.0455920200880789,0.169645446761018,-1.374020743877486,-1.6374861930963478,0.2945990647350284,-1.662314511025926,0.3086200319629667,-0.6715819035705368,0.9238141873847544,0.2638549331585628,-1.231057153221483,0.0465652778307071,0.9635041354944738,-0.0739689214639483,0.8013853464000874,0.727624179991531,-1.055790954280165,-0.2166131957392582,0.4375886846491337,-0.10137269309566,-1.1129713421954617,-0.176927894619065,-1.1366681360971131,-0.9147478409647896,-0.4042064244898902,0.2522080007005634,0.0892188625579342,-0.791198267773356,0.3063086590099469,0.0699009129414725,0.3918700898898003,0.0868208518155165,0.693446791064467,0.0673356373037193,-0.2723778765067903,-0.388714185165897,0.0042572419546966,0.6950940232998438,0.0177970932760709,0.1311146041317332,0.4213876180627091,0.4185772154758476,-0.1925635669733435,-0.2482900742579653,-0.2570719704364819,0.6086574487951106,0.0730634433340552,-0.5051798680841253,1.966128981551723
Na,Na0-1MgMn4O8,MgMn4O8,NaMgMn4O8,mp-aaadbdkd,-4.295401525839023,2.443944609417732,1.3904434332102351,-0.0625478447968098,-0.0689484929115025,-1.0851302872907074,1.6845011833994166,0.3188974261869115,-0.3270818825906977,-0.4673747848907896,1.697776615957309,-3.6245826717821608,0.74374504922763,0.7347551554853592,0.2919553021809493,0.7900738892162051,1.0365165316827964,0.3857610699363064,-1.334863613197243,1.2584461179137114,-0.2296958924781063,1.3539818461960036,-3.5649524669591,-0.7778829934358431,-0.3133727953801926,-1.2720559675630865,-0.6757944389917215,-0.7012225695111013,-0.7016026720582524,-0.3951949184708225,0.3241275972878015,0.0245205496275943,-0.1348989030588212,-0.8402088448140981,-0.8661912410598218,-1.915280084161188,-0.3181632328462902,-1.2821113439484622,0.1198641408563239,-0.1552090190895258,1.0845847915675508,0.0451109925746437,-1.0907523814650062,0.289378250486027,0.791516873297536,0.1909736886563518,0.4458780844245357,0.8599420899593494,-0.9085727454063888,0.1595134291482778,0.3633723036121418,0.1257097519398945,-0.950623324159572,-0.5029725925162739,-0.9690089838492754,-1.104461176953812,-0.1938565251422035,0.0487965131508231,-0.0464291714613432,-0.9748358168711816,0.3950916709846446,0.0127050710965764,0.2978437022412781,0.0241599398909985,0.62403303640894,-0.0630708688916025,-0.3438420885599639,-0.3784135230344969,0.0487615502075259,0.5334184588939381,0.1897415793421844,0.1612496542640601,0.4871230533062661,0.4643710387825475,-0.0750973126927452,-0.247429432879242,-0.2507122614696501,0.4949330923738805,0.0953689786668444,-0.3337955734412571,2.445934506551726
Na,Na2-4Mg(NiO2)5,Na2Mg(NiO2)5,Na4Mg(NiO2)5,mp-aaaewvot,-1.0275277026318017,3.0644562542436438,6.418811458359382,-3.2242122452756,1.6689970768648146,0.3185858252868261,-0.6297619970154924,-3.3115632209869985,0.2074904875487797,-1.185659159381935,0.0799395299936273,-0.1948846205339123,-2.7986530549807607,1.512661335318398,2.580049212654233,1.7341611500652985,-1.2871754724785514,-1.9958795821954365,0.0726055649214757,-1.5294442025709705,-1.983566196162757,1.1697738573639311,-0.0255001212789197,-1.7795599303451846,0.1410525387044087,1.0324455726542363,-0.0040849362433229,1.3892549224346469,-0.0801159647420243,1.130400841307286,0.8014791264018399,0.0058983489921401,0.3053552788113923,-0.0709742632111445,-1.5778340052867526,-0.6020351892882617,-0.2049646923888238,-1.1381962725600971,-0.4812591599841887,-0.0030365437503353,0.1904084674860076,-0.2736777700308611,-0.8307425773920449,0.7926124214441932,-0.4363316001333354,0.0862382762550417,-0.8563489335418731,0.721365353139841,-0.0539564503398439,0.6200387674636568,0.0666649749070672,-0.1800029649983244,0.1074638259624974,0.4278987912353194,-0.4864918603616092,-0.5965334262165263,-0.8616757030430093,-0.1178563960231301,-0.2032789735563948,-0.6560314186097813,-0.0418350344812915,-0.0928207406168642,-0.5817968582046622,0.0292731737535374,0.3799527770452041,-0.5930630108770091,0.100883314941092,-0.4940700616263526,0.3729883472805685,0.1022088365252356,0.0923638681303779,0.0953949431609533,-0.2920109577992799,-0.1330079574875501,0.0981378882022763,-0.0222105643636902,-0.1973545980088911,0.1139996959262174,-0.1890478190379844,-0.0282917025150253,2.725941631551723
Na,Na1-14Mn2O9,Na10Mn2O9,Na14Mn2O9,mp-aaabsicv,-8.401633632765709,3.882344584771024,10.09548015504194,-3.184457541385137,2.348547117990294,-2.0252694137409413,-0.3073005526912098,-1.6088380971546867,-2.1885702657657062,0.5335196304605013,3.20933088341784,-2.7188053152850986,-3.2846203547368344,0.1403308009728072,4.821435274080026,-0.3412079268260264,-0.640686375474316,-0.9647203651785006,-0.3745615228880772,5.521716413846917,0.6375942917779182,-1.5678049781877086,0.554324201630682,0.9976512305028076,-0.0512179178546517,1.6719974938638065,1.3650132863539453,1.1824612299118569,1.445067371617374,1.29335305309791,0.7557947754068108,-0.4233500272355666,-0.008361253074841,-1.0648478351546795,-2.9846628472854904,-0.5399206371822733,-0.1678408440714379,0.889060686842931,-0.4344063750757106,2.389755526346863,0.4316192134395065,-1.0170845985389252,1.3509314981622644,-2.993778932568723,-0.689057607111984,0.7872283026404351,0.5687960117329232,-1.2012885050612638,0.2437645684264589,1.0948546606420049,0.9655316281536048,-0.9229108219009118,0.7989839275740966,0.2897364991154312,0.3149894255311384,-0.0390582790400197,0.9323253329338144,-0.2800609712190079,0.2577817100426774,0.3255656758844709,-0.856356942898708,-0.4675038365896756,0.6820330268314849,0.5512211564844509,0.6725074707786608,-0.3282827758103434,-0.8067200413150197,-0.874216048517102,0.9447609586637836,-0.486437584538069,0.6784749223497246,0.1488831744149899,0.0338035492017711,0.2723353549433924,0.0208277638860734,-0.0637230264015617,0.2971344629175801,0.0310780085775245,0.3792046904232076,-0.3034593407100873,1.127592531551727
Na,Na0-1MnO2,MnO2,NaMnO2,mp-aaaablkd,-5.734132190678839,1.321565290993316,-1.1393054820455213,0.5717985312986484,-0.9971527492831502,-5.905097200171344,1.7480746405375285,-0.304741357363929,0.3840475925437581,0.1359201369087996,3.313171205839574,-3.785894298314615,-0.7654400799562644,1.2399836494591077,3.552517540577665,0.3167843019602447,0.2920549356503485,0.9562632683679934,-0.7858144684769272,1.850326066454574,2.123637025570519,0.7124745435087861,-1.7096992949483805,0.6765604560790923,0.6108216555621933,-0.005281872112975,-0.5500173117130518,0.8665590768888232,0.0070133232700764,0.1930001841461742,-1.0979971482445483,0.4795586125941652,-0.5237568688838911,2.579666463085683,-1.7399434663500757,-1.3303107170394048,-0.5876193570893191,0.8717830784549391,1.194983337500804,0.1120973724266796,-1.766333943667706,0.779355480491791,0.6794084638810717,0.4623533534963417,0.2699629130079511,0.1403421067474238,0.3996610765646906,0.0299141811952151,0.2983961036820174,1.0987799002375225,0.1101258850325037,-0.2642717913236558,-0.6777650391374558,0.0235638754856446,-0.280337217651319,0.2978808296961771,0.1469843638232218,-0.2888010825023624,0.0039210068529887,0.3787075212781446,-0.1820394109042485,0.2285617200081863,-0.0200575002612267,-0.192431135758507,0.1730348647073259,0.2083116376069168,0.0630928107821413,0.1600505925796796,0.6002561426945225,-0.0713895012559808,-0.3726812130321956,0.142218132841406,-0.1017636387906484,-0.0920749189721982,0.0012834946636955,-0.2241873361981687,-0.1126055430318578,0.152811665339351,0.0855051155685845,0.0521218733113883,2.681035694051722
Na,Na0-0.5MnO2,MnO2,NaMn2O4,mp-aaaabcrz,-5.258608016804371,1.75132887348381,-2.039020237325325,1.202163894060409,-0.9550735169704956,-4.917343934788907,1.9509300722478744,0.365666720665601,0.2144446079895464,0.1277754753725466,2.7997283946554514,-3.602959480520852,-0.7183529259323324,1.1711541370274503,3.1916971654769744,0.1200812060317968,0.7076723646966702,0.3220991958644871,-1.5318178984631603,1.568561338804653,-0.356315123999547,1.5945269145110208,-1.9193485286663847,0.5154659959643711,1.4682447760530866,-0.3717117222185578,0.9830878936975948,0.8271779335631951,0.7545148068427231,3.087200370263317,-1.745801201185713,-0.1017689453625771,-0.0844198915210949,0.1336593983127152,0.254404396470363,-1.172080078125595,-0.653371697423442,1.552767580252138,0.5439970575888695,0.5312105107207864,-0.6197319490091439,0.7013242332900704,0.2254153190915325,-0.1071410330151739,1.159336549013899,0.4931460664586696,0.6526559806172885,0.1651038308670138,-0.1076947428242836,0.9439841435555468,-0.2123177103263931,-0.1711512256234877,-0.3715673583460251,-0.0503747366316847,-0.6171427467379048,0.3589419583471382,0.2360389212908401,-0.1091284837258931,-0.2073384084616009,0.0197367107034262,0.0465151414543095,0.368441214814645,-0.1216619928108544,-0.3638761040666512,0.032133112360816,0.0579861150629856,0.1099237174151202,0.4927954781239898,0.2192431216368484,0.1607223485057387,-0.6159043395958812,0.3110423558900567,0.0590557975805752,-0.1029634922670649,0.0699836389828737,-0.2285684012777706,-0.1294898904660684,0.0212806872950801,0.0443674501134951,0.0021807559569697,2.260954995301727
Na,Na0-0.5MnO2,MnO2,NaMn2O4,mp-aaaczbgg,-5.308566396018665,1.823569319997392,-2.106664700816824,1.1742478075758906,-1.0354758305070155,-4.904233962876616,1.8750876661134503,0.3418229488049727,0.1978894604594107,0.0795326882871725,2.7211848313760783,-3.654120316934786,-0.8665159582663372,1.1683898471510277,3.3921939594065766,0.1162500205829027,0.638733972753894,0.2499445219537266,-1.5348117842660316,1.682243260976484,-0.8395409941019263,1.7122263550173316,-1.3083162466375902,0.5165247040108492,0.9332514769874926,1.087419477462901,1.750216988893036,0.0958202354026263,-0.4190413372663955,-0.6913029105156863,-0.8602719139702198,0.1266595554615394,0.1832133257981372,0.7232084551222683,-0.3515676810719721,-1.5196353924838435,-0.8136828743053763,1.2075527680804694,0.6691379855911976,0.6973798210716472,-0.5994146787284322,0.8596869421443957,0.6199275572211563,-0.0401516788139194,0.7953295596995701,0.3014788816950587,0.5674313324215922,0.2508549567639725,0.03526974207875,0.6914937340027746,-0.2360515062215629,-0.1047804122678665,-0.4616704919187434,0.033173480820548,-0.4472594767624766,0.3641606884501409,0.3016373124197657,-0.105766034347711,-0.122636496552851,0.1361970868265596,-0.0300699727130772,0.3510779261752988,-0.0601252970481756,-0.3557286269233152,0.094049627810769,0.0188866417707509,0.0956203695726902,0.4981232273105952,0.2104059410628991,0.1400219481696565,-0.6160402706699292,0.2527464809999364,0.0678249894855797,-0.0626334719250681,0.0315934263438405,-0.2145648610087352,-0.106711578728564,-0.0077975213128623,0.0349627830877891,-0.0304924130771949,3.183568416551725
Na,Na0-1MnO2,MnO2,NaMnO2,mp-aaabdbno,-5.724187837599239,1.7158068241545172,-1.30398445044309,0.6701615803708638,-1.064497849598419,-5.6084829402259935,1.5147792250823031,-0.1617611670536426,0.3106833449755884,0.2642596630072782,2.968689865650434,-3.6863265333924295,-0.7175635115506311,1.2802303571130955,3.7150472437975552,0.2466510843612603,0.5841633409290222,0.4345377929604058,-0.9719765786406576,2.0711521605709677,0.5222809890457548,1.5516740620521816,-0.4083664937448479,0.8886741023158394,1.0703877221990572,1.2531352337817407,2.2880276870550684,0.1708908126761538,-0.0232551420988006,-0.6006310396381171,-0.6930968831733947,0.150274439725123,0.0896712976704608,0.6096562073515298,-0.6691637539224901,-1.6677005026462592,-0.8200156520853861,0.979164401311154,0.8888904109756349,0.2426444251362508,-0.7115773822429488,1.3296284400403957,0.5409179774219474,0.0917015793309347,0.9053994691201344,0.4139829988259433,0.4699384447007585,0.0793349993653358,0.0236732102084492,0.6957772097952236,-0.4086876900483073,-0.0887401442017009,-0.4894894858072995,0.234676186742045,-0.3614051198303004,0.3738551082377701,0.193571568912159,-0.2660953842097984,-0.0426729255229055,0.1504425489307232,-0.1927185145356608,0.3751149514900614,0.0870395553240726,-0.3021552582660754,0.255190856430155,0.0758397667392627,0.0490453376838849,0.3530664209700825,0.5444071676990299,0.0348180086298792,-0.3749069300199684,0.1898027770404856,-0.1101745812246633,-0.0454113471263969,0.0292280575559642,-0.1637245735625003,-0.0915741180155384,0.1143006021047148,-0.0174018391026325,0.0052780094017817,3.156686756551725
Na,Na0-1MnO2,MnO2,NaMnO2,mp-aaaabcpi,-5.724246600191663,1.712623659465785,-1.3031116024206202,0.6699836847005685,-1.0637733440456172,-5.610478429633075,1.5172803515137223,-0.1627603767607868,0.3112684522663869,0.2641584786473241,2.970079233053462,-3.6867228069355247,-0.7159994489454242,1.280700504425689,3.716940322799671,0.2481912696114115,0.5825880601030599,0.4371907244843908,-0.9712769893138358,2.0697350904679643,0.5366984970587931,1.5469420422307272,-0.4238657828959218,0.8817286738891356,1.0678915777199365,1.2468695790206332,2.284080090758742,0.1675859063108679,-0.0261292055513802,-0.5994882373677723,-0.6958050605694406,0.1491809122166127,0.0919782563755021,0.6161026745350774,-0.6669699756590829,-1.665942437462143,-0.8212398302891026,0.9794964610316372,0.8899649653099438,0.2430752463504003,-0.7142874201065491,1.327395621809791,0.5415906423718311,0.093775311028552,0.9034900990800392,0.4137971387216356,0.4694714443001208,0.079432224574778,0.024451108150513,0.6970928395612107,-0.4070812323487298,-0.0886568085265503,-0.4896667634854949,0.2337618831747742,-0.3611021372326062,0.3730243384631097,0.1937273857655524,-0.2660875218267881,-0.0421326039990335,0.1507670934917672,-0.1929076185909234,0.374750308564682,0.0865829466249804,-0.3010544819615567,0.2548671010688975,0.0760118628228714,0.0485138777844472,0.3529189665842483,0.5444715482464887,0.0343487289224639,-0.3750798951058836,0.1891153570761746,-0.1106574243563727,-0.0462991152636926,0.0288635913088175,-0.1642252824230548,-0.0920685880604966,0.1142147399675453,-0.0171221029377588,0.0055469543369725,2.387015871551721
Na,Na4-5MnO4,Na4MnO4,Na5MnO4,mp-aaabrabw,-7.983505650446993,4.173650067508278,9.663274392206224,-2.937708483730931,2.0775570488829027,-1.8334135206246125,-0.0232325592454129,-1.4530963725301569,-2.15636875929868,0.3665852592937826,3.1608039511215145,-2.895569116869133,-3.342348589885935,0.3130729313502497,4.739322725246312,-0.3655919264779365,-0.6724287571422812,-0.7175135468542547,-0.546566466132709,5.314775442980986,0.3051280391298438,-0.9901028576291118,1.176086043805194,1.953869164730792,-0.4444642164724661,-0.660919662482298,1.341612051007003,0.4468456252939649,-0.0835957784104008,0.9384789249978333,-0.1679159371756359,-0.5372102855337085,0.2525088329596538,-0.745680980759175,-2.358179123429323,-0.5930012824538295,-0.1622587700781614,0.9898923381997324,-0.2659636221837632,2.3961509487182155,0.4706569426524106,-0.9626801957845174,1.2440431101004708,-2.8190775344270027,-0.538635023978594,0.8952357997845932,0.5327646500744061,-1.0973857623256065,0.3028111566311806,1.0160456222923266,0.8110145900175605,-0.8181019014452954,0.7152928802249705,0.2229886764482717,0.1760658225252401,0.017750245432804,0.8061034161767187,-0.165880653904559,0.3210326111784405,0.3922241311960101,-0.5910897317922824,-0.2894057172915823,0.3450254151376826,0.5763049500827067,0.6675602644167573,-0.3184054790129599,-0.8204236055912233,-0.7884295832571032,0.7786978112865042,-0.3533712992849195,0.5917392534767897,0.1420452092861075,-0.0634026856419507,0.244579267686143,-0.0858974096638584,-0.130273827704443,0.2102356320923081,-0.0011293591120718,0.4033043319342931,-0.2134378783215769,1.473064681551722
Na,Na0-1MnO2,MnO2,NaMnO2,mp-aaaablpw,-5.72254628802469,1.5826256596150714,-1.261863753286064,0.5842946740942998,-1.1475354214827789,-5.653235765089544,1.7036499185946643,-0.176637691274489,0.2422509990794052,0.357396690261211,3.1281917367341148,-3.677779109248664,-0.6345104549831718,1.354180198275634,3.63332003454005,0.3648297468471423,0.5674302212668739,0.4667784145826542,-1.1195050282750632,1.729690438807442,1.9932530675867552,1.237668319408356,-1.9792209583567375,0.1739537238668081,0.6675481107977602,-1.0137843899968235,0.8704175002033875,0.5676194945808668,0.4918978199216645,-0.2231398922879201,0.587210608417163,0.2259536119742106,-0.4255436163691469,-0.8187851281377497,-1.1182720615874284,-2.257622070204675,-0.908719880307556,0.7252148307772501,1.0878907827221558,0.6185639087549643,-0.7676900546319089,1.2843402963195996,0.705097041540218,0.0911026072851788,0.9546675760310968,0.5748398680167655,0.2799895723655037,0.0530398582187632,0.3879262095102589,0.7455211063299249,-0.42349054351062,0.1263149323567429,-0.4156153545848421,0.1508742940079349,-0.2891315184919402,0.3043100977157085,0.2051156934237089,-0.1716957678530095,0.0646111261395165,0.1766443397989191,-0.2055222754650388,0.425677080981188,0.0633193171507358,-0.2305123345718263,0.2197147764203256,0.058978390144673,0.0428294846554315,0.3474200756299534,0.5401986922506612,0.04674677571772,-0.4045315977515097,0.1592877839974212,-0.1967814726990168,-0.1301485264089412,-0.0207021399217927,-0.2054647721492629,-0.142256199457004,0.1370707357582624,0.0137084540302049,0.0817100179791226,2.745589469051722
Na,Na0-1MnO2,MnO2,NaMnO2,mp-aaacujli,-5.732188936984325,1.366522761657068,-1.2049129803329774,0.4698669074894532,-1.0377402018455022,-5.925409725130646,1.5206256095595945,-0.1450906244639638,0.3542873344144468,0.3275657439310651,2.9777061165460497,-3.792124457757607,-0.6312149107441712,1.2263878751102366,3.7235654336082455,0.1776771002875786,0.7521544910068262,0.6674180242985198,-0.9869415985537048,1.7615414673190988,1.5502506145949189,1.156875947288557,-2.1240805766410227,1.640989981460311,0.7414820140126229,-0.3083789354542562,1.398036841423531,0.6170899424882134,0.5775367019516312,1.0805462629999736,2.29050954760558,-1.2127548554967125,3.83273347538572,2.145477986641127,-0.1481227025394263,-0.5873701213187172,-0.9211587093704372,-0.0051777240927309,2.097092486140028,0.3590376738096489,-1.298302258513,0.8910828897349611,1.1264530218478486,-0.0389361021248419,0.6574749775418204,0.5110496465420796,0.0238314685704615,0.0186288785846082,-0.2898020862412273,0.3144269281453691,-0.1565544052556082,0.136992363723908,-0.4454488455445866,0.3005107024076768,-0.6585444518206768,0.1256908335078684,0.3008674624525392,-0.0773466942608925,0.0521222183734121,0.3880061298010735,0.0015549570786481,0.354324732974188,0.0398397051697533,-0.1244894035651701,0.1849159856755775,-0.0630118338194617,-0.0498827860842621,0.4279105938267228,0.6519630708522478,0.0060489904529512,-0.3616990025821892,0.1731062736036979,-0.131132814123575,-0.1954390049882355,0.1145466470918327,-0.1548651366389487,-0.136846070794133,-0.005913125601932,0.07315938843207,0.157560975622486,2.692695221551724
Na,Na0-9Mn15O32,Mn15O32,Na9Mn15O32,mp-aaabsevj,-5.410927584909529,2.049251374140875,-2.040604626979102,1.0745558214450377,-1.2651965850978095,-4.88436525771024,1.6456715298778792,0.2547583361534981,0.1840074161649745,-0.0194734893555467,2.778884991047688,-3.5645574635564152,-1.1320004727627468,1.160256951996635,3.098276219574305,0.0144453191673891,0.7478000223443358,0.310136492686217,-1.4757589837790364,1.714893435833102,-1.035723330040727,1.947493798760848,-0.0372956280713539,1.6885173108479958,0.814401768802928,-0.8370375140489825,0.4119401704118945,0.8405523352708916,0.0118836838630907,0.2865123467447689,-0.1935825380057817,0.1638205859361462,-0.0285133469010226,0.4415098708687887,-1.0142045022276918,-1.7034722096697417,-0.5394390178598663,0.9791362840976294,0.9724445007563824,0.6818384110635966,-0.7494307177217107,0.9356965655143902,0.7176670955607853,-0.1012512789676366,0.8674109783148339,0.3499880748938135,0.4904820078865639,0.1933850753203233,0.2001949836195853,0.6530756858839158,-0.2513827682445007,-0.0868725012988917,-0.439059784942068,0.0480981959922393,-0.4798375542799713,0.4170323602099662,0.2681564229364893,-0.0051494041135125,-0.0970105682839426,0.221198400720997,-0.0427228293107862,0.3853697108996991,-0.0472561619829899,-0.3280231373256094,0.0767535578284129,0.0802776033083421,0.1319797768184915,0.4432134866643695,0.2964287340493358,0.0989708031767017,-0.5674092807721355,0.2687116562928618,-0.023624205786737,-0.0690519335994693,0.0070391587719522,-0.1872314049089579,-0.1418605349017264,0.0250834742401284,0.0324142851366612,0.026933660629253,3.563120582107277
Na,Na0-9Mn21O40,Mn21O40,Na9Mn21O40,mp-aaabwiuu,-5.196163290653009,1.887413194955825,-2.2012535995932767,1.1527773297960076,-1.054984102546584,-4.747401578049962,1.813688069783121,0.5070614934826937,0.0907568536084386,0.0490713478635195,2.694839865018953,-3.700002946600402,-1.0171289275800326,1.1372271149028417,3.0793905799191577,-0.1240615511899312,0.7945343553927805,0.1630103886546315,-1.7228498601073794,1.5579591629727636,-1.6093595767990294,1.926923072750344,-0.3286598321696361,1.6702409121259607,0.8130623408250695,-0.8330256833992571,0.2297821166806893,0.7857332096048026,-0.204734137769425,0.2880778750326327,-0.2127606448469804,0.1802504591423187,-0.0505016871052455,0.4002405887384443,-0.9301861266068044,-1.69238944776295,-0.5742191678022368,0.97427754686682,0.8804304056694274,0.8296867126131746,-0.785853675601122,0.7072548179146081,0.7151567340782549,-0.2067640554319154,0.8783623807546533,0.3006248861773714,0.5123058447223041,0.1443223827860652,0.1985728882352376,0.6997915318159497,-0.1371834060681962,-0.0328364129764375,-0.503649010384607,0.0618213361268945,-0.444464461395156,0.3394152846934939,0.2768569812465376,-0.0725104861198149,-0.1449961603694418,0.1967667706599515,0.0216399331672669,0.3783908094620596,-0.0688065656721664,-0.3713071639121493,0.1287226791689869,0.0787509664869437,0.1600794687759812,0.5442635144875745,0.162304602672844,0.1497164777028539,-0.6744900464329643,0.2831747590579836,0.0905020279567,-0.0397515220879505,0.0584080346916263,-0.1842978166033734,-0.1315143236952331,-0.0145965283899671,0.0212171506902981,-0.0470214643632717,3.038901614329503
Na,Na0-0.5MnO2,MnO2,NaMn2O4,mp-aaadaboj,-5.308585983549473,1.822508265101148,-2.1063737514760006,1.1741885090191255,-1.035234328656082,-4.90489912601231,1.8759213749239236,0.3414898789025913,0.1980844962230102,0.0794989601671878,2.721647953843754,-3.654252408115818,-0.8659946040646015,1.168546562921892,3.392824985740615,0.1167634156662864,0.6382088791452399,0.2508288324617216,-1.5345785878237577,1.681770904275483,-0.8347351580975801,1.7106490150768467,-1.3134826763546148,0.5142095612019478,0.9324194288277856,1.0853309258758643,1.7489011234609273,0.094718599947531,-0.4199993584172554,-0.6909219764255712,-0.8611746397689019,0.1262950462920359,0.183982312033151,0.7253572775167842,-0.3508364216508364,-1.5190493707558046,-0.8140909337066152,1.2076634546539635,0.6694961703693006,0.6975234281430304,-0.6003180246829658,0.8589426694008607,0.6201517788711174,-0.0394604349147137,0.7946931030195384,0.3014169283269562,0.5672756656213797,0.25088736516712,0.0355290413927713,0.6919322772581037,-0.2355160203217038,-0.1047526337094829,-0.4617295844781418,0.032868712964791,-0.4471584825632452,0.3638837651919207,0.3016892513708968,-0.1057634135533742,-0.1224563893782269,0.1363052683469075,-0.0301330073981647,0.3509563785335057,-0.0602774999478731,-0.3553617014884757,0.0939417093570165,0.0189440071319539,0.0954432162728775,0.4980740758486505,0.2104274012453852,0.1398655216005181,-0.6160979256985676,0.2525173410118327,0.06766404177501,-0.0629293946375,0.0314719375947916,-0.2147317639622534,-0.1068764020768834,-0.0078261420252521,0.0350560284760804,-0.0304027647654646,3.644337926551724
Na,Na0-1Mn7O12,Mn7O12,NaMn7O12,mp-aaabqyao,-4.949770773184434,1.0583798203711072,-2.6231416166128154,1.5981487076749874,-0.5036785881842488,-4.537082186052192,2.5314601220127915,0.8937979422756206,0.0304315575269919,-0.0721710714626783,2.728788633644512,-3.867003096592709,-0.8816990206654043,1.0111782319776663,3.0018298466419817,-0.1878782058470131,0.6008692724580198,0.3122152277750259,-1.975503427051916,0.9912311958459612,-0.8919505638263386,0.8270790946260105,-3.389190826648179,0.1196206498619232,0.3693957597425377,-0.2305175703164443,-1.647498214826464,0.625537939947131,-0.8196512654068826,0.0464401284247613,-1.2456650323471077,0.5066281527576347,-0.5161324024307258,2.712769353659216,-1.03214803037423,-1.0240359073809946,-0.7023072166590024,1.225085843389968,0.588791491100396,1.0500484783470945,-1.610914677265315,-0.3371766400173271,0.8149981603092951,0.0493197282023761,0.2039846293909299,-0.1417246218189731,0.5725567037867597,0.0903718728264512,0.2674341332294379,1.2077625512682508,0.6707005332964306,-0.1375831470520859,-0.7176397490341211,-0.1672588610514173,-0.0717801608328768,0.0743281940114322,0.3853573998976036,-0.2878015377348576,-0.2581227277270068,0.1915740560161065,-0.0711689565849125,0.0830265163435744,-0.0010580647767696,-0.4790752274636287,0.0860043494616347,0.1432846004276746,0.199582200033277,0.5529182069599401,-0.1037115565566015,0.1389679270667768,-0.9114046790451756,0.3535930359658982,0.6106394473897994,0.0134048687746388,0.2894194975389548,-0.2148243286400996,-0.083268769825889,-0.2142658605642697,0.2026163938437767,-0.0472696209600888,3.5084293665516992
Na,Na0-1MnP2O7,MnP2O7,NaMnP2O7,mp-aaabhgbe,-6.988381368561261,3.019789096200611,-2.401488337198373,1.239631944693743,-4.514738680768683,-1.9411852657198567,1.3592865751826202,0.1600536688804402,-0.0096502580889184,-2.4915308188029024,2.2607801669542256,-1.810986592012624,-2.9338544932106148,0.2567648350981882,1.2080303105267622,0.1343974568407779,0.3535163212293397,-0.0999438341711382,-1.4902317643080245,2.1030041156146955,-0.9850440515279172,2.056860328341592,-1.8053102265294656,0.1433493225125568,1.579174231981726,1.2010447443799648,0.5635768183827228,1.8659119634607892,0.9839331355390656,0.6052271114710053,0.4813452371375836,0.5585566802220823,-0.0282734874549511,0.4378690294215295,-1.501671980802236,-0.8832958742551754,-0.4999983576875495,0.6498211098174946,0.8748089326155126,0.6391872961919276,-0.7550370674554048,0.8349783331295121,0.3556485703157123,-0.4613606560549126,0.6899910399325779,-0.2667989200987488,0.7541986780908229,1.0262712655810742,0.1863479169300975,0.2680213007593324,-0.1665511430794954,-0.2457787427352688,0.3899890307119206,-0.0043194542193317,0.2347661862385902,0.6322126934417795,0.2087959365837326,0.0776252500689062,0.1255499928052267,0.381093939123173,-0.2956474387491348,-0.2132468518069186,0.0627717813104129,0.0393414531194856,-0.5180958189500746,0.1472203807410483,0.1904553345233149,0.4721679382574906,0.4597184676346999,0.1159410973630227,-0.4197918600167287,0.104942093173777,0.1032388741655116,-0.2339138189139175,-0.0985805490614778,0.0222520159873271,-0.1285009476789956,-0.0127100162262612,-0.0291196951285319,0.2907359155846337,4.993953421551726
Na,Na0-1Mn3P3O13,Mn3P3O13,NaMn3P3O13,mp-aaachqey,-6.1073535109793164,2.722038777089084,-2.736213958699669,1.4064132197027794,-3.845990682281338,-1.9375916568754616,1.814563156092056,0.5921620010755945,-0.1337882304404362,-2.340376181568519,2.1712641711032,-2.0358632905585488,-2.6648765592975616,0.2099439568593659,1.4419917793173456,-0.3266452337653748,0.557267536838839,-0.3871804950570114,-1.9957378782534017,1.8680353504540732,-1.9299073343753124,2.158715941093246,-1.3998321189353935,1.162427355661358,1.264064027297775,-1.0654638041715794,0.248155621354046,0.9562669849137816,-0.8081026707309918,0.3192248950111715,-0.4957066310696356,0.3255040850090533,0.2947512331725785,0.5981277506749914,-0.8344329386665397,-1.1832766186274033,-0.6962046409766207,0.5135237136458527,0.7580576256536786,1.018236256343295,-0.7776473503400844,0.4574605044172324,0.2176816886448368,-0.4354576622618656,0.6576184564828429,-0.2365182107394214,0.67030786788232,0.8300622409553609,0.367643439208638,0.5945842116064026,0.0011444421764978,0.0088261537115228,0.2470012058131498,-0.0014107822185437,0.2296509639297917,0.244277034232941,0.3753927827444588,0.1127876919713747,-0.0854503257808934,0.1800497921845124,-0.2204508141145215,-0.0525080992897678,0.0993084961992089,-0.1067239625180504,-0.4529939898279701,0.1774276902579588,0.1699687913332937,0.6099078735079889,-0.0681299162756782,0.1663617555787069,-0.7069249531563512,0.2453397933490322,0.0928789840273494,-0.2267552089783452,-0.0532047189123509,-0.1840555934751364,-0.0752557417138036,-0.1808492706913693,0.0084248272400912,0.053194507342552,4.73886272155173
Na,Na0-1Mn6P7O24,Mn6P7O24,NaMn6P7O24,mp-aaabcrvc,-6.019698739497618,2.460615317278505,-2.9512330400460454,1.5805350343036764,-3.7252878209407063,-1.6751689837761106,2.000686096548885,0.8563739457019437,-0.2394700120356357,-2.4287295921185064,2.059102672768375,-2.0479244268589465,-2.615124113791305,0.1093515976926737,1.3449923113489215,-0.5240434502792384,0.6860534807557008,-0.648713263191423,-2.205338278215665,1.748400421602259,-2.449534403846167,2.0225169037578348,-1.682801406486767,1.072782720481041,1.2239044015868212,-1.0995029494646495,0.060490727263788,0.8898021601715171,-0.9338875004291426,0.3120781943738827,-0.4938283108389931,0.3297798021779282,0.2599617348479273,0.6227076226498722,-0.6579153846181035,-1.1323731715033616,-0.7498917643445718,0.4911149853904368,0.6163562259922192,1.1657463639727474,-0.7542779780325334,0.1858759373958676,0.2496494432877274,-0.4965917152831668,0.6313651448925865,-0.3002494350868101,0.6259972740642735,0.7474820378152973,0.4226957871764534,0.6779245680015171,0.174492140668509,0.1283595113724961,0.181956866635195,0.0806257879388345,0.3417373913326334,0.1186874553339419,0.4807492236154141,-0.0475388400063165,-0.1981930440560134,0.1113690716361453,-0.3615290389861199,-0.0908042778711178,0.1968825070240898,-0.1525728911602175,-0.3916752993159238,0.2099118344509731,0.1917397499322601,0.7422505520395465,-0.308412384441418,0.2195492168310434,-0.8799257204972043,0.2953200374746327,0.2028865856583532,-0.1980263623704501,0.0363693174046934,-0.2349708285812138,-0.0299504566847218,-0.2606978843846648,-0.0312061501104386,-0.1178692936999173,3.74722532655176
Na,Na0-1MnPO4,MnPO4,NaMnPO4,mp-aaaabnxs,-6.466547894888378,2.6368317473741865,-1.6640918988572726,0.9034388378111826,-3.6540347270218807,-2.954265258192179,1.6504194501529814,-0.0182861873156258,0.0986878673104084,-1.8361143885907725,2.422010010127925,-2.340655442404228,-2.1456615206917538,0.5107073554924524,2.21032244343088,0.0310350425350256,0.2197241294269458,-0.1156973106979421,-1.3236672778059722,2.279446286064506,0.1026266293981988,1.8481514161016872,-1.541614978738033,0.4836395302138854,1.5653097336198138,1.067705758009786,2.292598329628032,0.319503271091987,-0.8563639798121958,-0.5251638239189054,-0.945021951458764,0.3853746581287793,0.3314414667205908,0.7099655401594668,-0.6568534248521819,-1.0657848958263352,-0.9570718712925064,0.5539332367329224,0.8834622692408592,0.4229603764053002,-0.8192979312325954,1.0517467265106797,0.1109393868438167,-0.3174234829808154,0.7591401394589767,-0.0979209757128069,0.7172066134951265,0.7388006566967285,0.0342635998967053,0.4576515047220955,-0.3632463588002023,-0.0858804847141771,0.1609837631529106,0.0204137177305155,0.2780256850489143,0.4506704975996329,0.0916635681723692,-0.0103282366610103,0.146364395003816,0.1891613725504967,-0.1189981196775799,0.0153748921205354,-0.0156601473161407,-0.0698023392999532,-0.2672065884413822,0.1516871274377895,0.0035002087403622,0.3965549143652103,0.5078235636648796,0.0831288083867181,-0.3119468589882004,0.156852257352602,0.0765886281221661,-0.1016063262179081,0.0458252920301842,-0.044592159749738,-0.1570689546493986,-0.0289013817973289,0.1442813030406905,0.3167150083214103,3.387073626551728
Na,Na0-1Mn2P2O9,Mn2P2O9,NaMn2P2O9,mp-aaachfws,-6.253670455081078,2.6925971081938616,-2.4842909375495528,1.3292758946158365,-3.812671036104236,-2.229203239388818,1.8304801757641929,0.3542612562808408,-0.0040813613295122,-2.214777089499312,2.2264073732316603,-2.071530696167704,-2.4577384272665777,0.308788121447492,1.8332453901952064,-0.0441210873371802,0.3443426449691721,-0.2330482476287311,-1.7449773040303262,2.0279085308328284,-1.0004459017268608,1.978699162055397,-2.246641479690776,0.1001502595175948,1.4232044602969265,0.8993757502659525,1.85886960704436,0.2762730077104258,-1.014259405032368,-0.6374951613896094,-1.1056896427177223,0.3008257779810576,0.4902497289443203,0.872201656873006,-0.3418903825441573,-1.012764003966942,-0.9192213041551331,0.7443923792322478,0.6128265985609817,0.8164283304806889,-0.6353653791658772,0.6851329061920194,0.1268464185309571,-0.301492811190914,0.6209997244718584,-0.2113033356879974,0.7579706934502234,0.925662272480425,0.1588360222505287,0.5344115332597363,-0.151868842685245,-0.0902456185198072,0.2709111817943366,-0.0384288060079396,0.2177361983342036,0.329884254373301,0.3159797153537377,0.0825070171361783,-0.0015020737149407,0.1502960416924539,-0.1946925240571617,-0.0679505586702827,0.0420165912521694,-0.078798549529105,-0.4594316248632599,0.1156253730280073,0.0953548708376564,0.532941734163179,0.1078892316014198,0.1474801985744487,-0.5667892995658813,0.1924410644662001,0.0791066384690898,-0.2249099043311512,-0.0728507598400067,-0.1607561938775601,-0.0805804682285634,-0.1325138416943988,0.0461729630132658,0.1445352160596453,4.670379339051724
Na,Na0-2MnP2O7,MnP2O7,Na2MnP2O7,mp-aaabhhug,-7.307088026669702,2.9763432781486405,-1.6566106039921913,0.9609514665555564,-4.358479212993415,-2.5834700252807377,1.1445077099411844,-0.2618559665327857,0.1439328070407542,-2.168555408987118,2.439990965844161,-1.948878589729873,-2.74180409089338,0.4249379429134043,1.5144668223363933,0.1875783146319354,0.3308931662617083,-0.0784185754219168,-0.9767530383697166,2.3263357249423704,0.1925173615337476,1.8945215279089005,-1.034053938518097,0.4689245264873697,1.674433338308254,1.331035709733156,0.9873769504734392,1.934916435433579,1.2236234930404168,0.68493185934553,0.6772353013542313,0.6455936336675479,-0.1975199884611611,0.3386525280147264,-1.7368044925534412,-0.8703514492106315,-0.5842063665162838,0.4906203048624938,1.072812873182143,0.2464221313174701,-0.8655040483005332,1.2208677750646666,0.3474427927121848,-0.4733734008622877,0.8206432556460805,-0.1574570907485853,0.6875281939923824,0.818294732621123,0.044027553194698,0.1833297482846243,-0.3604682716247522,-0.2407553274231301,0.3087549135037225,0.0082266546577959,0.4022313168080488,0.788910752370467,0.0484687779608518,0.0240235687362805,0.2719292789195734,0.3447390467356216,-0.3690239712695102,-0.1577330932267463,0.1340300841402018,-0.0328638842947432,-0.3732934000541807,0.1704621917029373,0.0727415085143424,0.3039867552292067,0.8802275291765653,-0.0034451079534628,-0.1497899900338518,0.1463338878254743,0.2605082760794296,-0.0607422662347623,0.1271907046166144,0.1607502059229976,-0.2021629010649537,-0.0013104022787458,0.1586919589577859,0.5400898579139579,4.05877872905172
Na,Na0-1MnPO4,MnPO4,NaMnPO4,mp-aaabsgci,-6.466547894888378,2.6368317473741865,-1.6640918988572726,0.9034388378111826,-3.6540347270218807,-2.954265258192179,1.6504194501529814,-0.0182861873156258,0.0986878673104084,-1.8361143885907725,2.422010010127925,-2.340655442404228,-2.1456615206917538,0.5107073554924524,2.21032244343088,0.0310350425350256,0.2197241294269458,-0.1156973106979421,-1.3236672778059722,2.279446286064506,0.1026266293981988,1.8481514161016872,-1.541614978738033,0.4836395302138854,1.5653097336198138,1.067705758009786,2.292598329628032,0.319503271091987,-0.8563639798121958,-0.5251638239189054,-0.945021951458764,0.3853746581287793,0.3314414667205908,0.7099655401594668,-0.6568534248521819,-1.0657848958263352,-0.9570718712925064,0.5539332367329224,0.8834622692408592,0.4229603764053002,-0.8192979312325954,1.0517467265106797,0.1109393868438167,-0.3174234829808154,0.7591401394589767,-0.0979209757128069,0.7172066134951265,0.7388006566967285,0.0342635998967053,0.4576515047220955,-0.3632463588002023,-0.0858804847141771,0.1609837631529106,0.0204137177305155,0.2780256850489143,0.4506704975996329,0.0916635681723692,-0.0103282366610103,0.146364395003816,0.1891613725504967,-0.1189981196775799,0.0153748921205354,-0.0156601473161407,-0.0698023392999532,-0.2672065884413822,0.1516871274377895,0.0035002087403622,0.3965549143652103,0.5078235636648796,0.0831288083867181,-0.3119468589882004,0.156852257352602,0.0765886281221661,-0.1016063262179081,0.0458252920301842,-0.044592159749738,-0.1570689546493986,-0.0289013817973289,0.1442813030406905,0.3167150083214103,3.297377866551716
Na,Na0-0.67MnPO4,MnPO4,Na2Mn3(PO4)3,mp-aaabrsto,-6.263297345013457,2.7643292965646937,-2.0969716824905267,1.0433361789316646,-3.795543360080146,-2.506886328593517,1.6632678761846902,0.2781139247686438,-0.0422620663256253,-2.051588664839618,2.328743776480209,-2.257813578112934,-2.4371500511212,0.3937655755875702,1.7402875420944393,-0.2096250548602683,0.3958387884375294,-0.2086829581835677,-1.678225790233893,2.0733678323585507,-1.0430632412114864,2.1187433243409965,-0.8900249540150718,1.4476253537787178,1.379583624240338,-0.9440921581220728,0.5952690844774213,0.9916393439824288,-0.6987489242272824,0.4096444566361845,-0.393030404698569,0.3895651094572611,0.1895065779668431,0.4770791973853356,-1.1139462115190808,-1.2245333995971837,-0.6875829849736688,0.4013546622994115,1.0116195075398513,0.7104575065050127,-0.9298640548953442,0.7671647310583682,0.2176941722522899,-0.4450707882496372,0.7599914087246973,-0.1387743195164925,0.6718948008488228,0.7396846855036237,0.2639313096589881,0.4975757311544036,-0.1982142751443043,-0.0253361718843597,0.1758744664793836,0.0160674399867649,0.2092994148008778,0.3801521876420296,0.1638201766454619,0.0853055124575819,0.0624436333515338,0.2542306082286169,-0.0826933917264684,0.0197697403693195,-0.0323143402575094,-0.0591522313711176,-0.3295883399539544,0.1983590109038254,0.1034063775691868,0.4886142506839085,0.2841521952431231,0.1263623372998235,-0.4770478226117247,0.1858892631058286,0.0264344705949603,-0.1564642262121581,-0.0187307830177684,-0.0868613864101063,-0.1536529364668097,-0.0563365607143136,0.075166120191473,0.2147511495819355,3.672976751551715
Na,Na0-2Mn(PO3)5,Mn(PO3)5,Na2Mn(PO3)5,mp-aaabwjae,-7.831243292463314,3.003173885142409,-2.6191634140742663,1.541614662889683,-5.26460546910537,-1.3962426742751708,1.1289684273151317,-0.0989169339494327,0.0418309619012997,-3.12345040050174,2.125657920937857,-1.4749791063760789,-3.446692782680171,0.4112954940822359,1.141932689637294,0.2980303133901773,0.4165035421320321,0.3138894356015747,-1.291092303315207,2.2996442620625683,-0.6889142366892599,2.5260547609902466,-0.7528062269745811,0.996049611606488,1.1037855266220231,-1.1864001575802936,0.7978121130401554,0.8476081275910009,0.1412610810278579,0.3068875923799467,0.0201615620863282,0.4753126756864423,-0.0015976769676412,0.982575498014445,-0.7827589536666409,-0.6964912177754325,-0.2442498231234185,1.240160675626218,0.8525263204907694,0.7051965415649893,-0.4890710428476082,0.7795338840237426,0.7027498988955461,-0.4201360042635193,0.9152195936427616,-0.1489283654777897,1.0659204452295328,1.078994112005513,0.359982173047062,0.0122924763989261,0.047494012620431,-0.229812302658427,0.5010541407554967,0.2147545716115629,0.5045826097689946,0.8087423356393605,0.1346965673387738,-0.3016434675859989,0.3377993711559711,0.4404570506348907,-0.6666977414904466,-0.4742401697537211,0.1866081407036807,0.2605932459318621,-0.6005913728382825,0.2398954146817272,0.2058941337528712,0.579192111160182,0.7839244328527792,0.0259021433311822,-0.2388902318393892,0.1083360475523468,0.3548690646498427,-0.2460788428413072,-0.122795869196741,0.2094102111979717,-0.1052920931032436,-0.0182535337367753,-0.1226016816915694,0.4577419994164183,5.518748891551727
Na,Na0-6Mn3(PO4)4,Mn3(PO4)4,Na6Mn3(PO4)4,mp-aaabnsdu,-7.055317463775213,2.82209349464514,-1.2760392775656633,0.7496053689066297,-4.019670463475521,-3.0840959989546386,1.2021249371422154,-0.41014724217912,0.185298677326672,-1.9634725701238125,2.528866002255697,-2.1499757851112173,-2.4921525135575884,0.5821856202387367,1.9668410589042336,0.0290905286180585,0.3693654211071827,-0.0057523791379513,-0.883803565474079,2.47430194736276,0.6732821412093191,2.0232236734574376,0.1858755702363126,1.7571091952610784,1.4440408019013078,-0.83432282522458,1.2228240434909403,1.0785571444419666,-0.1410619903895974,0.4825231898857127,-0.082997043204185,0.4888808714472952,-0.0111669461999802,0.4749062294301764,-1.3745901626094814,-1.1363566880625422,-0.6929179090226305,0.345715046279313,1.2284145550303125,0.1964649810234051,-0.957344589051524,1.3414436297423744,0.2636719916059207,-0.3785726739996479,0.9386898346785963,-0.0133531819439975,0.659217195314135,0.5905231059227426,0.1326678126499726,0.3068547031771214,-0.4206028711370326,-0.091742423258525,0.2027138461398539,0.0886228580853328,0.4779999964061097,0.6370203394300344,-0.0107943192526167,-0.0300535144034894,0.2862381355974966,0.2391051088009587,-0.3551816143102895,-0.0275974680746018,0.1576651694551855,-0.0664249800809258,-0.2533148453297499,0.2370562378888766,-0.0088883092609763,0.2539059580663514,0.9017645669939564,-0.0838935404410679,-0.0827616551644273,0.211850719768035,0.2005778794574941,-0.0175325734707173,0.1841277996705162,0.122450222127771,-0.2104473812373784,-0.028742471042205,0.2387495738399745,0.5491191300709366,3.469875774885057
Na,Na0-1Mn(PO3)3,Mn(PO3)3,NaMn(PO3)3,mp-aaaablir,-7.24052783528643,2.857924525178005,-2.6885937088129026,1.4991056751466565,-4.79475224187822,-1.595248324057005,1.4791753878655856,0.128377853029339,0.0033886309790933,-2.891498249807684,2.087097287236963,-1.6575509613485384,-2.998855297730737,0.3461968879519863,1.481842984445642,0.2913923650936555,0.3009120422295365,0.1191406692855302,-1.5226334923839586,2.2822217606596915,-0.8760745439756353,2.2890366829687587,-1.9061925063361915,-0.0120912529679749,1.3219529840672712,0.8791205892856597,2.111299113749882,0.2204998926406418,-0.4723532889880547,-0.6708123705375402,-0.8103369371135785,0.3803000939333296,0.3201216528623041,1.046999003751647,-0.2477285786573642,-0.7374595132993149,-0.6039354194435687,1.1909485894937335,0.5749330266261872,0.7726453335929574,-0.3884041311757156,0.7521354810703065,0.4252837855213512,-0.2996561165522397,0.7572530659254775,-0.2233130414985273,1.017507597662945,1.1290580006633155,0.2173801866868622,0.2050229959839673,-0.0585512080417109,-0.2147262691764057,0.4564840017084093,0.1589270065682441,0.3665046558453824,0.581326949229645,0.2401120797178055,-0.2420032276361065,0.1676312679715993,0.310828314195516,-0.4985774891771907,-0.35090841071914,0.1101286452736504,0.1801721430915636,-0.582758800260153,0.1679309595284807,0.1682988290341654,0.5960072099329091,0.406883291413066,0.094104646729719,-0.4361998397278694,0.1007866289301333,0.1716539667660657,-0.3069815318371255,-0.1760055009087095,0.008388706191976,-0.0446387967351637,-0.048048411777476,-0.1291720707120205,0.2036560236701523,3.951715941551714
Na,Na0-1Mn(SiO3)2,Mn(SiO3)2,NaMn(SiO3)2,mp-aaacnakn,-4.367006367460394,2.6655152675787748,-1.8108451256301348,-0.3604533267947161,-1.6398734368208894,-0.8173962798828817,0.741751324049657,-0.1594309194989503,1.4805526597154692,-1.9472567792371585,-0.5220219270620188,-4.826745354749338,-1.6006617363937157,1.69321371162591,-0.1457361004715787,1.340150444575091,1.4238938810815458,1.7277979846102571,-0.879682322545826,0.8180196989956412,-1.5096687255310326,0.602294755451062,-0.7381123948382073,1.5454290164094475,0.3027479534410003,-0.4783300843855535,-0.1347799150522453,-1.120239881566216,-0.5905259635145363,1.2944356948779867,-0.449466691975476,-0.1773730622629538,0.1756060782190855,0.6943720004664179,-1.881841152260192,-2.847543836356349,-1.228585813383834,-0.8106948911111249,0.3725542052102896,-0.2931274592871727,2.1137923129994185,0.8531792006677409,0.163971696707985,-0.3241738731588945,0.3361725409732876,-0.1771187104458335,-0.311484916752478,0.6431542998513515,0.252328196364336,-0.4484975693165834,0.6977688745848873,-0.3618985567311164,-0.2608900357807608,-0.1739635804194793,0.3620580478468342,0.5160931776434785,0.3476114775641059,-0.0678301922639961,-0.2477732796145289,0.1101023294753749,-0.5941548959625335,-0.1323842217879102,-0.2860669006584487,0.2678915803554326,-0.9241015042880268,-0.1293293620163801,0.57189866564396,0.3070055157643314,0.1993694768256898,0.209498250990272,-0.5196277213219385,0.1918618373894916,0.3063263945850399,0.0030333612292058,0.1469784194482141,-0.6703442402374534,0.1423722409478408,-0.2633213024898464,0.1997819553147826,0.1457059468813901,3.820904876551725
Na,Na0-1MoO2,MoO2,NaMoO2,mp-aaabornn,6.186468053555377,-0.226589444002414,-2.400858279750937,-2.125788792521034,-0.4655706719357452,-7.253876497217758,-0.0342464474532165,-1.813163984911562,4.2866784580190895,2.5874371386664694,-1.3034503591524946,-3.555531670727744,-2.8153204390186928,0.3831593792169301,2.9796517640513795,-0.6373995629595015,-0.5335752264447391,1.2696899794334402,-1.9851350580209888,2.13452541489122,0.4284349502580225,2.3024120283342384,0.6330116914073451,2.4365027711867646,-2.4170188743066108,0.1690364976127694,1.0409503414357593,-0.1357929517006002,0.1312024668289838,1.653831591826557,0.3971590703621225,-0.6024387795177913,-0.5365080198906867,-0.1460097548844589,-1.8508570773295627,-2.987622721232013,1.0798568985177537,0.4895567412305022,0.0314559750276608,-0.7476279827359446,0.1674408872857547,1.4558414799385586,0.0009804788681383,0.5034273230514748,-0.7167861888319487,-0.3010804991024556,1.0956223177264783,0.6968294356387537,0.1120710700258668,0.08522670833669,-0.6004825049030691,0.9496737755210974,-0.4963870497461014,-0.0003421420431703,-0.1742942631268919,-0.1306901645281926,-0.1355877994098045,-0.4159037519420829,-0.2002991500052147,0.3332698825234404,-0.4324291807695947,0.0217479104077672,0.0225804088542986,0.2318853327119488,0.4562322508458418,0.1745168260603368,0.0544149799687325,0.1984184663689692,0.4645153642684371,0.0584831350220782,0.3453815672384481,-0.2433754578692085,-0.7425553312584651,0.2846257774379038,0.1089603723345284,0.1069099025937671,-0.1843211140773999,0.1153294830084143,-0.0565217442878302,-0.0639906125668875,2.137050486551722
Na,Na0-1ReO3,ReO3,NaReO3,mp-aaaaaahi,18.21162970502588,-0.5375446821626583,-5.006636629015952,-2.019186848152445,-4.931628175942082,-9.585958831681882,-0.9216609814632498,-1.4286904222136976,2.328019484212867,2.754309918476514,3.065320452398697,-3.126233427953549,-0.584060601065111,0.1638613668917105,6.334433982796443,0.3791541176984415,-0.9459082849888084,2.1048550373874177,2.263173815438679,0.3069329706232939,-0.5641374005461527,-1.2775992692227145,-1.2090944252384237,-1.6556992847128436,1.0816628438512788,-1.5217625284982412,-1.2195610065651916,-0.609391512526687,2.49070674088472,-0.6658646395018043,-1.420658408906637,0.2915922491739268,-0.0406918993097714,3.534328879930374,-1.6219962547715614,-2.8666084395591955,0.9648898428584664,0.6696340195687002,1.6167887776022751,-1.3349227207066945,0.7452051408092637,0.9303375793937806,0.3841743463387336,-0.3629078851249402,-1.9551304464165244,1.6154803990131634,1.4319063221937298,0.7357427996112977,-0.15203344095301,0.9324969909714352,-1.2031143784097849,-1.774306612696948,-0.1610120263299686,-0.086882415787071,-1.6605940659891043,0.6156242225522285,0.8022463255028667,-1.0263359734964548,0.4573298110651573,0.6629738404994494,-0.2135794421039285,-0.2740570018655916,-0.6635827800519497,-0.3136509209043163,-0.4731329965612001,0.6585341174038076,0.3989456059636482,0.3856419219286271,0.1945229634218304,-0.2997057240259423,0.0252404232984947,0.0775260468028317,-0.5606720633505975,-0.7922334193434557,-0.4969982418362481,0.0150411285414821,-0.0565869332684991,0.0380433336310751,-0.0416825472850566,0.1228679025439911,1.844006056551724
Na,Na0-1SbO3,SbO3,NaSbO3,mp-aaackxkz,-6.40401874181571,-2.3542124126594963,0.3268949575732603,8.13173367492145,-6.343829393659233,-3.378034558960591,-2.4337079095726475,-0.3047959636223198,2.8916123467412462,0.8205109238467411,-0.7524175500547401,-0.4207276061631463,-2.8437446516903,3.219690279374697,2.210877041576577,3.662294474911742,0.5496568861722073,0.0462134461311185,-0.6224582110108751,0.8987898149850618,-0.3516804179763104,0.1921736619635694,0.6240258277358529,2.131051894380545,-1.9935702680723848,0.3406192404465211,-0.1821444100913891,-0.6709200703410123,-0.7429090853184137,1.3886094969006322,0.4693200362851658,-0.3818251213960992,-0.6383519559328742,-0.3273373193621988,-0.8129631708706498,-1.9949659473511896,0.2790879730648634,-0.1907016271979982,1.2678017434159787,-1.3668039848424651,-0.8859953213138613,1.5049187487699889,0.3878413538522477,-1.2602771932225276,0.9732469092317608,-0.1490807941372673,0.3049013044738192,0.3040349675053133,-0.3283869821030832,0.8292278417834765,-0.0804924122569373,-0.6347561535224718,0.4697503534254134,-0.8399774421612399,-1.0154222767877226,1.0967302210887886,0.3191084855401448,-0.1191714182681337,0.2539106026626018,-0.4122097209838223,-0.246012031817174,-0.0959311095738083,0.2282226909549177,-0.2264530977953018,0.4070068153828547,-0.3037888449258124,0.186493485462638,0.4205602694657864,-0.1007497934986791,-0.1825689993604043,0.1413412387401972,0.4970675906497384,-0.0602764947957167,0.078240375535502,-0.0412844705484026,0.2670638048167064,-0.129161576785452,-0.0633761587550937,0.2973655359113994,0.3145274124493013,4.817621269051724
Na,Na0-1SbO3,SbO3,NaSbO3,mp-aaabpicj,-6.435019025703162,-2.8777702813278028,0.5101644619271007,8.09370276478292,-6.165226048366734,-3.761089373581549,-2.072052510378447,-0.4973541651071129,3.028909272596489,0.7513707553365667,-0.4253773586796418,-0.5310437251035323,-2.697093517543318,3.1987484657144813,2.345834957740549,3.9056907655646,0.1298611590194288,0.5790642255212165,-0.3594268365559295,0.7354684950580461,1.7211155185135767,-0.8581074108918764,-1.7406414837588546,0.7766008934687736,-2.327422753079298,1.0220607804382775,-1.569652816535783,-0.6804529831863784,-1.0129267558803277,1.1998296009494915,-0.5812399301569905,-0.0948632188710197,-1.0362106404399634,1.9300356610350144,-1.271836362240196,-1.4825453867826532,0.2592128417500338,-0.066328925353692,1.3157733886858496,-1.564228402596934,-1.761181332319714,1.0108374878090969,0.428936380456627,-0.7770079013076304,0.2664137335271425,-0.4439257598699399,0.301332102952566,0.3376986104237197,-0.2208139751595111,1.2404801782408907,0.3878754109737077,-0.8580089200706326,0.2956162017974845,-1.0698376628466857,-0.916774773680172,1.013352767026739,0.3017159681831802,-0.2072654954531928,0.2995846609945402,-0.2587473011711385,-0.2632949036156731,-0.2744569145153665,0.1256743815289856,-0.1258850874536133,0.3145382984504074,-0.231900984325607,0.1507158429385641,0.2267272740213231,-0.0557749836809906,-0.2757600917382351,0.1557057427144618,0.4294596127122891,-0.0169007513148481,0.0255699936156866,-0.0684629446773413,0.1810565766879288,-0.1189149323292246,-0.0372949729173123,0.4097129673491947,0.3459880230917748,4.701569966551723
Na,Na0-1SbWO7,SbWO7,NaSbWO7,mp-aaacrjyp,17.111792009740036,1.590151916135648,1.3756230374556069,-3.298719005247305,-8.105810504776342,-0.6493752232592629,-2.044208173905539,-1.6395852373593125,-0.4659610136683313,-1.5366158936246956,1.0769726766029444,-1.222564898267963,-5.854599197674171,2.29421492388041,0.4025753049851699,3.384259211811126,1.8420461865160909,-1.046878940636652,-2.363707184238896,-1.2840896213737751,1.5103631058766565,0.8520511422764359,-0.5732710472287993,0.0416699779299516,0.9498865788672086,2.4505443636357325,0.993642324361958,-1.210203737201737,-1.2444541485588332,-0.2571497069720411,-0.7112158806982632,-0.6159183097805718,0.327407825961033,1.0944448968177027,0.4282953667760808,-1.6643216443734137,-0.2497968687078042,1.057198921310578,0.055757698574627,0.3612802442327884,-0.0407721555811229,0.9925331280791114,0.4225261688944117,-0.0008538680158826,0.4626549930675283,0.7047919189297046,1.3130705117092512,0.1163519822661406,-0.3012338249592025,0.2833339130081075,-0.0974561612795083,-0.2919644670301776,-0.0414960382207703,-0.1005734915283574,-0.8680166223503908,0.3346203998828976,0.1132435182197191,0.2707405400370151,-0.117458990826339,-0.5747096684820687,0.0803998217186671,0.2077639840991495,0.3369519383034967,-0.0551428674610234,-0.1082732783969216,0.1900915089931819,-0.1316766291675932,0.3089710977592221,-0.24131773706955,-0.2342165984681623,-0.4128887874455971,0.3046458642655199,-0.3654028191581912,-0.2003771337100537,-0.509088775799025,-0.3010674637773377,-0.0691442418942345,-0.3515909273345459,-0.1116658629934793,0.1911239651213974,5.208760591551719
Na,Na0-1Ti(SiO3)2,Ti(SiO3)2,NaTi(SiO3)2,mp-aaaablld,-4.194186340896315,1.645271216411703,-1.7146516150647086,-0.4308728943265607,-0.052651240344597,-1.038779458608645,0.1051349408132956,-1.3729596553800183,3.692514915693785,-2.2662236085837404,-5.019141063062872,-2.138135733540791,-1.190521579438938,2.386497407003322,-0.4147191166263306,3.088516579774834,0.527623862992424,1.0732733444927638,-0.2640754977240121,0.5800384935638822,-1.327749824645124,0.1374649335927829,0.2589845990362552,0.4276643566319703,0.4371932860710207,-0.3377419356376271,-0.7053848160095475,-0.575546318250352,-1.6026269169550782,1.4371226114237423,0.823481571986714,-0.6766590945251013,-0.1474579552367425,0.7712186244963926,-0.8131405412571013,-3.242844337228385,0.3327556258961377,0.6593353237826454,0.6111047406721707,0.4318177255273195,0.8223995508337818,1.4649956405394673,-0.152132560149179,-0.3767205800135191,0.0224688289151239,-0.2513495051688945,0.5169605944403132,-0.064453342968206,-0.1990089767319569,0.175751268038846,0.0197774008095565,-0.074037930055382,-0.2098583843744021,0.2960629235614638,-0.1224413221302629,0.1974637335736317,-0.1111764394542036,-0.1770690774228336,-0.0730984654192301,0.2472680062085573,-0.0561254873966077,0.1257943306209034,-0.1447057056257077,0.1591212196365873,-0.0551128367965407,0.6258148256563115,0.1137935474133975,0.2692218849529808,-0.3390206045941338,0.0346425175639974,-0.1540467641391806,0.1713479335550936,0.3301206502239594,0.2184146415503636,0.2148198394737378,-0.2193410110615944,0.0932101199835012,-0.2826963686082305,0.0154876876041877,-0.2185179698708288,1.283247486551733
Na,Na0-1V(SiO3)2,V(SiO3)2,NaV(SiO3)2,mp-aaacuatj,-2.943350702611004,2.2173033750365514,-2.147273670589027,-1.3929340332326203,-0.4883839670610559,-0.9758708451381192,0.4050107929057405,-1.0455607626325354,3.3429090063434868,-2.2678937089652464,-3.7117414870684944,-2.855904201552473,-1.2768234003374497,1.7505407096911612,-0.7781939366139534,2.2551251650839594,0.7055229761716004,0.990328252473327,-0.3797304028850456,0.1917275960263408,-1.3145525622878895,0.0022190507484512,-1.0709789196329,-0.157253544174596,1.744454910250501,1.754600492601862,-0.493224542764636,0.1206917636854498,0.3253070973740965,1.330793015859444,0.9886583586887316,-0.198663243951759,-0.1362464981192862,0.5756660356851223,-1.6662547776445542,-3.0534116376844738,0.2254699701396316,-0.1834516082731153,0.6557276182371577,0.1071573588936736,1.2906634741656702,1.2171418623279306,-0.2036061961804372,-0.5185953068063157,-0.1194544897379838,-0.0052584171249803,0.2643284105040008,-0.0877603551399608,0.077676156544986,0.2378251597210727,0.1548727806963639,0.0989743760393193,-0.2250313519453772,-0.3193074788505907,0.0277890954602346,0.3758666246421012,0.016822324068766,0.1107944443260713,0.2216690194454973,0.3682750381630499,-0.1098919935280467,-0.3807250868344928,0.1140324011615041,0.091238785694789,-0.1900248379887631,0.4086242965197976,-0.0287788834841298,0.1760560595656098,-0.2734336129366964,0.0317123318117654,-0.2973372542273043,0.1413046366646287,0.2914284310056604,0.2098091372464527,0.2567953918898678,-0.1774988724468287,0.0752541938689244,-0.3003978193955021,0.0802847713409976,-0.2454502768819243,3.032066876551727
Na,Na0-0.5SnO2,SnO2,Na(SnO2)2,mp-aaadbtbi,-6.156236350379626,-3.785267076500859,1.909628933968418,9.094785177309214,-5.507979685644479,-1.9648112318194209,-2.670497419488986,-0.8925644049787831,4.156187131516674,1.1591103410528307,-0.4427533592380971,-2.0495848434312025,-1.9743778571967745,2.8178254715393987,3.442164736312475,1.9341266369842625,-0.6165159444162123,-1.0321920554467054,0.4697363770608606,-0.8500611994841725,1.0585535138616566,-0.4430890311029443,-1.7474118159246674,-0.344325697400202,-1.2109560935546473,0.758669891059187,-2.543082605317803,0.1823789354578499,-1.2962718869315255,0.7078203098643283,-0.9320821759448042,-0.8455697157923989,-0.6134094105673016,2.379069305879811,-0.5033223752340754,-2.2800611125330623,0.8423285662850949,0.497447246345447,0.8603174141925695,-0.2827884042171099,-1.862623821573555,0.8056390366952422,1.344437053733761,-1.525301136862618,-0.1805996471881982,0.6940476736241077,0.8832306606450956,-0.6391939537710903,-0.4898586500694386,1.2091545335132166,-0.1309568266781305,-1.6729174498580173,0.5852551193209444,0.5630864051276415,0.2819553552962843,0.922786261503178,0.4387511417599158,-0.2067787207609603,-0.853939037564353,0.3182722969899764,-0.1089098780090775,0.6823599055522281,-0.4298593227216197,0.3286783288988321,0.085231433113131,0.2292981356271506,0.0758018050075611,0.2894515533270802,-0.038287496263442,0.063216726154203,-0.1397272006406895,0.0512366874508853,0.1543165913064741,-0.018840470140552,0.0542588134836912,0.2697154854220611,-0.3955517762993533,-0.0142584040600853,0.1349060972567866,0.0067418311786171,2.060051621551725
Na,Na0-1TaWO7,TaWO7,NaTaWO7,mp-aaacrhof,18.89264616280248,0.2449819102209801,-1.2784251780133886,-2.4056915913313386,-4.069298921072054,-4.952742083448525,-1.781602170807947,-1.7824919120073484,1.3945876544347957,1.45617625687478,0.8105745375601308,-1.005992481527725,-3.635981564010095,3.539458692884928,2.496195722529872,2.4890248186239528,1.125032321093025,0.2783666686697357,-2.269844625203965,-0.0990594760591389,-0.7063898236185676,1.2730095184200232,-0.5401422842465516,-0.7872350876777874,1.021139458259669,1.5033509161542076,0.679373212236595,-1.203678197087195,-0.3654237129508353,-0.6287522648949284,0.0785712605635616,-0.263967541942169,-0.2904667456487417,1.6440748780501144,0.9189394626433752,-1.785405525097439,0.215689810176292,2.2205783077942853,0.4914233607011536,0.8737203465743913,0.6052070029846077,1.4838551048175312,0.6427291630138617,0.1118462015152053,-0.0062912395411549,0.8117270296024786,0.1961063181886928,0.6321757329399689,-0.0975105539061349,0.7943807604642487,-0.221055738406767,-0.7401086803705017,-0.2604916256220542,-0.2956570828625133,-1.5428585187330246,0.2076660983950728,0.3762872812562046,-0.3805199688829473,-0.3640019654405211,-0.4768618210177728,-0.3967680519285744,-0.374023947853024,0.3140252864410243,-0.0359055838587935,-1.165748025113691,0.0993110669184234,0.4131993962717821,0.0265071300128118,-0.0023025951109785,-0.2154412914435782,-0.5772224923178847,0.5163441364766325,0.1733440486977431,-0.0635826908326697,-0.3141286143082741,0.0873755823458465,0.0138320194998957,-0.1694035473252348,0.0594063668755303,0.2381450478194786,4.762122656551728
Na,Na0-0.5TiO2,TiO2,NaTi2O4,mp-aaabrbid,-3.913583409784834,0.9851550308906132,-1.2187379891261576,-0.6345185774079871,1.5858841946842157,-4.987384752922455,0.7215679166747595,-1.2029970024021035,3.129632152897848,0.0093523466738184,-4.352704713119499,0.2270130971153253,-1.7674856624842623,2.286099368385842,2.355019031618065,2.759290392223025,-0.6295958128060918,-0.4275666824116829,-1.8386277869728973,0.8785264640590571,-0.1957323624457078,0.8468796048392991,-0.4250787151818138,-0.184345637039205,0.6084442202687378,1.3183472335466242,1.5226268888910743,-0.4798964949630787,-1.624259008651767,0.1325743546554315,0.3385456592600022,-0.0097409590141791,-0.4103298058447274,0.8961795756738453,-0.4494062079934536,-1.891107487466264,0.1711336021905157,1.2520241894829305,0.7285273008844151,0.099978789938702,-0.2571021790222885,0.8775065830233009,-0.2421212228874446,-0.6871553974318327,0.4985467633693636,-0.4560666339043034,0.8158662939316621,0.3472529557859402,-0.5800740270830913,0.2698072830897737,-0.4387018043149796,-0.1331661945893496,-0.5266574256670835,0.1024390806144887,-0.1999041292943457,-0.1209551306817303,0.2684370684251868,-0.0567767740626893,-0.3221396148722529,-0.1324491859391976,-0.081771400742975,0.146894534218627,0.0728265944155951,0.1016711822766721,-0.0515030285815429,0.4757012115853828,0.1882667605971305,0.3377346360394822,-0.1964989569479744,-0.0876046250868449,-0.0610231525563776,0.2664734583522439,0.0454403402576976,-0.2696723206679513,0.0385745358695365,-0.0057316206929633,-0.0914895235629404,0.0133149658655402,-0.055126371736199,-0.0957288549062266,1.411667026551722
Na,Na0-0.31TiO2,TiO2,Na5Ti16O32,mp-aaabwisj,-3.736251231813052,0.9529542204470646,-1.614626186632358,-0.3670190457753954,1.6875697359642066,-4.619902838054643,0.8795214376743392,-0.94615263199151,3.0759404358822766,-0.0662227091243264,-4.543176179755627,0.3009620818145323,-1.762085485265921,2.197867711895747,2.1425589692625,2.639107295350694,-0.5405705026466354,-0.6093684587706609,-2.0634557352692653,0.6691018419529356,-0.845669075634452,0.8465353288162368,-0.8093159667413247,-0.3663753887569446,0.5060724882854296,1.2411447447341628,1.2468848175377711,-0.5261909878418557,-1.8043364851648556,0.0836717455082011,0.2803623144025788,-0.0189230346268975,-0.375238303898811,0.9563969464957752,-0.2838912739596194,-1.7717589999274517,0.1230451509639296,1.346812062936252,0.5662310924030735,0.3540602618272566,-0.1814850142385958,0.6269183630267318,-0.2278344885598464,-0.7597558243124433,0.4983630700295767,-0.5330223770852281,0.8384987588418316,0.3903786731021984,-0.5775395914618491,0.2920830957810335,-0.334712785562796,-0.1564360630517224,-0.5175704265256637,0.0337990595780412,-0.1276015459643268,-0.1523837134333436,0.3792589412007639,0.0360793917879518,-0.3781887770628196,-0.1744825020918363,-0.1489850240621706,0.0854491719005608,0.0839500919859472,0.067705770604927,-0.160392162215808,0.4153406946170949,0.233681831149459,0.4391155930335211,-0.4134770089155857,-0.0752142090133563,-0.2530545933009686,0.3036162706463272,0.2328383988011922,-0.3101305462403201,0.1128172352182584,-0.0255746559421454,-0.0729728903084713,-0.0842314496111515,0.0453735252996738,-0.1095983051676582,1.716855328551723
Na,Na2-3Ti6O13,Na2Ti6O13,Na3Ti6O13,mp-aaaaaibp,-3.5838342357248902,3.564902361336748,4.814089223270723,-2.695516611572516,2.6780292457040056,-1.3860804040657984,0.2592835112314307,-1.0682299693807162,0.7077082216389021,-0.412105423320199,-3.574061609814601,-0.5102904017122548,-4.4946607226092805,3.04016612485983,2.2624708534442304,3.429169754511971,-1.1068765989293516,-0.581395040071317,-2.1837626862655624,0.4954806014671913,-2.002630907975949,0.4943823664275146,0.3431677981226225,0.1226716446074169,-1.2535438779192365,-0.9493763674997572,-0.0736502738742198,1.2299205180858734,-1.959218795052542,0.8657458957501577,0.2182938877172721,-0.2274839470912395,0.0894971226519812,-0.0864869069712523,-0.3919042655584626,-0.3407466186356888,-0.4028436902298513,0.1336138894478518,-0.502539471233627,0.3362752373988703,-0.7575000640582759,-0.0664150304540051,-0.512018212346172,-0.8431572379907905,-0.2424861057382388,0.3086020775079131,-0.426884194937926,-0.0403288455563625,-0.0609746559528669,1.305619553304022,-0.7773625487708122,-0.5872721976608448,0.1642269665426381,0.7703440635665811,0.3423991610202233,-0.0304570913314694,0.2245825524050149,-0.0625918356545977,-0.2566594797498253,0.0602919211841957,-0.3099665499564622,0.1294662511371392,-1.081278201953186,0.222045562324351,0.0204692139331576,-0.4482030158283805,0.622583960597,0.010531523245778,-0.5897141244292746,0.1626933850271617,-0.7441677483230741,-0.0613593841686322,0.1050303181282514,-0.4284351342996682,-0.1431650303148332,-0.0572637760793616,0.1048783986374378,-0.2542925271566356,0.2088789796783885,0.0554143839009483,0.440480346551712
Na,Na2-2.17Ti4O9,Na2Ti4O9,Na13Ti24O54,mp-aaabwizm,-3.746171759311794,3.7566769226114975,5.339766468148123,-2.881325808200849,2.8858237092146237,-1.2217858561338413,0.1360975835851324,-1.0990222633216042,0.524466593027496,-0.2269298068574222,-3.413950952838252,-0.5139255368039441,-4.609604648022958,2.9151383131344035,2.299404560029898,3.4931470142087218,-1.2569377625688878,-0.8119053550108787,-2.200627911642992,0.6165652842597343,-2.1326137843679938,0.0191628820780281,-0.5783357769158111,-0.9724162822912248,-0.9697937851684711,1.3383878657607662,-0.1709410684084506,2.018606451729524,-0.6794974261846013,1.18130515999667,0.912884966482358,-0.1250406992137117,-0.0743307805139857,-0.4849753287817375,-1.027086495206064,-0.0971053966581234,-0.3128946171293293,0.0764716853901975,-0.6631079898337802,0.4673315418136061,-0.79479540665076,-0.3542201357949514,-0.2727391949207605,-1.1632425678287324,-0.4738255553613595,0.2317853249790019,-0.4021176329054169,-0.0531102310468402,-0.1073320359463271,1.275880655969363,-0.7063405795200588,-0.7346070256340972,0.2795673443404209,0.5837190507351785,0.126109538903874,0.0397296725898088,0.3153054744796968,0.0940189662978616,-0.2660585279830114,0.1777721714954204,-0.0917295426844725,0.1872677323525659,-1.0818593427317322,0.145391410523627,-0.0022531023261955,-0.5472432920702796,0.5564770596888492,-0.0133972799724704,-0.5526718481749278,0.2731448895760013,-0.6328625359191686,-0.0689307957094259,0.0362406827232955,-0.3225718775992303,-0.2053176859710661,-0.0986030498038703,0.093158220957087,-0.1642660617256548,0.2860143854403412,0.0235559003883567,1.537548586551742
Na,Na0-1TiO2,TiO2,NaTiO2,mp-aaaablqf,-4.359036014452358,0.7419430125743058,-0.4254810539246499,-1.1583087175277982,1.41195636973219,-5.6990932729208605,0.5888422565367263,-1.666158334794911,3.123439726939305,0.2409940045161767,-3.8459510063412568,0.1391457060779395,-1.6814852731772163,2.469418984128549,2.657299827910093,2.994717941455649,-0.7032261757964436,-0.1610599055873679,-1.527369915837552,0.940958716971647,2.525290302667698,0.4322722020522586,-1.2028336175061836,-0.5267993132417639,0.3518576256419008,-0.7978463368936466,0.6220019854933516,-0.0140285822660313,-0.6841431648615404,0.5904615336976959,1.7778255967240717,0.0903610767556297,-1.0306344455751668,-0.6257446639526217,-1.1676394172249127,-2.6865330171760364,0.0879710140438926,0.7919981407402228,1.1409669347119906,0.0192915028087352,-0.4357610817328008,1.275378211474071,-0.1094190530092039,-0.5442430732349687,0.6111460123988223,-0.1590117680218635,0.5471361971430374,0.1576237792083839,-0.2422292652243304,0.3439074754750312,-0.5500450159323516,0.1676377414654539,-0.454981018548597,0.2570981814851642,-0.0931364953705285,-0.2361148776268102,0.1367457341130072,-0.2719033321808959,-0.159548072777838,-0.1145448649700584,-0.1438579516570817,0.2739436726826751,0.2351300886148639,0.1498758634008692,0.1533351631103705,0.5513260492091641,0.100200150832481,0.1830330635873086,0.2000904490544672,-0.131056667883974,0.2292740260826204,0.2131171949213396,-0.2287432855562488,-0.2385923064210749,-0.0396207500888939,0.0152316793281117,-0.136130345956568,0.1438199387960328,-0.1732028819690657,0.0240610417440031,1.103220296551726
Na,Na4-7Ti11O24,Na4Ti11O24,Na7Ti11O24,mp-aaabsgvt,-3.726263413550947,3.59274497137002,5.142537957655863,-2.861207392358753,2.6680096770349366,-1.5457832278556516,0.1531567544592788,-1.2225989082734243,0.6969229169777447,-0.3598383539042196,-3.449368934104198,-0.548929455643887,-4.528335918017135,3.0799996378955763,2.419957201570256,3.4741015577975176,-1.1589456458411869,-0.5204399464325841,-2.0595436642617666,0.654757058637328,-1.6595028949762567,0.4477087877130769,0.5932964058832272,0.2301907611717054,-1.2120033750538526,-0.8951505970029325,0.0895518279189195,1.2358849439993458,-1.8494211775262035,0.901719412198308,0.2525948305978977,-0.2274429992525274,0.0635977171897769,-0.1484400818503552,-0.5010821111343464,-0.3727705277430486,-0.3672494145378259,0.0862904407688706,-0.4481237260797179,0.2416482334209559,-0.7924829550692529,0.0064177948833169,-0.4613568602754838,-0.8568185993449866,-0.2535293267375376,0.3554636145326932,-0.4230345411290934,-0.0941009826270221,-0.0518741187955451,1.292461818074787,-0.802022995541425,-0.5780049711120262,0.1791829865241644,0.8025741560798406,0.3023926352581584,-0.0213381893119258,0.1842111322976828,-0.1201913318404386,-0.2243517027320056,0.0840486793401564,-0.2685254975026472,0.1747023750182207,-1.061953477444043,0.2174538487196101,0.082923696790505,-0.4265339356676213,0.5788156794192489,-0.0383707991552976,-0.461704094226503,0.1660092268872561,-0.6140195409951257,-0.0649527758661438,0.016459425864808,-0.37604563028515,-0.1787825779363344,-0.0507176277808219,0.0968215802566187,-0.2004516113580446,0.1819314969037434,0.0663824179378955,1.9657263565517111
Na,Na0-1TiO2,TiO2,NaTiO2,mp-aaaabljq,-4.370621917106507,0.4808826439525504,-0.3029227826841075,-1.170804860323449,1.5623390419318182,-5.950954708002659,0.6332669784795902,-1.7942620008843508,3.2652363204036585,0.0195174511637653,-3.660971537235798,0.031030517011988,-1.812414898150309,2.3552224353120232,2.5764973339477084,2.946672496568752,-0.9786014614129692,0.328424948197971,-1.193679356039416,1.0615943446187786,2.655674260651462,-0.092921573847311,-0.9333119540978262,-0.0241925810294798,0.2951311704063339,0.2106561809902019,-0.7984328264230877,0.284911000041925,-1.1690276615131288,1.0066016101317905,0.0926178400623601,0.3439660773755843,-1.1288476980899111,2.772706927270811,-1.7893108219875602,-1.7592216640107663,0.4090715372621294,0.9385663884179118,1.248059489490639,-0.4871750335195492,-1.4344049707685982,0.7703933956462626,-0.1351076306683503,-0.1729923270238057,-0.0735586506243235,-0.5935095292912052,0.6668077013422242,0.1344981021848357,-0.3317593710525721,0.6971662693826292,-0.0164285873892276,-0.2229489822149446,-0.7171307031012106,0.1297877629628738,-0.0843421945299073,-0.2425441456463416,0.07861440451252,-0.389008646830249,-0.2202381920643656,0.087518316509167,-0.1203750870962914,0.0768283117096733,0.1517532712029014,0.1879570622141884,0.1066552513973709,0.7006592966714079,0.1204634769591909,-0.0043364194629652,0.2601478994983285,-0.2491929448576748,0.2611244108019345,0.1960475437653244,-0.1337254516478803,-0.2005186989843321,-0.0176351155034056,-0.0034908847207941,-0.1064796895314216,0.1595608683771214,-0.101406220430686,-0.0055271029237311,1.043654076551721
Na,Na0-0.42TiO2,TiO2,Na5Ti12O24,mp-aaaaanov,-3.833592825598298,0.9798601028743472,-1.3843635332249116,-0.5274838517178336,1.622686977112383,-4.835517544713705,0.7879103255368786,-1.097836124715334,3.108982646920215,-0.0224721070901962,-4.431372061763987,0.2560427411343392,-1.766007440188056,2.25215516991257,2.267462039763353,2.7153024220659745,-0.5982293691411925,-0.4974882497829527,-1.934446428449992,0.7912490360578787,-0.4688469142811623,0.8521590476344844,-0.5879564452879283,-0.2613305912466103,0.5684499352862659,1.2863664154574284,1.4080337306656256,-0.498073262942195,-1.703268985915556,0.1128039102569927,0.3117438648125189,-0.0142562729496188,-0.3933214607686385,0.9198835271872784,-0.3828325137418665,-1.843335982839419,0.1557285496907988,1.292431581769737,0.6654340880062539,0.204747064525052,-0.2264685908147052,0.7749789825156429,-0.2367089291705577,-0.7170849390143832,0.4951503874316507,-0.4875848684948398,0.8272351424406377,0.369323361324349,-0.5772045744003227,0.2764205150797422,-0.4002286854295847,-0.1450621475250429,-0.5233814531283545,0.0690069241200532,-0.1785690592767721,-0.1295197828549854,0.3115316199331896,-0.0116707639664675,-0.3432352987985831,-0.1455090007563614,-0.1011006567478669,0.1228669029679778,0.0676653943180541,0.0926668973460272,-0.0987279299269986,0.45168236558894,0.2071123086194692,0.3778829277537494,-0.2871358305839592,-0.0811673173637447,-0.1392398494389516,0.2793458482912754,0.1140746991639883,-0.2895534795789705,0.0627908749602185,-0.0157315249351816,-0.0853810276169187,-0.0230316381564789,-0.0161041288939116,-0.1036437193564575,0.960170120551726
Na,Na0-1Ti8O13,Ti8O13,NaTi8O13,mp-aaabqvxd,-3.442926873138631,0.3539521876192428,-1.701759877107481,-0.3498991095187445,2.261532101868128,-4.491733552823746,1.2749858111686985,-0.5595757663930443,2.9044220666749707,0.2882662217845887,-4.683297199872035,0.1871331011723434,-1.3369740861840684,2.1600717869348243,1.9801938200256413,2.361267178979647,-0.3438511990691405,-1.026479121512439,-2.5160678083663424,0.0103824700958792,-0.2537311185444587,0.3710227164561578,-2.70217477246956,-1.0597060814413506,0.0917420262696748,-0.994354449836669,-0.456600433637755,-0.2412972356151999,-1.6513305689781317,0.4730307957293463,1.5772279096209347,0.1048861634027861,-0.9676136693976028,-0.571344184636221,-0.6432478424217443,-2.261976186323205,-0.0985568107050098,1.037936755553016,0.4912188410254356,1.047994388120705,-0.2964464547709846,0.1490340555337269,-0.078521262219756,-1.0680030465953023,0.6891771745076817,-0.5311950080775438,0.6806921927897609,0.2096458779127812,-0.2650893121186959,0.3434149405639465,-0.1518479136166788,0.111947119801301,-0.5754367287643612,0.0331820035033014,0.2395083298532482,-0.3390326991036037,0.5364975491766708,0.1035371153030678,-0.3422512319521951,-0.2793287250652547,-0.4218342328946121,0.0331240928489859,0.137089734789174,0.0077727802647321,-0.1558023656507973,0.3304001169012535,0.4182458908752368,0.60355269511008,-0.6520456035096236,-0.0607975900849192,-0.5084146422895534,0.3126069283066502,0.5365274160573231,-0.3750493572167583,0.303546128224344,0.0313084213089281,-0.051168522977438,-0.206174304498068,0.2043960875810066,-0.0712791242771296,0.998536216551716
Na,Na4-5Ti3O8,Na4Ti3O8,Na5Ti3O8,mp-aaabqyio,-4.967404546782616,3.5110193030574552,7.722527173261092,-3.6692127046414473,3.228491500264759,-1.7815759072507815,-0.0954760863692909,-2.099061723435526,0.200291741829921,0.0434701035121775,-2.572118699956202,-0.481432275805893,-4.680629464167997,3.020630464261084,3.879921662095792,3.604627994902815,-1.6737022404799555,-0.664382159819681,-1.806975819866951,1.7710151567907613,1.399374211394811,-1.025079407491152,-1.1360299036473438,-1.3916528013835383,-1.4349467098716076,-1.0169748351260484,0.6809945174235594,0.3619121967378861,-1.1842056946895023,0.6564494927346288,1.0552652212201556,-0.3537314243630295,-0.3569336870515647,-1.759018075620716,-0.9902787769702768,-0.5552900914089949,-0.3275071280177875,0.2625889475280623,-0.6841714801551312,1.1282015565422563,-0.6546424735143468,-0.8362817964076218,0.8355978930141598,-1.6121181016740906,-0.7510048057643611,0.6925981367163883,-0.028061237849646,-0.5017583271219223,0.469375705755464,1.3040198037471762,-0.3493063818405129,-0.5240856039883174,0.6362422924339688,0.5202734970986027,-0.0371330776073659,-0.1510164917979485,0.3680769917915913,-0.3623783438306069,0.0740372863309171,0.2315834505797132,0.1061573464907302,0.4190363655977197,-0.7779454241662955,0.2793289167162178,0.1254910126106063,-0.4852861237637648,0.0335410587940153,-0.1492901194366364,0.1237855917989503,0.1995232181392326,0.2156360039684564,0.0212088238627877,-0.2565064610694887,0.0669914727289802,-0.3471754784704264,-0.2030623591116696,0.0971894645265953,0.04218663504569,0.4224556118837654,0.037531143552312,0.79549412655172
Na,Na0-2V3O7,V3O7,Na2V3O7,mp-aaabrmjb,-2.46864864553851,1.566825912698829,-2.362938907817569,-1.5485088993077858,1.1861473527108448,-5.540552426958053,1.2418361290912925,-0.9810352314377784,2.904321840799038,0.1418823609711504,-2.5484988488061564,-0.805149357236469,-1.7049523153069703,2.0712663115686576,2.159170241157569,2.4261827843033563,-0.3048088514706072,0.3338624541609412,-2.04182741051707,0.3890776724101557,1.3268083209440509,0.853328111258136,-2.1161169277687257,-0.4687983062212768,1.086441870548752,-1.180872410057687,0.3069161825412032,-0.1198131077017991,0.0865579983043087,-0.0954394662693405,0.92844779525796,0.2745671576956096,-0.5287095454419571,-0.4131293560756244,-1.0363906755457375,-2.5262881609525767,-0.0179748526299554,0.6151335874672585,1.0335753177892593,0.0632806128224646,0.5772784216302831,0.9309889591851775,0.1865195773272616,-0.1043218017313066,0.4714043419341313,0.3163536226775302,0.4313896560312087,0.3082161354587457,0.4679866196753085,0.566390867152747,-0.3534934527068937,0.3813299437347932,-0.4039263450842067,-0.5650245681833851,-0.2814387825084226,0.0163548645544595,0.3631228726382473,0.0569818285889751,0.3295377751476319,0.3139163505384456,-0.0484724273514029,-0.1279920965543882,0.1296145638049629,0.1590843199875398,-0.1050064755045631,0.304902504335279,-0.2253903587483376,0.2713778601514303,-0.0294811612011155,-0.1489993981471675,2.693918496891706e-05,0.1768856244071751,-0.2757773053805661,-0.2879982241284307,-0.1443828375418058,-0.187414764236971,-0.1212919984563016,-0.0275670078650685,-0.0275156777171237,0.0606243636291115,3.227863313218396
Na,Na0-0.2VO2,VO2,NaV5O10,mp-aaabwirn,-1.908694804664678,1.4598457378241223,-3.161825474579278,-1.1042071465593997,1.9110866180360384,-4.767874439611326,1.286740137343526,-0.1738533828336307,2.7390779978086908,0.2192837836252366,-3.0838087098130966,-0.8653406659377179,-1.6876334659883412,1.6953255415631487,1.4226943648626331,1.8091364334674287,0.0579280618480382,-0.3532878569974882,-2.555610867536155,-0.0065035463099774,-2.3215023374467982,0.9760240793924948,-1.3998515875897444,0.0224730171163865,1.5235784983135228,1.300289709221695,-0.5576604665427097,0.9060201959819626,0.5861016378406729,0.7097169594953114,0.9230447674056108,0.401412960840092,-0.362379295556243,0.493432298678914,-1.3938269155178882,-1.7882384926849986,0.0823093249300179,0.6141844583917233,0.6176610754376857,0.2658680237509438,0.4720515094852112,0.2821129515994539,0.0088144003539512,-0.5596951478611291,0.4911169324697454,-0.2031948498593994,0.518584266965871,0.2532727399067794,0.1337521619124049,0.6440212303157232,-0.0015192495359286,0.1576767151674444,-0.4926482493013158,-0.5898959374753604,-0.133029704232042,-0.0348628287588526,0.5770977110679312,0.2259554147856505,0.0426578482736459,0.2256101266379691,-0.1345059239906268,-0.2904275382555352,0.3006278595763887,-0.1072856132858962,-0.1915003972896682,0.2114129900571106,0.0181633660447555,0.5322403325013249,-0.5180859844485919,-0.1427761242009471,-0.5036459120133138,0.2862660835948787,0.3761871319777585,-0.2170234379964574,0.2103019193099118,-0.0710106039733583,-0.0140217430304293,-0.3267624477892442,0.1400906629733427,-0.0598774989927713,2.143013756551727
Na,Na0-1V2O5,V2O5,NaV2O5,mp-aaabseea,-2.366662304892008,1.7810884028353666,-2.8393532011346183,-1.177861270738666,1.1874711715176856,-5.10766173647852,1.1691852932250828,-0.7870227222456129,2.937556517108808,-0.1355605776952332,-2.826320961154712,-0.6882870182599448,-1.897663545896435,1.9289264829753037,2.027057477542961,2.297118148791465,-0.2503335568778196,0.2341044211453335,-2.072964435362195,0.5806413089843441,-0.6381532746323667,1.2190311850469662,-0.9206893285253812,0.0061938690214907,1.3704395440386905,0.9776893620388004,1.4698936031539258,-0.5417288457059838,-0.5272789089869303,-0.5323146721927151,-0.4252555843271156,0.169042507273052,0.0597438205652968,1.1318794061101425,-0.4121345878369392,-1.8319297580339904,0.0453191040925834,1.000430565996974,0.7171550389789251,-0.1022311797060276,0.7484028529402365,0.8053800996830092,0.0417563623017311,-0.093445106069745,0.3820504209595186,0.1143232859165975,0.6538629105002268,0.4227889643599858,0.128717388044736,0.5455161920379373,-0.2654241360212433,0.1260652678670918,-0.4133728166354457,-0.5868233140254905,-0.344987212351613,0.0725612464483341,0.4357563847162813,0.0558583160231938,0.1931875015093043,0.267448221558267,-0.0374110022134997,-0.2228074818489758,0.1735589622061085,0.0923246692583343,-0.2211072397739581,0.2684078577662757,-0.2367652658044087,0.3490190563762407,-0.1990552759786487,-0.1638068454539437,-0.1243850524936906,0.2456638508258858,-0.0548212652826391,-0.2498084782773032,-0.0819941694989575,-0.1938622082950374,-0.066192175331618,-0.1309961141681627,0.0116778269949691,-0.0192165081631431,2.7115321290517223
Na,Na0-1V2O5,V2O5,NaV2O5,mp-aaaablkh,-2.3666035422995835,1.7842715675240983,-2.840226049157088,-1.1776833750683708,1.186746665964884,-5.105666247071438,1.1666841667936636,-0.7860235125384687,2.93697140981801,-0.1354593933352791,-2.82771032855774,-0.6878907447168496,-1.899227608501642,1.9284563356627105,2.0251643985408454,2.295577963541314,-0.2487582760518573,0.2314514896213485,-2.073664024689017,0.5820583790873471,-0.652570782645405,1.2237632048684204,-0.9051900393743072,0.0131392974481946,1.372935688517811,0.983955016799908,1.4738411994502518,-0.5384239393406979,-0.5244048455343507,-0.5334574744630601,-0.4225474069310697,0.1701360347815624,0.0574368618602555,1.125432938926595,-0.4143283661003464,-1.8336878232181069,0.0465432822963,1.000098506276491,0.7160804846446162,-0.1026620009201771,0.7511128908038369,0.8076129179136138,0.0410836973518474,-0.0955188377673622,0.3839597909996137,0.1145091460209051,0.6543299109008645,0.4226917391505436,0.1279394901026722,0.5442005622719502,-0.2670305937208208,0.1259819321919412,-0.4131955389572503,-0.5859090104582197,-0.3452901949493072,0.0733920162229945,0.4356005678628879,0.0558504536401834,0.1926471799854323,0.267123676997223,-0.0372218981582372,-0.2224428389235965,0.1740155709052007,0.0912238929538157,-0.2207834844127006,0.268235761682667,-0.236233805904971,0.349166510762075,-0.1991196565261074,-0.1633375657465283,-0.1242120874077755,0.2463512707901968,-0.0543384221509298,-0.2489207101400074,-0.0816297032518108,-0.1933614994344829,-0.0656977052866599,-0.1309102520309932,0.0113980908300954,-0.019485453098334,3.266735261551719
Na,Na1-4V3O8,NaV3O8,Na4V3O8,mp-aaabqvwm,-2.706652222357578,4.516248018863163,5.068485674346506,-4.202461886119519,1.9322861409082184,-2.074230397862471,0.3646546781791777,-1.1393412618698655,0.3719974543620788,-0.5074789992498111,-1.783528214561578,-1.3004061440022163,-4.70644514912814,2.6617744835907144,2.2084160661452024,2.9490513995653025,-0.9367287342585764,0.081757250911025,-1.5766563850862956,0.7567386220605169,-0.4135974577142863,0.6638876409511716,0.7282481819255362,1.083622395866321,-0.3542599596471698,-1.1274581243043251,0.9069838884552688,1.5911874933172456,-0.531923435499807,0.26200732011861,-0.4414061074113869,0.0669769006473811,0.4061573098877207,-0.0599238937345515,-0.8388957696217529,-0.51165299156711,-0.5306278206174486,-0.6747772434186119,0.0041237125765688,-0.7100704508501188,-0.2647698393279632,0.5648256377661479,-0.753116962313086,-0.3641469831290903,-0.3493656498870142,1.0824350804745175,-0.6231148176465902,-0.1628158474494596,0.3563475927579848,1.6078310514989638,-0.8627681658220663,-0.1523080957310874,0.220106893640644,0.5195621843870212,0.4738960140640416,0.2129824950063686,-0.0569424277193236,-0.2565687887836923,0.2323641747328726,0.2432681755662038,-0.3082930739337455,-0.1685570266121129,-0.6420651687015638,0.1914584568115994,0.3020256625828659,-0.4519212567716533,0.242954876238664,-0.2632345346836086,0.0144151350929535,0.0788207315574601,-0.4307738299193171,-0.0880689993134939,-0.1346544641873957,-0.1814916385972474,-0.1637183599179138,-0.0775633863061811,0.125887192248582,-0.1460766309747144,0.1112668642155688,0.2450919397240781,1.968013509885058
Na,Na0-1.5V12O29,V12O29,Na3V24O58,mp-aaabrznn,-2.029339445585118,1.5750477562677296,-3.7378777798196663,-0.5515546849514962,1.5651227915542272,-4.187407425368139,1.399923426485973,-0.0971555847410442,2.696590812493915,-0.3211152622818521,-3.223637684433392,-0.5597117260339102,-2.044161758551009,1.678925939786066,1.2806672193581432,1.725953577920852,0.2095538043863352,-0.276117273130626,-2.6657205087411064,0.0298172546780331,-2.645975489746744,1.312715719350248,-0.6693592386099292,0.7859875719842683,0.9700987062087812,-1.1016287474679571,-0.6677293151102948,-0.0019318094413924,-0.5862654399099212,0.3462534537775838,0.171433835474804,0.2138828570251323,-0.1307894196801237,0.9853177373261602,-0.5976678710905251,-1.7354697997290345,0.0275102137436552,0.9415498777747604,0.4954117780447223,0.57968017422459,0.7612021255843954,0.1313661221077146,0.1326974876045066,-0.393508694448048,0.575884296756224,-0.1095056454272919,0.6190683253320529,0.2847419668089823,0.26310404289569,0.708233070446525,0.1691163876648716,0.2259425607309486,-0.3525571946211274,-0.5945596436364103,0.0492498052899673,-0.1632108993174851,0.6887253294796968,0.135137745166283,0.0148671556814041,0.0891967671580528,-0.305815146547572,-0.3348890121034008,0.5310684552654296,-0.1187528795278228,-0.4019757056077211,0.1894205557083084,-0.1083635526046442,0.6413574469784521,-0.6724518653497413,-0.2158777150947748,-0.6499006009762565,0.4373858432998742,0.6418146326853438,-0.2167172526788998,0.2891004963441177,-0.1471751199583478,-0.0038545879281286,-0.5247298190217524,0.2767891695530946,0.0241527965658117,3.771439953218384
Na,Na0-0.33VO2,VO2,NaV3O6,mp-aaacurrw,-2.0222651913453182,1.5653951828554644,-2.8045964198267623,-1.3900830866422809,1.7495546823034065,-5.111349544381191,1.1458305984758532,-0.4201089277463287,2.8027994039403468,0.2811876217098585,-2.91878416861255,-0.9194832886309184,-1.6918031783568823,1.781843287598684,1.6071438101614102,1.9537991007335884,-0.0651974613101286,-0.1641411022368525,-2.3586858197199803,0.1880024878971169,-1.7336405405709212,1.0103866016920535,-1.070089992813001,0.1809000772195969,1.6366683941894649,1.365606964550984,-0.2881530587045683,0.9681941257959034,0.7249565358682183,0.7525582282209212,0.9443384773739196,0.4002421534563405,-0.3746956362188491,0.4271151477036679,-1.5645378991047556,-1.908628719373626,0.1805004872128794,0.5326640269228999,0.8007265760628741,0.0245206341228756,0.3917200495842449,0.5206248635372717,0.0013680459416607,-0.4894275763961882,0.4504957597509983,-0.1117711125230887,0.5009258047846684,0.2582073109386179,0.1488528919117001,0.5909509983690672,-0.1421456304102471,0.1475006210521575,-0.5225712376991919,-0.5629924173726619,-0.2862377028515925,0.0380179895466721,0.4713364900602994,0.2104241481868242,0.1062968503690812,0.3178156808370052,-0.0251653519537708,-0.2313859980480095,0.1784058252208983,-0.0272198147859208,-0.1079096883296897,0.2648447374910341,-0.0109618860842245,0.4217061559800094,-0.3363689103574718,-0.1306421861848713,-0.3114708984386303,0.2168546366051655,0.0855533076325438,-0.2268230325352107,0.067159660147697,-0.080687818036821,-0.0433295993394445,-0.1750077841397496,0.0256778120068184,-0.0791766353501838,1.838578626551737
Na,Na0-0.6VO2,VO2,Na3V5O10,mp-aaaczmim,-2.2679661286137995,1.578621016705905,-2.2600256835538226,-1.7108389385957947,1.5120069405773844,-5.588030132328862,0.9779403852801924,-0.8389741202650141,2.88918257680625,0.2243420829275016,-2.7259765972624224,-0.9789969084106532,-1.7436412756624204,1.990924820363684,2.060065510074068,2.017348169075916,-0.1376379645510396,0.203730155166554,-2.0529018669623493,0.5897326209014473,-0.7375037666454657,1.2866456094973204,0.44667418943597,1.50199812769472,1.4441767037103914,-0.798054919543849,0.242543802027031,0.1351147199105297,-0.3049066352173139,0.5596111731416173,0.294289926869937,0.2636781568469055,-0.2553922567083847,0.624383336410288,-1.2628623625522426,-2.1688079926668227,0.2894835460469982,0.5258497257870856,1.0788804476412428,-0.2284248971511381,0.3367400777184114,0.8252055634090986,0.0588375031314614,-0.3273066387277549,0.548467060557768,0.1124338657374131,0.5519279856912473,0.142344059846763,0.2769054589514316,0.5413213321032447,-0.2414248478521471,0.2675064454210207,-0.5737552976006987,-0.3799268863346327,-0.3188444985285394,0.0281854584319045,0.3149662260850198,0.0012095601252981,0.2169114446006585,0.3438461462700098,-0.0301671491060908,-0.1466231336597344,0.1255873050704933,0.0788549726516479,0.041150618082904,0.3990325102488418,-0.0873595887872089,0.3107983689855277,-0.0532073243010696,-0.1741961333195562,-0.0130084660076929,0.1938612721782099,-0.2242025244787155,-0.1978972295439056,-0.0624517025360562,-0.0766545067716556,-0.0697793392244141,-0.0463470169506202,-0.0965806190423475,-0.0566930008960531,2.822687252662833
Na,Na0-0.5VO2,VO2,NaV2O4,mp-aaaborqm,-2.1367400152410103,1.3067211454140748,-2.3494080621359066,-1.509815943018617,1.7658384171198198,-5.559681806847461,1.311044586619011,-0.7664623195278565,2.960018329535366,0.2951671280626966,-2.715608349150383,-0.9263931161898205,-1.3672471912042898,1.9912310518507907,2.10526168760472,2.187010682229741,-0.2007410843739245,0.2749633704700825,-2.074776671660726,0.4009261671237809,0.1969694149870533,0.8743535073137224,-1.74475589552542,0.123737753626631,2.011969265263269,-0.4828283952229585,0.7045626686266548,0.0711752297636174,0.4108924562669088,3.358345644349734,-1.3277117463367236,-0.0359096744519769,-0.2330456400774387,0.4818096566742088,0.0747582411385762,-1.5620926651192033,0.1507826384425999,1.1544791495123,0.6515171652186641,-0.3340025120851196,0.4758548928613783,0.5640463893572571,-0.4200486213803975,-0.2693613900503013,0.7962905782237925,0.2397570850539669,0.7117920751507218,0.1654324360189594,-0.0093427221527222,0.8434452678782415,-0.1930062658650798,0.143587877302222,-0.4620042423865863,-0.5451126586580147,-0.446700773269121,-0.012025240529555,0.3224660301188728,-0.0166577823272873,0.1253463177703598,0.1438074828261519,0.0111173262250919,-0.1904280557261332,0.0550209792306733,0.0774223814175188,-0.094422350603318,0.3574019521069022,-0.1212262642692769,0.3470024282051916,-0.1542242719051878,-0.1493820063741021,-0.0932469051688408,0.2352033952325647,-0.124590452635032,-0.2819553790415969,-0.0062355371726725,-0.1371597667915523,-0.0647663663201475,-0.0777433449327092,-0.03156327003307,-0.0429017007607324,2.902853686551726
Na,Na0-1.29V2O5,V2O5,Na9V14O35,mp-aaabvhrx,-2.4816600593589127,1.9275109112159288,-2.591077895448201,-1.3912223526274985,1.0169775888233408,-5.249946344383249,0.939832883213151,-0.8965820529921917,2.907441185487559,-0.1369646462837746,-2.708001666841046,-0.7137871122034416,-2.088184178800818,1.957112637102576,1.8513815903301591,2.173931977564954,-0.1616285860141366,0.3061354216740902,-1.9918765551878288,0.6577469492373582,-0.6910645207057916,1.4193074519337334,0.4202024920093921,1.2790639333732614,1.3045320198735229,-0.9085347162795498,0.2130413252010402,0.1963093035653675,-0.1024327679391658,0.4791612358857215,0.2708579535273991,0.2250254544583272,-0.1978040030011182,0.7999543942005665,-1.1303622807054738,-2.0628122470296524,0.3292780774518828,0.7104643967291239,1.0680521713244222,-0.1960942543149362,0.5188095648216515,0.902148986547264,0.1454968691238753,-0.1756826364613077,0.4623296008158832,0.1872907141075529,0.5662241043299691,0.3123018898705278,0.2787691235767748,0.5037190618111825,-0.2823296315824381,0.1847338361965523,-0.4496059930917177,-0.5186899296594384,-0.3889412169495895,0.1133892245018235,0.3447459067550766,0.0610737561218258,0.222520991468093,0.3663461550362369,0.000463615244393,-0.1596006836278271,0.1553690317509458,0.1087056605209382,-0.1330639726896559,0.3634297354244117,-0.1999424812115857,0.286376337817642,-0.0458811560443914,-0.1754479846675568,-0.0100923531896514,0.2452509818295768,-0.1926756437628838,-0.2119154974792041,-0.1077662965632636,-0.1469710563384625,-0.1115976831850099,-0.053264994184258,-0.0437336293037699,0.0153449794804206,3.211356015440613
Na,Na0-1V2O5,V2O5,NaV2O5,mp-aaaablin,-2.366681892422816,1.7800273479391229,-2.839062251793795,-1.177920569295431,1.1877126733686196,-5.108326899614214,1.170019002035556,-0.7873557921479943,2.937751552872408,-0.1355943058152179,-2.8258578386870363,-0.6884191094409765,-1.8971421916946996,1.929083198746168,2.027688503876999,2.297631543874849,-0.2508586504864737,0.2349887316533286,-2.072731238919921,0.5801689522833431,-0.6333474386280206,1.2174538451064814,-0.9258557582424056,0.0038787262125894,1.3696074958789832,0.9756008104517644,1.4685777377218172,-0.5428304811610792,-0.5282369301377902,-0.5319337381026003,-0.4261583101257975,0.1686779981035486,0.0605128068003106,1.1340282285046583,-0.4114033284158035,-1.831343736305952,0.0449110446913445,1.0005412525704684,0.717513223757028,-0.1020875726346445,0.7474995069857031,0.8046358269394742,0.0419805839516923,-0.0927538621705392,0.3814139642794869,0.1142613325484949,0.6537072437000142,0.4228213727631332,0.1289766873587573,0.5459547352932664,-0.2648886501213841,0.1260930464254752,-0.4134319091948442,-0.5871280818812474,-0.3448862181523816,0.0722843231901139,0.4358083236674125,0.0558609368175306,0.1933676086839283,0.267556403078615,-0.0374740368985873,-0.2229290294907689,0.1734067593064111,0.0926915946931738,-0.2212151582277106,0.2684652231274786,-0.2369424191042213,0.348969904914296,-0.1990338157961625,-0.1639632720230822,-0.124442707522329,0.2454347108377821,-0.0549822129932089,-0.2501044009897351,-0.0821156582480064,-0.1940291112485555,-0.0663569986799374,-0.1310247348805525,0.0117710723832604,-0.0191268598514128,2.995272471551725
Na,Na0-1.25V9O22,V9O22,Na5V36O88,mp-aaabwiuf,-2.0428448911438144,1.6161955411187086,-3.714735113138578,-0.5822279389540035,1.5090120430478704,-4.21399543821606,1.3780740216844607,-0.1323152696835223,2.7067156560468533,-0.3349583097782586,-3.2003246164341057,-0.5526189659904691,-2.063609344745066,1.6901591776597469,1.293681057979064,1.7615112486985636,0.1851538994652015,-0.2399641259339848,-2.6430530138999067,0.0588473199594006,-2.5825276372095423,1.3336254574972586,-0.6286133649911885,0.7953862766957355,0.9828733526743672,-1.096198478562287,-0.6340860227053609,0.0134677193140306,-0.5622898710495866,0.3471685129841012,0.1676933134491443,0.2091838527233966,-0.1236366988528106,0.981021455391946,-0.6165443306824379,-1.752913370760392,0.0500900614704449,0.9395095279396332,0.5229464804518534,0.5498183684268642,0.7609731899028951,0.1693093702342217,0.1320291522681049,-0.3737242572068969,0.5604713436015021,-0.091699212552721,0.6200465742604064,0.2995561373482704,0.2713977049594983,0.6991391596851176,0.1430163914239907,0.2163854941469698,-0.3497624200599327,-0.6021805029890129,0.0115195501379576,-0.146855909976506,0.6750360103150177,0.1443326454035843,0.0258770332959082,0.1093660301609593,-0.2792070964142232,-0.3273772973007602,0.504792856334191,-0.0970539469211827,-0.40402201985627,0.1948522044564442,-0.1181794531374832,0.6240046158519968,-0.6535141317519624,-0.2142244028310041,-0.6246168713653205,0.426096971088555,0.5877808004706596,-0.2276373072136005,0.2531987393074691,-0.1575076746567094,-0.0094614259199605,-0.4972196081455922,0.2573438375820974,0.0159870519363735,3.442116998551731
Na,Na0-2V6O13,V6O13,Na2V6O13,mp-aaabxnli,-2.062035455966708,1.6493155175674876,-2.9694925978135776,-1.217545788721789,1.5046688206375605,-4.94299862020654,1.1922025998567307,-0.4899569204805437,2.8162290056150736,-0.0174071976736506,-2.9630255618965267,-0.8071377212705233,-1.86781147225708,1.8678551143274351,1.7029338074408196,1.9280347700037173,-0.0303920567184207,0.0151059320536548,-2.3762109142753256,0.3077306673139114,-1.6865505420599034,1.3501134541382311,-0.1342470584261512,1.1517652688394224,1.2532254664166746,-0.9428842983721788,-0.1953660400819787,0.0835222442937627,-0.5010568314540794,0.4636965876806439,0.1963063737804927,0.2316796768007992,-0.1651042879194192,0.7741928342818951,-0.9750138895629088,-1.9844553169587784,0.2126100309227013,0.7219879681871002,0.8477179066457019,0.1507695837285313,0.5203360235279076,0.5044378195120578,0.0847173847346368,-0.3617312923592555,0.5207193697547163,0.0142604696097444,0.5999778045531341,0.25113452659613,0.2931675958276278,0.5951153142293714,-0.0992566961978902,0.2191073127815912,-0.4846753625449833,-0.5329271481085192,-0.2403091372242875,-0.0115494808081095,0.4683158774632164,0.1403725570295371,0.1457485795195809,0.2758796356179374,-0.0736902725908412,-0.2243935231049686,0.1946643998505609,0.0414077670300823,-0.1853846173388947,0.3085316287387588,-0.0920037715342771,0.4503086788580491,-0.3606967481507536,-0.1796721208641332,-0.3002589053231696,0.2793317665071076,0.0853359325604639,-0.2481388571949449,0.0295392835075632,-0.1298472627893534,-0.0532618933284204,-0.218492463103188,0.0557641762446,-0.0505412368195248,2.545130256551719
Na,Na0-1VO2,VO2,NaVO2,mp-aaaborpw,-2.653903865342715,1.4938115723400245,-1.6445309360820246,-2.0469909714703896,1.4154973630196344,-6.112022241388651,0.7264542279386317,-1.2019268037486128,2.937727394286864,0.3263859159295759,-2.478420521360074,-1.0244272571683857,-1.7417303795464572,2.068463008775606,2.347909957421992,2.1001146308548493,-0.1784143742583491,0.37916774001651,-1.6705005560040966,0.9197977882063434,0.3168530148307277,1.179471848849433,1.057325944796233,1.7820749102299418,1.5433759557587077,-0.6979278830593019,0.6684847340448027,0.1798018394158422,0.038750031488774,0.6271716970739794,0.4271925534517473,0.2830430797228695,-0.353248527384608,0.5718409616256531,-1.4699602035786044,-2.307951559802342,0.3116907042035128,0.3728833070010295,1.243408136971166,-0.5876345328338467,0.2261551305358368,1.161165944074117,0.0578125798644066,-0.220528346120575,0.5952661359759994,0.2257323876210921,0.4830975823512906,0.026110157796322,0.2444387349562038,0.535722758634595,-0.3161477852681155,0.3279128997881754,-0.5981731692373394,-0.1869630403771892,-0.2831156585467421,0.0005700828895175,0.2158385662348443,-0.2309631183247723,0.243267208885205,0.3445471296266815,-0.1075775525377052,-0.1012499387090624,0.2537047821070492,0.0636364775270576,0.2360078414224547,0.4674688983238834,-0.1244844035190016,0.1870555756471464,0.2589011881456795,-0.1964335543168496,0.2430130162987306,0.162306943874245,-0.402488334597622,-0.1213585773814408,-0.0843255840383764,-0.0300538259123774,-0.070968976517162,0.0571446807318581,-0.207070683455835,-0.0208172190143919,2.356136071551724
Na,Na0-0.5VO2,VO2,NaV2O4,mp-aaadehdd,-2.164467211798968,1.5719412212094006,-2.4531000220330723,-1.594506255030912,1.5596877475500348,-5.420221492117925,1.0568196681172275,-0.7207438860710934,2.867828357902189,0.1897486705881002,-2.80449811167627,-0.9588801277236508,-1.7412191781950483,1.959758921728733,1.9704092821081485,1.9791127187239488,-0.1104865379233506,0.1386247620971109,-2.16863160829125,0.4854447171662958,-1.046046515341216,1.297774898561168,0.2395966798160269,1.4060423848822114,1.4011852741501398,-0.838242746205822,0.1001070974248917,0.111116835966803,-0.4048962828598273,0.539397437899264,0.2576407901706884,0.2567116468863091,-0.2271210789062959,0.6550666451497497,-1.1869959227299418,-2.11984005812146,0.2672264519458943,0.5708691182304517,1.0132882877901137,-0.1095722609723502,0.3708023699951934,0.7108737642359628,0.0584057776062983,-0.3564641875508815,0.5418676093038012,0.0730111760306617,0.5691992683529645,0.1661545966385469,0.2852136904390307,0.5563926169906112,-0.198423463901634,0.256013096581037,-0.5627032240976237,-0.4245304604313211,-0.3004567561761457,0.0172120605871123,0.3557533964479574,0.051935798283183,0.2001616732456254,0.3285795202631432,-0.0337237314071318,-0.1685259123982087,0.1211411028158302,0.0727104446363624,-0.0157182027185968,0.3754445674099414,-0.0750752985006221,0.3560964321625415,-0.1534748982505076,-0.1737132300699065,-0.1020623215110773,0.2106792533670347,-0.141129199142695,-0.2178631858796719,-0.0381025136321014,-0.0875975838183182,-0.0633767231560262,-0.092674433400406,-0.0560031371228284,-0.0655705152315815,2.914199829051721
Na,Na0-1V6O11,V6O11,NaV6O11,mp-aaabwisn,-1.807272228143348,1.09889585222128,-3.1135489428051706,-1.0459609458313557,2.1987770270360154,-4.871358609570885,1.5308004278460805,-0.1990974487123801,2.797134473387404,0.2577387063871949,-3.2004821952036355,-0.9697227989896232,-1.3909999782015234,1.815894720589944,1.94281469241078,1.7980546682160568,0.0113357996818199,-0.2894287418553882,-2.573128335697409,0.0593004768906242,-1.902827092142864,0.9816363353879776,-1.6339125784853747,-0.0338668616262287,1.3391722244349786,0.9767893169322548,0.9440108897179252,-0.757690155620342,-1.1449036663609842,-0.5012624398176321,-0.4516017179794777,0.2290420174265556,0.0137259343517749,1.030494232498636,-0.2523483741998442,-1.7090166362356307,-0.1916625195833418,0.9243337699736984,0.3739901866500506,0.352930408994824,0.6436381444582194,0.1939545392318516,-0.0527659564594443,-0.4637707056046389,0.5697881341585355,-0.1786480629401081,0.6865248063569298,0.2024730221697065,0.0981023816306305,0.670810991736542,0.0569620237256024,0.2414953372045377,-0.5448552770846484,-0.4860790132888018,0.0375794405464596,-0.1408182965720093,0.5894148744380423,0.0375290579498207,0.0834455774318168,0.0723017436967157,-0.2748111810694399,-0.3273145538805077,0.301970799547726,-0.089451944868976,-0.1579817929593009,0.2155129821125674,-0.0078990936881127,0.6051254698137741,-0.5728635356492479,-0.1825413531627387,-0.5030604970437759,0.3080184054170946,0.4890295563031472,-0.219128050226713,0.2604702008161522,-0.0672347415104152,0.0384290860234237,-0.4073069828993496,0.1769282364015375,-0.0796827692544635,2.784205116551735
Na,Na0-0.5VO2,VO2,NaV2O4,mp-aaacptgr,-2.185640667791669,1.4362585563248311,-2.4327637900318617,-1.5345299074378194,1.6723950036328683,-5.510653025607697,1.1901819047190412,-0.7723203166598885,2.932931250770859,0.2487456594564963,-2.819160525684256,-0.9704210288280416,-1.5435633504320194,1.9800041103476915,2.2716830594962434,2.1554561622781256,-0.2413244214493798,0.1550559291275914,-2.090363165346391,0.5401153511496674,-0.5457715993500163,1.0772293046062091,-0.8547364087772958,0.2498141733537796,1.5219065668218483,1.0890845901584354,1.5427484971559653,-0.6006941538218041,-0.7109305456957773,-0.4407280772954785,-0.3934352659924054,0.2122023215253259,-0.0069376794489506,0.9553223041799042,-0.5707018451450883,-1.9412931527915456,0.0125066692275644,0.8032872623719389,0.7573161152034329,-0.1755879835889488,0.5449528446868973,0.7625998263624659,-0.0376443523486793,-0.2396992064061565,0.4666522496311758,0.0514353821678933,0.634973434166504,0.2494335081459584,0.1196195997931624,0.5672735225377008,-0.245656300352645,0.2084586485051325,-0.5489163777517873,-0.4451069769949078,-0.282271190052188,0.0081473455173349,0.385259717886717,-0.0134368558432913,0.2003224422494134,0.2544260568504935,-0.0620639149475684,-0.2012277717086505,0.124776631577013,0.0657558850795196,-0.0266782386507301,0.31520474930971,-0.125963333921828,0.3549843563368129,-0.1642203023333944,-0.1616353719767076,-0.0902694646964159,0.189281079700043,-0.1071300843592598,-0.2256455322282775,-0.0380653573630647,-0.1141434670325363,-0.0330875937733956,-0.1052760350715999,-0.0460031880265028,-0.080415878628333,2.492623141551722
Na,Na0-0.67V2O5,V2O5,Na2V6O15,mp-aaaablhn,-2.190594765266991,1.8523100517400477,-3.2259440054254918,-1.0002252549384714,1.189541882771433,-4.690823096386506,1.16996587725968,-0.5052892767012127,2.815069588781986,-0.2729071833871282,-2.95824959234652,-0.6193076542594369,-2.099424527082196,1.83083127576552,1.550388582291054,2.0204436663175915,-0.0327352285420726,0.0715134762973709,-2.360602944912121,0.3429396688593943,-1.72864211595045,1.4326380423831624,-0.1715640901842292,0.9979510585573492,1.1548734237941871,-1.0138404549501692,-0.2381829570466634,0.1204236027360918,-0.3700440934737948,0.4052249774907863,0.1779163635518073,0.2008012012380756,-0.1205510631010753,0.8912713595830319,-0.8716973211659318,-1.924441645582347,0.2312669532201617,0.8434094327791951,0.8180723501830995,0.1931279854659738,0.6519628716130597,0.5352698918367941,0.1296100782862145,-0.2580551219638323,0.4690095257189499,0.0570543045937033,0.6097134937260413,0.353958152678779,0.3054653990098786,0.5930952246089006,-0.1009958609740207,0.1719726949341055,-0.3925495343607266,-0.6082332977580656,-0.2747094337580152,0.011050601537207,0.5046589010488316,0.1686285645739115,0.1391442114805184,0.2800102915744664,-0.0682956097714005,-0.2402505836179101,0.2485623558681943,0.0593550403761766,-0.3076710747679776,0.2769938032246018,-0.1659036359686582,0.4482256279901062,-0.384064854685726,-0.1866091977403962,-0.3234262709790036,0.3126071792679802,0.1113028326765497,-0.266710653264285,-0.0052211118058815,-0.1849040678218862,-0.0677232746531638,-0.2369422403732958,0.0813126698011814,-0.0195037693497195,3.211569766551733
Na,Na0.77-0.85WO3,Na10(WO3)13,Na11(WO3)13,mp-aaabrpjd,19.609502273823136,3.673721295365003,8.162712543024444,-7.029700859533108,-3.7137180795996256,-0.3738785995852862,-2.415354175035427,-1.7516467325056948,-2.7691958304523,0.8233355317496539,1.5525636227460171,-1.7130197537899334,-7.230761001009336,2.4434908244867963,2.43004263364659,3.202911574478513,0.1429192320021886,-1.989614297608359,-2.495342821246833,-0.4374726242971026,-1.53838421815134,-0.359691954120901,-0.8003192628125271,-0.7333644276050283,0.5261774273570646,2.350293163278295,-0.6774134843169187,1.746988584050856,-1.8862566313621456,1.297968013182728,-0.1505034022209908,-0.3015864732108685,0.6933540913226667,-0.9913321306795078,-1.0008536985093448,-0.4319687998847702,-1.7080064573475455,-0.5712347195373474,-0.2312281610586184,0.626307195614133,-0.8539449270988667,0.1838580242323452,-0.5713931096656195,-0.6361217281201775,-0.2374446335442399,0.0302814458554629,-0.7802326856554203,0.3391859039130159,0.337502764817297,1.4697281973143317,-0.3662276833405999,-0.6356953700385478,0.4802199592131284,0.422136921470166,-0.1622479252804371,0.0449174644712505,0.2401905269489739,0.7688870094409523,0.0701131875071639,0.6110726676627647,0.5448760565808349,0.1900876251908966,-0.6419637369888981,0.3957019306913508,-0.3305164465697437,-0.1873589525060968,-0.3881281780216754,0.1368982251783332,0.1366654318107513,0.0588671396247097,-0.0837069120855893,0.3211849572032502,-0.6138891182321075,-0.3487824635041319,-0.6027978708389303,-0.4050124987370869,-0.1465186486477828,-0.0364038718287516,0.6872078582252001,0.2406842901711503,2.559243976551783
Na,Na0-0.75WO3,WO3,Na3(WO3)4,mp-aaaabctv,19.45362959610765,-1.4316575773480793,-5.498434401497499,-2.337553613964884,-3.908926727528791,-8.631015249396713,-1.1583220725040722,-3.185138030050903,4.172099429110284,2.8166845596983743,0.5434613887580513,-1.3507712504602052,-1.4812689875364788,0.3790356605444344,4.749448296670288,2.333859216562104,-1.0233986277991007,2.1392179762461363,0.7349201426019751,2.4710894783015984,-1.5674496372643116,-0.473328110256565,-1.3924403445962614,-0.8460658001443733,-0.0656416432426511,-0.8529116365818648,0.8248976956535832,0.2143279249736872,1.6496507907660851,3.096756804607854,-0.9192992529896188,-0.4047498952928461,-0.1269074482711335,0.2304863342591099,0.5621917013560607,-1.3328931409720648,1.9068178196038303,3.0254265871665447,1.097215965396385,-0.1227930205117117,0.9050800061802332,1.8053104964878148,-1.2307766330392933,-0.7998751932745582,-0.3261560870344312,0.6731802059089871,1.126545315981821,0.2031258076829772,0.6138967743197735,0.4598913440440979,-0.6793061336929551,0.1828022353489657,-0.3840800201992954,-0.8104596633454526,-0.747482337598803,0.1179169283103439,-0.0352558260926602,-0.3492562394329675,-0.3914846614967533,-0.0313118880341879,-0.1280093781017304,-0.2297235985894585,-0.1053610439085825,0.2507094039117643,-0.383456934115063,-0.0244278818658902,0.0767700544807674,-0.0568943938512791,0.1587790634178711,0.1176554206852202,-0.0276599713293756,0.1885116444629788,-0.5637967616077613,-0.0628210587586621,-0.2342373739640656,-0.0117346052732765,0.0037574625160118,0.0713776576897837,-0.0281730834040919,0.0229689352516344,1.964178333218393
Na,Na0-1WO3,WO3,NaWO3,mp-aaaflmlc,18.96329602985212,-1.2334663454013184,-5.116718227991505,-2.5469338485363915,-4.127182494359098,-8.884534416324165,-1.438692856952339,-3.3567527482757096,4.180053013046746,2.822077460519092,0.529999243810645,-1.4354395772235538,-1.6797800605971374,0.4205579209629122,5.019483601137215,2.332339371536264,-1.0055648365514538,2.156200167593588,0.9628705849069564,2.8042142745692047,-1.4558299344918804,-0.3377099982507883,-0.0664862499193211,-0.609642356854699,-0.4156925362340152,0.730753355463238,2.0153101631542416,-0.4644756320687644,0.7788567647741751,-0.6448210804197468,0.1098357372456868,-0.1238293165284701,0.0405976483251798,0.7343386677645065,-0.2989060683569875,-1.7679744242766269,1.8262026332449888,2.6517727837809413,1.3424403552725326,-0.2718879671697255,0.9814918428969618,2.171572540083404,-0.7374256382809975,-0.7561292071774175,-0.6500327205824076,0.5161804383856107,1.0562360519839726,0.2955012781220483,0.7380686794165294,0.0601570471628103,-0.8181969013010545,0.3335684372486952,-0.5654151603937999,-0.6027259527637822,-0.6107841992413966,0.2485214786388778,-0.0644266494718947,-0.5037293639941952,-0.3109260043907378,0.1472326846855861,-0.243396460158894,-0.293072267235016,-0.1979269007705746,0.1827309418713542,-0.1242880703257467,0.0484369922336097,0.2201632933748628,-0.1052588130437192,0.2641069448301003,0.3011512566126787,0.1050686784414673,0.0540349138203276,-0.794302738798531,0.1070818364708054,-0.3026961248901662,0.0634222786967863,0.0128966801812364,0.0882662203019833,-0.1741637855148486,-0.0062189294485237,1.79113511905172
Na,Na0-0.12WO3,WO3,Na(WO3)8,mp-aaagkqat,20.199920207041533,-2.0189612974124977,-7.398326231846961,-1.18071056681497,-2.808177343672307,-7.119783838863021,-0.7668124285420926,-2.124926448556339,3.914844773850615,2.732642361574829,-0.1949730438917117,-1.1694113409323266,-1.6878983035473782,-0.0849751756631378,3.882594536868193,1.742956038381993,-0.9131629274695324,1.2474035050926249,-0.2657016345337348,1.7090256288805463,-6.131807060489053,-0.46048626287956,-2.3808104074197463,-0.8137297886203366,-1.1146981578610982,0.8946085880644787,-1.4357327434541118,0.981606216761322,1.441663985204442,0.2011848117954073,1.2886282550881731,0.1384298791145458,-0.4212478062725117,0.2397595429246178,-0.0343185720350627,-1.2967317758086307,1.1258919656841622,2.2760288934129598,0.2770970475276531,1.3990883483452343,0.6931424288740957,0.9461779134089964,-0.928219237926442,-1.0687694781975592,-0.1835797197595593,0.1957533790234031,0.7879283293184667,-0.3210232990664544,0.4746764072845987,0.9329345317309632,0.1997911438890534,-0.1025929034122626,0.1637051674864093,-0.8790868600917663,0.3103790858301576,-0.771571426198874,0.427002401727624,-0.072774308194227,-0.5667656342242151,-0.5645833865274924,-0.7715774953658912,-0.2163544861585916,1.858791747623161,-0.1776093601479056,-0.8582516396803115,-0.5974050971237703,-0.3965242999194687,0.3799557704266689,-0.0673488379196479,-0.8875370910177124,-0.7847930309947956,0.8190150289197462,1.7561871013008437,-0.1407006729913193,1.0195713475402226,0.1338067840688039,0.1066552104298297,-0.684641542678547,0.9147104202169218,0.5925365558966242,1.5147142115517371
Na,Na0-0.75WO3,WO3,Na3(WO3)4,mp-aaabrbbi,19.3950588159087,-1.681506931051109,-5.42118445176741,-2.4598004476615896,-3.938406066613549,-8.869288444202581,-1.0575612622954398,-3.329313238859881,4.215646097223555,2.6423957586734814,0.7779068378658547,-1.492517651486167,-1.712760673994141,0.3253679905952457,4.744505596665381,2.3652503830421003,-1.3487390596320723,2.5286556631993027,0.9022310088882052,2.396065562025105,-0.7761163191374626,-1.0875690723406874,-1.7314236430133252,-0.8996910273293537,-1.0036217340850384,-0.5101760348766846,-1.1565393585357044,0.2535497019722693,0.5715085502843135,0.0859812294853235,-0.3772848765349071,0.1777494019265472,-0.5249934614871902,2.643925723975737,-1.1642857292510898,-1.382908147230095,2.006650977002206,2.565303765141048,1.5040932550128818,-0.0969360437244764,-0.0679317600555366,1.4640107923539074,-0.7130209806479079,-0.4092386500538869,-1.2823205782187872,0.2120849580978296,0.9816286420645112,0.2372523439957919,1.0139517993429283,0.5805826835712495,-0.2206393956977375,0.0717524596125519,-0.6584404130630741,-0.9172995429581492,-0.5033987709921282,0.0659921614307228,-0.0197764887295894,-0.3687777023622504,-0.2724361050865415,0.306057117052703,-0.1896290300517529,-0.385374879068747,-0.1405716065517783,0.3436300739935802,-0.3963579555327691,0.0650436711477309,0.0885606041238489,-0.2412401736428345,0.2043315654303499,0.0013845171646928,-0.0216496434682404,0.098212644564829,-0.5356721829499973,-0.0490318658170973,-0.292310914560042,-0.0468444268006747,0.0167123369229157,0.082756720758987,0.0589885178376151,0.0310435449294164,2.076462611551727
Na,Na0-1TiS2,TiS2,NaTiS2,mp-aaabftpu,-7.416420064274987,-7.846674569165322,1.30381310258946,-9.0819246652903,-4.182139852137353,-1.5897732311954822,9.013615668024734,0.3877691697651414,1.852282877439032,6.013313633677777,-2.169732348543979,0.192110135133274,-1.905887863043116,2.4440961410591995,1.3592791806504358,2.524113724578836,-0.3754196390806337,0.4322358565041805,-0.8958849514900051,1.239400886350312,0.9692669461455476,0.6915933221140362,-0.8552309616841318,0.0347601976927578,0.1467838063926042,-0.4412592554765026,0.2112268483063794,-0.7238546992398516,-0.4330947940506981,0.3235219995393769,1.8075764137227512,0.1547135373951274,-1.098632140803835,-0.7997062256951372,-0.8769393090230349,-2.19723477851939,0.1095270892282041,1.0159396809404766,1.0918317061051297,-0.8688624815351921,0.0578752233401857,0.9446687036017222,-0.5197524060976478,-0.4767211627049658,1.0753575069642798,0.0609566735141893,1.0050189648881471,-0.4758045308276496,-0.766886365215265,0.6695385970282083,-1.076984676650708,0.3100169026953563,-0.0894469784138557,-0.1314314703855228,0.2444212732276376,0.4548247949262869,-0.2549327488359587,-0.1059120528866703,-0.2324084024623394,-0.578509879650903,0.6162224149305474,0.3251309103699022,0.9981993668736076,-0.3380745369469036,-0.1031064574744367,0.1531979719669612,-0.3783521984998018,-0.2215634792548396,0.2332680642588622,0.3035504898903829,-0.3405424787146657,-0.1040729347352478,-0.1584136460051002,-0.0983288391818581,0.2458984735567189,0.1832559256318018,0.2845146488959088,-0.1565884318484934,-0.0615092964262618,-0.1319890788439874,1.503396686551724
Na,Na0-2RbSb,RbSb,RbNa2Sb,mp-aaacfapf,-8.70780970714471,-15.05139208526194,18.234374513926667,-1.5452647760201137,-1.5710510692201447,-11.07172910792416,3.1942069718563912,0.6385223680884315,-1.5404134415214668,-4.822071706080813,1.1905141282416734,-1.2407493614979663,1.1268415145484314,0.0640074314468842,-1.0726887358460384,-0.139631540641913,-6.942229317594594,2.399409618023377,-1.095107380917414,2.8419303047503446,0.096689062736422,-4.574740738275223,3.8235422949878033,-1.5349171965003758,-0.856654463891574,1.5971548386700685,-2.967161926862421,-1.6041673536768046,0.3168627475464041,0.7153267447852086,0.0661532436006757,-1.5829182256956384,-1.0331249946692236,0.6674340361918651,1.0896151714104108,-3.2836418351216574,-1.2229274204794536,-1.225994725781101,2.011436977597734,1.5785160228513166,0.5021274972954599,0.2022291467242074,-0.9064238960064316,1.0539687124751738,1.2071839484771083,0.0366572010893992,1.9544178386796445,-1.1777429872101854,-0.8099000617945105,0.3894882244095557,-1.159636395450227,1.6069846457643773,1.0348593687854863,-0.7880719756937902,-1.7693036322581737,-1.6738760244866426,0.569448441438666,0.2078434645791623,0.9008732317937606,-0.0152998517460666,-0.648232849213081,-0.2946620386538131,2.2329327028602566,1.1089566409194096,-0.2720721021935423,-0.6161464310033936,0.4492247720127796,-0.5500482889514696,0.2470431606158638,1.5219504272532227,0.1332428905819359,-0.6601433564909834,-0.2106069847961761,-1.2433688475128764,0.2630106403321073,0.740435145943164,-0.2934266216515724,-0.5130285095242794,-1.1784202655790026,0.4213795328712466,1.097277766551724
Na,Na0-1TiS2,TiS2,NaTiS2,mp-aaaaadey,-7.41638088921337,-7.844552459372834,1.303231203907813,-9.08180606817677,-4.182622855839221,-1.5884429049240942,9.011948250403789,0.3884353095699042,1.8518928059118327,6.013381089917746,-2.1706585934793305,0.1923743174953375,-1.9069305714465872,2.4437827095174707,1.358017127982359,2.5230869344120683,-0.3743694518633255,0.4304672354881906,-0.896351344374553,1.2403455997523145,0.9596552741368554,0.6947480019950057,-0.8448981022500825,0.0393904833105603,0.148447902712018,-0.4370821523024308,0.2138585791705967,-0.7216514283296609,-0.4311787517489784,0.322760131359147,1.8093818653201152,0.1554425557341343,-1.1001701132738626,-0.8040038704841689,-0.8784018278653063,-2.198406821975468,0.1103432080306818,1.015718307793488,1.0911153365489237,-0.8691496956779583,0.0596819152492527,0.9461572490887918,-0.5202008493975703,-0.4781036505033774,1.076630420324343,0.0610805802503943,1.0053302984885724,-0.4758693476339444,-0.7674049638433075,0.6686615105175502,-1.0780556484504265,0.3099613455785893,-0.0893287932950588,-0.1308219346740091,0.2442192848291748,0.4553786414427272,-0.255036626738221,-0.1059172944753438,-0.2327686168115874,-0.578726242691599,0.6163484843007224,0.3253740056534885,0.9985037726730024,-0.3388083878165827,-0.1028906205669318,0.1530832412445553,-0.3779978919001766,-0.2214651763309502,0.2332251438938897,0.3038633430286598,-0.3404271686573888,-0.1036146547590404,-0.1580917505839606,-0.0977369937569943,0.2461414510548167,0.1835897315388382,0.2848442955925476,-0.1565311904237137,-0.0616957872028442,-0.132168375467448,1.5374763665517222
Na,Na0-1VS2,VS2,NaVS2,mp-aaaddbxb,-5.939818941221167,-7.783621415960829,0.9161108755603564,-10.299774167181583,-4.624542755810809,-1.128215372829001,9.26084936713483,0.4022928053024721,2.2945008113615195,5.408530176158696,-2.0112129363314035,-0.1245576195456085,-1.7191777351044584,2.2373535777222853,1.550738272108115,2.2441280264023504,-0.4367997450828636,0.4064675219495473,-1.0420556502597147,0.3398982082875045,1.1676838115522992,0.90583853989747,-1.29155150920931,0.6148328418853973,1.2423964475194629,-0.7992961213616947,0.7033761170417707,0.0307340916483436,0.1337451657410563,-0.3433917970401742,0.9416462155056858,0.4100824515884196,-0.5403170264565771,-0.8889220763359325,-1.4410782725280686,-2.0763143039278624,0.4621896181841147,0.4715078015178265,0.8677280876854032,-0.7105498679420135,0.347975337469601,0.7918853273311078,-0.4878918440086948,-0.409591393131352,0.8896807796730652,0.302479948531939,0.9676485801988848,-0.4048241407265739,-0.7213865107296111,0.8133298831873056,-0.8381182125969735,0.6437133916750349,0.0299331313638931,-0.4183612694394564,0.1168973607796358,0.6655576200365871,-0.3441620358985657,-0.2015244487242752,-0.0398607761106829,-0.7077941205762609,0.6006825390228185,-0.072559841160864,0.7850664965257595,-0.8341932514260307,-0.2341199296506607,0.1510696268058061,-0.7722689038251621,-0.1285816475674888,0.2094005538771048,0.0710200489788095,-0.301746037629254,-0.0710844033811963,-0.1610519710913528,0.1193430734360205,-0.0639200433310655,0.0479088476221813,0.224997721804151,-0.3896582240823127,-0.1646090749611478,-0.1735612991608064,1.453812266551722
Na,Na0-0.5V3S4,V3S4,Na(V3S4)2,mp-aaaaabet,-4.87883508887536,-8.661528040559928,0.0772240014457743,-10.351968400489683,-3.567154410549261,-0.4221669604487863,9.51145732660816,1.320086939076644,2.4586953569083496,5.4161602641886,-3.1878381231104216,-0.2344497386581238,-1.0956987618244485,1.856576488064188,1.2990411812253515,1.563370131308537,0.0354866670810569,-0.2884647599068788,-1.8177840690462068,-0.5768172148162919,-1.6560779430251396,0.8398297154013735,-2.848325666127147,1.8010399773408334,1.4657747853329752,-0.2885807359124295,0.4469170256250622,0.1419199694816855,-0.7804356991604491,0.7901698237668315,2.278845624198992,-1.131134766041222,3.979194798008923,1.9055204437555184,-0.2604147016235731,-0.1631130874041097,0.659289047632466,-0.0796493530476366,1.224870891215509,-0.1293198914619273,-0.2608533065441659,-0.4782654063398058,-0.0696422571684987,-1.047607360088069,0.4528036435870912,-0.0876519311277492,0.8253729203570942,-0.2281797263563193,-1.228901325290512,0.1197713858506114,-0.202225150393639,0.2862279045451391,-0.1901713100138117,-0.2735636540658928,-0.0350421915695745,0.4441729265214332,0.111121651386771,0.3647608138761676,0.096049713674782,-0.4311840491547388,0.1003428395983006,-0.7493089504915178,0.1718766250665675,-0.5261538310713847,-0.7116735381943893,-0.1014598476408051,-0.114956422709445,0.2913381793190291,-0.4789171786282805,-0.1688385330339441,-0.5077377546673464,0.0400271471432232,0.0779682476661254,-0.4453465825568825,-0.0133788988682385,0.1892590902666685,0.262776340555024,0.0739311739935563,-0.0790783185992635,-0.4251906306061015,0.999151806551726
Na,Na0-1VS2,VS2,NaVS2,mp-aaacfrhu,-5.939818941221167,-7.783621415960829,0.9161108755603564,-10.299774167181583,-4.624542755810809,-1.128215372829001,9.26084936713483,0.4022928053024721,2.2945008113615195,5.408530176158696,-2.0112129363314035,-0.1245576195456085,-1.7191777351044584,2.2373535777222853,1.550738272108115,2.2441280264023504,-0.4367997450828636,0.4064675219495473,-1.0420556502597147,0.3398982082875045,1.1676838115522992,0.90583853989747,-1.29155150920931,0.6148328418853973,1.2423964475194629,-0.7992961213616947,0.7033761170417707,0.0307340916483436,0.1337451657410563,-0.3433917970401742,0.9416462155056858,0.4100824515884196,-0.5403170264565771,-0.8889220763359325,-1.4410782725280686,-2.0763143039278624,0.4621896181841147,0.4715078015178265,0.8677280876854032,-0.7105498679420135,0.347975337469601,0.7918853273311078,-0.4878918440086948,-0.409591393131352,0.8896807796730652,0.302479948531939,0.9676485801988848,-0.4048241407265739,-0.7213865107296111,0.8133298831873056,-0.8381182125969735,0.6437133916750349,0.0299331313638931,-0.4183612694394564,0.1168973607796358,0.6655576200365871,-0.3441620358985657,-0.2015244487242752,-0.0398607761106829,-0.7077941205762609,0.6006825390228185,-0.072559841160864,0.7850664965257595,-0.8341932514260307,-0.2341199296506607,0.1510696268058061,-0.7722689038251621,-0.1285816475674888,0.2094005538771048,0.0710200489788095,-0.301746037629254,-0.0710844033811963,-0.1610519710913528,0.1193430734360205,-0.0639200433310655,0.0479088476221813,0.224997721804151,-0.3896582240823127,-0.1646090749611478,-0.1735612991608064,1.517373236551727
Na,Na0-1VS2,VS2,NaVS2,mp-aaaaaodt,-5.939779766159551,-7.781499306168341,0.9155289768787096,-10.299655570068056,-4.625025759512678,-1.126885046557613,9.259181949513884,0.4029589451072349,2.2941107398343203,5.408597632398665,-2.0121391812667557,-0.1242934371835451,-1.7202204435079296,2.2370401461805565,1.5494762194400382,2.2431012362355838,-0.4357495578655554,0.4046989009335572,-1.0425220431442626,0.3408429216895066,1.1580721395436069,0.9089932197784396,-1.281218649775261,0.6194631275032,1.2440605438388763,-0.7951190181876229,0.7060078479059881,0.0329373625585343,0.135661208042776,-0.3441536652204042,0.9434516671030496,0.4108114699274265,-0.5418549989266046,-0.8932197211249644,-1.44254079137034,-2.07748634738394,0.4630057369865924,0.4712864283708379,0.8670117181291973,-0.7108370820847797,0.349782029378668,0.7933738728181775,-0.4883402873086171,-0.4109738809297634,0.8909536930331285,0.3026038552681441,0.96795991379931,-0.4048889575328687,-0.7219051093576536,0.8124527966766475,-0.8391891843966919,0.6436578345582679,0.03005131648269,-0.4177517337279426,0.1166953723811731,0.6661114665530273,-0.344265913800828,-0.2015296903129488,-0.0402209904599309,-0.708010483616957,0.6008086083929935,-0.0723167458772778,0.7853709023251544,-0.8349271022957098,-0.2339040927431557,0.1509548960834002,-0.7719145972255369,-0.1284833446435994,0.2093576335121323,0.0713329021170865,-0.3016307275719772,-0.0706261234049889,-0.1607300756702133,0.1199349188608843,-0.0636770658329676,0.0482426535292176,0.2253273685007898,-0.389600982657533,-0.1647955657377302,-0.1737405957842671,1.484588206551727
Na,Na0-3Sb,Sb,Na3Sb,mp-aaaaaadc,-12.280924064045166,-21.45758895811889,3.789807122557291,-3.666205109772533,-8.290085598713198,-10.336473957155906,-4.577291167004601,0.2373874969746152,0.9460263805880368,-1.1178553485349765,1.088374800884843,-4.1256844451332935,-1.404633224480064,4.345410212714991,-1.440094474125596,3.3875808159369223,-3.239563714838122,-0.2502667993179933,0.853163217344409,0.4516856621691986,2.503213659435863,-1.3532655249800734,2.1765771183188494,2.057224666102785,-2.036793977026767,0.5033662977765176,3.201654953122277,1.8139449525171496,1.2984888150843623,1.5701975761813225,3.784217783345402,-2.3858801750151546,2.0390249847257387,1.4654565605774703,1.9972181569173988,-2.1944795701854507,-2.5992665156345125,-1.875031582733162,1.3423035916481088,0.6013620024279869,0.5083248496005593,-0.2336255611164451,-1.6848176033985849,-0.4669534376477459,0.6805896295587108,-0.7451118130876326,0.7689371684930799,-1.0210768252304412,-0.9200058364351896,1.712379344248912,-0.1377653534923664,0.3050414637307855,0.6026249176882028,-0.8858029158324705,-0.9244457205278076,-0.5085603420162277,0.7362486169303064,-1.4736487335066462,-0.7919870492413462,0.5513247921375569,-0.6470232029115025,-0.2337860466838682,1.7161461715934023,-0.5415052105920046,-0.0950400683356865,-0.671333524791243,-0.6506103488974273,0.2867849529451863,1.059817521659163,0.3359271733259706,0.7601116670043617,-0.3080759653389495,0.0649759457723967,0.0123523409132428,-0.9718325242051526,0.5468569607702332,0.1225761933515829,-0.9571082674250112,-0.0423140726169974,0.0819876992033481,0.731773513218391
Na,Na0-0.5Ti3Se4,Ti3Se4,Na(Ti3Se4)2,mp-aaaaanqx,-5.243104613413206,-10.075857494372942,2.3504000637934888,-7.082542777097861,-1.017810535939211,-5.169815694449045,1.1779795365811467,1.8683431046947567,-0.0096530925888876,0.1233149993146524,-2.6151294190274204,-3.68839713155627,-0.997561561719584,3.188169828594153,-1.9878202141414112,1.8635690941745469,-2.557749560565364,-2.78924907368216,-2.9186878914265337,-0.3422126099762241,-2.4103250147095934,0.2146733985377801,-4.230274218714824,2.7438389532523595,-0.1459542510008264,-0.3696261092275223,1.0518279527451584,-0.7789887214284418,-0.6719916131406268,0.90647248043452,3.252768703337625,-0.4952652348465204,2.4970167364690097,1.885621108842953,0.9970989352834998,0.410473812997267,0.7365781831536437,1.6431671218002788,2.048375793440304,-0.0929769102271137,-0.6556032674782037,-1.099102898306592,-0.5707559679679434,-0.3992378150006406,1.0359844535081757,0.4471304802024913,1.688102607513583,-0.2313042681826871,-0.7762281642245661,-1.3526827735444082,-0.1895316757464048,0.7186181972814968,-0.5377973811888057,-0.4589218182480232,-0.1679653722582511,0.792010087611688,0.1292674555807134,0.7407574332561134,0.2886338141114017,-0.1879012082257931,-0.1471886500897409,-0.2914671963116851,0.0282427274996692,-0.1028111203903745,-0.5699696337262535,0.0595763588317508,0.674050778026784,0.0050698106521241,-0.4971794938471349,-0.2504900533189609,-0.2613476142890482,-0.8216395955867286,0.4209392906334814,-0.9451693343886248,-0.0771367177081954,0.2916176286125453,0.1979644372156284,0.7289032603497951,-0.2726948780949844,-0.4864462882866692,0.644184976551731
Na,Na0-1ScSn,ScSn,NaScSn,mp-aaacflsl,-6.59429701836134,-17.805261780660327,10.253624981113278,-5.430694316125309,-1.7897608245084082,-5.0424861909710685,-4.710728954412959,0.1758009356047548,0.0838360734985594,0.799816209051321,-2.3738712396759567,-4.485173241129838,1.3812426115335128,1.524536267024354,0.1965368857494296,-0.3773075811293115,-1.098017877923857,-0.1655931524886219,2.004902685280394,1.3442146508479111,-1.0381265262872472,-1.3120459985941983,0.6153772494394768,-2.5579203114159945,1.871887378075054,0.4005641114316232,-3.107410440319737,-1.791654109840007,-2.81612777071848,0.973388923906551,1.2206904573513793,0.0109143642762492,-1.941864324674252,1.6927525871582116,0.4018242303138732,-2.685182216641192,1.1681013661690856,0.6763203574308065,-0.3840047744431631,0.4010284234609657,-2.7199614225459645,-0.7472500909512906,-1.4876681476227296,1.6954055085050217,1.0402180690971354,-0.3978973462207048,0.8863335817936906,-0.878927300727228,-2.167269605069107,-1.4033498383165588,-1.7946324887307268,0.8725271347964706,-0.1321689709757496,-0.1480282669274568,-1.4253669846601515,-0.3456542616803454,0.5022177633286593,-0.2505980101618049,0.3600861259970958,1.1805916438527255,0.0731481100845257,-0.6498657044208901,2.4513245720592747,0.1818488366926285,-0.7742734283415479,-0.9029049176079298,0.4553249238537715,1.0668413163587211,-0.0397040106767836,0.5406617682801363,0.4582055530475865,-1.8301372860935203,0.0343434710737855,-0.151637029304165,-1.1996090790165617,-1.0543002431823223,-0.1421851556457243,-1.0041059762568283,-1.986804902598461,0.5463319496458564,0.7297572165517231
Na,Na0-3Sn,Sn,Na3Sn,mp-aaacgexp,-13.205059223077688,-22.97062305898253,4.86836241235888,-3.842147014745476,-7.696787335168564,-9.565298639003933,-6.207280717087002,-0.6136820695590011,1.5125292929590668,-1.8003871972483814,1.8740861753324909,-4.54392901532422,-2.2990939733152893,3.001467274739596,-0.0609607626158089,1.0365858805280217,-2.1446296420969904,0.1583624826789724,2.4569858203151305,-1.217005453037902,2.796580185534149,-1.3304427223659203,3.0477860674219563,-0.5283595276763845,-1.5212758365040002,0.7190227566499672,0.591285439839547,3.2238536993088123,0.4096795935389124,0.3633378222636447,-0.6411757834724893,-1.5475177113275942,-1.8880320592630728,1.6749577670158975,0.894893004107543,-3.3170136264293437,-2.316545407406786,-0.9723025912169652,1.200514033521303,2.286371479036277,0.2140938929620898,0.0669732926811254,-0.6989655631476781,0.0454982931483903,-0.9041441213997826,0.3243106324127351,1.9320125184739436,-3.3524323084780296,-1.1305605615493337,2.6731723226023405,-0.881365863906252,-1.3014732645067095,-0.325072139677395,0.2419364889316771,1.2127032621527212,-0.4086065725982109,0.6213382652265933,-1.3192521808107982,-1.9160412016800408,0.8750321314851311,-0.2371679036354496,0.29196619997559,1.571377910326036,0.7247009954545701,-0.6400623121630477,-0.5066775352809191,-0.4210685771210344,0.3362786442724684,0.5557201580589073,1.1024617108896102,0.5034538101476044,-1.4635266180303754,0.4717848680913478,0.9045676595614818,-0.3150986013663412,-0.4724313374926412,-0.0593779874816065,-0.2756964750568194,-1.409234598409584,0.6273953724514507,0.191626119885057
Na,Na4-6V2C4SO16,Na4V2C4SO16,Na6V2C4SO16,mp-aaabwkwp,-2.4460923655637807,5.24611447552441,5.3438213187952055,-6.548875525721471,-0.1015131917377624,3.1589175365076105,5.598877493223103,-0.663974066025766,1.5556841711279576,3.418423340165162,-3.9931740747864017,-3.609979544002537,-5.457808028775766,2.164450617649742,2.35097822461069,0.6297840506871452,1.2977698319394508,3.61994495818983,1.395337007221865,-0.4423893357602073,-0.0697957425440612,-0.3196633157756537,0.9614063034191236,-1.362126533113271,0.3079675660914565,1.0929791079221691,1.904092436774731,-1.5597698296350049,0.8746269488111195,-0.588495790915187,-1.1263037692849256,-0.5105918829802052,0.2191940356619479,0.5142381162250228,0.4647226493056655,-0.0366086620025198,-1.0150266054754566,0.1750394994193318,0.4193608945546174,1.8465262889104643,-0.736610809574814,0.0683956791321219,0.4611650013343542,-0.7909160323732147,-0.4148136414883063,0.098061260619689,-0.7006630898521894,0.0585924157318762,0.624372809611226,1.428320697537711,0.5571237932118615,0.3869461319720466,0.5897118857963379,-0.1784758988814928,0.6071877250873812,0.1247443163854513,0.3010207151048273,0.6259416212469876,0.8572499003523267,0.6448074159918464,-0.4081427542423205,-0.5174570149365069,-0.3157494173219732,-0.065225303628071,0.1710803039747005,-0.1441616542109775,1.0086212423879908,-0.3249496976518757,-0.3952890215098155,-1.0656047286180148,-0.2588854666288049,-0.0834351145895251,0.5581042790596455,0.6386708144612526,-1.1566311997635106,0.257583093566127,-1.674926049709036,0.6526165516547973,-0.1856312462792817,0.3507906964621339,2.300817919051727
Na,Na4-6Sn2C4SO16,Na4Sn2C4SO16,Na6Sn2C4SO16,mp-aaabrspa,-3.308380419719102,3.1954314743890757,6.98064946404185,-0.7659816061194447,-2.0345025040088864,3.332131289624508,3.664283237641397,-0.3865589215133632,3.065000594742988,5.86866434142715,-4.846036365569077,-3.768673361014516,-6.242130093049285,1.1087257927610128,3.323766412712381,-1.81196416153466,1.1278868924048413,3.787775140581397,2.6014817030459207,-0.3568971286261532,-1.8866235421324449,-1.4176711486029905,0.7710832030830578,-1.365503809988878,0.7272290642480669,0.6484965580058747,0.8855657176626427,-1.0940956046717607,3.028632691274055,1.146545851830368,1.3403574165077805,0.9039882426958152,-1.209351719931116,0.4588953263917169,-1.3225406274586669,0.4294008287710986,-2.938819937064539,0.2844076117320437,0.9346459837130792,1.5142042258902957,-0.3768054857754205,0.2433414089768705,0.117732030003519,-0.3149910281341972,-0.4656492145912669,-1.2005905483534576,-1.5985402901333412,0.5436020031460237,0.2856815897867987,0.7687251933148322,0.5840078473817812,0.3042798335982293,0.106401865495266,-0.4590799880553616,0.8660092577827004,-0.4896299339947174,0.3447476183358814,0.8164684104818685,0.3871267220787205,0.7114199598919835,-0.1464517155267638,0.1239581006639481,-0.0408561626387089,0.4195676416540694,-0.7084246986052701,-0.3351480912667217,0.8755253091635382,-0.3530645670136628,-0.1866594281699071,-1.0279000661177764,-0.1791692822451015,-0.0101949477599877,0.8606638647189386,0.6384878953051201,-1.2169872137655773,-0.1768927815205168,-1.454346250611204,0.882733277789306,-0.3546166414215093,0.1048671662460559,2.800981544051726
Na,Na1-2VCSO7,NaVCSO7,Na2VCSO7,mp-aaabryhj,-2.4934236036014243,5.264701239104056,4.423379997969584,-6.400146645220382,-1.7428559613627437,3.8366973676362286,6.565630364826447,-0.2877229669217996,1.3406775653560998,3.754214368315421,-3.572110710702153,-2.6256027736970635,-5.976388065153621,2.150788248144959,1.5804586651179675,1.0136834814425428,1.535728734790606,3.818337563068118,1.2327398346463252,-0.4421605735536316,-0.8251208366003974,0.5561733789354715,2.1286493793731136,-0.5115388669551073,0.0565544480768311,-0.862006536160044,0.2440678208887148,-0.4942310139583447,1.3866669179576088,0.2219406878962304,-0.5228465258615204,-0.547346313286377,0.0369214897408736,0.6647388908050884,0.2280011969867058,-0.3390857040041994,-0.7307180933180142,-0.2682645079421766,0.716741912234465,1.724291742761222,-0.6339141457704087,0.2523686931792724,0.3312396013157925,-0.3956018375639616,-0.2431334937745007,0.679903574180504,-0.9103234654137716,0.0544995801812295,0.7360938765610361,1.4146955180152954,0.3426223347869486,0.5256168206722825,0.5087473069011255,0.0111515494926276,0.7711846700986816,0.1283818855499469,0.2486380653792896,0.3808564372567325,0.6993110585383205,0.5287035286407517,-0.0515002323194104,-0.0637231658099076,-0.1438098606384715,-0.0127376470123407,0.4103265008393785,-0.2163959041069763,0.5871140221391175,-0.1873806809756444,-0.3599585332449663,-0.8548792524478809,-0.3644338424842716,-0.0766460531576064,0.4223651409628662,0.1179174965764859,-0.9645263096407216,0.1321242931066208,-0.8003056939932149,0.4384563176246485,0.0728199856066946,0.2639318683082093,2.888922099051729
Na,Na1-3SiSbCO7,NaSiSbCO7,Na3SiSbCO7,mp-aaabryxf,-1.4808613288754942,4.437735690796363,6.478564328015718,-0.6688001653336836,-0.6260405430650483,0.7118129252169594,-1.080329066943008,0.2713441555514044,2.3151325648939385,0.0231965302439525,-5.48105234968029,-4.598663096365324,-5.220817214125665,2.1923919442473574,1.274877925719996,1.0112199346578656,0.5127189154715466,3.8745837846142255,0.9518071628155744,0.4056490107914797,-1.0490215866076993,-1.4736883857489047,0.3675084805924775,1.212840069760663,0.6939544833736642,-2.006503910243947,1.6346933301591495,-0.0835846443674014,1.7045468991964643,-0.3268331831845713,-0.2498687108883729,1.1945132999258603,-0.1948731775507914,-0.1219505432874369,-1.053682043487287,0.6188295641902843,-0.9081693810857348,-0.2083240656817836,0.0029016933282071,0.4796660423198762,-0.5783074871481649,0.3063946608545291,-0.5041144025771325,0.623315203597179,-0.7301058991721602,0.2428230435735216,-0.6712954324872292,0.1368217416179623,-0.0833280606795891,0.6650190514001518,-0.2325251011648127,0.7097450123382543,0.1755290276846518,0.2676778480568993,0.4841405079234746,0.4547136310170175,-0.1766345882780847,-0.576376424222308,0.3757950376209345,0.4605143605022137,-0.370168150027238,0.2592265227528458,0.0764868887099493,0.4127083892126899,-0.2400698894260302,-0.2741529892073215,-0.5305350202783722,0.0181445994913001,0.1010324613304096,0.0489385043287365,-0.4543591804217234,0.1250823393309136,0.2057301485763619,0.1149597558935259,0.2744221928937478,-0.3201228513600953,0.2487507865630589,-0.2197484557412238,0.3138340781112263,-0.0452281317665415,2.374212109051729
Na,Na2-3SiSnCO7,Na2SiSnCO7,Na3SiSnCO7,mp-aaabrxrq,-2.0338920641670835,4.403925540458412,7.523317647870593,-0.8155854923176435,0.3022326955831265,1.042273424622421,-1.4352495749332344,-0.0612297483173127,2.695649316744143,0.2089404312776972,-6.111253239605489,-4.138475271861454,-5.017585720090651,1.928541540850517,2.2103798308611764,0.720310554361311,-0.1622532546880919,3.271822532662772,1.2483509987426915,0.4424917360543287,-1.4975732420524115,-2.027229426131153,0.266211559755286,0.8862576947154811,1.0088082179193285,-2.2849452835992894,1.700217771895727,0.1122232908450931,1.565645572163191,-0.2963210735907681,-0.6757084403873316,1.002158548722516,0.1072622252733637,-0.2547259372218306,-1.6583583461161686,0.3519795564688555,-0.8497999417095944,-0.154471843846625,-0.1223049919082135,1.4139996460488684,-0.5816187199743968,-0.4586677263059663,0.2484057597066841,-0.0232971541449459,-1.1290932174160984,0.2565057659720938,-0.2173824886152015,0.0521866261105799,0.0134339199088693,0.3089676493638991,0.0065795241989031,0.4501510196016288,0.4392171173589241,0.2713993361003263,-0.144794458204066,0.2863281293846718,-0.0759983617951006,-1.0026242137230217,0.3629172903972024,0.4633885553213027,0.2805164483114961,0.6353824499845088,-0.1386754019242951,0.3300378820693547,-0.1869863902543522,-0.4291691429880572,-0.6364183824457865,0.1395905793226806,0.0685138323492893,0.2584928120074554,-0.1679855480517863,0.1356984811540922,0.3416575449728324,0.3276906611147127,0.1859546152956441,-0.5361681867268081,0.18403474027885,-0.1002806618664662,0.4811393005393257,0.0635630828469454,1.06527300155172
Na,Na1-3VSiCO7,NaVSiCO7,Na3VSiCO7,mp-aaabryca,-1.744609147802655,5.87679275179509,4.855812273644788,-5.121382960332002,1.5065797961264569,0.7453456450954183,0.2389774266576896,-1.023175939227374,1.429094229734228,-1.6827109948989714,-4.7096341245347695,-4.76461452263214,-4.889713584346842,2.5367862168325304,0.8802506206132371,1.2516908031342844,0.2725654791285894,2.4804611292866574,0.4576797217686321,-0.5774619383431606,-0.2816628732392918,-0.5462545914299749,1.1084812948843166,0.6012421347205631,0.311066475405296,-1.2736075686580337,1.0101952805831798,-0.089999847929349,0.850048873487315,0.0546357224534613,-0.2975328969030055,0.3128977003631548,0.0774458726595879,-0.1327659819787818,-0.4387951588755257,-0.2300460319446146,-0.0094916287094898,-0.5612988034460054,0.0761979522362332,0.5502340593572959,-0.9399976481977254,0.3982199853704627,-0.4710841764186479,0.2304514561750553,-0.4657414409529128,0.5946148561676537,-0.4051132234057121,-0.0190699119671326,0.2909820475297914,0.9353002373539492,-0.1850903738524745,0.3886788636330131,0.2390783258397974,0.4001522537816821,0.1506787376062542,0.7281031307028633,-0.0030534632365603,-0.3541175397920515,0.458867884051612,0.2299717692556664,-0.3081319585647223,-0.1680281452474951,-0.2883346769392679,-0.0352727089614245,0.1244881027989207,-0.3138536279708414,-0.1151814465514173,-0.0448421942658384,-0.0713967556209658,0.0429459784126602,-0.57499992405442,0.0715567587226054,0.0510942874653333,0.0603429652980003,0.1494590187714179,-0.2709005904062995,0.2303819744738914,-0.2122803769459177,0.3352087729418822,0.0894130453145371,2.9326560578017262
Na,Na0-3Ca,Ca,Na3Ca,mp-aaaaapux,-19.635613644335457,-32.25962474582891,11.10798988091978,-12.873385614275628,2.4264615832673053,-9.156209039200975,-11.958361193613824,-3.77090841722213,-1.2097016849627549,-6.972697261266891,-1.4030767648899585,10.497368611785756,-5.5376429445216,-6.2088538064505405,4.62186654289679,-1.139317665740755,7.436346254227574,6.599181597330636,-6.0494275843743655,5.306393666034743,-2.0330183386904217,3.928306072781063,2.0962647732610367,-6.175400478653796,-3.2178301595883645,1.7972010542925876,-8.296260104152548,-4.439145239769875,3.300533063627147,-1.1382135064736492,-4.767529605927997,-2.083334560507646,-1.0591191239837938,-1.2955925841782343,3.399126121326746,-2.897554758336167,-2.3076980441554404,-2.291860341222901,4.634820260438769,-0.333610060396336,-4.2704890478547695,3.174377638586086,-0.5988765123366454,-2.8836099119981418,-0.1736377618229717,-0.2540941925221876,-0.585136103804352,-6.0814754291082505,-3.021534021567097,-2.5220614737706275,-3.857778827398434,3.668286304652308,0.7819672354359242,3.311083823193474,-3.0927394805108483,0.262751386674643,-0.6807386325749221,1.100281937459269,-1.1890397486242463,0.0472897613126132,0.8012965439884149,-4.777262250798703,-0.9634002502123996,0.4193078535678979,-0.4817109860312668,0.6228901078587624,1.0844615259395864,0.0871812935716784,4.170327497516749,1.5362090823803811,2.1195100987975266,0.1717503639272964,3.2664657944315287,-0.0620179883425471,-1.691496721638555,-4.598826721316414,2.0395366590219592,-1.131156862562248,-1.494895381445775,-1.6480206877663728,0.014938906551724
Na,Na0-1Ca9Co(PO4)7,Ca9Co(PO4)7,NaCa9Co(PO4)7,mp-aaabsksb,-3.532000599577572,3.1498390647268493,6.0940017608274815,0.0619957612618722,0.143461311617765,1.907070292210587,1.2184558933946326,-2.751402025388502,0.6861621529702371,-3.0881631024562752,0.1384752574583106,-0.5536748461686238,0.7743748277709926,0.2260305199676112,-0.5866284565430355,0.7348779452569775,-0.1852934170197583,-0.7047909966487911,0.252258460058209,-0.146185246942896,1.6519618570420729,1.7606147774612677,-0.9494662565122992,-2.9965779798208154,0.6106940274239913,-1.3993450136853076,-0.5167232017468784,-1.1342701511053888,0.0891397451658983,-0.3070234666401851,1.6272994073358835,-0.15136294539338,-0.8084534013249722,-0.1946918792558758,0.35258066067374,-1.039562433476648,0.6652330781146683,0.6508593970807282,0.5151040265536662,0.7293424867152242,0.5397469641115705,-0.5779587668492229,1.58178511004576,-0.3983798904664497,0.0918467179893158,0.1264258913628562,1.2592464402532406,0.835160631848182,-0.6986760755469441,-1.09448559830079,0.4008227390693042,0.6161342201814314,-0.1730369846524977,-0.1071208806384077,-1.235973237158627,0.0002945570957235,-1.280881801508912,0.1667730822417265,-0.478910978873798,-0.2679040749540827,-0.6251563868775579,-1.049870356431427,0.9392787209582538,0.334831219335058,0.6879963581460394,-0.3143857013560631,-0.4090211158464993,-0.1989345593479159,-0.534520058098575,0.3374223278548721,-0.7608283346901107,0.0637962952471724,0.8615323520090966,-0.2387193623201564,0.5279359213628744,-0.0959111182248697,-0.4284671408786947,-0.9376350063392968,0.074269723653007,0.0011588497351951,3.342796981551718
Na,Na0-1CaFe2(SiO3)4,CaFe2(SiO3)4,NaCaFe2(SiO3)4,mp-aaacoqgw,-1.0718947399213612,3.594237427450741,2.951671418219305,-1.8013983710692492,0.1433519000185298,2.2516379550774235,1.168002472878693,-1.3002141769429585,0.1582274841579844,-3.705763253399089,-0.986047404776758,-2.8211124113883668,1.4007266548992228,1.2055346164970109,-1.82214425160098,1.5860537642110526,1.3203564801037464,0.8510858384545035,0.9483499135100308,-1.3460377232652532,-2.697317676674686,1.396021824769958,0.1168700039249628,-0.5660386223717176,0.3554281363256724,-0.9801086952823344,-1.2946183828273945,-1.1508792400704144,-0.60156375787599,0.2800647441292155,0.085213305883143,-0.5417568122951706,0.5525251627687393,0.5187395535612396,0.0937591989806269,-2.358131999213509,-0.2969415534438259,-0.6549315895648324,0.5287056836992273,-0.9397091453889972,0.9709801868273298,0.1981482860999147,-0.422896131824122,0.4510768465689598,-0.5759195419407712,-0.098045091165805,0.8840491698436626,0.6498046597904534,-0.4179440449616053,0.7736858312204855,0.4039736087442878,-0.0451312379430324,0.0312691426728841,0.3015166945013025,-0.7417021422898838,0.1119550065838697,-1.1942520271246035,0.3905319107001263,-0.6584602407418119,-0.8508183271983852,-0.7630394937127026,-1.1931144968701193,0.4570699754301116,0.4107390107660474,0.1853695472778576,-0.271723202265796,-0.0303337668437244,-0.6069855512766097,0.3487096472132275,-0.2403892010547013,0.205358131942252,-0.1380475390338882,-0.0032091671813965,-0.1488045687221834,0.4404345123917052,0.0923912104662449,-0.2542698429218006,-0.4665036003197826,-0.4999798900309773,-0.3037604669492108,2.733554456551705
Na,Na0-1Ca9Mn(PO4)7,Ca9Mn(PO4)7,NaCa9Mn(PO4)7,mp-aaabsktl,-6.6554940795673305,3.288877674295576,5.830255457193156,1.6512148813747685,0.3749057704980503,1.0411410676438773,1.997796946437938,-1.1820262518738438,0.2471309378780807,-1.848487011020746,1.638382212034183,-2.185497776755348,1.7249303281228852,-0.5855283991418505,-0.8166764668218215,-0.374172582172333,0.2527735176381953,0.4059343830953658,-0.3177008378505969,2.107765738186943,1.4312649629925525,2.3147554034164504,-1.970166713549036,-1.9539901908605284,0.0544514858934568,-1.5114519449583597,-0.7291301183121981,-0.408397301683537,0.3541868742440736,-1.040455321692847,0.8418119086073251,-0.1455598740428594,-0.3950580934934196,-0.6492408275850624,0.1607426311374095,-0.5382786407308534,0.6521082407510392,0.9905006317360902,0.8577173943692368,1.0521796326746682,0.822016459953807,0.0480065233981808,0.6094188808015911,-1.3214064878125438,0.5399126933904906,-0.2883532343509062,1.071173325614092,0.9482223184372972,-1.080854485173574,-0.9435945742533818,0.3797997977340404,-0.0384065841447722,0.3285378236654382,-0.1751319127014965,-0.8223203193786416,0.1651191485624117,-0.8059646734101066,1.1128799397146427,-0.4472123217759582,-0.0997602529536285,-1.5134585859145864,-1.6195470173276327,1.2193344013839835,0.8053818778957457,0.2638749369779504,-0.209344315103249,-0.8784579552855614,-0.5852971761943231,-0.7235246008235716,0.1496362191497467,-0.5709995841556651,0.0348440600131189,0.5414417253253194,-0.5991337666733227,0.1799998062388801,-0.0511253317761548,-0.5245721158455237,-0.7304388587374878,-0.144626403385833,0.1485713163273069,4.632047936551718
Na,Na1-2Ca2Ta3O10,NaCa2Ta3O10,Na2Ca2Ta3O10,mp-aaacrmjg,10.092045125947717,1.8137835478845217,10.815687838389724,-0.7283400984388009,-1.160286012227067,-0.3459055406669793,-2.563288287416732,-0.4431754219458372,1.2545100806570122,2.839606254344408,-2.7049526624698546,-1.7609417615193337,-2.3424892888020787,0.8435607223633601,1.1445155036096295,0.5917306147106023,-0.5552363226532289,-0.0252523087646057,-0.3109083573591704,0.8558734242291529,-0.1961252024300167,-0.1275896757577064,-1.3676762345488789,-2.0044496259402727,2.8877074799264006,-1.4650947730609774,-0.2714223925354989,0.7227598952053513,0.0583985605401356,1.7949252230518695,-3.6760649939517913,0.1820248397553273,1.5616630442099444,-1.1262908236104103,0.164821153672752,0.6653135145383582,-1.591897204767445,-2.042869639722047,0.4858591482255386,-1.656588663904173,0.2416174161704443,-0.8693973290415341,-0.7764353093145258,-0.9464032260280586,0.4144294483926347,-0.0616976587168263,0.5585268396789123,1.052185799484995,-0.2110884006062881,0.2362785873305246,-0.2732474250935922,-0.614322295840255,0.7448241353070232,0.1610050063038122,-1.028034768758657,-0.9396686505852748,-0.7238015865725747,-0.2264623873750796,-0.7021165073610439,-0.4964913002193662,-0.0187641248629602,0.022423348100435,-0.7020225215658613,0.4587890628881084,-0.1909395809563531,-0.6243780795357169,-0.1445438367181015,-0.6240020843973118,-0.1844198224537501,0.4479541904730436,0.2133727751686441,0.0505279276849272,-0.2228113407826945,-0.446681196524631,-0.0469778352831849,-0.0747501669581116,-0.416957474216825,-0.4959842925963442,-0.1921288097583432,-0.0156256285748808,0.342709186551733
Na,Na0-3Cd,Cd,Na3Cd,mp-aaackkoz,-14.306959877462884,-24.534023900284705,7.067896878491718,-4.6856442927082815,-3.5663418219713257,-10.258322045159172,-8.00037331924522,-3.4123464437824067,1.31187462893841,-1.318979615479136,4.068368650032374,3.993167542489047,-3.399813762431146,0.4413996567978033,1.1524549078056276,2.428229482820724,-1.2871543818656792,-0.5264459568230063,-0.4648582188745816,0.127012044592185,1.5345852685626165,2.2977749402401457,2.334034808488751,-1.6730719320444711,-0.081744602921911,-0.5835437257533065,-0.8014631771615601,2.295495981555016,3.2546001696241893,-1.8478956197195575,-2.604008202506784,-0.6562906598431525,-1.0285670468824026,1.0401092863907184,1.2851755664910245,0.5680592576374293,-0.5965066560697433,-1.8099648615532875,2.4233670343448144,4.8243056539639735,-0.2916251839361383,0.7718630993548109,-1.655403324343361,1.8231930147288316,0.3344401472449178,-2.6357434700738227,1.3139893105961518,-2.0723885742563786,-1.1022547876712352,0.757315629435553,-0.0173111670664694,0.3349790949991725,-1.4269932343303389,-0.052355662495001,-0.0055344320015641,-0.5056505001391725,-0.215565453470148,-1.245446247275679,-1.2158223531790424,-0.1165276556532126,-0.6680738304522637,-0.2649912062508539,0.5545743715750746,-0.1473518939985946,0.5856796531465204,-0.2833740748186281,-0.0103508334041313,-0.7782059549682255,1.4225541426682236,0.71424913028877,0.5704573418948881,-1.1952599163126314,-0.3392529534466091,0.5823557124004786,-0.384604023971929,0.0650036355105818,0.3986613038643389,-0.2961374836744611,-0.5193262136814725,0.8563191306371472,0.044406096551723
Na,Na0-1CdN,CdN,NaCdN,mp-aaacfjvv,-7.578567598745317,-5.969982806551226,5.683978492320101,6.930162799781873,-3.488124294609152,-3.098999417585391,-3.590655239923329,-1.7793440370869131,2.092380887356796,2.5253747351076163,3.642538747753053,-1.4828249430517166,2.05031332142044,1.4322802935232424,4.669005804255701,1.520406453133463,0.8160077657163652,-0.974253195605652,0.9763872394022076,1.7431731006237825,1.3867673962722478,1.445183386819701,-1.117138144396164,1.1113957524282754,0.8776354584176097,0.1543818994320406,-0.3536053150159269,-0.3135669486048232,0.7808054606444853,0.4716832447481949,2.791182903292392,-1.6232664274617712,3.349987151309175,1.512256215292067,1.719140125072594,0.1659188291760317,1.729092270385476,-1.6172890106731694,2.222937032864381,0.562263045380434,-2.6496401755098704,1.3884925050781736,0.0480071221137573,-0.564640521048144,2.13499981621568,-0.2677345511788818,-0.0822394920666939,-0.4207098882359206,0.0123798140474696,0.1108871313759807,0.8468983896699772,0.0850930817087138,-0.3210767752392746,0.8362318798649518,-0.6370190086973972,0.2887312011337276,-0.566939373192207,-0.1642291738846854,-0.0094476562542581,0.2504491531398288,-0.1238146199921225,0.514193045015425,0.8099751988250857,-0.1770909371357269,1.6424083080126324,-0.7834942363707105,-1.1785449247272477,0.3480552464619543,-0.3232037145391813,-0.1006327046139453,-0.0719426880651477,-0.5104649184579345,-0.5150724934650617,0.2935226061835352,-0.2029672674045805,0.4395614899935933,-0.270090492455275,-0.4413559644621055,-0.0584719934887456,0.0088717769571513,1.321085651551725
Na,Na0-1CeSe2,CeSe2,NaCeSe2,mp-aaacjmdl,-4.929463309184023,-12.992821044434908,10.014993952089014,0.5742209971735914,-2.9428392252710003,-6.601779065718596,-1.141460195720832,2.107641909123489,-0.1914410722553731,3.1037212332633484,-1.9914524365769413,-2.989753990786537,2.125682852562236,2.964198966882177,-2.9951712358141798,1.5979791302049755,-4.645283774979689,-1.6307444941155604,-0.9442252747546812,2.430406714144663,-0.2269133167416648,1.443895729294668,-0.4760349839398665,-1.7051619167134522,0.2367131459559778,-1.1173199429654692,-0.3484986281836398,-2.1056189588583827,-1.0609268259700186,0.2060097389665736,3.751588850367679,0.6206996742614372,-2.8428087451225057,-0.7776619389895095,1.5278050413249509,-1.5145989076583868,0.5395109084947314,-0.3568234168889164,0.7450072994059829,-1.6734475894916048,0.9509056505081384,-1.0627987710168405,-0.6840718974406771,-0.3695196430693609,1.1100038517393953,-1.1433414219767846,1.5389985490200675,1.1419722498137743,-1.0758968329985898,0.3164258341746814,-0.4616189528326995,0.3112312458806437,-0.7461974396159299,-0.0045786275813494,-0.4737889383277968,0.3756915122197473,-1.5615671525212766,0.9940049186926811,-1.0341813630445198,-0.4303201590365903,0.3905627194374501,0.8651148752849295,0.5443114405980424,0.8143323484887947,0.273706901872446,-0.2077501407958846,-0.2475783554344454,-0.1484402219986016,0.6453611204619736,-0.3460280102785521,0.0823222858929013,0.1968321110190656,-0.0946078072205023,0.0050237135098728,-0.2244954045462936,-0.684244585907607,-0.315022875360379,0.0845878582763993,-0.4686076438141874,0.2999369351165998,1.903520346551723
Na,Na0-0.25Ce2Se3,Ce2Se3,Na(Ce2Se3)4,mp-aaaabwfa,-4.130982885371084,-13.729123701002257,9.974353944060953,1.2551954587155891,-2.0006182062458517,-5.867857960619386,-0.4247951682204822,2.981653903276042,-0.1579534598493735,3.022608560876673,-2.898828503989475,-2.860215270628008,3.0531319706898463,2.771682525696391,-3.685325300665724,1.1199570970347557,-4.730958512678668,-2.704321111954668,-1.413370514656313,1.8927108482452988,-2.759710371888249,1.825272921498494,-0.7304858332665639,-1.4769686536322817,1.2112582900270632,-0.4903688928131633,-0.5233713635390049,-2.350934766513764,-1.0685010372172592,3.598402686384764,1.3018741021681108,0.2776497160885501,-2.5862352941106344,0.0152352651995136,2.8379156255726747,0.0649211987994427,1.5520697864486406,0.239077405704864,0.1198508074579615,-1.4301310431709564,0.802302660087558,-2.175274550369934,-0.5829116240533377,-1.1314925876630573,1.3402478074904385,-0.9189535647892496,2.0077526922552416,1.774960091146775,-1.620814607426242,-0.6133132775080741,-0.2078998273663984,-0.2933362656091102,-1.0567885229724694,-0.0279078577288175,0.0709935040134675,0.6059337367506961,-1.5206544390386094,1.399075958024919,-0.731966730576487,-0.3815513847148615,-0.1824223211704446,0.5941315435286967,-0.5618023563276896,0.8426280606286819,0.0418203629160686,-0.0601223950409918,0.4648001264182961,0.0702870591719301,-0.4108538446085087,-0.9474295296628472,-0.411841532879282,0.1012730986064891,0.3031594297698038,-0.1380704088355537,0.1319868192178618,-1.181174788598103,0.1263181892883476,0.4330109611409772,-0.3430937803250871,0.0253864263471747,1.3062331915517151
Na,Na0-1Cs2SbCl6,Cs2SbCl6,Cs2NaSbCl6,mp-aaacpjuf,-4.232842563246545,-3.2416409644501205,16.6384615273802,7.719536111160861,-2.6867136965260623,-8.715867081151208,8.876247169596917,1.8373983519449093,-0.7368241288898251,-4.224280463325945,2.044659756531175,-1.299937828691865,0.439051248539039,0.060617577553626,-0.6569738633206031,-0.3126141488945232,-5.888329243210394,3.442930632462348,-1.670360532743165,1.4723833190367084,-1.2075778147145892,-3.5493580896996204,0.1132330759409378,-0.1821028444962086,-1.7586545774153133,1.2328948770146302,-2.7906890672724955,-2.1322212735271497,-0.8536851194506092,0.670061131887073,0.809271915750062,0.5314929586473875,-0.623968644814499,0.6355672970327164,-0.205032799647108,-0.1522333889642829,0.2160138245950444,0.8185620730887659,2.4653706903402823,-2.6368390613319312,1.3876253467138857,0.9361262730934852,1.225221409443969,1.7422906083497,1.9144566069340443,0.0043264950293447,0.5058410377788163,0.3391978225161325,0.3514455843620276,1.1787563487193824,-0.2756755767514137,0.2896246188980632,1.0857089513746854,-0.3395927938803426,-1.360008914588973,0.2457422851786689,-1.0259032430434596,1.7378382312875795,0.2487291869295944,-0.9130500824605812,0.1971945894208796,0.3333311039401244,0.1433665385773968,-0.8385047010021665,0.8243264027909394,0.7581880514857603,-0.0710239747217897,0.4075114305253094,-0.232391149349727,0.2972621536571666,0.6393284119284955,0.3163687066368308,-0.1037209205247183,-0.016180191618001,0.0669093472115572,0.5930995872333555,-0.3647436448430872,-0.0344997036123447,0.018079833082796,0.7386840131091258,3.135656256551723
Na,Na0-1Cs2MoCl6,Cs2MoCl6,Cs2NaMoCl6,mp-aaabgmre,6.720626900965704,-0.7365837825891541,16.04229452247084,-0.2995371452091708,-1.7036582281669317,-8.105977284515282,9.848712729115514,0.8524352872846027,-0.4647514117135508,-5.42532787933349,1.6772878936156934,-2.905262540628732,-2.4030633664239827,-1.2128321409010396,-2.193897576084052,-2.224889222748146,-5.578439780929487,3.537624297626723,-4.598192511054628,-0.0792005803129697,2.2077489465782163,-0.9598367900231908,0.3239449220590746,0.7483685915313717,-1.117339023968207,1.817346964958341,-1.7730324186598685,-2.8180365131668386,0.3158693736979733,0.4788879340551391,-0.1338497449887047,0.458896214916375,-0.2801548119704516,0.8634755307739741,-1.898336417925083,0.5555672940407432,2.140102249152659,0.4649472162572293,1.1403901230272564,-0.7322574582306779,2.6105196130709576,0.2794723263493113,1.1829810423723366,1.9242168009627731,1.9270742435295427,-0.3513726275148716,-0.3164859563159679,-0.210988636450912,-0.3150103566676728,0.4292151544160091,-0.1433758962372666,0.4568419501486937,0.9649920232756108,-0.1151803036283666,-1.1108994942926058,-0.2122060851370398,-0.8809738944737228,-0.0750105595537888,-0.2774149021400547,-0.96303701615566,0.7097535807087579,0.6613043611926646,-0.09490408624032,0.3082054568234608,0.8703070990414649,1.1196362977154188,0.0090678715282416,0.1822783180440101,-0.0306535620468595,0.5498116318155312,0.0801520609195927,-0.2110205065375183,0.1306302089864567,-0.6165679428008934,0.17348909110502,0.5135350307836294,-0.5856356829801497,-0.1140667102590463,0.2058503810209598,0.5360986680379969,2.404134966551726
Na,Na0-1Cs2TaCl6,Cs2TaCl6,Cs2NaTaCl6,mp-aaabglar,8.88118615483479,-1.5556401916924585,16.45807988392736,0.7473962129322413,-2.9906973522104106,-9.657960457310054,8.988922241758013,1.2717154552987893,-0.0798601289192839,-3.542935867029898,0.6665331523610171,-1.1355374104122582,-2.9303455010851867,-1.0322678668041767,-1.0196408878867855,-2.1547015760904515,-6.385328517812577,3.077828788564573,-3.7516400745764473,-0.1465626256127238,0.732844574182442,-4.029416196317424,-0.1252923245267747,0.6888025101764885,2.132941503957023,0.2041277885186357,-2.081632879994736,-1.7566049353823845,1.229167636078354,-1.5395728371183404,-1.694633067825615,1.7369519521273988,0.7061458562061697,0.0873434198992619,-1.7322226970622945,1.8676290041641936,-0.1087250221791969,-0.355185027410167,3.0922742787856534,-2.886287279660178,2.564843905474281,0.2483110186095085,0.8618277929315092,0.0264994616929601,2.5454133253355185,0.129668152928922,0.7581531138360234,1.0156150624821882,0.2537545931472082,0.3291821661446207,0.593886958677555,0.0617259100369479,0.8551624695167052,-0.3301857316431861,-0.9705640795158093,0.116039163970594,-0.776011075408644,-0.4205545873636446,-0.5411716721122704,-0.7453462597799987,0.8616460212927061,0.7928361460911366,0.2312204108154601,0.6380789991214559,0.4259313601586453,0.668169749224445,0.0331405739945891,-0.4385833631648567,-0.1710362104079092,0.75748933525165,0.1147029111307083,-0.3992518784582144,0.3336577908731707,-0.843456706072635,0.2479642592608808,0.2402226797027028,-0.3444972539963631,-0.0712364561889347,-0.367249170727909,0.3680164728211753,0.8984755465517261
Na,Na0.17-0.33HfNCl,NaHf6(NCl)6,NaHf3(NCl)3,mp-aaacrlwb,8.176739657048692,-1.527513992706141,10.343626140876454,1.3576844192369542,-2.389408357876209,-1.065866662833144,-2.181842995169109,2.638417454306732,0.0756119323869002,5.25832102037163,-2.6953817194611123,-4.840729174225661,0.1362730843677057,2.0363189505724217,0.0540489504357307,1.2651382211593247,-0.6616553167615792,0.0714358750079241,-1.4195623879737014,3.218410657015254,-0.8892796963242358,-0.0206675804471725,-2.182887263009244,-2.712952472390888,1.5469850597203996,-0.8368231480814442,-2.503594106856652,-0.9045213329348816,-3.238598404595032,-0.7131719201838564,1.6128735369738814,0.8065895790570339,-0.6030294575711013,-2.5371408302097938,1.8705340115874864,1.1768636323965185,1.5567047801261598,-2.40753718022234,0.5415370522996633,-1.7620017685406322,-0.2451900713885678,-0.4518076547447036,-1.342229707192422,0.935983861125106,1.82418695118644,-0.0628793122290938,-0.5302762204962558,0.7856027301146304,0.7053042606181104,1.967996096908372,1.0942286667888177,0.9559259013390968,-1.0211045384921424,1.0302027172342187,1.2624911727481147,-0.0919735980579152,-0.6283240767619793,1.1829023929885174,-0.2867331730603289,-0.814173304133959,-0.5186230625054541,-0.4611208802591688,-1.337514159739968,1.214467095973335,-0.5258594119010621,-0.4803372463622326,0.437210967096033,-0.0912591118417191,-0.1416539406731279,-0.2363374610363292,-0.8588890679630473,-0.307748053511778,0.0164684819646334,-0.91640519813216,-0.0853856201222305,-0.6027327785804373,0.3786705260228875,-0.2847303980680892,0.0193082905124572,0.6684139812381871,2.079799786551721
Na,Na0-1K2MoCl6,K2MoCl6,K2NaMoCl6,mp-aaaabpeg,3.2601216622315827,-0.2463925611009864,8.508320275299074,-4.441006149258776,-2.0713824245217096,-6.840962436953773,7.349280235897666,-0.556173337867566,-0.1585841524424598,-3.3144565790409604,1.5691863554202754,-3.382008308762533,-4.947904334021875,-0.6624979578751254,-1.271336290228967,-2.1127702440998224,-5.061424486544758,1.319081446648492,-5.099221414481846,2.3484789019915104,1.914644156456206,-1.2034099635265725,-0.737235778441608,0.538891117325234,-0.8728518690983783,0.7968369738810477,-0.5958901064486348,-1.573790393861621,-0.8526448960442998,1.128579489361005,0.4369448989663874,0.6659448919278893,-0.9270910606540262,0.7057458096647198,-1.2837074468901923,0.5531841266002258,0.5555042042109545,0.5909115557200084,-0.5219365013611112,-1.7595426877183715,-0.4463070087505272,0.4012081492438114,1.6769415396388958,2.054351372092896,-1.5938455720522149,-0.8601782281590531,1.996592379574621,1.1313420525168305,-2.195591798339594,1.2941809512782725,-0.6039463122289949,1.1943649262620943,-0.367811706242306,1.1030973142118472,-1.228019113824922,0.6398279219440134,-0.7460420262988081,-0.8651624351326399,0.5006155325745162,0.2205189444240735,0.2256261985104831,1.142984011503631,0.3639792896532368,-0.215188860977519,0.1743618518423912,0.6879148196645278,0.7379043251483299,-0.2545582644162802,-0.3117427077210621,0.1082486116783964,-0.8156690209489023,-0.5020242994399531,0.3270100975945995,-1.064076962822363,0.192703047789489,0.5879412049714534,-0.1914929892719114,0.2768750698768067,0.7519145897668288,0.390938949048046,2.331529446551723
Na,Na0-1K2TaCl6,K2TaCl6,K2NaTaCl6,mp-aaaabukh,6.982734221202233,-1.3312388938359792,11.069633916053558,-2.107091718063033,-4.041215288878984,-7.658163120193123,5.273487614120653,0.5161484222519168,-0.2716808835931759,-0.5496345265580632,0.2998815563578627,-1.3394648633648112,-5.841346109258748,0.0894639021638928,-0.6545042015634307,-1.3835216038221998,-4.777387444783762,0.7746006298180048,-4.666063064466455,1.7035172907071168,0.7463122479677967,-3.831698627045049,-1.96740620891177,1.7176432679994849,1.8661061898597195,-0.5275364629056559,-0.4479403905380456,-0.5878109341438641,0.5528966396414267,-0.7474705875289349,-1.3898191441593926,2.0662752396794657,-0.221972395352719,0.6125715845200763,-1.6367077877450544,1.2422617846750563,-2.882101109156452,0.5918584316062259,1.7489417833124918,-3.6806532219240418,0.1523324293759748,0.3649150546240302,1.8715827886136187,0.6458048592572767,-0.7990786678577344,-0.5851359672364437,3.027408891233399,1.34670418443914,-0.8120333999417338,0.6428510388474257,0.1527966990525619,1.0639885152644015,-0.3896667851478989,0.6236952284591658,-1.1506097014257874,0.7927348563490295,-0.7516138140626898,-0.8810198939049579,-0.192813631201735,0.2729989797643818,0.3416680184111244,1.1282611727230552,0.6750913492313784,0.2099121482035199,0.0967773735496749,0.2012657867201955,0.5181762436891528,-0.8984323066623562,-0.4548072605000172,0.3937327978782473,-0.5259004081146553,-0.5254638308812213,0.2568769939297305,-0.9112087938987884,0.005209630330436,0.4267573650814251,-0.1479881705921365,0.2164180575572938,0.3683001182793812,0.3212014041470455,0.8523509965517241
Na,Na0-3ClO,ClO,Na3ClO,mp-aaacigyc,-15.0045623515596,-3.159516335104358,-1.4912030644263934,3.8456618373669302,-5.002553647439824,-5.762874786041683,-0.2407712106512293,-3.2978184479756782,1.0529620642165154,0.1016850166657327,6.065400086308478,-0.9145061656542052,-1.9978368795114183,2.3812266891970686,2.84213512662239,1.803818529466167,0.6470130905446252,-3.848302183664211,0.622246160791923,3.6612539644055855,7.118668055145426,-0.0564783014261626,0.6937252467617868,3.213708129857593,-2.213509400567336,2.611158017279084,-2.211510940823292,1.45763348724576,-0.6876409879613253,0.311943132272586,-0.1561611065999083,0.3440343442348779,-0.8867968764839635,0.9166889750331164,0.7185356909027415,1.002461596970851,-0.1889354874964729,1.2385081143080323,3.3371359787111485,-3.0695669749849763,-2.813634183013751,3.375881222197905,-1.4402856842164269,-0.4748520243372819,4.061847266549068,-2.108521022174622,1.807285097600155,-1.6626331838795771,0.8029594496098542,2.342725612651533,-0.2187325114682348,-0.4154565256202677,2.7206289248779454,0.3193589072636403,3.355581264169913,-0.934367501670684,2.6071560108851237,-0.0318997020187808,2.634371263169773,0.4230735505810215,-4.977398486508382,1.4345478418800437,-0.4991551221471557,-3.131057468268041,4.25316163044474,-1.5058291282650524,-2.434712728447577,-0.631325022444796,3.599533664348151,1.462499806584994,-1.3531040979063031,0.2987615146812711,2.1471197930943755,-1.7616164597319517,0.5422238840348456,0.1550681344874001,-0.6002944924408019,-0.2843997516731905,-1.8548309241036975,1.2700644367357952,3.707624839885056
Na,Na0-0.5PrCl3,PrCl3,NaPr2Cl6,mp-aaaabiit,-3.285578209813259,-6.414280011735537,7.248796369927501,4.329885066517604,-2.801460199995188,-5.265802737128681,0.039326901340795,2.219151719845808,0.5663862107517894,4.220168962868222,-2.2774425970528736,-1.2962902652343469,1.068553194909983,2.2214049319999565,-1.2420463822102976,1.4082564719085595,-3.502447312094789,-2.021248998113682,-2.228859137106815,3.407136546085316,-1.0321943419400113,1.6236067443116973,-2.2275295095579164,0.2319176848280295,-0.7981077220854917,-0.9582592121486052,-0.0226060952313274,-2.931698536392127,-0.1117620309236975,1.1703475592722803,4.878869498095396,0.3893127829572357,1.6450567950387618,1.9615124219873337,1.7106377571089786,2.474565736509654,0.7565218094286397,-0.5750025982596175,3.635433923177725,-4.544853544384605,0.9745658442469328,-0.1143414475289278,0.9374473270814694,-0.1365774844716167,-0.2231562904753705,-1.8028473589792628,0.7184448197365898,1.304544279941937,-1.9584610748175988,0.7180793481036344,0.4162125447351933,0.085026684931099,0.2798373233314893,0.6651312436541396,-1.5293213107804282,0.599564933933931,-1.3413505606399247,1.228497055550366,-1.327221102856187,-1.2390330729120314,0.0909794503564077,0.1487472141193999,0.3269008568212847,-0.1129843286430972,-0.127087118246397,0.5868283746827428,-0.1984481502383684,0.1732202366709815,-0.1605966297935059,0.0124116837886434,-0.4076049970398258,0.374655838836917,0.3515876118715413,-0.4317203932275058,-0.8427889031004657,-0.2026168406016352,-0.1848888950355723,0.1325361390315497,-0.0686737101509242,0.9604200886075618,0.045039906551725
Na,Na0-1Rb2SbCl6,Rb2SbCl6,Rb2NaSbCl6,mp-aaacqrtg,-6.252118197560988,-2.9561398171416573,13.4370336942684,5.312575117071733,-2.497438225667993,-6.859398585598846,6.598471874004526,1.232314822808712,-0.9794076728030264,-2.789875984805177,1.976547609454336,-1.8091735229122416,0.1528930467398937,0.6222798697849127,-1.3184510076133833,0.2010567687462764,-5.206891104977925,1.7576205546075705,-1.3733181392494245,2.3035736868158447,-0.869292522956155,-2.9668137606228804,-0.1782847968715491,-0.7043972973135735,-1.384774005502462,0.8528745371786521,-2.9632491709881448,-2.293635551979139,-1.333457065761909,0.7048356395895764,0.8481869814169941,0.5360148869815206,-0.8323561946515239,0.8785877236156892,-0.0073339273408228,0.0639567439718277,-0.0151995355616283,1.053400912938072,2.518529102025331,-2.964561154314109,1.0738714909675906,0.9505508563156734,0.8867849979764589,1.4843774221896349,1.115885560095081,-0.2357347481457275,0.9357622474517427,0.4280289323705932,-0.6147264352544647,1.056653596530067,0.2471554398009453,0.2428673319382609,0.506191599354398,-0.1688848486716493,-1.9312365906828264,0.3627834765968633,-1.2562362116247932,1.438553768440298,0.5496607367442841,-0.6482206472790419,0.0317565284596953,0.2197628962851803,0.4817648505303812,-0.7621386582421168,0.9593253708065852,0.6577855431583007,-0.0057615731990962,-0.0998051436626321,-0.5574789289598978,0.1874269043839851,0.3626940872263193,-0.1136037335086341,0.1952507087732022,-0.7759540067020476,0.1332096781794071,0.4983886329580206,0.0517692411524744,0.3256712063495949,0.0613323305246429,0.7965079122800872,3.043628696551717
Na,Na0-1Rb2VCl6,Rb2VCl6,Rb2NaVCl6,mp-aaacqrvq,-1.7273250782334189,-0.2420089195496738,11.698807309518749,-1.367024789541665,0.3886327747328951,-7.762437298032763,8.735071123148781,0.8896820058327202,-0.9098331048976702,-4.018669446207253,1.3566681462540986,-0.8835130584706503,-1.2650246246384167,0.3331055293433554,-1.795369501012915,0.4278620330382196,-5.2466506839088,2.350794733556527,-3.714459347331788,0.4867532622733207,0.7012476993762298,-1.477091977484258,-0.6800278385094422,0.8954977131417835,0.3758248331908631,0.1667465224467775,-1.3403233599145452,-1.9212513048827164,1.0841072263680802,-0.8165988609173296,-0.3190566934504028,1.5692350121129437,-0.515894281951283,0.9961384898404106,-1.099161848058181,2.092830713100893,1.3462211101997363,0.7218659429594806,2.043061205850376,-2.349232187100746,1.5264348373379637,-0.2578740682060193,0.7361395872813643,0.8989976959023713,0.9492028214467252,-0.071151641634693,0.9644369951396002,-0.3526260880847737,-0.213269328689981,1.19145229081857,-0.0635931839287462,0.6316887422903978,0.5877706569430439,-0.3676216375669673,-0.8394366396639452,0.3073243040226611,-1.0861688390960735,0.2545719044287678,0.1437533800541205,-0.2176087302278341,0.5172782153089045,0.1149856282046593,0.7175695109076251,0.8996057491050962,0.7546351796867489,0.7895373555761495,-0.2377015359966529,-0.2621979323383032,0.0120712457177676,0.6791350234602662,-0.3954233320679423,-0.3762310076052135,0.0915518660254023,-0.7110072459951648,-0.1186527033841271,0.1382327284256908,-0.5646812144705072,0.1017427642453182,0.3235376504637763,0.5923776759789153,2.675843536551728
Na,Na0-0.5UCl3,UCl3,NaU2Cl6,mp-aaaabiiq,11.480005411645518,-8.823994329911763,4.981883257276652,3.044513540809006,-6.977912644472376,-6.75515528332599,-1.7049947350513028,0.6431124133741307,0.0078565207268465,4.636703013701061,1.1749157475285503,0.0933236662241179,4.904264563013407,1.2449166771783924,0.9796338598482311,3.478219742906441,-3.9704502680670215,-1.649979000933692,0.5303179054801463,5.857221298757815,-2.808192025954754,2.0451567913246103,-2.6925456445433613,-1.0905596564845743,1.8170653801434744,-2.122900035177495,0.3840640139527378,0.332989592215558,-0.498640651872199,-0.4258071175038429,4.864024559646419,0.6362836235692879,2.629930408089697,2.129855796081033,2.2002104766644965,3.6120570769084335,4.932887903143718,1.5177316492140362,4.218762025152711,-1.5706606565946155,0.7412583662879285,0.6334437627286668,0.7138835582106735,-0.1738546810265762,0.9152781205689832,-2.1263725247533043,-0.195510530820198,0.7876007902494057,-0.2738867772188393,0.8845374205827943,1.9676017631341427,1.139369826630078,-1.1472804630802536,0.2520468502657523,-1.0733486677366728,0.2742851334981324,-2.407042909239422,1.229842988301236,-3.1998383335147147,-2.816260178813036,0.6994988219935716,0.56971910213158,-0.4518938357134217,-0.154297123672881,-1.7160088191702936,-0.7677223859434775,0.321730290297598,-1.458794683445404,0.150774026920354,-0.1612514401523458,-1.0808524019289445,1.1836012288480426,0.8837489827346573,-0.003895690460076,-1.3552813380144757,-0.0520432659357493,0.2721882590486658,0.6429543784124763,-0.5667089781607293,0.1682095983013924,0.244827496551725
Na,Na0-2UCl6,UCl6,Na2UCl6,mp-aaaabikg,8.612704242137587,-7.061147552352322,4.290258259003663,2.59158435760689,-8.48872613105494,-6.268103794164478,-1.755422476004226,-0.172153236187836,-0.0410165896684091,3.4413540218730976,1.8052623361011035,0.3608462873844854,3.1822644992629967,1.2788554521861633,0.6751310328308445,3.682932971261636,-3.302895351486504,-0.8942668783774806,0.958808576272356,6.355300891092499,-0.0472020654297911,1.8599910889333569,-1.552716920945492,-2.6424529037652467,1.4199807049738191,-3.1134845209750828,0.8183376179989119,0.4700023300404973,0.6633920030338268,-1.711831504513225,3.602690962155081,2.2684333042499976,-1.4330715796537712,-0.3631027936319981,0.7828749265946289,2.037763625311125,3.9806758538831457,3.3882856646044237,3.149591418492109,-2.737095663179309,2.2487189790581827,1.7641683793586642,0.6333432560732375,0.7340826103363501,1.1608709773959218,-2.798695610163494,0.4994473600525025,0.0286342433932043,0.4479518355071353,1.496022526634863,1.227232879815308,1.2188584120662287,-1.1115215484807823,0.3652496737954196,-1.6566300171180277,0.8295351965991097,-3.173879929942562,0.0406584366372788,-2.7832854305538905,-2.694112740311412,0.4890860730439076,0.4559243859489112,-0.3114515578503268,-0.7957460366529243,-0.9194186344981252,-0.6795641135959128,0.6077878006016108,-2.140973328818723,0.7642100321259719,0.3493686245910795,-0.693363713980694,1.304824746519012,0.1373327066047374,0.92469189421844,-1.523449752637584,0.1745195761686835,0.1745551935844764,0.4348106097855789,-1.178948218610654,0.1490049272443427,2.665663758218389
Na,Na0-1K2CoF6,K2CoF6,K2NaCoF6,mp-aaacqrip,-1.4097931973545543,7.152897587500648,7.659862983159791,0.5189588263845593,2.146769572384634,-6.908286992685689,6.220972817531896,-3.915083732218728,0.5424256506896163,-2.8564489554058325,3.7560643669118905,3.266021866289322,-6.152380646081473,-0.3556366955687678,0.4351623706984256,0.4253477808517337,-2.956521353551146,1.1970061893032626,-1.418041889141616,-2.196859742138891,2.0783220559421163,-1.317203654823874,-1.1915096585057197,0.594022870344561,-0.1532923374378387,0.2181230145716252,0.2285021163220147,0.70281247824933,-1.6561580837895649,0.8547035511237208,-0.4943264071692937,0.1306895554150464,-0.0910700693710501,1.5841471692768967,-1.781795259425078,-0.8690089927371856,-0.7006707848685523,0.5350104772820744,-0.3469020984483796,-0.2204922550132438,-2.066921510736801,0.0264508696693061,0.9313193220116563,-0.1147809804782379,-1.2918509636122424,0.5181943956706515,1.6489970770118787,1.862063754710362,-0.9174660083488512,0.4192461039275451,-0.363326342802858,0.7251791525293093,-0.514362034107431,0.1065570606952363,-0.3135248337479767,0.6765231772186111,-0.4383652986233546,0.6794463920145567,-0.4243456523912264,-0.2263642950033866,-0.4004972924023147,0.062864331146788,0.7194114006085401,0.0032194689963715,-0.4701042636844525,-0.3420846283807576,0.4098042227402325,-0.4696918549670006,0.0008066515824356,0.0733429156614165,-0.0007623158677007,0.1150564365730216,0.3988595161075374,-0.0177412604232314,0.3772917690799768,0.3530056648521218,-0.3374465496280894,-0.0529128599722326,-0.7605573736222218,-0.4939871274641362,5.137211306551723
Na,Na0-1Rb2CoF6,Rb2CoF6,Rb2NaCoF6,mp-aaabfxsg,0.797780282364493,6.599499772921047,11.364697482121766,3.127777030393778,2.0876502483890973,-7.096463879087664,6.658354126290818,-2.9084379781627585,0.511781710367587,-3.365345887674144,3.763153539173421,3.627525780941831,-3.280732556921841,-1.1448451867892355,-0.2896720098074459,0.4375617989815817,-3.1608982774314445,2.814954331313911,-0.0551653531081454,-2.813697556156588,2.234012286109215,-0.9546699673144092,-0.35564764091973,-0.2882468792231377,0.687218051853891,0.2369973624882969,-0.914739705491747,-0.6835771428289589,-1.0786719104658635,0.0517219259718148,-0.5017155893227988,0.3527914659035523,0.3809583918480967,1.7819946071042017,-2.464570554934454,0.1065507317778882,1.4237600402222272,0.0406203841050484,0.5809402298227007,0.3701049156986782,0.5629369104590833,-0.3033665411567577,-0.5990676348477207,-0.916083332477342,0.9045825114183346,0.2620283932002109,-0.2186143970965798,0.4627759574149905,-0.8220031089864328,0.113226933284532,-0.3556991891472196,-0.6285491083802879,0.4830845756431728,-0.3601281204781276,-0.5579047620744478,0.0160146367694465,-0.7578599827309662,0.971186205183805,-0.5828674240105584,-0.6705309025388462,0.0249328305038869,-0.3921381638811291,0.4671709407493568,0.7721484275788608,0.1383371488787865,0.2770094542998729,-0.0648925415479806,0.0149012813105872,0.1192627340157039,0.3744941060193375,0.2760031207527519,0.4078278445814587,0.363611286281422,0.2116753234829322,0.1583315808360223,-0.0144197181405534,-0.8257818942562996,-0.5185515281318913,-1.030845053506103,-0.1758393826169064,4.910117116551735
Na,Na0-2CoH8(SO6)2,CoH8(SO6)2,Na2CoH8(SO6)2,mp-aaacpbgj,-3.739449702478949,5.124273925464212,-1.5860331517926791,-2.071921329660373,-6.263714817009548,2.5799787098587537,7.384257454536571,-2.486346804502821,2.350129701279684,4.623943637875779,0.7712248369837686,5.40526039073527,-3.831840192930885,-0.8076156501176878,4.775025821471563,1.0975610380362515,3.405483695643893,2.3521932009046487,-0.2937430212946911,1.2508662157967163,0.718200525451573,1.3603390645745004,1.3453576332497827,0.6165286635076618,0.3229933879118652,-0.4850322567934223,0.6133050751493564,1.37081283603535,-0.5447734351631606,0.8677404067374396,1.7448071080220278,-0.2370847063038448,-1.289792561129749,2.943952553472501,-0.3642753224929681,-1.5409540624662097,0.4413671173713797,-0.606876671713287,0.3316485886781488,0.9838633304167878,1.1366324578063165,-0.2832385731989025,-2.319054283628457,-1.1846350404078292,1.3535621763326164,1.7645952334308963,3.370701274753854,1.0907679722558683,0.4063889650475076,-0.2424001055722072,-0.0585416291425371,-0.6964705596436541,-0.9311617222711972,0.1104268360751001,-0.0014522849188808,-0.6758786471855845,-0.1343326478851192,0.6353386186461961,1.573142520861035,-0.913521097477826,0.4006969717463247,0.0598249522228498,0.0867889961946498,0.6060275455588771,-0.2732897274269898,-0.1079560843410755,0.4495107649992674,-0.1226341065654985,-0.0073579913061205,0.9141910070892918,-0.3040296450993864,-0.0459370760708691,0.7186150774924323,0.1064216477468556,0.3147251605185718,0.216361178213244,-0.0681420393342817,0.0266653076853206,0.4140462049670009,-0.2329378748470746,4.997184529051726
Na,Na0-1CoO2,CoO2,NaCoO2,mp-aaacuktx,-1.5143572466915516,0.0967583540840354,-2.454270344267784,-1.0562380683579666,-0.3184730240756431,-5.41651934167977,0.6738512021528121,-3.5432446361555305,3.2080871039454,-0.1679804873995681,1.4523838141399077,-0.8435463040427489,-1.435309505845118,1.54546359161105,4.163271441485572,1.921933824676136,-0.787009452662101,-0.1614122162888683,-0.5518660954042625,-0.6631390611725722,1.6508788876327083,0.6558478105830082,-1.559165193510834,-0.1380246955673348,0.4076840832727076,-1.1475404988748654,0.7198422562710554,-0.2037164286547468,0.87698657636351,-0.0383465755503011,1.1091048337079106,0.1138833924174938,-0.5138228613856639,-0.6292743345159214,-1.24884291490886,-2.274504620823865,0.7603950485743797,0.5453139878813987,0.520346435327532,0.0735555611014567,0.6064242610222111,1.6178149112805469,0.1633910062724463,-0.0413083976989781,0.4970188458569377,0.2061690490506025,0.3763302248432913,0.2836906102935673,0.0415817173053776,0.491485370681114,-0.3853751305127639,0.4379976456465471,-0.4449706682887583,-0.2240238436876457,-0.2735211257959261,0.2360226294191279,0.3162463541638093,-0.5470930986518282,0.2516218286088428,0.2950695777970266,-0.3441222443726246,0.2762794830479362,0.0724929074437887,0.1015795919138837,0.1605226490145238,-0.0188946804094162,-0.0508318403597529,-0.0437436746616351,0.1781646145143617,-0.1890934795418197,0.0768179174545954,0.0443863845839785,-0.4861977360719913,-0.168784200469222,-0.1724512896866476,-0.0921756880895985,-0.1441584987605195,-0.0144491600734828,-0.0629333419802869,0.0616125505834493,2.662275291551726
Na,Na0-1CoO2,CoO2,NaCoO2,mp-aaacupmn,-1.523999895651187,-0.1193445438739681,-2.397319571314698,-1.1706658349628132,-0.2086778044383665,-5.688693301720871,0.4908268931177419,-3.5116975693450057,3.320123439280442,-0.197811433729714,1.3018981939518426,-0.9578916525516926,-1.4320139616061174,1.417671268445653,4.253516840553767,1.7347811781165725,-0.6022851829221488,0.0392273934269971,-0.419302665682904,-0.6312880326609157,1.207876434640872,0.5750554384632093,-1.7040248117951189,1.3290115620261682,0.4816179864875705,-0.4421350443322983,1.2474615974911982,-0.1542459807474002,0.9626254583934768,1.2653395797375926,2.812403772896328,-1.3248250750534292,3.744454230369203,2.334988780262955,-0.2786935558608581,-0.6042526719379082,0.7479562195114984,-0.1850785669885823,1.529548138745405,-0.1859706738438585,0.0758120571411202,1.2245575046959087,0.5847469865800766,-0.1713471071089987,0.1998262473676611,0.1423788275759166,0.1201721210482492,0.2492796306594124,-0.6361465784461086,0.0603911924965583,-0.118438992257752,0.4486750770137123,-0.4748041592485027,-0.0743874352879038,-0.6429340591246626,0.0574033652112878,0.4119981231926397,-0.4527440250597113,0.2391329208427385,0.506431367799181,-0.1370450118289378,0.2049271350409362,0.0490132954628062,0.2076025229205398,0.1257238582697757,-0.1408849043735509,-0.1435441110994464,0.0367468435351341,0.2899289931159484,-0.2297912648065884,0.1196505126239159,0.0582048741902553,-0.4205490774965494,-0.2340746790485164,-0.0372025026730222,-0.0415760525792843,-0.1387483700976485,-0.1574330214336772,-0.0034824075784217,0.1374635082268128,3.008840576551722
Na,Na2-3.5CoO3,Na2CoO3,Na7(CoO3)2,mp-aaabsers,-3.3528383063799843,3.8253606893235577,9.025482142969828,-4.918321156363514,1.873174614622292,-1.4671829680582753,-0.6658081286345983,-3.4360665669734605,-1.2898533719375431,-0.6946702321448092,1.6440203876174484,-0.4018664207732911,-4.898001838993915,1.6448754408287376,4.922536897843051,1.5072915055896412,-1.3968317189701471,-2.1008370570130386,-0.6012298127533865,1.6439578963107435,0.5304932341745326,-0.6632834520571638,1.8044592111802331,1.2560364313552017,-0.1465823638984278,-0.684016797011183,1.7166628724797386,0.483647771331374,-0.5097104068494877,1.4450170065319434,0.2697034962676213,-0.2141727031180331,-0.0672432084986059,-0.1886550487078064,-2.058978145007657,-0.705411592744174,-0.6351304133617061,0.2009518201717429,-0.2355132299900355,1.1082457879451888,0.0822702592174865,-0.7129177026114119,1.122353353647183,-1.3113506048680246,-0.7506147443269978,0.9275262038982148,-0.00082451952496,-0.5236774512192556,0.6955030396199995,0.8884352284882299,0.4460333093579113,-0.2076160433394439,0.4195755016778916,0.5173288650883012,0.1787536148551582,-0.0839708174918703,0.1933042468183185,-0.6324529343232622,0.1083317960496216,0.1931962672287792,-0.1840301457236778,-0.0144515609229875,-0.0666270734326073,0.1818201055680792,0.5361697194802937,-0.3702234296154336,-0.2054498587708683,-0.4418857307314091,0.689538398501975,0.006984608592878,0.3503689433091936,0.1737789768727833,-0.2505756202652712,0.3364156238930098,-0.0546984077999479,-0.1706498137065015,0.1742383124355623,-0.0154392840868973,0.2981959408812606,-0.1113289100157528,2.179217496551723
Na,Na4-5CoO4,Na4CoO4,Na5CoO4,mp-aaabrgjk,-4.272537356401224,3.825057490605957,9.861188209051043,-5.013600549397716,2.329742193646465,-1.4046226065996636,-0.9020300236279644,-3.5321561599977707,-1.467504604418142,-0.5075858376916007,1.6104519817577307,-0.0949920947155132,-4.91759875918614,1.2425428120655193,5.2005311007827215,1.3128571966481262,-1.4713505671544282,-2.4802816929002875,-0.6698524132480749,2.422093811083538,0.4722425416124422,-1.4874820981974817,1.0775876286599968,0.1494995524958358,0.2903512718687273,1.631081969810376,1.6704846850232125,0.8799564561355329,0.9491284652326571,1.9120658071261605,1.27813373321036,-0.1493625560118968,-0.4079827880445701,-0.6144300315622967,-2.843842970042206,-0.4768456976420334,-0.4080564963351817,0.5641218608063681,-0.5481271044693028,1.7003629637929232,0.2145111385856717,-1.5087327004595037,1.9721657537479944,-2.098297860159238,-1.1827782884290303,0.8244035600052189,0.4860092120351301,-0.6237745992870823,0.7000136773031668,0.7624748797257929,0.842198475227757,-0.4316165373466937,0.5417400866825064,0.164787859605608,-0.0867088001668704,-0.0184490366281145,0.4393657854831316,-0.735419130143625,0.1525993813286298,0.245668341891449,-0.1057101073008212,-0.2210537710594392,0.0590171849117249,0.3083582354228466,0.3806871790943482,-0.3936770151282725,-0.3323988484903998,-0.5179465806964423,0.9464486384979016,-0.0988248507520073,0.4954806697707949,0.1652127263013182,-0.0144223199792988,0.5869748415788955,0.1398263301240285,-0.1436360282275446,0.1793522715177737,-0.0126724196139419,0.4321342373721139,-0.2878763513057515,1.6768774440517231
Na,Na0-1CoO2,CoO2,NaCoO2,mp-aaaablio,-1.5143572466915516,0.0967583540840354,-2.454270344267784,-1.0562380683579666,-0.3184730240756431,-5.41651934167977,0.6738512021528121,-3.5432446361555305,3.2080871039454,-0.1679804873995681,1.4523838141399077,-0.8435463040427489,-1.435309505845118,1.54546359161105,4.163271441485572,1.921933824676136,-0.787009452662101,-0.1614122162888683,-0.5518660954042625,-0.6631390611725722,1.6508788876327083,0.6558478105830082,-1.559165193510834,-0.1380246955673348,0.4076840832727076,-1.1475404988748654,0.7198422562710554,-0.2037164286547468,0.87698657636351,-0.0383465755503011,1.1091048337079106,0.1138833924174938,-0.5138228613856639,-0.6292743345159214,-1.24884291490886,-2.274504620823865,0.7603950485743797,0.5453139878813987,0.520346435327532,0.0735555611014567,0.6064242610222111,1.6178149112805469,0.1633910062724463,-0.0413083976989781,0.4970188458569377,0.2061690490506025,0.3763302248432913,0.2836906102935673,0.0415817173053776,0.491485370681114,-0.3853751305127639,0.4379976456465471,-0.4449706682887583,-0.2240238436876457,-0.2735211257959261,0.2360226294191279,0.3162463541638093,-0.5470930986518282,0.2516218286088428,0.2950695777970266,-0.3441222443726246,0.2762794830479362,0.0724929074437887,0.1015795919138837,0.1605226490145238,-0.0188946804094162,-0.0508318403597529,-0.0437436746616351,0.1781646145143617,-0.1890934795418197,0.0768179174545954,0.0443863845839785,-0.4861977360719913,-0.168784200469222,-0.1724512896866476,-0.0921756880895985,-0.1441584987605195,-0.0144491600734828,-0.0629333419802869,0.0616125505834493,3.056321886551724
Na,Na0-1CoO2,CoO2,NaCoO2,mp-aaaabwje,-1.5143180716299356,0.0988804638765233,-2.454852242949431,-1.0561194712444364,-0.318956027777511,-5.415189015408382,0.672183784531866,-3.542578496350768,3.207697032418201,-0.1679130311595987,1.4514575692045557,-0.8432821216806854,-1.4363522142485892,1.5451501600693214,4.162009388817494,1.9209070345093688,-0.7859592654447928,-0.1631808373048583,-0.5523324882888103,-0.6621943477705702,1.6412672156240162,0.6590024904639777,-1.548832334076785,-0.1333944099495321,0.4093481795921215,-1.143363395700794,0.7224739871352728,-0.2015131577445562,0.8789026186652297,-0.039108443730531,1.1109102853052746,0.1146124107565007,-0.5153608338556915,-0.6335719793049531,-1.2503054337511317,-2.2756766642799438,0.7612111673768573,0.5450926147344101,0.5196300657713262,0.0732683469586905,0.6082309529312782,1.6193034567676168,0.1629425629725238,-0.0426908854973895,0.4982917592170011,0.2062929557868076,0.3766415584437165,0.2836257934872725,0.0410631186773351,0.4906082841704559,-0.3864461023124823,0.43794208852978,-0.4448524831699613,-0.223414307976132,-0.2737231141943889,0.2365764759355682,0.3161424762615471,-0.5470983402405017,0.2512616142595949,0.2948532147563306,-0.3439961750024496,0.2765225783315225,0.0727973132431835,0.1008457410442047,0.1607384859220288,-0.019009411131822,-0.0504775337601278,-0.0436453717377456,0.1781216941493892,-0.1887806264035428,0.0769332275118721,0.0448446645601859,-0.4858758406508517,-0.1681923550443582,-0.1722083121885498,-0.0918418821825622,-0.1438288520638807,-0.0143919186487031,-0.0631198327568693,0.0614332539599887,2.606248111551721
Na,Na0-1Co2P3O10,Co2P3O10,NaCo2P3O10,mp-aaaabljy,-2.4883765476658746,1.7958469021746046,-3.3690521502469197,-0.2969327973646262,-4.39154923076698,-0.7381898399931366,0.9003500779255651,-2.348994746382351,2.182376409321851,-3.783487806823388,0.4545171813586464,0.0209874872207913,-2.8832239580055417,0.1746060791825179,1.4790168759579223,0.8027628165364049,-0.8278286880725468,-0.8747395275698254,-0.5589795683438981,0.0861732602001652,-1.859034956586724,1.1615882771427437,-0.7643781573094318,0.6704648846437219,1.4644416040129125,-0.9878081585956292,0.206634718918639,-0.140924453316508,-0.7845382322858752,0.7070279590175367,0.2693008902801193,0.1598506348453377,0.1075133953421657,0.7500459945302778,-0.9233570391843684,-1.58431512641609,1.125982702851533,-0.0692422699726704,0.4738176393448446,0.4975000293678753,-0.1240954873803594,0.6840658798720763,-0.4612798123209714,-0.7001274064435532,0.2392245373120269,-0.2676742912404929,0.8631976723651377,0.362077378757501,-0.1064761354374925,0.6822706459133918,-0.3000485149481112,0.455458157697473,-0.0148342208212011,-0.4201625529151701,0.0914009325817211,-0.0352556991361693,0.1470869960959555,-0.4846215730307892,0.1613982489670857,0.1268472594114811,0.3898692935024531,0.1951150751999524,0.0176385302487078,0.1638483907350474,-0.0076965939285389,0.027175181330107,-0.0106024447027525,0.2485582726189155,-0.2547585187315409,-0.1052977253275107,-0.4721933002386658,0.0413342280620352,0.0446423902405823,-0.3784317751648823,-0.1001073807876515,-0.0309097832238228,-0.0144249766034638,-0.1460960032110838,0.0370287103649589,-0.126911396627108,4.302846381551721
Na,Na0-1CoPO4,CoPO4,NaCoPO4,mp-aaabwjlh,-2.5380350523692417,1.3297453826810235,-2.2879292674503904,-0.930550230551914,-3.825036717560903,-2.1321866711568296,0.7683379928627495,-2.8048520462277096,2.53720247424527,-3.015482175292019,0.6717767891244172,-0.4464313769250871,-2.3119488738494307,0.3697287488560374,2.2695345301323555,0.941721480995012,-0.8475463077552384,-0.5542644800630893,-0.0765445458551481,0.0011807646316023,0.8247950471314148,0.5118753271864805,-2.6358394111889014,0.7749243167172806,1.5064125042558592,-0.3912904691856944,1.2767012353554468,-0.2372105578075622,-0.3400090716307841,1.5133603716602844,2.69597771468256,-1.1878776542495664,3.966710110563391,2.3400383749631333,-0.238013101839847,-0.5297655455700803,0.7125636845229056,-1.1083238145628809,1.6956142945199606,0.1287194172612013,-0.6795816326450302,0.8402363012003126,-0.035158890811456,-0.734718082284055,0.0095546505557639,-0.0605451132551172,0.422999523820623,0.2517473017848682,-0.7432362824506391,0.2044279612949501,-0.3656820080279542,0.6678415508158386,-0.0566259692669226,-0.3727271842512167,-0.1189321619064965,-0.0714242644685008,0.0731540864656213,-0.2433160557934926,0.4026728600290643,0.2287672751415748,0.640997590570679,0.2444451358147329,-0.1713646597922091,0.153546277043669,0.0903585664525539,-0.121999687483494,-0.169543208037788,0.0364861571639422,0.2717343861321799,-0.1296149799230994,-0.0214982154503598,0.0150686409320349,-0.0341355907105878,-0.2866367084573157,0.1027242967432271,0.1398083626640962,-0.1365618510011453,-0.2758939660337833,0.2942212405926794,0.3335909008616594,3.762495864468388
Na,Na0-2CoP2O7,CoP2O7,Na2CoP2O7,mp-aaaczczb,-3.6562997961192263,2.1567200824524617,-2.312165567033768,-0.5838503980017226,-4.707395406886057,-1.5649262487635816,0.3871943438352742,-2.8294860306492904,2.3070599807567724,-3.4128309120802407,0.7444622253825148,-0.0840671024297231,-3.0033388315291845,0.3542068968961913,1.5662203590749622,1.1107746561665597,-0.8617807764808454,-0.6873682116187241,0.2037672759855727,0.5578919718496499,0.1330593832263361,0.900096452387334,-0.5168648186665183,-0.0532202429105151,1.9089014034987084,1.375009782694422,0.9147370661281972,0.9006501969954207,1.12245601417438,1.0833532496146705,1.3728842211529813,0.4756012242309921,-0.3699059770995265,0.5332035187337651,-1.853954456195667,-1.3709104310955669,1.0815135302826402,-0.1230265248372994,0.7331945608576587,-0.2208799144766993,-0.2109173816976594,1.3050963951945798,-0.2205572043160746,-0.7298535611105853,0.3856509514579807,-0.111149207834405,0.8831405743140821,0.3352747420736854,-0.4578073596508594,0.3002770422341304,-0.6558408386385803,0.3946196812356536,-0.1428870699975779,-0.5455159357838429,0.1863178381295458,0.4491284067848871,-0.1423358076676458,-0.713812427379032,0.3968694341299978,0.1486220913371028,0.4482680540465846,0.1444026471166601,-0.0912995822826895,-0.0404495399753534,0.3179868870793449,0.0381113308725406,0.0711762338368986,-0.1021667471538712,0.5634053017012356,0.0081884971826312,0.052855481957695,-0.0439902122650525,0.22922744641899,0.0348924092267348,0.1571184214578709,0.3137975245352687,-0.2018432420211141,-0.1735438285080296,0.2178213710101367,0.3040480758463914,2.311103249051722
Na,Na0-2CoP2O7,CoP2O7,Na2CoP2O7,mp-aaaabnkw,-3.6562997961192263,2.1567200824524617,-2.312165567033768,-0.5838503980017226,-4.707395406886057,-1.5649262487635816,0.3871943438352742,-2.8294860306492904,2.3070599807567724,-3.4128309120802407,0.7444622253825148,-0.0840671024297231,-3.0033388315291845,0.3542068968961913,1.5662203590749622,1.1107746561665597,-0.8617807764808454,-0.6873682116187241,0.2037672759855727,0.5578919718496499,0.1330593832263361,0.900096452387334,-0.5168648186665183,-0.0532202429105151,1.9089014034987084,1.375009782694422,0.9147370661281972,0.9006501969954207,1.12245601417438,1.0833532496146705,1.3728842211529813,0.4756012242309921,-0.3699059770995265,0.5332035187337651,-1.853954456195667,-1.3709104310955669,1.0815135302826402,-0.1230265248372994,0.7331945608576587,-0.2208799144766993,-0.2109173816976594,1.3050963951945798,-0.2205572043160746,-0.7298535611105853,0.3856509514579807,-0.111149207834405,0.8831405743140821,0.3352747420736854,-0.4578073596508594,0.3002770422341304,-0.6558408386385803,0.3946196812356536,-0.1428870699975779,-0.5455159357838429,0.1863178381295458,0.4491284067848871,-0.1423358076676458,-0.713812427379032,0.3968694341299978,0.1486220913371028,0.4482680540465846,0.1444026471166601,-0.0912995822826895,-0.0404495399753534,0.3179868870793449,0.0381113308725406,0.0711762338368986,-0.1021667471538712,0.5634053017012356,0.0081884971826312,0.052855481957695,-0.0439902122650525,0.22922744641899,0.0348924092267348,0.1571184214578709,0.3137975245352687,-0.2018432420211141,-0.1735438285080296,0.2178213710101367,0.3040480758463914,4.392705956551719
Na,Na0-1CoPO4,CoPO4,NaCoPO4,mp-aaabseio,-2.530562816315973,1.6503809629798856,-2.3791451053582757,-0.7318566187031617,-3.845273815338604,-1.8332192909159144,0.7850017462682313,-2.830515476181686,2.498864450423597,-3.0796989154553924,0.6752648448560515,-0.3441999144477659,-2.384220911209028,0.427802556672235,2.278054051340706,1.0245571323200544,-1.029714985266703,-0.7632683276853381,-0.0552832220007039,0.2980378269564432,-0.0734170063004037,0.864085263557017,-1.0596189306523915,-0.0399004182675265,1.8128529121302064,1.1138328072003345,2.1311637143200497,-0.7131538449071954,-0.966667486754432,-0.1575317105447023,-0.3120023126608273,0.1653098933956759,0.2444105611935036,0.8622348003254646,-0.7393101488522462,-1.5942733402405758,0.8026891379745075,-0.1209931516746494,0.4970832083643463,0.0162035595151482,-0.1172470971473827,1.2586864874303054,-0.6146399506884045,-0.5854168155497234,0.2402948117732218,-0.1592845019100221,0.8649034963451808,0.3133284494505756,-0.4227599045223882,0.5976189108386889,-0.6033571735244556,0.442859063966585,-0.1022621086333942,-0.4467904320222855,0.1809340134631275,0.1692630822894571,-0.0327394553942181,-0.4319939842953055,0.3127406098475946,-0.0058754046793795,0.4450221824590066,0.2619535680021919,-0.1282742879297202,-0.0142125909165687,0.1577196389558139,0.0184007778277091,-0.0753982233645804,-0.0396851051652059,0.1647579079060905,-0.1050694791129098,-0.0362628286613755,0.0255783646900233,-0.01752294599706,-0.1445989638311386,0.0141255109830382,0.1264425459955543,-0.0957401286271744,-0.1564529975616623,0.2061776385418401,0.1837284390576729,4.456061781551721
Na,Na0-1CoPO4,CoPO4,NaCoPO4,mp-aaabsftx,-2.5094481229156966,1.782880463175723,-2.3986084893370165,-0.7920108619665496,-3.957256565868636,-1.7447832468332245,0.6541406360978369,-2.779938255300036,2.4343466648457257,-3.138797088683743,0.6913166262670654,-0.3330552868864703,-2.5803126763668502,0.40802751536587,1.978673352954727,0.8497538740160291,-0.9004523825666358,-0.7770465631918334,-0.1328520756187408,0.2419501228700685,-0.5592744142785653,1.079898837690522,0.0192148687898573,1.1093823648342014,1.6896354749793772,-0.8197601839250303,0.6845747182926503,-0.0046477614838741,-0.6635072873710616,0.8237366069203854,0.3363655661062207,0.2087256912481487,0.0265341204411996,0.5684256084788577,-1.3534104481736926,-1.7710621803863742,1.0561847424891206,-0.3530792360956538,0.7541299352853357,0.0826501033458964,-0.294107609702687,1.2047276070731976,-0.517917155783543,-0.7001080649968311,0.3136008014057521,-0.1378945681515614,0.7986623301310036,0.2301467631526063,-0.2563879159344561,0.5880536350575863,-0.5545178793738671,0.49049684771764,-0.1162262326574261,-0.4271282190259695,0.1630514299368638,0.1774970275845741,-0.0620899599795841,-0.3666134677858207,0.3131201623676786,0.068602603294314,0.4731732619441807,0.2942907843872544,-0.1323664253899952,-0.0061572550552074,0.1683559195266897,0.0788126920115492,-0.0250416478428123,-0.0387204837253116,0.175567692536436,-0.1176166169135239,-0.0482286505619521,0.0462891183927039,-0.0520049039122045,-0.1377043856198287,0.013723888466855,0.152487720349218,-0.1265237280547631,-0.1439372580276381,0.1964574256103883,0.1988427473896153,4.285361037801724
Na,Na0-1CoPO4,CoPO4,NaCoPO4,mp-aaabesyv,-2.5094481229156966,1.782880463175723,-2.3986084893370165,-0.7920108619665496,-3.957256565868636,-1.7447832468332245,0.6541406360978369,-2.779938255300036,2.4343466648457257,-3.138797088683743,0.6913166262670654,-0.3330552868864703,-2.5803126763668502,0.40802751536587,1.978673352954727,0.8497538740160291,-0.9004523825666358,-0.7770465631918334,-0.1328520756187408,0.2419501228700685,-0.5592744142785653,1.079898837690522,0.0192148687898573,1.1093823648342014,1.6896354749793772,-0.8197601839250303,0.6845747182926503,-0.0046477614838741,-0.6635072873710616,0.8237366069203854,0.3363655661062207,0.2087256912481487,0.0265341204411996,0.5684256084788577,-1.3534104481736926,-1.7710621803863742,1.0561847424891206,-0.3530792360956538,0.7541299352853357,0.0826501033458964,-0.294107609702687,1.2047276070731976,-0.517917155783543,-0.7001080649968311,0.3136008014057521,-0.1378945681515614,0.7986623301310036,0.2301467631526063,-0.2563879159344561,0.5880536350575863,-0.5545178793738671,0.49049684771764,-0.1162262326574261,-0.4271282190259695,0.1630514299368638,0.1774970275845741,-0.0620899599795841,-0.3666134677858207,0.3131201623676786,0.068602603294314,0.4731732619441807,0.2942907843872544,-0.1323664253899952,-0.0061572550552074,0.1683559195266897,0.0788126920115492,-0.0250416478428123,-0.0387204837253116,0.175567692536436,-0.1176166169135239,-0.0482286505619521,0.0462891183927039,-0.0520049039122045,-0.1377043856198287,0.013723888466855,0.152487720349218,-0.1265237280547631,-0.1439372580276381,0.1964574256103883,0.1988427473896153,3.960957919051726
Na,Na0-1CoPO4,CoPO4,NaCoPO4,mp-aaabcrsk,-2.530562816315973,1.6503809629798856,-2.3791451053582757,-0.7318566187031617,-3.845273815338604,-1.8332192909159144,0.7850017462682313,-2.830515476181686,2.498864450423597,-3.0796989154553924,0.6752648448560515,-0.3441999144477659,-2.384220911209028,0.427802556672235,2.278054051340706,1.0245571323200544,-1.029714985266703,-0.7632683276853381,-0.0552832220007039,0.2980378269564432,-0.0734170063004037,0.864085263557017,-1.0596189306523915,-0.0399004182675265,1.8128529121302064,1.1138328072003345,2.1311637143200497,-0.7131538449071954,-0.966667486754432,-0.1575317105447023,-0.3120023126608273,0.1653098933956759,0.2444105611935036,0.8622348003254646,-0.7393101488522462,-1.5942733402405758,0.8026891379745075,-0.1209931516746494,0.4970832083643463,0.0162035595151482,-0.1172470971473827,1.2586864874303054,-0.6146399506884045,-0.5854168155497234,0.2402948117732218,-0.1592845019100221,0.8649034963451808,0.3133284494505756,-0.4227599045223882,0.5976189108386889,-0.6033571735244556,0.442859063966585,-0.1022621086333942,-0.4467904320222855,0.1809340134631275,0.1692630822894571,-0.0327394553942181,-0.4319939842953055,0.3127406098475946,-0.0058754046793795,0.4450221824590066,0.2619535680021919,-0.1282742879297202,-0.0142125909165687,0.1577196389558139,0.0184007778277091,-0.0753982233645804,-0.0396851051652059,0.1647579079060905,-0.1050694791129098,-0.0362628286613755,0.0255783646900233,-0.01752294599706,-0.1445989638311386,0.0141255109830382,0.1264425459955543,-0.0957401286271744,-0.1564529975616623,0.2061776385418401,0.1837284390576729,3.877459321551722
Na,Na0-4Co3P4O15,Co3P4O15,Na4Co3P4O15,mp-aaabwizt,-2.994385348415374,1.8481997627069828,-2.354151755533264,-0.6383089613712877,-4.231113975274979,-1.727661615979869,0.6709815466039192,-2.877812778388081,2.442607961295147,-3.2777178378784817,0.6690803897172714,-0.2221143958084106,-2.605216328105992,0.4445922882595248,2.164506624775417,1.0980280372407207,-0.997524931288406,-0.6797826082905004,0.0727877185261918,0.4987509510162371,0.1365430280352702,0.9605413098436776,-0.7314629113680241,-0.0220158945584221,1.797037916471549,1.1420541340317076,2.3237029045989503,-0.6792430906257139,-0.7350926028050101,-0.1630709538523729,-0.1663274149530994,0.220867783873176,0.1416559744045859,0.9069045246459052,-0.7577287690581475,-1.4963502567326348,0.8387119118601185,0.0159352542396509,0.5183382312888221,-0.0807193375430946,-0.0376216042396449,1.3216204897415151,-0.4809702546117835,-0.5804076467750895,0.3239745501447533,-0.1005986805760011,0.9456847422417496,0.3366643917853272,-0.454216564007031,0.4688737071939665,-0.6583847140707739,0.4409943349992123,-0.1141614085936677,-0.4651982388501905,0.2018078691396231,0.2632561929961912,-0.0790675141859685,-0.6056081231847784,0.3613504498267132,0.0092704161475795,0.4300426524748538,0.2096917614514583,-0.126909902796843,-0.0047220068243823,0.2137595589356937,0.0273028692448754,-0.050705384804348,-0.0639428826160145,0.3177014525702039,-0.0604903506519568,0.0222797199126281,0.0040038037598027,0.0654170774491817,-0.0777577596781676,0.0469067011075433,0.1827721787181277,-0.1264180759515751,-0.1729336903224362,0.2120242628571518,0.2227128078791529,4.738210525926728
Na,Na0-3CrF6,CrF6,Na3CrF6,mp-aaadbeyq,-1.3667962774467055,5.95658229146611,-5.045907678680765,-1.600977858548622,-0.1758739287913059,-7.784222217484523,1.0778341001427232,-3.7913879356043054,0.8930961989634071,0.4308986483248702,3.292146116862937,1.1113363380759804,-3.2238492579544107,1.85917477946284,-0.9214129553001168,4.802701969616756,0.3798723707623938,2.518807850182589,2.4567758314273243,2.015250958955662,2.6500739967019955,0.4452881007214618,-1.2594598760908324,-0.6747923268289063,0.6698862289119516,-1.4912586895551798,1.915625709002022,-1.513110986203731,0.5769959256507763,0.521781827210441,2.0081774407349138,0.3511791854067903,-0.8329004136366137,-0.4191967720410394,-1.3626643628247226,-2.197532922710458,0.8864579174874498,0.2957766843114884,0.920877835485442,-0.1466885106626017,-0.0541361160306515,1.774768092056316,-0.4530417315382704,-0.1777382611551398,0.0667836936747192,-0.2889288474137885,0.4015478309038739,1.2417249694066692,-0.2417798805835928,-0.4872729804893861,-0.8030113127157839,-0.0134673646910128,-0.5059970333885796,-0.1501414880509757,0.4751672691053327,0.6328930777501922,0.263223110717873,-0.561707515141859,0.5688573978462399,0.3223025641789552,-0.5795257691914989,0.1317351439029428,0.2804525474849638,-0.2768976680761186,0.1382201106998321,0.382327325367345,0.3233490446846235,-0.1570840628499506,1.0739734323069905,-0.3895445629695206,0.7062637428233021,-0.0541443366657268,-0.2932188259613177,0.476046808996345,0.4340316399379554,0.2792074107917849,-0.0004082751544277,0.0356014661963392,-0.0994072666675848,0.5500302811898684,5.127144469885056
Na,Na0-1K2CrF6,K2CrF6,K2NaCrF6,mp-aaacqyvm,0.5251690727509185,8.451484100979695,7.010200039793816,-1.80443940017954,2.1246767751387026,-7.022876196953417,7.184474786369943,-3.012860118053183,-1.8205842276911417,-4.144000731845534,3.600801448733154,2.0697701408932137,-4.300292801615998,0.9853188582316128,-1.0436494024087024,2.908260645882257,-1.4510270931651874,3.5402807197829844,-0.908822750447322,-1.3153606180522095,2.023734950366109,-2.096015347374106,-0.920834439891408,0.975371214829284,-0.7588383813038027,0.7747871441871483,-0.0393321227378173,-0.1943198281078945,-1.4881719614334523,0.968994907562277,-0.3058548426895944,-0.2767398365288797,-0.2405927463061355,0.953420455058626,-1.130560325057575,-1.2950469333510384,0.1378189727679899,-0.0086111963417091,-0.712076164691334,-0.3496917428679179,-3.3979867687901653,0.0039811043743235,1.3671981675886848,0.0256328913304398,-1.5520640117879982,0.1344430331769107,2.8493945595956367,2.27355628357947,-1.3814547795005452,0.7152227781335184,-0.6170055435237541,0.9743480542143688,-0.6570561658476957,0.1871692359703989,-0.5654802239217641,0.8764198471688562,-0.2111257485658298,1.007548902033326,-0.2392956764842498,-0.2747067069563318,-0.4796949256438844,0.3437420708834637,0.7688795506341093,-0.088382343406711,-0.6743231371945749,-0.3231065025143602,0.4682843824424468,-0.0956506360789112,-0.0433693783780668,-0.0891069058116938,0.0770053756402774,0.1388449683593211,0.25078664490272,-0.0279627391973384,0.2811183034283577,0.3283440301203174,-0.3406784005166888,-0.1766460690929195,-0.6831238122419274,-0.3804326342819972,5.256506976551723
Na,Na0-1Rb2CrF6,Rb2CrF6,Rb2NaCrF6,mp-aaaemdno,2.934023075589058,8.077637947054479,10.518169916929573,1.0801627187909122,1.9115287594790016,-7.121058023794267,7.481451985559458,-1.7828697032397005,-1.8589563464322572,-4.47913903721426,3.3556472802982364,2.718968134444516,-1.3429565746891725,0.2190434488113242,-1.696089636022365,3.10832229197324,-1.3929153173017816,4.966434526076457,0.2888331186241702,-1.844924970462292,1.2748138546185996,-1.532032936570969,0.2557625438729274,0.1122426549829574,1.2455672652500744,0.349862510817319,0.7056647196469468,-1.8680101310984545,0.1218306189391962,3.044026884966916,-0.8255243256361975,-0.4615408938755369,0.6783411396822974,-1.1608503831971448,-0.606431779872663,0.1301648081898619,2.432398433980202,0.2353899292648654,0.1295938278378344,0.5172075388792149,1.2348852764246494,0.0479767815239456,-1.5901887117589644,-1.909631381746009,1.9282064095419535,0.5280030048245961,0.2280958595900977,0.1299244295526212,-2.1444229085553483,0.2050670069653674,-0.8733515248109684,-0.8685457131485883,0.7512307671602827,-0.0543347404462188,-1.0572973814595947,0.2798384775202404,-0.5226295307595699,1.27563375348598,-0.4248305989902659,-1.1237406583338148,0.0222026294790373,-0.0399076587964221,0.6989074085274836,0.6975762308443798,0.3759920592858871,0.4653780020767726,-0.0459791974095387,0.4480977586528227,0.0239175246716876,0.3175998302221717,0.5018035960866598,0.6135908774625807,0.1181560706680486,-0.0487074378233052,0.1089952471641709,0.0115843990124633,-0.8243174150188683,-0.6295150382493043,-1.0247550227169355,0.0344235527420748,4.498360276551725
Na,Na0-1Cr(GeO3)2,Cr(GeO3)2,NaCr(GeO3)2,mp-aaaexhkk,1.1279594557294068,1.9440373706438596,-4.44391709960999,-1.7687667804842813,-2.354285256895469,-3.3380666872081632,1.4814328221643636,-1.221985997029322,0.8317239902353408,-2.9051381276735,-0.4509187590337383,-2.060305628175626,0.4057898501420943,1.7719667122208071,1.330593198662387,3.495876720459692,0.4982442796814994,2.168422350064122,1.1051371657816274,1.0412580592127996,-2.7479228454787705,-0.5112338018758253,-0.8975593552465215,-0.4914119261321453,0.6722620785791534,1.4011895705789452,-0.1956868716959603,0.2799150561210202,0.9341079705364692,1.199100929727941,1.4291122952879491,-0.2695600579683598,-0.2472051957965553,0.0975187171035251,-1.4552352540847306,-2.3043935208342345,1.683205927072563,0.5654516001385481,0.265892876545648,0.6172685091627594,-0.0705105869366518,0.9514505478506612,-0.297786231948471,-0.8712785334878693,-0.570094715771848,0.0634329294018804,1.063909038159724,0.8525193265474511,-1.0268869701174208,0.1658119590907376,-0.475285005775188,0.2738315257955439,-0.4051998599720138,0.1129554611185042,0.8282177666621914,0.6223852944409565,0.5577031044604687,0.090340636492426,-0.2398191830619351,0.567292538141414,-0.421383300361564,-0.111709954433165,0.0453839586029949,0.3555482758295805,-0.2255778205401802,0.8618696721847158,-0.0999248117536827,0.7404897493255657,-0.2965737228365852,-0.0327436468845205,-0.271773864357136,-0.1073914625177252,-0.0398877150886635,-0.4979830446773403,0.2843044907174515,-0.2140644403660418,0.0667198683256712,0.0874777947870234,-8.662555127206083e-05,-0.2041217379434401,4.347084786551722
Na,Na0-1K2MnF6,K2MnF6,K2NaMnF6,mp-aaabfsoj,-5.537897195326461,7.841125418538285,8.173924350802455,2.689969235818862,1.8018608569780528,-6.593326572247387,6.651548152593371,-1.3612321155447795,-0.2782629258334715,-1.9419443914629984,5.156959321837276,-0.822819953027095,-3.8271930818984665,-1.3796419727680709,-0.2394044449657369,-1.423847998280688,-2.068854103626068,3.238805330162832,-0.0721700153284922,0.8909726124037514,1.8917095811299645,-1.2554022001371228,-1.716130989447359,0.6225051967566929,-0.2859029804505582,0.1398485360264209,-0.396240334434281,1.125519823650448,-1.438246646652806,0.1631690021087087,-1.3023011086667566,-0.3608231598674915,0.5807991473568235,1.259392943660843,-1.712755232610948,-1.2599900202742325,0.1440389257878556,0.4745816794700066,-0.2371450583974839,0.7991563346209755,-1.9104220560953065,0.5903957996753374,0.501211590528387,-0.8457447434906818,-0.5262371292606307,0.5376598955210691,1.487631597165395,1.0444803672543732,-1.2862063532865016,0.5539925889552644,-0.4991100751503617,0.1868637362704923,-0.43532418126042,0.1482503802678439,-0.0449153609468723,0.882161225152752,0.1180477200500154,1.504203176315635,-0.2024998001241642,-0.0299320212035249,-0.6844777245537191,0.1466323108898695,0.643158347710723,-0.0968832523840693,-0.1526539001694269,-0.377586213153559,0.0154359888026487,-0.5543602131515561,-0.3471603912248879,-0.1063088191765096,0.0355945423399387,0.1834369842130371,0.6323949780440529,-0.3657284612352214,0.1597649200616753,0.4087569576737451,-0.169491670976075,-0.1236772402890329,-0.6617575189475252,-0.3125987522838218,3.855023356551729
Na,Na0-1K2NiF6,K2NiF6,K2NaNiF6,mp-aaabilao,-1.6713881942444266,6.643582301068264,7.8484120041323475,1.0566085085607229,2.1817605806911846,-6.618877411940566,5.812219487822316,-4.623040892073358,1.1560665918675914,-3.020515644872268,2.997468812245576,3.890847818141373,-6.378431936480138,-0.2435407707652255,0.8815102458217732,0.2634067108626334,-3.3060979453061616,0.6227274252939806,-1.1374307615354855,-2.919814445876136,2.100296441344118,-1.2597899029626247,-0.9323522802857168,0.1967525994858123,0.0010224453384023,0.1699063962966637,0.2811410901608493,0.8396077829332994,-1.8661369210085204,1.0549746227924,-0.2841373622236366,0.0791890601145242,-0.1098205734738341,1.787138872043785,-1.9475348736182287,-1.03920958163653,-0.6701063654731088,0.7696806410268622,-0.4597295590063957,0.2481295279764428,-2.1537720424084754,0.0520307075214719,0.9592889825085164,0.1949024912577119,-1.3060886186442615,0.4895811089097103,1.4125364371952958,1.8192362049858468,-1.0246230012852646,0.2746724977348922,-0.405711530362364,0.780840474857965,-0.5294110080294201,0.1484452931790352,-0.4672078538652987,0.5191462499442652,-0.5461709873912789,0.4073602455771095,-0.4616202387391377,-0.3887905221959369,-0.2723106653037694,0.1679495394512955,0.5420354598069548,-0.1018177121366923,-0.3580335010226683,-0.2496550833344279,0.4360784520641574,-0.399442209956747,-0.0140002815606883,0.0628727888158604,-0.0168814278318902,0.1379220294451556,0.4773972359520272,-0.0130978526094882,0.3998928071643819,0.3181291933328543,-0.354293477161128,-0.0495331527383618,-0.7378198231888953,-0.4928997642195296,4.676244266551723
Na,Na0-2LiMnF6,LiMnF6,Na2LiMnF6,mp-aaabqvoa,-6.854145769294616,8.568057901705492,4.464463788678275,0.39475218056363,0.5289225513787621,-1.8320880069164445,-0.4734459130402663,-0.85365807472345,-1.3851377292074758,2.716040135899932,4.507496271217487,-1.6812963046713325,-2.604520402486481,0.037431356836406,-1.3437346130689527,0.3547724185922051,1.0834614207555042,0.1908127576437946,2.291793357133735,1.9272322299698743,2.5591151002903976,1.807114147481227,-2.71126190149404,-1.2371692156192755,-0.0095486641573272,-1.6661629274336196,0.1456978238259776,0.7642686277830398,-0.8806515394041127,-1.1299992764603075,-0.289028173948518,-0.2222580104930186,0.4489755831624871,-0.9057411969276415,-0.4646340341835435,-0.9865170467058992,0.4438291996424299,-0.1742229283217075,0.9641900584537948,0.4000693623888338,0.426814551644622,0.2474243984397736,-1.6866782721149636,-0.2721788539974225,0.9100340597769424,0.0255978066558003,0.2243648791405328,-0.1505466205856853,-1.320834493231148,-1.0088600734888291,-0.4988600137184728,0.3777575918600068,0.1808741161258524,0.57183611676137,-0.0749823308985307,0.4881607975386047,-0.0831573581517032,0.8854477957901036,-0.2880681122401101,-0.135380233305021,-0.5058181670721552,0.1853426174957035,1.100777240519786,-0.5304790353396123,0.5245031532947666,0.3937748730305085,-0.2584139973816599,-0.8143639693244226,0.2660525082168894,-0.8300851814043702,0.3664602875034997,-0.5210732657736264,-0.0455498590582401,-0.4023756571254263,0.2795472263023613,0.5231438070218022,-0.3040292249071382,0.3090626882569748,-0.3074240147510892,0.2037810723038469,4.931043946551725
Na,Na0-2LiNbF6,LiNbF6,Na2LiNbF6,mp-aaacjjwh,-0.0719649057178129,7.448312564384485,5.114506076631455,-0.9112823201833335,1.0438091742145972,-2.9595460828317046,-2.217653307505404,-1.3194973357351365,1.7227145885270945,4.542519079670921,-1.5081883192530874,1.3551313180339162,-5.843514043861014,0.8351725579949772,-1.3764409220016485,1.78169525222964,-0.2872514186036977,-0.2118779795659177,1.122395783745321,0.9972518796375373,2.862981836604692,0.894648685262362,-2.3629678817275286,-1.4729269692766105,-0.0943677171742154,-1.992160773146836,0.6200703421030843,0.2747832246363991,-0.5953980228105903,-1.0544572948956583,-0.0403481180424717,0.6058392638343807,-0.0482026181121619,-1.1596464745854342,-0.2786715229319321,-0.1028471618912137,-0.0813056404082908,-1.1402340681706742,1.3087572518248152,-2.1430378079592423,0.2721750331788935,-0.612748456389495,-1.4025252130365975,-0.8219478658489914,0.1529090265515404,-0.4239519986978204,0.7048069952981608,-0.2259467695561906,0.0283687287696497,-0.6402597792575199,-0.8455089922079957,0.7144319084474323,0.5353942358808997,0.4884905188518769,0.1569302654127572,0.185941975511778,-0.6012548685298902,-0.0873809494921077,-0.8207719228646687,0.1927490094823401,0.3196803657838057,0.2674941652249149,1.106250680362524,-0.3781612649886947,-0.0254440097169031,0.1924156136682224,0.0072585339425419,-0.1799848781803885,0.2519784061767766,-0.2831168647075355,0.3458199511699329,-0.2536523129364505,0.0068249652273925,0.5643491540484549,0.4525421435958845,0.3937432120242873,-0.3373729762166603,0.4999905335805893,-0.3223152935803978,-0.1561484132621088,0.932564316551726
Na,Na0-2LiSbF6,LiSbF6,Na2LiSbF6,mp-aaaaafxc,-6.858618809659446,5.500516188002769,6.70859546400923,5.887846884605071,-1.2092415426104757,-1.6567800467742244,-2.664242348777372,-1.3616621833813771,0.414354641572093,3.709501604321021,1.399034176409555,0.8388875290671673,-2.9538036162791603,1.3417970676007027,-0.3339758903114082,2.501800454067688,0.4472210938871238,0.8364244292687477,3.4041884817109467,1.2725965055507682,0.9554889666679104,-0.4528902442933585,-2.145803740542411,-1.975632240419645,-0.4367478430338937,-1.7729936613028812,0.1978792987898434,-0.1043455033212097,-1.9296585796062964,0.083738720721676,1.5949821266585251,0.3418046950072049,-0.5201214243797834,-0.8668918166038622,-0.3811534068601311,-0.9226901403575122,-0.4420161515228039,-0.0487229184697656,0.4731514901508585,-0.7261558196615295,0.3563400358043851,0.1277575686190466,-1.4943588235033614,1.1605769200382186,0.2836032510010334,-0.3686943212798548,-0.3246592493186852,0.2853041922756079,-1.35062978934753,-0.8045526870291986,-0.6433153075027114,1.2651413552542696,-0.2593943241976341,0.2476030746221912,-0.1515802550265068,0.196649657541883,-0.7781527479927252,1.1089942999946736,-0.2861898543512665,-0.4429778268767261,-0.4709655914058273,0.4239306157000099,0.7403186788397226,-0.8096002618228157,-0.0991090878497262,0.1804243876565158,0.2389124219646536,-0.1690633463110131,0.4787635200111009,-0.6406029923514063,0.6359909263657165,-0.0246311613716442,0.0921792358231092,0.1161436640488186,0.4608094447557929,0.5147223088352679,-0.1276570810893431,0.1317666325426878,-0.2518411080829908,0.2552985815469605,2.308889746551724
Na,Na0-2LiVF6,LiVF6,Na2LiVF6,mp-aaafyfwv,-3.902506529994208,8.61506441517384,3.7976381318479535,-2.285055386208536,2.2933996494434234,-2.5459710284676937,-1.141693838125229,-2.004326944252772,0.4142873341386607,2.47924576266948,0.0704993450867926,1.714750021505181,-4.899270252765147,1.3624974198115245,-1.6730707397876416,2.780074755509013,-0.0007942807606676,-0.2763481669348641,1.2774980045069684,0.7477502632852951,0.7202478268718931,1.897861470187262,0.1595660509291664,0.6225623922874807,-0.2331547276044679,-1.582952161395364,0.7777728894587566,0.9841268502564056,-0.7719553965735577,-0.410318844081685,-0.7027964710111471,0.2892896331229229,0.3357167688750921,0.0928042066703535,-0.4446194163777397,0.2799010747169899,0.947744815782252,-0.8033933819839694,1.116038618700654,-1.5991064559883514,-0.0377032461305623,-0.6485877799301224,-1.5009307622690342,-0.3891817738741748,0.2099531216177754,-0.1103496627558226,0.6695996301878611,0.0005100650584493,-0.3405287594347931,-0.8348812398888862,-0.5637702908991452,0.9234195118696196,0.2731762314937081,0.2233203737640093,-0.0395136255722292,0.3406152159315424,-0.6055922468095285,-0.0964061009456886,-0.5030280925612297,-0.0115598579670861,0.1142197884212495,-0.050131490091875,1.08679186264481,-0.4019499515264459,0.0674764814112953,0.2255589995597808,0.0416243377892666,-0.3434438305873476,0.3755091312756965,-0.3715132740170185,0.2976304474546449,-0.4943495648094876,0.1235641521095036,0.3310559296953494,0.4681019559442751,0.4044269557908596,-0.2709082503206536,0.5469191380805893,-0.3311500816186653,-0.0843606393603255,3.214491651551725
Na,Na0-1MnF3,MnF3,NaMnF3,mp-aaacoyhp,-5.832575851800066,5.668008986022852,-2.4056438303404875,2.4394571425545304,0.0624995982751627,-6.203062313979175,0.8559441545920129,-0.6317719035047712,0.0182547418504557,2.8033178848550926,5.4381349624052255,-2.744834718503048,-2.933071663806463,0.9860168219208508,-0.2331616003623288,0.6701047800522854,1.0493807566617377,0.7518846735319548,1.4599917834651617,1.7871126774788395,0.1503854122715779,2.063845477189564,-1.185059754467474,0.1277597105406281,1.570592663303762,0.8825957897197177,2.098270229736601,-0.9682202878351998,-0.7086447694241322,-0.6457455897622953,-0.8144814562017606,-0.0650612313364599,0.4410870658519659,0.784932388072942,-0.1738916113517707,-1.9785635871418448,-0.0355909665730855,0.3913290958108647,0.7812506443700334,0.5000325699242623,-1.1265684879646192,1.192774037649063,0.2488913775249085,0.017128076302882,0.8787568049631895,-0.101721203875195,0.7665606975865993,0.5028969606765055,-0.2211327470473217,0.4727318628029629,-0.7054326227591098,-0.4159892959126958,-0.6014201563055006,0.0809627652517376,-0.3209341729302761,0.6963979080872764,0.431616622069726,0.147144587085155,0.3323783708587328,0.4033523052422575,0.008524187164993,0.8574475096049687,0.0522157188680077,-0.3978514018296041,0.235023013996005,0.176200819493968,0.3444032321743893,0.3740652711158142,0.6553255286203009,-0.0085983564852733,-0.7329333515285215,-0.0990209764892139,0.0075851310289877,0.0556255539928253,0.3494475177775256,-0.2101012498265553,0.0006014472355536,-0.0087731775323806,0.0496651856861594,0.0088605421074108,3.78776930655172
Na,Na0-2MnPO4F,MnPO4F,Na2MnPO4F,mp-aaabxacc,-6.818989400323374,5.3012988072279095,-1.0654742543641238,1.60764924249179,-2.993509825174306,-4.127457550630314,1.3513662322077211,-0.6119550755731377,-0.1182600870371484,-0.1684154828506589,4.268947852876254,-2.19993010413689,-3.259965260979834,0.3807448311076701,-0.0587666806093298,-0.2315691267961387,0.3412416143465588,0.2766436406270874,0.4176253613195052,2.246735094586706,0.4516636934838926,1.4277098957714796,0.0206158875458589,1.7184343973682406,1.7223287917576813,-0.6012740523712057,1.1525214600141722,0.3668878473328892,-0.8115428515902773,0.6984749089415767,0.1059664227895721,0.397889469039544,0.0072248067572138,0.3070194115411539,-1.0980418973607184,-1.5317420990563504,-0.3096114818513127,-0.3700765767631189,1.526576670901305,0.1388705803660061,-1.24734626058876,1.3158408651217888,0.2581938347800647,-0.3514068153974419,1.342464696786312,-0.0729546494909615,0.935692350487705,0.1891215335391201,0.1663365364796634,0.5794159847122716,-0.5721031376124843,0.205222786671895,0.2680795846770241,0.5967346454705853,0.7254562542102776,0.1266518780236133,-0.3836627282111236,-1.0780494681103905,0.8053543770845224,-0.1349523566245414,-1.100521082653808,-0.2949820996272909,-0.2036665736872641,0.5235593666247761,-0.7285257511486355,0.5554962211764921,-0.3295070091931832,0.1945532353388806,0.8490392698528864,0.0581358056539717,-0.0373946056007477,0.6304672390771757,-0.085845051799267,-0.278132888134358,0.1978834646652615,0.298559000181576,-0.3814280455769645,0.4393828774391974,0.3136426256472095,0.4951098314166716,3.864972674676721
Na,Na0-1Rb2MnF6,Rb2MnF6,Rb2NaMnF6,mp-aaabftpv,-2.977654440308527,7.408943940093675,12.173498879075725,5.070387780499172,1.570071975783315,-6.75249997164592,6.94865903076774,-0.2666493067898866,-1.1574103218381775,-2.5229265483212613,5.232166726578788,-0.0532611472485032,-1.3891112317250034,-1.574246277117693,-0.9178783981783304,-1.131973283112986,-1.7693767312720348,4.253741721687862,1.1925342046966083,-0.4903528513038325,1.962859256566054,-0.6641807168247457,-1.042642915286104,0.0780517494923205,0.2568598315298008,0.3301224441265318,-1.2490850356948315,-0.0318769255259618,-0.5967616873741867,-0.4727301113400018,-1.452673965148952,-0.1203222612181962,0.9084246902878454,1.632689912383902,-1.9708979723015376,-0.822715482570952,1.1219088653861289,0.3240736205347611,0.9551565032603718,1.1350506043125828,-0.3384447936850104,0.1510597120132226,0.1177698622909527,-0.8286808210125238,1.625930238518512,0.175821495142671,0.60383094648512,-0.0189862066923295,-0.2008421532733897,0.1170277595204559,-0.3698723372210221,-0.4288909636559212,0.5185214122048963,-0.27668996797699,-0.2180795500812241,0.30280010259696,-0.4902783195190169,2.080474137195085,-0.825887974367389,-0.8833953385697004,-0.619691251999117,-0.0875482266123443,0.4127261279291511,0.1488621809186989,0.2728859117563166,0.0509981795990697,-0.0955902031535818,0.1689878018791637,0.345124081022472,0.2330339129421719,0.445088112614081,0.5664979450813163,0.3077545643200095,0.0692003875952998,0.294425749980082,0.0162876306373784,-0.629622722490854,-0.4230285158031572,-0.6527404033108152,0.130916814641237,3.765955136551728
Na,Na1-3MoF6,NaMoF6,Na3MoF6,mp-aaabcsso,3.611046350672697,7.749729886429879,6.744872288183692,-3.2290280305771684,0.3105604850396165,-2.809552049799251,-0.7851746169724029,-2.04938069129754,-0.4472731652315299,2.2703577139822677,2.275302031993049,-1.9719495946941248,-9.643912834748502,1.0710096639921032,-0.932622677023916,1.229760791607383,-1.065528979021155,0.901176050903523,-0.1489291720759167,1.3040688643122835,4.086282895921283,0.8192197203684904,-1.362203874533504,-1.077534449814174,-2.1192268608417923,0.1473440422621673,0.1254625408173871,-0.1926826534406207,-2.027397053325622,1.3830471822243589,-1.1471313907590894,-0.184251587953581,0.1426081862069018,2.332935835626035,-2.5356982171253755,0.0986221162165219,0.5043729851211964,-0.8117380930404917,-1.2568573811386068,0.0424619443932314,0.0682623096252839,-0.4147442802610771,-0.9168590612516616,0.0609639911898103,-1.0352574627606017,-0.3179266342440764,-1.784928481105287,-0.185382733594607,-0.6481174863219633,0.993806408745854,-0.0643449307557352,-1.4352202665409317,0.2993995217629223,0.8181985998254122,0.3409648681124721,0.4418063082468881,0.0574053407681643,-0.0934249267341668,0.3110653765129536,0.3602506629022306,0.0209035129617932,0.1848363184684028,-0.565149315722466,-0.4516804654942493,0.2342855076694027,-0.0962027029027659,0.3480743908712932,0.3234021482504238,0.2559375515585272,-0.1599998094109208,0.452528957761391,0.5431910088622482,0.2171259947917848,0.2113690167280007,-0.1015131211785112,0.0076690257622403,0.158622476515033,-0.2448568148291836,0.2927530754414649,0.2957850180142781,3.062632396551724
Na,Na0-1V(NF3)2,V(NF3)2,NaV(NF3)2,mp-aaacqstr,-3.7532981851950256,5.958893282662992,-4.489355897646289,0.993276747353388,-0.1671758061675548,-4.7498680549329,0.4570168631037222,-1.2282497121801033,2.2571268258950408,0.8696542311380965,0.5801903735457148,-0.5537756855293865,-4.229251012054678,1.3362187908824057,-2.2708443190719305,2.543503165995558,0.2235302880296772,2.117799446788156,1.2086075614974263,0.5362749353121737,0.9227748815809006,0.4453949036210562,-2.552414084307016,-1.2639555374334197,1.182984673222521,-0.4053105091110921,-1.665255669219344,-1.0790732552204727,-0.6014838917023834,0.18717520346873,-0.59644794735088,0.0551930226871576,-0.1862270300998562,3.4506503499586154,-0.447517946302602,-2.0013264714860157,1.1987081365551744,0.8293962818582183,1.0020783882203554,-0.2296621389518456,-0.3771689873672028,0.1548361969921583,-0.0365586304052381,1.3660623541449457,-0.3639864093730328,0.2992250960301429,1.1918777395133162,0.1781709448855782,0.6680387480622862,0.8888871837461804,0.1906134192583763,0.0302799861956238,-0.4352827870825265,-0.5405087061978974,-0.5259130233117724,0.6685766482664424,0.0583056275733484,-0.4097824975143191,0.8392793229766752,0.9401465785199136,1.0013280588897375,0.5117780510707208,-0.0482534096176461,0.3151239740261299,0.0829880583116347,0.518250619286065,-0.3494799919849634,0.575425534950721,0.0883540779609104,-0.2200440962277069,-0.413518152269998,-0.3348487147801038,0.3785835911422367,-0.3908437475382704,-0.243961097325285,-0.4861284288656294,0.208088944644246,0.0069953748658921,-0.1858769997213408,0.0407777526586305,6.389759226551721
Na,Na0-1Rb2NiF6,Rb2NiF6,Rb2NaNiF6,mp-aaabfrcr,0.5042871228659817,6.09435994183729,11.475019524793796,3.649806994532631,2.1214271025816576,-6.869335534003308,6.291430773332606,-3.5986499870973967,1.12609924011242,-3.5451878964790096,2.9957580229536327,4.26725186384629,-3.502007564033985,-1.0600849563078834,0.2064125364495696,0.2369853474805213,-3.540314426130589,2.2484875832403217,0.2435198606714628,-3.513401552390261,2.235011314971185,-0.9033616646266376,-0.0757376807476422,-0.7356029337940817,0.8583846738288131,0.1703407180375563,-0.8572414026838304,-0.5287244240076032,-1.303077658206046,0.250994732819482,-0.2818807325921095,0.3039833537103952,0.3746657952217467,1.9584009904437507,-2.613909780201687,-0.0496521655189663,1.4946876495595645,0.2361551552605912,0.442657827886591,0.8191868807072215,0.4134381495976291,-0.2952200269806982,-0.5700098206498149,-0.594136495384459,0.866178916188856,0.214955409781966,-0.423919708367335,0.468664038311075,-0.9475063311263402,0.0086534868832394,-0.4110069138669391,-0.5645771560280739,0.4668189245385777,-0.2873380102340767,-0.7013743156089346,-0.1188240684702672,-0.8694685095439489,0.6997840571743301,-0.5976919332903499,-0.8239851754048877,0.1563859667926074,-0.2652035553896787,0.3054159005534544,0.6572278578871698,0.2247065901596327,0.3728457475143934,-0.0260357171718492,0.1055063309931693,0.1293082318482346,0.3570498666595331,0.2500068343827156,0.4587469887284601,0.429240945325318,0.211854219837299,0.1846651203777622,-0.0546019521537583,-0.8570990608205944,-0.5234686024106366,-1.0061982983247573,-0.1751444097517955,4.578058656551722
Na,Na1-3SbF6,NaSbF6,Na3SbF6,mp-aaaaaivb,-7.053851799944165,4.95260580377771,8.018469368439598,5.411933036992251,-0.5299041499482884,-2.478188275459659,-1.6958023004171985,-1.9003553931278487,0.2199508037268116,2.836654647653971,2.39556777504942,-0.096940400368947,-6.264093867913704,2.227403708435136,0.7549941213255186,3.272969198063653,-1.2254394403241753,1.5935172100370925,3.0635381325678126,1.7623605827858937,0.7258546876251836,-2.0235029879404425,-1.8097718694548968,-1.1120215845080892,-1.2525533400766875,-0.918425715870938,0.0579487779036918,0.5359625239052938,-2.188340162687875,1.1957620696722748,0.0142529747489216,0.5440144242185568,-0.4467742012164959,2.40000171572782,-1.7758685490748214,0.1227913196055426,-1.17721573003233,0.4062408430553035,-0.5583862529507213,-0.3298161413369325,-0.974074064355521,0.0792658556856075,-0.5404037070332529,0.713382321292052,-1.19122982419047,0.0375697221748527,-1.2162409470644622,0.4321835106686852,-0.6178696127343314,0.9499453919437054,-0.0425335888221783,-0.3914621662648924,-0.4637904662833611,0.1346812720977145,0.6855376286476269,0.4388726664229863,-0.2769335923943842,0.9462459530770454,0.1516221142647032,0.1008593371153436,-0.5423145340124219,0.2641822689024806,-0.6131726496287537,-0.6058692308324669,-0.0291555767135477,-0.4043698022511556,0.2891887819385618,-0.0097961623220397,0.3751695066637998,-0.2685396232404483,0.413241957696778,0.5169361998253782,0.35711516468168,0.5712628621697194,0.0213777253440172,-0.0097584560496989,0.3284962261610686,-0.3933169116372738,0.265351416920406,0.3450428163692656,2.037283706551722
Na,Na0-1Rb2VF6,Rb2VF6,Rb2NaVF6,mp-aaacquwh,-0.1122403582446522,6.926823308059363,11.398068720631857,3.0023425182718206,3.1937257791999194,-7.869841260487399,6.859949960830775,-1.153812162261847,1.0725060284521477,-2.596189316937623,0.8875565884892572,3.1864346519248103,-3.410268685026884,-0.431281798068731,-1.4567615442716717,1.2761078540984618,-2.751117309984896,4.1345176446254746,-0.9109127781224016,-2.0109616909021417,2.581182408387768,-1.1289160948630783,-0.4548038399540283,0.3003604772187897,0.4794499230337382,0.320014993313782,-0.9511878166196808,-0.5945279521299531,-0.5696526015599627,-0.4317830981262847,-0.93960745373957,0.347870918573381,0.4891016969583541,1.2290292297396128,-2.1066138324148174,0.1857360415152112,1.805348722564437,-0.3761829042562015,0.4996024328160021,-0.2996219208746617,-0.1477803381725445,-0.6739055667696612,-0.1710291791812477,-0.9130256153621636,0.6270788350313786,0.4311125486304216,0.5350861930031847,0.2736749077982988,-0.5168190436552291,0.7348998986263707,-0.4799846499009069,-0.2420468178144494,0.5980743167232906,-0.5948765440777198,-0.6545638334656522,0.0751274675779095,-0.7761176431699107,1.0646787322327873,-0.3809936160689672,-0.6309585044786296,0.0844351641668515,-0.3239969942526057,0.7780229451664844,0.7521665403433833,-0.1241306581547486,0.1708467040488551,-0.1686372407584282,0.24817361938028,0.0977051215069004,0.3360072360716871,0.4033711954232892,0.4087397258794769,0.3949577858596404,0.2009154644876443,0.2392380195934761,0.0632823979637263,-0.7572822720368882,-0.3987176074691102,-1.0878487888468538,-0.2918751985705223,4.005764786551726
Na,Na0-2VF5,VF5,Na2VF5,mp-aaackqzl,-3.7753559076734224,5.698530765607012,-3.464548713807437,-0.0072846548381781,1.440333339870544,-7.357039916298241,0.0762878898581626,-2.345759889560943,2.7482623563635133,2.376102731334955,0.4403221151464279,1.501154345298142,-6.0044199541278,1.950117033053092,-1.353788209046341,3.206877154350874,0.0155747444084913,0.6127305455974209,0.0367315777005106,0.8247469937009354,0.9975531269929232,1.910562577547341,0.6019047186485785,1.484853557662115,1.1273081611746008,-1.2394660222965896,1.3672581441452838,-0.2907968619288803,0.1862956885942462,0.4814051799678354,0.3334504791902029,0.3853461293230484,-0.110018448685879,0.8048992890509792,-1.39116285394897,-1.5119091613490208,0.2781665102767923,0.5376261315700666,1.128797385237436,-0.8536792725508346,0.275557047080755,1.0234641794161925,-0.3306377184555926,-0.0009665439078434,0.2323067302207192,0.2524396867899869,0.4677742504213061,0.7525929895683583,0.0476922429361558,-0.2090398237386639,-0.4119142257091908,-0.1749984251032702,-0.4135350412600087,-0.3078589800626428,0.07534366284832,0.5327262009818763,0.2196603028697144,-0.2437747987403702,0.4336012112000258,0.4128921479598701,-0.1483319456968856,0.191308349636806,0.6418120923827992,-0.0230728893398358,0.1300982540831224,0.5538733774200301,-0.0064774164036213,-0.0311131727631928,0.9356433493435872,-0.4569102204559236,0.5041422467330318,-0.0170957497668683,-0.3485424345067096,0.3195564778326346,0.3079698757488514,0.1148059810617692,-0.1805960445413846,0.0901441287763033,-0.2947597324233911,0.1283333489882027,4.338141591551722
Na,Na0-1VF4,VF4,NaVF4,mp-aaabwkuj,-3.0339266886288896,5.706095883607434,-4.038800051475011,0.0760422806846301,1.842882970511544,-7.039572500103741,0.353764505098286,-1.855165465937112,2.5851690678361274,2.5658109762786405,0.254658100481914,1.3794186876293155,-5.818556038826572,1.8646430859760723,-1.58008575444347,3.058952797249844,0.0014430238204808,0.4761033904035632,-0.5217548620691814,0.4715090105472763,-0.3115619397803043,1.981278437778764,-0.1743232655549716,1.256804986828598,1.1339989169963565,-1.2869201990745005,0.848009020655204,-0.4480042009445693,-0.3721564185579514,0.4625777145292328,0.1230396126771589,0.3327550340769091,0.0399954359840218,0.7439578876224701,-1.232253631302492,-1.569072812156932,0.2234553960768021,0.5699674223811815,1.011076412548943,-0.5101147901433426,0.228771855266402,0.5849845063411403,-0.4720660062631705,-0.1688591172206845,0.1073208392865512,0.116068583319733,0.5386999020963019,0.7685732945496345,0.1488110893830289,-0.0146010744277808,-0.2823903477496125,-0.1412073629117062,-0.4230373814914261,-0.4330177174715883,-0.1123455256425598,0.4178351733613574,0.3586885578248886,0.0541401677247296,0.3225731897328953,0.4803555611482079,0.1908640446818173,0.1979004594134799,0.467575484340147,0.0985275798366322,0.1616173010527827,0.4543755424002446,0.0695254659019623,0.1339402118078334,0.4680963281054889,-0.3074050231501681,0.0852732524807389,-0.152476536160715,-0.350879484266125,0.107575117219233,0.1762706574337351,-0.0190194599880137,-0.1427394064307149,-0.0224527995510149,-0.2385239738088951,-0.0335833743943961,4.179153189051728
Na,Na0-1VF3,VF3,NaVF3,mp-aaabreyb,-2.8175343220524702,5.223066443281185,-3.450134794997029,-0.2863335882974622,2.5296384522889555,-7.716859094042268,0.5951167894536946,-1.8700959975663696,2.596118233262552,3.0719386948409437,0.2545200774341268,0.9401872247397484,-5.139423399081691,1.975627601367751,-0.868925008766881,3.0432265973390886,-0.1445535863044968,0.3763183690168873,-0.5174468686847604,0.6014680740997097,0.3932704423459634,1.5031343465405975,-1.0665650740309878,0.4447563219574438,1.3889585836543858,0.8269558576883099,2.411259128262957,-1.2292622365360208,-0.8575543047074315,-0.3762631405236314,-0.4848732071989443,0.3416516234594853,0.1353012183023248,0.8010398123912925,-0.8240925720304467,-1.5372578772464784,-0.1753561945850098,0.5205745632286107,0.9168456540894792,-0.750460491224612,0.1674388677580579,0.6395845256648204,-0.5891132995934125,-0.2233306055150607,0.1144847070207579,0.0654941298715511,0.5339364083012195,0.5487814049376788,-0.0672691364619845,0.1058538059386058,-0.379829975486024,-0.0337682352221623,-0.5833857587822326,-0.2708678434573444,-0.0671966396220901,0.2231103152925458,0.2903637510931401,-0.189594091777554,0.3085864192859225,0.3856968742391083,0.1753382373449613,0.2462941682816264,0.4662280356784991,0.075627408346105,0.4780710386813807,0.5074298839563877,0.0946198384707813,0.0263670301703515,0.5305919253177607,-0.2324195756213349,0.0765557009071283,-0.2025893571318946,-0.4580078078737969,0.1325618270226969,0.2861851042345839,0.003098331975054,-0.107254052197953,0.0554610063626288,-0.1655894904769533,-0.1052191051476734,2.128294121551722
Na,Na0-1Fe(GeO3)2,Fe(GeO3)2,NaFe(GeO3)2,mp-aaachjqr,-1.287836167491642,1.2783447202794462,-3.2306775075227216,0.1404878360881856,-2.611382507137733,-2.427093402129469,0.795213965410546,-0.9814089518366332,1.8140181275195555,-2.120624861591363,-0.1237340109492061,-2.835978300025905,-0.7727297530642702,1.7782223611225578,2.027383463633751,1.8619844555369915,0.3776125004099578,1.2249736716347992,0.624994153725092,-0.5808979659887131,-2.436142528578908,0.0313071693678031,-0.0353459277211423,0.7888834430950102,0.5011912914756566,-0.9375987647967042,-0.2849703681513689,-0.8763050535278121,0.1671276870683694,0.7251894225989431,0.0709898226608939,-0.4068699071843443,0.1556595380459448,0.5401361114503375,-1.0561782913672717,-2.6971326571900662,1.016712615455193,-0.1982726048731192,0.0094800383984331,-0.1938125291968379,0.7889577775469963,0.5272932077933276,0.1447265097385365,-0.4707335615577078,-0.5168226337423094,0.8666970931342357,1.0458439597055031,0.7446057547358574,-0.8941908910454801,0.2597089523829768,-0.298438838363279,0.052553095357022,-0.4134401292853262,-0.0955864513738661,0.5868120885076715,0.6910070502006118,0.7191361422017671,0.1195090086928912,0.1491402096497277,0.4877200473131515,-0.530122360326781,-0.1956196487683359,-0.0349917536472815,0.3048456397759042,-0.3405472703169646,0.5623332620730495,-0.101145057829522,0.7430443010555172,-0.1371478468150411,-0.1484771026035266,-0.3690377424738171,-0.1438876517370451,-0.2024305385912264,-0.6925445341397138,0.0743287643470656,-0.465502123563663,-0.0213402386574771,-0.0389453287639964,-0.0298787462301076,-0.0953793871469928,4.856140101551727
Na,Na0-2LiFe(Si2O5)3,LiFe(Si2O5)3,Na2LiFe(Si2O5)3,mp-aaabsdoo,-2.554976063389511,4.818055281598708,2.331514165210982,-2.8144773520242654,-0.6501162436113067,2.3955124876677343,-0.3044235533338693,-1.027975184441341,0.0653378291461956,-2.672243621834163,-1.746861478765587,-2.789866667725664,0.0548398404571171,1.7257757858218297,-0.4611693972383353,2.370240073746252,1.4369946366254105,0.8461633490109489,1.565663064971982,-0.5905838140762247,-1.974954660268738,0.4606111119867029,-1.693665976467568,-1.2652024398506958,-0.2778543375961114,0.8153838694680778,0.6025284737070863,-1.0737817338805595,-0.766953988169205,-0.6263827640133024,-0.9982573856135368,-0.4543149680318903,0.4570667392112224,1.214986793456179,0.8667057871903849,-1.9972122309423312,-0.5403623463776271,-0.3301836831255699,0.7053852587170981,-1.257101853903474,1.6760660799624638,0.2144703132622827,-0.7417368065495848,0.8775282411950719,-0.621106380081397,0.0449622392871148,0.7968182697555405,0.4024737422078578,0.0397466187486865,-0.2362941846775181,-0.0135019117155375,0.9362023438842833,0.2158933058395088,0.5463053274457916,0.0956986779634938,0.4142949345635048,-1.0167574929783705,-0.1955203698721787,-0.3486472249496339,-0.2341918647126531,-1.252500600371144,-1.0496230333244754,0.3353975914578759,0.1403032954183508,-0.5395512436628455,0.2083239919514093,0.6502201569191399,-0.7137373668760958,0.1532314765970569,-0.3594157349373905,-0.6319893477920637,-0.3844255702411384,-0.0347500382994314,0.0719688471860992,1.2013527212777118,0.4898145193792737,-0.229352652334631,-0.2772516570709538,-0.4669801447036469,-0.3387656334539609,4.5699816103017135
Na,Na1.25-2MgFe2(PO4)3,Na5Mg4Fe8(PO4)12,Na2MgFe2(PO4)3,mp-aaacoukn,-3.0824373577569,4.901589556294248,4.826937836298887,-2.0271626123539184,-0.9892503979991116,2.1522517383758872,0.1939404750907572,-1.907542611356947,-1.514946651898743,-2.648704030274408,0.8209386693821821,-1.72722912374494,-3.100310037433994,1.4447521392464486,1.0205096941506284,1.182197428232917,-0.5267805907537132,-0.6226612980788899,0.6981205227453431,-0.3297453963375586,-2.718234450635428,1.6836497064145328,0.3431242118911327,-1.457229860046348,-1.2146649384721395,-1.5371495742958732,-0.0814850285013943,-0.7783461189470057,-0.1955458779913106,0.8016040967687781,0.5676520691982735,0.1131232579857252,-0.2416744699467504,1.171871435958447,0.1916767845232034,-0.3753603096793307,-0.4865586723974521,-0.5121454444308374,0.1992065147687863,-0.7953229597921346,0.6956928718625748,-0.5550111103158116,-0.3351032280538518,0.671262081808895,-0.2710963132303466,0.4694549869187992,-0.0929737076773326,0.5424914948472369,0.463896051570887,0.3325181940071813,-0.0791044006896797,-0.456788533209377,-0.017868956201596,0.3332042006335582,-0.3952444329233092,-0.330159948706303,-0.5818096218146791,0.2318910115149317,-0.2214828362692022,-0.4457938578929913,-0.1730219200759792,-0.5073247166311935,-0.4341142011571323,0.0880478441712598,0.4466442376649217,-0.6717922687395766,-0.1203759835468966,-0.2921921187935501,0.0394518094560825,0.3077017738264351,-0.1579651430312221,-0.0143598173010129,-0.2754598666632874,-0.3804091761104444,-0.0486857400996389,-0.053619854899097,-0.1761893377920863,0.0408839929328502,0.0640512132061905,-0.2299438809824019,2.650199029885057
Na,Na0-1Fe5O8,Fe5O8,NaFe5O8,mp-aaabdboc,-1.2994371365656274,-0.2803919475350931,-3.699498649604069,-0.2097974331670912,0.3287394427111755,-4.86180677618707,2.1828044650951903,-2.306262716413949,2.048527661513793,-0.2105294593032877,1.5999325986510289,-1.7775354022179888,-1.8940365714031284,1.32289030182271,3.925493812161925,0.5365746576730456,-0.7227608909921013,-0.1693963956734367,-1.4927419889800673,-1.6375155640378591,-1.3048022009314926,-0.4353314051219278,-2.9312500698908983,0.2749718648836265,-0.6741368657223913,-0.2109731252608618,-1.621247600159467,-1.0384318798592729,-0.3961610398786945,0.5444142254285089,-0.347239481761919,0.7455135466812104,-1.1174560000274172,2.5588372113093394,-1.2961366687853637,-0.6380641089585426,-0.2237674509456683,0.910923464073291,0.3288664926413996,-0.5641194701697351,-0.4781041264807856,-0.4414006802160756,-0.4946822471863748,-0.4216801796729839,-0.7692345562886297,-0.2412393717248896,0.660757567904296,0.1042529003513524,-0.5096423032792124,1.00513036293487,0.5917937158868862,-0.4623143439304911,-0.6235138033194034,-0.2011609049088731,0.0256223802376433,-0.0954708149662782,0.3310585963660303,-0.0810559413104267,-0.030520043132362,0.4022703939134432,-0.1762847801134511,-0.1515375543769248,0.525479197782887,0.1332143168026356,0.2404414214960856,0.2499801444513091,-0.0783375323692221,0.411252157736404,-0.119130362630357,-0.3280233487753836,-0.5503087501833878,0.1580323222695432,0.2477141748557099,-0.1964282967926089,0.2311162005808913,-0.1703043945515449,-0.0636811344603898,-0.0609942779786375,0.1403246004133544,-0.0213673240923245,3.894237176551716
Na,Na0-1FeO2,FeO2,NaFeO2,mp-aaadauas,-2.2655608734682,0.28340958940282,-2.449108427419772,-1.060866656992931,-0.4879611826827623,-6.074638274788156,1.2229223848224993,-3.061593527230407,2.200487622427528,0.0214889413309889,1.7607790737527604,-1.6429643643833731,-1.8164017279835487,1.5196497824918809,4.542327083556357,0.8593036622311767,-0.4655930443270439,0.087985252438847,-0.6053310865875754,-0.8104996774556362,1.0242921364925637,0.0466160436028492,-1.6797823105124854,1.5737053475866776,-0.2998021462526736,-0.3579339021501597,1.411101470081861,-1.0667363565560006,1.0406185341516063,1.6073376171620477,3.2599599322297554,-0.9787276875088708,3.1782532311391214,2.179164075599196,-0.3314363725359063,-0.179386353973814,-0.4233095619480989,-0.2301082219677117,1.803402904114741,-1.1814755709065967,-0.0507651584977734,0.6702467160942825,0.0474238559935771,-0.4798701798823179,-0.3091534346491976,0.5023856462877538,0.1947188187895749,0.0941498215797511,-1.058982451036579,0.0728813565798243,-0.2740304062682079,0.0008529620635517,-0.5329484220673211,0.0673290071415996,-0.5617515193237979,0.0515033143495743,0.3457391461004,-0.0198480079991402,0.1704741793181173,0.4804903800970512,0.0507419402808178,0.0146853572556383,0.307835668462487,0.3593157674919813,0.3879147758830976,0.1636812580325383,-0.2186910638065819,0.2098714098224831,0.426257966246134,-0.1119220467799836,-0.0114188831553585,-0.0879110439682026,-0.4174953865227991,-0.2222172261491288,-0.0004192837378319,-0.1462243149838947,-0.2191692085826942,-0.0769840297342739,-0.0407956334870939,0.0613437898758021,3.566569301551726
Na,Na0-1FeO2,FeO2,NaFeO2,mp-aaaabliq,-2.255918224508564,0.4995124873608235,-2.5060592003728583,-0.9464388903880844,-0.5977564023200388,-5.802464314747054,1.405946693857569,-3.0931405940409324,2.088451287092486,0.0513198876611348,1.911264693940825,-1.5286190158744295,-1.8196972722225493,1.647442105657278,4.452081684488161,1.0464563087907404,-0.6503173140669961,-0.1126543572770184,-0.7378945163089338,-0.8423507059672929,1.4672945894844,0.127408415722648,-1.5349226922282009,0.1066690899931745,-0.3737360494675362,-1.0633393566927272,0.883482128861718,-1.1162068044633473,0.9549796521216398,0.3036514618741541,1.5566609930413384,0.4599807799620521,-1.0800238606157455,-0.7850990391796806,-1.3015857315839083,-1.849638302859772,-0.4108707328852174,0.5002843329022693,0.7942012006968681,-0.9219493359612811,0.4798470453833174,1.0635041226789208,-0.3739321243140532,-0.3498314704722973,-0.0119608361599212,0.5661758677624398,0.4508769225846171,0.1285608012139062,-0.3812541552850927,0.50397553476438,-0.5409665445232197,-0.0098244693036133,-0.5031149311075767,-0.0823074012581422,-0.1923385859950615,0.2301225785574144,0.2499873770715696,-0.114197081591257,0.1829630870842216,0.2691285900948968,-0.1563352922628688,0.0860377052626383,0.3313152804434696,0.2532928364853251,0.4227135666278457,0.2856714819966732,-0.1259787930668884,0.1293808916257136,0.3144935876445474,-0.0712242615152149,-0.054251478324679,-0.1017295335744794,-0.4831440450982409,-0.1569267475698345,-0.1356680707514574,-0.1968239504942088,-0.2245793372455652,0.0659998316259205,-0.100246567888959,-0.0145071677675613,3.764714066551725
Na,Na0-0.5FeO2,FeO2,Na(FeO2)2,mp-aaachpgf,-1.7439269941373134,0.6642034174627747,-3.410527777535754,-0.3689732219735185,-0.404166394444813,-5.001295453420598,1.589960810677272,-2.654247663188445,2.081651037187134,-0.2366329190108404,1.5100307703355775,-1.459080336592331,-2.034266347986645,1.4537633505919592,4.221334686540843,0.8083851515498515,-0.6075708607678544,-0.3419170227263746,-1.131563736753774,-0.9647812923872028,-1.4816511861156292,0.5359016929363674,-0.9028515459100775,0.4687513720881756,-0.1475485939751146,1.0439940433328432,1.6984513063233946,-1.608693050454837,0.0353630212698936,-0.1940321379340717,0.1022098895200609,0.3593779980744984,-0.4540891687644899,0.7211048952888839,-0.4932410963015509,-1.0921136849652298,-0.3320224596284329,0.9877844885543096,0.3470129999399733,-0.837681697907416,0.6364911188434709,0.6362208812454143,-0.5643027263295625,-0.5008650399230177,-0.1788934213308705,0.2496705679300774,0.7158141726475158,0.2966598701842247,-0.7509678206819308,0.4911451419488906,-0.3311545255859454,-0.3245517945751426,-0.4620954466233161,-0.1587106738164233,-0.3243965780671601,0.2209126394448737,0.3505279392099104,0.0304080083322293,0.0205325434822136,0.2504417319340551,-0.0484677691645,0.0320721888285041,0.3663142660068094,0.1729971548448683,0.2466177087967633,0.1954781404999977,-0.1609294178695237,0.3256938236615601,0.0123635167332229,-0.12843990081924,-0.3042050971745859,0.0459648941197108,-0.1891457408758822,-0.1775084182527392,-0.046540922473805,-0.2061989799847408,-0.1451080781108097,-0.006253824851614,-0.0407664384217445,-0.0721817583655876,5.074529716551718
Na,Na0-0.5FeO2,FeO2,Na(FeO2)2,mp-aaadbkav,-1.7441620445070103,0.651470758707847,-3.407036385445875,-0.3696848046547,-0.401268372233606,-5.0092774110489255,1.5999653164029488,-2.6582445020170216,2.0839914663503274,-0.2370376564506568,1.5155882399476888,-1.4606654307647118,-2.0280100975658173,1.4556439398423318,4.228907002549305,0.8145458925504563,-0.6138719840717035,-0.3313052966304344,-1.1287653794464865,-0.9704495727992152,-1.423981154063476,0.5169736136505505,-0.9648487025143728,0.44096965838136,-0.1575331718915978,1.018931424288413,1.68266092113809,-1.6219126759159808,0.0238667674595754,-0.1894609288526921,0.0913771799358775,0.355003888040457,-0.4448613339443246,0.7468907640230744,-0.4844659832479221,-1.0850814242287643,-0.3369191724432993,0.9891127274362412,0.3513112172772087,-0.8359584130508182,0.6256509673890693,0.6272896083229957,-0.5616120665300279,-0.4925701131325488,-0.1865309014912509,0.2489271275128468,0.713946171044965,0.2970487710219935,-0.7478562289136755,0.4964076610128392,-0.3247286947876353,-0.3242184518745402,-0.4628045573360976,-0.1623678880855064,-0.3231846476763834,0.2175895603462321,0.351151206623484,0.0304394578642706,0.0226938295777017,0.2517399101782311,-0.0492241853855503,0.0306136171269866,0.3644878312104403,0.1774002600629428,0.2453226873517333,0.1961665248344326,-0.1630552574672745,0.3251040061182232,0.0126210389230578,-0.1303170196489015,-0.3048969575182466,0.0432152142624667,-0.1910771134027195,-0.181059490801922,-0.0479987874623919,-0.2082018154269587,-0.1470859582906424,-0.0065972734002922,-0.0396474937622496,-0.071105978624824,3.842003831551725
Na,Na0-1Fe5O8,Fe5O8,NaFe5O8,mp-aaacrsdl,-1.2881450468735989,-0.0352474023569973,-3.817692680732263,-0.1981907687229165,0.1819792982755559,-4.619922788140681,2.1508853753094224,-2.18315509886023,1.909656604503432,0.0104411722493531,1.4218999665607088,-1.6714015808675131,-1.755286633404001,1.4394375872022018,4.015761701134887,0.5923210288106993,-0.455262009505387,-0.6456165918388506,-1.822934602144094,-1.7652365422000065,-1.363098618850065,0.0662022716703706,-3.2782681790546246,-0.2623620094621771,-0.6298911328824283,-1.250803916950248,-0.2205507697246581,-1.3538959939936588,0.0743531395099959,0.1339881603461393,1.3244273879195632,0.486440908518704,-1.0077079539874665,-0.8073820439963554,-0.6634963727056806,-1.556585136203231,-0.5509888651824882,0.7660155149980166,0.2271467095342955,-0.0554988277707033,0.5069895732370095,0.0524200444587096,-0.4656303447778103,-0.7825622673960608,-0.0940767434659594,0.1923290890229139,0.5387510617019207,0.1278647034221116,-0.4162227077406516,0.6584497178572079,0.06620957584165,-0.0713109418743394,-0.3622505071577667,-0.0784220042229367,0.018342992385493,-0.0931953958200488,0.3899690102334845,0.0360886852539779,0.0328716837735258,0.2018299352394377,-0.2007131649505542,0.04375459196918,0.6065729716993882,0.1006369995119095,0.2855025564027977,0.101507377407109,-0.1012581579931206,0.5978843688575067,-0.1788659103369248,-0.2122334703387595,-0.5830239603322777,0.1716648736040032,0.1502821252887949,-0.2389407449158305,0.2073082347596695,-0.1540853748054114,-0.095804141110327,-0.0771645182455738,0.0699266196993433,0.0095655452513641,3.731592496551715
Na,Na0-1Fe3P3O13,Fe3P3O13,NaFe3P3O13,mp-aaaczesc,-2.7732962271379846,1.9605858040789133,-3.5928293601195724,-0.0188062090343557,-4.043325649341092,-1.1720702070768234,1.5787113841563647,-1.96006324736335,1.3625168426961305,-3.2903408434229617,0.8615663886474582,-0.5871893530055523,-3.1584907717950697,0.2653047629546393,1.8370616605677492,-0.0409467563130594,-0.58887297293932,-0.9383605065001812,-0.7831458800131168,-0.4362160438065935,-2.449550137398097,0.6841211928374211,-0.8943676073445365,0.8369187984537231,0.6895655831742603,-1.009325128489679,0.1577782016983568,-1.026026460748575,-0.607952092949382,0.8979990783191869,0.5987362199095502,0.4143641953440709,-0.383220242263089,0.7036058963042129,-0.7905834344749152,-1.305710306480494,0.2416363399353122,-0.1372597162749482,0.5616042664811133,-0.209884898733908,-0.1274883412209898,0.2116848192441934,-1.0230630552493452,-1.0083910133029743,-0.364884085230394,0.0108395741986003,0.8650968559341172,0.3208081645193691,-0.509738915075136,0.7455032492661723,-0.3091761322057405,-0.1293234954401603,0.0803547176402956,-0.2535722140289018,0.1630309133866111,-0.026300568020681,0.3245062514359376,0.3354842273214751,0.0478082417148761,-0.0598117134918889,0.1936046876256309,0.0179421622896685,0.4505660672084749,0.0892804670168056,-0.106320732505535,0.1901041372744053,-0.0140181378477674,0.4783351512197076,-0.3096322315798158,-0.1762707829775922,-0.6321443131581441,0.1089790346384794,-0.0154190732845365,-0.4901193006794977,-0.1253158848309957,-0.1265120766951048,0.0286211236713383,-0.1022315077525295,0.0416687273352263,-0.0365234752115438,5.136609711551703
Na,Na0-7Fe4P9O32,Fe4P9O32,Na7Fe4P9O32,mp-aaaabock,-4.270074448853404,2.197312388489285,-2.634149785072267,-0.0589201231554485,-4.82703216544534,-1.6550448556755053,1.2255567786944177,-2.5499012435189625,1.509299943785524,-3.38174479355273,1.1178184789674643,-0.4578752520578658,-3.123545914644505,0.5737000383369323,1.9749053199708315,0.6036599220246854,-0.7610207219942094,-0.2547461217514554,0.0794519440440882,0.2435976222934004,0.6847196683312172,0.5684133266437524,-1.619412700446368,-0.2597901861357786,1.42179040848244,-0.5613826693413779,1.6342760720009286,-0.9711054849882256,0.9689696084256886,3.836934497914657,-0.5121227535061376,0.3016044817038665,-0.7272983468098758,0.6872580345870763,0.1313817897284487,-0.5342634655423812,0.3353723795347325,0.719335093004468,0.5287757986486686,-0.9646969344852452,0.0547173467623842,0.60730534093321,-0.9993034925853486,-0.8682357375329357,0.2518704832309598,0.4149182556005191,1.2778076432273906,0.4329108152334737,-0.8986317754671366,0.4999076727698253,-0.5840066956822865,-0.2265545876194474,0.0637973408748645,-0.4021795478137285,0.1471096328342578,0.5324895013834936,-0.0381244566891633,-0.2081691808417757,0.3205794086379972,-0.158511713815698,0.2940107474386973,-0.1488512998424034,0.1417812462781107,0.1749165752437103,-0.0291043299689858,0.2994420367358631,0.0654055817398667,0.2401043192914793,0.4693367860549917,0.0207743429652165,-0.1436591971529178,-0.0085722197175361,0.2201597819467917,-0.2440853960023156,-0.0541161726831988,0.1510468303659187,-0.1386272977962893,-0.1286402944417533,0.0680462165376617,0.2961109839939358,5.024058592266007
Na,Na0-1Fe(PO3)3,Fe(PO3)3,NaFe(PO3)3,mp-aaaabllm,-4.187864605338686,2.271858112414324,-3.429055560322542,0.1829692015763176,-5.19543744921914,-0.9047391928812611,1.2765474941928967,-2.2247944097959635,1.257009130461577,-3.863373977828224,0.8467646574914305,-0.2950298980102442,-3.471263892960752,0.4327466369227001,1.8458712106317727,0.5778742136326277,-0.7922614190148658,-0.3840439060684906,-0.3149936050084577,0.2113799162115671,-1.2356595833888102,0.8602945786659971,-1.311343277652166,-0.4162318430318804,0.8003620784607873,0.925328330388709,2.110067289337505,-1.7977217833699848,-0.2597499952318118,-0.0309622300656478,0.3855487085742829,0.508441479179067,-0.4514389024767032,1.242518175669998,-0.2261083151903724,-0.8455728632310857,0.3336402056129373,0.5727676322580458,0.4471432004260684,-0.48668736675382,0.2345934708983948,0.4199552771367582,-0.607873951182841,-0.8547943686106937,-0.1365834728466483,0.1013539320124956,1.2913178250944355,0.6531439688832685,-0.656930275253583,0.2981305093859016,-0.4242729507015927,-0.1974054315594922,0.0534175252043745,-0.2133462016494736,0.2199843566415387,0.3585484934017051,0.169457823688669,-0.3060277595489506,0.2583501651693446,0.038158589340174,0.2111411614742208,-0.2298653279553924,0.2822740208657228,0.3349832812574634,-0.051478879805259,0.2441214208072012,0.1103057404541854,0.4751309405155238,0.0863807739937892,0.0246464484761811,-0.448296942588449,-0.1028945321541893,0.1656798346319037,-0.4250779849911736,-0.2745850472371026,0.0479359055703768,0.0041771589735886,-0.1012265799594495,-0.1716760283357104,-0.0565682726302717,3.273735689051709
Na,Na0-3Fe2(PO4)3,Fe2(PO4)3,Na3Fe2(PO4)3,mp-aaaabnbw,-3.884232823041365,2.3389210877199265,-2.538680561191032,-0.3538292929651793,-4.619233617506326,-1.880863799059105,1.0504582911291056,-2.560133221112767,1.499650880833452,-3.186905825291548,1.1019720196077951,-0.6599004453221847,-3.254870234936791,0.5647719986440908,2.064865426398637,0.3191390643202987,-0.7109265151704958,-0.472523121427219,-0.0190281879933913,0.2169030808790297,-0.3610771569333512,0.8404567473574697,0.2778262096412729,1.1167304868590626,0.8562183935333803,-0.9012314560346512,0.98885850690817,-0.9169666453012676,-0.0269553986459394,1.057156566622333,0.9467725230718534,0.5523863518927714,-0.6369376231969358,0.776303798694923,-1.230054764072385,-1.2285667037673609,0.3336807468938249,-0.0868804903383205,0.9540080205821432,-0.787034065852566,-0.1773362469187285,0.8327305019545677,-0.6935502042913749,-0.9337809958825608,-0.088050572337155,0.2450768627537326,1.0150704112089182,0.3368911675530175,-0.6267760614885566,0.3494288603375419,-0.6508804858851476,-0.0982408084874267,-0.0557625416943073,-0.2985723043386614,0.2704278521194032,0.4792068105031457,-0.005390898635317,0.0454760223062625,0.36181678720987,-0.0189515959227786,0.2980641681350378,-0.0368428285381094,0.193665663836748,0.1041954764094033,0.0781343104930602,0.3180915347366006,0.0540469168073021,0.1631822921340766,0.4237388699382764,-0.050086318590732,-0.1190457215166352,-0.0144056912023593,0.0666113876138509,-0.182048664812397,-0.0686518719781863,0.1606080193163824,-0.1493186484707602,-0.1280997003049724,0.1076213874908474,0.2922440134146781,4.315440844051721
Na,Na0-1FeP2O7,FeP2O7,NaFeP2O7,mp-aaaabnhu,-3.8459812563025855,2.354855528081865,-3.1777974751564937,-0.0669504870678453,-4.944753167096911,-1.2136637501549088,1.1943164111200155,-2.2930669440229856,1.3294069447911918,-3.6120832743490263,0.9515931498981038,-0.4357570128662816,-3.4712281937221423,0.4447648557992762,1.765908190101561,0.3414254482061069,-0.7089532528421782,-0.4653428964816286,-0.3232209347783194,0.0748327128831724,-1.2726422442662688,0.9340530902788676,-0.2909630731043882,0.8028484765730042,0.7264702519183216,-1.0264626974276736,0.6686683295290481,-1.0444133378914011,-0.1088928533789608,0.9882214221830214,0.9069134376349672,0.519620398757483,-0.5834310739092915,0.9116280431860736,-0.9579968508044088,-1.121981074474397,0.4581254372967087,0.1386219015342166,0.794048272737836,-0.5068116645878619,-0.0653990649315436,0.4947568288321478,-0.6520677323534747,-0.9440949341136546,-0.1451901456583861,0.1484849827733288,1.1127453847360933,0.486668200062624,-0.5304492351908112,0.3744940464327301,-0.4723265356679709,-0.1430340100187367,0.0230526591914363,-0.2742004356408233,0.1863420708985683,0.3618711825053253,0.1176571458266216,-0.0132960975637048,0.2786874411532591,0.0539394864218269,0.2898893157747311,-0.1128741085217282,0.2281393811100773,0.2492887546020594,-0.0408000472948203,0.2932151614920618,0.0898158238839932,0.3535223873759057,0.1401014389275272,-0.025882048762558,-0.3612793482193821,-0.0506539819627407,0.0383738793569639,-0.3705846408561609,-0.2275613291313366,0.0625798036861965,-0.0757661214057196,-0.0955536045675594,-0.0560000797278019,0.0785723978726438,4.957626966551718
Na,Na0-3Fe3(PO4)4,Fe3(PO4)4,Na3Fe3(PO4)4,mp-aaackrnl,-3.5329268147474813,2.316788306226633,-2.834327881875422,-0.3410472469459289,-4.428192765198708,-1.6979270630370586,1.1527541967261437,-2.3276522571734315,1.4321911781101098,-3.068595787950399,1.0803677525486728,-0.6612996139087683,-3.1762232055609085,0.3899946222448263,1.8316420731167289,0.3237824578083798,-0.7634505920746355,-0.7139395876273594,-0.2393643374820426,-0.0840758273099615,-1.101268423662213,0.540202940863196,-1.0388600578949554,-0.0308091209176954,1.147211208067425,1.3443928831488323,0.6270721838760579,-0.0620722324205487,1.0759314205121835,1.2804764907937525,1.5740271450929018,0.6601575645082144,-0.7401614097461575,0.4627491311448566,-1.65810029753916,-1.1582696200732507,0.3146575043484397,-0.2131912087317785,0.8156389827007198,-0.7197207002910493,-0.2267554414524652,0.6924650863865325,-0.8542664857164048,-1.0288214498208756,-0.2810163992262396,0.0737762309276503,0.9011617257416044,0.4322433241252965,-0.7291390293513578,0.4513504687996946,-0.6269650329904963,-0.2159036258436334,-0.0028239881967473,-0.3725358357518979,0.1183092133662333,0.4138186817466894,0.0990307256377745,0.2541833479283069,0.2322050516973484,0.0418698308985146,0.4010044975759431,-0.0258992902526728,0.2102609295886682,0.0776093130450487,0.0283694491056079,0.2328434732515353,0.0745617895937328,0.2088857314715055,0.2024856842940515,-0.0106612111286541,-0.287361003472531,-0.054934088059483,-0.022301219940475,-0.2843448529842213,-0.1301500753342994,0.0884669781115281,-0.1092649311415135,-0.0630903432785119,0.0414983467481296,0.1662420844224729,4.975958633218391
Na,Na0-4Fe2(PO4)3,Fe2(PO4)3,Na4Fe2(PO4)3,mp-aaaabnik,-4.114505441072764,2.029991558816028,-2.109902365263319,-0.5045211649782511,-4.506336108518502,-2.3355111241496447,1.2536556006445938,-2.773690748389736,1.5571836043228002,-2.8803813564116623,1.3210535941243466,-0.7436916428323465,-2.8893698718226366,0.7209686480807361,2.4030649894667424,0.6197554633053791,-0.8234161452557,-0.4113617303745399,0.1257516131769543,0.0900456866441638,2.188246044788908,0.2494458034778349,-1.989107004502019,-0.5749111391571123,0.633522418650247,-1.1665099420312526,1.2397532594832277,-1.168739849472869,0.3173557403163393,0.4919694841312589,1.6588717397024912,0.6188729600611228,-1.0061730239061166,-0.403993641364272,-1.1907460059585442,-1.6608875605614086,-0.0633567515694286,-0.2078475994023292,0.9637469654934924,-0.6451444229963755,-0.1024931013646746,1.0212398163512957,-0.5962051962874269,-0.8011622824912011,-0.0365155923867357,0.4367290506717026,0.8521278804909729,0.2964911851993899,-0.4732545673385716,0.3728338362694001,-0.7821223082777627,0.1058254502209794,-0.0173871304507886,-0.3704473708766165,0.464923752825862,0.4571011144326331,-0.0312181141097682,-0.0211859876754318,0.511176625379411,-0.1087077389991672,0.1908481552829738,-0.0078293273340065,0.2159326609654291,0.1011400385484634,0.1206198903569852,0.2613067494723864,-0.0037687269558889,0.0802017517431194,0.5893976556644926,-0.0511439908877108,-0.0246353930586371,-0.0453255722865454,0.1011876005322847,-0.162917877149878,0.0025101367570366,0.1596343599841997,-0.1919401792311303,-0.1513241344515848,0.2224581663773704,0.4414469749143964,3.956551765301722
Na,Na0-1Fe7(PO4)6,Fe7(PO4)6,NaFe7(PO4)6,mp-aaabdayx,-2.4202154580038173,1.602071639301662,-3.732360658704224,0.0688803180008671,-3.4229500447208028,-1.0938403979772031,1.775326854469268,-1.6242793525339478,1.347622365456418,-2.945101782381471,0.807767976194743,-0.7497343992415817,-2.891790026291893,0.0391201787370041,1.6393350562723925,-0.2852538054418983,-0.4787037689188078,-1.4367079447388773,-1.0226031349618678,-0.7797144921303852,-3.155199266220136,0.1675074176450287,-2.194236531862858,-0.1693173680360742,0.994416202194318,1.2647034898395764,-0.2332726823729174,-0.132456818711712,0.4408141128579569,1.0961586056485702,1.235980540216638,0.5595056378347866,-0.5559004641518535,0.3155704591080117,-1.1594068382290332,-1.1939533098510462,0.0882110844019728,-0.3779280598954604,0.3204486483328423,-0.13822316792293,-0.2261134922958853,-0.0210403029018452,-1.1638651645336846,-1.1884016904767236,-0.5131978923797769,-0.1764470625405432,0.6243271209730249,0.2175949053433558,-0.64048593909647,0.9008261279441068,-0.1489537895461572,-0.1550216408111221,0.0749098863025593,-0.2312037206414821,0.2074396116291019,-0.1747055851940151,0.4387853906244881,0.4094316690370881,-0.1243162279845146,-0.080712460140103,0.0641490639673222,0.0370079125290804,0.6538710721254353,-0.0943404160591293,-0.049877343207077,0.0737423706057491,-0.0006209158495538,0.6285630959629328,-0.4787283003662227,-0.1817677934932212,-0.8438158900147019,0.1957092370440908,0.1812611716027643,-0.4522820870610381,0.1119609189370318,-0.1694828935632158,0.0959356357129965,-0.1007157052291941,0.1136783885900916,-0.0776603973220267,2.751346386551748
Na,Na0-1FePO4,FePO4,NaFePO4,mp-aaaabedd,-3.2314408056066903,1.934742133270388,-2.448337011366185,-0.5147234334171285,-3.901104945097193,-2.249566729005805,1.373587741566863,-2.5027803523371728,1.5805877267768975,-2.756380617594852,1.1039571480177652,-0.9635529908211268,-2.687042991282599,0.5906560559411945,2.5960310560097617,0.3156109006179746,-0.8763325954349535,-0.6328145192773253,-0.1491475262924641,0.0310038829230337,-0.2990747733522807,0.4664875111379545,-0.9973238635456358,0.1259128622132154,1.0374794749239804,1.1209083852355697,2.2691191554565457,-1.6555361296002584,-0.6525543827142642,0.1095526205797424,0.1583752153664905,0.4713895824784807,-0.3551376899889451,0.8626227209200495,-0.6744861624174873,-1.229603749894754,-0.0230970681540035,-0.0965476850581476,0.7118849168062569,-0.7993340221268309,-0.1415714483919044,0.8235640184437847,-1.0070485245580192,-0.8732626673880176,-0.2527981399274419,0.1679256176624222,0.9607773853682144,0.2872840847841836,-0.7981060351759788,0.5532269513341477,-0.681507215510377,-0.1069829455576254,-0.0814341511214485,-0.2526525631765797,0.2355933864741387,0.2981887688496626,0.0335676281570685,0.1406616235455073,0.2743263734751802,-0.1070051007700191,0.3629918132673726,0.0475159466118905,0.180335496647871,0.0580241898635927,0.1421912845395409,0.2564207491931655,-0.0426875493815076,0.172886197776308,0.2309796382746605,-0.0661241179146326,-0.1778454877433481,-0.0254527003885625,-0.0619249576578811,-0.2275986208333824,-0.0628869408656882,0.0671521815230004,-0.095916111603053,-0.0972367427011876,0.1182510913920556,0.1889191076733486,3.003711521551725
Na,Na0-1FeP2O7,FeP2O7,NaFeP2O7,mp-aaaablja,-3.845785380994505,2.365466077044305,-3.180706968564726,-0.0663575015001942,-4.94716818560625,-1.207012118797969,1.1859793230152849,-2.289736244999172,1.327456587155197,-3.61174599314918,0.9469619252213444,-0.4344361010559643,-3.4764417357394986,0.4431976980906324,1.7595979267611757,0.3362914973722695,-0.7037023167556373,-0.4741860015615788,-0.3255528992010589,0.0795562798931827,-1.3207006043097298,0.9498264896837152,-0.2392987759341421,0.8259999046620172,0.7347907335153908,-1.0055771815573151,0.6818269838501351,-1.0333969833404482,-0.0993126418703623,0.9844120812818716,0.9159406956217866,0.5232654904525176,-0.5911209362594293,0.8901398192409149,-0.965309445015766,-1.1278412917547846,0.4622060313090974,0.1375150357992735,0.7904664249568063,-0.5082477353016933,-0.0563656053862089,0.5021995562674967,-0.6543099488530869,-0.951007373105712,-0.138825578858069,0.1491045164543542,1.1143020527382188,0.48634411603115,-0.5330422283310241,0.3701086138794396,-0.4776813946665626,-0.143311795602572,0.0236435847854209,-0.2711527570832541,0.1853321289062544,0.3646404150875267,0.1171377563153102,-0.0133223055070727,0.2768863694070191,0.052857671218347,0.2905196626256064,-0.1116586321037969,0.2296614101070515,0.245619500253664,-0.0397208627572954,0.2926415078800327,0.0915873568821189,0.3540139019953531,0.1398868371026647,-0.0243177830711734,-0.3607027979329982,-0.0483625820817039,0.0399833564626616,-0.3676254137318419,-0.2263464416408475,0.0642488332213781,-0.0741178879225256,-0.0952673974436609,-0.0569325336107143,0.0776759147553409,6.166819841551717
Na,Na0.33-0.67FePO4,NaFe3(PO4)3,Na2Fe3(PO4)3,mp-aaabfrng,-2.502282037367436,4.643762151037953,3.4048456684582926,-2.2686376782405056,-1.5151183638508745,0.9139626879662648,0.7966905254736361,-1.7612803450192078,-1.4988700275631208,-2.55091522246509,1.2042756523986706,-1.736697627972429,-4.801481346743551,1.7763633981422904,2.203833145413724,1.1140431685585224,-0.8864042595980303,-1.0431102313883942,-0.2675034721683335,-0.7824309834327489,-3.033608213622688,0.9755864709880208,-0.5893805086749837,-0.1808374124748732,-1.274203307884389,-1.350374261799122,0.3370143495125519,0.1154072939877724,-0.5515398083525993,0.9430167125936298,0.341169935216724,0.1453953363199119,-0.3365121981162987,1.239792929028294,0.1164113852403644,-0.913193192716602,-1.2677699679966357,0.1866598653141287,0.4347962175312663,-0.2569373807487766,0.1902990016206755,0.398633912114432,-0.7658027615276127,0.2275916866898827,-0.4951457460875583,0.8839329802260123,-0.564793401905942,0.3494821720449843,0.3899152397472066,0.9143816011927324,-0.5631701901714352,-0.4858845043143977,0.1588393113355095,0.6552456960714331,0.3919506271837032,0.205392264594273,-0.0633879152084729,0.1267806596401486,-0.052026579601867,0.1838710091980666,-0.1762345413611543,-0.0403068166079847,-0.6849850172160703,0.2237474470529775,0.2581632109273685,-0.4411030446537337,0.0244389393288889,0.1800537722133192,-0.2780890099707004,0.0516652039091365,-0.6972593510599475,0.0254742806311687,-0.1154704574754548,-0.595294776953466,-0.3101628061016249,-0.1605397836393743,0.27485965146238,0.0098642468690222,0.0129909519271571,-0.0081461041286621,3.751246721551734
Na,Na0-8Fe7(PO4)8,Fe7(PO4)8,Na8Fe7(PO4)8,mp-aaacpazp,-3.4331027765847497,2.178616751353781,-2.495757181886102,-0.500547809409778,-4.230147665863032,-2.060871517114202,1.1722726580572105,-2.4902294695241545,1.5089464940983437,-2.947507658364266,1.112786599801785,-0.8460922693659614,-3.016578464801893,0.5666769390047904,2.2134027611666443,0.2022773357570634,-0.7364816845860543,-0.5905690858445785,-0.1561324264801818,0.0626152000987349,-0.6656804944580251,0.7480046911098678,0.1814927268404207,1.2326398595249024,0.9002006504284737,-0.8304276908812861,0.887777206777974,-0.9292983247680509,-0.2333245114462479,1.077163719734474,0.8561419200557557,0.527600228194908,-0.5953042013128342,0.6272510477555795,-1.2754589201562516,-1.352715473074962,0.2684152343732261,-0.2504162873592779,0.9657732030198544,-0.753497536277488,-0.2649355128541523,0.8008539926855407,-0.8418386204154797,-0.96999961128873,-0.148565321406264,0.2095966944110626,0.9351008737992532,0.2529037132305589,-0.6316959539898627,0.4774967058668723,-0.6493115444434763,-0.0744869443030473,-0.0786876793807318,-0.2588590272642061,0.2288700007260119,0.3657390160167931,0.0026594849061091,0.1597050191670244,0.3010832121154344,-0.0282324994761482,0.3663076603792079,0.0430686530795032,0.1799613715145541,0.0787048667150413,0.1239344629254568,0.3172395404416209,0.0214332469418812,0.1659506560547055,0.2987812502434385,-0.0665623504673889,-0.1665951469364723,-0.007837954467038,-0.0506782479756295,-0.2099125717412246,-0.0711563153877401,0.1123482262719951,-0.1343418023972199,-0.0976467051230937,0.107703196895611,0.2320057467364149,3.417543051551721
Na,Na0-1FePO4,FePO4,NaFePO4,mp-aaabsejg,-3.2314408056066903,1.934742133270388,-2.448337011366185,-0.5147234334171285,-3.901104945097193,-2.249566729005805,1.373587741566863,-2.5027803523371728,1.5805877267768975,-2.756380617594852,1.1039571480177652,-0.9635529908211268,-2.687042991282599,0.5906560559411945,2.5960310560097617,0.3156109006179746,-0.8763325954349535,-0.6328145192773253,-0.1491475262924641,0.0310038829230337,-0.2990747733522807,0.4664875111379545,-0.9973238635456358,0.1259128622132154,1.0374794749239804,1.1209083852355697,2.2691191554565457,-1.6555361296002584,-0.6525543827142642,0.1095526205797424,0.1583752153664905,0.4713895824784807,-0.3551376899889451,0.8626227209200495,-0.6744861624174873,-1.229603749894754,-0.0230970681540035,-0.0965476850581476,0.7118849168062569,-0.7993340221268309,-0.1415714483919044,0.8235640184437847,-1.0070485245580192,-0.8732626673880176,-0.2527981399274419,0.1679256176624222,0.9607773853682144,0.2872840847841836,-0.7981060351759788,0.5532269513341477,-0.681507215510377,-0.1069829455576254,-0.0814341511214485,-0.2526525631765797,0.2355933864741387,0.2981887688496626,0.0335676281570685,0.1406616235455073,0.2743263734751802,-0.1070051007700191,0.3629918132673726,0.0475159466118905,0.180335496647871,0.0580241898635927,0.1421912845395409,0.2564207491931655,-0.0426875493815076,0.172886197776308,0.2309796382746605,-0.0661241179146326,-0.1778454877433481,-0.0254527003885625,-0.0619249576578811,-0.2275986208333824,-0.0628869408656882,0.0671521815230004,-0.095916111603053,-0.0972367427011876,0.1182510913920556,0.1889191076733486,3.072423191551724
Na,Na0-4Fe3P4O15,Fe3P4O15,Na4Fe3P4O15,mp-aaabodmp,-3.673550113814674,2.111778472364774,-2.415807537905593,-0.4165077696530967,-4.271122886644505,-2.116620280206384,1.225861386667053,-2.5749949495213262,1.5608153647311904,-2.9565617131036546,1.092420569476271,-0.8186078687516859,-2.8868249838912057,0.598802195417496,2.4645993894441234,0.4088415894815105,-0.8494698692050692,-0.5470743358712687,-0.0017949505913158,0.2291223123722481,-0.0853867984938917,0.5900725054244629,-0.667958890630206,0.1336046888417082,1.0427604208803205,1.1465776341797014,2.449543171192928,-1.609722199896022,-0.4169183382861809,0.09482598332579,0.2890276592960238,0.5157094538169219,-0.4399340482402731,0.9111824981671716,-0.6861942313286384,-1.1412894886861222,0.0487085024457921,0.0204091902081795,0.7200908080555566,-0.8684719868377677,-0.0520174985603792,0.9063506290871818,-0.8707028869363698,-0.8627831892898915,-0.1612751955729516,0.2098988333939387,1.0360752042079862,0.3447190201853876,-0.8082407553226965,0.4169481639335354,-0.7208813024914401,-0.1174337099832362,-0.0725304570331204,-0.267157726517387,0.2775779089065118,0.4154402189637989,0.0043095366546257,0.0035212498174738,0.3288498439940249,-0.0977175546035152,0.3171020653095897,-0.013648282969358,0.1864351617041317,0.0759774480011813,0.1285038557283881,0.2657847369799195,-0.0118151170014613,0.1627820603166494,0.3634056878959992,-0.0356878128043522,-0.1263608370188178,-0.032718410896729,0.0436012831592812,-0.1786013348363223,-0.0485292944664406,0.1195267405100346,-0.1109340840056484,-0.1220649478103692,0.1167842185504858,0.2376033569410702,2.399544355926725
Na,Na0-1FePO4,FePO4,NaFePO4,mp-aaaabllf,-3.2314603931374983,1.933681078374144,-2.448046062025361,-0.5147827319738936,-3.90086344324626,-2.2502318921414988,1.374421450377336,-2.5031134222395544,1.580782762540497,-2.756414345714836,1.1044202704854411,-0.9636850820021584,-2.686521637080864,0.5908127717120589,2.5966620823438,0.3161242957013583,-0.8768576890436075,-0.6319302087693304,-0.1489143298501902,0.0305315262220328,-0.2942689373479346,0.4649101711974698,-1.0024902932626605,0.1235977194043141,1.0366474267642736,1.118819833648534,2.267803290024437,-1.656637765055354,-0.6535124038651241,0.1099335546698573,0.1574724895678086,0.4710250733089772,-0.3543687037539313,0.8647715433145655,-0.6737549029963515,-1.2290177281667152,-0.0235051275552423,-0.0964369984846533,0.7122431015843599,-0.7991904150554477,-0.1424747943464379,0.8228197457002497,-1.006824302908058,-0.8725714234888119,-0.2534345966074736,0.1678636642943196,0.9606217185680016,0.287316493187331,-0.7978467358619574,0.5536654945894768,-0.6809717296105178,-0.1069551669992418,-0.081493243680847,-0.2529573310323366,0.2356943806733702,0.2979118455914425,0.0336195671081996,0.1406642443398441,0.2745064806498042,-0.1068969192496711,0.3629287785822851,0.0473943989700974,0.1801832937481735,0.0583911152984322,0.1420833660857884,0.2564781145543685,-0.0428647026813201,0.1728370463143633,0.2310010984571467,-0.0662805444837709,-0.1779031427719865,-0.0256818403766662,-0.0620859053684509,-0.2278945435458143,-0.0630084296147371,0.0669852785694822,-0.0960809349513724,-0.0972653634135774,0.1183443367803469,0.189008755985079,3.014129111551721
Na,Na0-2Ti3Fe(PO4)6,Ti3Fe(PO4)6,Na2Ti3Fe(PO4)6,mp-aaabsdcm,-2.780363563746804,3.0915861863715715,-1.8607656888918247,-1.3340236414697515,-3.363243686761877,-0.644429724173323,1.432444052933842,-0.9584668294263516,0.4770652936598077,-3.348428649746658,-0.7540220080396804,-0.3209791033137916,-3.0019603864833506,1.4724284310105251,0.2194835326506835,1.9300561198254225,0.046913101284748,-0.2899253393653515,-1.276644854989488,0.1713612075767896,0.442467328394134,0.8179077190661941,-3.3306756853063795,-0.9871407465771556,0.404273887206117,-1.250526493055325,0.3021381299328147,-0.8299163278497376,-0.0119837471936681,0.0793430342927658,1.3634089287857176,0.2880992677934585,-0.9226545076305446,0.31692061358982,-0.1620268828063851,-2.0616708364217557,0.1297730797291278,0.6817127520758344,0.774217065171381,0.2513598651151283,0.6421157062980545,0.4328620053260587,0.003453788612506,-0.4567972290550522,0.1908293204591355,0.4832576201771683,1.1733909834280467,0.6813601215595699,-0.102918655705352,0.2841371485442123,-0.061527181593364,0.283489348597047,-0.2908623258502487,-0.3160036370907391,0.442864758741766,0.1569545406795454,0.1804270226232665,0.1050706306268412,-0.1670084909932965,-0.3442225831605033,-0.3123160543570392,-0.2774407978106616,0.4740687569639304,0.4159794599956679,-0.4013465330969885,0.2449336871053564,0.2702347628462286,0.2423675912866627,-0.0819783331347336,-0.1124008005328984,-0.7208559262652334,0.0973486367882758,0.3426529816071827,-0.4336150584801819,0.0887429099894341,-0.0087609630842862,-0.0406399720789254,-0.2108100994481791,-0.0736555785481035,-0.1121437847578871,4.137728261551732
Na,Na0-1Fe(SiO3)2,Fe(SiO3)2,NaFe(SiO3)2,mp-aaaabliu,-2.0604073106646186,2.1936552111746126,-2.549535438028132,-1.612965368243391,-2.123487999963179,-0.563114889111199,0.7711018370896205,-1.6994436290402697,1.834902637614631,-3.1345757289203244,-0.7078519465147434,-3.003841410306868,-1.1631123376099377,1.90436737248709,0.3626681980103184,2.3467286359401385,0.9337942225461316,1.0854650807919997,0.2396064018651031,-0.8478311962770951,-1.7075013320555508,-0.4009195649691024,-0.4941717596868672,1.5266083735733051,0.5241815777061005,-0.5116533088696501,-0.2683592636924944,-1.3322427221175115,-0.4818772311409277,1.0008450679778231,-0.2274165739377672,-0.3222820423274812,0.3004577153723083,0.5372797961973361,-1.7919250857547278,-2.758064702716432,0.1303887714916067,-0.4569410133795792,0.5845511418347955,-0.3250456613112794,1.9919400486182064,0.8924167680177729,-0.7185025089318267,-1.3178543611144071,0.0656444223953273,0.0013747885180978,0.3983004578508234,-0.246519805240941,-0.4686993290442495,-0.115124639832155,0.3457924290930131,-0.3948078246415681,-0.1438159582720179,-0.1595666012637758,0.2917205098954152,0.7319155866029947,0.2412459133788135,0.1493993841933418,0.179470456295105,0.1703913072476471,-0.3638359101209936,-0.4306710343936386,0.0416743840412497,0.502822391900891,-0.0127411128464643,0.3860991015730663,0.2243078869498699,0.1414325647824341,-0.2450267229714973,0.0556211461439125,-0.5250246950058413,0.0872249003768064,0.0425077537771307,-0.1849168738362663,0.0455172762306766,-0.4287730969333451,-0.0600619972488753,-0.4604273040283052,0.0691198388678984,0.1242244942334061,4.70268335155173
Na,Na0-1Mo2(PO4)3,Mo2(PO4)3,NaMo2(PO4)3,mp-aaaabvlt,4.185229893540207,2.0910763058250894,-3.3704931806946576,-1.3571719049587905,-5.547919096171502,-1.6332885527923913,0.4701480137217857,-0.9265890031687782,3.056810497901994,-2.0198120457859825,-2.0601597568495142,-1.4836701479486307,-4.633128378274581,-1.4044426118837454,-0.1443164717649384,-1.327486465013347,-0.7589740945700373,0.3532479095065564,-1.941836327708432,3.13436855854784,-0.7334888453524041,2.4730925384624074,-1.3425014097670511,1.1956098732562626,-1.3823193504931894,-0.2219311511312967,0.8208473210511983,-0.2675180830724281,-1.2159739654671633,1.721731588951272,0.2725011308293552,-0.3871682018471243,-0.1492885126316839,0.4126278127014466,-1.3569379094372214,-2.478313787915805,1.312496739752471,-0.3278398863560509,-0.4277769818436881,0.0666999001320524,-0.3069547504725162,0.5305247107389972,-0.4747376562244593,0.0884349975619087,-0.938883826789685,-1.0471878702769022,1.6127669165854468,0.7643380404497147,0.1686326435187783,0.3250884591829774,-0.5922526603668858,0.9951535698988524,-0.0107198128367525,-0.434606100526181,0.1905738258743676,-0.3548225063108282,-0.1929953812079398,-0.2232927618397807,-0.1658965188730224,-0.1960399547462878,0.4009253486474315,0.1594014037075647,0.197008021310337,0.0017280098471458,-0.319001645563117,-0.2164384271294863,0.077579977023488,0.5521679475672588,-0.3964562997664425,-0.1909074393873731,-0.3674177090029569,0.0612506220710837,0.0982990861052363,-0.2149216187788284,0.1277427679819847,0.1591604649091352,0.1821006081734141,0.0402127379811716,-0.0243352755403534,-0.2208355278854432,3.008921911551742
Na,Na0-1Mo2P3O13,Mo2P3O13,NaMo2P3O13,mp-aaaabmtm,4.088347658764126,2.155655619211257,-3.4815303526773547,-1.301736202368391,-5.664227655345047,-1.5346124900833962,0.4489425389435494,-0.9394017622488356,3.042912092630328,-2.137078778005152,-2.0478158957592862,-1.3650277481688131,-4.74157584050423,-1.4357756979529743,-0.2030533523175594,-1.2863428626187494,-0.7443721816692758,0.3844104389474148,-1.9287026753672207,3.1449704235210483,-0.7083787759829104,2.4976098114128678,-1.408173226281807,1.1040187396879444,-1.4157676581091123,-0.2785138788579455,0.7961780709122086,-0.2622056573629089,-1.169953000766064,1.69886294534367,0.2692399065538278,-0.4014145724624756,-0.1153581549509984,0.4901981002570904,-1.3154513443524376,-2.4542033410895288,1.3251829448509609,-0.266143665392528,-0.4731404205457547,0.0842098199258615,-0.2514200649704516,0.5149452494499545,-0.4597386337268672,0.1329067531675905,-0.9474346635221768,-1.0484381140620402,1.6373196477281378,0.7918677615666769,0.1848333775834459,0.3237980939250458,-0.5756926931312304,0.9718812988381826,0.0094767035381292,-0.4618346897986919,0.1718510365117319,-0.3569717359143554,-0.1656596039314129,-0.2174693134312627,-0.1595154884304405,-0.2042902755856167,0.3816378678930209,0.1448115395791033,0.2334266865614931,0.000904947222172,-0.3692487862108056,-0.2430795601000978,0.0756022241631618,0.5591160259670905,-0.4195311744163009,-0.2193261372809068,-0.3715997980958532,0.0730482576286088,0.1176024057938984,-0.2441518078301072,0.0956561879437229,0.1457079737719058,0.1979749246549041,0.0399814890553148,-0.0443652774238262,-0.2281585855751593,3.91118607405173
Na,Na0-1Mo2P2O9,Mo2P2O9,NaMo2P2O9,mp-aaachfvu,4.8114017601136325,1.6956253997107955,-2.9946536373831587,-1.521915115500025,-4.796287272576924,-2.2636744264367774,0.6303739467646209,-1.018449007166034,3.3266282235680364,-1.357752838571044,-2.054298681517988,-1.916698329609116,-4.074868288824898,-1.2714525912172585,0.4879755710835023,-1.2998929335961231,-0.931339644854744,0.250530096435357,-1.887542578251426,2.9794042565713394,-0.1396075096643359,2.150989816352959,-2.376295602082694,0.2914640579550335,-1.1805152507844725,1.828402364361678,2.243887628402576,-0.9243942224731992,-1.7539218354409165,0.7908036000252474,-0.5163581289859481,-0.4638582690733673,0.1069677091275687,0.4937680904414397,-0.8875703008840891,-2.491376862965041,0.9263128383417104,-0.3670494130814538,-0.540725783985794,-0.0541690818525788,-0.3327647625336364,0.7369069144845529,-0.7807609795533883,0.1279200789584623,-1.0785610504273553,-0.9939969469071788,1.5289132814783497,0.7869991713546248,-0.0505930524526541,0.4323005715213585,-0.7238475045455677,0.9783236723637267,0.0195880334191463,-0.4696969879158791,0.2819134068504333,-0.3732514506969375,-0.2087008340790183,-0.0431131367752268,-0.1502405952474713,-0.3137915826815869,0.4064463728693434,0.1610170992548844,0.1268004700876465,-0.0693511155349103,-0.2565567467219765,-0.2168017390099895,-0.0208762136332437,0.4219789426520671,-0.2666555130322701,-0.1420254818060909,-0.2220875584234702,0.0424833208053969,0.0184249000237737,-0.1209291848090009,0.200822209559231,0.1766058197346182,0.137108389726413,-0.006337858980616,0.154773291102589,-0.0483049987144288,3.610831509051724
Na,Na0-1Mo3P3O16,Mo3P3O16,NaMo3P3O16,mp-aaaablnj,4.741060486160762,1.945953873768558,-3.567393535830667,-1.3278990632950394,-5.028650663491435,-1.7069886438638822,0.4984092690316496,-0.7759661541189294,3.186669373484984,-1.6182924008537598,-2.0680749036085326,-1.542885106860908,-4.476636315293127,-1.594357716968327,-0.2838964464749096,-1.4327583057999451,-0.7262238423912163,-0.0338126984035164,-2.06434099516934,2.7761409705930555,-1.238935770464928,2.1100153289516186,-2.56739827835004,0.1626495039054937,-1.1414698765129578,2.043601438689701,0.4544239154438603,0.7392957242211154,-0.1051463968996,1.9069616245600636,0.8112440664467316,-0.3218181388792814,-0.2085213242375948,0.0578428691304094,-1.7606364127634802,-2.4945575347970954,1.1102913360398745,-0.6106574181369399,-0.6322494336653754,0.1131462808945102,-0.4021587084821021,0.5242013642297191,-0.7092064342404859,0.0682044408957456,-1.1390479792520287,-1.1172374478857998,1.353916845594662,0.7944960498023641,0.0451782104517543,0.5096008721814799,-0.5878757264191136,0.8598807480509375,0.0734104586632833,-0.5797142263396402,0.1873928697743212,-0.4211361819390011,-0.0262262022359193,0.1627207749332587,-0.2586489430282863,-0.2808179696402304,0.3499102639725708,0.1404672790421794,0.3730265598594667,-0.1502212639809094,-0.4302345160302082,-0.3172135009497291,0.0318296675092408,0.4749611255293721,-0.486915978995099,-0.211447160173384,-0.4305895896441918,0.1415095731565697,0.1623939048554364,-0.2228226875924492,0.204102159669471,0.1231380984737686,0.1921792281914103,-0.0350275088829324,0.1287986647504307,-0.1369545175744755,4.099200366551717
Na,Na0-1MoP2O7,MoP2O7,NaMoP2O7,mp-aaaabnjs,3.408319214658305,2.312473008994702,-2.8912236072834574,-1.4614925934993306,-5.931167355427183,-1.8428346889139455,0.2696159431291261,-1.1621728953007593,3.0024257709967537,-2.112699521296344,-1.908738893569028,-1.4895067687684236,-4.76321474214216,-1.2207030653857625,-0.0391525500077047,-1.0886743791667175,-0.8237853811622592,0.6716494177789213,-1.6034229408997227,3.3929010466321228,0.2302812264579696,2.5069752425198257,-0.843000825130026,1.2067283552211547,-1.224119074362542,-0.2455789589402853,1.1985865286476611,-0.3528822166072008,-0.8863145854066443,1.788319568769834,0.5188532063462459,-0.2659641421374886,-0.2987253964154175,0.5387416667840038,-1.5779315443954864,-2.343165526225884,1.4457249904254337,-0.1373962366163627,-0.1868307682873697,-0.254053070755466,-0.2338837054694774,0.7223560650004083,-0.2669692228144766,0.0118549637304472,-0.7997102784918172,-0.9762218216145556,1.8043784725829877,0.7712300531993944,0.0863125843545649,0.0730048748948156,-0.696514773541434,1.0223511755006258,-0.0628857847581649,-0.406125347414966,0.169981068884108,-0.1213536824664457,-0.4144410541614909,-0.5183475481470438,-0.02295703580678,-0.0781158379969508,0.5041099223896751,0.1551147395615372,0.0362548076177247,0.0127262680206863,-0.1394945361866167,-0.1794089259025581,0.129417034048102,0.5208138259830156,-0.0615003988842712,-0.1270700446070203,-0.1492116317075124,-0.0501809492355327,0.1397282315837077,-0.0662113092763634,0.1437911311433561,0.3038303740387614,0.1208951195608252,0.1253086957373679,-0.1150769944287049,-0.0879852690935363,3.185216206551719
Na,Na0-1Mo2P3O13,Mo2P3O13,NaMo2P3O13,mp-aaaabvnd,4.060938547584511,2.20068883140277,-3.4600772253508696,-1.3461299994845768,-5.594381238430424,-1.561697991047882,0.3902359173749213,-0.8773069556039798,3.0293931413205306,-1.978394985614377,-2.0035833373448626,-1.372427022360211,-4.696746738515666,-1.5418200554930228,-0.3867494257368165,-1.2100815673370682,-0.7803521650806903,0.2339224835873257,-1.9018760010556677,3.0474771764303856,-0.7918784083347706,2.2098505473173136,-2.34347453560506,0.0546089717753149,-1.085141404812253,1.9975053659082505,0.6838764440890025,0.6470964470143613,0.1327490920925109,1.953221492629282,1.0083391269729112,-0.2490052367609102,-0.3027679750064454,0.2007945345316336,-1.850360428380232,-2.3458907010647687,1.3033524545887945,-0.3883517031412917,-0.5342439185676704,-0.0191123929943867,-0.3035927399817856,0.5540908115344919,-0.5167974459461313,0.0605088114244366,-1.0466909393560972,-1.1504856361412517,1.5414550366948618,0.8580701187567413,0.0424917905556663,0.3169681682318822,-0.6268458187392049,0.873287606404799,0.0237892688414394,-0.5386454120027511,0.1035852444740551,-0.2914692366526023,-0.1417082149672844,-0.1242059697271327,-0.2072499846380322,-0.1602078864335084,0.4388640654071259,0.1325516855753905,0.2449111207040034,-0.0617497949488347,-0.360201436229132,-0.3042947168687626,0.1135509510853322,0.5268397624962713,-0.4087889765495744,-0.1705686132435839,-0.397476106860229,0.0321056409451153,0.1327276386287871,-0.2302686623389323,0.118039936359018,0.1633798548867856,0.1972202799108454,0.0718929660527301,-0.0543141198473199,-0.2348881328157848,3.877630971551728
Na,Na0-1Mo3P3O13,Mo3P3O13,NaMo3P3O13,mp-aaachqeq,5.04579183206926,1.671063604671711,-3.2782057330950067,-1.4501694487242918,-4.756647884858829,-1.9641252352460448,0.6293684122437256,-0.8072370925709351,3.2489112763504178,-1.44325098122843,-2.142966413425354,-1.8733700616157296,-4.210622333135855,-1.3987388952801083,0.0712661448801192,-1.6180011543443875,-0.7381758793224261,0.0500346836770578,-2.127917411911453,2.8126811837168093,-1.1467534731713638,2.299758857540773,-1.58491626083273,1.4169964558327588,-1.3942726218364687,-0.1214760676285625,0.6025054713222903,-0.2102049095119741,-1.5733910181596753,1.7267580985989257,0.0603548332482901,-0.4423546164749693,-0.0967014013363835,0.1742231385880886,-1.3258074177113768,-2.656295904087794,1.0949179871284738,-0.652854762024192,-0.4441375063571413,0.1814499574775099,-0.5287753142524365,0.5008773514454953,-0.6963705930279437,0.0206011892053553,-1.0287701716818578,-1.0167942126870853,1.3839307823814622,0.6621712597711961,0.1569949348386185,0.5219006956757634,-0.5576147940631864,1.021294546262026,0.0042178516399005,-0.4235878798743446,0.3181726317204932,-0.4814495999823535,-0.1277164182119168,0.0598355470866456,-0.2145565769110168,-0.295598706769073,0.3277123719067084,0.180503264763782,0.2529829159135456,-0.0742004272645476,-0.2978898116238898,-0.1775645024712285,0.0147863001231094,0.4907103693268534,-0.4277968878054353,-0.1866582296193561,-0.3826557041352163,0.1386321605476105,0.087609166004638,-0.1620672804020708,0.263464724141667,0.1494780224202349,0.1478911229184127,-0.0675872158048093,0.1831654990266741,-0.1160294130178804,3.7116985765517
Na,Na0-3Mo4P5O24,Mo4P5O24,Na3Mo4P5O24,mp-aaabodta,4.095939627945677,2.2161700759679746,-3.032813696557604,-1.4992011418840303,-5.531900878688335,-1.9747655739757013,0.3125601117644001,-1.1276020016670327,3.1637158410613218,-1.8369516146340177,-1.9394409821679048,-1.5675501286361102,-4.661964637910465,-1.281842895037736,0.0511169042493195,-1.2308451635187858,-0.8042571476357372,0.4818586779894191,-1.7428206616300292,3.164901301651097,-0.1322723914862718,2.512330759910069,-1.0000146819906397,1.272551627166308,-1.2638880080125026,-0.1975191379964145,1.016545481361773,-0.222402359848132,-1.1050316328342351,1.747306424674978,0.3009390817859149,-0.371593812501485,-0.1381011186771197,0.4101152409052441,-1.558020057395722,-2.533140825721288,1.3282317323929398,-0.3325744443149488,-0.2541590158369749,-0.1387226840015805,-0.2973251687453271,0.7778850716201181,-0.5194881363591377,0.0659586248212198,-0.9333313977838738,-0.948604642848238,1.6467333498918395,0.7890899976400143,0.1030337485994862,0.2477540735678156,-0.7327637441254622,0.986393072205425,0.0190522887053546,-0.5004062203836308,0.1704718846829868,-0.2181642326074287,-0.2987362210426471,-0.1486245497064225,-0.0735216531325232,-0.1829012277808256,0.4757790462517687,0.1674729313036842,0.0918209607717159,-0.0508839386750203,-0.2768658117718887,-0.200217069430463,0.0588575893709586,0.429702390588328,-0.1481557924076242,-0.1668449088952177,-0.1386524238971467,0.0225388089783051,0.0199592216769375,-0.1143388369182663,0.1061239120366687,0.2372183305495019,0.1154296716686208,0.0811778343897545,0.0207013185979365,-0.0095486276681294,3.616627704885051
Na,Na0-1Mo(PO4)2,Mo(PO4)2,NaMo(PO4)2,mp-aaaabnjc,3.2471865086680736,2.341362741216188,-3.075478312264962,-1.3033672266727463,-6.013588484127867,-1.72277254026275,0.3233670406432923,-1.207679973793781,3.0382971239217107,-2.2340393887503533,-1.940769984042993,-1.3087890211933044,-4.774179769844439,-1.2596579261955598,0.1241837985220812,-0.8818636544495277,-0.9008531511471948,0.6840844790814845,-1.5289787256953706,3.47700979338024,0.4510088714869945,2.4273496883587704,-1.7525660930137232,0.0397016964217093,-1.1061819656177752,1.7150218962823818,2.6729114290661284,-0.9923398032127604,-1.0751191626898369,0.7484256449458094,-0.0870134494271955,-0.310271738773969,-0.0699073755840071,0.8318066218636955,-0.9374168231344776,-2.156621140409773,1.2408134631964334,0.1951044500157113,-0.537513482111464,-0.2908615994386319,0.0811619426889333,0.7835646864566785,-0.3517153652720934,0.1459677029823758,-0.8524867914163257,-0.9985539217950428,1.9219985418488243,0.90720372748582,-0.0675174942838381,0.0474660629868581,-0.7453888168052936,0.9342603689182094,-0.0118857355787171,-0.453031179702048,0.1512615347667847,-0.1078881973495781,-0.345750106657733,-0.5626379686480923,-0.0204105837347633,-0.1676081720294755,0.4479674834847243,0.1024006089494257,0.0951755480499932,-0.0169093775982381,-0.224637434753538,-0.2824776279090932,0.0951106288503232,0.536017094918337,-0.1068682913383786,-0.1442737631415774,-0.1357243829742398,-0.0408543475610985,0.2112190038151285,-0.101764683103773,0.0984285560308562,0.2715417316637786,0.1842311555560294,0.1151438969051546,-0.1451046949949669,-0.116411952011919,4.090156524051739
Na,Na0-4.25Mo15S19,Mo15S19,Na17(Mo15S19)4,mp-aaaabugf,4.211333198050896,-11.19934628542048,0.15550693280539,-10.94328265497553,-6.011335931930984,-1.1274926807279044,8.442952167630889,-0.0058138852743538,4.685126588461688,6.731828280067671,-3.2784634924410883,-2.1925561679493097,-2.044650685979288,0.1004661224803145,2.0599508981355106,-1.142243091488534,-1.065455465810592,-0.0699719585289512,-2.1256935403506385,0.5406554509016338,-0.9965700931614936,2.0900942096855597,-3.3915134872809145,2.8072781436613985,-1.4867430015218888,0.7885109992253028,1.508511927643772,0.6459486901512027,-2.00739266189107,2.408424860470059,2.168888357924724,-1.8007080392315815,3.757126414155144,0.8175128749347302,-1.3902606252801888,-1.1935734352152665,0.8750253527968743,-0.8893221923398109,0.1689518552700898,0.3181214338901854,-1.2013974967655208,0.0084570276392893,-0.4081325278316029,-0.4942815203126859,-1.0053960399051836,-1.1881364717835248,0.7274082770441349,0.7689096942188247,-1.3800312519036928,-0.5278603944715075,-0.2615205912597245,1.068910566916513,0.3819930797634105,0.3247841123130366,0.6088993598967996,0.0648749625522682,-0.6497713872642239,0.07819255440364,-0.4994649903515917,-0.6293661072707437,-0.0453840538069977,-0.5907679006404687,-0.2018791551584844,-0.8609355086783319,-0.3664904094439573,-0.0574191845041122,-0.3869283841373262,0.1932925124067539,0.1073942527757169,-0.3710078705178566,0.2668011169447227,-0.2722659069597215,-0.0870901369435634,0.4735079035538581,0.1128607596302438,0.485443778504013,-0.1150716812806447,-0.2650037562119305,-0.0776031379914048,-0.570798776925602,1.692320103022309
Na,Na0-3Mo15Se19,Mo15Se19,Na3Mo15Se19,mp-aaabgllq,3.844603636776661,-12.621394199301772,2.002504223840116,-10.256336359692655,-2.9100031002379416,-4.700801576882791,1.0072127028144509,0.6363399890679512,1.9983833526965464,-0.3297366666849234,-2.343265330074592,-6.992993809961822,-2.409665985798175,2.384200631717804,-2.856684923224017,-0.4926154362995729,-3.7617795954219018,-3.337600806955394,-4.793484436435055,-2.2230645432563723,-0.6706981889677749,2.554152557857613,-4.304418944848647,3.567734717215373,-1.6768560435818505,0.63501973101475,1.922418963484968,-0.0830885556709932,-1.3858087780942807,1.7441248637056783,2.457477331222658,-1.4215680222320697,2.815940506257113,1.5973698017657634,-0.478591486486455,-0.3132342931971644,0.7810966851214091,0.3679470357411646,0.570479474854644,2.0449912151884457,0.964818286795464,-1.2712970552910472,-1.6442522766540313,-1.301481006944257,0.2123394975756134,-0.7028250997830066,0.5200015783648586,0.0902309274900559,-1.2972349406038597,-1.5555782409442465,0.899720050949145,-0.3057977976378541,0.0944012003727798,0.3539397127334986,-0.3861528912656892,0.7839666012965616,-0.7862826103059595,0.4731905979334528,0.4809474668220263,-0.3639041040214455,-0.5524524539722981,-0.5312200800462972,-1.2239387939663628,-0.4699292687337477,0.1246810641876404,0.4008249768842641,0.0611303968375331,-0.112221316888126,0.0576739968251808,-0.8872955291862008,0.3716830782209384,-0.4075267224764241,-0.2575001648302663,0.4708601531328222,-0.4835544998611571,-0.273382857629773,-0.2931010068736126,-0.0471820992733734,-0.3366372855282491,-0.4388468035597095,1.621453941551734
Na,Na0-0.5Mo3Se4,Mo3Se4,Na(Mo3Se4)2,mp-aaaabfcn,3.808466114772562,-12.39392233816373,1.8311079098348877,-10.017482250107117,-3.1019612348691386,-4.228011918011564,1.2556957003930551,0.6610158113911483,1.886348840134908,-0.4270099167806458,-2.287787010304867,-6.798402408908512,-2.467519087028567,2.491875379548308,-3.0462546334620657,-0.3079809041601389,-3.957114465037951,-3.6175673940601754,-5.007073695869177,-2.2839433985750106,-0.3715153409474854,2.6528625050148835,-4.256539239221597,2.024626352304011,-1.7841200871494305,-0.1200284408066111,1.3450764206549546,-0.1645103278840045,-1.422645782373258,0.406105934665782,0.7420044357401162,0.0204304181154959,-1.4348559117191997,-1.3108246032633464,-1.4039208684290756,-1.8966156060778856,0.8368246907632273,1.194465231625006,-0.4741765856462657,2.367583269482465,1.5361734501095063,-0.9344029119329152,-1.9959758196704835,-1.184009878353134,0.4913031978513372,-0.6063289433589143,0.7920858045911982,0.1954195544017882,-0.6109182798028566,-1.1933083463599197,0.6925963577660743,-0.355996448893375,0.1214312412651627,0.2405515861910192,0.0387523949595224,0.9810513940627243,-0.8482170338434142,0.3864812709064465,0.509915239536492,-0.5912532273167023,-0.8386333229459865,-0.5238280097626615,-1.2449982727429412,-0.5873757637374136,0.1309617936638729,0.5078462052635424,0.1875708190349887,-0.1734386569703656,-0.1393895184127501,-0.8822457741393893,0.3023770711542978,-0.3916682503924009,-0.3438032622775236,0.4974631785568504,-0.5987670931226722,-0.3498761859680826,-0.2840936444525919,0.1482807741805953,-0.3611015947225835,-0.5120873000448857,1.675246316551725
Na,Na0-2Mo15Se19,Mo15Se19,Na2Mo15Se19,mp-aaabgiyy,3.9234496932391534,-12.55815706800521,1.7631822531385486,-10.078935029694694,-2.953058060131043,-4.175262806634065,1.3145333045594214,0.6904846563333894,1.914534851679335,-0.4207588439984051,-2.352040805733909,-6.831758270338417,-2.381790005668764,2.465760710205971,-3.045219170695803,-0.3672366846223334,-3.90795943590651,-3.699459642588616,-5.07022105462948,-2.3925143302541088,-0.4687881730040293,2.617713147120481,-4.48358339634125,1.9826772048326,-1.818366418264552,-0.165800466381387,1.266942406449964,-0.1683063826188708,-1.5397140572340018,0.4192927953320693,0.6956078246313687,-0.0034721357784547,-1.3867824373142414,-1.302453038011697,-1.395611909617544,-1.880659823265503,0.8323632609501267,1.2231605420790634,-0.5507795311197332,2.4527935482196788,1.4873147024105369,-0.9959966010120488,-2.0046615385340707,-1.2141909760569654,0.4581091009036012,-0.6463178167574755,0.7983607266766762,0.2042266570583003,-0.5800288104686763,-1.2124885459006238,0.7506664434582049,-0.4081785308949395,0.1237222490662576,0.3136783300837686,0.1129320509692691,0.955595950982243,-0.8300453018673384,0.402034757555382,0.5851871615852869,-0.5794514045648607,-0.9622516205574158,-0.5917833924703242,-1.271033899926976,-0.5745403954528496,0.1008805097410371,0.4922715704162657,0.2685921907059556,-0.174731394242029,-0.180025411556114,-0.9241840737996184,0.3294745487887864,-0.3788449909393632,-0.3456790201274329,0.4632362218458274,-0.593335983148635,-0.3355860043288954,-0.2600045572221685,0.2103382701179026,-0.3668866835630522,-0.5760432230371154,1.7052399915517111
Na,Na0-1NdNb4O12,NdNb4O12,NaNdNb4O12,mp-aaacrktt,4.694316112839742,0.6177396320339709,3.479742117793658,2.614683677771165,-0.0982719752428921,-3.041787271552394,-0.9088409275986234,1.8837305434238651,2.973571229392779,2.065717180080029,-5.056289855886129,-0.4367636662825947,-0.3766706932063126,1.1872462715068413,-0.0340768468036105,0.3048641389246163,0.5685899628715856,0.3622130022800285,-1.5540858290647437,0.0839815399926641,-1.3240095196122308,2.953901109975095,-0.9722082195282612,-1.4205432541268874,2.2071156312498967,0.5485209957682242,0.5948328187531937,-1.7472080199505755,-0.6447772790380141,-1.1910604141745038,-0.1631742926060481,0.6383157555302583,-0.0893736855366253,1.077682062731031,0.3753707912667592,-0.8714860457556872,-0.2047859519278833,-0.1440924406605825,0.5878569199665787,-0.5429554067377412,0.2443328851156699,-0.2793289979952108,-0.197262553197585,-0.1704137413025256,-0.4480854105703318,-0.8026984915784452,0.3753197881291508,-0.2473260924846406,0.1484981274070922,1.6303257177323764,-0.5237478353678559,-0.8110769976018509,0.5655603627638442,0.2319548101193381,-0.9298276401454144,-0.5338651131021229,-1.0788809711202425,0.3290248645952948,-0.7013266387890109,-0.634605994844926,-0.1803135154803792,-0.8937422525977452,0.5317734501875973,0.5167526015576174,0.0268907719931377,-0.179077990755406,-0.2990158964427448,-0.5714156165827454,0.211828163984647,-0.3633129529122765,0.1767613957936465,0.1433639578634845,0.0501769864504558,0.2849677069839117,0.3583022696732195,0.1179713057845439,-0.3209481873691969,-0.3188117959425713,-0.2191674171049636,-0.0826803984734321,3.371531496551714
Na,Na0-1NbO2,NbO2,NaNbO2,mp-aaaablhu,2.015700475332084,-0.5177173862220488,0.357005814223246,-0.5384186324445656,0.9026801489938484,-7.097212833360561,-0.6308623395013037,-0.3424865043014721,4.529749843791069,3.1391261278602305,-4.270015019113649,-2.133012950417979,-2.335054161531192,1.9035029250879787,2.802052748373448,1.1175034694353176,-0.3183529601737648,0.6897554023053408,-1.8023445642535023,0.4917446739872708,1.8444177811616216,0.2742542501171807,-1.785489270187164,1.5010298425873032,1.0963752593103429,-0.291585022978102,0.9473469592794694,-0.5211182990890546,0.6269976260726433,1.1419406892086128,2.6274553983509783,-1.0816764321206935,3.331895927826243,2.2669033505128406,0.0298964851347848,-1.2028396705447035,-0.3380047098820412,-0.5463918894857829,2.6869211137611853,-1.1847751439882712,-0.3274867987054552,0.9069259719876664,0.6352225825900931,-1.103758751147802,-0.0174733737428835,0.4667072494435541,0.2151577385300676,-0.0270601651756281,-0.124599073858034,0.4058997545228297,-0.2355251978830257,0.074665704785193,-0.2563790151520819,0.2989175773457673,-0.394345119547955,-0.0931703825038074,0.3503475842590137,-0.1128149391424035,-0.3764606792538487,0.5134592524717481,-0.0089797815852335,-0.0817261687949697,0.2069449959846132,0.5559446746555646,0.3154041767047587,0.3211019509650122,-0.0164715172403979,0.1813400226831514,0.4543661903023596,0.022079290734405,0.2292610806508639,0.1703994487045516,-0.5928423440705999,0.1069390176239917,-0.0688263658998423,0.0480672359103433,-0.1342262968184092,-0.1091662522963028,-0.0287951975788419,0.1073693686783367,2.268371046551721
Na,Na0-1NbO3,NbO3,NaNbO3,mp-aaacrlgz,1.5900941803555622,0.6093481289513928,-0.5387164253275437,0.3413775490873169,0.0340938341685275,-5.933097978435068,-0.5296047081114116,-0.399361796967291,4.487847717630597,2.3258815305312512,-4.193003890824424,-1.3708095727337646,-2.95605641992256,1.828096259268956,2.141551809661992,1.4677405382159738,-0.3820035739551704,0.6754210842821138,-1.76048725009609,0.7962027368541398,1.2044281135186592,0.8192679441014068,-0.918826980965114,0.2072480238858188,1.6703802867207165,-0.4739054732205301,0.902703593451052,-0.1430564963802377,1.4988660747765803,3.0598878551857136,-1.2777627880792255,0.0091506036109242,-0.5192746205153064,0.5337383258445513,0.3889727666227565,-1.6285993636921154,-0.043054474147562,1.255014590663046,1.2201281502097812,-1.362494600827553,0.6755566501897604,1.225151337106109,-0.1412381380837998,-0.7250590202894356,0.4473065002467274,0.5800278151428689,0.8684179085341142,0.1781590106411948,0.0551724618010764,0.9540046578901196,-0.5547706576667794,-0.4303484586157285,-0.0629352746524223,-0.2172935457885138,-0.5528225597576057,0.3863157607218199,0.209962267061069,-0.1524526858677963,-0.5021993879490132,0.1874319445350651,0.029987777113856,-0.0280401839860316,0.1917087888886872,0.3517168651904994,-0.1152699471819642,0.3459629675477206,-0.14130381604345,0.0835257675552634,0.2411708369051439,0.0320021829806804,0.1238576309477824,0.4119683225789726,-0.3699485170886871,0.1516683847785823,-0.1937567339432587,-0.1253338219958581,-0.1718668188859046,0.0474172526177134,0.0010786764030259,0.1000570730069686,4.182213449051726
Na,Na0-0.5Nb2(PO4)3,Nb2(PO4)3,NaNb4(PO4)6,mp-aaaaazne,0.3280415811480857,1.632137908283814,-1.6928982958730563,0.8693023170336797,-3.802311149950181,-1.3445049047783786,0.1448175108952388,0.6378244526708605,3.317026605291886,-1.1670042877143103,-4.68730710273975,-0.4022098121626447,-4.053005524294171,0.4110342535767783,-0.4189373876743579,0.6427409438503207,-0.3145445377708636,-0.1741924280634089,-2.0269763387161146,0.9830282804905424,0.3618130197726794,0.391399460394532,-3.744063819863556,-1.4739702025859474,1.3988603778125923,-1.4354299591813504,-0.2844793059879193,-0.7846743925020314,-0.5054412740543148,-0.2156521148613992,0.7089445164744469,0.3805303024087002,-0.3923952815651834,-0.0846215154972556,-0.1522021438193591,-2.25647020654753,-0.3756321250330555,-0.0229971171974318,1.1309845536103391,0.000880351005794,0.3796870901934247,0.3780020119377359,-0.1543318347001409,-0.901459139949856,-0.1049812347010798,0.0991943871660911,0.9278389450008172,0.0853695896447913,0.8543634951357848,1.2175608172389094,-0.1818980228977044,0.1518980476595557,0.3022957891850366,-0.1347398031659599,0.1760090644949004,-0.0376525528198238,0.1499538867676317,-0.1404943515151774,-0.2500694639936227,0.1497218386862701,0.4576965928413448,0.1421233021027727,0.488559363078722,0.2741816047684534,-0.2553065775470448,0.0491561886427972,-0.1744882809466595,0.5520992261325223,-0.6610248126276181,-0.0675323903912263,-0.6817569515490323,0.3319858156258778,0.1743385854194242,-0.1913158086237474,-0.1719702290881501,-0.2661556499325103,0.1448301850421863,-0.2203434505346931,0.0008339646120025,-0.3898438865672428,1.630641366551746
Na,Na0-1ZrNb(PO4)3,ZrNb(PO4)3,NaZrNb(PO4)3,mp-aaafykox,-0.0691998493778778,2.1627224004931125,0.4236184986042335,0.9063294129707976,-3.4689822658720453,-0.5577299398781629,-0.3670336273400207,0.7237700977345307,2.797230468404792,-1.1847122040136933,-4.8242380931860485,-0.4137126376716585,-2.393311792214324,0.6125348879138657,-1.2951679770973288,0.7012191639196638,-0.0714086554142849,0.3664530495303948,-0.8140030624722556,1.037281707684343,1.113254309576531,1.4111302538684571,-2.7068998314494173,-2.5323485866032285,1.4864662003686626,-1.575792539628086,-0.7573645391671441,-1.3577748116859083,-0.0669851056434113,-0.6148742139543459,0.9600107851215496,0.326844512263479,-0.3004454529981619,-0.1888876252604629,0.1391638703679291,-1.697083734615119,0.5189931784928759,-0.4436017648845569,1.2170309066090854,-0.7743439061147254,0.6261275497991495,0.0528814472843598,-0.0855007932970836,-0.4586208563223772,0.2110125011417432,-0.1695605953051475,1.2185306909620306,0.3180534407980909,0.3710155472605543,0.9550761818747184,0.0285058126414967,-0.0039062771646432,0.253584997098744,-0.0983521605425869,-0.5455225444333817,-0.2561063811960939,-0.717219882920452,-0.2948807158032508,-0.6159220664743369,-0.4628012767307194,0.5405791919146581,-0.11463480815789,0.7327494625953341,0.5612594013291804,0.2601644657440108,0.120112402516243,-0.3569156948220837,-0.0626400934869937,0.1112781770321234,0.0225586123118934,6.48789723701731e-05,0.283494233538456,0.0047150808555201,-0.0062812197794394,0.0432593327982968,-0.1112100702696914,-0.3131900732250374,0.0311252770611166,-0.2342735576149154,-0.3247188339089729,1.681804594885026
Na,Na0-1PrNb4O12,PrNb4O12,NaPrNb4O12,mp-aaacrkjq,4.629494560194549,0.6459714817746725,3.327719353078977,2.5267653147453144,-0.0750596557680324,-3.084359440508837,-0.828859940029718,1.8552540377967623,3.0593428457026315,2.033628410653024,-5.202310027464572,-0.3252442955564233,-0.1903624310195211,0.9968456850392412,-0.1338104602737815,0.213535505906859,0.4202997111486141,0.3236703097138847,-1.3584603317017503,0.1828835760690635,-1.4218177590878276,2.906254126597746,-1.1589321898959248,-1.2669220509510013,1.9898323215568912,0.5496523180658802,0.6867978587286413,-1.75616967232867,-0.5863099612122903,-1.1619481333907336,-0.2308401183310727,0.6274862399417525,-0.1086182971091503,1.116307535169224,0.3009127359501883,-1.0754134429305986,-0.197586326836511,-0.1596171314680936,0.8254140294411647,-0.6658741365402304,0.3191560394426576,-0.214226270978859,-0.2788450916763108,-0.2833717614377546,-0.4192282838852077,-0.8471506527964039,0.4964506700646504,-0.2283882186142377,0.2929993397115462,1.5511600686962603,-0.4681876689380322,-0.6649165371959019,0.5203728654147651,0.118548127034182,-0.8689637620543472,-0.5277785230284245,-1.1625123987567596,0.2920544216727907,-0.8426355731593441,-0.7218205483481515,-0.0556315237008152,-0.8918014395802104,0.5578591167369579,0.5859457954343009,0.1335995750608171,-0.2111744682571181,-0.2893063539292994,-0.5685843507739948,0.2001677112148042,-0.3128313399058512,0.1843278130381813,0.2024842306963465,0.0962914215104315,0.3583158428915806,0.3772167614209805,0.0779993970397921,-0.3053303408614125,-0.2490604252632945,-0.1727110256239817,-0.0647653525765486,3.386346986551732
Na,Na0-1NbWO7,NbWO7,NaNbWO7,mp-aaacrlod,17.743795475362603,1.2996686996089066,-0.064315291480073,-3.6142282030270567,-5.043267667582398,-3.1224251961157545,-1.8912801893998537,-2.02563316251523,0.5683974250363772,0.165603771290985,0.533755874624941,-0.3786231770924487,-4.653885972343462,3.059333341837302,1.3658847873038826,2.352954329714147,1.5093980318312636,-0.6034607535489372,-2.4511541861790755,-0.2480165881971091,0.2224619886654734,1.142529176550864,-0.6492577716720483,-0.3151487460017027,1.3720006040850294,1.9719801676203483,0.7599613614680513,-1.0560578091032686,-1.2681635062750984,-0.1698534588757762,-0.2396296972135518,-0.2648474684919965,0.1699796388771988,1.450979274986758,0.1733016005211742,-2.0841580990036204,-1.2702724054239718,1.90171473432294,0.2645124219520874,0.1399119496993778,1.1137273774354668,1.4364468523719207,0.6282029319217339,0.1925940481894461,0.8640343545271618,-0.5371826021236492,0.999757444386892,0.512716782534235,-0.0096529909776917,0.071961502464848,-0.1169445095552496,-0.2925910314973752,-0.5206338341575264,-0.2490671323686161,-0.9315199893629286,0.0438751392747219,0.286846965149501,-0.0547084835016698,-0.2541894106933233,0.1149529000253744,-0.264233187974288,-0.4554087354689626,0.2070901695976008,0.0888958150064526,-0.4013486123671751,0.3298055358357651,-0.1342336888557717,0.2084479086641025,-0.318357041722596,-0.2595446828458132,-0.2099573903370102,0.4229167631803647,-0.0665871638247438,-0.0413489048534007,-0.1801555280739148,-0.3585085692669676,-0.0794926038528751,-0.1573930408471686,0.1104922755117211,0.301090558058649,4.744879521551713
Na,Na0-0.67NbS2,NbS2,Na2(NbS2)3,mp-aaacjawe,-1.0296900197908878,-9.496116674078516,2.5245105278621187,-8.699586676783017,-5.463599505462209,-1.3516136882357108,7.902424265997951,1.5638012260379694,3.8884823615296944,7.748171834459512,-4.41122855961188,-0.98645261294298,-2.5757548560676025,1.7461202922420418,1.408018420539908,0.7320427461774776,-0.5109902326878509,0.364075074434337,-1.45089943781544,0.1886118244506212,0.0908816033870202,0.6110506534148584,-2.034102736939007,1.9491462463785811,1.569220080692875,-0.0572597331344973,0.7005915805837104,-0.4438711126652466,-0.2945180948826953,1.0244000321833795,2.423353034201975,-0.8827542080898807,3.539921213110358,1.9036904507105592,-0.2742709868042231,-0.5090762253619282,-0.2429104675167716,-0.6078726010488436,2.3225291951924483,-1.3795892050272087,-0.3080104356639305,0.2532453580743189,0.0345724335910859,-1.4882995557305052,0.3447992558046575,-0.0028802052745118,0.6818871130817775,-0.1734423673432477,-1.1170533414685937,0.287098255872233,-0.6191132392812508,0.2143063881039001,0.2851145065271989,0.1103615207247593,0.2969709103988478,0.6373302037520098,-0.1638202212887482,0.0920260226941297,-0.7954176270050219,-0.2066811026563171,0.731376352939621,-0.3189701237903044,0.3582022213616228,-0.3194226523731662,-0.1274935350343339,0.2113415767334125,-0.7643045599936618,0.0747384371953771,0.2095796724517762,0.2994864285332047,-0.1916617606372775,-0.0260965840793987,-0.4102533608737183,0.2725418553683751,0.2085890827805351,0.2046202725287494,0.3021406982566964,-0.5389866178385482,0.1184961302652009,-0.1328115150986362,2.107033556551725
Na,Na0-0.5Nb3S4,Nb3S4,Na(Nb3S4)2,mp-aaaaasrr,0.1158643748466547,-10.49755413021698,2.239368089664771,-8.769641831825517,-4.362300070691351,-1.0522429159465116,8.048072678206413,2.235223387594144,4.034882618622864,8.07105353404981,-5.17692519576508,-1.311550597755437,-1.8436076840849265,1.6392761151210429,1.2209458301285925,0.2428844858220477,-0.3524673056097882,-0.4531438280698938,-2.0524719481317755,-0.6776241914711741,-1.6515250992593018,0.5623957570178478,-3.0090526628156367,1.970648136793924,1.7461678539346497,-0.0689901483201251,0.1768037128508778,-0.3683764211277708,-1.164247563825748,0.9597951139833336,2.0648928995921527,-1.005221422106297,3.694242355598848,1.578277269328605,-0.1810808514918886,-0.4362921878419458,-0.1020696957283398,-0.7289163726659604,1.9322386354790857,-0.6959336065880927,-0.601875866779402,-0.3704628193072984,-0.0767219594418392,-2.0725231001090374,0.2918407101024291,-0.0576230405462121,0.6527327234607532,0.1083453744402761,-0.9455126340921016,0.0246627207394031,-0.3145142794062753,-0.0208070812273336,0.1563730175638359,0.2116234535663236,0.7996882164092378,0.5584025636289293,0.1289383384732117,0.4629324267998748,-0.5429033730560193,-0.0986448765167638,-0.0252280995252015,-0.8407424975609008,-0.0689135396291033,-0.078882441991949,-0.3254899968543234,0.2169580429509224,0.0305631095304547,0.2686516870464602,-0.2144265899501852,-0.0336696971669391,-0.2617383499495284,-0.0648114067820693,-0.237591825666639,0.0297246206921131,0.1072522388858308,0.3111835415367425,0.2224945005075871,-0.0569285099988528,0.0991583230510228,-0.4167200118504218,0.976272626551722
Na,Na0-1NbS2,NbS2,NaNbS2,mp-aaaaaovx,-1.3247007523932348,-9.430906136315038,2.885024957714029,-8.873565362512617,-5.440176004952573,-1.8309930746439096,7.616909305602311,1.3190390064895503,3.8483945428024096,7.769132223940129,-4.113715664481345,-1.0213452412913613,-2.6322152277340503,1.770048859893631,1.5616371963251543,0.7921314306213625,-0.4849413625493211,0.5500423627093974,-1.1799862062689694,0.4757065241247466,0.8329919709293668,0.5032451442618484,-1.5546006233562384,2.1301600287063867,1.6247306362372522,0.016699592664589,0.9830496726529544,-0.4062121011498685,-0.0195201362491597,1.0622875223252088,2.520908606757564,-0.874641796564679,3.4809577938768057,1.8977709352800307,-0.378203244727446,-0.6729920430224443,-0.3627606334561981,-0.7506688285206486,2.4197027736382246,-1.626548630672357,-0.3368342260861443,0.4994714744500338,-0.0405135257718244,-1.3813492738038382,0.4219466829738708,0.0375224960347802,0.6459373729665537,-0.3709786362732072,-1.1352829958846589,0.4392205117077859,-0.6689739010177049,0.338590859459657,0.3299707628769532,0.1762263714842967,0.3063050019527871,0.4890949973507988,-0.1922911358640895,-0.0676531348888448,-0.8077842510688938,-0.2231946367174956,0.8147332331113087,-0.1872939940615227,0.6358911968184163,-0.414095516716192,0.0354119861030311,0.1832093320087289,-0.8152454017573731,-0.0121581947710156,0.4017509622088862,0.251780641911535,-0.0900626486232587,-0.0827145702984443,-0.3598071425719237,0.4295301933053582,0.1118591816451231,0.2286400648894697,0.1545897076754932,-0.6327114537654372,0.0368766673000979,-0.0639525488999568,1.788391416551725
Na,Na0-1NbSe2,NbSe2,NaNbSe2,mp-aaaaadgx,-1.3887799568963115,-11.12780836744994,3.800154143713793,-7.949813925030551,-2.494084615169467,-6.610097735385633,0.2674707778122577,1.5795141844534215,2.0136601698591505,1.1004235404771523,-3.3555629662537827,-5.379784915453742,-2.388187734311012,3.060861615245691,-2.526328926821416,0.650399364866661,-4.267785540477298,-2.2603707483129662,-2.5433637847640376,-0.6270990941651203,0.2472635581177359,0.590872842365448,-2.826600956121597,3.009267721132233,0.7908181382029577,-0.5664126002094305,2.166499212717961,0.0388004985505355,0.7677735432398981,0.3355662989415334,2.798144593628372,-0.5194965470740012,2.4299052198568614,2.069939733334236,1.2759718478280793,-0.1837084441890663,-0.3486687626773724,-0.2061706479938316,2.559403982157501,-0.6837207653704981,0.0020873481195267,-0.7734123669024536,-0.9565947233045232,-1.6696329780229116,0.5875150868753056,0.0467008663619777,1.825604714034551,-0.1826887761184173,-0.4602400882531506,-0.0733845018937162,-0.0176207337266665,0.6628686032534791,-0.3037674153781567,-0.3752220596676847,-0.1376384415867059,0.9470298789474016,-0.4864407611476272,0.3873762842107142,-0.4643764818198485,-0.024436191275001,0.4206301276538828,0.173150807973607,-0.0314472837209179,-0.1797105173405512,0.1698666434023931,0.2329413474297897,-0.3623607617631004,-0.2299137566565256,0.6525865620997597,-0.3581693896272148,0.0618221588954688,-0.1383308820933366,-0.1701786478095654,0.7583579172733997,-0.2123642264712411,-0.0920586914731636,-0.2752574680647377,-0.1082971466848672,-0.0194612107256385,0.0102684846349663,1.489200091551723
Na,Na0-0.5Nb3Se4,Nb3Se4,Na(Nb3Se4)2,mp-aaaaaavp,-0.3242697034016281,-12.0055813024614,3.022737087729565,-8.135778519110566,-1.3723720589660289,-5.709117411132945,0.8736945155982938,2.405846030009672,2.136087996968964,1.1726575238336625,-4.417981266518501,-5.627043691949424,-1.657336576688183,2.926669457060563,-2.9454871612628235,0.1125874576841183,-4.071909788526006,-3.2329510981135883,-3.357691597186617,-1.8248358787632448,-2.102306037014114,0.7789923767982733,-4.266497874751591,2.807361421182355,0.9061645637576792,-0.6897800714601094,1.394132171325848,-0.1741961712714398,-0.2388489016776533,0.3035039151687173,2.4510301891382884,-0.5590238405469325,2.732861026919444,1.817621258434308,1.266170403708902,0.1034387662891151,-0.0840158411565437,0.0637997559707836,2.0193526834248914,0.0834942063451681,-0.1718168854597001,-1.548047356147808,-0.8258143533748757,-2.3001494470759987,0.5299599370677551,-0.131496185785377,2.062286109065516,0.169903966599648,-0.2706647945631489,-0.6357630973362883,0.2561781272253418,0.1386427727800959,-0.4906075886035718,-0.0981977270835768,0.3783985705293612,1.0536501668843068,-0.3446742379628721,0.8472367431791675,0.1088876248113741,0.1135081482023026,-0.4251880856541891,-0.5124209804533628,-0.958172000788287,-0.0156025872482666,-0.0745186352842802,0.2680473315503451,0.6446216119018435,-0.1447213803909785,-0.1391239087996595,-0.7220088897008247,-0.1092998648017207,-0.2819167274317306,-0.1450448123608419,0.4884854438966335,-0.1235230865775915,-0.1914112577579792,0.0091966788269587,0.3673621178207645,-0.0757614959133138,-0.5384089977731238,0.8024059965517301
Na,Na0.5-0.67NbSe2,Na(NbSe2)2,Na2(NbSe2)3,mp-aaacrmuu,-0.2748895442132939,-6.922185194496235,8.292920668686925,-7.91962611796832,0.0100053873667733,-3.6609882263403786,-0.1666923290220923,1.7550147840474386,-0.0748848642942321,2.1880393139705823,-2.638533167589321,-5.45320950979516,-4.682039295880363,2.5116673893964143,0.0726432994152369,0.4336657474761257,-3.45255550977122,-1.3305837114764467,-2.9690191845976392,1.2349990091636052,-2.9531555887217333,-1.043041713119948,-3.85145944821666,1.0462296518260803,0.4006234374156088,-0.7694323135039453,0.535454433176521,-1.358485838731881,-0.8773659380834102,1.0419381427220358,2.424993006806399,-0.1699117831066467,3.4552048489008684,0.8626456522617915,0.810297927541943,2.0559674966342256,-0.3937931107917483,-0.3490363433604421,1.3688000355923997,-1.1898545703007246,-0.7982155493665695,-1.2697489532417991,-0.1235255071015895,0.3191343975680067,0.0959459227692582,2.230785733125189,-0.4525572699816328,-0.3328054389086785,0.8776050625737283,-0.5082582754623125,-1.0900955628720663,0.0658787855866237,0.92484493692779,0.9852901771486952,1.3511988274259592,0.9953984084980416,0.1780470282669747,-0.5696508464943985,0.5337615064361672,0.9603807999566762,0.0395769588608666,-0.4943615629547636,-1.0879481670010382,0.918554491937441,0.7747267002913989,-0.8076310570208013,0.8410343782424773,0.073409132760561,-0.2476803889104187,-0.1748804068777366,-0.3114847517696613,-0.8211824592056025,-0.3008563144883182,0.1757724000066816,0.2639706322012555,0.1385553002168335,-0.3793584395475041,-0.1839570903897398,0.5670589737492271,0.3146426250331537,1.388520896551729
Na,Na0-0.5Nb3Te4,Nb3Te4,Na(Nb3Te4)2,mp-aaaaaley,-0.0572735752620334,-16.84929310305808,4.158491016066825,-8.549629889873875,-2.260336384303596,-7.308569581260861,0.8635296281210344,3.422418171914268,1.6516498945586415,1.088571084056849,-3.572983416270353,-7.088859744742265,-1.6325287109863902,3.7908115696128135,-3.553444028191161,0.5196338003066084,-5.194061614842043,-2.681832953574487,-4.293276544374229,-2.338590165477467,-3.2549650177823994,-0.0245309834685666,-3.3411471330703075,2.372182374826745,1.741160364807442,-0.7512825651928279,0.8206203994786428,-0.3345576619339314,0.1585882931383183,-0.0217155917320036,2.8819504301356917,-0.5071385234074004,2.3544579078095627,1.743952763545868,2.1867957765867425,0.8347122148052764,-0.1774172484891348,0.3629959133053618,1.3497612349519783,1.4775004403141667,0.6947914159126716,-2.3675181111992107,-0.927923213256928,-0.938496025727974,0.6912707303999913,0.6896200300782362,2.3453202447537898,0.7046959712716446,-0.8616049034276965,-1.215757398512036,-0.0681510688355273,0.3672100216615957,0.0835087814638455,-0.4805119581520818,0.589210040849285,0.6300769130321109,-0.0125682559925893,0.5678722999663429,1.128138483080581,0.9330982417563056,-1.0457402364625688,-0.0535603463080497,-0.896245394471979,0.0695789179290205,-0.5394184476061373,0.5700167225069906,0.778627616601438,0.027590043242281,0.0017761097978872,-1.13298422279866,0.3610329131104687,-1.2153576544405846,0.0316118543058863,0.0012072854074576,0.0300410052675002,0.3058670165641245,0.2417220224873675,-0.5989086491179263,-0.0473360106037601,-0.5549553982259118,0.6051655965517181
Na,Na4-5NiO4,Na4NiO4,Na5NiO4,mp-aaacoyfq,-4.507907822837785,3.3230254008663747,10.002618212400222,-4.486477631772335,2.375114960524567,-1.1624995307321773,-1.2715940507593386,-4.238310963503611,-0.8340482178334931,-0.6771450796708637,0.8459581987674558,0.5433757773767955,-5.095370968076786,1.3335554578187918,5.6509554140138,1.1565955143776292,-1.8314275813935184,-3.0224611035767994,-0.4028390800627633,1.757970543730858,0.4840239508411694,-1.439519173592687,1.336619913821206,-0.2410857013045142,0.4710125777481707,1.567960451358727,1.735403846527092,1.0630660399144134,0.7205139676724288,2.102641740762376,1.4891882483984358,-0.2003542299458232,-0.4151226647281801,-0.4396778798398611,-3.005580684809542,-0.6450379613894661,-0.3770481371661979,0.7751502212169241,-0.7028081578394226,2.1625432448584463,0.0658358557320676,-1.4737262172221697,2.011204349952729,-1.7614583992465227,-1.253456487042529,0.7903374050492016,0.3094758181089332,-0.6208907282375956,0.5629910072081763,0.6440903807644928,0.7568863388969131,-0.3594092112152556,0.5317489662094292,0.2191503330642437,-0.2501866998865339,-0.1839841958173276,0.3326142479150202,-0.9987859166059354,0.1270502689424559,0.0832798163736312,0.0179333141230474,-0.0905515649603974,-0.1281977473254425,0.1913261465852956,0.4599890581875911,-0.3127813044786007,-0.2926176983529668,-0.4645518192374005,0.9216484769869092,-0.1222374928919155,0.4757562368571856,0.1712337697100692,0.0593988936001332,0.5778438803831834,0.1641594417824254,-0.1784791182321475,0.1532665064097508,-0.0089757034319788,0.4664013970342709,-0.3061070614790119,2.723290241551726
Na,Na0-1Ni5O6,Ni5O6,NaNi5O6,mp-aaabqypa,-0.6629224828524868,-1.3867782046782688,-3.184676207235204,-0.0162088699806633,0.7743409244027198,-3.8328054389608175,0.4394358043210697,-3.3625253490790388,3.85291119031562,-0.2356689423932574,0.0982789590344669,-0.5421071125834798,-1.608903041734361,1.4678503271862111,4.105924640838158,1.0477782277476193,-0.83779001716199,-1.310661841308334,-1.0057059676678108,-2.57488741186669,-2.998173672139391,1.133469719608296,-0.418897864359772,1.3211313353279943,0.5008772794730587,-0.9307691340581244,-0.3809673185620962,-0.0068434617869443,-0.3868791431363454,0.4709279986431817,0.2275864945542915,-0.0530162451081019,0.0016862232417213,0.2991189814239308,-1.0548683939498424,-1.7180007775373851,1.513222223772762,0.7399699172652789,-0.3444830569784407,1.0938303543875758,0.1430574141945428,0.5004084571172605,-0.0890913787213987,-0.6096687618849662,0.631187872005184,-0.476416965929601,0.5342340644511737,0.2463034155105199,-0.436796651352362,0.3906883470349402,0.4114003186133231,0.2314480807488149,-0.4181592121668042,0.1092344966981816,0.0642334655358609,0.0788485224716302,0.3806270209477173,-0.6684649785404372,-0.0269716041515884,0.1323580000683256,-0.4712956492804185,0.1780456517023327,0.2740675547940929,-0.0256996906248731,0.0663228344326072,0.0612928725064162,0.2599419075661914,0.7556923362624235,-0.326867545625064,-0.5214883629671326,-0.4536754085963633,0.3995858010406211,0.4293880882080462,-0.1600890419144994,0.2806013370744361,0.0476713305904776,0.0469336937294612,-0.1042051725780771,-0.1664928237944629,-0.0905788605106024,2.954215496551715
Na,Na2-3Ni2O5,Na2Ni2O5,Na3Ni2O5,mp-aaabqyxv,-2.17716008322233,3.6394363060353943,7.321847983723881,-3.764113483508272,1.3928954508991045,-0.6440814966894364,-0.6081616353509043,-3.6683015850745138,-0.3043542230584007,-0.9727044049293168,0.7007625753348175,0.0639469667172224,-5.061531088683635,1.8157312091243536,4.382973688511196,1.6563792272610054,-1.8581477588144413,-2.633452424488188,-0.5877881351072238,-0.5373354208860748,-0.9664165712977774,-0.0202152147967704,0.0759556265070793,-0.5948294516119231,0.1519590381875181,1.2957506684031843,1.0560865306890177,2.0312890956202048,0.0230605432425843,1.5550950918060182,0.8174168923200903,-0.0649223405242791,0.0013565574724139,-0.0491041813730854,-2.1863821948136497,-0.7538396185092149,-0.6689679171026794,0.2098967218999805,-0.3293883096019662,1.1865765214402917,-0.1363338836111536,-0.1414139300215903,0.2400905239268344,-0.5117125444074885,-0.8055859616364619,0.6793744567581699,-0.7217668118906301,0.1683133651727836,0.2029398529118365,0.7049490112691189,-0.1093136200312102,-0.3147558867169698,0.3798668974719767,0.3843388730166929,-0.1057945516543334,0.094294037683865,-0.0558570317892928,-0.128257412263808,-0.0013094566052355,0.1684943026693454,0.1971201593239805,0.2269744022231714,-0.7582212978208643,0.0207911985748579,0.2706682062260885,-0.4129619024140282,-0.0378836687882636,-0.232313001612793,0.2066240882759576,0.1254922847143336,-0.0746352333243621,0.1454430395907631,-0.2473282243117824,0.0353315386711214,-0.2137815194315653,-0.233817700826009,0.0727780197312996,0.0715261963015237,0.1745772470850515,0.0867776033432516,2.769066956551715
Na,Na0.83-0.89NiO2,Na5(NiO2)6,Na8(NiO2)9,mp-aaabrorf,-1.4747712265869888,3.374335339358991,6.772032135209704,-3.661286950682781,1.667234277462896,-0.3944766629448668,-0.3548199805900197,-3.395640784792944,-0.272958421870301,-0.90680007967743,0.5853964911844987,-0.0568758205024111,-4.859957258101515,1.7594673350138577,4.240331183148677,1.5441565656621083,-1.869540838774292,-2.7456038855756644,-0.9473797447759756,-1.019924157636003,-2.0511056032490105,0.058377556415506,-0.5905113668019524,-0.6690002600279291,0.130784894023191,1.2851347737916643,0.6051352439938507,1.93541960296476,-0.389588807953747,1.5000200314955692,0.6530749118647869,-0.0935301965514723,0.1122509599555948,-0.1407801841558722,-1.9980316250485424,-0.785197197384728,-0.6373120256351954,0.1837825661350086,-0.4246377065196197,1.4305732030963445,-0.1787210499718343,-0.3569368807349901,0.0156961948674523,-0.5383504308461753,-0.8516578612584621,0.5537624459789023,-0.7243745378744622,0.2934725274904456,0.2379957365372584,0.794568847203787,-0.0088692676692137,-0.3518406462327594,0.4356839030802341,0.3572163531548691,-0.098113075749864,0.0572121436932719,-0.0516106466402241,0.0701789489499989,0.0335105249839854,0.2055363594112176,0.2915657080090879,0.2823106472393588,-0.8876499330158321,0.1227494216878729,0.136473150641968,-0.4317614024121623,0.0087364953587164,-0.0723815788585549,0.006179574862672,0.0715346519849843,-0.3073406404915642,0.1530841288844293,-0.1711877461742102,-0.0748231879402161,-0.2391938189811526,-0.2607216281362209,0.1267799796274033,0.0646719016190102,0.0496989982919496,0.0289106137281675,2.62946972655182
Na,Na0-0.5NiO2,NiO2,Na(NiO2)2,mp-aaaczxuy,-1.3166589619779174,-0.3711529680540504,-3.1292329626925794,0.1508815417089106,-0.2956930360538213,-4.065188682838294,0.3077320035698662,-3.850462727560343,3.9396109262895376,-0.7243334118208233,0.2787024185365082,-0.0705093344184025,-2.0172616845354603,1.5357140161537703,4.412322424449339,1.6466663056718218,-1.1019935185860457,-0.9261674897485528,-0.4683841493724109,-1.8876223692805807,-1.1580720666904896,1.1057647777354258,-0.6655716773720446,-0.0649182644323812,0.5100448733252264,0.9202250230916,1.5188973727622403,-0.4774233260588261,-0.0176217024963273,-0.5459134551697119,-0.3639208122556512,-0.1731367421866252,0.3010969439106741,0.9111588234064424,-0.5858017978238917,-1.578498988246568,1.2845575963844134,1.1932139745256438,-0.2622459601250979,0.5884586748201175,0.6054828606461908,1.1664173595961305,-0.0337395934050677,-0.0894166504227287,0.4364417560659081,-0.1997748768681244,0.6029295689556774,0.4925739610916295,-0.6514927229048298,0.3471116219946275,-0.2203083291763344,0.1263829833630161,-0.3772418593187448,-0.3493763196425568,-0.4191821735558622,0.2492831279329404,0.4506251615480218,-0.6126585645131016,-0.0092656516451419,0.0549416792308718,-0.2669481706456417,0.2043264128893371,0.025668792880195,0.0668899382147646,-0.1147743460701758,-0.001472964088021,-0.0245554300623047,0.3333848630558766,-0.168866402032419,-0.3223382270182117,-0.249065939047435,0.3100486742972113,-0.0518479665681412,-0.2249383440162545,-0.0740545463762484,-0.1892235499834864,-0.1350257118687808,-0.0382289582763578,-0.0223228585490347,0.0042286305371902,4.03211453655172
Na,Na0-1Ni3O4,Ni3O4,NaNi3O4,mp-aaabqyou,-0.8530850041449652,-1.0454813761480708,-2.9229681380243187,-0.1996823210624108,0.4262855705788104,-4.152964044937354,0.2951033529805584,-3.6093001366851576,3.880764121751068,-0.28770553419683,0.2463981900998701,-0.4657518602465117,-1.7110770399778377,1.5305764198034717,4.235411788658315,1.210481845549805,-0.9259615138549148,-1.1552998497606368,-0.7658509265187207,-2.3022283870596048,-2.273927750497321,1.1600092873324737,0.0364855176979335,1.3571429595743705,0.5394136772682999,-0.9018476295722352,-0.0902935741256176,0.089327375967822,-0.1585577044916139,0.5127702671062981,0.2608177961560609,-0.0727905230468626,0.0091631023651817,0.3406521239507418,-1.2291190165015036,-1.8103026779966664,1.5437164528852505,0.7108170010058704,-0.1343291327131271,0.8384628098209463,0.1801367998848786,0.8161767345666178,-0.0800032907456796,-0.4565406600123001,0.5891544748456289,-0.3497752965623239,0.5171957409337506,0.2611734909150394,-0.4445114724333429,0.369820868128856,0.1558618073127201,0.2443889892953403,-0.4656910432171448,0.005881268142389,-0.1443579465549427,0.16756545605261,0.3581837034533348,-0.6333792327699055,0.0004451364193314,0.1504317830139777,-0.354829528441801,0.2468954706213526,0.1130376592413009,0.0254950463252752,0.0926950780005411,0.0800353454265277,0.1928540140421071,0.5620384889357711,-0.2272250964369394,-0.4538826570514572,-0.2997135789808433,0.3128529439720353,0.094714889188804,-0.1680977301172435,0.1035029942527816,-0.0115980000559878,-0.038847104796094,-0.0443729357118925,-0.1666848423877429,-0.1068865213371634,2.864911666551723
Na,Na0-1NiO2,NiO2,NaNiO2,mp-aaaablhq,-1.8423507369084715,-0.5017513359472873,-2.221976279243704,-0.4468122167653204,-0.4984777062604161,-4.933181906531653,0.1753414976039345,-4.27694385772539,3.927178542593702,-0.4171451201558939,0.684655964548122,-0.1517680047359581,-1.846534842577675,1.7496453451664906,4.666432742906619,1.8825400307549491,-1.1276628253682437,-0.7261132242148408,-0.1209173154865672,-1.7522416590845926,1.7920153003350776,0.6483021271507139,-1.3026535304046376,-0.411019996685064,0.2800744503277885,-1.1980942066126603,0.7379026616416563,0.0257436404383715,0.8896667811977639,-0.0353252093424301,1.1048346344192783,-0.047028383775677,-0.3509732846872512,-0.5815395192832171,-1.4138055248981565,-2.324353040333925,1.1719338095249454,0.7120663383974407,0.2085640741182038,0.4813616041022861,0.4575591951599029,1.6113869735688868,0.1428417166602646,0.0542032193964682,0.5837674854644959,0.1167808980327106,0.3523458668310776,0.2839082235530349,-0.3150024928057572,0.3591989958236017,-0.4560998887509379,0.4568334143126037,-0.4493846060839528,-0.2781200905409346,-0.3161842923692763,0.2585850681698362,0.3438884289524304,-0.7740911267899732,0.1469271274932157,0.0481775359181149,-0.379645605739736,0.3014778698753155,-0.0277933768195396,0.088321725658882,0.1559897331592973,0.0642449914678372,0.0108990508318018,0.0915186142748697,0.1560841896677431,-0.2761102604914502,0.0594398896212846,0.1606324327703746,-0.4342694312765713,-0.1932928970015534,-0.1519925540334197,-0.1595924292359518,-0.2383758743655833,0.0233657907412937,-0.0283267386671465,0.062344803474409,3.298787669051722
Na,Na0-1NiO2,NiO2,NaNiO2,mp-aaachhke,-1.851993385868107,-0.7178542339052908,-2.1650255062906174,-0.561239983370167,-0.3886824866231395,-5.205355866572755,-0.0076828114311355,-4.2453967909148655,4.039214877928744,-0.4469760664860399,0.5341703443600572,-0.266113353244902,-1.8432392983386745,1.6218530220010934,4.756678141974816,1.6953873841953857,-0.9429385556282917,-0.5254736144989753,0.011646114234791,-1.720390630572936,1.3490128473432412,0.5675097550309149,-1.4475131486889223,1.056016260908439,0.3540083535426513,-0.4926887520700929,1.2655220028617993,0.0752140883457181,0.9753056632277306,1.2683609459454634,2.8081335736076958,-1.4857368512466005,3.907303807067616,2.38272359549566,-0.4436561658501542,-0.6541010914479677,1.1594949804620642,-0.0183262164725402,1.2177657775360766,0.2218353691569708,-0.073053008721188,1.218129566984249,0.564197696967895,-0.0758354900135524,0.2865748869752192,0.0529906765580247,0.0961877630360354,0.2494972439188799,-0.9927307885572434,-0.0718951823609538,-0.1891637504959261,0.4675108456797689,-0.4792180970436973,-0.1284836821411927,-0.6855972256980127,0.0799658039619961,0.4396401979812607,-0.6797420531978563,0.1344382197271115,0.2595393259202693,-0.1725683731960492,0.2301255218683155,-0.0512729888005221,0.194344656665538,0.1211909424145492,-0.0577452324962975,-0.0818132199078917,0.1720091324716391,0.2678485682693298,-0.3168080457562189,0.1022724847906051,0.1744509223766513,-0.3686207727011295,-0.2585833755808477,-0.0167437670197942,-0.1089927937256377,-0.2329657457027124,-0.1196180706189005,0.0311241957347185,0.1381957611177725,3.315068876551723
Na,Na0.4-0.8NiO2,Na2(NiO2)5,Na4(NiO2)5,mp-aaabrgmz,-1.144491976570713,3.1736981810483336,5.491532601175559,-3.2264660589357703,1.0991574576797265,-0.6138755392125108,-0.2708493237141153,-3.3111399997228106,0.1747479341481179,-1.0888101665472163,0.5163282006173837,-0.1250347182308126,-4.735947563007718,1.89837019996834,3.7313854234004222,1.743027032854047,-1.6666740326785747,-2.403310845870734,-0.7207400861544759,-1.6657488985868476,-1.9174186826911588,0.5991043138706056,-0.631382027196043,-0.6677172654940111,0.0416625248595281,1.1716755032158936,0.56726859766064,2.357725858172633,-0.1635386875481481,1.2358380628571457,0.6565204561278047,-0.0018825889392354,0.1488387471563886,0.1379466215256083,-1.6368849389493214,-0.9411213201806368,-0.804987587370714,-0.0008464290149165,-0.2819868524392878,0.7783401073610012,-0.1912152161437258,0.5517377688622765,-0.7238998307146606,0.1501225910154081,-0.5581847846808813,0.5557126215168633,-1.126525565230564,0.5437886604351057,-0.0031682616310886,0.905699219134275,-0.34274638123896,-0.2924668653732127,0.3114769855669508,0.6539853163220782,0.2326182271618796,0.1283797223981004,-0.2593139822857367,-0.0776045486721223,-0.0495752192910812,0.1266632729644846,-0.0574629160794253,0.2035791865130121,-0.8171300004851749,0.1129435102631841,0.1388532398228824,-0.3646780417716751,0.1834046065746427,-0.0502787703795628,-0.0413616261777395,-0.0222298264800331,-0.5122133005030882,0.1375805140258672,-0.0153620512756337,-0.2432950708606006,-0.1342283368547938,-0.1572101720237552,0.1757547148677569,-0.012891575683204,-0.106390837319306,0.1927717617982258,2.932746576551725
Na,Na0-2NiO2,NiO2,Na2NiO2,mp-aaaablhm,-2.6362827441110457,-0.6967300425951579,-1.299965666279575,-0.8974837496680005,-0.4026880544015454,-5.768048780694345,-0.4309475994285926,-4.6663013806783145,3.9961389944523935,-0.3267590109376539,0.7753038978300165,-0.198201233155479,-1.8322136759334715,1.7707597728275497,5.129581275434948,1.8223616809280585,-0.9865744094996536,-0.6032774256573261,0.5877971344273701,-0.8220442981264532,2.08341347356187,0.6428988415994216,1.2818549356218285,0.745710436179322,0.8252905749732804,1.2175097384016649,2.82270398759198,-0.3081134074376335,0.9534109386533552,-0.2852239965956671,0.0891954286355134,-0.0788303798614517,-0.0046822451861903,0.8336870279091191,-1.2921828091963423,-1.9288284287113864,1.126854607083434,0.6555822131227115,0.1596223699482794,-0.3940393996855065,0.3968971763246764,2.1481109274898933,-0.0345137179735794,0.2745911111991062,0.7379050128390392,0.099359783453434,0.4426376008150913,-0.0411564245790732,-0.6884369648163118,0.4235274726807793,-0.4857136801424234,0.4177511342135185,-0.6205166268721521,0.1883092564012398,-0.0746768747603008,0.1529928777588963,0.2682121930879627,-1.4293238902239185,-0.007786599414339,-0.126889084314006,-0.7663553022361705,0.1777918012154334,0.3746846761526549,-0.1130224721718552,0.5951428520727136,0.1605936755340172,0.0956083685763013,-0.089180560870859,0.5322373583364495,-0.3258413766886759,0.3836136271364904,0.1340554934143262,-0.4614486808027608,0.0067014301323222,-0.0090373498954669,-0.0136341945587912,-0.141116723304285,-0.0361640566874833,-0.1173668406606499,-0.04171175917151,2.891103571551724
Na,Na0-4Ni7(PO4)6,Ni7(PO4)6,Na4Ni7(PO4)6,mp-aaaabvxp,-2.2904593822529136,1.241088898212654,-2.6415754927074984,-0.1790146769533505,-3.957353952507511,-1.132712624930048,0.6365906175309223,-2.955185541211496,2.58926679725938,-3.106164040346211,0.58409228388177,-0.2487359889619962,-2.8460707836233152,0.3484346647601937,2.202960652854689,0.3070520487620292,-0.989064416045595,-1.2886545352009604,-0.1606873421551166,-0.6913819827561144,-1.383233587043366,1.0242494709971013,-0.3817533855062002,0.9497330537416052,1.3899830213553914,-0.8331485924533691,0.2926755084832928,-0.2587931420172322,-0.7975861565518659,0.7856555248311784,0.2930133933133407,0.1277530837752946,0.0882933686799071,0.5431501064064316,-1.1277606669934983,-1.7148265825163616,1.296722378293299,-0.3492006821255164,0.4646780082463195,0.2167104875101148,-0.2542755785940552,0.8844773986142779,-0.7260495992237782,-0.8829196038423228,0.3403344926849302,-0.3480286035295341,0.7596484972219387,0.2189664317701311,-0.3719345870049048,0.7232638675927149,-0.383945633182396,0.4671677234160385,-0.1741545734457809,-0.5713347302517227,0.3004289628932627,0.1322584601432445,0.1764258846100926,-0.0240242532571212,0.1319160574101136,-0.040676646395354,0.2695421874188872,0.0998772861583396,0.0391432865565482,0.0815945445335866,-0.1146644942437966,0.0586584977111802,-0.0043229343228747,0.2072950870716379,-0.1137065996507948,-0.2101681947515959,-0.3077382432304201,0.2219472748939674,-0.0676631070236072,-0.2960804413608827,-0.0198134124494434,0.004140402595931,-0.0859712342664918,-0.0123304506059904,0.1481919566280564,0.0343926922151263,4.37764028905173
Na,Na0-4Ni3P4O15,Ni3P4O15,Na4Ni3P4O15,mp-aaackrll,-3.262783038390188,1.520637961911551,-2.207563050717256,-0.1678414340236573,-4.4891808532317565,-1.4465092720178752,0.4886109735602486,-3.2713108569352167,2.5953689209304103,-3.2198498751309264,0.69991691726423,-0.1565369256909091,-2.9537969311419285,0.4926238408820499,2.474097777175603,0.6864508176884331,-1.0970785017927491,-1.0197175271977414,0.3218572861523359,-0.1054732380628327,0.1829903025539677,0.9147909887473216,-0.6423895366342673,-0.0671189615704903,1.5432126922884577,1.1685047603812913,2.2841621397510585,-0.8884404208953173,-0.6236571489183845,-0.1313503611989881,-0.0553747941915909,0.2091385802868122,0.0906602893991426,0.9254105393832904,-0.707334058383403,-1.4020528450260037,1.0431807054619209,0.0362460070132668,0.406083179284533,-0.2235858796740058,-0.0013588100689425,1.2605346082829203,-0.583898622476774,-0.6984737490509307,0.4392855802336792,-0.2068335038124697,0.9706351743092848,0.2594502281240324,-0.618413827668979,0.4950892826895102,-0.6549229822824607,0.4600707354252251,-0.2360574613401087,-0.6385553987388245,0.3304982645774744,0.3642451608295877,0.0220147591564992,-0.4203048993906403,0.3033390538639873,-0.099640804786096,0.3018679713293704,0.0544322187641473,-0.0267413543010821,0.0528530769802749,0.1054820790111341,0.0387864834563724,-0.0202719257673548,0.015981777302844,0.3104947309378841,-0.0922666178334685,-0.0446252637351647,0.1148493474222805,0.0442642687055784,-0.1146176243952706,0.0515662497032096,0.118643406617554,-0.1684503682867145,-0.0805167031976565,0.2464865878651016,0.169110446387689,5.320454675301722
Na,Na0-1Ni(PO3)3,Ni(PO3)3,NaNi(PO3)3,mp-aaabwjaj,-3.802304208261366,1.6942533954783088,-3.236867971109023,0.400112139778734,-5.39251377402958,-0.3318358878697234,0.6505563784601344,-2.8655091419340124,2.1930250125123067,-4.081698527929795,0.5258506504700292,0.2728276385684123,-3.515063640760629,0.3317687998056482,1.8846941265200792,0.8133300640820179,-1.0480938744428785,-0.8094331414247126,-0.0450436160871427,-0.0759304859368073,-0.8304434148046907,1.0805281119412782,-1.4805804891469874,-0.6625592101954438,1.216207211116854,0.9072855873782004,1.8962241925111711,-1.1668161378599762,-0.5340234875555464,-0.215240805974679,0.0438355288654705,0.2097807754560517,0.0677791948525595,1.297696229438522,-0.2186366256469448,-1.061941380909072,1.2144197570066304,0.6339632355235814,0.192840403802852,0.099648425241614,0.2261954530928449,0.6873662079890187,-0.3138883685510312,-0.6483476799974278,0.4467296154909197,-0.2801247256689053,1.2300861307293895,0.4474559164004066,-0.4480461549495857,0.4549664211021013,-0.3675365458817987,0.4385457247689273,-0.1786495988070469,-0.5959763848548381,0.1965033760987553,0.2427143273188567,0.1230804451569118,-0.8157947060009169,0.2571694675867189,0.0815615192335541,0.3375798603957681,-0.1022528332306708,0.064402028175121,0.329859644515554,0.111778484838756,0.0237706407437232,0.091898092078175,0.3036458294416167,0.0691469254845851,0.0372948539465603,-0.414504587269512,-0.0196351775168758,0.1625647672793328,-0.338503138591868,-0.14316271371813,0.0203617349884872,-0.0757735277214092,-0.069824617577937,-0.0151723365026834,-0.1587967191563647,5.285876136551725
Na,Na0-1Ni2P2O9,Ni2P2O9,NaNi2P2O9,mp-aaachksw,-2.5157041447184434,1.3230938154778715,-3.108070908164385,0.1676255007136916,-4.270184987144304,-0.7440651654778663,0.7811498778312908,-2.90664628735983,2.556105055507865,-3.4550477623412834,0.5013071183001168,0.0565934703224748,-3.006016545478674,0.2537846318453677,2.233197277546283,0.5376305177367727,-1.0634352883739209,-1.2378858998676572,-0.1729896531886804,-0.6133347385705533,-1.2104652412775925,0.9053356088476444,-1.6945780450905032,-0.4635662560301521,1.371035547865466,0.9790802094117808,1.6017462147932533,-0.9751475615219694,-1.0025816396488283,-0.2767348535663547,-0.3628977529023217,0.0542881461965635,0.3667089819618259,1.012502020855921,-0.3223767429151861,-1.427459048240935,1.0631080543298743,0.1071580891742904,0.0874426581545425,0.2659752365950817,0.0781610279822977,0.7995779483116793,-0.7723557058827626,-0.6987846038649188,0.2276533603800777,-0.3686761432251946,0.8874514561243259,0.4029871160888369,-0.4860544515464969,0.7426376980294918,-0.3760094702200628,0.3718878975987643,-0.0784099028798586,-0.6684451335519485,0.2487443672227505,0.0721478523464611,0.3034993869045668,-0.1111815411108367,0.1016971685936089,-0.1132730548252552,0.1991517333448104,-0.0033046873710791,0.1389678370036279,0.1183848558020686,-0.2364990322384413,-0.0453348117586908,-0.0603299942593475,0.2520908535849288,-0.2181657863817215,-0.1892028884198135,-0.4082385679559994,0.2093193701221825,0.008298911425584,-0.4022583674983966,-0.106747324266373,-0.0925650278824139,-0.0283690713303115,-0.0369976769062861,0.1306225187145009,-0.0344334189054632,5.167370164051736
Na,Na0-1Ni4(PO4)3,Ni4(PO4)3,NaNi4(PO4)3,mp-aaabsgsl,-1.8773759672526509,0.7742496597201041,-3.1028983426618537,0.1477196488517832,-3.4732668378117797,-0.7811256465186214,0.982854451890199,-2.6936983957384597,2.6396907294831258,-3.0801583208468446,0.4075952438834505,-0.2248754500461482,-2.560312624459704,0.1836269895598716,2.3346206746784954,0.2334915152686554,-1.0014319530129738,-1.5612559382327396,-0.4068981687108363,-0.9739187155106304,-1.8977681704573068,0.7215284365923942,-2.0274524380881296,-0.3133370667461804,1.4333774190019215,1.0455567329004238,1.3111827007218346,-1.0149717242287213,-1.3401549028079611,-0.3062231502651639,-0.5127584622366309,0.0251645252063597,0.4059100451930414,0.8000442992353232,-0.2409281545508386,-1.5288496901256003,1.000218267483358,-0.1437515589703225,-0.0649425075412027,0.4742022749505957,-0.0502456635058939,0.5771730416707893,-0.9089336528400734,-0.846602476932832,0.199408158344251,-0.4905495703598475,0.7164491493420607,0.2887485604800706,-0.4686807924418655,0.8982746298924035,-0.1675341253044691,0.4113530498644298,-0.0887245169212522,-0.5127305755379593,0.4044382884559905,-0.0998636051200403,0.3820904591934425,-0.0165685013425151,-0.0191260093870858,-0.1484385834986503,0.0423679858321946,0.0261372480513676,0.2669612483055626,0.0368325132329559,-0.271567900690627,-0.055436661062178,-0.06363047909321,0.4499044817719616,-0.4307991949582347,-0.2733441488688665,-0.5780229256394577,0.3256524798103163,0.1520452377499531,-0.3987988133617565,0.062833946143769,-0.1251660957095917,0.0686548885117112,-0.0422538366964544,0.1273248231175852,-0.0798529146550257,4.56608707905173
Na,Na0-2Ni3(P2O7)2,Ni3(P2O7)2,Na2Ni3(P2O7)2,mp-aaaabmls,-2.78295976939333,1.49746555663724,-2.881435335574382,0.0105959822568547,-4.562080978316643,-0.778329169043364,0.6220316913065459,-2.9052553670380465,2.4234360217828264,-3.521009285286941,0.5682285632223971,-0.0298479303740431,-3.1646226624553018,0.3106143936554451,1.9624614648070215,0.4162501001650891,-0.9818443610777428,-1.1490072354647949,-0.1526874225842424,-0.4809562026020055,-1.3454602375486595,1.1093599492717756,-0.420073829293505,0.7626371176957755,1.285624868904896,-0.91101158622276,0.3352562283645804,-0.3213985512368314,-0.6189687237258272,0.7768692215641118,0.4061240939715413,0.1641854547702575,0.0266533255846498,0.7143775090859646,-1.018813991749627,-1.5458903516279534,1.3454317954210406,-0.1122964351182858,0.4743538334168204,0.1972528585709173,-0.1524654711870738,0.8006708219584912,-0.5689365636617315,-0.8268345425008341,0.3795669826996639,-0.3173448556766376,0.8865550053097558,0.2755240412271379,-0.3346489552461476,0.6441158602749784,-0.3905134972505624,0.47174924264425,-0.1699130632023825,-0.6087111650482261,0.2294778080958543,0.1599662128734181,0.1582717373941123,-0.2474789447604779,0.1699099181386022,0.0275833795310796,0.3255556161851061,0.0531357482369058,0.0300571841745019,0.1830717005550807,-0.0612430995168752,0.0634285242776757,0.0197143026238954,0.2314597474993026,-0.0787518974797122,-0.1184635703935797,-0.3749110526057655,0.1438704424416733,-0.0378324928595106,-0.3266634062337259,-0.0844954561126636,-0.0183468485713851,-0.1009406258343134,-0.0225173162178996,0.1021937525296116,-0.0382744665814634,4.59850816155171
Na,Na0-1NiPO4,NiPO4,NaNiPO4,mp-aaabcruz,-2.805770526409216,1.3160424127162331,-2.2302613270661102,-0.2484262340754763,-4.121653372684335,-1.5348468507303965,0.5860273660825813,-3.2343156299676354,2.6678029226059,-3.039143258590479,0.6865707190539302,-0.2575112642844295,-2.7504061004900047,0.4784970763175387,2.5904930700764823,0.6204987057489667,-1.1352188339067035,-1.102605104106522,0.2114076747075269,-0.3282231567897173,-0.0154545287653265,0.8268758471682177,-0.965151237455083,-0.0929340512129989,1.5579292248528342,1.133536762317023,2.0963686961568104,-0.9143688986071268,-0.8416508513245246,-0.1312744454997869,-0.2035070002162308,0.1473541068815268,0.1982749801786565,0.8874430095219666,-0.6890604023731969,-1.5021477648800443,1.0276961569401424,-0.0930126202657737,0.3722500769035978,-0.1172538692507346,-0.0808640752949269,1.2000479465382632,-0.7136187657971842,-0.7105018111932018,0.3539305207654583,-0.2632280895949311,0.8845150122474387,0.2618023645644036,-0.598970124257866,0.6056902432807468,-0.5959550060863493,0.4467360241924338,-0.2172223973994157,-0.6226904346118557,0.3302113675717661,0.2777660371782091,0.0814583635244363,-0.2362369610494239,0.2412160079787741,-0.1198334012041612,0.2861706239541445,0.0772441435568241,-0.0265156003643098,0.0460537779826458,0.0179629454009682,0.0310723268521104,-0.0439708639021285,0.0456776832686254,0.1636285348332549,-0.1505593274739661,-0.0882435630006888,0.1468999354683557,-0.0438201029322033,-0.1801257789343942,0.0169094083419129,0.073055996071302,-0.1375043733844374,-0.049470942345629,0.2240170507326287,0.1356016822782356,4.375457411551725
Na,Na0-4Ni5(P3O11)2,Ni5(P3O11)2,Na4Ni5(P3O11)2,mp-aaaabmyc,-2.7879267003668744,1.4951080257358147,-2.6262223984427187,-0.1163498025773064,-4.446942837289435,-1.0417487765249158,0.5555156033549397,-3.0189773957206567,2.495518594572559,-3.3544756603966666,0.6227864439487705,-0.1196690108985658,-3.082656720390562,0.3743079075756243,2.0924670661682905,0.4334050875185836,-0.9994921872151676,-1.1287702278149676,-0.03802377912455,-0.4401188126832375,-1.0027055578555757,1.0918510124759748,-0.2062177297668708,0.8761497543435035,1.3472544923743874,-0.8673798564197963,0.4643975130579692,-0.2760808741046835,-0.5891720451105311,0.8080795816766907,0.4230926529222419,0.1772093409687895,0.0064233068906388,0.6681830903975761,-1.136249617565261,-1.5946454406871458,1.3242141829674503,-0.1902251590891386,0.544757226448486,0.0948586899836318,-0.1944604426583024,0.9413121379821836,-0.5829772215813372,-0.8292062315616859,0.3988715359536734,-0.2845314941505086,0.8670263898376891,0.2432478022063191,-0.3757459173604918,0.6159089928467815,-0.4606426592515229,0.4792152587030766,-0.1948469620577913,-0.6155818283242058,0.2549622725421787,0.2223383125916213,0.1084766219697009,-0.2121222808128886,0.2068524923032938,0.003332052536302,0.3375725469244951,0.0768585987860004,-0.0105376548078386,0.1359159082001158,-0.0263466200654595,0.0754975457775718,0.0133228177116906,0.1540264534145383,0.0298340162157576,-0.1285227186692665,-0.2595405037749821,0.1492356169303249,-0.0565749800584969,-0.2618383133381419,-0.0486600830286122,0.0312775758753613,-0.1341405970269918,-0.0270844771707757,0.1490781546213092,0.0450597780779507,4.733145381551726
Na,Na0-1Ni2P3O10,Ni2P3O10,NaNi2P3O10,mp-aaaabljx,-2.7700750698338594,1.467228996518045,-3.2112710262328963,0.1774244707841517,-4.671587137170775,-0.4463543805291178,0.7070810163509921,-2.752717839882282,2.3327663036664315,-3.7264645331620514,0.4949744994922486,0.0918607779261855,-3.257982031076015,0.2163079793605829,1.7939255004745205,0.3751639113791128,-0.9371370735432836,-1.2006720357440153,-0.2976170784908643,-0.5357021396819069,-1.8041354638434512,1.1132292109807935,-0.6765747495918003,0.6347548914524874,1.205419725072606,-0.9591609740542104,0.1674702624392647,-0.3712390512295813,-0.6500449088251267,0.7301370122852944,0.3831487510090146,0.1450400955410542,0.0525262289955851,0.7616449345274869,-0.8613678673883302,-1.4912489474906854,1.3599799619184807,-0.0313106722025082,0.36394470402132,0.333437463887852,-0.0964600228506759,0.6166253047772431,-0.5606773487718095,-0.821825694518533,0.356551444565707,-0.3643410274546788,0.8914766059899754,0.3000619643020012,-0.2806115175290308,0.6971081598061419,-0.2869645312538606,0.46652815533807,-0.1377521655682629,-0.5826062510624188,0.2150887049505402,0.0570598847553031,0.2376168470565061,-0.3020597834587484,0.1052613330960998,0.0463078370948354,0.2720012676644984,0.0229308442299126,0.1187949900806954,0.2283836344077431,-0.1037557665436921,0.0444999651586874,0.0283373914440282,0.3394967725521434,-0.2316346103654195,-0.1221785871205766,-0.5357792161794782,0.1501338998740132,0.0006045551963089,-0.4111817884980506,-0.1118747241079854,-0.0876278810677501,-0.0456413192804916,-0.02195864314613,0.0443502175160052,-0.1570835563212529,4.774255881551728
Na,Na0-1NiPO4,NiPO4,NaNiPO4,mp-aaaabllg,-2.805790113940024,1.3149813578199894,-2.229970377725287,-0.2484855326322415,-4.121411870833402,-1.5355120138660905,0.5868610748930544,-3.234648699870017,2.6679979583694995,-3.0391769867104634,0.6870338415216062,-0.2576433554654613,-2.749884746288269,0.4786537920884031,2.5911240964105207,0.6210121008323505,-1.1357439275153576,-1.101720793598527,0.2116408711498008,-0.3286955134907183,-0.0106486927609804,0.825298507227733,-0.9703176671721075,-0.0952491940219002,1.5570971766931272,1.1314482107299872,2.095052830724702,-0.915470534062222,-0.8426088724753844,-0.1308935114096718,-0.2044097260149128,0.1469895977120233,0.1990439664136704,0.8895918319164826,-0.6883291429520612,-1.5015617431520054,1.0272880975389034,-0.0929019336922794,0.3726082616817007,-0.1171102621793514,-0.0817674212494604,1.1993036737947282,-0.713394544147223,-0.709810567293996,0.3532940640854266,-0.2632900429630336,0.8843593454472262,0.261834772967551,-0.5987108249438448,0.6061287865360759,-0.5954195201864901,0.4467638027508172,-0.2172814899588142,-0.6229952024676126,0.3303123617709976,0.277489113919989,0.0815103024755674,-0.2362343402550871,0.2413961151533981,-0.1197252196838132,0.286107589269057,0.0771225959150309,-0.0266678032640072,0.0464207034174853,0.0178550269472157,0.0311296922133134,-0.044148017201941,0.0456285318066807,0.1636499950157412,-0.1507157540431045,-0.0883012180293272,0.146670795480252,-0.043981050642773,-0.1804217016468261,0.016787919592864,0.0728890931177838,-0.1376691967327568,-0.0494995630580189,0.2241102961209199,0.1356913305899659,4.420447996551726
Na,Na0-1Sn4(PO4)3,Sn4(PO4)3,NaSn4(PO4)3,mp-aaaabnde,-6.747944235403717,-2.551415809427479,0.9118313027886192,8.791128937967876,-7.149967079982554,0.2170347404585533,-2.0912453252457994,-0.1153537943561469,2.979084192520477,0.0933468201076852,-0.250099141621094,-1.4953921289665242,-3.007387477522553,1.90846987196066,2.3207226292554517,1.0119805526165642,0.0354535606842768,-1.749588395466437,-0.6386673388230386,-0.396292328681791,-0.0847798876983293,-0.1104183135750154,-3.3247408290160405,-1.004591233110027,-0.8076854735848006,-0.3575883617277565,-1.5735750753398092,-0.5802500829814111,-1.481490835614336,0.2937506561143799,0.6299228371204957,-0.7830585389170996,-0.2002187285102586,-1.1013029543733612,0.245131190736969,-2.713368644991181,-0.2962114837383979,0.2422731976042137,0.5058312571121787,-0.4542537582047102,-0.4524963110622418,0.6863926289709533,0.8353629973625464,-2.2256775088140026,0.7541115985591738,0.1722923871290664,1.2264626366058624,-0.4707918975463989,-0.17225616007712,0.9630792988447588,-0.2899225692096655,-1.0033043207492742,0.7666812566642551,0.6200333299178341,0.6347240422093607,0.6801105451228598,0.6613839699179682,0.3022619347630373,-0.7088106001698573,0.5407192771005896,-0.1468186641653865,0.3282866158931374,-0.1798971018381669,0.2948100902844934,0.1250650740303941,0.182475540079707,-0.012074406226115,0.7113808156498178,-0.4630897214860261,0.3014520725194977,-0.3136836177853203,0.0554810597747094,-0.13442987665514,-0.3643061120088972,-0.2154881995852011,0.1206056181356897,-0.1564665623948956,0.0790454388404021,-0.0791690552657952,-0.015605081439558,4.348646971551719
Na,Na0-1TiP2O7,TiP2O7,NaTiP2O7,mp-aaabrhtq,-5.653340282977283,2.6155110380710145,-2.1717870623272355,0.249064176334252,-2.8292923510397388,-1.8889031097197864,0.6973689891957257,-0.5631453970259725,1.990847745758372,-2.6893284403411424,-3.3505680590860427,-0.0431731560858563,-3.2142992527001164,1.5249155752008117,-0.0211307301002028,2.2660649872868834,-0.376813654229729,0.2546397802414162,-1.1948640882077606,1.8950862983471244,-0.7365131473002228,1.3567118712031787,0.0073135457376251,0.3343723680244948,0.5340262486373465,-0.7227629557324279,0.1363109540313758,-0.3612310099469007,-0.913790570762266,1.0594425358433197,1.2331696393991656,0.1414895471258283,-0.7621703145045025,1.1243684585489655,-0.1810637811981621,-1.7081983416334787,0.8564542742620834,0.9542052130786912,1.4088747143576268,-0.1757522018909144,-0.281411374238449,0.9645238706531464,-0.1919909527871766,-0.5568557058427953,0.3108922889415088,0.0522249169824141,0.9810134422558312,0.458421072896774,0.0262064851725985,0.6290256915398812,-0.2189717971724387,-0.0550205948073882,0.0031687562577809,-0.0141627075081443,0.044645227738543,0.2871628105689783,-0.1977652372770046,-0.0869729823046734,0.053639778039221,0.0663063452280607,0.4891077057854697,0.2249393368731348,0.3578570501804153,0.2692629852305508,-0.2185100991136984,0.4061443460635117,0.0052860794343286,0.4196685007610825,0.1908448530777175,-0.0714863329720798,-0.0051474976920389,0.310515723622556,0.2800026884434449,-0.1698933797918507,-0.124280789287811,0.1593814760435462,0.0638938967973253,0.040182593015341,-0.263740564207861,-0.0746630853896634,1.620052679051714
Na,Na0-1Ti3P3O13,Ti3P3O13,NaTi3P3O13,mp-aaachgga,-4.751929667265327,2.3122035692588563,-2.3610596778558284,0.1956985711953408,-1.8232519999995809,-1.9174960157771004,0.9993373037870392,-0.1754820708466049,2.016480422262002,-2.3126605769264024,-3.7860206710131226,-0.0781758549310827,-2.7185301124531795,1.3782747706819556,-0.0106894708024746,1.912887329732084,-0.2200040904719679,-0.2823212769409792,-1.5805373371021527,1.502674371976244,-1.630135025013152,1.1382795931251015,-0.4134303693209412,0.2914188906043368,0.5592916640522873,-0.7205210091824437,-0.258225335084793,-0.3625085390281599,-1.4437784666824156,1.0586092142884314,1.0146295752154362,0.0548076146573289,-0.6243056079795105,1.0077217660551472,-0.1655406415962259,-1.853147993130335,0.6669958642435945,0.7097097859598119,1.1630107291319605,0.2293860931727151,-0.3498115369223364,0.6140707290050273,-0.4119605938748827,-0.7691484460016298,0.218365275559658,-0.1568570026270567,0.8375963002053318,0.3052226785320353,0.0033721925756607,0.8274338805438795,-0.1553568961898453,-0.0433255748411749,-0.1043192210982077,-0.0413612733957843,0.1533850156764964,0.0264850512928357,0.1565527921224005,0.3885627497795523,-0.2192868049436509,-0.1584629648194506,0.1945905422487188,0.1304748141479512,0.366577682295113,0.0887921506218967,-0.407442348975941,0.3304384503368778,0.1171722528008446,0.4624991558871786,-0.4064152162619879,-0.1394099078048517,-0.3810496850708432,0.3596244947344335,0.2296048290483452,-0.3696035088185787,-0.0130695086620389,0.0135252877488674,0.1137351519738756,-0.0739745344624268,-0.0652922159148059,-0.2364500385725326,2.085293196551735
Na,Na0-1TiP2O7,TiP2O7,NaTiP2O7,mp-aaabrhuv,-5.653340282977283,2.6155110380710145,-2.1717870623272355,0.249064176334252,-2.8292923510397388,-1.8889031097197864,0.6973689891957257,-0.5631453970259725,1.990847745758372,-2.6893284403411424,-3.3505680590860427,-0.0431731560858563,-3.2142992527001164,1.5249155752008117,-0.0211307301002028,2.2660649872868834,-0.376813654229729,0.2546397802414162,-1.1948640882077606,1.8950862983471244,-0.7365131473002228,1.3567118712031787,0.0073135457376251,0.3343723680244948,0.5340262486373465,-0.7227629557324279,0.1363109540313758,-0.3612310099469007,-0.913790570762266,1.0594425358433197,1.2331696393991656,0.1414895471258283,-0.7621703145045025,1.1243684585489655,-0.1810637811981621,-1.7081983416334787,0.8564542742620834,0.9542052130786912,1.4088747143576268,-0.1757522018909144,-0.281411374238449,0.9645238706531464,-0.1919909527871766,-0.5568557058427953,0.3108922889415088,0.0522249169824141,0.9810134422558312,0.458421072896774,0.0262064851725985,0.6290256915398812,-0.2189717971724387,-0.0550205948073882,0.0031687562577809,-0.0141627075081443,0.044645227738543,0.2871628105689783,-0.1977652372770046,-0.0869729823046734,0.053639778039221,0.0663063452280607,0.4891077057854697,0.2249393368731348,0.3578570501804153,0.2692629852305508,-0.2185100991136984,0.4061443460635117,0.0052860794343286,0.4196685007610825,0.1908448530777175,-0.0714863329720798,-0.0051474976920389,0.310515723622556,0.2800026884434449,-0.1698933797918507,-0.124280789287811,0.1593814760435462,0.0638938967973253,0.040182593015341,-0.263740564207861,-0.0746630853896634,1.773142271551723
Na,Na1-2.75Ti2(PO4)3,NaTi2(PO4)3,Na11Ti8(PO4)12,mp-aaabsetz,-5.3319668087234815,4.816418276415558,4.125869404788362,-1.782305182934968,-0.3579770786671775,0.2518230689811582,0.0543742011639131,-0.6651823820051326,-0.1159928099863441,-1.7487355361618129,-2.3933538589393124,-1.6034675061953314,-5.2626235594254585,2.893546165851908,0.8799774972703485,3.5448227356189035,-0.8622318496350222,0.4736918516234616,-0.9466982846574146,1.2656549358743752,-1.5126114491040896,0.53451052332457,-0.3155367105055107,-1.6600370144484395,-1.2985003754889068,1.1474530921094732,-0.0506566573769513,1.821832257145412,0.4755937169871781,0.9256213305886792,1.335113426837733,-0.0692743148258861,-0.3377407463351237,0.2909696576934047,0.0114746486972835,0.0203427334757413,0.0475848151330804,0.4067635036941479,-0.2351471546704222,-0.4638205037147525,-0.3531372445852551,0.465890374157263,-0.1741495247903143,-0.2856727680981883,-0.2401630673417742,0.8874583955408153,-0.3403554293944117,0.0204905509603075,0.0432744177977787,1.2152969972906231,-0.7568090050113998,-0.7131277650549326,0.2004299892281647,0.8453915736168592,0.3670603405217979,0.6358607051722883,0.046537738130589,-0.1036231158675719,-0.0492342720726055,0.3816759590541722,-0.0668054044632642,0.1706394530559999,-0.7331065735071564,0.1205144371650071,0.1258644961739201,-0.5643886400878356,0.2750232490817367,0.1420823334362486,-0.1593163988465382,0.1848618101511045,-0.3593085274696724,-0.0257146302662405,0.1423269648828217,-0.3234230475696783,-0.3626762135644089,0.0058702312028454,0.1861426419592875,-0.0767578200673295,0.2025223786680052,0.1891507851561923,1.236566780837445
Na,Na0-3Ti2(PO4)3,Ti2(PO4)3,Na3Ti2(PO4)3,mp-aaabsbtx,-5.714746150730759,2.320269070665937,-1.4528322378426588,-0.0838440900430629,-2.44808677514393,-2.661700572899026,0.8797019376931071,-0.9258099294906752,2.1484045924092543,-2.140241906866123,-3.089632739609664,-0.2261033779716424,-2.734576037004756,1.7330226884278268,0.5564777541277494,2.5308659315148416,-0.5433708235494809,0.2765025923211289,-0.9476833691701873,1.7423825004217737,2.092496673588013,0.7245593658280536,-2.069446300066772,-1.2316452338991986,0.3905376300539258,-0.9459417842514272,0.4848173607334041,-0.5637787861363103,-0.6016645075233152,0.5222788465257141,1.930243766320621,0.2095385141844513,-1.1335045909313506,-0.1370903517748909,-0.2790948257603237,-2.2384723027116573,0.4229325609780255,0.7190591016564414,1.4837807418468998,-0.1267901578426258,-0.3013918768825092,1.2751008228790957,-0.1704644528899111,-0.4843797188183727,0.3234054993849337,0.2290883937791286,0.7885439484207051,0.368260395500925,0.0783462974223457,0.6220279658875153,-0.4702813861332938,0.1116835071443693,0.0276006588474745,-0.1143802988212802,0.203779734778831,0.2811573671666629,-0.235567781301286,0.0075180443290928,0.2188821305550431,-0.0768904207336939,0.3968324188152815,0.3124257535743373,0.3417715311601894,0.1901355681925207,-0.1806503324491711,0.3575210813640451,-0.1086667440526245,0.2349750942515739,0.4629208560076363,-0.1243254548776784,0.2329118362192311,0.3255452706526962,0.2431028662744944,-0.1147950864004229,-0.0328287133745848,0.2024816787644864,-0.0269533033380577,0.0655889476327726,-0.0929327178997723,0.200614578742729,2.3060194632183992
Na,Na0-3V2(PO4)3,V2(PO4)3,Na3V2(PO4)3,mp-aaaabmqu,-4.27499631857736,2.9809493226676333,-2.07131817015556,-1.0778849013382623,-2.7864773925751165,-2.4802673241641227,0.768657476894702,-0.7959730830348742,2.3233028681283376,-2.732770332050919,-2.645647991654137,-0.4175921240465683,-2.979257418303185,1.2360080264541389,0.2245023302921324,1.836984687404944,-0.3871840886134218,0.2981251822621103,-1.0274542929745942,1.575119573793808,0.2579157964647309,1.4161870644474306,0.2582799988011267,0.974885322831047,1.9859582275207373,-0.8552402328832001,0.8255429834270475,0.0314338308035913,-0.3492737014032634,0.6957576303839563,0.4832272022763609,0.3684599228800252,-0.3364597439110826,0.9981379166041529,-0.987124301506542,-1.934200568931348,0.7791643325585682,0.015069773844828,1.4984619882950778,-0.1684236138095367,-0.1791624726239195,1.0548333009431723,-0.0947153678165141,-0.3348298536794905,0.1740815957343589,0.5174311397944982,0.7076274391672401,0.1922841102456949,0.3229887140437165,0.6420462929562006,-0.3754836338352727,0.3376360670912487,0.0675108104964026,-0.4106344006285597,-0.0003449631334964,0.2932624399474529,-0.3166744639097189,-0.3333278746205705,0.5416713608642268,0.0939864682383127,0.6282051930863833,0.128228522336235,0.2504061008512226,0.021370422382197,-0.0028343782014504,0.2890879838798973,-0.2113098853958211,0.1640517277258342,0.5063656158300186,-0.1479552686478633,0.1934568792452547,0.2454950473254603,0.2105556471389413,-0.0125209303270903,0.0161013726062269,0.2579871413717404,-0.0465135631182407,-0.0716371640192612,-0.04625098222948,0.193138651083126,3.125016097385055
Na,Na1-2V(PO4)2,NaV(PO4)2,Na2V(PO4)2,mp-aaabrfcs,-4.483142932517936,5.586496949011783,4.604704378446391,-2.834080179485082,-0.6165847863923327,0.749397934301784,0.1915926322226872,-0.7319842027664324,-0.3028995491067511,-2.265844003445572,-1.7227540205861842,-1.7191486536334148,-5.690382955622482,2.625254619798812,1.1819550093349356,3.079727218559659,-0.9861152954688118,0.6618384665450103,-0.8115889766960351,1.155083572269621,-1.2060861150115136,0.7946176720517001,0.3611348357070887,-0.3485133653700041,-0.8441491646154797,-1.5261043609072595,0.6373513895077596,1.376577896658085,-0.0214957963351091,0.1141137267137881,-0.2380890204149786,-0.0965806224818449,0.3101563971816244,0.6042638084718454,0.0335016658345268,0.0991876761972259,0.3253575796089043,0.2714841252304005,-0.2736990568608032,-0.0022834187495547,0.0507882145008471,-0.0760072843047469,0.3448730811206754,-0.3166077276345367,-0.4188630509855445,1.6270505291373782,-0.0639787920449226,-0.2238834854658598,0.5168054754090124,1.051349191470415,-0.4605119580868708,-0.2629240700041087,0.2754786295840804,0.5952020343431852,0.183833578715058,0.7349804029977725,-0.0744159323562846,-0.5626218938253963,0.3472318844228369,0.5017026501228504,0.1954178423620106,0.0365764460570531,-0.5290257919254427,0.0902268362929255,0.3895413128566191,-0.5987768650807965,-0.0605937398654786,0.2029058293843801,-0.0394514768416666,0.2433596457455379,-0.1406496811318266,0.0120300560753214,0.1687626444348935,-0.0798361097969834,-0.4084088501948811,-0.0683832873134281,0.1360885693190604,-0.0786035428256723,0.4943471918535984,0.2907421050641025,3.8704488865517312
Na,Na0-1VPO5,VPO5,NaVPO5,mp-aaaablhj,-3.797581222189149,2.993779600941977,-2.257319470194478,-1.175619746179763,-2.335347200804367,-2.50730936387726,0.8257022225597263,-0.5725947454961802,2.34666936166172,-2.4326025623951035,-2.7491191725592143,-0.4380793322216094,-2.801374831047636,1.0834829406034772,0.0490203972969536,1.8379384768493143,-0.4008608344569134,0.0175608085662087,-1.219070148607024,1.2539854741323604,-0.3199610528814071,1.1231881565672763,-0.9501838834557642,-0.1346406397205304,2.348810589294388,1.4060598694354591,0.4881625408606027,0.9616133108670823,0.7010855913881205,0.9242059475192708,1.0621874887281042,0.4539582512040838,-0.3778310843147555,0.6623602456796823,-1.5154941408738305,-1.9456918636576572,0.7017426906559562,-0.1784940447707167,1.3545009104723331,-0.1004005190061519,-0.2266493098552111,0.9845455527866404,-0.302226344598163,-0.4404932528658014,-0.0037189546345013,0.3305243348427404,0.5673577021380577,0.2494320013704844,0.2170144218171114,0.7619493412452338,-0.424600675280129,0.2225997601334336,0.0867917619866484,-0.5547033246716436,-0.1255555973031399,0.2529986648963878,-0.1591110505871454,0.0581269837591321,0.40463930009562,0.0769352470369956,0.6656509585616617,0.0853903523234453,0.2098692271540506,-0.0852609469188179,-0.1071413402054191,0.2066374377248591,-0.129609940734905,0.1281921036824425,0.2523600642790487,-0.1261697371846513,0.0438234086033415,0.20687263212225,0.0939900571897718,-0.1204788112860386,-0.022664033609277,0.1919352665913951,-0.0177585671906915,-0.0616704251102586,-0.0250130273792727,0.123586412253381,3.600908689051717
Na,Na0-1V2P2O9,V2P2O9,NaV2P2O9,mp-aaacyvul,-3.384252502050023,2.650918385968425,-2.76798555332358,-0.8926225600045499,-2.081018258854137,-2.1614784694818567,1.25634942437028,-0.2994887493155784,2.313746696644616,-2.631404942804211,-3.0314167764948263,-0.3957907553384855,-2.533562095064336,1.0707122222294754,0.3071828287204982,1.7820320200998574,-0.4045653098744638,-0.0517159930966399,-1.5497294071852994,1.1561714422691682,-0.7257522181956094,1.1535996354194915,-1.6525042139800612,-0.4361028102286038,2.0729653273486304,1.0054111669564654,1.6546995099959017,-0.7400647165065625,-1.2048496127145476,-0.3494555368617374,-0.4569871332949542,0.2084506739127025,0.1280052604420806,1.268102482514028,-0.1790496958404087,-1.8584848578648985,0.4200095655715599,0.1802495473002069,0.9807275845231376,0.2704027597815996,0.0665668146716854,0.6476372316992317,-0.4155829099768398,-0.3054562780980366,-0.0255341771971342,0.294864734011433,0.7057642417280425,0.2606802077278312,0.3027039173822158,0.9412533161650184,-0.2627837216214561,0.3109038184383099,0.0862206794550031,-0.4957388039103567,-0.0280195511061337,0.0072313880652223,0.031747319632738,-0.0204906651562198,0.3164406886444848,-0.0744393037104171,0.5063498868277952,0.0118772064783357,0.2261020775003376,-0.011195942740686,-0.2350322939629085,0.1664734578944064,-0.1590792071896017,0.3252411150156686,-0.2149555246894331,-0.1454243223271556,-0.2680613022296703,0.2065468515577538,0.1359689887294846,-0.2909978166345622,-0.0625914557400823,0.0063771141542503,0.0885248344819212,-0.1937511061106041,-0.0138563247231851,-0.1199832357622235,4.149546079051721
Na,Na0-1VP2O7,VP2O7,NaVP2O7,mp-aaaabnge,-4.248581117047485,3.009531625098621,-2.7247860396497368,-0.7669669423076455,-3.134306336296037,-1.8288779768733647,0.905368085856498,-0.4927303738390523,2.1552573721984865,-3.1530918719113705,-2.785929164844701,-0.2164598011743319,-3.1737641178460274,1.12385426200786,-0.1328527929175111,1.8848862051377333,-0.3638314866760764,0.3207381277194779,-1.3532128428911658,1.4613925744252332,-0.6307662072528736,1.5223629032432189,-0.3032108797573869,0.6659348959427706,1.8578504804079352,-0.9674309683882558,0.5091688406321676,-0.069787755143253,-0.4483583065510113,0.633254542109615,0.4203146526033218,0.3310753046214313,-0.2647621065445242,1.1298741719176413,-0.7317499678665439,-1.8200152903895408,0.8711655961284949,0.2280460518879579,1.357048417332524,0.1182637253320924,-0.0333587262623286,0.7371576632328792,-0.0336004434395184,-0.3140899874545918,0.1274780538493898,0.4708592386663824,0.7826556831183044,0.3394039308330748,0.4679489852541621,0.6916125296171961,-0.1860970900959261,0.3310547044754983,0.1333814953483257,-0.4048783461940868,-0.0643887234165792,0.214623306732479,-0.2174234922007097,-0.4084847094623307,0.4633652831047339,0.1762997705515117,0.6525234033557293,0.0552277848924152,0.2589031425667581,0.16639242483061,-0.1082167472247608,0.2551660732883066,-0.15866890717788,0.3412635163407925,0.1983511344013569,-0.0863968845389237,-0.0731521375508395,0.1837618242982512,0.2010033033399466,-0.1722621867913146,-0.1235659596900943,0.1470773850478642,0.0214062210372301,-0.088002922423038,-0.1838361099011419,-0.0509808068987231,3.607397424051729
Na,Na0-1VPO5,VPO5,NaVPO5,mp-aaaabccu,-3.742151101489456,2.699442136398798,-2.1794448777361457,-1.0456461586998058,-2.202665475913214,-2.609706730606902,1.1261281304730415,-0.675411937062078,2.4494527481507022,-2.485361975511512,-2.7114088054628893,-0.3962116787809054,-2.4800522590714764,1.2186486917026176,0.3581034812022043,1.961874218822669,-0.4472589933662617,0.2911227146793443,-1.1555398329221631,1.274045521695523,0.9344669697335308,1.011186128522655,-1.921738703718589,-0.3328083609299618,2.641449049506262,-0.4832167505423355,1.2246577203672022,0.0288941321130563,0.2285425549191797,3.483081595332404,-1.248723381218162,0.0143952317067839,-0.2078806189556579,0.7462744870118598,0.2702002157054463,-1.505047436600742,0.6132502584334112,0.5256637256574813,1.048460514251255,-0.2236626632694202,-0.0558739226596901,0.8097367069764204,-0.7269852561150131,-0.2913611721101534,0.3595071403198859,0.6002470664667952,0.8081501219722794,0.1820213575136214,0.0609101065428189,1.049253768996092,-0.3760626401334879,0.2083515549122493,0.1740645667853528,-0.5939032828579242,-0.2050487353469093,0.1624127133912694,-0.2171288901473256,-0.1037692524705198,0.3748568332085861,-0.1535419023573238,0.6542113389560933,0.0775712776261305,0.1345477129218447,-0.0233981494892477,-0.1932740612655263,0.248949498772441,-0.2110523339285417,0.1521116351250829,0.2405465900203484,-0.148249638989093,0.0793799591395296,0.2757764904928286,0.0978177865210925,-0.19401530925266,-0.0113584743294097,0.1272047468060536,-0.0159212153859631,-0.0782215029541292,0.0079770013096107,0.1516400492889012,3.419470574051725
Na,Na0-1V3P3O13,V3P3O13,NaV3P3O13,mp-aaachqex,-3.2095938422427754,2.6657405467377653,-3.027512666719704,-0.8264104746827794,-2.064679386561417,-1.8669020786274797,1.236872545639986,-0.0638925705516541,2.1988232295457326,-2.737670409659845,-3.119527420449956,-0.3423209409085627,-2.677696082358221,0.958926095789184,-0.1137160612689811,1.4848110491645254,-0.1879032275035677,-0.2384390509618141,-1.782275870081524,0.98001568326231,-1.656849836424257,1.3192686740785706,-0.7943111576997871,0.625602179643746,1.897285847175189,-0.95352568925566,0.0296723660509744,-0.064995294186463,-1.0157718120126902,0.6084034072561779,0.1455056905033852,0.2326942949342336,-0.0579716913887443,0.990376824962896,-0.6913377721628265,-2.008438266353039,0.6180957756212547,-0.0592806211742529,1.1231221365327946,0.4967908921174443,-0.062123677657748,0.4202477845692881,-0.3515749872829776,-0.4473175332614442,0.036242594253435,0.2644610809889881,0.6045622366571353,0.1502780590131002,0.5113561956664967,1.017945946146285,-0.121613678389562,0.3925631042864938,0.0677519856855806,-0.4590098941931902,0.0060986500450373,-0.0730186244620414,0.1153942766474516,0.0556944475321699,0.2421985098643091,-0.0460240602963573,0.4314509902804879,0.0191690761602179,0.2886822635149149,-0.034079175157114,-0.2718115519341572,0.2011094583068097,-0.0882563045631821,0.417677563763162,-0.4165470151670782,-0.1621475260627716,-0.4534795330558478,0.2407830977935907,0.1752732388621123,-0.3297360756209173,-0.0199462967138992,-0.0317213488706749,0.0984912384113336,-0.2498981337682002,6.99599654470935e-05,-0.2089775642923235,4.892302771551703
Na,Na1-2V3P2O13,NaV3P2O13,Na2V3P2O13,mp-aaabsetn,-2.971808602936812,5.036352356145264,3.375506406528952,-2.864303959477392,0.1723152348140211,0.2070927459574989,0.7604986815084778,-0.2908006337591841,0.1187271291620286,-2.0383316838622183,-2.305790842118326,-1.6497952177377009,-4.7089411360812345,2.4319659091318413,1.098729776091028,3.0520558770018127,-0.8473400545827071,0.4290389872310813,-1.2687882330647142,0.5195655423983746,-1.7512050056831183,0.6983094730006834,-1.3615572029771956,-1.3267360441241791,-0.3813125097851954,0.5078158468468494,1.5102223278523828,0.70628912711353,-1.013177513400503,-0.91230447608915,-1.1735884205704323,-0.2274684208204348,0.8422760186695231,0.8143863508928786,0.6867256919772201,-0.3800365689090234,-0.3116368533405982,0.0384774756915955,-0.4849786148861099,0.0058343343964084,0.1681547124463858,0.2832749353059073,-0.6592545226430582,0.1072236465342996,-0.578666797958929,1.3047797559503094,-0.2826629089358101,0.0109660000132503,0.3132743122296344,1.6069939351078977,-0.7470952981824319,-0.2228100777879867,0.2868367477101514,0.4699961055661466,0.3583526866735655,0.4137993799262404,0.0758166688112502,-0.0847409412484361,0.1983849318259156,0.1086625625689624,-0.1294600531517581,-0.072235149772305,-0.808612279633499,0.1367675185662186,0.1482408137307588,-0.651232304083771,0.1614889881384258,0.0483370307323122,-0.5580715595211188,0.0520858236801033,-0.8390685689665501,-0.0849793545835615,0.0360862389059099,-0.5662708445260909,-0.3691559854097328,-0.2386788936218877,0.2428907267959501,-0.2885674278142187,0.2443053639940849,0.0801452813592748,3.6936536090517262
Na,Na0-3V2(PO4)3,V2(PO4)3,Na3V2(PO4)3,mp-aaaabmqa,-4.302405429756974,3.025982534859147,-2.0498650428290746,-1.1222786984544484,-2.7166309756604936,-2.507352825128609,0.7099508553260738,-0.7338782763900182,2.30978391681854,-2.574086539660144,-2.601415433239713,-0.4249913982379661,-2.934428316314621,1.1299636689140902,0.0408062568728753,1.9132459826866264,-0.4231640720248362,0.147637226902021,-1.0006276186630405,1.4776263267031453,0.1744161641128705,1.1284278003518768,-0.6770213105221261,-0.0745244450815827,2.3165844808175966,1.4207790118829955,0.7132413566038415,0.9407359351808614,0.9534283914553112,0.9501161776695684,1.2223264226954442,0.5208692585815907,-0.5238695639665296,0.7087343508786962,-1.5220333855343364,-1.825887928906588,0.7573338422964017,-0.107138263903936,1.4373584902731622,-0.2717458267297851,-0.2313351476352535,1.0939788630277096,-0.1517741800357782,-0.4072277954226444,0.0748253199004387,0.4153836177152867,0.6117628281339642,0.2584864674357593,0.1806471270159369,0.6352163672630371,-0.4266367594432472,0.239042374657865,0.0818233757997129,-0.4874451228326188,-0.0686107551711731,0.358764939209206,-0.2927230749455903,-0.2400645309164407,0.493936864656635,0.138068857390421,0.6854313906004883,0.1159686683325222,0.2618905349937329,-0.0412843197888097,0.0062129717802231,0.2278728271112325,-0.1733611584736508,0.1317754642550149,0.5171078136967451,-0.0991977446105405,0.167580570480879,0.2045524306419669,0.2256808799738301,0.0013622151640845,0.038485121021522,0.2756590224866203,-0.0472682078622994,-0.0397256870218459,-0.0561998246529737,0.1864091038425004,3.348916998218388
Na,Na0-1VP2O7,VP2O7,NaVP2O7,mp-aaaablkw,-4.248385241739404,3.020142174061061,-2.727695533057969,-0.7663739567399943,-3.1367213548053763,-1.8222263455164251,0.8970309977517674,-0.4893996748152382,2.153307014562492,-3.1527545907115235,-2.790560389521461,-0.2151388893640146,-3.178977659863384,1.1222871042992162,-0.1391630562578962,1.879752254303896,-0.3585805505895356,0.3118950226395277,-1.3555448073139054,1.4661161414352435,-0.6788245672963348,1.538136302648066,-0.2515465825871407,0.6890863240317836,1.8661709620050044,-0.9465454525178972,0.5223274949532546,-0.0587714005922998,-0.4387780950424129,0.629445201208465,0.4293419105901413,0.3347203963164658,-0.2724519688946619,1.1083859479724825,-0.7390625620779013,-1.8258755076699285,0.8752461901408836,0.2269391861530147,1.3534665695514947,0.116827654618261,-0.0243252667169939,0.7446003906682281,-0.0358426599391306,-0.3210024264466491,0.1338426206497069,0.4714787723474079,0.78421235112043,0.3390798468016007,0.4653559921139493,0.6872270970639057,-0.1914519490945178,0.330776918891663,0.1339724209423104,-0.4018306676365175,-0.0653986654088931,0.2173925393146804,-0.2179428817120211,-0.4085109174056985,0.4615642113584938,0.1752179553480318,0.6531537502066046,0.0564432613103465,0.2604251715637324,0.1627231704822147,-0.1071375626872358,0.2545924196762774,-0.1568973741797543,0.3417550309602398,0.1981365325764945,-0.0848326188475392,-0.0725755872644557,0.186053224179288,0.2026127804456443,-0.1693029596669955,-0.1223510721996052,0.1487464145830458,0.0230544545204241,-0.0877167152991396,-0.1847685637840543,-0.051877290016026,3.586303236551732
Na,Na0-1VPO5,VPO5,NaVPO5,mp-aaaabljt,-3.791286804409812,2.816246888554627,-2.2593092135422217,-1.071071705800189,-2.2932108671889586,-2.568659906995464,1.015269954298749,-0.685266773022687,2.4247060985493887,-2.532188181557529,-2.809403512384652,-0.4418246855915072,-2.6501121678783783,1.2093023394498907,0.5320971691021897,1.936480439871658,-0.4941434537455659,0.1818269994327933,-1.1683279693005406,1.4075664253093974,0.2493959874486146,1.1951338465293253,-1.09371637357476,-0.2345136549096289,2.141401773148359,1.0636336157946282,2.0470531637112086,-0.656194876933509,-0.9047767008538248,-0.311420917231429,-0.3252796104580273,0.2581331176500454,0.0274551764929955,1.2455730032517458,-0.3664847575245894,-1.877215663536619,0.4700775764035093,0.1758000773990516,1.1585576815732594,-0.0635248499166516,0.0023838777114271,0.9993588710592106,-0.3418903272837603,-0.2534040616755398,0.0222313315668887,0.411181923163491,0.7294634793855108,0.2664113304783892,0.1929840202569589,0.7783445427194998,-0.4222868438227431,0.2735556688157621,0.0864433207073701,-0.4975548154639004,-0.0394072217391996,0.1792622203395177,-0.1537119349659079,-0.1005168764544824,0.4519942437831278,-0.0416251500888063,0.5802736815623827,0.0653129899420956,0.2024769304718153,-0.0306615406091724,-0.1268249707579684,0.2074406803096838,-0.2179152431788434,0.1595037457133674,0.2308080817819768,-0.16238012342136,0.0816655392682939,0.2271044951030628,0.1133467822700275,-0.1412565349885234,-0.0446461595083888,0.1482182111228517,0.0137796769809559,-0.1060976416416981,-0.0053439720243272,0.1152016511620642,3.337510494051724
Na,Na0-0.25PW3O11,PW3O11,NaP4(W3O11)4,mp-aaaabrjq,19.369086408209327,-0.4338466491217564,-5.311497079272376,-2.5650748047003127,-6.915739699798129,-3.077569630876735,-0.39048191350253,-2.013662616299344,3.148461112442498,-0.6641448926558077,-0.7318906154749969,0.2375646330318038,-2.592411042623568,-2.1845963901411203,2.0297392498691638,-0.1548577408060469,-1.4464437034096924,-0.5710788025744756,0.37080412471287,2.990896109328399,-4.688087080332141,-1.325254304225958,-3.416749547339495,-0.6409778824590284,1.449454828576093,0.9166194201118172,0.7294859181167153,-0.0560797126131264,-3.157726315388744,-0.4473342763725757,-0.8470864511094792,0.2616605543024903,0.8810151394812429,-0.1191497728446282,-0.0089431425180585,-1.6891638159347286,-0.2724952434833046,-0.4881611693836399,0.242461782970227,0.815273897289158,-0.3592611642447669,0.9459878431103064,-2.93017317410444,-1.8235661860792536,-0.3558089610801307,-0.910018199026881,0.7709609329435936,-0.2716990291964476,0.1766583994686001,1.4554465623129151,-0.1667658485646736,0.7055273910817199,0.3728055164799174,-0.7790043697521755,1.532490354199317,-1.2531084671405457,0.1755098897048639,0.5545472172197551,-0.6096082599289117,-0.8122119841972611,-0.0933007322113682,0.0720147256897008,1.7602514377650915,-0.3025049879061145,-0.583930387986145,-0.330203667205367,-0.7710052015544631,0.5619495541607238,-0.3561302111850648,-0.981861636526032,-0.3948649591476796,0.8557793837080002,1.6917113357806668,-0.2612612788016065,1.22501833722051,0.1006463114001296,0.2072957948874238,-0.5318406445220222,1.347727848943752,0.7679170716750405,2.67626452655168
Na,Na0-1PrTi2O6,PrTi2O6,NaPrTi2O6,mp-aaachlbf,0.9283065788649424,0.4485425548044395,4.982397847973879,3.366390896494834,-0.2685031823352206,-3.157016042129486,-1.0748581116867362,1.0177970853352196,1.840055985783782,1.055334311222156,-4.712184869976614,1.5376828081663083,1.2472891978024856,1.5722826488018418,0.7114451472403246,2.325953843750724,0.4972125542980123,0.5238626194963419,-0.4680873294701732,0.9400406366780776,-0.8039417274251609,2.5077400645868395,-0.4753043389598386,-1.0344247588134496,1.8838730470710008,0.7122924322845365,1.4835610442251257,-1.2465597759303717,-1.3353380735778388,-0.4125616886945559,0.4851862451007108,0.6190358983031103,-0.3563552441378959,1.0972549440983923,-0.723053110919856,-1.279606935651887,0.1301913431334231,0.1922021178991979,0.3277696342567804,-0.080918391965724,-0.0511815527327079,-0.2204737260015702,0.0259562015578133,0.2716558208066114,0.0070202983588042,-1.8446900961247168,0.5593708502770157,-0.0856303997407402,-0.5077009812151354,0.5727485104662058,-0.6978656794358462,-0.2378451866910353,-0.0592736162290592,0.2450317202822912,-1.1680597809058642,-0.6999893892513354,-1.351716891264938,0.1139030026647034,-0.706284791255204,-0.7739856005369896,-0.0405024291211417,-0.4639798406242519,0.1286749921005771,0.6646522013391312,0.3054777669762107,-0.1146186706929516,-0.1486420016676011,-0.2687182851261142,0.167583886878554,-0.2087135685376753,0.2511640332605728,0.2431903004012605,-0.1056794557828396,-0.0051057288377401,0.1734902296992936,-0.1276988658051673,-0.4890194862432067,-0.149308048145879,-0.3062906910035513,0.0962920235386461,4.204540971551726
