Working Ion,Battery Formula,Formula (Charged State),Formula (Discharged State),Electrode_data_material_id,Discharged_Z_min,Discharged_Z_max,Discharged_Z_range,Discharged_Z_mean,Discharged_Z_std,Discharged_mendeleev_no_min,Discharged_mendeleev_no_max,Discharged_mendeleev_no_range,Discharged_mendeleev_no_mean,Discharged_mendeleev_no_std,Discharged_atomic_mass_min,Discharged_atomic_mass_max,Discharged_atomic_mass_range,Discharged_atomic_mass_mean,Discharged_atomic_mass_std,Discharged_melting_point_min,Discharged_melting_point_max,Discharged_melting_point_range,Discharged_melting_point_mean,Discharged_melting_point_std,Discharged_group_min,Discharged_group_max,Discharged_group_range,Discharged_group_mean,Discharged_group_std,Discharged_row_min,Discharged_row_max,Discharged_row_range,Discharged_row_mean,Discharged_row_std,Discharged_atomic_radius_min,Discharged_atomic_radius_max,Discharged_atomic_radius_range,Discharged_atomic_radius_mean,Discharged_atomic_radius_std,Discharged_X_min,Discharged_X_max,Discharged_X_range,Discharged_X_mean,Discharged_X_std,Discharged_boiling_point_min,Discharged_boiling_point_max,Discharged_boiling_point_range,Discharged_boiling_point_mean,Discharged_boiling_point_std,Discharged_density_of_solid_min,Discharged_density_of_solid_max,Discharged_density_of_solid_range,Discharged_density_of_solid_mean,Discharged_density_of_solid_std,Discharged_molar_volume_min,Discharged_molar_volume_max,Discharged_molar_volume_range,Discharged_molar_volume_mean,Discharged_molar_volume_std,Discharged_thermal_conductivity_min,Discharged_thermal_conductivity_max,Discharged_thermal_conductivity_range,Discharged_thermal_conductivity_mean,Discharged_thermal_conductivity_std,Discharged_max_oxidation_state_min,Discharged_max_oxidation_state_max,Discharged_max_oxidation_state_range,Discharged_max_oxidation_state_mean,Discharged_max_oxidation_state_std,Discharged_min_oxidation_state_min,Discharged_min_oxidation_state_max,Discharged_min_oxidation_state_range,Discharged_min_oxidation_state_mean,Discharged_min_oxidation_state_std,Discharged_coefficient_of_linear_thermal_expansion_min,Discharged_coefficient_of_linear_thermal_expansion_max,Discharged_coefficient_of_linear_thermal_expansion_range,Discharged_coefficient_of_linear_thermal_expansion_mean,Discharged_coefficient_of_linear_thermal_expansion_std,Discharged_bulk_modulus_min,Discharged_bulk_modulus_max,Discharged_bulk_modulus_range,Discharged_bulk_modulus_mean,Discharged_bulk_modulus_std,Discharged_youngs_modulus_min,Discharged_youngs_modulus_max,Discharged_youngs_modulus_range,Discharged_youngs_modulus_mean,Discharged_youngs_modulus_std,Discharged_brinell_hardness_min,Discharged_brinell_hardness_max,Discharged_brinell_hardness_range,Discharged_brinell_hardness_mean,Discharged_brinell_hardness_std,Discharged_rigidity_modulus_min,Discharged_rigidity_modulus_max,Discharged_rigidity_modulus_range,Discharged_rigidity_modulus_mean,Discharged_rigidity_modulus_std,Discharged_mineral_hardness_min,Discharged_mineral_hardness_max,Discharged_mineral_hardness_range,Discharged_mineral_hardness_mean,Discharged_mineral_hardness_std,Discharged_vickers_hardness_min,Discharged_vickers_hardness_max,Discharged_vickers_hardness_range,Discharged_vickers_hardness_mean,Discharged_vickers_hardness_std,Discharged_electrical_resistivity_min,Discharged_electrical_resistivity_max,Discharged_electrical_resistivity_range,Discharged_electrical_resistivity_mean,Discharged_electrical_resistivity_std,Charged_Z_min,Charged_Z_max,Charged_Z_range,Charged_Z_mean,Charged_Z_std,Charged_mendeleev_no_min,Charged_mendeleev_no_max,Charged_mendeleev_no_range,Charged_mendeleev_no_mean,Charged_mendeleev_no_std,Charged_atomic_mass_min,Charged_atomic_mass_max,Charged_atomic_mass_range,Charged_atomic_mass_mean,Charged_atomic_mass_std,Charged_melting_point_min,Charged_melting_point_max,Charged_melting_point_range,Charged_melting_point_mean,Charged_melting_point_std,Charged_group_min,Charged_group_max,Charged_group_range,Charged_group_mean,Charged_group_std,Charged_row_min,Charged_row_max,Charged_row_range,Charged_row_mean,Charged_row_std,Charged_atomic_radius_min,Charged_atomic_radius_max,Charged_atomic_radius_range,Charged_atomic_radius_mean,Charged_atomic_radius_std,Charged_X_min,Charged_X_max,Charged_X_range,Charged_X_mean,Charged_X_std,Charged_boiling_point_min,Charged_boiling_point_max,Charged_boiling_point_range,Charged_boiling_point_mean,Charged_boiling_point_std,Charged_density_of_solid_min,Charged_density_of_solid_max,Charged_density_of_solid_range,Charged_density_of_solid_mean,Charged_density_of_solid_std,Charged_molar_volume_min,Charged_molar_volume_max,Charged_molar_volume_range,Charged_molar_volume_mean,Charged_molar_volume_std,Charged_thermal_conductivity_min,Charged_thermal_conductivity_max,Charged_thermal_conductivity_range,Charged_thermal_conductivity_mean,Charged_thermal_conductivity_std,Charged_max_oxidation_state_min,Charged_max_oxidation_state_max,Charged_max_oxidation_state_range,Charged_max_oxidation_state_mean,Charged_max_oxidation_state_std,Charged_min_oxidation_state_min,Charged_min_oxidation_state_max,Charged_min_oxidation_state_range,Charged_min_oxidation_state_mean,Charged_min_oxidation_state_std,Charged_coefficient_of_linear_thermal_expansion_min,Charged_coefficient_of_linear_thermal_expansion_max,Charged_coefficient_of_linear_thermal_expansion_range,Charged_coefficient_of_linear_thermal_expansion_mean,Charged_coefficient_of_linear_thermal_expansion_std,Charged_bulk_modulus_min,Charged_bulk_modulus_max,Charged_bulk_modulus_range,Charged_bulk_modulus_mean,Charged_bulk_modulus_std,Charged_youngs_modulus_min,Charged_youngs_modulus_max,Charged_youngs_modulus_range,Charged_youngs_modulus_mean,Charged_youngs_modulus_std,Charged_brinell_hardness_min,Charged_brinell_hardness_max,Charged_brinell_hardness_range,Charged_brinell_hardness_mean,Charged_brinell_hardness_std,Charged_rigidity_modulus_min,Charged_rigidity_modulus_max,Charged_rigidity_modulus_range,Charged_rigidity_modulus_mean,Charged_rigidity_modulus_std,Charged_mineral_hardness_min,Charged_mineral_hardness_max,Charged_mineral_hardness_range,Charged_mineral_hardness_mean,Charged_mineral_hardness_std,Charged_vickers_hardness_min,Charged_vickers_hardness_max,Charged_vickers_hardness_range,Charged_vickers_hardness_mean,Charged_vickers_hardness_std,Charged_electrical_resistivity_min,Charged_electrical_resistivity_max,Charged_electrical_resistivity_range,Charged_electrical_resistivity_mean,Charged_electrical_resistivity_std,Working_Ion_Atomic_Mass,Working_Ion_Atomic_Radius,Working_Ion_Electronegativity,Working_Ion_Ionization_Energy,Working_Ion_Average_Ionic_Radius,Fraction_Charged,Fraction_Discharged,Fraction_Interval,Space_Group_Number,Lattice_cubic,Lattice_hexagonal,Lattice_monoclinic,Lattice_orthorhombic,Lattice_tetragonal,Lattice_triclinic,Lattice_trigonal,Average Voltage (V)
Na,Na0-2AgAsF6,AgAsF6,Na2AgAsF6,mp-aaaaccyz,9.0,47.0,38.0,15.6,12.619033243477883,11.0,102.0,91.0,79.4,35.474497882281575,18.9984032,107.8682,88.8697968,34.275975776,29.53483450406401,53.53,1234.93,1181.4,338.785,431.0082623163969,1.0,17.0,16.0,13.0,6.260990336999411,2.0,5.0,3.0,2.7,1.004987562112089,0.5,1.8,1.3,0.935,0.5585919798923002,0.93,3.98,3.05,2.985,1.2707183008047065,85.03,2435.0,2349.97,614.4180000000001,752.127104827369,968.0,10490.0,9522.0,4538.25,3947.461993167256,10.27,23.78,13.510000000000002,13.798,5.029355425897041,0.0277,430.0,429.9723,76.01662,129.92872640086026,-1.0,5.0,6.0,0.4,2.009975124224178,-3.0,1.0,4.0,-1.0,0.8944271909999159,1.89e-05,7.1e-05,5.2100000000000006e-05,5.363333333333333e-05,2.456017553321275e-05,6.3,100.0,93.7,33.65,38.83970262502019,8.0,83.0,75.0,27.75,31.90905044027478,0.69,1440.0,1439.31,366.47,619.8790524368444,3.3,30.0,26.7,12.2,12.586500705120546,0.5,3.5,3.0,1.75,1.299038105676658,251.0,251.0,0.0,251.0,0.0,1.587e-08,3.33e-07,3.1713e-07,1.1106750000000001e-07,1.2879002161949504e-07,9.0,47.0,38.0,16.75,13.872184399005082,71.0,102.0,31.0,96.5,10.535653752852738,18.9984032,107.8682,88.8697968,37.0975274,32.41261010229779,53.53,1234.93,1181.4,330.76375,481.5479731796589,11.0,17.0,6.0,16.0,2.0,2.0,5.0,3.0,2.625,1.1110243021644486,0.5,1.6,1.1,0.71875,0.3952352938440594,1.93,3.98,2.05,3.49875,0.8358893093586016,85.03,2435.0,2349.97,479.0225,784.5121223848296,5727.0,10490.0,4763.0,8108.5,2381.5,10.27,12.95,2.68,11.302499999999998,0.6931224639268301,0.0277,430.0,429.9723,60.020775,140.7924257333003,-1.0,5.0,6.0,0.25,2.222048604328897,-3.0,1.0,4.0,-1.0,1.0,1.89e-05,1.89e-05,0.0,1.89e-05,0.0,22.0,100.0,78.0,61.0,39.0,8.0,83.0,75.0,45.5,37.5,24.5,1440.0,1415.5,732.25,707.75,30.0,30.0,0.0,30.0,0.0,2.5,3.5,1.0,3.0,0.5,251.0,251.0,0.0,251.0,0.0,1.587e-08,3.33e-07,3.1713e-07,1.74435e-07,1.58565e-07,22.98976928,1.8,0.93,5.13907696,1.16,0.0,0.2,0.2,0.0,0.0,0.0,0.0,0.0,0.0,0.0,0.0,2.364645136551722
Na,Na0-2TiAgF6,TiAgF6,Na2TiAgF6,mp-aaaaapzu,9.0,47.0,38.0,14.5,11.482595525402782,11.0,102.0,91.0,75.6,36.26899502329779,18.9984032,107.8682,88.8697968,31.570515776,26.80022112708632,53.53,1941.0,1887.47,423.885,615.469743517096,1.0,17.0,16.0,11.9,6.759437846448475,2.0,5.0,3.0,2.7,1.004987562112089,0.5,1.8,1.3,0.96,0.5730619512757762,0.93,3.98,3.05,2.9210000000000003,1.3246240976216612,85.03,3560.0,3474.97,881.7180000000001,1163.8131847577602,968.0,10490.0,9522.0,4233.25,3890.5518487098975,10.27,23.78,13.510000000000002,13.567,5.115314359841436,0.0277,430.0,429.9723,73.21662,130.7582770464249,-1.0,4.0,5.0,0.3000000000000001,1.7916472867168918,-1.0,1.0,2.0,-0.8,0.6000000000000001,8.6e-06,7.1e-05,6.24e-05,4.2375e-05,2.8855707840910784e-05,6.3,110.0,103.7,55.65,49.47648431325735,10.0,116.0,106.0,54.75,46.24594576825086,0.69,716.0,715.31,185.47,306.4558363777724,3.3,44.0,40.7,20.15,17.56196173552374,0.5,6.0,5.5,2.375,2.246525094451429,251.0,970.0,719.0,610.5,359.5,1.587e-08,4.2e-07,4.0413e-07,1.328175e-07,1.6631332153122914e-07,9.0,47.0,38.0,15.375,12.687961814255274,51.0,102.0,51.0,91.75,18.444172521422587,18.9984032,107.8682,88.8697968,33.7157024,29.57711424931381,53.53,1941.0,1887.47,437.13875,687.4775974793197,4.0,17.0,13.0,14.625,4.470388685561916,2.0,5.0,3.0,2.625,1.1110243021644486,0.5,1.6,1.1,0.75,0.4358898943540673,1.54,3.98,2.44,3.41875,0.976990756097518,85.03,3560.0,3474.97,813.1475,1292.1171943437446,4507.0,10490.0,5983.0,7498.5,2991.5,10.27,11.2,0.9299999999999996,11.013749999999998,0.3355941559383891,0.0277,430.0,429.9723,56.520775,141.3449771617898,-1.0,4.0,5.0,0.125,1.964529205687714,-1.0,1.0,2.0,-0.75,0.6614378277661477,8.6e-06,1.89e-05,1.0299999999999998e-05,1.375e-05,5.149999999999999e-06,100.0,110.0,10.0,105.0,5.0,83.0,116.0,33.0,99.5,16.5,24.5,716.0,691.5,370.25,345.75,30.0,44.0,14.0,37.0,7.0,2.5,6.0,3.5,4.25,1.75,251.0,970.0,719.0,610.5,359.5,1.587e-08,4.2e-07,4.0413e-07,2.17935e-07,2.02065e-07,22.98976928,1.8,0.93,5.13907696,1.16,0.0,0.2,0.2,0.0,0.0,0.0,0.0,0.0,0.0,0.0,0.0,2.412688231551723
Na,Na0-1Mn3Ag(PO4)3,Mn3Ag(PO4)3,NaMn3Ag(PO4)3,mp-aaacrnsr,8.0,47.0,39.0,13.7,9.731906288081488,11.0,101.0,90.0,87.19999999999999,23.01868805992209,15.9994,107.8682,91.8688,29.029309514,22.709601067037063,54.8,1519.0,1464.2,388.615,543.245876528299,1.0,16.0,15.0,13.5,4.306971093471605,2.0,5.0,3.0,2.65,0.9096702699330126,0.6,1.8,1.2000000000000002,0.89,0.3973663297261106,0.93,3.44,2.51,2.768,0.8646479052192284,90.2,2435.0,2344.8,666.27,886.9906206381215,968.0,10490.0,9522.0,4917.125,3444.649199755325,7.35,23.78,16.43,15.774,4.135962282226471,0.02658,430.0,429.97342,29.721348000000003,96.6994118459918,1.0,7.0,6.0,3.2,1.939071942966532,-3.0,1.0,4.0,-2.1,0.8888194417315589,1.89e-05,7.1e-05,5.2100000000000006e-05,3.1e-05,2.0029378422706983e-05,6.3,120.0,113.7,62.4125,52.96240264329026,10.0,198.0,188.0,137.4,77.72670068901677,0.69,196.0,195.31,122.638,90.16466145891084,3.3,30.0,26.7,16.65,13.35,0.5,6.0,5.5,4.199999999999999,2.293468988235943,251.0,251.0,0.0,251.0,0.0,1.587e-08,1.44e-06,1.42413e-06,5.854462499999999e-07,6.625093068957125e-07,8.0,47.0,39.0,13.842105263157894,9.964479852243256,60.0,101.0,41.0,91.21052631578948,15.364274855269116,15.9994,107.8682,91.8688,29.34718005263158,23.25615229787146,54.8,1519.0,1464.2,389.54894736842107,557.3428591081902,7.0,16.0,9.0,14.157894736842104,3.2969388975507,2.0,5.0,3.0,2.631578947368421,0.929659038560826,0.6,1.6,1.0,0.8421052631578947,0.3468896221744017,1.55,3.44,1.89,2.864736842105263,0.774470062763141,90.2,2435.0,2344.8,640.4947368421052,902.7032160616736,1823.0,10490.0,8667.0,5481.285714285714,3318.806485740908,7.35,17.36,10.01,15.352631578947369,3.80203663165894,0.02658,430.0,429.97342,23.917208421052635,95.75573948759072,2.0,7.0,5.0,3.31578947368421,1.9208723779889116,-3.0,1.0,4.0,-2.1578947368421053,0.8743814592545343,1.89e-05,2.17e-05,2.8000000000000003e-06,2.1e-05,1.2124355652982142e-06,11.0,120.0,109.0,70.42857142857142,51.88134028133579,83.0,198.0,115.0,169.25,49.79646071760522,24.5,196.0,171.5,153.125,74.26167837451561,30.0,30.0,0.0,30.0,0.0,2.5,6.0,3.5,5.125,1.5155444566227676,251.0,251.0,0.0,251.0,0.0,1.587e-08,1.44e-06,1.42413e-06,6.622671428571428e-07,6.740991318941214e-07,22.98976928,1.8,0.93,5.13907696,1.16,0.0,0.05,0.05,0.0,0.0,0.0,0.0,0.0,0.0,0.0,0.0,4.169085676551706
Na,Na0-1AgO,AgO,NaAgO,mp-aaaaameg,8.0,47.0,39.0,22.0,17.72004514666935,11.0,101.0,90.0,61.0,37.416573867739416,15.9994,107.8682,91.8688,48.95245642666667,41.75735421269542,54.8,1234.93,1180.13,553.5333333333333,498.79930782719504,1.0,16.0,15.0,9.333333333333332,6.236095644623235,2.0,5.0,3.0,3.333333333333333,1.247219128924647,0.6,1.8,1.2000000000000002,1.3333333333333333,0.5249338582674541,0.93,3.44,2.51,2.1,1.031729938824432,90.2,2435.0,2344.8,1227.0666666666666,958.578674682238,968.0,10490.0,9522.0,5729.0,4761.0,10.27,23.78,13.510000000000002,17.136666666666667,5.517694768248382,0.02658,430.0,429.97342,190.00886,179.0622797343591,1.0,3.0,2.0,2.0,0.816496580927726,-2.0,1.0,3.0,-0.6666666666666666,1.247219128924647,1.89e-05,7.1e-05,5.2100000000000006e-05,4.495e-05,2.6050000000000003e-05,6.3,100.0,93.7,53.15,46.85,10.0,83.0,73.0,46.5,36.5,0.69,24.5,23.81,12.595,11.905,3.3,30.0,26.7,16.65,13.35,0.5,2.5,2.0,1.5,1.0,251.0,251.0,0.0,251.0,0.0,1.587e-08,4.77e-08,3.183e-08,3.1785e-08,1.5915e-08,8.0,47.0,39.0,27.5,19.5,71.0,101.0,30.0,86.0,15.0,15.9994,107.8682,91.8688,61.9338,45.9344,54.8,1234.93,1180.13,644.865,590.065,11.0,16.0,5.0,13.5,2.5,2.0,5.0,3.0,3.5,1.5,0.6,1.6,1.0,1.1,0.5,1.93,3.44,1.51,2.685,0.755,90.2,2435.0,2344.8,1262.6,1172.4,10490.0,10490.0,0.0,10490.0,0.0,10.27,17.36,7.09,13.815,3.545,0.02658,430.0,429.97342,215.01329,214.98671,2.0,3.0,1.0,2.5,0.5,-2.0,1.0,3.0,-0.5,1.5,1.89e-05,1.89e-05,0.0,1.89e-05,0.0,100.0,100.0,0.0,100.0,0.0,83.0,83.0,0.0,83.0,0.0,24.5,24.5,0.0,24.5,0.0,30.0,30.0,0.0,30.0,0.0,2.5,2.5,0.0,2.5,0.0,251.0,251.0,0.0,251.0,0.0,1.587e-08,1.587e-08,0.0,1.587e-08,0.0,22.98976928,1.8,0.93,5.13907696,1.16,0.0,0.333333333333333,0.333333333333333,0.0,0.0,0.0,0.0,0.0,0.0,0.0,0.0,1.986622916551724
Na,Na2-3BiBAsO7,Na2BiBAsO7,Na3BiBAsO7,mp-aaacoygu,5.0,83.0,78.0,16.153846153846153,20.421881755554992,11.0,101.0,90.0,77.07692307692307,36.61118269360951,10.811,208.9804,198.1694,36.59062368000001,52.164699891560176,54.8,2349.0,2294.2,421.5084615384616,627.9530439187821,1.0,16.0,15.0,12.153846153846152,6.162493923806071,2.0,6.0,4.0,2.692307692307692,1.135755620017954,0.6,1.8,1.2000000000000002,1.015384615384615,0.5145515655495254,0.93,3.44,2.51,2.546923076923077,1.041289028193751,90.2,4200.0,4109.8,847.9538461538463,1127.2827729445326,968.0,9780.0,8812.0,3478.5,3284.0479975176977,4.39,23.78,19.39,17.808461538461536,4.994659988664581,0.02658,140.0,139.97342,38.86046615384616,57.15110817920797,1.0,5.0,4.0,2.3076923076923075,1.2639751327042297,-3.0,1.0,4.0,-1.6923076923076923,0.9910845174403944,6e-06,7.1e-05,6.500000000000001e-05,4.648e-05,3.0121779495906284e-05,6.3,320.0,313.7,65.31666666666666,114.28507363411704,8.0,32.0,24.0,14.0,9.033271832508971,0.69,1440.0,1439.31,307.254,567.5297288636077,3.3,12.0,8.7,5.475,3.767210506462308,0.5,9.3,8.8,2.758333333333333,3.133211433799017,49000.0,49000.0,0.0,49000.0,0.0,4.77e-08,15000.0,14999.9999999523,2500.0000002943502,5590.169943617837,5.0,83.0,78.0,16.583333333333332,21.19928588944029,11.0,101.0,90.0,82.58333333333334,32.52552416521865,10.811,208.9804,198.1694,37.72402821333333,54.14073357283068,54.8,2349.0,2294.2,425.72833333333335,653.4171324765588,1.0,16.0,15.0,13.083333333333334,5.468978169843268,2.0,6.0,4.0,2.666666666666667,1.1785113019775793,0.6,1.8,1.2000000000000002,0.95,0.4808846015417836,0.93,3.44,2.51,2.681666666666666,0.9688208755435076,90.2,4200.0,4109.8,822.2833333333333,1169.6567771739233,968.0,9780.0,8812.0,3980.6,3380.7305482691163,4.39,23.78,19.39,17.310833333333335,4.879167378309086,0.02658,140.0,139.97342,30.432171666666665,51.13674484269373,1.0,5.0,4.0,2.416666666666667,1.2555432644432802,-3.0,1.0,4.0,-1.75,1.010362971081845,6e-06,7.1e-05,6.500000000000001e-05,4.0350000000000005e-05,3.076146127868441e-05,6.3,320.0,313.7,77.12,121.80879114415347,8.0,32.0,24.0,15.0,9.848857801796104,0.69,1440.0,1439.31,383.895,610.9363936000212,3.3,12.0,8.7,6.199999999999999,4.101219330881976,0.5,9.3,8.8,3.2100000000000004,3.249061402928544,49000.0,49000.0,0.0,49000.0,0.0,4.77e-08,15000.0,14999.9999999523,3000.00000034368,5999.99999982816,22.98976928,1.8,0.93,5.13907696,1.16,0.166666666666666,0.23076923076923,0.064102564102564,0.0,0.0,0.0,0.0,0.0,0.0,0.0,0.0,3.620408901551716
Na,Na2-3CoBAsO7,Na2CoBAsO7,Na3CoBAsO7,mp-aaabrxrj,5.0,33.0,28.0,11.846153846153848,7.98889762151829,11.0,101.0,90.0,75.3076923076923,36.64462310308108,10.811,74.9216,64.1106,25.04853098769231,18.447688321498457,54.8,2349.0,2294.2,515.6315384615384,723.7186802453663,1.0,16.0,15.0,11.692307692307692,6.156730093465766,2.0,4.0,2.0,2.5384615384615383,0.7457969011409737,0.6,1.8,1.2000000000000002,0.9961538461538462,0.496705120097791,0.93,3.44,2.51,2.536153846153846,1.047388976760331,90.2,4200.0,4109.8,952.8,1268.8870762631686,968.0,8900.0,7932.0,3331.833333333333,3007.338824535,4.39,23.78,19.39,16.682307692307692,5.681439625043793,0.02658,140.0,139.97342,45.937389230769234,58.570034648907736,1.0,5.0,4.0,2.3076923076923075,1.2639751327042297,-3.0,1.0,4.0,-1.5384615384615383,0.9294650748918902,6e-06,7.1e-05,6.500000000000001e-05,4.64e-05,3.0209932141598733e-05,6.3,320.0,313.7,90.15,120.1671994902658,8.0,209.0,201.0,49.400000000000006,79.80375930994731,0.69,1440.0,1439.31,428.414,573.7436102162708,3.3,75.0,71.7,21.225,31.047010725672123,0.5,9.3,8.8,3.216666666666667,3.225118430211345,1043.0,49000.0,47957.0,25021.5,23978.5,4.77e-08,15000.0,14999.9999999523,2500.0000000897503,5590.169943709337,5.0,33.0,28.0,11.916666666666668,8.31122066178542,11.0,101.0,90.0,80.66666666666667,32.88447793243628,10.811,74.9216,64.1106,25.22009446333333,19.1909960424366,54.8,2349.0,2294.2,527.6949999999999,752.0134771343309,1.0,16.0,15.0,12.583333333333334,5.544642058379923,2.0,4.0,2.0,2.5,0.7637626158259734,0.6,1.8,1.2000000000000002,0.9291666666666668,0.4571006149877969,0.93,3.44,2.51,2.67,0.9775223782604672,90.2,4200.0,4109.8,935.8666666666666,1319.2875686857997,968.0,8900.0,7932.0,3804.6,3084.129413627126,4.39,23.78,19.39,16.090833333333336,5.515497043684176,0.02658,140.0,139.97342,38.098838333333326,54.01446346217616,1.0,5.0,4.0,2.416666666666667,1.2555432644432802,-3.0,1.0,4.0,-1.5833333333333337,0.9537935951882998,6e-06,7.1e-05,6.500000000000001e-05,4.025e-05,3.084943273384456e-05,6.3,320.0,313.7,106.92000000000002,125.06314245212296,8.0,209.0,201.0,59.25,86.46205815269494,0.69,1440.0,1439.31,535.345,595.2360615965737,3.3,75.0,71.7,27.2,33.79970414071697,0.5,9.3,8.8,3.7600000000000007,3.2726747470532422,1043.0,49000.0,47957.0,25021.5,23978.5,4.77e-08,15000.0,14999.9999999523,3000.00000009816,5999.99999995092,22.98976928,1.8,0.93,5.13907696,1.16,0.166666666666666,0.23076923076923,0.064102564102564,0.0,0.0,0.0,0.0,0.0,0.0,0.0,0.0,3.710628494051722
Na,Na2-3VBAsO7,Na2VBAsO7,Na3VBAsO7,mp-aaabrzuc,5.0,33.0,28.0,11.53846153846154,7.4587623701707075,11.0,101.0,90.0,74.53846153846153,36.97736393777932,10.811,74.9216,64.1106,24.433785218461537,17.412387689511498,54.8,2349.0,2294.2,547.5546153846154,784.8290461536134,1.0,16.0,15.0,11.384615384615383,6.379516035881641,2.0,4.0,2.0,2.5384615384615383,0.7457969011409737,0.6,1.8,1.2000000000000002,0.9961538461538462,0.496705120097791,0.93,3.44,2.51,2.516923076923077,1.0614604207656877,90.2,4200.0,4109.8,989.723076923077,1338.7984361151528,968.0,6110.0,5142.0,2866.833333333333,2224.14406133136,4.39,23.78,19.39,16.80923076923077,5.4708759832104255,0.02658,140.0,139.97342,40.62969692307693,56.520905192191215,1.0,5.0,4.0,2.3076923076923075,1.2639751327042297,-3.0,1.0,4.0,-1.5384615384615383,0.9294650748918902,6e-06,7.1e-05,6.500000000000001e-05,4.548e-05,3.126470214155254e-05,6.3,320.0,313.7,86.81666666666666,117.8843135828041,8.0,128.0,120.0,33.2,47.40632869143106,0.69,1440.0,1439.31,414.014,567.6173829825862,3.3,47.0,43.7,14.225,18.922655072689984,0.5,9.3,8.8,3.55,3.485087277721081,628.0,49000.0,48372.0,24814.0,24186.0,4.77e-08,15000.0,14999.9999999523,2500.0000001121834,5590.169943699304,5.0,33.0,28.0,11.583333333333334,7.7616400042488145,11.0,101.0,90.0,79.83333333333334,33.418640839441025,10.811,74.9216,64.1106,24.55411988,18.11819352301329,54.8,2349.0,2294.2,562.2783333333334,815.1491327852564,1.0,16.0,15.0,12.25,5.8612427578685615,2.0,4.0,2.0,2.5,0.7637626158259734,0.6,1.8,1.2000000000000002,0.9291666666666668,0.4571006149877969,0.93,3.44,2.51,2.649166666666667,0.9966147561732276,90.2,4200.0,4109.8,975.8666666666666,1392.5696950442211,968.0,6110.0,5142.0,3246.6,2251.853423293798,4.39,23.78,19.39,16.22833333333333,5.295087083535286,0.02658,140.0,139.97342,32.348838333333326,50.68911524124383,1.0,5.0,4.0,2.416666666666667,1.2555432644432802,-3.0,1.0,4.0,-1.5833333333333337,0.9537935951882998,6e-06,7.1e-05,6.500000000000001e-05,3.91e-05,3.19112832709686e-05,6.3,320.0,313.7,102.92000000000002,122.96401750105598,8.0,128.0,120.0,39.0,51.39066063011839,0.69,1440.0,1439.31,517.345,591.0587018435647,3.3,47.0,43.7,17.866666666666667,20.600377558568084,0.5,9.3,8.8,4.16,3.5131752020074383,628.0,49000.0,48372.0,24814.0,24186.0,4.77e-08,15000.0,14999.9999999523,3000.00000012508,5999.99999993746,22.98976928,1.8,0.93,5.13907696,1.16,0.166666666666666,0.23076923076923,0.064102564102564,0.0,0.0,0.0,0.0,0.0,0.0,0.0,0.0,2.894381646551725
Na,Na1-3BiAsCO7,NaBiAsCO7,Na3BiAsCO7,mp-aaabrtou,6.0,83.0,77.0,16.23076923076923,20.38156726122083,11.0,101.0,90.0,77.76923076923077,36.85763431231841,12.0107,208.9804,196.9697,36.68290829538462,52.12005359616624,54.8,3800.0,3745.2,533.1238461538462,986.9632076108588,1.0,16.0,15.0,12.23076923076923,6.178795577853293,2.0,6.0,4.0,2.6923076923076925,1.135755620017954,0.6,1.8,1.2000000000000002,1.0038461538461538,0.5197860278931125,0.93,3.44,2.51,2.586153846153846,1.0310080090828098,90.2,4300.0,4209.8,855.6461538461539,1150.237562496337,968.0,9780.0,8812.0,3446.333333333333,3294.7941092308365,5.29,23.78,18.49,17.877692307692307,4.811050027474658,0.02658,140.0,139.97342,47.55277384615384,62.982013940153465,1.0,5.0,4.0,2.3846153846153846,1.3323467750529827,-4.0,-1.0,3.0,-2.0769230769230766,0.8284868934053082,7.1e-06,7.1e-05,6.390000000000001e-05,4.67e-05,2.98279063965274e-05,6.3,33.0,26.7,17.483333333333334,11.683808834831597,8.0,32.0,24.0,14.0,9.033271832508971,0.69,1440.0,1439.31,307.254,567.5297288636077,3.3,12.0,8.7,5.475,3.767210506462308,0.5,3.5,3.0,1.2916666666666663,1.176299517791092,628.0,970.0,0.0,706.0,0.0,4.77e-08,1e-05,9.9523e-06,1.9610166666666662e-06,3.621884791751696e-06,6.0,83.0,77.0,17.181818181818183,22.02402895111767,11.0,101.0,90.0,89.9090909090909,25.446752053703133,12.0107,208.9804,196.9697,39.17256993454546,56.30381316913401,54.8,3800.0,3745.2,562.6245454545455,1070.3027195515008,1.0,16.0,15.0,14.272727272727272,4.2445881927013644,2.0,6.0,4.0,2.636363636363636,1.2264306875665492,0.6,1.8,1.2000000000000002,0.8590909090909091,0.4279008922095385,0.93,3.44,2.51,2.887272727272727,0.8166237690425678,90.2,4300.0,4209.8,801.0363636363637,1242.6648222653878,968.0,9780.0,8812.0,4685.5,3417.147970164593,5.29,23.78,18.49,16.804545454545455,4.457456191874391,0.02658,140.0,139.97342,30.744187272727277,53.39965047877528,1.0,5.0,4.0,2.6363636363636367,1.2984415324623364,-4.0,-1.0,3.0,-2.2727272727272725,0.7496555682941201,7.1e-06,7.1e-05,6.390000000000001e-05,3.0500000000000003e-05,2.8753086790812568e-05,6.3,33.0,26.7,23.075,10.534081592621162,8.0,32.0,24.0,16.666666666666668,10.873004286866728,0.69,1440.0,1439.31,511.63000000000005,657.5658003576524,3.3,12.0,8.7,7.65,4.35,0.5,3.5,3.0,1.6875,1.2670709332945809,628.0,970.0,0.0,716.75,0.0,4.77e-08,1e-05,9.9523e-06,2.917675e-06,4.114789018512979e-06,22.98976928,1.8,0.93,5.13907696,1.16,0.09090909090909,0.23076923076923,0.13986013986014,0.0,0.0,0.0,0.0,0.0,0.0,0.0,0.0,2.6098949865517262
Na,Na2-3FeBAsO7,Na2FeBAsO7,Na3FeBAsO7,mp-aaabravq,5.0,33.0,28.0,11.76923076923077,7.846153846153846,11.0,101.0,90.0,75.07692307692307,36.72446583045892,10.811,74.9216,64.1106,24.81097752615385,18.02485910385528,54.8,2349.0,2294.2,518.9392307692308,729.5100527958319,1.0,16.0,15.0,11.615384615384617,6.196009404800698,2.0,4.0,2.0,2.5384615384615383,0.7457969011409737,0.6,1.8,1.2000000000000002,1.0,0.4996152365724895,0.93,3.44,2.51,2.5323076923076924,1.0498802411275578,90.2,4200.0,4109.8,947.723076923077,1259.986504295152,968.0,7874.0,6906.0,3160.833333333333,2699.2552316436386,4.39,23.78,19.39,16.714615384615385,5.62532954984672,0.02658,140.0,139.97342,44.398927692307694,57.38035230776823,1.0,6.0,5.0,2.3846153846153846,1.4432048491764398,-3.0,1.0,4.0,-1.6153846153846154,0.9230769230769232,6e-06,7.1e-05,6.500000000000001e-05,4.616e-05,3.0477900190137773e-05,6.3,320.0,313.7,88.48333333333333,118.9728738924223,8.0,211.0,203.0,49.8,80.60372199842884,0.69,1440.0,1439.31,386.414,559.8432872367052,3.3,82.0,78.7,22.975,34.078099638917664,0.5,9.3,8.8,3.05,3.153701528891619,608.0,49000.0,48392.0,24804.0,24196.0,4.77e-08,15000.0,14999.9999999523,2500.000000095367,5590.169943706825,5.0,33.0,28.0,11.833333333333334,8.163264597505638,11.0,101.0,90.0,80.41666666666667,33.021352519577725,10.811,74.9216,64.1106,24.96274488,18.7528862108558,54.8,2349.0,2294.2,531.2783333333333,757.9936446614986,1.0,16.0,15.0,12.5,5.605057240266746,2.0,4.0,2.0,2.5,0.7637626158259734,0.6,1.8,1.2000000000000002,0.9333333333333332,0.4611278444085641,0.93,3.44,2.51,2.665833333333333,0.9809812972506434,90.2,4200.0,4109.8,930.3666666666666,1309.9415911490946,968.0,7874.0,6906.0,3599.4,2754.8376068291213,4.39,23.78,19.39,16.125833333333333,5.456622059988721,0.02658,140.0,139.97342,36.43217166666666,52.36201498325636,1.0,6.0,5.0,2.5,1.4433756729740643,-3.0,1.0,4.0,-1.6666666666666667,0.9428090415820634,6e-06,7.1e-05,6.500000000000001e-05,3.995e-05,3.111763969198178e-05,6.3,320.0,313.7,104.92000000000002,123.9534977320124,8.0,211.0,203.0,59.75,87.32804532336677,0.69,1440.0,1439.31,482.845,587.6103675268162,3.3,82.0,78.7,29.53333333333333,37.099535786254194,0.5,9.3,8.8,3.5600000000000005,3.2209315422715834,608.0,49000.0,48392.0,24804.0,24196.0,4.77e-08,15000.0,14999.9999999523,3000.0000001049,5999.999999947549,22.98976928,1.8,0.93,5.13907696,1.16,0.166666666666666,0.23076923076923,0.064102564102564,0.0,0.0,0.0,0.0,0.0,0.0,0.0,0.0,3.612905546551719
Na,Na2-3MnBAsO7,Na2MnBAsO7,Na3MnBAsO7,mp-aaabrwue,5.0,33.0,28.0,11.692307692307692,7.7099797005082,11.0,101.0,90.0,75.0,36.75490548107935,10.811,74.9216,64.1106,24.74121175692308,17.90596905962046,54.8,2349.0,2294.2,496.4776923076924,692.961629764191,1.0,16.0,15.0,11.538461538461538,6.24641909251132,2.0,4.0,2.0,2.5384615384615383,0.7457969011409737,0.6,1.8,1.2000000000000002,1.0,0.4996152365724895,0.93,3.44,2.51,2.51076923076923,1.0668029991770993,90.2,4200.0,4109.8,886.1846153846155,1167.8739406724403,968.0,7470.0,6502.0,3093.5,2583.39723039257,4.39,23.78,19.39,16.734615384615385,5.591435229795128,0.02658,140.0,139.97342,38.84508153846154,57.15943980790007,1.0,7.0,6.0,2.4615384615384617,1.6462257353102077,-3.0,1.0,4.0,-1.6923076923076923,0.9910845174403944,6e-06,7.1e-05,6.500000000000001e-05,4.814e-05,2.843445796916129e-05,6.3,320.0,313.7,80.14999999999999,114.64360354303824,8.0,198.0,190.0,47.2,75.40397867486836,0.69,1440.0,1439.31,327.61400000000003,561.3132393450203,3.3,3.3,0.0,3.3,0.0,0.5,9.3,8.8,3.383333333333333,3.336873120486037,49000.0,49000.0,0.0,49000.0,0.0,4.77e-08,15000.0,14999.9999999523,2500.00000031935,5590.169943606657,5.0,33.0,28.0,11.75,8.022104877565903,11.0,101.0,90.0,80.33333333333334,33.07147142511537,10.811,74.9216,64.1106,24.887165296666662,18.6296924369718,54.8,2349.0,2294.2,506.945,720.2692550648449,1.0,16.0,15.0,12.416666666666668,5.678296888641484,2.0,4.0,2.0,2.5,0.7637626158259734,0.6,1.8,1.2000000000000002,0.9333333333333332,0.4611278444085641,0.93,3.44,2.51,2.6425,1.0036527038771927,90.2,4200.0,4109.8,863.6999999999999,1212.855343119423,968.0,7470.0,6502.0,3518.6,2631.438663545096,4.39,23.78,19.39,16.1475,5.421100941383279,0.02658,140.0,139.97342,30.415505,51.144085363978064,1.0,7.0,6.0,2.583333333333333,1.6562172428626492,-3.0,1.0,4.0,-1.75,1.010362971081845,6e-06,7.1e-05,6.500000000000001e-05,4.242500000000001e-05,2.9109137311160565e-05,6.3,320.0,313.7,94.92,120.26167136706523,8.0,198.0,190.0,56.5,81.69914320236168,0.69,1440.0,1439.31,409.345,600.367311755895,3.3,3.3,0.0,3.3,0.0,0.5,9.3,8.8,3.960000000000001,3.371409200912877,49000.0,49000.0,0.0,49000.0,0.0,4.77e-08,15000.0,14999.9999999523,3000.00000037368,5999.99999981316,22.98976928,1.8,0.93,5.13907696,1.16,0.166666666666666,0.23076923076923,0.064102564102564,0.0,0.0,0.0,0.0,0.0,0.0,0.0,0.0,3.503137209051718
Na,Na4-6Bi2As(CO4)4,Na4Bi2As(CO4)4,Na6Bi2As(CO4)4,mp-aaabrtqt,6.0,83.0,77.0,14.379310344827584,19.266576012579755,11.0,101.0,90.0,80.17241379310346,35.57417599357543,12.0107,208.9804,196.9697,32.23635226482759,49.36369911353128,54.8,3800.0,3745.2,706.2351724137932,1258.7607926123508,1.0,16.0,15.0,12.517241379310343,5.92260828873023,2.0,6.0,4.0,2.5517241379310347,1.0695215461566083,0.6,1.8,1.2000000000000002,0.95,0.5061688419408332,0.93,3.44,2.51,2.656551724137931,0.9963633039868088,90.2,4300.0,4209.8,1039.3172413793104,1418.0957377507602,968.0,9780.0,8812.0,3089.4615384615386,3115.6254493806537,5.29,23.78,18.49,17.143793103448274,5.506533682687606,0.02658,140.0,139.97342,50.56638896551724,65.51551019483462,1.0,5.0,4.0,2.3793103448275863,1.2432935432634449,-4.0,-1.0,3.0,-2.1724137931034484,0.9123280382981348,7.1e-06,7.1e-05,6.390000000000001e-05,4.01e-05,3.097127701597078e-05,6.3,33.0,26.7,19.52307692307692,12.542797740055006,8.0,32.0,24.0,14.666666666666666,9.285592184789412,0.69,1440.0,1439.31,181.39333333333332,446.6191845658023,3.3,12.0,8.7,5.475,3.767210506462308,0.5,3.5,3.0,1.0,0.9557518184453214,628.0,970.0,0.0,706.0,0.0,4.77e-08,1e-05,9.9523e-06,3.323015384615385e-06,4.471285605324122e-06,6.0,83.0,77.0,14.62962962962963,19.944642180662896,11.0,101.0,90.0,85.29629629629629,31.282245366524887,12.0107,208.9804,196.9697,32.92128433777778,51.092800014132806,54.8,3800.0,3745.2,731.077037037037,1301.1146427605968,1.0,16.0,15.0,13.37037037037037,5.207886812135127,2.0,6.0,4.0,2.518518518518518,1.1011902775791484,0.6,1.8,1.2000000000000002,0.887037037037037,0.466585824861398,0.93,3.44,2.51,2.784444444444444,0.910552674390398,90.2,4300.0,4209.8,1030.674074074074,1469.3110425291904,968.0,9780.0,8812.0,3475.181818181818,3241.1390483252203,5.29,23.78,18.49,16.65222222222222,5.391119813128454,0.02658,140.0,139.97342,43.94167703703703,63.03864036111506,1.0,5.0,4.0,2.4814814814814814,1.2283795519834817,-4.0,-1.0,3.0,-2.259259259259259,0.885797092081585,7.1e-06,7.1e-05,6.390000000000001e-05,3.392e-05,3.036296428216455e-05,6.3,33.0,26.7,21.92727272727273,12.18009485775056,8.0,32.0,24.0,15.999999999999998,10.141851056742198,0.69,1440.0,1439.31,233.02285714285716,494.43353167941547,3.3,12.0,8.7,6.199999999999999,4.101219330881976,0.5,3.5,3.0,1.090909090909091,1.0128309070525996,628.0,970.0,0.0,716.75,0.0,4.77e-08,1e-05,9.9523e-06,3.918527272727273e-06,4.617602430835314e-06,22.98976928,1.8,0.93,5.13907696,1.16,0.148148148148148,0.206896551724137,0.058748403575989,0.0,0.0,0.0,0.0,0.0,0.0,0.0,0.0,2.711236846551731
Na,Na1-3CoAsCO7,NaCoAsCO7,Na3CoAsCO7,mp-aaabryge,6.0,33.0,27.0,11.923076923076923,7.927183401838924,11.0,101.0,90.0,76.0,36.92403844901875,12.0107,74.9216,62.9109,25.140815603076923,18.37910747744676,54.8,3800.0,3745.2,627.246923076923,1040.4464950600968,1.0,16.0,15.0,11.76923076923077,6.178795577853293,2.0,4.0,2.0,2.5384615384615383,0.7457969011409737,0.6,1.8,1.2000000000000002,0.9846153846153848,0.501683556171163,0.93,3.44,2.51,2.5753846153846154,1.0375756905447753,90.2,4300.0,4209.8,960.4923076923076,1288.6975574417036,968.0,8900.0,7932.0,3299.6666666666665,3017.5069547926846,5.29,23.78,18.49,16.751538461538463,5.534822415543036,0.02658,140.0,139.97342,54.62969692307692,63.30801123729595,1.0,5.0,4.0,2.3846153846153846,1.3323467750529827,-4.0,-1.0,3.0,-1.9230769230769231,0.8284868934053083,7.1e-06,7.1e-05,6.390000000000001e-05,4.662e-05,2.991751326564426e-05,6.3,180.0,173.7,42.31666666666666,62.380376633111865,8.0,209.0,201.0,49.400000000000006,79.80375930994731,0.69,1440.0,1439.31,428.414,573.7436102162708,3.3,75.0,71.7,21.225,31.047010725672123,0.5,5.0,4.5,1.7499999999999998,1.8200274723201293,1043.0,1043.0,0.0,1043.0,0.0,4.77e-08,1e-05,9.9523e-06,1.7564166666666667e-06,3.688080159747375e-06,6.0,33.0,27.0,12.09090909090909,8.607127548032455,11.0,101.0,90.0,87.81818181818181,26.52209432913068,12.0107,74.9216,62.9109,25.53191493454545,19.955300379398267,54.8,3800.0,3745.2,673.8609090909091,1124.8238675895768,1.0,16.0,15.0,13.727272727272728,4.494257125203009,2.0,4.0,2.0,2.4545454545454546,0.7820295697311479,0.6,1.8,1.2000000000000002,0.8363636363636364,0.3931752495510165,0.93,3.44,2.51,2.8745454545454545,0.8310055643218547,90.2,4300.0,4209.8,924.9454545454544,1398.027579623675,968.0,8900.0,7932.0,4465.5,3095.241549540197,5.29,23.78,18.49,15.473636363636365,5.058597133462763,0.02658,140.0,139.97342,39.10782363636364,56.30789092139481,1.0,5.0,4.0,2.6363636363636367,1.2984415324623364,-4.0,-1.0,3.0,-2.090909090909091,0.7925270806437589,7.1e-06,7.1e-05,6.390000000000001e-05,3.0366666666666672e-05,2.883289017000474e-05,6.3,180.0,173.7,60.325,69.74286253804041,8.0,209.0,201.0,75.66666666666667,94.2844396258235,0.69,1440.0,1439.31,713.5633333333334,587.6741115240279,3.3,75.0,71.7,39.15,35.85,0.5,5.0,4.5,2.375,1.948557158514987,1043.0,1043.0,0.0,1043.0,0.0,4.77e-08,1e-05,9.9523e-06,2.610775e-06,4.267683026171813e-06,22.98976928,1.8,0.93,5.13907696,1.16,0.09090909090909,0.23076923076923,0.13986013986014,0.0,0.0,0.0,0.0,0.0,0.0,0.0,0.0,3.7624218903017272
Na,Na5-6Co2As(CO4)4,Na5Co2As(CO4)4,Na6Co2As(CO4)4,mp-aaabsjmq,6.0,33.0,27.0,10.517241379310343,6.521162841380745,11.0,101.0,90.0,78.58620689655173,35.74673097316087,12.0107,74.9216,62.9109,21.88826916137931,14.982280368112528,54.8,3800.0,3745.2,790.6213793103448,1285.80688720251,1.0,16.0,15.0,12.103448275862068,5.944251512211446,2.0,4.0,2.0,2.413793103448276,0.6704214515594338,0.6,1.8,1.2000000000000002,0.9327586206896552,0.4876537533079582,0.93,3.44,2.51,2.646896551724138,1.003140253707725,90.2,4300.0,4209.8,1133.3172413793104,1510.0483038789066,968.0,8900.0,7932.0,2954.076923076923,2827.779951768048,5.29,23.78,18.49,16.13413793103448,5.97252012726874,0.02658,140.0,139.97342,56.91121655172414,65.54080087254479,1.0,5.0,4.0,2.3793103448275863,1.2432935432634449,-4.0,-1.0,3.0,-2.034482758620689,0.9278361411774974,7.1e-06,7.1e-05,6.390000000000001e-05,4.0033333333333335e-05,3.1029054484824744e-05,6.3,180.0,173.7,42.44615384615385,59.77930713993077,8.0,209.0,201.0,53.99999999999999,82.85328398239062,0.69,1440.0,1439.31,316.0155555555556,489.3090791471199,3.3,75.0,71.7,21.225,31.047010725672123,0.5,5.0,4.5,1.423076923076923,1.7191920491251544,1043.0,1043.0,0.0,1043.0,0.0,4.77e-08,1e-05,9.9523e-06,3.1341538461538467e-06,4.577825852388107e-06,6.0,33.0,27.0,10.5,6.635941100229438,11.0,101.0,90.0,81.0,33.97793401606401,12.0107,74.9216,62.9109,21.84892987142857,15.246002275876998,54.8,3800.0,3745.2,805.6124999999998,1306.0736883078912,1.0,16.0,15.0,12.5,5.660010095902153,2.0,4.0,2.0,2.392857142857143,0.6729087029077419,0.6,1.8,1.2000000000000002,0.9017857142857142,0.4674173232579562,0.93,3.44,2.51,2.708214285714285,0.966019275064384,90.2,4300.0,4209.8,1132.507142857143,1536.7707055307735,968.0,8900.0,7932.0,3119.583333333333,2882.11731944686,5.29,23.78,18.49,15.861071428571428,5.89767468661876,0.02658,140.0,139.97342,53.94376,64.75833992117198,1.0,5.0,4.0,2.4285714285714284,1.2371791482634835,-4.0,-1.0,3.0,-2.071428571428571,0.9230605702371488,7.1e-06,7.1e-05,6.390000000000001e-05,3.721818181818182e-05,3.090677531433162e-05,6.3,180.0,173.7,45.458333333333336,61.26508601062181,8.0,209.0,201.0,59.5,86.31627888179611,0.69,1440.0,1439.31,355.43125,505.34040416924654,3.3,75.0,71.7,23.785714285714285,32.39075831915326,0.5,5.0,4.5,1.4999999999999998,1.7677669529663689,1043.0,1043.0,0.0,1043.0,0.0,4.77e-08,1e-05,9.9523e-06,3.391358333333333e-06,4.6736345316855805e-06,22.98976928,1.8,0.93,5.13907696,1.16,0.178571428571428,0.206896551724137,0.028325123152709,0.0,0.0,0.0,0.0,0.0,0.0,0.0,0.0,3.391257161551724
Na,Na1-3FeAsCO7,NaFeAsCO7,Na3FeAsCO7,mp-aaabrwgz,6.0,33.0,27.0,11.846153846153848,7.784068086568318,11.0,101.0,90.0,75.76923076923077,37.0075955741185,12.0107,74.9216,62.9109,24.903262141538463,17.955884217545123,54.8,3800.0,3745.2,630.5546153846154,1044.1296468249036,1.0,16.0,15.0,11.692307692307692,6.218887055817765,2.0,4.0,2.0,2.5384615384615383,0.7457969011409737,0.6,1.8,1.2000000000000002,0.9884615384615384,0.5046529066725146,0.93,3.44,2.51,2.5715384615384616,1.0402355218066734,90.2,4300.0,4209.8,955.4153846153846,1279.965265061249,968.0,7874.0,6906.0,3128.6666666666665,2708.5492836982357,5.29,23.78,18.49,16.783846153846156,5.476802181033886,0.02658,140.0,139.97342,53.09123538461539,62.42359907231493,1.0,6.0,5.0,2.4615384615384617,1.4995068222783023,-4.0,-1.0,3.0,-2.0,0.7844645405527362,7.1e-06,7.1e-05,6.390000000000001e-05,4.638e-05,3.0189826100857224e-05,6.3,170.0,163.7,40.65,58.70481950686274,8.0,211.0,203.0,49.8,80.60372199842884,0.69,1440.0,1439.31,386.414,559.8432872367052,3.3,82.0,78.7,22.975,34.078099638917664,0.5,4.0,3.5,1.5833333333333333,1.5388487760516156,608.0,608.0,0.0,608.0,0.0,4.77e-08,1e-05,9.9523e-06,1.7620333333333332e-06,3.685520797059156e-06,6.0,33.0,27.0,12.0,8.453079051715147,11.0,101.0,90.0,87.54545454545453,26.77978761665948,12.0107,74.9216,62.9109,25.25116993454545,19.49994118038079,54.8,3800.0,3745.2,677.7700000000001,1128.68761017548,1.0,16.0,15.0,13.636363636363637,4.597879496873379,2.0,4.0,2.0,2.4545454545454546,0.7820295697311479,0.6,1.8,1.2000000000000002,0.8409090909090908,0.3993279478290436,0.93,3.44,2.51,2.87,0.836551362331197,90.2,4300.0,4209.8,918.9454545454544,1388.3589085114031,968.0,7874.0,6906.0,4209.0,2739.160181515495,5.29,23.78,18.49,15.511818181818182,4.993165908031093,0.02658,140.0,139.97342,37.28964181818182,54.60961760887542,1.0,6.0,5.0,2.7272727272727275,1.4826824027545535,-4.0,-1.0,3.0,-2.1818181818181817,0.7158188976374374,7.1e-06,7.1e-05,6.390000000000001e-05,2.9966666666666672e-05,2.907832335071761e-05,6.3,170.0,163.7,57.825,65.45564815201206,8.0,211.0,203.0,76.33333333333334,95.22721366406888,0.69,1440.0,1439.31,643.5633333333334,597.544749807261,3.3,82.0,78.7,42.65,39.35,0.5,4.0,3.5,2.125,1.6345871038277526,608.0,608.0,0.0,608.0,0.0,4.77e-08,1e-05,9.9523e-06,2.6192000000000003e-06,4.262674188229732e-06,22.98976928,1.8,0.93,5.13907696,1.16,0.09090909090909,0.23076923076923,0.13986013986014,0.0,0.0,0.0,0.0,0.0,0.0,0.0,0.0,3.469605169051721
Na,Na1-2CrAsCO7,NaCrAsCO7,Na2CrAsCO7,mp-aaabrzsc,6.0,33.0,27.0,11.75,7.822243923581007,11.0,101.0,90.0,80.83333333333334,33.46100549727831,12.0107,74.9216,62.9109,24.741978213333333,18.175157566869785,54.8,3800.0,3745.2,682.9449999999999,1120.9982128107963,1.0,16.0,15.0,12.416666666666668,5.780114377953279,2.0,4.0,2.0,2.5,0.7637626158259733,0.6,1.8,1.2000000000000002,0.9208333333333334,0.465232170235703,0.93,3.44,2.51,2.694166666666667,0.9777990449076036,90.2,4300.0,4209.8,922.8666666666668,1305.543777724652,968.0,7140.0,6172.0,3414.0000000000005,2550.077881163632,5.29,23.78,18.49,16.2125,5.278743734703046,0.02658,140.0,139.97342,47.01550499999999,60.28440402280296,1.0,6.0,5.0,2.583333333333333,1.4976833963009524,-4.0,-1.0,3.0,-2.083333333333333,0.7592027982620249,4.9e-06,7.1e-05,6.610000000000001e-05,3.850000000000001e-05,3.250930635987179e-05,6.3,160.0,153.7,45.52,58.12405354068142,8.0,279.0,271.0,76.75,116.77194654539248,0.69,1440.0,1439.31,640.345,649.5833426320289,3.3,115.0,111.7,40.53333333333333,52.65588497235824,0.5,8.5,8.0,2.7,3.124099870362662,1060.0,1060.0,0.0,1060.0,0.0,4.77e-08,1e-05,9.9523e-06,2.1106800000000003e-06,3.946041415596142e-06,6.0,33.0,27.0,11.818181818181817,8.166652611445711,11.0,101.0,90.0,87.18181818181817,27.16220027845576,12.0107,74.9216,62.9109,24.901269934545454,18.975311429816,54.8,3800.0,3745.2,711.3154545454546,1166.712529923005,1.0,16.0,15.0,13.454545454545451,4.849810424854232,2.0,4.0,2.0,2.4545454545454546,0.7820295697311479,0.6,1.8,1.2000000000000002,0.8409090909090908,0.3993279478290436,0.93,3.44,2.51,2.8545454545454545,0.8569434439423074,90.2,4300.0,4209.8,901.6727272727272,1361.6181049771822,968.0,7140.0,6172.0,4025.5,2501.791408171353,5.29,23.78,18.49,15.524545454545454,4.9718157715381714,0.02658,140.0,139.97342,38.56236909090909,55.741599886143696,1.0,6.0,5.0,2.7272727272727275,1.4826824027545535,-4.0,-1.0,3.0,-2.1818181818181817,0.7158188976374374,4.9e-06,7.1e-05,6.610000000000001e-05,2.766666666666667e-05,3.0654454089994096e-05,6.3,160.0,153.7,55.325,61.17447895160203,8.0,279.0,271.0,99.0,127.28183950063996,0.69,1440.0,1439.31,853.5633333333335,617.0600684068141,3.3,115.0,111.7,59.15,55.85,0.5,8.5,8.0,3.25,3.2691742076555053,1060.0,1060.0,0.0,1060.0,0.0,4.77e-08,1e-05,9.9523e-06,2.626425e-06,4.258413911525629e-06,22.98976928,1.8,0.93,5.13907696,1.16,0.09090909090909,0.166666666666666,0.075757575757576,0.0,0.0,0.0,0.0,0.0,0.0,0.0,0.0,4.387437486551736
Na,Na2-3CuAsCO7,Na2CuAsCO7,Na3CuAsCO7,mp-aaabrwpc,6.0,33.0,27.0,12.076923076923077,8.231847521028767,11.0,101.0,90.0,76.61538461538461,36.78531994306437,12.0107,74.9216,62.9109,25.49564675692308,19.06000082333816,54.8,3800.0,3745.2,595.6907692307692,1011.178935717052,1.0,16.0,15.0,11.923076923076923,6.132655823998385,2.0,4.0,2.0,2.5384615384615383,0.7457969011409737,0.6,1.8,1.2000000000000002,0.9846153846153848,0.501683556171163,0.93,3.44,2.51,2.5769230769230766,1.0365577991631325,90.2,4300.0,4209.8,960.4923076923076,1288.6975574417036,968.0,8920.0,7952.0,3303.0,3023.6963030921825,5.29,23.78,18.49,16.785384615384615,5.474081047409645,0.02658,400.0,399.97342,77.70662,111.7696328139534,1.0,5.0,4.0,2.3076923076923075,1.2015768732164085,-4.0,1.0,5.0,-1.7692307692307692,1.1200169060431566,7.1e-06,7.1e-05,6.390000000000001e-05,4.732e-05,2.915389510854425e-05,6.3,140.0,133.7,35.65,47.72584031039509,8.0,130.0,122.0,33.6,48.20622366458506,0.69,1440.0,1439.31,463.214,594.0776682084592,3.3,48.0,44.7,14.475,19.3556677745822,0.5,3.5,3.0,1.4166666666666663,1.3043729868748772,369.0,369.0,0.0,369.0,0.0,1.678e-08,1e-05,9.98322e-06,1.7488133333333334e-06,3.691610036947144e-06,6.0,33.0,27.0,12.166666666666668,8.56186635936088,11.0,101.0,90.0,82.08333333333334,32.82138107325095,12.0107,74.9216,62.9109,25.70446988,19.82398484354104,54.8,3800.0,3745.2,614.4258333333332,1050.298390565417,1.0,16.0,15.0,12.833333333333334,5.474689235218947,2.0,4.0,2.0,2.5,0.7637626158259733,0.6,1.8,1.2000000000000002,0.9166666666666669,0.4611278444085641,0.93,3.44,2.51,2.714166666666667,0.9587097086999564,90.2,4300.0,4209.8,944.2,1340.0320145429362,968.0,8920.0,7952.0,3770.0,3108.4969358196254,5.29,23.78,18.49,16.2025,5.295836611590908,0.02658,400.0,399.97342,72.51550499999999,114.81798035754043,1.0,5.0,4.0,2.416666666666667,1.1873172373979173,-4.0,1.0,5.0,-1.8333333333333333,1.1426091000668408,7.1e-06,7.1e-05,6.390000000000001e-05,4.14e-05,2.9785986638014863e-05,6.3,140.0,133.7,41.52,50.26495399381163,8.0,130.0,122.0,39.5,52.2565785332335,0.69,1440.0,1439.31,578.845,611.8069172745597,3.3,48.0,44.7,18.2,21.07178207935912,0.5,3.5,3.0,1.6,1.3564659966250536,369.0,369.0,0.0,369.0,0.0,1.678e-08,1e-05,9.98322e-06,2.0890360000000004e-06,3.957154636905666e-06,22.98976928,1.8,0.93,5.13907696,1.16,0.166666666666666,0.23076923076923,0.064102564102564,0.0,0.0,0.0,0.0,0.0,0.0,0.0,0.0,3.3144571365517272
Na,Na4-6Cr2As(CO4)4,Na4Cr2As(CO4)4,Na6Cr2As(CO4)4,mp-aaabrwds,6.0,33.0,27.0,10.310344827586206,6.023536870711267,11.0,101.0,90.0,78.10344827586206,35.986917955994265,12.0107,74.9216,62.9109,21.40984881655172,13.860468750974343,54.8,3800.0,3745.2,819.0351724137931,1311.3887898413354,1.0,16.0,15.0,11.89655172413793,6.0988683381382565,2.0,4.0,2.0,2.413793103448276,0.6704214515594338,0.6,1.8,1.2000000000000002,0.9362068965517242,0.4907588339050922,0.93,3.44,2.51,2.6317241379310343,1.0162034447597086,90.2,4300.0,4209.8,1115.6620689655174,1487.104104700276,968.0,7140.0,6172.0,2683.3076923076924,2275.88033295708,5.29,23.78,18.49,16.172758620689656,5.912707470473337,0.02658,140.0,139.97342,56.49742344827587,65.2858976353167,1.0,6.0,5.0,2.4482758620689653,1.4040877980346436,-4.0,-1.0,3.0,-2.103448275862069,0.8845348509228042,4.9e-06,7.1e-05,6.610000000000001e-05,3.8683333333333336e-05,3.2324986035916895e-05,6.3,160.0,153.7,39.369230769230775,52.71765701306106,8.0,279.0,271.0,69.55555555555556,111.95446605265822,0.69,1440.0,1439.31,409.3488888888889,584.4564655481087,3.3,115.0,111.7,31.225,48.3675188013609,0.5,8.5,8.0,1.9615384615384617,2.898683643294888,1060.0,1060.0,0.0,1060.0,0.0,4.77e-08,1e-05,9.9523e-06,3.143784615384616e-06,4.5714147661723614e-06,6.0,33.0,27.0,10.25925925925926,6.239614141634748,11.0,101.0,90.0,83.07407407407408,32.13619849596854,12.0107,74.9216,62.9109,21.29281767111111,14.357735208746105,54.8,3800.0,3745.2,852.2325925925926,1353.1994499582656,1.0,16.0,15.0,12.703703703703702,5.52311516242362,2.0,4.0,2.0,2.3703703703703702,0.6748469317884666,0.6,1.8,1.2000000000000002,0.8722222222222221,0.4464537911747654,0.93,3.44,2.51,2.757777777777777,0.9374248941108644,90.2,4300.0,4209.8,1112.674074074074,1541.1561866177185,968.0,7140.0,6172.0,2995.1818181818185,2342.8949775935453,5.29,23.78,18.49,15.609259259259256,5.739820571415443,0.02658,140.0,139.97342,50.3120474074074,63.42883274077997,1.0,6.0,5.0,2.555555555555556,1.3966450099973928,-4.0,-1.0,3.0,-2.185185185185185,0.8622553130979863,4.9e-06,7.1e-05,6.610000000000001e-05,3.222e-05,3.167392618542893e-05,6.3,160.0,153.7,45.38181818181818,55.221995258507086,8.0,279.0,271.0,86.57142857142856,121.70439262275404,0.69,1440.0,1439.31,526.1085714285714,614.6857852229072,3.3,115.0,111.7,40.53333333333333,52.65588497235824,0.5,8.5,8.0,2.227272727272727,3.0775110690565017,1060.0,1060.0,0.0,1060.0,0.0,4.77e-08,1e-05,9.9523e-06,3.706709090909091e-06,4.757908488449816e-06,22.98976928,1.8,0.93,5.13907696,1.16,0.148148148148148,0.206896551724137,0.058748403575989,0.0,0.0,0.0,0.0,0.0,0.0,0.0,0.0,3.036276904051721
Na,Na4-6Fe2As(CO4)4,Na4Fe2As(CO4)4,Na6Fe2As(CO4)4,mp-aaabslei,6.0,33.0,27.0,10.448275862068964,6.349511015093735,11.0,101.0,90.0,78.37931034482759,35.83911732393612,12.0107,74.9216,62.9109,21.67529019586207,14.467256325919164,54.8,3800.0,3745.2,793.5868965517241,1288.10517444357,1.0,16.0,15.0,12.03448275862069,5.98551561239752,2.0,4.0,2.0,2.413793103448276,0.6704214515594338,0.6,1.8,1.2000000000000002,0.9362068965517242,0.4907588339050922,0.93,3.44,2.51,2.6434482758620685,1.005852789195074,90.2,4300.0,4209.8,1128.7655172413793,1503.8988117730255,968.0,7874.0,6906.0,2796.230769230769,2501.258088176556,5.29,23.78,18.49,16.163103448275862,5.927398745305582,0.02658,140.0,139.97342,55.53190620689655,64.82603396299426,1.0,6.0,5.0,2.4482758620689653,1.4040877980346436,-4.0,-1.0,3.0,-2.103448275862069,0.8845348509228042,7.1e-06,7.1e-05,6.390000000000001e-05,3.983333333333334e-05,3.1206017938140643e-05,6.3,170.0,163.7,40.90769230769232,56.2435837234717,8.0,211.0,203.0,54.44444444444444,83.68474055925093,0.69,1440.0,1439.31,269.3488888888889,459.5726808785271,3.3,82.0,78.7,22.975,34.078099638917664,0.5,4.0,3.5,1.2692307692307692,1.4089737756934002,608.0,608.0,0.0,608.0,0.0,4.77e-08,1e-05,9.9523e-06,3.139338461538462e-06,4.574361775329717e-06,6.0,33.0,27.0,10.407407407407408,6.578636914196893,11.0,101.0,90.0,83.37037037037037,31.912087745982245,12.0107,74.9216,62.9109,21.577921374814814,14.988924273057108,54.8,3800.0,3745.2,824.8992592592593,1329.6251434087114,1.0,16.0,15.0,12.851851851851851,5.3658985213117,2.0,4.0,2.0,2.3703703703703702,0.6748469317884666,0.6,1.8,1.2000000000000002,0.8722222222222221,0.4464537911747654,0.93,3.44,2.51,2.7703703703703697,0.9236340524394868,90.2,4300.0,4209.8,1126.748148148148,1558.5848772311397,968.0,7874.0,6906.0,3128.636363636364,2583.7167123325994,5.29,23.78,18.49,15.598888888888888,5.755056606429678,0.02658,140.0,139.97342,49.27501037037036,62.81757593013678,1.0,6.0,5.0,2.555555555555556,1.3966450099973928,-4.0,-1.0,3.0,-2.185185185185185,0.8622553130979863,7.1e-06,7.1e-05,6.390000000000001e-05,3.3600000000000004e-05,3.058515980013837e-05,6.3,170.0,163.7,47.2,59.00117102073638,8.0,211.0,203.0,67.14285714285714,90.98575802434854,0.69,1440.0,1439.31,346.1085714285714,495.0128283887073,3.3,82.0,78.7,29.53333333333333,37.099535786254194,0.5,4.0,3.5,1.4090909090909092,1.4896336007430857,608.0,608.0,0.0,608.0,0.0,4.77e-08,1e-05,9.9523e-06,3.7014545454545456e-06,4.761875464249858e-06,22.98976928,1.8,0.93,5.13907696,1.16,0.148148148148148,0.206896551724137,0.058748403575989,0.0,0.0,0.0,0.0,0.0,0.0,0.0,0.0,3.526058554051719
Na,Na4-6Mn2As(CO4)4,Na4Mn2As(CO4)4,Na6Mn2As(CO4)4,mp-aaabslmq,6.0,33.0,27.0,10.379310344827587,6.183480735567498,11.0,101.0,90.0,78.3103448275862,35.87343984186616,12.0107,74.9216,62.9109,21.61274157517241,14.320607026901698,54.8,3800.0,3745.2,773.4489655172415,1274.249775437445,1.0,16.0,15.0,11.96551724137931,6.03714227109374,2.0,4.0,2.0,2.413793103448276,0.6704214515594338,0.6,1.8,1.2000000000000002,0.9362068965517242,0.4907588339050922,0.93,3.44,2.51,2.6241379310344826,1.0238113957553303,90.2,4300.0,4209.8,1073.593103448276,1442.7537276240623,968.0,7470.0,6502.0,2734.076923076923,2376.2014438542765,5.29,23.78,18.49,16.18103448275862,5.900255602194259,0.02658,140.0,139.97342,50.55259586206897,65.52449076241118,1.0,7.0,6.0,2.5172413793103448,1.5892025685245394,-4.0,-1.0,3.0,-2.1724137931034484,0.9123280382981348,7.1e-06,7.1e-05,6.390000000000001e-05,4.1483333333333337e-05,2.991518102160767e-05,6.3,120.0,113.7,33.21538461538462,38.76530657795499,8.0,198.0,190.0,51.55555555555555,78.28028148349878,0.69,1440.0,1439.31,204.01555555555555,444.201372555564,3.3,3.3,0.0,3.3,0.0,0.5,6.0,5.5,1.576923076923077,2.046067088964675,628.0,970.0,0.0,706.0,0.0,4.77e-08,1e-05,9.9523e-06,3.346092307692308e-06,4.461108884478342e-06,6.0,33.0,27.0,10.333333333333332,6.4060156912887,11.0,101.0,90.0,83.29629629629629,31.96504435092579,12.0107,74.9216,62.9109,21.510739522962965,14.83644218738046,54.8,3800.0,3745.2,803.2696296296297,1315.7100916840006,1.0,16.0,15.0,12.777777777777777,5.438772555786851,2.0,4.0,2.0,2.3703703703703702,0.6748469317884666,0.6,1.8,1.2000000000000002,0.8722222222222221,0.4464537911747654,0.93,3.44,2.51,2.749629629629629,0.9473568746839672,90.2,4300.0,4209.8,1067.4888888888888,1495.0538623601574,968.0,7470.0,6502.0,3055.1818181818185,2450.0479705204225,5.29,23.78,18.49,15.618148148148148,5.726915682748558,0.02658,140.0,139.97342,43.92686222222222,63.04710826549547,1.0,7.0,6.0,2.6296296296296298,1.5904378187839916,-4.0,-1.0,3.0,-2.259259259259259,0.885797092081585,7.1e-06,7.1e-05,6.390000000000001e-05,3.558e-05,2.9407577254850496e-05,6.3,120.0,113.7,38.10909090909091,40.25309597456064,8.0,198.0,190.0,63.42857142857143,85.11312999742862,0.69,1440.0,1439.31,262.1085714285714,488.3686520134024,3.3,3.3,0.0,3.3,0.0,0.5,6.0,5.5,1.7727272727272727,2.167567094102975,628.0,970.0,0.0,716.75,0.0,4.77e-08,1e-05,9.9523e-06,3.9458e-06,4.602415137926846e-06,22.98976928,1.8,0.93,5.13907696,1.16,0.148148148148148,0.206896551724137,0.058748403575989,0.0,0.0,0.0,0.0,0.0,0.0,0.0,0.0,3.933984291551727
Na,Na1-3MnAsCO7,NaMnAsCO7,Na3MnAsCO7,mp-aaabrwka,6.0,33.0,27.0,11.76923076923077,7.647562167160966,11.0,101.0,90.0,75.6923076923077,37.03924034647292,12.0107,74.9216,62.9109,24.83349637230769,17.836895382843327,54.8,3800.0,3745.2,608.093076923077,1021.387159251006,1.0,16.0,15.0,11.615384615384617,6.270056576096871,2.0,4.0,2.0,2.5384615384615383,0.7457969011409737,0.6,1.8,1.2000000000000002,0.9884615384615384,0.5046529066725146,0.93,3.44,2.51,2.55,1.0581115253129036,90.2,4300.0,4209.8,893.8769230769232,1189.7988803244446,968.0,7470.0,6502.0,3061.333333333333,2592.2711835162786,5.29,23.78,18.49,16.803846153846152,5.441728427992679,0.02658,140.0,139.97342,47.53738923076924,62.99169729909178,1.0,7.0,6.0,2.5384615384615383,1.6923076923076923,-4.0,-1.0,3.0,-2.0769230769230766,0.8284868934053082,7.1e-06,7.1e-05,6.390000000000001e-05,4.836000000000001e-05,2.81099697616344e-05,6.3,120.0,113.7,32.31666666666666,40.46782329483786,8.0,198.0,190.0,47.2,75.40397867486836,0.69,1440.0,1439.31,327.61400000000003,561.3132393450203,3.3,3.3,0.0,3.3,0.0,0.5,6.0,5.5,1.9166666666666663,2.129488723196773,628.0,970.0,0.0,706.0,0.0,4.77e-08,1e-05,9.9523e-06,1.986016666666667e-06,3.617682077157816e-06,6.0,33.0,27.0,11.90909090909091,8.306126385818487,11.0,101.0,90.0,87.45454545454545,26.871287942755544,12.0107,74.9216,62.9109,25.16871948,19.371905854161376,54.8,3800.0,3745.2,651.2245454545454,1104.906386091054,1.0,16.0,15.0,13.545454545454543,4.7167715531174,2.0,4.0,2.0,2.4545454545454546,0.7820295697311479,0.6,1.8,1.2000000000000002,0.8409090909090908,0.3993279478290436,0.93,3.44,2.51,2.8445454545454547,0.8713454970369741,90.2,4300.0,4209.8,846.2181818181817,1287.727948271812,968.0,7470.0,6502.0,4108.0,2606.390511799796,5.29,23.78,18.49,15.535454545454543,4.953702680615167,0.02658,140.0,139.97342,30.726005454545454,53.407424936949184,1.0,7.0,6.0,2.8181818181818183,1.6958871005616027,-4.0,-1.0,3.0,-2.2727272727272725,0.7496555682941201,7.1e-06,7.1e-05,6.390000000000001e-05,3.326666666666667e-05,2.7339145723465637e-05,6.3,120.0,113.7,45.325,44.14540604638268,8.0,198.0,190.0,72.00000000000001,89.0991956566762,0.69,1440.0,1439.31,545.5633333333334,637.4685414634636,3.3,3.3,0.0,3.3,0.0,0.5,6.0,5.5,2.625,2.301494079940246,628.0,970.0,0.0,716.75,0.0,4.77e-08,1e-05,9.9523e-06,2.955175e-06,4.100442877528597e-06,22.98976928,1.8,0.93,5.13907696,1.16,0.09090909090909,0.23076923076923,0.13986013986014,0.0,0.0,0.0,0.0,0.0,0.0,0.0,0.0,3.390345429051724
Na,Na2-3NiAsCO7,Na2NiAsCO7,Na3NiAsCO7,mp-aaabryvn,6.0,33.0,27.0,12.0,8.07655676825027,11.0,101.0,90.0,76.23076923076923,36.85763431231841,12.0107,74.9216,62.9109,25.12236983384616,18.345272463502443,54.8,3800.0,3745.2,624.1700000000001,1037.1222201917114,1.0,16.0,15.0,11.846153846153848,6.149998797325134,2.0,4.0,2.0,2.5384615384615383,0.7457969011409737,0.6,1.8,1.2000000000000002,0.9846153846153848,0.501683556171163,0.93,3.44,2.51,2.5776923076923075,1.036058758700147,90.2,4300.0,4209.8,959.4153846153846,1286.8301195909237,968.0,8908.0,7940.0,3301.0,3019.982008776432,5.29,23.78,18.49,16.745384615384616,5.546061132266777,0.02658,140.0,139.97342,53.93738923076923,62.85567075822643,1.0,5.0,4.0,2.3076923076923075,1.2015768732164085,-4.0,-1.0,3.0,-1.9230769230769231,0.8284868934053083,7.1e-06,7.1e-05,6.390000000000001e-05,4.67e-05,2.98279063965274e-05,6.3,180.0,173.7,42.31666666666666,62.380376633111865,8.0,200.0,192.0,47.6,76.20393690617304,0.69,1440.0,1439.31,428.414,573.7436102162708,3.3,76.0,72.7,21.475,31.480023427564344,0.5,4.0,3.5,1.5833333333333333,1.5388487760516156,638.0,638.0,0.0,638.0,0.0,4.77e-08,1e-05,9.9523e-06,1.7575666666666667e-06,3.687552798115424e-06,6.0,33.0,27.0,12.083333333333332,8.400975472460855,11.0,101.0,90.0,81.66666666666667,32.97810721608437,12.0107,74.9216,62.9109,25.300086546666662,19.08361054893129,54.8,3800.0,3745.2,645.2783333333333,1076.7847534893974,1.0,16.0,15.0,12.75,5.509461558688532,2.0,4.0,2.0,2.5,0.7637626158259733,0.6,1.8,1.2000000000000002,0.9166666666666669,0.4611278444085641,0.93,3.44,2.51,2.715,0.958005741110146,90.2,4300.0,4209.8,943.0333333333332,1338.072209893356,968.0,8908.0,7940.0,3767.6,3104.521902000371,5.29,23.78,18.49,16.159166666666668,5.371643848850079,0.02658,140.0,139.97342,46.76550499999999,60.09496335704467,1.0,5.0,4.0,2.416666666666667,1.1873172373979173,-4.0,-1.0,3.0,-2.0,0.816496580927726,7.1e-06,7.1e-05,6.390000000000001e-05,4.0625000000000005e-05,3.045655717575445e-05,6.3,180.0,173.7,49.52,66.0170099292599,8.0,200.0,192.0,57.0,82.56512580987206,0.69,1440.0,1439.31,535.345,595.2360615965737,3.3,76.0,72.7,27.53333333333333,34.271108661508,0.5,4.0,3.5,1.8000000000000005,1.6,638.0,638.0,0.0,638.0,0.0,4.77e-08,1e-05,9.9523e-06,2.09954e-06,3.9517059863304616e-06,22.98976928,1.8,0.93,5.13907696,1.16,0.166666666666666,0.23076923076923,0.064102564102564,0.0,0.0,0.0,0.0,0.0,0.0,0.0,0.0,3.856678581551722
Na,Na1-3VAsCO7,NaVAsCO7,Na3VAsCO7,mp-aaabsbin,6.0,33.0,27.0,11.615384615384617,7.395824825675024,11.0,101.0,90.0,75.23076923076923,37.26857584563878,12.0107,74.9216,62.9109,24.52606983384615,17.34298404150756,54.8,3800.0,3745.2,659.1700000000001,1080.5510629375108,1.0,16.0,15.0,11.461538461538462,6.404510245076507,2.0,4.0,2.0,2.5384615384615383,0.7457969011409737,0.6,1.8,1.2000000000000002,0.9846153846153848,0.501683556171163,0.93,3.44,2.51,2.556153846153846,1.0524954848179302,90.2,4300.0,4209.8,997.4153846153846,1357.3798979856824,968.0,6110.0,5142.0,2834.6666666666665,2231.179782586384,5.29,23.78,18.49,16.878461538461536,5.316804775215231,0.02658,140.0,139.97342,49.32200461538461,62.16381778125534,1.0,5.0,4.0,2.3846153846153846,1.3323467750529827,-4.0,-1.0,3.0,-1.9230769230769231,0.8284868934053083,7.1e-06,7.1e-05,6.390000000000001e-05,4.57e-05,3.098877216025185e-05,6.3,160.0,153.7,38.98333333333333,55.0361522597243,8.0,128.0,120.0,33.2,47.40632869143106,0.69,1440.0,1439.31,414.014,567.6173829825862,3.3,47.0,43.7,14.225,18.922655072689984,0.5,7.0,6.5,2.083333333333333,2.4565671621639456,628.0,628.0,0.0,628.0,0.0,4.77e-08,1e-05,9.9523e-06,1.77885e-06,3.6781036766020255e-06,6.0,33.0,27.0,11.727272727272728,8.035047197812492,11.0,101.0,90.0,86.9090909090909,27.47711294035802,12.0107,74.9216,62.9109,24.805397207272726,18.840356927354645,54.8,3800.0,3745.2,711.5881818181819,1167.056113450484,1.0,16.0,15.0,13.363636363636363,4.995866059648758,2.0,4.0,2.0,2.4545454545454546,0.7820295697311479,0.6,1.8,1.2000000000000002,0.8363636363636364,0.3931752495510165,0.93,3.44,2.51,2.8518181818181816,0.8607799653571931,90.2,4300.0,4209.8,968.5818181818182,1473.795321806428,968.0,6110.0,5142.0,3768.0,2203.159435901088,5.29,23.78,18.49,15.623636363636365,4.81386685000601,0.02658,140.0,139.97342,32.83509636363637,52.91625103550004,1.0,5.0,4.0,2.6363636363636367,1.2984415324623364,-4.0,-1.0,3.0,-2.090909090909091,0.7925270806437589,7.1e-06,7.1e-05,6.390000000000001e-05,2.8833333333333337e-05,2.9821058927468626e-05,6.3,160.0,153.7,55.325,61.17447895160203,8.0,128.0,120.0,48.66666666666667,56.10307973325133,0.69,1440.0,1439.31,689.5633333333334,589.206162014244,3.3,47.0,43.7,25.15,21.85,0.5,7.0,6.5,2.875,2.6780356607035687,628.0,628.0,0.0,628.0,0.0,4.77e-08,1e-05,9.9523e-06,2.644425e-06,4.247941824210285e-06,22.98976928,1.8,0.93,5.13907696,1.16,0.09090909090909,0.23076923076923,0.13986013986014,0.0,0.0,0.0,0.0,0.0,0.0,0.0,0.0,2.443383406551728
Na,Na1-3SnAsCO7,NaSnAsCO7,Na3SnAsCO7,mp-aaabryxp,6.0,50.0,44.0,13.692307692307692,12.399656418221468,11.0,101.0,90.0,77.46153846153845,36.79593494399031,12.0107,118.71,106.6993,29.739031372307693,30.03804178767136,54.8,3800.0,3745.2,530.0992307692308,986.9842656797564,1.0,16.0,15.0,12.153846153846152,6.149998797325134,2.0,5.0,3.0,2.615384615384615,0.9230769230769232,0.6,1.8,1.2000000000000002,0.9923076923076924,0.5079544777628109,0.93,3.44,2.51,2.5815384615384613,1.0336629874372174,90.2,4300.0,4209.8,935.4923076923076,1247.503911793798,968.0,7310.0,6342.0,3034.6666666666665,2547.213488413477,5.29,23.78,18.49,17.49153846153846,4.720676037234574,0.02658,140.0,139.97342,52.09123538461539,62.08774590779044,1.0,5.0,4.0,2.3076923076923075,1.2015768732164085,-4.0,-1.0,3.0,-2.153846153846154,0.9483713850721502,7.1e-06,7.1e-05,6.390000000000001e-05,4.842e-05,2.8053263624754968e-05,6.3,58.0,51.7,21.98333333333333,18.958148350745883,8.0,50.0,42.0,17.6,16.218507946170636,0.69,1440.0,1439.31,298.614,571.025537663597,3.3,18.0,14.7,6.975,6.365286717815624,0.5,3.5,3.0,1.1666666666666663,1.1055415967851332,628.0,970.0,0.0,706.0,0.0,4.77e-08,1e-05,9.9523e-06,1.76435e-06,3.684477107519239e-06,6.0,50.0,44.0,14.181818181818183,13.42195069021558,11.0,101.0,90.0,89.54545454545455,25.514215774966907,12.0107,118.71,106.6993,30.96616993454545,32.50457558077718,54.8,3800.0,3745.2,559.05,1070.4232686949756,1.0,16.0,15.0,14.181818181818182,4.238742991590825,2.0,5.0,3.0,2.5454545454545454,0.9875254992000196,0.6,1.8,1.2000000000000002,0.8454545454545455,0.4058966199855605,0.93,3.44,2.51,2.881818181818182,0.8225770832276083,90.2,4300.0,4209.8,895.4,1352.3222289488149,968.0,7310.0,6342.0,4068.0,2555.212613462919,5.29,23.78,18.49,16.348181818181818,4.223664540273094,0.02658,140.0,139.97342,36.10782363636364,53.80729989354492,1.0,5.0,4.0,2.545454545454546,1.1570838237598051,-4.0,-1.0,3.0,-2.3636363636363638,0.8813963377120598,7.1e-06,7.1e-05,6.390000000000001e-05,3.3366666666666674e-05,2.7297171200612636e-05,6.3,58.0,51.7,29.825,18.83193763264949,8.0,50.0,42.0,22.666666666666668,19.34482417139588,0.69,1440.0,1439.31,497.2300000000001,666.9553851645552,3.3,18.0,14.7,10.65,7.35,0.5,3.5,3.0,1.5,1.224744871391589,628.0,970.0,0.0,716.75,0.0,4.77e-08,1e-05,9.9523e-06,2.6226750000000003e-06,4.260621071730623e-06,22.98976928,1.8,0.93,5.13907696,1.16,0.09090909090909,0.23076923076923,0.13986013986014,0.0,0.0,0.0,0.0,0.0,0.0,0.0,0.0,2.203955641551719
Na,Na5-6Ni2As(CO4)4,Na5Ni2As(CO4)4,Na6Ni2As(CO4)4,mp-aaabrwvj,6.0,33.0,27.0,10.586206896551724,6.6980040330056045,11.0,101.0,90.0,78.79310344827587,35.67030959944605,12.0107,74.9216,62.9109,21.87173157517241,14.941457420823728,54.8,3800.0,3745.2,787.8627586206896,1283.7482822763825,1.0,16.0,15.0,12.172413793103448,5.9135669002682025,2.0,4.0,2.0,2.413793103448276,0.6704214515594338,0.6,1.8,1.2000000000000002,0.9327586206896552,0.4876537533079582,0.93,3.44,2.51,2.648965517241379,1.0015861380402524,90.2,4300.0,4209.8,1132.351724137931,1508.7304694323566,968.0,8908.0,7940.0,2955.3076923076924,2830.368157205957,5.29,23.78,18.49,16.128620689655172,5.981290786846374,0.02658,140.0,139.97342,56.290526896551725,65.1713741299235,1.0,5.0,4.0,2.310344827586207,1.1173690859323897,-4.0,-1.0,3.0,-2.034482758620689,0.9278361411774974,7.1e-06,7.1e-05,6.390000000000001e-05,4.01e-05,3.097127701597078e-05,6.3,180.0,173.7,42.44615384615385,59.77930713993077,8.0,200.0,192.0,51.99999999999999,79.1117353283738,0.69,1440.0,1439.31,316.0155555555556,489.3090791471199,3.3,76.0,72.7,21.475,31.480023427564344,0.5,4.0,3.5,1.2692307692307692,1.4089737756934002,638.0,638.0,0.0,638.0,0.0,4.77e-08,1e-05,9.9523e-06,3.135215384615385e-06,4.577114174110172e-06,6.0,33.0,27.0,10.571428571428571,6.816097393191312,11.0,101.0,90.0,81.21428571428571,33.87936281115387,12.0107,74.9216,62.9109,21.83180165714285,15.204408071377385,54.8,3800.0,3745.2,802.7553571428571,1304.0073790421206,1.0,16.0,15.0,12.571428571428571,5.621569248557428,2.0,4.0,2.0,2.392857142857143,0.6729087029077419,0.6,1.8,1.2000000000000002,0.9017857142857142,0.4674173232579562,0.93,3.44,2.51,2.7103571428571427,0.9642113066530338,90.2,4300.0,4209.8,1131.507142857143,1535.4290005282776,968.0,8908.0,7940.0,3120.9166666666665,2884.7917734888406,5.29,23.78,18.49,15.855357142857144,5.906609180850391,0.02658,140.0,139.97342,53.30090285714286,64.34127658518568,1.0,5.0,4.0,2.3571428571428568,1.1088696211614302,-4.0,-1.0,3.0,-2.071428571428571,0.9230605702371488,7.1e-06,7.1e-05,6.390000000000001e-05,3.7290909090909095e-05,3.085012021622237e-05,6.3,180.0,173.7,45.458333333333336,61.26508601062181,8.0,200.0,192.0,57.25,82.41927869133532,0.69,1440.0,1439.31,355.43125,505.34040416924654,3.3,76.0,72.7,24.07142857142857,32.84251227060588,0.5,4.0,3.5,1.3333333333333333,1.4481789330818973,638.0,638.0,0.0,638.0,0.0,4.77e-08,1e-05,9.9523e-06,3.392508333333333e-06,4.672816040044507e-06,22.98976928,1.8,0.93,5.13907696,1.16,0.178571428571428,0.206896551724137,0.028325123152709,0.0,0.0,0.0,0.0,0.0,0.0,0.0,0.0,3.781584476551732
Na,Na0-1MnAsO4,MnAsO4,NaMnAsO4,mp-aaabdbol,8.0,33.0,25.0,14.428571428571429,9.514757603055264,11.0,101.0,90.0,80.57142857142856,31.63116520529868,15.9994,74.9216,58.9222,30.97814489714285,22.252991449276497,54.8,1519.0,1464.2,457.01,558.4430826861409,1.0,16.0,15.0,12.428571428571429,5.576920370269467,2.0,4.0,2.0,2.7142857142857144,0.8806305718527109,0.6,1.8,1.2000000000000002,0.9642857142857142,0.4556896545067594,0.93,3.44,2.51,2.6314285714285712,0.991628221972451,90.2,2334.0,2243.8,676.8285714285714,792.5119876773126,968.0,7470.0,6502.0,4721.666666666666,2747.9716560077945,7.35,23.78,16.43,16.217142857142857,4.6555917662395565,0.02658,140.0,139.97342,28.272331428571427,48.64678781810292,1.0,7.0,6.0,3.0,2.0,-3.0,-1.0,2.0,-2.142857142857143,0.6388765649999398,2.17e-05,7.1e-05,4.9300000000000006e-05,4.635e-05,2.4650000000000003e-05,6.3,120.0,113.7,49.43333333333334,50.30813939005187,8.0,198.0,190.0,72.0,89.0991956566762,0.69,1440.0,1439.31,545.5633333333333,637.4685414634636,3.3,3.3,0.0,3.3,0.0,0.5,6.0,5.5,3.333333333333333,2.2484562605386733,628.0,970.0,0.0,706.0,0.0,4.77e-08,1.44e-06,1.3923e-06,6.069e-07,6.004946461043595e-07,8.0,33.0,25.0,15.0,10.16530045465127,60.0,101.0,41.0,92.16666666666666,15.03791504460937,15.9994,74.9216,58.9222,32.30954083333333,23.77645741504616,54.8,1519.0,1464.2,471.3666666666667,601.9903035394801,7.0,16.0,9.0,14.333333333333332,3.2998316455372216,2.0,4.0,2.0,2.6666666666666665,0.9428090415820634,0.6,1.4,0.7999999999999999,0.825,0.3262795325075315,1.55,3.44,1.89,2.915,0.7644115383744544,90.2,2334.0,2243.8,596.9666666666666,829.5233524272974,5727.0,7470.0,1743.0,6598.5,871.5,7.35,17.36,10.01,14.956666666666663,3.763689088587892,0.02658,50.0,49.97342,9.651053333333332,18.266480427860813,2.0,7.0,5.0,3.333333333333333,1.9720265943665387,-3.0,-2.0,1.0,-2.333333333333333,0.4714045207910317,2.17e-05,2.17e-05,0.0,2.17e-05,0.0,22.0,120.0,98.0,71.0,49.0,8.0,198.0,190.0,103.0,95.0,196.0,1440.0,1244.0,818.0,622.0,26.0,75.0,0.0,47.0,0.0,3.5,6.0,2.5,4.75,1.25,628.0,970.0,0.0,716.75,0.0,3.33e-07,1.44e-06,1.107e-06,8.865e-07,5.535e-07,22.98976928,1.8,0.93,5.13907696,1.16,0.0,0.142857142857142,0.142857142857142,0.0,0.0,0.0,0.0,0.0,0.0,0.0,0.0,3.412239079051719
Na,Na2-3SiBiBO7,Na2SiBiBO7,Na3SiBiBO7,mp-aaabrzmt,5.0,83.0,78.0,14.692307692307692,19.83541748948705,11.0,101.0,90.0,76.76923076923077,36.526394768617656,10.811,208.9804,198.1694,32.98784675692308,50.99725502040868,54.8,2349.0,2294.2,467.4315384615385,693.5636596465018,1.0,16.0,15.0,12.076923076923077,6.132655823998384,2.0,6.0,4.0,2.615384615384615,1.076923076923077,0.6,1.8,1.2000000000000002,1.0115384615384615,0.5137171648327385,0.93,3.44,2.51,2.525384615384615,1.0515016030904447,90.2,4200.0,4109.8,1023.8,1286.6861000259544,968.0,9780.0,8812.0,2912.333333333333,3137.139337393579,4.39,23.78,19.39,17.740000000000002,5.066370267983548,0.02658,150.0,149.97342,46.55277384615385,64.40252930977282,1.0,5.0,4.0,2.230769230769231,1.1200169060431566,-4.0,1.0,5.0,-1.7692307692307694,1.1200169060431566,2.6e-06,7.1e-05,6.840000000000001e-05,3.9166666666666665e-05,3.199258594667764e-05,6.3,320.0,313.7,78.31666666666666,113.04797531235234,10.0,47.0,37.0,21.8,15.210522673465237,0.69,94.2,93.51,24.0675,40.49101775394143,3.3,12.0,8.7,5.475,3.767210506462308,0.5,9.3,8.8,3.2583333333333333,3.436376078888275,49000.0,49000.0,0.0,49000.0,0.0,4.77e-08,15000.0,14999.9999999523,2500.000166905517,5590.169869107071,5.0,83.0,78.0,15.0,20.6155281280883,11.0,101.0,90.0,82.25,32.478518541747974,10.811,208.9804,198.1694,33.82101988,52.994550484259705,54.8,2349.0,2294.2,475.47833333333335,721.3006774897844,1.0,16.0,15.0,13.0,5.446711546122731,2.0,6.0,4.0,2.583333333333333,1.114924013354971,0.6,1.8,1.2000000000000002,0.9458333333333332,0.4793477918542606,0.93,3.44,2.51,2.658333333333333,0.983876968369973,90.2,4200.0,4109.8,1012.7833333333332,1338.6361628123188,968.0,9780.0,8812.0,3301.2,3301.918860299266,4.39,23.78,19.39,17.236666666666668,4.951125012448069,0.02658,150.0,149.97342,38.76550499999999,60.86859645349048,1.0,5.0,4.0,2.333333333333333,1.1055415967851332,-4.0,1.0,5.0,-1.8333333333333333,1.1426091000668408,2.6e-06,7.1e-05,6.840000000000001e-05,3.2800000000000004e-05,3.138509200241414e-05,6.3,320.0,313.7,92.72,118.70584484346168,10.0,47.0,37.0,24.75,15.674421839417237,0.69,94.2,93.51,31.86,44.08103673916937,3.3,12.0,8.7,6.199999999999999,4.101219330881976,0.5,9.3,8.8,3.810000000000001,3.513459833269765,49000.0,49000.0,0.0,49000.0,0.0,4.77e-08,15000.0,14999.9999999523,3000.00020027708,5999.999899861473,22.98976928,1.8,0.93,5.13907696,1.16,0.166666666666666,0.23076923076923,0.064102564102564,0.0,0.0,0.0,0.0,0.0,0.0,0.0,0.0,3.4957848715517232
Na,Na4-6Bi2B4SO16,Na4Bi2B4SO16,Na6Bi2B4SO16,mp-aaabsipt,5.0,83.0,78.0,13.655172413793103,19.006851508880118,11.0,101.0,90.0,79.10344827586206,35.251162688172634,10.811,208.9804,198.1694,30.59306260965517,48.76616659156634,54.8,2349.0,2294.2,481.9027586206896,764.591583490241,1.0,16.0,15.0,12.413793103448276,5.916180276212185,2.0,6.0,4.0,2.5172413793103448,1.0379253064339593,0.6,1.8,1.2000000000000002,0.9655172413793104,0.4974249983797353,0.93,3.44,2.51,2.6,1.0162575019869853,90.2,4200.0,4109.8,1019.6920689655174,1387.372640033297,968.0,9780.0,8812.0,2859.076923076924,3021.726110419429,4.39,23.78,19.39,17.10862068965517,5.732254009422249,0.02658,140.0,139.97342,33.26311310344828,55.26033909261451,1.0,6.0,5.0,2.275862068965517,1.200475530036497,-3.0,1.0,4.0,-1.4482758620689655,1.101290994666987,6e-06,7.1e-05,6.500000000000001e-05,3.9733333333333335e-05,3.136381496069777e-05,6.3,320.0,313.7,106.73076923076924,142.43230178479874,10.0,32.0,22.0,15.5,9.526279441628825,0.69,94.2,93.51,24.0675,40.49101775394143,3.3,12.0,8.7,5.475,3.767210506462308,0.5,9.3,8.8,3.5923076923076924,3.861289449525606,49000.0,49000.0,0.0,49000.0,0.0,4.77e-08,2000000000000000.0,2000000000000000.0,153846153850769.22,532938710019860.7,5.0,83.0,78.0,13.851851851851851,19.68399181080102,11.0,101.0,90.0,84.14814814814814,31.075420444941752,10.811,208.9804,198.1694,31.156269522962965,50.49453454964677,54.8,2349.0,2294.2,490.1274074074074,791.7847967752283,1.0,16.0,15.0,13.25925925925926,5.218149186520508,2.0,6.0,4.0,2.4814814814814814,1.067026688213921,0.6,1.8,1.2000000000000002,0.9037037037037036,0.4586465446825535,0.93,3.44,2.51,2.7237037037037037,0.9420157588842568,90.2,4200.0,4109.8,1009.5951851851852,1437.3248061006857,968.0,9780.0,8812.0,3202.9090909090905,3165.840444338322,4.39,23.78,19.39,16.614444444444445,5.634861944697711,0.02658,140.0,139.97342,25.356677037037034,48.718429256595066,1.0,6.0,5.0,2.3703703703703702,1.1909581622824834,-3.0,1.0,4.0,-1.4814814814814814,1.1343253948973004,6e-06,7.1e-05,6.500000000000001e-05,3.348e-05,3.075388755913633e-05,6.3,320.0,313.7,124.9909090909091,147.67595024577204,10.0,32.0,22.0,17.333333333333332,10.370899457402697,0.69,94.2,93.51,31.86,44.08103673916937,3.3,12.0,8.7,6.199999999999999,4.101219330881976,0.5,9.3,8.8,4.154545454545455,3.945334099544017,49000.0,49000.0,0.0,49000.0,0.0,4.77e-08,2000000000000000.0,2000000000000000.0,181818181823636.38,574959574574344.1,22.98976928,1.8,0.93,5.13907696,1.16,0.148148148148148,0.206896551724137,0.058748403575989,0.0,0.0,0.0,0.0,0.0,0.0,0.0,0.0,3.7826880740517232
Na,Na2-3BiBPO7,Na2BiBPO7,Na3BiBPO7,mp-aaabrxrp,5.0,83.0,78.0,14.76923076923077,19.83452253077116,11.0,101.0,90.0,77.15384615384615,36.63719453872852,10.811,208.9804,198.1694,33.21002075692308,50.98170266943978,54.8,2349.0,2294.2,362.07,597.7055936598784,1.0,16.0,15.0,12.153846153846152,6.162493923806071,2.0,6.0,4.0,2.615384615384615,1.076923076923077,0.6,1.8,1.2000000000000002,1.0038461538461538,0.5130832660200706,0.93,3.44,2.51,2.547692307692308,1.041021346460764,90.2,4200.0,4109.8,822.0307692307692,1129.9584630790744,968.0,9780.0,8812.0,2827.833333333333,3158.4424651330214,4.39,23.78,19.39,18.121538461538464,4.804236665780362,0.02658,140.0,139.97342,35.03246615384615,57.93796598936986,1.0,5.0,4.0,2.3076923076923075,1.2639751327042297,-3.0,1.0,4.0,-1.6923076923076923,0.9910845174403944,6e-06,7.1e-05,6.500000000000001e-05,4.648e-05,3.0121779495906284e-05,6.3,320.0,313.7,63.48333333333333,115.05090781427536,10.0,32.0,22.0,15.5,9.526279441628825,0.69,94.2,93.51,24.0675,40.49101775394143,3.3,12.0,8.7,5.475,3.767210506462308,0.5,9.3,8.8,2.6100000000000003,3.412975241633025,49000.0,49000.0,0.0,49000.0,0.0,4.77e-08,15000.0,14999.9999999523,2500.0000002555166,5590.169943635204,5.0,83.0,78.0,15.083333333333332,20.613338454074395,11.0,101.0,90.0,82.66666666666667,32.54313376974559,10.811,208.9804,198.1694,34.06170838,52.974509664269945,54.8,2349.0,2294.2,361.3366666666667,622.1060871257321,1.0,16.0,15.0,13.083333333333334,5.468978169843268,2.0,6.0,4.0,2.583333333333333,1.114924013354971,0.6,1.8,1.2000000000000002,0.9375,0.477460731369607,0.93,3.44,2.51,2.6825,0.9683932138685536,90.2,4200.0,4109.8,794.2,1171.8094839463738,968.0,9780.0,8812.0,3199.8,3337.7770087290137,4.39,23.78,19.39,17.65,4.702504651778667,0.02658,140.0,139.97342,26.285171666666667,51.39887940325253,1.0,5.0,4.0,2.416666666666667,1.2555432644432802,-3.0,1.0,4.0,-1.75,1.010362971081845,6e-06,7.1e-05,6.500000000000001e-05,4.0350000000000005e-05,3.076146127868441e-05,6.3,320.0,313.7,74.92,122.87908528305375,10.0,32.0,22.0,17.333333333333332,10.370899457402697,0.69,94.2,93.51,31.86,44.08103673916937,3.3,12.0,8.7,6.199999999999999,4.101219330881976,0.5,9.3,8.8,3.1375,3.628941822349871,49000.0,49000.0,0.0,49000.0,0.0,4.77e-08,15000.0,14999.9999999523,3000.00000029708,5999.99999985146,22.98976928,1.8,0.93,5.13907696,1.16,0.166666666666666,0.23076923076923,0.064102564102564,0.0,0.0,0.0,0.0,0.0,0.0,0.0,0.0,3.637906706551721
Na,Na2-3CuBSO7,Na2CuBSO7,Na3CuBSO7,mp-aaabrwso,5.0,29.0,24.0,10.692307692307692,5.862325810233124,11.0,101.0,90.0,76.3076923076923,36.67819435070928,10.811,63.546,52.735,22.106700603076924,13.030760615853534,54.8,2349.0,2294.2,430.1030769230769,652.8615282017444,1.0,16.0,15.0,11.923076923076923,6.157691106519847,2.0,4.0,2.0,2.4615384615384617,0.6343239424027171,0.6,1.8,1.2000000000000002,0.9846153846153848,0.4947355996989377,0.93,3.44,2.51,2.5684615384615386,1.041336760380959,90.2,4200.0,4109.8,939.79,1270.361227961438,968.0,8920.0,7952.0,2707.333333333333,2837.0392234785118,4.39,23.78,19.39,16.914615384615384,5.531050276372771,0.02658,400.0,399.97342,65.1839276923077,112.41843860134156,1.0,6.0,5.0,2.3076923076923075,1.3234346564680963,-2.0,1.0,3.0,-1.3076923076923077,1.065877420042386,6e-06,7.1e-05,6.500000000000001e-05,4.71e-05,2.9459124223235157e-05,6.3,320.0,313.7,81.1,117.41315939876586,10.0,130.0,120.0,40.0,51.96152422706632,0.69,874.0,873.31,219.0175,378.15432268949405,3.3,48.0,44.7,14.475,19.3556677745822,0.5,9.3,8.8,2.6333333333333333,3.1260553773441413,369.0,49000.0,48631.0,24684.5,24315.5,1.678e-08,2000000000000000.0,2000000000000000.0,333333333335833.3,745355992498811.9,5.0,29.0,24.0,10.666666666666668,6.101001739241042,11.0,101.0,90.0,81.75,32.74681918395536,10.811,63.546,52.735,22.033111546666667,13.560250103645432,54.8,2349.0,2294.2,435.0391666666667,679.286717685769,1.0,16.0,15.0,12.833333333333334,5.505048188304581,2.0,4.0,2.0,2.416666666666667,0.6400954789890507,0.6,1.8,1.2000000000000002,0.9166666666666669,0.4529226080567064,0.93,3.44,2.51,2.705,0.9656043012884038,90.2,4200.0,4109.8,921.7725,1320.6370658330331,968.0,8920.0,7952.0,3055.2,2988.725909145902,4.39,23.78,19.39,16.3425,5.374642817589525,0.02658,400.0,399.97342,58.94925499999999,114.82917420739038,1.0,6.0,5.0,2.416666666666667,1.3202482931462385,-2.0,1.0,3.0,-1.3333333333333337,1.1055415967851334,6e-06,7.1e-05,6.500000000000001e-05,4.1125e-05,3.0104764988287155e-05,6.3,320.0,313.7,96.06,123.28913334110187,10.0,130.0,120.0,49.99999999999999,56.5685424949238,0.69,874.0,873.31,291.7933333333333,411.6822820520159,3.3,48.0,44.7,18.2,21.07178207935912,0.5,9.3,8.8,3.06,3.2610427780082865,369.0,49000.0,48631.0,24684.5,24315.5,1.678e-08,2000000000000000.0,2000000000000000.0,400000000003000.0,799999999998500.0,22.98976928,1.8,0.93,5.13907696,1.16,0.166666666666666,0.23076923076923,0.064102564102564,0.0,0.0,0.0,0.0,0.0,0.0,0.0,0.0,3.032991951551726
Na,Na2-3FeBPO7,Na2FeBPO7,Na3FeBPO7,mp-aaabrbbl,5.0,26.0,21.0,10.384615384615383,5.076923076923077,11.0,101.0,90.0,75.15384615384615,36.7545835003476,10.811,55.845,45.034,21.43037460307692,11.100856974641754,54.8,2349.0,2294.2,459.50076923076927,711.8245138478956,1.0,16.0,15.0,11.615384615384617,6.196009404800698,2.0,4.0,2.0,2.4615384615384617,0.6343239424027171,0.6,1.8,1.2000000000000002,0.9884615384615384,0.4977464005795932,0.93,3.44,2.51,2.533076923076923,1.0496254615182767,90.2,4200.0,4109.8,921.8,1264.4280604289038,968.0,7874.0,6906.0,2510.1666666666665,2462.3923608736463,4.39,23.78,19.39,17.02769230769231,5.519357757852955,0.02658,140.0,139.97342,40.57092769230769,58.52748097582801,1.0,6.0,5.0,2.3846153846153846,1.4432048491764398,-3.0,1.0,4.0,-1.6153846153846154,0.9230769230769232,6e-06,7.1e-05,6.500000000000001e-05,4.616e-05,3.0477900190137773e-05,6.3,320.0,313.7,86.64999999999999,120.06299388237828,10.0,211.0,201.0,60.25,87.03555308033609,0.69,490.0,489.31,123.0175,211.87744516288183,3.3,82.0,78.7,22.975,34.078099638917664,0.5,9.3,8.8,2.9600000000000004,3.4476658770826387,608.0,49000.0,48392.0,24804.0,24196.0,4.77e-08,15000.0,14999.9999999523,2500.0000000565333,5590.169943724191,5.0,26.0,21.0,10.333333333333334,5.280993172584953,11.0,101.0,90.0,80.5,33.04416236896718,10.811,55.845,45.034,21.300425046666668,11.544634316512337,54.8,2349.0,2294.2,466.88666666666666,740.4116968319419,1.0,16.0,15.0,12.5,5.605057240266746,2.0,4.0,2.0,2.416666666666667,0.6400954789890507,0.6,1.8,1.2000000000000002,0.9208333333333334,0.4571006149877969,0.93,3.44,2.51,2.666666666666667,0.9805723951969186,90.2,4200.0,4109.8,902.2833333333332,1314.1758417561766,968.0,7874.0,6906.0,2818.6,2589.452575352559,4.39,23.78,19.39,16.465,5.374553469824261,0.02658,140.0,139.97342,32.28517166666666,53.08881938704323,1.0,6.0,5.0,2.5,1.4433756729740643,-3.0,1.0,4.0,-1.6666666666666667,0.9428090415820634,6e-06,7.1e-05,6.500000000000001e-05,3.995e-05,3.111763969198178e-05,6.3,320.0,313.7,102.72,125.493735301807,10.0,211.0,201.0,77.0,94.75230867899737,0.69,490.0,489.31,163.79333333333332,230.6629460682597,3.3,82.0,78.7,29.53333333333333,37.099535786254194,0.5,9.3,8.8,3.575,3.600954734511391,608.0,49000.0,48392.0,24804.0,24196.0,4.77e-08,15000.0,14999.9999999523,3000.0000000583,5999.99999997085,22.98976928,1.8,0.93,5.13907696,1.16,0.166666666666666,0.23076923076923,0.064102564102564,0.0,0.0,0.0,0.0,0.0,0.0,0.0,0.0,3.662467991551725
Na,Na2-3MnBPO7,Na2MnBPO7,Na3MnBPO7,mp-aaabrsyt,5.0,25.0,20.0,10.307692307692308,4.841878455955758,11.0,101.0,90.0,75.07692307692307,36.78515908615977,10.811,54.938045,44.127045,21.36060883384616,10.885104827006426,54.8,2349.0,2294.2,437.0392307692308,672.3353948217939,1.0,16.0,15.0,11.538461538461538,6.24641909251132,2.0,4.0,2.0,2.4615384615384617,0.6343239424027171,0.6,1.8,1.2000000000000002,0.9884615384615384,0.4977464005795932,0.93,3.44,2.51,2.511538461538461,1.066567796206751,90.2,4200.0,4109.8,860.2615384615385,1171.303264637933,968.0,7470.0,6502.0,2442.833333333333,2315.9696613345827,4.39,23.78,19.39,17.04769230769231,5.483666872345904,0.02658,140.0,139.97342,35.01708153846154,57.94516814550988,1.0,7.0,6.0,2.4615384615384617,1.6462257353102077,-3.0,1.0,4.0,-1.6923076923076923,0.9910845174403944,6e-06,7.1e-05,6.500000000000001e-05,4.814e-05,2.843445796916129e-05,6.3,320.0,313.7,78.31666666666665,115.64245784120791,10.0,198.0,188.0,57.0,81.40638795573723,0.69,196.0,195.31,49.5175,84.57171080656937,3.3,3.3,0.0,3.3,0.0,0.5,9.3,8.8,3.3600000000000003,3.6549144996839535,49000.0,49000.0,0.0,49000.0,0.0,4.77e-08,15000.0,14999.9999999523,2500.0000002805164,5590.169943624023,5.0,25.0,20.0,10.25,5.035292113340264,11.0,101.0,90.0,80.41666666666667,33.09445656836739,10.811,54.938045,44.127045,21.22484546333333,11.318996746477996,54.8,2349.0,2294.2,442.5533333333333,699.5063884427519,1.0,16.0,15.0,12.416666666666668,5.678296888641484,2.0,4.0,2.0,2.416666666666667,0.6400954789890507,0.6,1.8,1.2000000000000002,0.9208333333333334,0.4571006149877969,0.93,3.44,2.51,2.643333333333333,1.0032724234003223,90.2,4200.0,4109.8,835.6166666666667,1215.8884857264757,968.0,7470.0,6502.0,2737.8,2431.959407555973,4.39,23.78,19.39,16.486666666666668,5.337109600606763,0.02658,140.0,139.97342,26.268505,51.404837955078456,1.0,7.0,6.0,2.583333333333333,1.6562172428626492,-3.0,1.0,4.0,-1.75,1.010362971081845,6e-06,7.1e-05,6.500000000000001e-05,4.242500000000001e-05,2.9109137311160565e-05,6.3,320.0,313.7,92.72,121.66789880654636,10.0,198.0,188.0,72.66666666666667,88.62404990871396,0.69,196.0,195.31,65.79333333333332,92.0700169556964,3.3,3.3,0.0,3.3,0.0,0.5,9.3,8.8,4.075,3.7605684410737696,49000.0,49000.0,0.0,49000.0,0.0,4.77e-08,15000.0,14999.9999999523,3000.00000032708,5999.99999983646,22.98976928,1.8,0.93,5.13907696,1.16,0.166666666666666,0.23076923076923,0.064102564102564,0.0,0.0,0.0,0.0,0.0,0.0,0.0,0.0,3.668716216551733
Na,Na2-3MnBSO7,Na2MnBSO7,Na3MnBSO7,mp-aaabrwti,5.0,25.0,20.0,10.384615384615383,4.923076923076923,11.0,101.0,90.0,75.38461538461539,36.925160197638974,10.811,54.938045,44.127045,21.444550218461536,10.962843779882382,54.8,2349.0,2294.2,442.5053846153847,671.6281732260835,1.0,16.0,15.0,11.615384615384617,6.294545398608857,2.0,4.0,2.0,2.4615384615384617,0.6343239424027171,0.6,1.8,1.2000000000000002,0.9884615384615384,0.4977464005795932,0.93,3.44,2.51,2.5415384615384617,1.0625791999719445,90.2,4200.0,4109.8,873.1746153846155,1168.7341212585875,968.0,7470.0,6502.0,2465.6666666666665,2310.414801622331,4.39,23.78,19.39,16.933076923076925,5.498598960875796,0.02658,140.0,139.97342,35.014696923076926,57.94660006119738,1.0,7.0,6.0,2.5384615384615383,1.78089798504465,-3.0,1.0,4.0,-1.6153846153846154,0.9230769230769232,6e-06,7.1e-05,6.500000000000001e-05,4.814e-05,2.843445796916129e-05,6.3,320.0,313.7,77.76666666666665,115.96869788390696,10.0,198.0,188.0,57.0,81.40638795573723,0.69,196.0,195.31,49.5175,84.57171080656937,3.3,3.3,0.0,3.3,0.0,0.5,9.3,8.8,3.1333333333333333,3.3747427885527643,49000.0,49000.0,0.0,49000.0,0.0,4.77e-08,2000000000000000.0,2000000000000000.0,333333333335833.3,745355992498811.9,5.0,25.0,20.0,10.333333333333332,5.120763831912406,11.0,101.0,90.0,80.75,33.2092482098988,10.811,54.938045,44.127045,21.315781963333336,11.40104012629582,54.8,2349.0,2294.2,448.475,698.7213307117987,1.0,16.0,15.0,12.5,5.722761571129798,2.0,4.0,2.0,2.416666666666667,0.6400954789890507,0.6,1.8,1.2000000000000002,0.9208333333333334,0.4571006149877969,0.93,3.44,2.51,2.6758333333333333,0.9943377891284676,90.2,4200.0,4109.8,849.6058333333333,1213.4852269562132,968.0,7470.0,6502.0,2765.2,2422.2507219526224,4.39,23.78,19.39,16.3625,5.340588489732818,0.02658,140.0,139.97342,26.265921666666664,51.40614690748014,1.0,7.0,6.0,2.666666666666667,1.795054935711501,-3.0,1.0,4.0,-1.6666666666666667,0.9428090415820634,6e-06,7.1e-05,6.500000000000001e-05,4.242500000000001e-05,2.9109137311160565e-05,6.3,320.0,313.7,92.06,122.11752699756084,10.0,198.0,188.0,72.66666666666667,88.62404990871396,0.69,196.0,195.31,65.79333333333332,92.0700169556964,3.3,3.3,0.0,3.3,0.0,0.5,9.3,8.8,3.6600000000000006,3.4644480079804927,49000.0,49000.0,0.0,49000.0,0.0,4.77e-08,2000000000000000.0,2000000000000000.0,400000000003000.0,799999999998500.0,22.98976928,1.8,0.93,5.13907696,1.16,0.166666666666666,0.23076923076923,0.064102564102564,0.0,0.0,0.0,0.0,0.0,0.0,0.0,0.0,2.614881566551734
Na,Na2-3VBPO7,Na2VBPO7,Na3VBPO7,mp-aaabrsxu,5.0,23.0,18.0,10.153846153846157,4.382590625613574,11.0,101.0,90.0,74.61538461538461,37.00839501755173,10.811,50.9415,40.1305,21.053182295384616,9.948590356004011,54.8,2349.0,2294.2,488.1161538461539,770.6280308597304,1.0,16.0,15.0,11.384615384615383,6.379516035881641,2.0,4.0,2.0,2.4615384615384617,0.6343239424027171,0.6,1.8,1.2000000000000002,0.9846153846153848,0.4947355996989377,0.93,3.44,2.51,2.5176923076923075,1.0612195730613532,90.2,4200.0,4109.8,963.8,1343.789834758397,968.0,6110.0,5142.0,2216.1666666666665,1828.0104318326216,4.39,23.78,19.39,17.122307692307693,5.356325022949904,0.02658,140.0,139.97342,36.801696923076925,57.4344556114859,1.0,5.0,4.0,2.3076923076923075,1.2639751327042297,-3.0,1.0,4.0,-1.5384615384615383,0.9294650748918902,6e-06,7.1e-05,6.500000000000001e-05,4.548e-05,3.126470214155254e-05,6.3,320.0,313.7,84.98333333333332,118.95872416748406,10.0,128.0,118.0,39.5,51.09549882328188,0.69,628.0,627.31,157.5175,271.6331980240081,3.3,47.0,43.7,14.225,18.922655072689984,0.5,9.3,8.8,3.5600000000000005,3.817643252060098,628.0,49000.0,48372.0,24814.0,24186.0,4.77e-08,15000.0,14999.9999999523,2500.00000007335,5590.169943716671,5.0,23.0,18.0,10.083333333333334,4.554454473979903,11.0,101.0,90.0,79.91666666666667,33.44263330275028,10.811,50.9415,40.1305,20.891800046666667,10.338459552479645,54.8,2349.0,2294.2,497.88666666666666,801.3211013521496,1.0,16.0,15.0,12.25,5.8612427578685615,2.0,4.0,2.0,2.416666666666667,0.6400954789890507,0.6,1.8,1.2000000000000002,0.9166666666666669,0.4529226080567064,0.93,3.44,2.51,2.6500000000000004,0.9962262125976542,90.2,4200.0,4109.8,947.7833333333332,1397.4681068712166,968.0,6110.0,5142.0,2465.8,1906.8418287839188,4.39,23.78,19.39,16.5675,5.203798492447608,0.02658,140.0,139.97342,28.20183833333333,51.10930803754599,1.0,5.0,4.0,2.416666666666667,1.2555432644432802,-3.0,1.0,4.0,-1.5833333333333337,0.9537935951882998,6e-06,7.1e-05,6.500000000000001e-05,3.91e-05,3.19112832709686e-05,6.3,320.0,313.7,100.72,124.48115359362636,10.0,128.0,118.0,49.33333333333333,55.62573345334173,0.69,628.0,627.31,209.7933333333333,295.7167699374221,3.3,47.0,43.7,17.866666666666667,20.600377558568084,0.5,9.3,8.8,4.325,3.910482706776748,628.0,49000.0,48372.0,24814.0,24186.0,4.77e-08,15000.0,14999.9999999523,3000.00000007848,5999.99999996076,22.98976928,1.8,0.93,5.13907696,1.16,0.166666666666666,0.23076923076923,0.064102564102564,0.0,0.0,0.0,0.0,0.0,0.0,0.0,0.0,2.967536531551719
Na,Na4-6B4Sb2SO16,Na4B4Sb2SO16,Na6B4Sb2SO16,mp-aaabruqj,5.0,51.0,46.0,11.448275862068964,10.997135071734323,11.0,101.0,90.0,79.17241379310346,35.26751847934363,10.811,121.76,110.949,24.57786260965517,26.842755062317963,54.8,2349.0,2294.2,506.6875862068965,772.0046242788749,1.0,16.0,15.0,12.413793103448276,5.916180276212185,2.0,5.0,3.0,2.4482758620689653,0.8130914567276963,0.6,1.8,1.2000000000000002,0.9551724137931036,0.4855400170990218,0.93,3.44,2.51,2.6020689655172413,1.0151044767372632,90.2,4200.0,4109.8,1021.278275862069,1388.319000796607,968.0,6697.0,5729.0,2384.7692307692305,1950.0916409963977,4.39,23.78,19.39,16.893448275862067,5.628119840317883,0.02658,140.0,139.97342,34.36656137931035,54.90345684702568,1.0,6.0,5.0,2.2758620689655173,1.200475530036497,-3.0,1.0,4.0,-1.4482758620689655,1.101290994666987,6e-06,7.1e-05,6.500000000000001e-05,3.933333333333333e-05,3.1710495984067415e-05,6.3,320.0,313.7,108.42307692307692,141.5852836433882,10.0,55.0,45.0,21.25,19.48557158514987,0.69,294.0,293.31,74.0175,127.00695559200686,3.3,20.0,16.7,7.475,7.231312121600063,0.5,9.3,8.8,3.7076923076923074,3.830537527747156,49000.0,49000.0,0.0,49000.0,0.0,4.77e-08,2000000000000000.0,2000000000000000.0,153846153850769.2,532938710019860.6,5.0,51.0,46.0,11.48148148148148,11.396459392903637,11.0,101.0,90.0,84.22222222222221,31.08332092145517,10.811,121.76,110.949,24.69549915259259,27.815565695718583,54.8,2349.0,2294.2,516.7481481481482,799.168953105463,1.0,16.0,15.0,13.25925925925926,5.218149186520508,2.0,5.0,3.0,2.4074074074074074,0.828173324999922,0.6,1.8,1.2000000000000002,0.8925925925925925,0.4432004194458554,0.93,3.44,2.51,2.7259259259259254,0.9403870726274812,90.2,4200.0,4109.8,1011.2988888888888,1438.317832089338,968.0,6697.0,5729.0,2642.363636363636,2015.683338799537,4.39,23.78,19.39,16.383333333333333,5.499903029448186,0.02658,140.0,139.97342,26.54186222222222,48.47578669081047,1.0,6.0,5.0,2.3703703703703702,1.1909581622824834,-3.0,1.0,4.0,-1.4814814814814814,1.1343253948973004,6e-06,7.1e-05,6.500000000000001e-05,3.3e-05,3.108054053584011e-05,6.3,320.0,313.7,126.99090909090911,146.4589452530234,10.0,55.0,45.0,25.0,21.213203435596427,0.69,294.0,293.31,98.46,138.2676599932175,3.3,20.0,16.7,8.866666666666665,7.872455497210229,0.5,9.3,8.8,4.290909090909091,3.889719444300823,49000.0,49000.0,0.0,49000.0,0.0,4.77e-08,2000000000000000.0,2000000000000000.0,181818181823636.38,574959574574344.1,22.98976928,1.8,0.93,5.13907696,1.16,0.148148148148148,0.206896551724137,0.058748403575989,0.0,0.0,0.0,0.0,0.0,0.0,0.0,0.0,2.051491209051722
Na,Na2-3SiBSbO7,Na2SiBSbO7,Na3SiBSbO7,mp-aaabrwov,5.0,51.0,46.0,12.230769230769232,11.396044159497064,11.0,101.0,90.0,76.84615384615384,36.54890538999904,10.811,121.76,110.949,26.278585218461536,27.916485582098407,54.8,2349.0,2294.2,495.0761538461539,703.1762041845279,1.0,16.0,15.0,12.076923076923077,6.132655823998384,2.0,5.0,3.0,2.5384615384615383,0.8426500884694864,0.6,1.8,1.2000000000000002,1.0,0.5019193928541484,0.93,3.44,2.51,2.527692307692308,1.0504222875817708,90.2,4200.0,4109.8,1025.569230769231,1287.8183719194467,968.0,6697.0,5729.0,2398.5,2025.8565061063264,4.39,23.78,19.39,17.5,4.964444348797526,0.02658,150.0,149.97342,47.78354307692308,63.80410770998795,1.0,5.0,4.0,2.230769230769231,1.1200169060431566,-4.0,1.0,5.0,-1.7692307692307692,1.1200169060431566,2.6e-06,7.1e-05,6.840000000000001e-05,3.876666666666667e-05,3.232551451854849e-05,6.3,320.0,313.7,80.14999999999999,112.35281853755755,10.0,55.0,45.0,26.4,20.244505427399307,0.69,294.0,293.31,74.0175,127.00695559200686,3.3,20.0,16.7,7.475,7.231312121600063,0.5,9.3,8.8,3.3833333333333333,3.410970862118617,49000.0,49000.0,0.0,49000.0,0.0,4.77e-08,15000.0,14999.9999999523,2500.000166760017,5590.1698691721385,5.0,51.0,46.0,12.333333333333332,11.855612829185826,11.0,101.0,90.0,82.33333333333334,32.49187932733689,10.811,121.76,110.949,26.55265321333333,29.039591515800705,54.8,2349.0,2294.2,505.4266666666666,730.936915749612,1.0,16.0,15.0,13.0,5.446711546122731,2.0,5.0,3.0,2.5,0.8660254037844386,0.6,1.8,1.2000000000000002,0.9333333333333332,0.4638306683358582,0.93,3.44,2.51,2.6608333333333336,0.982288639974128,90.2,4200.0,4109.8,1014.7,1339.8308413129373,968.0,6697.0,5729.0,2684.6000000000004,2105.6576739821694,4.39,23.78,19.39,16.976666666666667,4.810312417666399,0.02658,150.0,149.97342,40.098838333333326,60.35312952206176,1.0,5.0,4.0,2.333333333333333,1.1055415967851332,-4.0,1.0,5.0,-1.8333333333333333,1.1426091000668408,2.6e-06,7.1e-05,6.840000000000001e-05,3.232e-05,3.169494596934975e-05,6.3,320.0,313.7,94.92,117.6387249165852,10.0,55.0,45.0,30.5,20.69420208657488,0.69,294.0,293.31,98.46,138.2676599932175,3.3,20.0,16.7,8.866666666666665,7.872455497210229,0.5,9.3,8.8,3.96,3.4592484732958977,49000.0,49000.0,0.0,49000.0,0.0,4.77e-08,15000.0,14999.9999999523,3000.00020010248,5999.9998999487725,22.98976928,1.8,0.93,5.13907696,1.16,0.166666666666666,0.23076923076923,0.064102564102564,0.0,0.0,0.0,0.0,0.0,0.0,0.0,0.0,1.6956072115517211
Na,Na0-1Ba2(CuO2)3,Ba2(CuO2)3,Ba2Na(CuO2)3,mp-aaaablif,8.0,56.0,48.0,21.5,17.684739183827393,11.0,101.0,90.0,71.75,35.93309755643117,15.9994,137.327,121.3276,48.68984744,44.203781488825456,54.8,1357.77,1302.97,564.415,567.4070708715217,1.0,16.0,15.0,11.166666666666666,5.857094463601859,2.0,6.0,4.0,3.25,1.479019945774904,0.6,2.15,1.5499999999999998,1.1458333333333333,0.6025841342824161,0.89,3.44,2.55,2.4208333333333334,1.0784051367129557,90.2,3200.0,3109.8,1298.6,1324.5661780371715,968.0,8920.0,7952.0,5791.333333333333,3241.3776220750474,7.11,38.16,31.05,18.799166666666665,9.986780811263568,0.02658,400.0,399.97342,114.67995666666668,168.92554935684828,1.0,4.0,3.0,2.4166666666666665,0.9537935951882998,-2.0,2.0,4.0,-0.5,1.6583123951777,1.65e-05,7.1e-05,5.45e-05,2.695e-05,1.9784905862803597e-05,6.3,140.0,133.7,74.25,65.75920087713962,10.0,130.0,120.0,71.0,59.00847396772772,0.69,874.0,873.31,655.6725,378.154322689494,3.3,48.0,44.7,26.183333333333334,21.823184664225543,0.5,3.0,2.5,2.0,1.0307764064044151,369.0,369.0,0.0,369.0,0.0,1.678e-08,3.32e-07,3.1522e-07,1.2700666666666668e-07,1.4536381652789512e-07,8.0,56.0,48.0,22.454545454545453,18.172724998862925,14.0,101.0,87.0,77.27272727272727,32.28872842759644,15.9994,137.327,121.3276,51.02621818181818,45.45442537395047,54.8,1357.77,1302.97,582.0099999999999,589.4947233629215,2.0,16.0,14.0,12.09090909090909,5.212825886120528,2.0,6.0,4.0,3.2727272727272725,1.5427784316797402,0.6,2.15,1.5499999999999998,1.0863636363636362,0.5947080678369961,0.89,3.44,2.55,2.556363636363636,1.0238454493390257,90.2,3200.0,3109.8,1311.5636363636363,1382.7352124570325,3510.0,8920.0,5410.0,6756.0,2650.347901691399,7.11,38.16,31.05,18.346363636363638,10.312240980969497,0.02658,400.0,399.97342,112.37813454545451,176.25671047854635,2.0,4.0,2.0,2.5454545454545454,0.8907235428302466,-2.0,2.0,4.0,-0.4545454545454545,1.7248787237282068,1.65e-05,2.06e-05,4.099999999999998e-06,1.814e-05,2.008581589082205e-06,9.6,140.0,130.4,87.84,63.882692491785285,13.0,130.0,117.0,83.2,57.31805998112637,874.0,874.0,0.0,874.0,0.0,4.9,48.0,43.1,30.76,21.114601582791,1.25,3.0,1.75,2.3,0.8573214099741123,369.0,369.0,0.0,369.0,0.0,1.678e-08,3.32e-07,3.1522e-07,1.42868e-07,1.544256313440227e-07,22.98976928,1.8,0.93,5.13907696,1.16,0.0,0.083333333333333,0.083333333333333,0.0,0.0,0.0,0.0,0.0,0.0,0.0,0.0,2.459639041551728
Na,Na1-2BaSn,BaNaSn,BaNa2Sn,mp-aaacctep,11.0,56.0,45.0,32.0,21.106870919205434,11.0,83.0,72.0,29.75,30.768287245149025,22.98976928,137.327,114.33723072,75.50413464,52.92525536347054,370.87,1000.0,629.13,561.705,258.9135435333579,1.0,14.0,13.0,4.5,5.5,3.0,6.0,3.0,4.25,1.299038105676658,1.45,2.15,0.7,1.8,0.2474873734152916,0.89,1.96,1.0699999999999998,1.1775,0.4520716204319842,1156.0,2875.0,1719.0,1832.5,724.3136406281467,968.0,7310.0,6342.0,3189.0,2595.735155981827,16.29,38.16,21.87,25.5025,7.9217497278063504,18.0,140.0,122.0,91.25,51.73671327017208,1.0,4.0,3.0,2.0,1.224744871391589,-4.0,2.0,6.0,-1.0,2.1213203435596424,2.06e-05,7.1e-05,5.0400000000000005e-05,4.615e-05,2.4854929088613396e-05,6.3,58.0,51.7,20.05,21.95182224782262,10.0,50.0,40.0,20.75,16.931848688197046,0.69,51.0,50.31,17.46,23.716361440996803,3.3,18.0,14.7,7.375,6.1690254497772985,0.5,1.5,1.0,0.9375,0.4463392767839281,628.0,970.0,0.0,706.0,0.0,4.77e-08,3.32e-07,2.843e-07,1.3435e-07,1.169133119024519e-07,11.0,56.0,45.0,39.0,19.94993734326,11.0,83.0,72.0,36.0,33.25657829663178,22.98976928,137.327,114.33723072,93.00892309333332,50.09098120953794,370.87,1000.0,629.13,625.3166666666666,270.54732331988714,1.0,14.0,13.0,5.666666666666666,5.9066817155564495,3.0,6.0,3.0,4.666666666666666,1.247219128924647,1.45,2.15,0.7,1.7999999999999998,0.2857738033247041,0.89,1.96,1.0699999999999998,1.26,0.4952440475832765,1156.0,2875.0,1719.0,2058.0,704.3479253891502,968.0,7310.0,6342.0,3929.333333333333,2606.034194369334,16.29,38.16,21.87,26.076666666666664,9.074882307164588,18.0,140.0,122.0,75.0,50.1265066273989,1.0,4.0,3.0,2.333333333333333,1.247219128924647,-4.0,2.0,6.0,-1.0,2.449489742783178,2.06e-05,7.1e-05,5.0400000000000005e-05,3.786666666666667e-05,2.3435775121714144e-05,6.3,58.0,51.7,24.633333333333333,23.632228465005625,10.0,50.0,40.0,24.33333333333333,18.190351532856337,0.69,51.0,50.31,25.845,25.155,3.3,18.0,14.7,8.733333333333334,6.5849997890829295,0.5,1.5,1.0,1.0833333333333333,0.4249182927993987,628.0,970.0,0.0,716.75,0.0,4.77e-08,3.32e-07,2.843e-07,1.6323333333333333e-07,1.2201629217262568e-07,22.98976928,1.8,0.93,5.13907696,1.16,0.333333333333333,0.5,0.166666666666667,0.0,0.0,0.0,0.0,0.0,0.0,0.0,0.0,0.615049896551723
Na,Na4-6Bi2P(CO4)4,Na4Bi2P(CO4)4,Na6Bi2P(CO4)4,mp-aaabsjri,6.0,83.0,77.0,13.758620689655173,18.943937566179216,11.0,101.0,90.0,80.20689655172414,35.58319955215676,12.0107,208.9804,196.9697,30.72090957517241,48.700149488231496,54.8,3800.0,3745.2,679.5903448275863,1258.5334914603852,1.0,16.0,15.0,12.517241379310343,5.92260828873023,2.0,6.0,4.0,2.5172413793103448,1.0379253064339593,0.6,1.8,1.2000000000000002,0.9448275862068966,0.5048633867087227,0.93,3.44,2.51,2.656896551724138,0.996200033396824,90.2,4300.0,4209.8,1027.696551724138,1420.6747397610072,968.0,9780.0,8812.0,2789.153846153846,3034.005979562939,5.29,23.78,18.49,17.28413793103448,5.449428009997696,0.02658,140.0,139.97342,48.85038896551725,66.15645313209538,1.0,5.0,4.0,2.3793103448275863,1.2432935432634449,-4.0,-1.0,3.0,-2.1724137931034484,0.9123280382981348,7.1e-06,7.1e-05,6.390000000000001e-05,4.01e-05,3.097127701597078e-05,6.3,33.0,26.7,18.67692307692308,12.71698766013119,10.0,32.0,22.0,15.5,9.526279441628825,0.69,94.2,93.51,24.0675,40.49101775394143,3.3,12.0,8.7,5.475,3.767210506462308,0.5,2.25,1.75,0.7916666666666666,0.6521864934374387,628.0,970.0,0.0,706.0,0.0,4.77e-08,1e-05,9.9523e-06,3.305092307692308e-06,4.483684908208279e-06,6.0,83.0,77.0,13.962962962962964,19.61760638074226,11.0,101.0,90.0,85.33333333333333,31.287200080686173,12.0107,208.9804,196.9697,31.293586634074074,50.42450766986635,54.8,3800.0,3745.2,702.4585185185185,1301.4031413587973,1.0,16.0,15.0,13.37037037037037,5.207886812135127,2.0,6.0,4.0,2.4814814814814814,1.067026688213921,0.6,1.8,1.2000000000000002,0.8814814814814814,0.4643091539026613,0.93,3.44,2.51,2.784814814814814,0.9103087403422446,90.2,4300.0,4209.8,1018.1925925925924,1471.9075861504866,968.0,9780.0,8812.0,3120.272727272727,3188.4487562252552,5.29,23.78,18.49,16.80296296296296,5.342173101189506,0.02658,140.0,139.97342,42.09856592592592,63.55990384360225,1.0,5.0,4.0,2.4814814814814814,1.2283795519834817,-4.0,-1.0,3.0,-2.259259259259259,0.885797092081585,7.1e-06,7.1e-05,6.390000000000001e-05,3.392e-05,3.036296428216455e-05,6.3,33.0,26.7,20.92727272727273,12.578126100431142,10.0,32.0,22.0,17.333333333333332,10.370899457402697,0.69,94.2,93.51,31.86,44.08103673916937,3.3,12.0,8.7,6.199999999999999,4.101219330881976,0.5,2.25,1.75,0.8500000000000001,0.7000000000000001,628.0,970.0,0.0,716.75,0.0,4.77e-08,1e-05,9.9523e-06,3.897345454545454e-06,4.634504814651162e-06,22.98976928,1.8,0.93,5.13907696,1.16,0.148148148148148,0.206896551724137,0.058748403575989,0.0,0.0,0.0,0.0,0.0,0.0,0.0,0.0,2.648505494051722
Na,Na2-6Bi2C4SO16,Na2Bi2C4SO16,Na6Bi2C4SO16,mp-aaabrtke,6.0,83.0,77.0,13.79310344827586,18.947075673451707,11.0,101.0,90.0,80.34482758620689,35.62861680328189,12.0107,208.9804,196.9697,30.758538471724133,48.700751898092165,54.8,3800.0,3745.2,682.0406896551724,1257.8947467479447,1.0,16.0,15.0,12.551724137931036,5.939849103485372,2.0,6.0,4.0,2.5172413793103448,1.0379253064339593,0.6,1.8,1.2000000000000002,0.9448275862068966,0.5048633867087227,0.93,3.44,2.51,2.6703448275862067,0.9924316453787172,90.2,4300.0,4209.8,1033.4851724137932,1419.0576223449543,968.0,9780.0,8812.0,2799.692307692308,3030.868100691117,5.29,23.78,18.49,17.23275862068965,5.458692464729503,0.02658,140.0,139.97342,48.849320000000006,66.15723888755687,1.0,6.0,5.0,2.413793103448276,1.3265782111497475,-4.0,-1.0,3.0,-2.1379310344827585,0.8992003317520895,7.1e-06,7.1e-05,6.390000000000001e-05,4.01e-05,3.097127701597078e-05,6.3,33.0,26.7,18.423076923076923,12.899323407787644,10.0,32.0,22.0,15.5,9.526279441628825,0.69,94.2,93.51,24.0675,40.49101775394143,3.3,12.0,8.7,5.475,3.767210506462308,0.5,2.25,1.75,0.8846153846153846,0.7044868878467001,628.0,970.0,0.0,706.0,0.0,4.77e-08,2000000000000000.0,2000000000000000.0,153846153846153.84,532938710021193.06,6.0,83.0,77.0,14.240000000000002,20.37111680787285,11.0,101.0,90.0,91.44,24.08332202998581,12.0107,208.9804,196.9697,32.0015415424,52.345426662846656,54.8,3800.0,3745.2,731.828,1348.1453693693422,1.0,16.0,15.0,14.4,4.019950248448356,2.0,6.0,4.0,2.4400000000000004,1.0983624174196784,0.6,1.8,1.2000000000000002,0.808,0.3999199919983996,0.93,3.44,2.51,2.9488,0.7618153057007978,90.2,4300.0,4209.8,1013.8828,1527.4601883323048,968.0,9780.0,8812.0,3613.7777777777774,3333.9182079475127,5.29,23.78,18.49,16.185200000000002,5.158381234457182,0.02658,140.0,139.97342,34.2652112,59.45601260240288,1.0,6.0,5.0,2.64,1.292439553712281,-4.0,-1.0,3.0,-2.3200000000000003,0.835224520712844,7.1e-06,7.1e-05,6.390000000000001e-05,2.4650000000000003e-05,2.6883498656238927e-05,6.3,33.0,26.7,23.81111111111111,12.08281097210638,10.0,32.0,22.0,21.0,11.0,0.69,94.2,93.51,47.445,46.755,3.3,12.0,8.7,7.65,4.35,0.5,2.25,1.75,1.0555555555555556,0.7886149759210217,628.0,970.0,0.0,716.75,0.0,4.77e-08,2000000000000000.0,2000000000000000.0,222222222222222.25,628539361054709.0,22.98976928,1.8,0.93,5.13907696,1.16,0.08,0.206896551724137,0.126896551724137,0.0,0.0,0.0,0.0,0.0,0.0,0.0,0.0,2.808920395301722
Na,Na1-2BiPCO7,NaBiPCO7,Na2BiPCO7,mp-aaabrshe,6.0,83.0,77.0,15.166666666666668,20.57439076997313,11.0,101.0,90.0,83.41666666666667,32.71456946920677,12.0107,208.9804,196.9697,34.16168338,52.93165064530034,54.8,3800.0,3745.2,482.2533333333333,1014.163929618328,1.0,16.0,15.0,13.166666666666668,5.474689235218947,2.0,6.0,4.0,2.583333333333333,1.114924013354971,0.6,1.8,1.2000000000000002,0.925,0.4815340071064555,0.93,3.44,2.51,2.725,0.9502850449558105,90.2,4300.0,4209.8,802.5333333333333,1196.103962408322,968.0,9780.0,8812.0,3161.2,3347.2119383152303,5.29,23.78,18.49,17.725,4.492930558110152,0.02658,140.0,139.97342,35.70183833333333,60.2554323394173,1.0,5.0,4.0,2.5,1.3228756555322951,-4.0,-1.0,3.0,-2.166666666666667,0.7993052538854533,7.1e-06,7.1e-05,6.390000000000001e-05,4.0625000000000005e-05,3.045655717575445e-05,6.3,33.0,26.7,17.520000000000003,11.96351119028189,10.0,32.0,22.0,17.333333333333332,10.370899457402697,0.69,94.2,93.51,31.86,44.08103673916937,3.3,12.0,8.7,6.199999999999999,4.101219330881976,0.5,2.25,1.75,0.9375,0.7577722283113838,628.0,970.0,0.0,706.0,0.0,4.77e-08,1e-05,9.9523e-06,2.2970800000000003e-06,3.880612527630143e-06,6.0,83.0,77.0,15.545454545454549,21.449151864408982,11.0,101.0,90.0,90.0,25.4451281280827,12.0107,208.9804,196.9697,35.17731193454546,55.17324574037577,54.8,3800.0,3745.2,492.3790909090909,1058.6787488567963,1.0,16.0,15.0,14.272727272727272,4.2445881927013644,2.0,6.0,4.0,2.5454545454545454,1.157083823759805,0.6,1.8,1.2000000000000002,0.8454545454545455,0.4207431441965867,0.93,3.44,2.51,2.888181818181818,0.8158410961791983,90.2,4300.0,4209.8,770.4,1244.320899855894,968.0,9780.0,8812.0,3709.5,3535.763036460447,5.29,23.78,18.49,17.174545454545452,4.287837691204706,0.02658,140.0,139.97342,26.22018727272728,53.683906691847625,1.0,5.0,4.0,2.6363636363636367,1.2984415324623364,-4.0,-1.0,3.0,-2.2727272727272725,0.7496555682941201,7.1e-06,7.1e-05,6.390000000000001e-05,3.0500000000000003e-05,2.8753086790812568e-05,6.3,33.0,26.7,20.325,11.813842516302644,10.0,32.0,22.0,21.0,11.0,0.69,94.2,93.51,47.445,46.755,3.3,12.0,8.7,7.65,4.35,0.5,2.25,1.75,1.0833333333333337,0.8249579113843055,628.0,970.0,0.0,716.75,0.0,4.77e-08,1e-05,9.9523e-06,2.859425e-06,4.152442954680413e-06,22.98976928,1.8,0.93,5.13907696,1.16,0.09090909090909,0.166666666666666,0.075757575757576,0.0,0.0,0.0,0.0,0.0,0.0,0.0,0.0,4.461097456551716
Na,Na2-3SiBiCO7,Na2SiBiCO7,Na3SiBiCO7,mp-aaabrwui,6.0,83.0,77.0,14.76923076923077,19.799587587600232,11.0,101.0,90.0,77.46153846153845,36.77920688611431,12.0107,208.9804,196.9697,33.08013137230769,50.958110772208045,54.8,3800.0,3745.2,579.046923076923,1024.963635455384,1.0,16.0,15.0,12.153846153846152,6.149998797325134,2.0,6.0,4.0,2.615384615384615,1.076923076923077,0.6,1.8,1.2000000000000002,1.0,0.5188745216627708,0.93,3.44,2.51,2.5646153846153847,1.0421325427633428,90.2,4300.0,4209.8,1031.4923076923076,1305.808483107769,968.0,9780.0,8812.0,2880.1666666666665,3142.597143376089,5.29,23.78,18.49,17.80923076923077,4.8864261937274325,0.02658,150.0,149.97342,55.245081538461534,68.66180076790452,1.0,5.0,4.0,2.3076923076923075,1.2015768732164085,-4.0,-1.0,3.0,-2.153846153846154,0.9483713850721502,2.6e-06,7.1e-05,6.840000000000001e-05,3.935e-05,3.180459872408391e-05,6.3,100.0,93.7,30.483333333333327,33.15033517511131,10.0,47.0,37.0,21.8,15.210522673465237,0.69,94.2,93.51,24.0675,40.49101775394143,3.3,12.0,8.7,5.475,3.767210506462308,0.5,6.5,6.0,1.7916666666666663,2.200457654418482,628.0,970.0,0.0,706.0,0.0,4.77e-08,0.001,0.0009999523,0.0001685721833333,0.0003718427501339,6.0,83.0,77.0,15.083333333333332,20.576922078440745,11.0,101.0,90.0,83.0,32.65986323710904,12.0107,208.9804,196.9697,33.92099488,52.95216211412541,54.8,3800.0,3745.2,596.395,1064.980704109234,1.0,16.0,15.0,13.083333333333334,5.453719423985392,2.0,6.0,4.0,2.583333333333333,1.114924013354971,0.6,1.8,1.2000000000000002,0.9333333333333332,0.4836206042848969,0.93,3.44,2.51,2.7008333333333336,0.967121660162544,90.2,4300.0,4209.8,1021.1166666666664,1358.6136106544625,968.0,9780.0,8812.0,3262.6,3312.6377163825205,5.29,23.78,18.49,17.311666666666667,4.759045480859465,0.02658,150.0,149.97342,48.182171666666655,66.77433697866343,1.0,5.0,4.0,2.416666666666667,1.1873172373979173,-4.0,-1.0,3.0,-2.25,0.924211375534118,2.6e-06,7.1e-05,6.840000000000001e-05,3.3020000000000006e-05,3.119976922991579e-05,6.3,100.0,93.7,35.32,34.32744674455122,10.0,47.0,37.0,24.75,15.674421839417237,0.69,94.2,93.51,31.86,44.08103673916937,3.3,12.0,8.7,6.199999999999999,4.101219330881976,0.5,6.5,6.0,2.05,2.325940669922601,628.0,970.0,0.0,716.75,0.0,4.77e-08,0.001,0.0009999523,0.00020227708,0.0003988788245028,22.98976928,1.8,0.93,5.13907696,1.16,0.166666666666666,0.23076923076923,0.064102564102564,0.0,0.0,0.0,0.0,0.0,0.0,0.0,0.0,3.485697316551711
Na,Na1-3BiF6,NaBiF6,Na3BiF6,mp-aaaabooq,9.0,83.0,74.0,17.0,22.018174311236617,11.0,102.0,91.0,73.19999999999999,40.95558569963321,18.9984032,208.9804,189.9819968,39.194012704,56.623604340670845,53.53,544.4,490.87,197.819,182.9956907935266,1.0,17.0,16.0,12.0,7.224956747275377,2.0,6.0,4.0,2.7,1.1874342087037917,0.5,1.8,1.3,1.0,0.6148170459575759,0.93,3.98,3.05,2.869,1.393050250349929,85.03,1837.0,1751.97,581.518,636.0287542367877,968.0,9780.0,8812.0,3171.0,3815.7079290742367,11.2,23.78,12.580000000000002,15.985,5.899313943163222,0.0277,140.0,139.9723,42.81662,63.664256157985534,-1.0,5.0,6.0,0.2,1.833030277982336,-3.0,-1.0,2.0,-1.2000000000000002,0.6,1.34e-05,7.1e-05,5.76e-05,5.6599999999999993e-05,2.4941531628991837e-05,6.3,31.0,24.7,12.474999999999998,10.695413736737818,10.0,32.0,22.0,15.5,9.526279441628825,0.69,94.2,93.51,24.0675,40.49101775394143,3.3,12.0,8.7,5.475,3.767210506462308,0.5,2.25,1.75,0.9375,0.7577722283113838,628.0,970.0,0.0,706.0,0.0,4.77e-08,1.29e-06,1.2423e-06,3.58275e-07,5.37931679560704e-07,9.0,83.0,74.0,18.5,24.3874967965144,11.0,102.0,91.0,88.75,29.794084983432533,18.9984032,208.9804,189.9819968,43.24507356,62.65568801286895,53.53,544.4,490.87,154.55625,180.2802010023217,1.0,17.0,16.0,14.75,5.238081709939241,2.0,6.0,4.0,2.625,1.3169567191065925,0.5,1.8,1.3,0.8,0.5220153254455275,0.93,3.98,3.05,3.35375,1.118402180568332,85.03,1837.0,1751.97,437.8975,634.4536863859724,968.0,9780.0,8812.0,5374.0,4406.0,11.2,23.78,12.580000000000002,14.03625,4.951186568641905,0.0277,140.0,139.9723,18.520775,45.98892767685365,-1.0,5.0,6.0,0.0,2.0,-3.0,-1.0,2.0,-1.25,0.6614378277661477,1.34e-05,7.1e-05,5.76e-05,4.22e-05,2.88e-05,6.3,31.0,24.7,18.65,12.35,10.0,32.0,22.0,21.0,11.0,0.69,94.2,93.51,47.445,46.755,3.3,12.0,8.7,7.65,4.35,0.5,2.25,1.75,1.375,0.875,628.0,970.0,0.0,716.75,0.0,4.77e-08,1.29e-06,1.2423e-06,6.6885e-07,6.2115e-07,22.98976928,1.8,0.93,5.13907696,1.16,0.125,0.3,0.175,0.0,0.0,0.0,0.0,0.0,0.0,0.0,0.0,3.667185041551722
Na,Na0-0.5BiO2,BiO2,Na(BiO2)2,mp-aaacylmh,8.0,83.0,75.0,29.85714285714285,33.62579185017091,11.0,101.0,90.0,84.14285714285714,30.47916652135905,15.9994,208.9804,192.981,72.13545275428572,86.58060080711509,54.8,544.4,489.6,239.83857142857136,220.27309494148852,1.0,16.0,15.0,13.571428571428571,5.150787536377128,2.0,6.0,4.0,3.2857142857142856,1.749635530559413,0.6,1.8,1.2000000000000002,1.057142857142857,0.5314592925068079,0.93,3.44,2.51,2.6757142857142853,0.9444553554124974,90.2,1837.0,1746.8,741.542857142857,780.9168144049711,968.0,9780.0,8812.0,6842.666666666667,4154.016637210571,17.36,23.78,6.420000000000002,19.40571428571429,2.482129599142393,0.02658,140.0,139.97342,22.30090285714285,48.17629966855301,1.0,5.0,4.0,2.714285714285714,1.4846149779161804,-3.0,-1.0,2.0,-2.142857142857143,0.6388765649999399,1.34e-05,7.1e-05,5.76e-05,3.26e-05,2.7152900397563427e-05,6.3,31.0,24.7,22.766666666666666,11.643691663538482,10.0,32.0,22.0,24.666666666666664,10.370899457402697,0.69,94.2,93.51,63.03,44.08103673916937,3.3,12.0,8.7,9.1,4.101219330881976,0.5,2.25,1.75,1.6666666666666667,0.8249579113843054,628.0,970.0,0.0,706.0,0.0,4.77e-08,1.29e-06,1.2423e-06,8.759e-07,5.856258361786986e-07,8.0,83.0,75.0,33.0,35.35533905932738,87.0,101.0,14.0,96.33333333333331,6.599663291074443,15.9994,208.9804,192.981,80.3264,90.97211582677409,54.8,544.4,489.6,218.0,230.79965337928908,15.0,16.0,1.0,15.666666666666666,0.4714045207910317,2.0,6.0,4.0,3.333333333333333,1.8856180831641267,0.6,1.6,1.0,0.9333333333333332,0.4714045207910317,2.02,3.44,1.42,2.9666666666666663,0.669394419523265,90.2,1837.0,1746.8,672.4666666666666,823.449416917774,9780.0,9780.0,0.0,9780.0,0.0,17.36,21.31,3.9499999999999993,18.676666666666662,1.8620478571245749,0.02658,8.0,7.97342,2.6843866666666667,3.758706234165628,2.0,5.0,3.0,3.0,1.4142135623730951,-3.0,-2.0,1.0,-2.333333333333333,0.4714045207910317,1.34e-05,1.34e-05,0.0,1.34e-05,0.0,31.0,31.0,0.0,31.0,0.0,32.0,32.0,0.0,32.0,0.0,94.2,94.2,0.0,94.2,0.0,12.0,12.0,0.0,12.0,0.0,2.25,2.25,0.0,2.25,0.0,628.0,970.0,0.0,716.75,0.0,1.29e-06,1.29e-06,0.0,1.29e-06,0.0,22.98976928,1.8,0.93,5.13907696,1.16,0.0,0.142857142857142,0.142857142857142,0.0,0.0,0.0,0.0,0.0,0.0,0.0,0.0,2.758700919051723
Na,Na3-5Bi(P2O7)2,Na3Bi(P2O7)2,Na5Bi(P2O7)2,mp-aaabrfuq,8.0,83.0,75.0,12.916666666666668,14.840588113533626,11.0,101.0,90.0,79.83333333333334,35.60625725284189,15.9994,208.9804,192.981,27.992328933333333,38.1504644346907,54.8,544.4,489.6,184.79791666666665,159.32767394009028,1.0,16.0,15.0,12.666666666666668,5.997684738482194,2.0,6.0,4.0,2.541666666666667,0.8650224788344456,0.6,1.8,1.2000000000000002,0.9583333333333331,0.4898270669895199,0.93,3.44,2.51,2.6495833333333336,1.015970304547442,90.2,1837.0,1746.8,461.6583333333333,510.9252863813739,968.0,9780.0,8812.0,2191.2,2561.508571135377,17.02,23.78,6.760000000000002,18.805416666666662,2.677105058277609,0.02658,140.0,139.97342,29.554838333333333,56.679107490151054,1.0,5.0,4.0,2.416666666666667,1.3819269959814169,-3.0,-1.0,2.0,-2.0,0.6454972243679028,1.34e-05,7.1e-05,5.76e-05,6.14e-05,2.1466252583997985e-05,6.3,31.0,24.7,10.650000000000002,7.136000280269053,10.0,32.0,22.0,13.666666666666668,8.19891591749923,0.69,94.2,93.51,16.275,34.84911942933422,3.3,12.0,8.7,4.75,3.242298567374695,0.5,2.25,1.75,0.7916666666666667,0.6521864934374386,628.0,970.0,0.0,706.0,0.0,4.77e-08,1.29e-06,1.2423e-06,1.9285e-07,3.665467534981042e-07,8.0,83.0,75.0,13.09090909090909,15.488732241416049,11.0,101.0,90.0,86.0909090909091,30.218761617892422,15.9994,208.9804,192.981,28.44710708363636,39.815705650682986,54.8,544.4,489.6,167.88227272727272,155.75427701501837,1.0,16.0,15.0,13.727272727272728,5.0738350045003004,2.0,6.0,4.0,2.5,0.8918825850158447,0.6,1.8,1.2000000000000002,0.8818181818181818,0.4375929653294088,0.93,3.44,2.51,2.8059090909090907,0.912567103838542,90.2,1837.0,1746.8,398.5363636363636,486.7888487045903,968.0,9780.0,8812.0,2497.0,2781.023103104324,17.02,23.78,6.760000000000002,18.353181818181817,2.316080910746421,0.02658,140.0,139.97342,19.51436909090909,47.90445009343295,1.0,5.0,4.0,2.545454545454546,1.3726971700492272,-3.0,-1.0,2.0,-2.090909090909091,0.5961307749365455,1.34e-05,7.1e-05,5.76e-05,5.6599999999999993e-05,2.4941531628991837e-05,6.3,31.0,24.7,11.7375,7.598673815212757,10.0,32.0,22.0,15.5,9.526279441628825,0.69,94.2,93.51,24.0675,40.49101775394143,3.3,12.0,8.7,5.475,3.767210506462308,0.5,2.25,1.75,0.9375,0.7577722283113838,628.0,970.0,0.0,716.75,0.0,4.77e-08,1.29e-06,1.2423e-06,2.291375e-07,4.01698568386483e-07,22.98976928,1.8,0.93,5.13907696,1.16,0.136363636363636,0.208333333333333,0.071969696969697,0.0,0.0,0.0,0.0,0.0,0.0,0.0,0.0,4.666740184051722
Na,Na0-1Bi(PO3)4,Bi(PO3)4,NaBi(PO3)4,mp-aaaabnic,8.0,83.0,75.0,13.888888888888886,17.006171719208584,11.0,101.0,90.0,92.77777777777776,20.498117950342973,15.9994,208.9804,192.981,30.436556515555555,43.73892933221647,54.8,544.4,489.6,157.89277777777778,153.46502134238042,1.0,16.0,15.0,14.888888888888888,3.3975299669823675,2.0,6.0,4.0,2.5,0.957427107756338,0.6,1.8,1.2000000000000002,0.8111111111111111,0.3557291243018249,0.93,3.44,2.51,2.943888888888889,0.75041572840133,90.2,1837.0,1746.8,348.6333333333333,461.32200491871424,968.0,9780.0,8812.0,3006.6666666666665,3045.1730474455617,17.02,23.78,6.760000000000002,17.860555555555553,1.7122320462621046,0.02658,140.0,139.97342,8.292386666666667,31.995212387190406,1.0,5.0,4.0,2.7777777777777777,1.3966450099973926,-3.0,-1.0,2.0,-2.2222222222222223,0.5328701692569688,1.34e-05,7.1e-05,5.76e-05,4.22e-05,2.88e-05,6.3,31.0,24.7,13.55,7.990358773755615,10.0,32.0,22.0,21.0,11.0,0.69,94.2,93.51,47.445,46.755,3.3,12.0,8.7,7.65,4.35,0.5,2.25,1.75,1.375,0.875,628.0,970.0,0.0,706.0,0.0,4.77e-08,1.29e-06,1.2423e-06,2.8961666666666665e-07,4.477924385868474e-07,8.0,83.0,75.0,14.058823529411764,17.48434791879093,87.0,101.0,14.0,97.58823529411764,5.325397787179424,15.9994,208.9804,192.981,30.87460282352941,44.968599650219225,54.8,544.4,489.6,145.36470588235295,148.70019953772945,15.0,16.0,1.0,15.705882352941178,0.4556450995538137,2.0,6.0,4.0,2.4705882352941178,0.977249866225656,0.6,1.6,1.0,0.7529411764705882,0.2703323598370837,2.02,3.44,1.42,3.0623529411764707,0.5862094527482046,90.2,1837.0,1746.8,301.1411764705882,429.81113096858985,1823.0,9780.0,7957.0,3414.4,3182.8,17.02,21.31,4.289999999999999,17.51235294117647,0.9600951509938676,0.02658,8.0,7.97342,0.5448799999999999,1.8658551156160512,2.0,5.0,3.0,2.882352941176471,1.3669352986614411,-3.0,-2.0,1.0,-2.294117647058824,0.4556450995538137,1.34e-05,1.34e-05,0.0,1.34e-05,0.0,11.0,31.0,20.0,14.999999999999998,7.999999999999999,32.0,32.0,0.0,32.0,0.0,94.2,94.2,0.0,94.2,0.0,12.0,12.0,0.0,12.0,0.0,2.25,2.25,0.0,2.25,0.0,628.0,970.0,0.0,716.75,0.0,1e-07,1.29e-06,1.19e-06,3.38e-07,4.759999999999999e-07,22.98976928,1.8,0.93,5.13907696,1.16,0.0,0.055555555555555,0.055555555555555,0.0,0.0,0.0,0.0,0.0,0.0,0.0,0.0,5.355895026551711
Na,Na0-1Cs2MoBr6,Cs2MoBr6,Cs2NaMoBr6,mp-aaacqrvx,11.0,55.0,44.0,37.3,11.713667231059622,8.0,98.0,90.0,67.1,39.98112054457704,22.98976928,132.9054519,109.91568262,86.416467308,29.479770109496663,265.8,2896.0,2630.2,546.485,783.8184037677349,1.0,17.0,16.0,11.1,7.354590403278758,3.0,6.0,3.0,4.4,0.916515138991168,1.15,2.6,1.4500000000000002,1.535,0.568792580823625,0.79,2.96,2.17,2.2430000000000003,0.9506739714539364,332.0,4912.0,4580.0,994.8000000000002,1342.066525921871,968.0,10280.0,9312.0,3751.5,3787.5353793727127,9.38,70.94,61.56,29.372,21.06842794325196,0.12,140.0,139.88,35.172000000000004,53.98369250060615,1.0,7.0,6.0,5.1000000000000005,2.7,-2.0,1.0,3.0,-0.7,0.9,4.8e-06,7.1e-05,6.620000000000001e-05,3.79e-05,3.3100000000000005e-05,1.6,230.0,228.4,25.09,68.31646141304451,1.7,329.0,327.3,85.6,140.56790174147156,0.14,1500.0,1499.86,375.2425,649.3790842171851,3.3,20.0,16.7,11.65,8.350000000000001,0.2,5.5,5.3,1.6,2.254994456755936,1530.0,1530.0,0.0,1530.0,0.0,4.77e-08,78000000000.0,78000000000.0,46800000000.0,38212039987.41758,35.0,55.0,20.0,40.22222222222221,8.189122565639234,8.0,98.0,90.0,73.33333333333333,37.24990678586398,79.904,132.9054519,53.001451900000006,93.46387819999998,21.655454616502283,265.8,2896.0,2630.2,565.9977777777777,823.9097534287731,1.0,17.0,16.0,12.22222222222222,6.892472186342587,4.0,6.0,2.0,4.555555555555555,0.8314794192830981,1.15,2.6,1.4500000000000002,1.5055555555555555,0.5922858002145607,0.79,2.96,2.17,2.388888888888889,0.8895872256832185,332.0,4912.0,4580.0,976.8888888888888,1413.528008954462,1879.0,10280.0,8401.0,4679.333333333333,3960.2693791654574,9.38,70.94,61.56,29.99333333333333,22.120984506923637,0.12,139.0,138.88,23.52444444444444,43.374968488265495,1.0,7.0,6.0,5.555555555555555,2.454524670486058,-2.0,1.0,3.0,-0.6666666666666666,0.9428090415820632,4.8e-06,4.8e-06,0.0,4.8e-06,0.0,1.6,230.0,228.4,27.177777777777774,71.708588944387,1.7,329.0,327.3,110.8,154.29069965490467,0.14,1500.0,1499.86,500.0933333333333,707.0407845536369,20.0,20.0,0.0,20.0,0.0,0.2,5.5,5.3,1.9666666666666663,2.498443960192468,1530.0,1530.0,0.0,1530.0,0.0,5.34e-08,78000000000.0,78000000000.0,52000000000.0,36769552621.70047,22.98976928,1.8,0.93,5.13907696,1.16,0.0,0.1,0.1,0.0,0.0,0.0,0.0,0.0,0.0,0.0,0.0,2.240447146551727
Na,Na0-1Cs2UBr6,Cs2UBr6,Cs2NaUBr6,mp-aaabetxn,11.0,92.0,81.0,42.3,20.228939665736316,8.0,98.0,90.0,66.0,40.42029193363155,22.98976928,238.02891,215.03914072,100.625358308,54.37580135196935,265.8,1405.3,1139.5,397.415,337.46654957936204,1.0,17.0,16.0,10.8,7.613146524269712,3.0,7.0,4.0,4.6,1.2,1.15,2.6,1.4500000000000002,1.565,0.5714236606931848,0.79,2.96,2.17,2.165,0.9856393863883484,332.0,4200.0,3868.0,923.6,1135.3229672652624,968.0,19050.0,18082.0,5944.0,7575.88710977137,12.49,70.94,58.45,29.683,20.79216489449812,0.12,140.0,139.88,23.972,41.4421507163902,1.0,7.0,6.0,5.1000000000000005,2.7,-1.0,3.0,4.0,-0.1999999999999999,1.32664991614216,1.39e-05,7.1e-05,5.7100000000000006e-05,4.245e-05,2.8550000000000003e-05,1.6,100.0,98.4,12.09,29.33392063805996,1.7,208.0,206.3,55.35,88.19763318819842,0.14,2400.0,2399.86,600.2425,1039.090501361046,3.3,111.0,107.7,57.15,53.85,0.2,6.0,5.8,1.725,2.4712092181763974,1960.0,1960.0,0.0,1960.0,0.0,4.77e-08,78000000000.0,78000000000.0,46800000000.0,38212039987.41758,35.0,92.0,57.0,45.77777777777777,18.26823459072409,8.0,98.0,90.0,72.1111111111111,37.972049499729096,79.904,238.02891,158.12491,109.25153486666665,50.40975957619956,265.8,1405.3,1139.5,400.3644444444444,355.59867997852456,1.0,17.0,16.0,11.888888888888888,7.248669524577817,4.0,7.0,3.0,4.777777777777777,1.133115447465063,1.15,2.6,1.4500000000000002,1.5388888888888888,0.5966470098148382,0.79,2.96,2.17,2.302222222222222,0.9439959719520674,332.0,4200.0,3868.0,897.7777777777776,1193.9463767763125,1879.0,19050.0,17171.0,7602.666666666666,8094.487026502805,12.49,70.94,58.45,30.33888888888889,21.818504096011125,0.12,36.0,35.88,11.08,15.692138158963552,1.0,7.0,6.0,5.555555555555555,2.454524670486058,-1.0,3.0,4.0,-0.111111111111111,1.3698697784375504,1.39e-05,1.39e-05,0.0,1.39e-05,0.0,1.6,100.0,98.4,12.733333333333334,30.85366896965236,1.7,208.0,206.3,70.46666666666667,97.25075263918984,0.14,2400.0,2399.86,800.0933333333334,1131.3048532655653,111.0,111.0,0.0,111.0,0.0,0.2,6.0,5.8,2.1333333333333333,2.734146220587984,1960.0,1960.0,0.0,1960.0,0.0,2.05e-07,78000000000.0,78000000000.0,52000000000.0,36769552621.70047,22.98976928,1.8,0.93,5.13907696,1.16,0.0,0.1,0.1,0.0,0.0,0.0,0.0,0.0,0.0,0.0,0.0,1.146542039051727
Na,Na0-1Cs2SbBr6,Cs2SbBr6,Cs2NaSbBr6,mp-aaaabpvh,11.0,55.0,44.0,38.2,12.367699866992243,8.0,98.0,90.0,70.3,40.24437848942384,22.98976928,132.9054519,109.91568262,88.998467308,31.276778678921865,265.8,903.78,637.98,347.26300000000003,188.2173822498868,1.0,17.0,16.0,12.0,7.224956747275377,3.0,6.0,3.0,4.4,0.916515138991168,1.15,2.6,1.4500000000000002,1.535,0.568792580823625,0.79,2.96,2.17,2.232,0.9522058600953892,332.0,1860.0,1528.0,689.6,498.4044943617584,968.0,6697.0,5729.0,2855.75,2248.715341589504,18.19,70.94,52.75,30.253,20.38720679740116,0.12,140.0,139.88,23.672,41.43000188269366,1.0,7.0,6.0,5.0,2.683281572999748,-3.0,1.0,4.0,-0.8,1.077032961426901,1.1e-05,7.1e-05,6.000000000000001e-05,4.1e-05,3e-05,1.6,42.0,40.4,6.29,11.978434789236866,1.7,55.0,53.3,17.1,22.142380179194827,0.14,294.0,293.86,73.7425,127.16592514801285,3.3,20.0,16.7,11.65,8.350000000000001,0.2,3.0,2.8,0.975,1.1755317945508748,628.0,970.0,0.0,706.0,0.0,4.77e-08,78000000000.0,78000000000.0,46800000000.0,38212039987.41758,35.0,55.0,20.0,41.22222222222221,8.866638819226667,8.0,98.0,90.0,76.88888888888889,36.9517536629242,79.904,132.9054519,53.001451900000006,96.33276708888889,23.43096965430202,265.8,903.78,637.98,344.64,198.22507359060305,1.0,17.0,16.0,13.22222222222222,6.562143582325956,4.0,6.0,2.0,4.555555555555555,0.8314794192830981,1.15,2.6,1.4500000000000002,1.5055555555555555,0.5922858002145607,0.79,2.96,2.17,2.3766666666666665,0.8933955202235768,332.0,1860.0,1528.0,637.7777777777778,499.1516754071135,1879.0,6697.0,4818.0,3484.9999999999995,2271.226981171191,18.19,70.94,52.75,30.97222222222222,21.369310173329197,0.12,36.0,35.88,10.746666666666666,15.379166282850171,1.0,7.0,6.0,5.444444444444444,2.454524670486058,-3.0,1.0,4.0,-0.7777777777777777,1.133115447465063,1.1e-05,1.1e-05,0.0,1.1e-05,0.0,1.6,42.0,40.4,6.288888888888888,12.626378423711424,1.7,55.0,53.3,19.466666666666665,25.12586095816199,0.14,294.0,293.86,98.09333333333332,138.52693247965254,20.0,20.0,0.0,20.0,0.0,0.2,3.0,2.8,1.1333333333333333,1.3199326582148887,628.0,970.0,0.0,716.75,0.0,2.05e-07,78000000000.0,78000000000.0,52000000000.0,36769552621.70047,22.98976928,1.8,0.93,5.13907696,1.16,0.0,0.1,0.1,0.0,0.0,0.0,0.0,0.0,0.0,0.0,0.0,2.658470926551722
Na,Na0-1Rb2MoBr6,Rb2MoBr6,Rb2NaMoBr6,mp-aaacqprh,11.0,42.0,31.0,33.7,7.849203781276162,9.0,98.0,89.0,67.3,39.68639565392655,22.98976928,95.94,72.95023072,76.928936928,18.6273580856374,265.8,2896.0,2630.2,548.659,783.1509380247207,1.0,17.0,16.0,11.1,7.354590403278758,3.0,5.0,2.0,4.2,0.6,1.15,2.35,1.2000000000000002,1.485,0.4764714052280578,0.82,2.96,2.14,2.249,0.9415354480846698,332.0,4912.0,4580.0,998.2,1341.955051408206,968.0,10280.0,9312.0,3578.0,3876.2461222166994,9.38,55.76,46.38,26.336,15.111152967262292,0.12,140.0,139.88,39.572,54.76281088476011,1.0,7.0,6.0,5.1000000000000005,2.7,-2.0,1.0,3.0,-0.7,0.9,4.8e-06,7.1e-05,6.620000000000001e-05,3.79e-05,3.3100000000000005e-05,1.9,230.0,228.1,25.27,68.25549135417603,2.4,329.0,326.6,85.95,140.3592800636994,0.216,1500.0,1499.784,375.2805,649.357134920954,3.3,20.0,16.7,11.65,8.350000000000001,0.3,5.5,5.2,1.65,2.2242976419535223,1530.0,1530.0,0.0,1530.0,0.0,4.77e-08,78000000000.0,78000000000.0,46800000000.0,38212039987.41758,35.0,42.0,7.0,36.22222222222222,2.199887763691481,9.0,98.0,89.0,73.55555555555554,36.86043079000422,79.904,95.94,16.036,82.92217777777776,5.132472471058451,265.8,2896.0,2630.2,568.4133333333333,823.1465972852114,1.0,17.0,16.0,12.22222222222222,6.892472186342587,4.0,5.0,1.0,4.333333333333333,0.4714045207910317,1.15,2.35,1.2000000000000002,1.45,0.4898979485566356,0.82,2.96,2.14,2.395555555555555,0.8776117986534835,332.0,4912.0,4580.0,980.6666666666664,1413.4577775402026,1532.0,10280.0,8748.0,4448.0,4123.846747879945,9.38,55.76,46.38,26.62,15.903215607752625,0.12,139.0,138.88,28.413333333333327,45.68397336290072,1.0,7.0,6.0,5.555555555555555,2.454524670486058,-2.0,1.0,3.0,-0.6666666666666666,0.9428090415820632,4.8e-06,4.8e-06,0.0,4.8e-06,0.0,1.9,230.0,228.1,27.377777777777776,71.6381924484695,2.4,329.0,326.6,111.26666666666664,153.96071649035093,0.216,1500.0,1499.784,500.144,707.0049578100567,20.0,20.0,0.0,20.0,0.0,0.3,5.5,5.2,2.033333333333333,2.4513035081133645,1530.0,1530.0,0.0,1530.0,0.0,5.34e-08,78000000000.0,78000000000.0,52000000000.0,36769552621.70047,22.98976928,1.8,0.93,5.13907696,1.16,0.0,0.1,0.1,0.0,0.0,0.0,0.0,0.0,0.0,0.0,0.0,2.18916240655172
Na,Na0-1Rb2SbBr6,Rb2SbBr6,Rb2NaSbBr6,mp-aaabxibk,11.0,51.0,40.0,34.6,9.156418513807678,9.0,98.0,89.0,70.5,39.93557311470564,22.98976928,121.76,98.77023072,79.510936928,22.47558931272702,265.8,903.78,637.98,349.437,187.7394521164904,1.0,17.0,16.0,12.0,7.224956747275377,3.0,5.0,2.0,4.2,0.6,1.15,2.35,1.2000000000000002,1.485,0.4764714052280578,0.82,2.96,2.14,2.238,0.9431521616367108,332.0,1860.0,1528.0,693.0,500.1831664500516,968.0,6697.0,5729.0,2682.25,2329.3250497730023,18.19,55.76,37.56999999999999,27.217,14.333733672703705,0.12,140.0,139.88,28.072,43.616183418543166,1.0,7.0,6.0,5.0,2.683281572999748,-3.0,1.0,4.0,-0.8,1.077032961426901,1.1e-05,7.1e-05,6.000000000000001e-05,4.1e-05,3e-05,1.9,42.0,40.1,6.47,11.913190168884237,2.4,55.0,52.6,17.45,21.900399539734423,0.216,294.0,293.784,73.7805,127.1439348641924,3.3,20.0,16.7,11.65,8.350000000000001,0.3,3.0,2.7,1.025,1.1431863365173676,628.0,970.0,0.0,706.0,0.0,4.77e-08,78000000000.0,78000000000.0,46800000000.0,38212039987.41758,35.0,51.0,16.0,37.22222222222222,4.939135726865082,9.0,98.0,89.0,77.1111111111111,36.53748286788497,79.904,121.76,41.85600000000001,85.79106666666667,12.918197721904642,265.8,903.78,637.98,347.05555555555554,197.75141629559465,1.0,17.0,16.0,13.22222222222222,6.562143582325956,4.0,5.0,1.0,4.333333333333333,0.4714045207910317,1.15,2.35,1.2000000000000002,1.45,0.4898979485566356,0.82,2.96,2.14,2.383333333333333,0.8815642662651179,332.0,1860.0,1528.0,641.5555555555554,501.5137333028459,1532.0,6697.0,5165.0,3253.666666666666,2434.8043498856787,18.19,55.76,37.56999999999999,27.598888888888887,15.060742525921446,0.12,58.0,57.88,15.635555555555554,23.813747248694217,1.0,7.0,6.0,5.444444444444444,2.454524670486058,-3.0,1.0,4.0,-0.7777777777777777,1.133115447465063,1.1e-05,1.1e-05,0.0,1.1e-05,0.0,1.9,42.0,40.1,6.488888888888888,12.557462981956585,2.4,55.0,52.6,19.933333333333334,24.795877793608263,0.216,294.0,293.784,98.144,138.49110573607246,20.0,20.0,0.0,20.0,0.0,0.3,3.0,2.7,1.2,1.2727922061357857,628.0,970.0,0.0,716.75,0.0,1.28e-07,78000000000.0,78000000000.0,52000000000.0,36769552621.70047,22.98976928,1.8,0.93,5.13907696,1.16,0.0,0.1,0.1,0.0,0.0,0.0,0.0,0.0,0.0,0.0,0.0,2.557676156551721
Na,Na0.5-1C,NaC2,NaC,mp-aaacqwco,6.0,11.0,5.0,8.5,2.5,11.0,95.0,84.0,53.0,42.0,12.0107,22.98976928,10.97906928,17.500234640000002,5.4895346400000005,370.87,3800.0,3429.13,2085.435,1714.565,1.0,14.0,13.0,7.5,6.5,2.0,3.0,1.0,2.5,0.5,0.7,1.8,1.1,1.25,0.55,0.93,2.55,1.6199999999999997,1.74,0.8099999999999998,1156.0,4300.0,3144.0,2728.0,1572.0,968.0,2267.0,1299.0,1617.5,649.5,5.29,23.78,18.49,14.535,9.245,140.0,140.0,0.0,140.0,0.0,1.0,4.0,3.0,2.5,1.5,-4.0,-1.0,3.0,-2.5,1.5,7.1e-06,7.1e-05,6.390000000000001e-05,3.905e-05,3.1950000000000004e-05,6.3,33.0,26.7,19.65,13.35,10.0,10.0,0.0,10.0,0.0,0.69,0.69,0.0,0.69,0.0,3.3,3.3,0.0,3.3,0.0,0.5,0.5,0.0,0.5,0.0,628.0,970.0,0.0,706.0,0.0,4.77e-08,1e-05,9.9523e-06,5.02385e-06,4.976150000000001e-06,6.0,11.0,5.0,7.666666666666666,2.3570226039551585,11.0,95.0,84.0,67.0,39.59797974644666,12.0107,22.98976928,10.97906928,15.67038976,5.175582892669937,370.87,3800.0,3429.13,2656.9566666666665,1616.5073843801506,1.0,14.0,13.0,9.666666666666666,6.128258770283411,2.0,3.0,1.0,2.333333333333333,0.4714045207910317,0.7,1.8,1.1,1.0666666666666669,0.5185449728701349,0.93,2.55,1.6199999999999997,2.01,0.7636753236814712,1156.0,4300.0,3144.0,3252.0,1482.0958133670035,968.0,2267.0,1299.0,1834.0,612.3544725075502,5.29,23.78,18.49,11.453333333333331,8.716269589426176,140.0,140.0,0.0,140.0,0.0,1.0,4.0,3.0,3.0,1.4142135623730951,-4.0,-1.0,3.0,-3.0,1.4142135623730951,7.1e-06,7.1e-05,6.390000000000001e-05,2.84e-05,3.0122748878546923e-05,6.3,33.0,26.7,24.1,12.586500705120546,10.0,10.0,0.0,10.0,0.0,0.69,0.69,0.0,0.69,0.0,3.3,3.3,0.0,3.3,0.0,0.5,0.5,0.0,0.5,0.0,628.0,970.0,0.0,716.75,0.0,4.77e-08,1e-05,9.9523e-06,6.682566666666667e-06,4.691559212268585e-06,22.98976928,1.8,0.93,5.13907696,1.16,0.333333333333333,0.5,0.166666666666667,0.0,0.0,0.0,0.0,0.0,0.0,0.0,0.0,3.250765886551722
Na,Na1-2CePCO7,NaCePCO7,Na2CePCO7,mp-aaabrrks,6.0,58.0,52.0,13.083333333333332,13.726242101253431,11.0,101.0,90.0,78.83333333333334,35.6156176729005,12.0107,140.116,128.1053,28.42298338,34.022856383492204,54.8,3800.0,3745.2,525.8866666666667,1027.0805003206362,1.0,16.0,15.0,12.166666666666668,6.107827400602898,2.0,6.0,4.0,2.583333333333333,1.114924013354971,0.6,1.85,1.25,0.9458333333333332,0.5145622465315111,0.93,3.44,2.51,2.6500000000000004,1.0347302385968369,90.2,4300.0,4209.8,952.2,1409.5092290108166,968.0,6689.0,5721.0,2543.0000000000005,2132.845142057904,5.29,23.78,18.49,17.673333333333332,4.454810757921025,0.02658,140.0,139.97342,35.95183833333333,60.14610300961676,1.0,5.0,4.0,2.416666666666667,1.1873172373979173,-4.0,2.0,6.0,-1.75,1.361677886530683,6.3e-06,7.1e-05,6.47e-05,3.885e-05,3.215124414388968e-05,6.3,33.0,26.7,15.720000000000002,10.370998023334108,10.0,34.0,24.0,18.0,11.31370849898476,0.69,412.0,411.31,137.79333333333332,193.8933934465593,3.3,14.0,10.7,6.866666666666665,5.044028372464039,0.5,2.5,2.0,1.0,0.8660254037844386,270.0,270.0,0.0,270.0,0.0,4.77e-08,1e-05,9.9523e-06,2.18788e-06,3.914945519620931e-06,6.0,58.0,52.0,13.272727272727272,14.321572470107077,11.0,101.0,90.0,85.0,30.45413839619413,12.0107,140.116,128.1053,28.916911934545453,35.494498476213884,54.8,3800.0,3745.2,539.9790909090909,1071.6392507865912,1.0,16.0,15.0,13.181818181818182,5.3226476975652535,2.0,6.0,4.0,2.5454545454545454,1.157083823759805,0.6,1.85,1.25,0.8681818181818182,0.4652822834643343,0.93,3.44,2.51,2.806363636363636,0.9352031643860524,90.2,4300.0,4209.8,933.6727272727272,1470.7847287577838,968.0,6689.0,5721.0,2936.75,2216.097964328292,5.29,23.78,18.49,17.118181818181817,4.23687882158085,0.02658,140.0,139.97342,26.49291454545455,53.59820291189764,1.0,5.0,4.0,2.545454545454546,1.1570838237598051,-4.0,2.0,6.0,-1.818181818181818,1.4024771473219555,6.3e-06,7.1e-05,6.47e-05,2.8133333333333337e-05,3.0313070155004465e-05,6.3,33.0,26.7,18.075,10.330386004404676,10.0,34.0,24.0,22.0,12.0,0.69,412.0,411.31,206.345,205.655,3.3,14.0,10.7,8.65,5.3500000000000005,0.5,2.5,2.0,1.166666666666667,0.9428090415820636,270.0,270.0,0.0,270.0,0.0,4.77e-08,1e-05,9.9523e-06,2.7229250000000003e-06,4.210360111305802e-06,22.98976928,1.8,0.93,5.13907696,1.16,0.09090909090909,0.166666666666666,0.075757575757576,0.0,0.0,0.0,0.0,0.0,0.0,0.0,0.0,2.552144956551718
Na,Na4-6Co2P(CO4)4,Na4Co2P(CO4)4,Na6Co2P(CO4)4,mp-aaabrwwf,6.0,27.0,21.0,9.896551724137932,5.040147969818887,11.0,101.0,90.0,78.62068965517241,35.75724068763334,12.0107,58.933195,46.922495,20.37282647172413,11.315239336905192,54.8,3800.0,3745.2,763.9765517241381,1287.332155721136,1.0,16.0,15.0,12.103448275862068,5.944251512211446,2.0,4.0,2.0,2.3793103448275863,0.6110360395403224,0.6,1.8,1.2000000000000002,0.9275862068965516,0.4861151784364504,0.93,3.44,2.51,2.6472413793103446,1.0029814057881223,90.2,4300.0,4209.8,1121.696551724138,1513.1925734918436,968.0,8900.0,7932.0,2653.769230769231,2722.70007822682,5.29,23.78,18.49,16.27448275862069,5.943799194992408,0.02658,140.0,139.97342,55.19521655172414,66.34580802296468,1.0,5.0,4.0,2.3793103448275863,1.2432935432634449,-4.0,-1.0,3.0,-2.034482758620689,0.9278361411774974,7.1e-06,7.1e-05,6.390000000000001e-05,4.0033333333333335e-05,3.1029054484824744e-05,6.3,180.0,173.7,41.6,60.13949169670843,10.0,209.0,199.0,59.75,86.16952767655164,0.69,700.0,699.31,175.5175,302.8101125602479,3.3,75.0,71.7,21.225,31.047010725672123,0.5,5.0,4.5,1.25,1.6770509831248424,1043.0,1043.0,0.0,1043.0,0.0,4.77e-08,1e-05,9.9523e-06,3.11623076923077e-06,4.589199817696497e-06,6.0,27.0,21.0,9.814814814814817,5.2142045097416485,11.0,101.0,90.0,83.62962962962962,31.77251100272657,12.0107,58.933195,46.922495,20.178978856296297,11.703581662484842,54.8,3800.0,3745.2,793.0955555555555,1329.543767906964,1.0,16.0,15.0,12.925925925925926,5.304965709568556,2.0,4.0,2.0,2.333333333333333,0.6085806194501846,0.6,1.8,1.2000000000000002,0.8629629629629629,0.4396110639157604,0.93,3.44,2.51,2.774444444444444,0.9197114415959328,90.2,4300.0,4209.8,1119.155555555555,1568.2057851861657,968.0,8900.0,7932.0,2960.2727272727275,2854.8717561042304,5.29,23.78,18.49,15.718518518518518,5.784790212722724,0.02658,140.0,139.97342,48.913380740740735,64.46419016895217,1.0,5.0,4.0,2.4814814814814814,1.2283795519834817,-4.0,-1.0,3.0,-2.1111111111111107,0.9162456945817024,7.1e-06,7.1e-05,6.390000000000001e-05,3.384e-05,3.041740291346387e-05,6.3,180.0,173.7,48.018181818181816,63.29767794364855,10.0,209.0,199.0,76.33333333333333,93.80949963741531,0.69,700.0,699.31,233.7933333333333,329.6578954343764,3.3,75.0,71.7,27.2,33.79970414071697,0.5,5.0,4.5,1.4,1.8,1043.0,1043.0,0.0,1043.0,0.0,4.77e-08,1e-05,9.9523e-06,3.674145454545455e-06,4.781917603632865e-06,22.98976928,1.8,0.93,5.13907696,1.16,0.148148148148148,0.206896551724137,0.058748403575989,0.0,0.0,0.0,0.0,0.0,0.0,0.0,0.0,4.224462604051727
Na,Na1-3CoPCO7,NaCoPCO7,Na3CoPCO7,mp-aaackrry,6.0,27.0,21.0,10.53846153846154,5.242069242277176,11.0,101.0,90.0,76.07692307692307,36.95207194869829,12.0107,58.933195,46.922495,21.76021268,11.762447647455597,54.8,3800.0,3745.2,567.8084615384615,1034.3661903187651,1.0,16.0,15.0,11.76923076923077,6.178795577853293,2.0,4.0,2.0,2.4615384615384617,0.6343239424027171,0.6,1.8,1.2000000000000002,0.9730769230769232,0.4994671717153208,0.93,3.44,2.51,2.5761538461538462,1.0372859442687512,90.2,4300.0,4209.8,934.5692307692308,1293.2964698990152,968.0,8900.0,7932.0,2649.0,2839.615114764675,5.29,23.78,18.49,17.064615384615387,5.424953194246317,0.02658,140.0,139.97342,50.80169692307692,64.95530967107052,1.0,5.0,4.0,2.3846153846153846,1.3323467750529827,-4.0,-1.0,3.0,-1.9230769230769231,0.8284868934053083,7.1e-06,7.1e-05,6.390000000000001e-05,4.662e-05,2.991751326564426e-05,6.3,180.0,173.7,40.48333333333333,63.1079344368748,10.0,209.0,199.0,59.75,86.16952767655164,0.69,700.0,699.31,175.5175,302.8101125602479,3.3,75.0,71.7,21.225,31.047010725672123,0.5,5.0,4.5,1.4,1.8,1043.0,1043.0,0.0,1043.0,0.0,4.77e-08,1e-05,9.9523e-06,1.7175833333333334e-06,3.704055538378021e-06,6.0,27.0,21.0,10.454545454545451,5.694712641223936,11.0,101.0,90.0,87.9090909090909,26.52770265711795,12.0107,58.933195,46.922495,21.53665693454545,12.77442011784398,54.8,3800.0,3745.2,603.6154545454546,1120.762781659021,1.0,16.0,15.0,13.727272727272728,4.494257125203009,2.0,4.0,2.0,2.3636363636363638,0.642824346533225,0.6,1.8,1.2000000000000002,0.8227272727272728,0.3845680199697722,0.93,3.44,2.51,2.875454545454545,0.8302503854135442,90.2,4300.0,4209.8,894.309090909091,1402.2096856906346,968.0,8900.0,7932.0,3489.5,3158.4490260252737,5.29,23.78,18.49,15.843636363636364,5.009083154588949,0.02658,140.0,139.97342,34.58382363636364,57.24239624856313,1.0,5.0,4.0,2.6363636363636367,1.2984415324623364,-4.0,-1.0,3.0,-2.090909090909091,0.7925270806437589,7.1e-06,7.1e-05,6.390000000000001e-05,3.0366666666666672e-05,2.883289017000474e-05,6.3,180.0,173.7,57.575,71.39707189374086,10.0,209.0,199.0,109.5,99.5,0.69,700.0,699.31,350.345,349.655,3.3,75.0,71.7,39.15,35.85,0.5,5.0,4.5,2.0000000000000004,2.121320343559643,1043.0,1043.0,0.0,1043.0,0.0,4.77e-08,1e-05,9.9523e-06,2.552525e-06,4.299843995643912e-06,22.98976928,1.8,0.93,5.13907696,1.16,0.09090909090909,0.23076923076923,0.13986013986014,0.0,0.0,0.0,0.0,0.0,0.0,0.0,0.0,3.92340555530173
Na,Na1-2CoCSO7,NaCoCSO7,Na2CoCSO7,mp-aaabrwgy,6.0,27.0,21.0,10.583333333333332,5.529592108726365,11.0,101.0,90.0,81.83333333333334,33.22356927778163,12.0107,58.933195,46.922495,21.74868613,12.309897838183698,54.8,3800.0,3745.2,590.1416666666667,1073.6833659016463,1.0,16.0,15.0,12.75,5.599479142444113,2.0,4.0,2.0,2.416666666666667,0.6400954789890507,0.6,1.8,1.2000000000000002,0.9041666666666668,0.4566446162559628,0.93,3.44,2.51,2.7458333333333336,0.947940384318667,90.2,4300.0,4209.8,930.1058333333332,1341.448200096065,968.0,8900.0,7932.0,3012.6,2989.5198009044866,5.29,23.78,18.49,16.380833333333335,5.277605925564693,0.02658,140.0,139.97342,43.36592166666666,62.07039620898273,1.0,6.0,5.0,2.583333333333333,1.4976833963009524,-4.0,-1.0,3.0,-1.9166666666666663,0.7592027982620249,7.1e-06,7.1e-05,6.390000000000001e-05,4.0525e-05,3.0546307059937707e-05,6.3,180.0,173.7,46.66,67.44166664607275,10.0,209.0,199.0,76.33333333333333,93.80949963741531,0.69,700.0,699.31,233.7933333333333,329.6578954343764,3.3,75.0,71.7,27.2,33.79970414071697,0.5,5.0,4.5,1.7000000000000002,1.7492855684535902,1043.0,1043.0,0.0,1043.0,0.0,4.77e-08,2000000000000000.0,2000000000000000.0,400000000000000.0,800000000000000.0,6.0,27.0,21.0,10.545454545454549,5.773979821163788,11.0,101.0,90.0,88.27272727272727,26.581233670976868,12.0107,58.933195,46.922495,21.635860389090908,12.851327147338424,54.8,3800.0,3745.2,610.0754545454545,1119.2976963611327,1.0,16.0,15.0,13.818181818181818,4.52906134802951,2.0,4.0,2.0,2.3636363636363638,0.642824346533225,0.6,1.8,1.2000000000000002,0.8227272727272728,0.3845680199697722,0.93,3.44,2.51,2.9109090909090907,0.8082579982502722,90.2,4300.0,4209.8,909.57,1399.2898258174978,968.0,8900.0,7932.0,3523.75,3140.8858921489013,5.29,23.78,18.49,15.708181818181815,4.995568614794914,0.02658,140.0,139.97342,34.581005454545455,57.24408794384914,1.0,6.0,5.0,2.7272727272727275,1.4826824027545538,-4.0,-1.0,3.0,-2.0,0.7385489458759964,7.1e-06,7.1e-05,6.390000000000001e-05,3.0366666666666672e-05,2.883289017000474e-05,6.3,180.0,173.7,56.75,71.94742872403432,10.0,209.0,199.0,109.5,99.5,0.69,700.0,699.31,350.345,349.655,3.3,75.0,71.7,39.15,35.85,0.5,5.0,4.5,2.0,1.837117307087384,1043.0,1043.0,0.0,1043.0,0.0,4.77e-08,2000000000000000.0,2000000000000000.0,500000000000000.0,866025403784438.8,22.98976928,1.8,0.93,5.13907696,1.16,0.09090909090909,0.166666666666666,0.075757575757576,0.0,0.0,0.0,0.0,0.0,0.0,0.0,0.0,3.832828926551731
Na,Na4-6Co2C4SO16,Na4Co2C4SO16,Na6Co2C4SO16,mp-aaacoyfi,6.0,27.0,21.0,9.93103448275862,5.078222839311751,11.0,101.0,90.0,78.75862068965517,35.80854759489867,12.0107,58.933195,46.922495,20.410455368275866,11.35218438945106,54.8,3800.0,3745.2,766.4268965517242,1286.546996153292,1.0,16.0,15.0,12.137931034482758,5.963822761138886,2.0,4.0,2.0,2.3793103448275863,0.6110360395403224,0.6,1.8,1.2000000000000002,0.9275862068965516,0.4861151784364504,0.93,3.44,2.51,2.6606896551724137,0.999368528326876,90.2,4300.0,4209.8,1127.485172413793,1511.3144355565198,968.0,8900.0,7932.0,2664.3076923076924,2719.7276273303373,5.29,23.78,18.49,16.22310344827586,5.943572653366844,0.02658,140.0,139.97342,55.194147586206896,66.34669376261355,1.0,6.0,5.0,2.413793103448276,1.3265782111497475,-4.0,-1.0,3.0,-2.0,0.909717652294684,7.1e-06,7.1e-05,6.390000000000001e-05,4.0033333333333335e-05,3.1029054484824744e-05,6.3,180.0,173.7,41.34615384615385,60.2749292873224,10.0,209.0,199.0,59.75,86.16952767655164,0.69,700.0,699.31,175.5175,302.8101125602479,3.3,75.0,71.7,21.225,31.047010725672123,0.5,5.0,4.5,1.3076923076923077,1.6236054553234949,1043.0,1043.0,0.0,1043.0,0.0,4.77e-08,2000000000000000.0,2000000000000000.0,153846153846153.84,532938710021193.06,6.0,27.0,21.0,9.851851851851851,5.254301262378272,11.0,101.0,90.0,83.77777777777777,31.81117126551536,12.0107,58.933195,46.922495,20.21939507851852,11.742608853474229,54.8,3800.0,3745.2,795.7274074074074,1328.6693631978897,1.0,16.0,15.0,12.962962962962962,5.322777619929359,2.0,4.0,2.0,2.333333333333333,0.6085806194501846,0.6,1.8,1.2000000000000002,0.8629629629629629,0.4396110639157604,0.93,3.44,2.51,2.7888888888888883,0.91346038586422,90.2,4300.0,4209.8,1125.372962962963,1566.2685276745533,968.0,8900.0,7932.0,2972.7272727272725,2850.17814725227,5.29,23.78,18.49,15.663333333333332,5.779215633053791,0.02658,140.0,139.97342,48.91223259259259,64.46505740400985,1.0,6.0,5.0,2.5185185185185186,1.3157273828393783,-4.0,-1.0,3.0,-2.074074074074074,0.899626503814157,7.1e-06,7.1e-05,6.390000000000001e-05,3.384e-05,3.041740291346387e-05,6.3,180.0,173.7,47.71818181818182,63.47997276424085,10.0,209.0,199.0,76.33333333333333,93.80949963741531,0.69,700.0,699.31,233.7933333333333,329.6578954343764,3.3,75.0,71.7,27.2,33.79970414071697,0.5,5.0,4.5,1.4545454545454548,1.7248787237282068,1043.0,1043.0,0.0,1043.0,0.0,4.77e-08,2000000000000000.0,2000000000000000.0,181818181818181.8,574959574576069.0,22.98976928,1.8,0.93,5.13907696,1.16,0.148148148148148,0.206896551724137,0.058748403575989,0.0,0.0,0.0,0.0,0.0,0.0,0.0,0.0,4.203535884051735
Na,Na2-3CoSiCO7,Na2CoSiCO7,Na3CoSiCO7,mp-aaabrwof,6.0,27.0,21.0,10.461538461538463,5.183040162437851,11.0,101.0,90.0,75.69230769230768,36.83097487250605,12.0107,58.933195,46.922495,21.53803868,11.612643449327216,54.8,3800.0,3745.2,673.17,1072.5381798834446,1.0,16.0,15.0,11.692307692307692,6.144223245451034,2.0,4.0,2.0,2.4615384615384617,0.6343239424027171,0.6,1.8,1.2000000000000002,0.9807692307692308,0.5005913662622753,0.93,3.44,2.51,2.5538461538461537,1.0484093333128597,90.2,4300.0,4209.8,1136.3384615384614,1416.3181680456178,968.0,8900.0,7932.0,2733.5,2821.2623504381863,5.29,23.78,18.49,16.683076923076925,5.586682495164295,0.02658,150.0,149.97342,62.32200461538461,68.1669813906289,1.0,5.0,4.0,2.3076923076923075,1.2015768732164085,-4.0,-1.0,3.0,-2.0,0.9607689228305228,2.6e-06,7.1e-05,6.840000000000001e-05,3.928333333333334e-05,3.185929569563995e-05,6.3,180.0,173.7,55.31666666666666,64.86970059708581,10.0,209.0,199.0,57.2,77.2409217966746,0.69,700.0,699.31,175.5175,302.8101125602479,3.3,75.0,71.7,21.225,31.047010725672123,0.5,6.5,6.0,2.25,2.5124689052802225,1043.0,1043.0,0.0,1043.0,0.0,4.77e-08,0.001,0.0009999523,0.0001683675833333,0.0003719350642281,6.0,27.0,21.0,10.416666666666668,5.392252672945593,11.0,101.0,90.0,81.08333333333334,33.04153530869223,12.0107,58.933195,46.922495,21.41706113,12.07894929864006,54.8,3800.0,3745.2,698.3616666666667,1112.6318342922584,1.0,16.0,15.0,12.583333333333334,5.529592108726365,2.0,4.0,2.0,2.416666666666667,0.6400954789890507,0.6,1.8,1.2000000000000002,0.9125,0.4592226221198893,0.93,3.44,2.51,2.689166666666667,0.9760674356256788,90.2,4300.0,4209.8,1134.6999999999998,1474.1388503122764,968.0,8900.0,7932.0,3086.6,2967.043619497361,5.29,23.78,18.49,16.09166666666667,5.409711688764528,0.02658,150.0,149.97342,55.848838333333326,67.00179850028975,1.0,5.0,4.0,2.4166666666666665,1.1873172373979175,-4.0,-1.0,3.0,-2.083333333333333,0.9537935951882998,2.6e-06,7.1e-05,6.840000000000001e-05,3.2940000000000006e-05,3.125044639681169e-05,6.3,180.0,173.7,65.12,66.88095095017714,10.0,209.0,199.0,69.0,82.22834061319735,0.69,700.0,699.31,233.7933333333333,329.6578954343764,3.3,75.0,71.7,27.2,33.79970414071697,0.5,6.5,6.0,2.6,2.615339366124404,1043.0,1043.0,0.0,1043.0,0.0,4.77e-08,0.001,0.0009999523,0.00020203156,0.0003990028201063,22.98976928,1.8,0.93,5.13907696,1.16,0.166666666666666,0.23076923076923,0.064102564102564,0.0,0.0,0.0,0.0,0.0,0.0,0.0,0.0,3.220914926551717
Na,Na1-3CrPCO7,NaCrPCO7,Na3CrPCO7,mp-aaabrulz,6.0,24.0,18.0,10.307692307692308,4.529979035180141,11.0,101.0,90.0,75.53846153846153,37.17446473592279,12.0107,51.9961,39.9854,21.226589987692307,10.104430660788015,54.8,3800.0,3745.2,599.5007692307693,1076.1226338713343,1.0,16.0,15.0,11.538461538461538,6.33203557761744,2.0,4.0,2.0,2.4615384615384617,0.6343239424027171,0.6,1.8,1.2000000000000002,0.976923076923077,0.50253793757111,0.93,3.44,2.51,2.559230769230769,1.0502194755124103,90.2,4300.0,4209.8,914.8769230769232,1260.1770047551297,968.0,7140.0,6172.0,2355.6666666666665,2196.903022185752,5.29,23.78,18.49,17.107692307692307,5.34386082534997,0.02658,140.0,139.97342,50.34015846153847,64.62456691736949,1.0,6.0,5.0,2.4615384615384617,1.4995068222783023,-4.0,-1.0,3.0,-2.0,0.7844645405527362,4.9e-06,7.1e-05,6.610000000000001e-05,4.5e-05,3.185096544847582e-05,6.3,160.0,153.7,37.14999999999999,55.749940209235504,10.0,279.0,269.0,77.25,116.480416809007,0.69,1120.0,1119.31,280.5175,484.67544735498007,3.3,115.0,111.7,31.225,48.3675188013609,0.5,8.5,8.0,2.1,3.2,1060.0,1060.0,0.0,1060.0,0.0,4.77e-08,1e-05,9.9523e-06,1.7280166666666667e-06,3.699463953699539e-06,6.0,24.0,18.0,10.18181818181818,4.9141388188143935,11.0,101.0,90.0,87.27272727272727,27.16980579811785,12.0107,51.9961,39.9854,20.90601193454545,10.954225714802936,54.8,3800.0,3745.2,641.07,1165.0582089632808,1.0,16.0,15.0,13.454545454545451,4.849810424854232,2.0,4.0,2.0,2.3636363636363638,0.642824346533225,0.6,1.8,1.2000000000000002,0.8272727272727272,0.3910147848655739,0.93,3.44,2.51,2.855454545454545,0.8562323775106385,90.2,4300.0,4209.8,871.0363636363637,1365.3896035882128,968.0,7140.0,6172.0,3049.5,2407.355447373736,5.29,23.78,18.49,15.894545454545456,4.917599864746222,0.02658,140.0,139.97342,34.03836909090909,56.6418929185941,1.0,6.0,5.0,2.7272727272727275,1.4826824027545535,-4.0,-1.0,3.0,-2.1818181818181817,0.7158188976374374,4.9e-06,7.1e-05,6.610000000000001e-05,2.766666666666667e-05,3.0654454089994096e-05,6.3,160.0,153.7,52.575,62.8354348675968,10.0,279.0,269.0,144.5,134.5,0.69,1120.0,1119.31,560.345,559.655,3.3,115.0,111.7,59.15,55.85,0.5,8.5,8.0,3.1666666666666665,3.771236166328254,1060.0,1060.0,0.0,1060.0,0.0,4.77e-08,1e-05,9.9523e-06,2.568175e-06,4.290856819083457e-06,22.98976928,1.8,0.93,5.13907696,1.16,0.09090909090909,0.23076923076923,0.13986013986014,0.0,0.0,0.0,0.0,0.0,0.0,0.0,0.0,3.031012679051716
Na,Na1-2CrCSO7,NaCrCSO7,Na2CrCSO7,mp-aaabrwhh,6.0,24.0,18.0,10.333333333333332,4.801620096962645,11.0,101.0,90.0,81.25,33.590983413211745,12.0107,51.9961,39.9854,21.17059488,10.59328045444484,54.8,3800.0,3745.2,624.475,1116.5312943778156,1.0,16.0,15.0,12.5,5.823801736552049,2.0,4.0,2.0,2.416666666666667,0.6400954789890507,0.6,1.8,1.2000000000000002,0.9083333333333334,0.4609018936341611,0.93,3.44,2.51,2.7275,0.9664550774178108,90.2,4300.0,4209.8,908.7725,1306.7672623636606,968.0,7140.0,6172.0,2660.6,2299.5901895772645,5.29,23.78,18.49,16.427500000000002,5.193335673405549,0.02658,140.0,139.97342,42.86592166666666,61.634811650614814,1.0,6.0,5.0,2.666666666666667,1.6499158227686108,-4.0,-1.0,3.0,-2.0,0.7071067811865476,4.9e-06,7.1e-05,6.610000000000001e-05,3.850000000000001e-05,3.250930635987179e-05,6.3,160.0,153.7,42.66,59.54543139486018,10.0,279.0,269.0,99.66666666666669,126.80781609278752,0.69,1120.0,1119.31,373.7933333333333,527.6477941666096,3.3,115.0,111.7,40.53333333333333,52.65588497235824,0.5,8.5,8.0,2.4,3.1048349392520045,1060.0,1060.0,0.0,1060.0,0.0,4.77e-08,2000000000000000.0,2000000000000000.0,400000000000000.0,800000000000000.0,6.0,24.0,18.0,10.272727272727272,5.010732283462061,11.0,101.0,90.0,87.63636363636363,27.230573483336794,12.0107,51.9961,39.9854,21.005215389090907,11.049478966755585,54.8,3800.0,3745.2,647.53,1163.4409473079102,1.0,16.0,15.0,13.545454545454543,4.887156383896587,2.0,4.0,2.0,2.3636363636363638,0.642824346533225,0.6,1.8,1.2000000000000002,0.8272727272727272,0.3910147848655739,0.93,3.44,2.51,2.8909090909090907,0.835773507220647,90.2,4300.0,4209.8,886.2972727272728,1362.6514996612032,968.0,7140.0,6172.0,3083.75,2390.578211960445,5.29,23.78,18.49,15.759090909090908,4.90523922972432,0.02658,140.0,139.97342,34.03555090909091,56.64357541034053,1.0,6.0,5.0,2.8181818181818183,1.641406371387981,-4.0,-1.0,3.0,-2.090909090909091,0.668042657122685,4.9e-06,7.1e-05,6.610000000000001e-05,2.766666666666667e-05,3.0654454089994096e-05,6.3,160.0,153.7,51.75,63.3950510686757,10.0,279.0,269.0,144.5,134.5,0.69,1120.0,1119.31,560.345,559.655,3.3,115.0,111.7,59.15,55.85,0.5,8.5,8.0,2.875,3.3048260166005714,1060.0,1060.0,0.0,1060.0,0.0,4.77e-08,2000000000000000.0,2000000000000000.0,500000000000000.0,866025403784438.8,22.98976928,1.8,0.93,5.13907696,1.16,0.09090909090909,0.166666666666666,0.075757575757576,0.0,0.0,0.0,0.0,0.0,0.0,0.0,0.0,2.496419471551721
Na,Na4-6Cr2P(CO4)4,Na4Cr2P(CO4)4,Na6Cr2P(CO4)4,mp-aaabsntl,6.0,24.0,18.0,9.689655172413794,4.347836943583612,11.0,101.0,90.0,78.13793103448276,35.997819989483304,12.0107,51.9961,39.9854,19.89440612689655,9.707135158796872,54.8,3800.0,3745.2,792.3903448275862,1313.4608663124927,1.0,16.0,15.0,11.89655172413793,6.0988683381382565,2.0,4.0,2.0,2.3793103448275863,0.6110360395403224,0.6,1.8,1.2000000000000002,0.9310344827586208,0.4892664800148399,0.93,3.44,2.51,2.632068965517241,1.016051788356808,90.2,4300.0,4209.8,1104.0413793103448,1490.159109652676,968.0,7140.0,6172.0,2383.0,2105.649397363052,5.29,23.78,18.49,16.31310344827586,5.882773274833186,0.02658,140.0,139.97342,54.781423448275866,66.08326531977316,1.0,6.0,5.0,2.4482758620689653,1.4040877980346436,-4.0,-1.0,3.0,-2.103448275862069,0.8845348509228042,4.9e-06,7.1e-05,6.610000000000001e-05,3.8683333333333336e-05,3.2324986035916895e-05,6.3,160.0,153.7,38.52307692307693,53.07671014450042,10.0,279.0,269.0,77.25,116.480416809007,0.69,1120.0,1119.31,280.5175,484.67544735498007,3.3,115.0,111.7,31.225,48.3675188013609,0.5,8.5,8.0,1.8333333333333333,2.98142396999972,1060.0,1060.0,0.0,1060.0,0.0,4.77e-08,1e-05,9.9523e-06,3.125861538461539e-06,4.582842308258803e-06,6.0,24.0,18.0,9.592592592592592,4.4908075596403485,11.0,101.0,90.0,83.11111111111111,32.143582198367525,12.0107,51.9961,39.9854,19.665119967407406,10.022278374045056,54.8,3800.0,3745.2,823.6140740740741,1356.0361938829064,1.0,16.0,15.0,12.703703703703702,5.52311516242362,2.0,4.0,2.0,2.333333333333333,0.6085806194501846,0.6,1.8,1.2000000000000002,0.8666666666666666,0.4438885412319596,0.93,3.44,2.51,2.758148148148148,0.9371984928974028,90.2,4300.0,4209.8,1100.1925925925923,1544.2947765832037,968.0,7140.0,6172.0,2640.2727272727275,2193.095367113842,5.29,23.78,18.49,15.759999999999998,5.721417203352227,0.02658,140.0,139.97342,48.46893629629629,64.13026291627725,1.0,6.0,5.0,2.555555555555556,1.3966450099973928,-4.0,-1.0,3.0,-2.185185185185185,0.8622553130979863,4.9e-06,7.1e-05,6.610000000000001e-05,3.222e-05,3.167392618542893e-05,6.3,160.0,153.7,44.38181818181818,55.73358410056019,10.0,279.0,269.0,99.66666666666669,126.80781609278752,0.69,1120.0,1119.31,373.7933333333333,527.6477941666096,3.3,115.0,111.7,40.53333333333333,52.65588497235824,0.5,8.5,8.0,2.1,3.2000000000000006,1060.0,1060.0,0.0,1060.0,0.0,4.77e-08,1e-05,9.9523e-06,3.685527272727273e-06,4.77337432680506e-06,22.98976928,1.8,0.93,5.13907696,1.16,0.148148148148148,0.206896551724137,0.058748403575989,0.0,0.0,0.0,0.0,0.0,0.0,0.0,0.0,2.998660504051716
Na,Na2-3CrSiCO7,Na2CrSiCO7,Na3CrSiCO7,mp-aaabryez,6.0,24.0,18.0,10.23076923076923,4.4575579059847446,11.0,101.0,90.0,75.15384615384616,37.04850490878588,12.0107,51.9961,39.9854,21.004415987692308,9.917697213802205,54.8,3800.0,3745.2,704.8623076923078,1109.858709102919,1.0,16.0,15.0,11.461538461538462,6.295485374033884,2.0,4.0,2.0,2.4615384615384617,0.6343239424027171,0.6,1.8,1.2000000000000002,0.9846153846153848,0.5035965324102434,0.93,3.44,2.51,2.5369230769230766,1.0608515057065069,90.2,4300.0,4209.8,1116.6461538461538,1389.004708756146,968.0,7140.0,6172.0,2440.166666666667,2184.5053152194946,5.29,23.78,18.49,16.726153846153846,5.510954878116773,0.02658,150.0,149.97342,61.86046615384616,67.93021328452284,1.0,6.0,5.0,2.3846153846153846,1.3888823142513684,-4.0,-1.0,3.0,-2.0769230769230766,0.9166442529086912,2.6e-06,7.1e-05,6.840000000000001e-05,3.793333333333334e-05,3.309217765911186e-05,6.3,160.0,153.7,51.98333333333333,58.5867851045685,10.0,279.0,269.0,71.2,104.88355447828798,0.69,1120.0,1119.31,280.5175,484.67544735498007,3.3,115.0,111.7,31.225,48.3675188013609,0.5,8.5,8.0,2.833333333333333,3.3499585403736303,1060.0,1060.0,0.0,1060.0,0.0,4.77e-08,0.001,0.0009999523,0.0001683780166666,0.0003719303437184,6.0,24.0,18.0,10.166666666666668,4.633812924819281,11.0,101.0,90.0,80.5,33.397854222489606,12.0107,51.9961,39.9854,20.83896988,10.305416203994774,54.8,3800.0,3745.2,732.6949999999999,1150.8104331839368,1.0,16.0,15.0,12.333333333333334,5.749396103553447,2.0,4.0,2.0,2.416666666666667,0.6400954789890507,0.6,1.8,1.2000000000000002,0.9166666666666669,0.4633812924819281,0.93,3.44,2.51,2.6708333333333334,0.9930127418898288,90.2,4300.0,4209.8,1113.3666666666668,1445.6735819525636,968.0,7140.0,6172.0,2734.6,2281.73842497338,5.29,23.78,18.49,16.138333333333335,5.330063841602233,0.02658,150.0,149.97342,55.348838333333326,66.69212727606433,1.0,6.0,5.0,2.5,1.3844373104863457,-4.0,-1.0,3.0,-2.166666666666667,0.8975274678557507,2.6e-06,7.1e-05,6.840000000000001e-05,3.1320000000000005e-05,3.242982577813208e-05,6.3,160.0,153.7,61.120000000000005,60.14999251870278,10.0,279.0,269.0,86.5,112.16171361030466,0.69,1120.0,1119.31,373.7933333333333,527.6477941666096,3.3,115.0,111.7,40.53333333333333,52.65588497235824,0.5,8.5,8.0,3.3000000000000003,3.487119154832538,1060.0,1060.0,0.0,1060.0,0.0,4.77e-08,0.001,0.0009999523,0.00020204408,0.0003989964834081,22.98976928,1.8,0.93,5.13907696,1.16,0.166666666666666,0.23076923076923,0.064102564102564,0.0,0.0,0.0,0.0,0.0,0.0,0.0,0.0,3.459963181551732
Na,Na4-6Cr2C4SO16,Na4Cr2C4SO16,Na6Cr2C4SO16,mp-aaabrvwy,6.0,24.0,18.0,9.724137931034484,4.393541904174086,11.0,101.0,90.0,78.27586206896552,36.05063159016692,12.0107,51.9961,39.9854,19.93203502344827,9.752021688405309,54.8,3800.0,3745.2,794.8406896551726,1312.638295308296,1.0,16.0,15.0,11.93103448275862,6.119111015458095,2.0,4.0,2.0,2.3793103448275863,0.6110360395403224,0.6,1.8,1.2000000000000002,0.9310344827586208,0.4892664800148399,0.93,3.44,2.51,2.64551724137931,1.0126870579250735,90.2,4300.0,4209.8,1109.83,1488.3205733054078,968.0,7140.0,6172.0,2393.538461538462,2103.161671805446,5.29,23.78,18.49,16.261724137931033,5.882881694148574,0.02658,140.0,139.97342,54.78035448275863,66.0841478848926,1.0,6.0,5.0,2.4827586206896552,1.4767319383009558,-4.0,-1.0,3.0,-2.0689655172413794,0.8682536766906325,4.9e-06,7.1e-05,6.610000000000001e-05,3.8683333333333336e-05,3.2324986035916895e-05,6.3,160.0,153.7,38.26923076923077,53.21544577130828,10.0,279.0,269.0,77.25,116.480416809007,0.69,1120.0,1119.31,280.5175,484.67544735498007,3.3,115.0,111.7,31.225,48.3675188013609,0.5,8.5,8.0,1.8461538461538465,2.8648037614670883,1060.0,1060.0,0.0,1060.0,0.0,4.77e-08,2000000000000000.0,2000000000000000.0,153846153846153.84,532938710021193.06,6.0,24.0,18.0,9.62962962962963,4.539115170326972,11.0,101.0,90.0,83.25925925925925,32.184183592649624,12.0107,51.9961,39.9854,19.705536189629623,10.069887746751672,54.8,3800.0,3745.2,826.2459259259259,1355.119612654883,1.0,16.0,15.0,12.74074074074074,5.541711144968322,2.0,4.0,2.0,2.333333333333333,0.6085806194501846,0.6,1.8,1.2000000000000002,0.8666666666666666,0.4438885412319596,0.93,3.44,2.51,2.7725925925925923,0.931317635247453,90.2,4300.0,4209.8,1106.41,1542.4039269942905,968.0,7140.0,6172.0,2652.7272727272725,2188.803537465123,5.29,23.78,18.49,15.704814814814814,5.716181301306857,0.02658,140.0,139.97342,48.46778814814815,64.13112671003194,1.0,6.0,5.0,2.592592592592593,1.472193104766799,-4.0,-1.0,3.0,-2.148148148148148,0.8478165290562665,4.9e-06,7.1e-05,6.610000000000001e-05,3.222e-05,3.167392618542893e-05,6.3,160.0,153.7,44.081818181818186,55.92102902847287,10.0,279.0,269.0,99.66666666666669,126.80781609278752,0.69,1120.0,1119.31,373.7933333333333,527.6477941666096,3.3,115.0,111.7,40.53333333333333,52.65588497235824,0.5,8.5,8.0,2.090909090909091,3.051215717606984,1060.0,1060.0,0.0,1060.0,0.0,4.77e-08,2000000000000000.0,2000000000000000.0,181818181818181.8,574959574576069.0,22.98976928,1.8,0.93,5.13907696,1.16,0.148148148148148,0.206896551724137,0.058748403575989,0.0,0.0,0.0,0.0,0.0,0.0,0.0,0.0,2.085979849051714
Na,Na2-3CuPCO7,Na2CuPCO7,Na3CuPCO7,mp-aaabrrko,6.0,29.0,23.0,10.692307692307692,5.7296075229341765,11.0,101.0,90.0,76.69230769230768,36.81217318597961,12.0107,63.546,51.5353,22.11504383384615,12.89365351050771,54.8,3800.0,3745.2,536.2523076923077,1003.0533625666249,1.0,16.0,15.0,11.923076923076923,6.132655823998385,2.0,4.0,2.0,2.4615384615384617,0.6343239424027171,0.6,1.8,1.2000000000000002,0.9730769230769232,0.4994671717153208,0.93,3.44,2.51,2.5776923076923075,1.036266626264717,90.2,4300.0,4209.8,934.5692307692308,1293.2964698990152,968.0,8920.0,7952.0,2652.333333333333,2846.953264261444,5.29,23.78,18.49,17.09846153846154,5.360991363765369,0.02658,400.0,399.97342,73.87862,113.49191914002498,1.0,5.0,4.0,2.3076923076923075,1.2015768732164085,-4.0,1.0,5.0,-1.7692307692307692,1.1200169060431566,7.1e-06,7.1e-05,6.390000000000001e-05,4.732e-05,2.915389510854425e-05,6.3,140.0,133.7,33.81666666666666,48.42118739651981,10.0,130.0,120.0,40.0,51.96152422706632,0.69,874.0,873.31,219.0175,378.15432268949405,3.3,48.0,44.7,14.475,19.3556677745822,0.5,3.0,2.5,1.0000000000000002,1.0,369.0,369.0,0.0,369.0,0.0,1.678e-08,1e-05,9.98322e-06,1.70998e-06,3.707490567216592e-06,6.0,29.0,23.0,10.666666666666668,5.962847939999439,11.0,101.0,90.0,82.16666666666667,32.84010082539672,12.0107,63.546,51.5353,22.042150046666663,13.417566236035192,54.8,3800.0,3745.2,550.0341666666666,1042.827807881518,1.0,16.0,15.0,12.833333333333334,5.474689235218947,2.0,4.0,2.0,2.416666666666667,0.6400954789890507,0.6,1.8,1.2000000000000002,0.9041666666666666,0.4566446162559628,0.93,3.44,2.51,2.715,0.9582492716755212,90.2,4300.0,4209.8,916.1166666666666,1344.4604654118898,968.0,8920.0,7952.0,2989.2,3007.539951521841,5.29,23.78,18.49,16.541666666666664,5.206244381082735,0.02658,400.0,399.97342,68.368505,116.44348805688767,1.0,5.0,4.0,2.416666666666667,1.1873172373979173,-4.0,1.0,5.0,-1.8333333333333333,1.1426091000668408,7.1e-06,7.1e-05,6.390000000000001e-05,4.14e-05,2.9785986638014863e-05,6.3,140.0,133.7,39.32,51.301204664218176,10.0,130.0,120.0,49.99999999999999,56.5685424949238,0.69,874.0,873.31,291.7933333333333,411.6822820520159,3.3,48.0,44.7,18.2,21.07178207935912,0.5,3.0,2.5,1.125,1.0825317547305484,369.0,369.0,0.0,369.0,0.0,1.678e-08,1e-05,9.98322e-06,2.0424360000000003e-06,3.978871902384394e-06,22.98976928,1.8,0.93,5.13907696,1.16,0.166666666666666,0.23076923076923,0.064102564102564,0.0,0.0,0.0,0.0,0.0,0.0,0.0,0.0,3.362398286551713
Na,Na1-3CuCSO7,NaCuCSO7,Na3CuCSO7,mp-aaabryew,6.0,29.0,23.0,10.76923076923077,5.793283195003918,11.0,101.0,90.0,77.0,36.93861852399922,12.0107,63.546,51.5353,22.198985218461537,12.954461812796794,54.8,3800.0,3745.2,541.7184615384615,1002.038392584345,1.0,16.0,15.0,12.0,6.176879969195302,2.0,4.0,2.0,2.4615384615384617,0.6343239424027171,0.6,1.8,1.2000000000000002,0.9730769230769232,0.4994671717153208,0.93,3.44,2.51,2.607692307692308,1.0302363720275656,90.2,4300.0,4209.8,947.4823076923076,1290.2266411768,968.0,8920.0,7952.0,2675.1666666666665,2840.75285893644,5.29,23.78,18.49,16.983846153846155,5.377346412299456,0.02658,400.0,399.97342,73.8762353846154,113.49346675898084,1.0,6.0,5.0,2.384615384615385,1.3888823142513684,-4.0,1.0,5.0,-1.6923076923076923,1.065877420042386,7.1e-06,7.1e-05,6.390000000000001e-05,4.732e-05,2.915389510854425e-05,6.3,140.0,133.7,33.266666666666666,48.69519711657632,10.0,130.0,120.0,40.0,51.96152422706632,0.69,874.0,873.31,219.0175,378.15432268949405,3.3,48.0,44.7,14.475,19.3556677745822,0.5,3.0,2.5,1.1666666666666667,0.9860132971832694,369.0,369.0,0.0,369.0,0.0,1.678e-08,2000000000000000.0,2000000000000000.0,333333333333333.3,745355992499929.9,6.0,29.0,23.0,10.727272727272728,6.297054276563246,11.0,101.0,90.0,89.0,26.010487395384477,12.0107,63.546,51.5353,22.05520629818181,14.078213265211938,54.8,3800.0,3745.2,572.7818181818182,1086.4479059495438,1.0,16.0,15.0,14.0,4.369314487526514,2.0,4.0,2.0,2.3636363636363638,0.642824346533225,0.6,1.8,1.2000000000000002,0.8227272727272728,0.3845680199697722,0.93,3.44,2.51,2.9127272727272726,0.8059561335806051,90.2,4300.0,4209.8,909.57,1399.2898258174978,968.0,8920.0,7952.0,3528.75,3149.4446633493976,5.29,23.78,18.49,15.748181818181818,4.924291953130868,0.02658,400.0,399.97342,61.85373272727273,119.51238817309772,1.0,6.0,5.0,2.6363636363636367,1.3666633071248098,-4.0,1.0,5.0,-1.818181818181818,1.1134044285378082,7.1e-06,7.1e-05,6.390000000000001e-05,3.153333333333334e-05,2.8169763143405305e-05,6.3,140.0,133.7,46.75,54.87652048007417,10.0,130.0,120.0,70.0,60.0,0.69,874.0,873.31,437.345,436.655,3.3,48.0,44.7,25.65,22.35,0.5,3.0,2.5,1.5,1.0606601717798212,369.0,369.0,0.0,369.0,0.0,1.678e-08,2000000000000000.0,2000000000000000.0,500000000000000.0,866025403784438.8,22.98976928,1.8,0.93,5.13907696,1.16,0.09090909090909,0.23076923076923,0.13986013986014,0.0,0.0,0.0,0.0,0.0,0.0,0.0,0.0,2.9306589190517203
Na,Na4-6Cu2C4SO16,Na4Cu2C4SO16,Na6Cu2C4SO16,mp-aaabsipa,6.0,29.0,23.0,10.06896551724138,5.545616687717138,11.0,101.0,90.0,79.3103448275862,35.63812705349558,12.0107,63.546,51.5353,20.72857985103448,12.439790459241337,54.8,3800.0,3745.2,738.1351724137933,1268.5962343299009,1.0,16.0,15.0,12.275862068965516,5.912561448097327,2.0,4.0,2.0,2.3793103448275863,0.6110360395403224,0.6,1.8,1.2000000000000002,0.9275862068965516,0.4861151784364504,0.93,3.44,2.51,2.6620689655172414,0.9983033168757562,90.2,4300.0,4209.8,1127.485172413793,1511.3144355565198,968.0,8920.0,7952.0,2667.384615384616,2726.7827065965644,5.29,23.78,18.49,16.25344827586207,5.895651978138179,0.02658,400.0,399.97342,75.88380275862067,109.70302532790816,1.0,6.0,5.0,2.3448275862068964,1.2113219358793308,-4.0,1.0,5.0,-1.862068965517241,1.1663127258819148,7.1e-06,7.1e-05,6.390000000000001e-05,4.061666666666667e-05,3.054447122184672e-05,6.3,140.0,133.7,35.19230769230769,46.20435313388458,10.0,130.0,120.0,40.0,51.96152422706632,0.69,874.0,873.31,219.0175,378.15432268949405,3.3,48.0,44.7,14.475,19.3556677745822,0.5,3.0,2.5,1.0,0.9405399431259602,369.0,369.0,0.0,369.0,0.0,1.678e-08,2000000000000000.0,2000000000000000.0,153846153846153.84,532938710021193.06,6.0,29.0,23.0,10.0,5.741338081228362,11.0,101.0,90.0,84.37037037037037,31.510313594532644,12.0107,63.546,51.5353,20.56108433777778,12.876507146579772,54.8,3800.0,3745.2,765.34,1310.6544249145722,1.0,16.0,15.0,13.11111111111111,5.237566110841189,2.0,4.0,2.0,2.333333333333333,0.6085806194501846,0.6,1.8,1.2000000000000002,0.8629629629629629,0.4396110639157604,0.93,3.44,2.51,2.7903703703703697,0.912000168459542,90.2,4300.0,4209.8,1125.372962962963,1566.2685276745533,968.0,8920.0,7952.0,2976.363636363636,2857.7407883191822,5.29,23.78,18.49,15.695925925925923,5.729431009988403,0.02658,400.0,399.97342,71.13445481481482,112.24593788910288,1.0,6.0,5.0,2.444444444444444,1.1967032904743342,-4.0,1.0,5.0,-1.9259259259259256,1.1840272120848725,7.1e-06,7.1e-05,6.390000000000001e-05,3.4540000000000005e-05,2.9966688172035295e-05,6.3,140.0,133.7,40.44545454545455,48.41099356056081,10.0,130.0,120.0,49.99999999999999,56.5685424949238,0.69,874.0,873.31,291.7933333333333,411.6822820520159,3.3,48.0,44.7,18.2,21.07178207935912,0.5,3.0,2.5,1.090909090909091,0.9958591954639384,369.0,369.0,0.0,369.0,0.0,1.678e-08,2000000000000000.0,2000000000000000.0,181818181818181.8,574959574576069.0,22.98976928,1.8,0.93,5.13907696,1.16,0.148148148148148,0.206896551724137,0.058748403575989,0.0,0.0,0.0,0.0,0.0,0.0,0.0,0.0,3.7011811090517353
Na,Na0-1Li5Fe2P2(CO7)2,Li5Fe2P2(CO7)2,NaLi5Fe2P2(CO7)2,mp-aaabrtcz,3.0,26.0,23.0,8.923076923076923,5.770769025695707,11.0,101.0,90.0,76.03846153846153,36.69990648618433,6.941,55.845,48.904,18.436357433846155,12.341856057103822,54.8,3800.0,3745.2,587.0430769230769,1035.6984237544516,1.0,16.0,15.0,11.692307692307692,6.218887055817765,2.0,4.0,2.0,2.269230769230769,0.5921078583977174,0.6,1.8,1.2000000000000002,0.9096153846153846,0.4009649972180649,0.93,3.44,2.51,2.5819230769230765,1.0248415233239694,90.2,4300.0,4209.8,1017.7615384615384,1312.4913960382964,535.0,7874.0,7339.0,2297.583333333333,2581.1248664853256,5.29,23.78,18.49,15.027692307692307,4.3699589046583,0.02658,140.0,139.97342,38.68631230769231,51.44553562292608,1.0,6.0,5.0,2.4615384615384617,1.4995068222783023,-4.0,1.0,5.0,-1.6153846153846154,1.4163040491939975,7.1e-06,7.1e-05,6.390000000000001e-05,3.3879999999999994e-05,2.1264420989060576e-05,6.3,170.0,163.7,40.775,58.39055467282358,4.9,211.0,206.1,57.0625,88.89109822558163,0.69,490.0,489.31,326.89666666666665,230.6629460682597,3.3,82.0,78.7,23.5375,33.75458996566245,0.5,4.0,3.5,1.25,1.3756816492197603,608.0,608.0,0.0,608.0,0.0,4.77e-08,1e-05,9.9523e-06,1.7419916666666669e-06,3.693117306887307e-06,3.0,26.0,23.0,8.84,5.869787048948199,12.0,101.0,89.0,78.64,34.99700558619266,6.941,55.845,48.904,18.25422096,12.55196204977167,54.8,3800.0,3745.2,595.6899999999999,1055.2886205773282,1.0,16.0,15.0,12.12,5.9553001603613565,2.0,4.0,2.0,2.24,0.5851495535331118,0.6,1.45,0.85,0.8740000000000001,0.3663659372812926,0.98,3.44,2.46,2.648,0.9893391733879742,90.2,4300.0,4209.8,1012.232,1338.1868481553688,535.0,7874.0,7339.0,2418.454545454545,2663.182763114853,5.29,17.36,12.07,14.6776,4.083346940929707,0.02658,140.0,139.97342,34.633764799999994,48.22351280336455,1.0,6.0,5.0,2.5200000000000005,1.499866660740214,-4.0,1.0,5.0,-1.64,1.438888459888396,7.1e-06,4.6e-05,3.89e-05,2.9755555555555548e-05,1.822928724827844e-05,11.0,170.0,159.0,43.90909090909091,60.01280855019738,4.9,211.0,206.1,63.785714285714285,93.10648939438614,490.0,490.0,0.0,490.0,0.0,4.2,82.0,77.8,26.428571428571427,35.14645742301428,0.5,4.0,3.5,1.3333333333333333,1.4259499757471623,608.0,608.0,0.0,608.0,0.0,9.28e-08,1e-05,9.9072e-06,1.8960181818181817e-06,3.820254575243569e-06,22.98976928,1.8,0.93,5.13907696,1.16,0.0,0.038461538461538,0.038461538461538,0.0,0.0,0.0,0.0,0.0,0.0,0.0,0.0,3.028983551551708
Na,Na0-1Li2FePCO7,Li2FePCO7,NaLi2FePCO7,mp-aaabrabz,3.0,26.0,23.0,9.23076923076923,5.6589458946921605,11.0,101.0,90.0,76.0,36.7674605302862,6.941,55.845,48.904,19.05361779076923,12.151354359693489,54.8,3800.0,3745.2,583.8576923076923,1036.2308881351896,1.0,16.0,15.0,11.692307692307692,6.218887055817765,2.0,4.0,2.0,2.3076923076923075,0.605692913385524,0.6,1.8,1.2000000000000002,0.9230769230769232,0.4240896968872471,0.93,3.44,2.51,2.58,1.0278880513722524,90.2,4300.0,4209.8,1000.1076923076924,1307.4165403347276,535.0,7874.0,7339.0,2333.6666666666665,2559.1654672742225,5.29,23.78,18.49,15.44153846153846,4.660097136910752,0.02658,140.0,139.97342,40.801696923076925,54.35491663278471,1.0,6.0,5.0,2.4615384615384617,1.4995068222783023,-4.0,1.0,5.0,-1.6923076923076923,1.3234346564680963,7.1e-06,7.1e-05,6.390000000000001e-05,3.638e-05,2.385425748163208e-05,6.3,170.0,163.7,40.38333333333333,58.60433478468599,4.9,211.0,206.1,57.7,88.53228224777672,0.69,490.0,489.31,245.345,244.655,3.3,82.0,78.7,23.425,33.82028792012274,0.5,4.0,3.5,1.2400000000000002,1.3807244475274565,608.0,608.0,0.0,608.0,0.0,4.77e-08,1e-05,9.9523e-06,1.7382333333333331e-06,3.69481626636863e-06,3.0,26.0,23.0,9.083333333333332,5.865980073459356,12.0,101.0,89.0,81.41666666666667,32.9101259324374,6.941,55.845,48.904,18.725605166666664,12.592113835478946,54.8,3800.0,3745.2,601.6066666666666,1076.6430786502813,1.0,16.0,15.0,12.583333333333334,5.619287222494405,2.0,4.0,2.0,2.25,0.5951190357119042,0.6,1.45,0.85,0.85,0.3541421560145963,0.98,3.44,2.46,2.7175,0.9480605202200963,90.2,4300.0,4209.8,987.1166666666668,1359.9959104309426,535.0,7874.0,7339.0,2606.8,2722.4221862157974,5.29,17.36,12.07,14.746666666666666,4.153216290485671,0.02658,140.0,139.97342,32.53517166666666,48.08639091687062,1.0,6.0,5.0,2.583333333333333,1.4976833963009524,-4.0,1.0,5.0,-1.75,1.3616778865306824,7.1e-06,4.6e-05,3.89e-05,2.7725e-05,1.835039168519299e-05,11.0,170.0,159.0,47.2,61.98838600899366,4.9,211.0,206.1,73.6,97.15647173503164,490.0,490.0,0.0,490.0,0.0,4.2,82.0,77.8,30.133333333333333,36.675271717542266,0.5,4.0,3.5,1.425,1.487237371773585,608.0,608.0,0.0,608.0,0.0,9.28e-08,1e-05,9.9072e-06,2.07634e-06,3.961830887657878e-06,22.98976928,1.8,0.93,5.13907696,1.16,0.0,0.076923076923076,0.076923076923076,0.0,0.0,0.0,0.0,0.0,0.0,0.0,0.0,2.720517889051724
Na,Na0-3Li3Fe2P2(CO7)2,Li3Fe2P2(CO7)2,Na3Li3Fe2P2(CO7)2,mp-aaabraqn,3.0,26.0,23.0,9.538461538461538,5.527767453298979,11.0,101.0,90.0,75.96153846153845,36.83485052253845,6.941,55.845,48.904,19.670878147692303,11.925912708005034,54.8,3800.0,3745.2,580.6723076923078,1036.7532921255358,1.0,16.0,15.0,11.692307692307692,6.218887055817765,2.0,4.0,2.0,2.346153846153846,0.6165853669954383,0.6,1.8,1.2000000000000002,0.9365384615384617,0.4456105777270648,0.93,3.44,2.51,2.5780769230769227,1.0309219892547612,90.2,4300.0,4209.8,982.4538461538464,1302.0825775038436,535.0,7874.0,7339.0,2369.75,2536.5027473866453,5.29,23.78,18.49,15.855384615384615,4.898360189326495,0.02658,140.0,139.97342,42.91708153846153,57.03789165670644,1.0,6.0,5.0,2.4615384615384617,1.4995068222783023,-4.0,1.0,5.0,-1.7692307692307692,1.2186907321349891,7.1e-06,7.1e-05,6.390000000000001e-05,3.888e-05,2.59494816903922e-05,6.3,170.0,163.7,39.99166666666667,58.8147297074088,4.9,211.0,206.1,58.3375,88.16739671641666,0.69,490.0,489.31,196.414,239.7119652082474,3.3,82.0,78.7,23.3125,33.8854850009558,0.5,4.0,3.5,1.23,1.3856767299770896,608.0,608.0,0.0,608.0,0.0,4.77e-08,1e-05,9.9523e-06,1.734475e-06,3.696510623801182e-06,3.0,26.0,23.0,9.347826086956522,5.850371193367908,12.0,101.0,89.0,84.43478260869566,30.191887892577345,6.941,55.845,48.904,19.237979304347824,12.615650898183777,54.8,3800.0,3745.2,608.0378260869566,1099.3479695076037,1.0,16.0,15.0,13.08695652173913,5.1828567200645566,2.0,4.0,2.0,2.260869565217392,0.6055820990080052,0.6,1.45,0.85,0.8239130434782609,0.3384329505290238,0.98,3.44,2.46,2.79304347826087,0.8949492809656563,90.2,4300.0,4209.8,959.817391304348,1382.7941906193364,535.0,7874.0,7339.0,2836.9999999999995,2775.81903829002,5.29,17.36,12.07,14.821739130434784,4.226571899175926,0.02658,140.0,139.97342,30.25409217391304,47.83258355419779,1.0,6.0,5.0,2.6521739130434785,1.4922610697156968,-4.0,1.0,5.0,-1.8695652173913044,1.2616189676997311,7.1e-06,4.6e-05,3.89e-05,2.5114285714285717e-05,1.8174584182425787e-05,11.0,170.0,159.0,51.22222222222222,64.09156258870372,4.9,211.0,206.1,87.34,100.9679671975226,490.0,490.0,0.0,490.0,0.0,4.2,82.0,77.8,35.32000000000001,38.114060397706254,0.5,4.0,3.5,1.5428571428571427,1.5545850552084794,608.0,608.0,0.0,608.0,0.0,9.28e-08,1e-05,9.9072e-06,2.2967333333333334e-06,4.117570074961958e-06,22.98976928,1.8,0.93,5.13907696,1.16,0.0,0.115384615384615,0.115384615384615,0.0,0.0,0.0,0.0,0.0,0.0,0.0,0.0,3.2981303065517262
Na,Na0-1Li2FePCO7,Li2FePCO7,NaLi2FePCO7,mp-aaabrarn,3.0,26.0,23.0,9.23076923076923,5.6589458946921605,11.0,101.0,90.0,76.0,36.7674605302862,6.941,55.845,48.904,19.05361779076923,12.151354359693489,54.8,3800.0,3745.2,583.8576923076923,1036.2308881351896,1.0,16.0,15.0,11.692307692307692,6.218887055817765,2.0,4.0,2.0,2.3076923076923075,0.605692913385524,0.6,1.8,1.2000000000000002,0.9230769230769232,0.4240896968872471,0.93,3.44,2.51,2.58,1.0278880513722524,90.2,4300.0,4209.8,1000.1076923076924,1307.4165403347276,535.0,7874.0,7339.0,2333.6666666666665,2559.1654672742225,5.29,23.78,18.49,15.44153846153846,4.660097136910752,0.02658,140.0,139.97342,40.801696923076925,54.35491663278471,1.0,6.0,5.0,2.4615384615384617,1.4995068222783023,-4.0,1.0,5.0,-1.6923076923076923,1.3234346564680963,7.1e-06,7.1e-05,6.390000000000001e-05,3.638e-05,2.385425748163208e-05,6.3,170.0,163.7,40.38333333333333,58.60433478468599,4.9,211.0,206.1,57.7,88.53228224777672,0.69,490.0,489.31,245.345,244.655,3.3,82.0,78.7,23.425,33.82028792012274,0.5,4.0,3.5,1.2400000000000002,1.3807244475274565,608.0,608.0,0.0,608.0,0.0,4.77e-08,1e-05,9.9523e-06,1.7382333333333331e-06,3.69481626636863e-06,3.0,26.0,23.0,9.083333333333332,5.865980073459356,12.0,101.0,89.0,81.41666666666667,32.9101259324374,6.941,55.845,48.904,18.725605166666664,12.592113835478946,54.8,3800.0,3745.2,601.6066666666666,1076.6430786502813,1.0,16.0,15.0,12.583333333333334,5.619287222494405,2.0,4.0,2.0,2.25,0.5951190357119042,0.6,1.45,0.85,0.85,0.3541421560145963,0.98,3.44,2.46,2.7175,0.9480605202200963,90.2,4300.0,4209.8,987.1166666666668,1359.9959104309426,535.0,7874.0,7339.0,2606.8,2722.4221862157974,5.29,17.36,12.07,14.746666666666666,4.153216290485671,0.02658,140.0,139.97342,32.53517166666666,48.08639091687062,1.0,6.0,5.0,2.583333333333333,1.4976833963009524,-4.0,1.0,5.0,-1.75,1.3616778865306824,7.1e-06,4.6e-05,3.89e-05,2.7725e-05,1.835039168519299e-05,11.0,170.0,159.0,47.2,61.98838600899366,4.9,211.0,206.1,73.6,97.15647173503164,490.0,490.0,0.0,490.0,0.0,4.2,82.0,77.8,30.133333333333333,36.675271717542266,0.5,4.0,3.5,1.425,1.487237371773585,608.0,608.0,0.0,608.0,0.0,9.28e-08,1e-05,9.9072e-06,2.07634e-06,3.961830887657878e-06,22.98976928,1.8,0.93,5.13907696,1.16,0.0,0.076923076923076,0.076923076923076,0.0,0.0,0.0,0.0,0.0,0.0,0.0,0.0,2.718130116551723
Na,Na3-6Fe2P(CO4)4,Na3Fe2P(CO4)4,Na6Fe2P(CO4)4,mp-aaabrukw,6.0,26.0,20.0,9.827586206896552,4.80709938720123,11.0,101.0,90.0,78.41379310344828,35.84979896195188,12.0107,55.845,43.8343,20.15984750620689,10.593484176128166,54.8,3800.0,3745.2,766.9420689655174,1289.6889934382318,1.0,16.0,15.0,12.03448275862069,5.98551561239752,2.0,4.0,2.0,2.3793103448275863,0.6110360395403224,0.6,1.8,1.2000000000000002,0.9310344827586208,0.4892664800148399,0.93,3.44,2.51,2.643793103448276,1.0056955520438149,90.2,4300.0,4209.8,1117.144827586207,1507.0208134357065,968.0,7874.0,6906.0,2495.923076923077,2361.830530673465,5.29,23.78,18.49,16.303448275862067,5.897768880226318,0.02658,140.0,139.97342,53.81590620689655,65.60373883761011,1.0,6.0,5.0,2.4482758620689653,1.4040877980346436,-4.0,-1.0,3.0,-2.103448275862069,0.8845348509228042,7.1e-06,7.1e-05,6.390000000000001e-05,3.983333333333334e-05,3.1206017938140643e-05,6.3,170.0,163.7,40.06153846153847,56.60326897955274,10.0,211.0,201.0,60.25,87.03555308033609,0.69,490.0,489.31,123.0175,211.87744516288183,3.3,82.0,78.7,22.975,34.078099638917664,0.5,4.0,3.5,1.0833333333333333,1.3043729868748777,608.0,608.0,0.0,608.0,0.0,4.77e-08,1e-05,9.9523e-06,3.1214153846153853e-06,4.585764596233763e-06,6.0,26.0,20.0,9.692307692307692,5.059410354586261,11.0,101.0,90.0,86.19230769230771,29.131029228390226,12.0107,55.845,43.8343,19.83331807076923,11.141809293570606,54.8,3800.0,3745.2,812.6426923076924,1354.6318236859606,1.0,16.0,15.0,13.307692307692308,4.928482609120415,2.0,4.0,2.0,2.307692307692308,0.605692913385524,0.6,1.8,1.2000000000000002,0.8307692307692307,0.4120952380301192,0.93,3.44,2.51,2.8415384615384616,0.8660995337528268,90.2,4300.0,4209.8,1112.6615384615384,1591.5303286404092,968.0,7874.0,6906.0,2954.3,2518.182362339948,5.29,23.78,18.49,15.44076923076923,5.621663402257736,0.02658,140.0,139.97342,43.87158769230769,62.0041703396456,1.0,6.0,5.0,2.6153846153846154,1.3888823142513682,-4.0,-1.0,3.0,-2.230769230769231,0.8461538461538461,7.1e-06,7.1e-05,6.390000000000001e-05,2.9444444444444448e-05,2.9439848697947224e-05,6.3,170.0,163.7,50.190000000000005,60.99648268547951,10.0,211.0,201.0,90.4,98.46948765988375,0.69,490.0,489.31,196.414,239.7119652082474,3.3,82.0,78.7,34.78,38.55496855140722,0.5,4.0,3.5,1.277777777777778,1.4550889837454215,608.0,608.0,0.0,608.0,0.0,4.77e-08,1e-05,9.9523e-06,4.043530000000001e-06,4.863475585227092e-06,22.98976928,1.8,0.93,5.13907696,1.16,0.115384615384615,0.206896551724137,0.091511936339522,0.0,0.0,0.0,0.0,0.0,0.0,0.0,0.0,3.359924674885058
Na,Na1-3FePCO7,NaFePCO7,Na3FePCO7,mp-aaabrunh,6.0,26.0,20.0,10.461538461538462,5.001774832925803,11.0,101.0,90.0,75.84615384615384,37.03604513245514,12.0107,55.845,43.8343,21.52265921846154,11.016860404514189,54.8,3800.0,3745.2,571.1161538461539,1038.260292149535,1.0,16.0,15.0,11.692307692307692,6.218887055817765,2.0,4.0,2.0,2.4615384615384617,0.6343239424027171,0.6,1.8,1.2000000000000002,0.976923076923077,0.50253793757111,0.93,3.44,2.51,2.5723076923076924,1.0399493615345956,90.2,4300.0,4209.8,929.4923076923076,1284.4929837587451,968.0,7874.0,6906.0,2478.0,2464.0976035863514,5.29,23.78,18.49,17.096923076923076,5.36385966749172,0.02658,140.0,139.97342,49.263235384615385,64.00168144076946,1.0,6.0,5.0,2.4615384615384617,1.4995068222783023,-4.0,-1.0,3.0,-2.0,0.7844645405527362,7.1e-06,7.1e-05,6.390000000000001e-05,4.638e-05,3.0189826100857224e-05,6.3,170.0,163.7,38.81666666666666,59.425960002529386,10.0,211.0,201.0,60.25,87.03555308033609,0.69,490.0,489.31,123.0175,211.87744516288183,3.3,82.0,78.7,22.975,34.078099638917664,0.5,4.0,3.5,1.2000000000000002,1.4,608.0,608.0,0.0,608.0,0.0,4.77e-08,1e-05,9.9523e-06,1.7232e-06,3.701566146916734e-06,6.0,26.0,20.0,10.363636363636363,5.43177063501442,11.0,101.0,90.0,87.63636363636363,26.786267605461667,12.0107,55.845,43.8343,21.255911934545452,11.957265771866702,54.8,3800.0,3745.2,607.5245454545454,1124.8846130835225,1.0,16.0,15.0,13.636363636363637,4.597879496873379,2.0,4.0,2.0,2.3636363636363638,0.642824346533225,0.6,1.8,1.2000000000000002,0.8272727272727272,0.3910147848655739,0.93,3.44,2.51,2.870909090909091,0.835806138303881,90.2,4300.0,4209.8,888.309090909091,1392.4380459236013,968.0,7874.0,6906.0,3233.0,2719.8511907823195,5.29,23.78,18.49,15.88181818181818,4.940137683362531,0.02658,140.0,139.97342,32.76564181818182,55.424478117150606,1.0,6.0,5.0,2.7272727272727275,1.4826824027545535,-4.0,-1.0,3.0,-2.1818181818181817,0.7158188976374374,7.1e-06,7.1e-05,6.390000000000001e-05,2.9966666666666672e-05,2.907832335071761e-05,6.3,170.0,163.7,55.075,67.11309019110952,10.0,211.0,201.0,110.5,100.5,0.69,490.0,489.31,245.345,244.655,3.3,82.0,78.7,42.65,39.35,0.5,4.0,3.5,1.666666666666667,1.649915822768611,608.0,608.0,0.0,608.0,0.0,4.77e-08,1e-05,9.9523e-06,2.56095e-06,4.294986929258342e-06,22.98976928,1.8,0.93,5.13907696,1.16,0.09090909090909,0.23076923076923,0.13986013986014,0.0,0.0,0.0,0.0,0.0,0.0,0.0,0.0,3.443899664051723
Na,Na2-2.5FePCO7,Na2FePCO7,Na5Fe2P2(CO7)2,mp-aaacoygj,6.0,26.0,20.0,10.44,5.099647046610187,11.0,101.0,90.0,78.44,35.37804969186402,12.0107,55.845,43.8343,21.463974816,11.23105165881876,54.8,3800.0,3745.2,579.126,1058.033890338112,1.0,16.0,15.0,12.12,5.9553001603613565,2.0,4.0,2.0,2.4400000000000004,0.6374950980203691,0.6,1.8,1.2000000000000002,0.9440000000000002,0.484214828356175,0.93,3.44,2.51,2.638,1.0062564285508937,90.2,4300.0,4209.8,920.432,1309.1160360243089,968.0,7874.0,6906.0,2615.272727272727,2529.3538913007046,5.29,23.78,18.49,16.8296,5.297530352909741,0.02658,140.0,139.97342,45.6337648,62.59044944315599,1.0,6.0,5.0,2.5200000000000005,1.499866660740214,-4.0,-1.0,3.0,-2.04,0.7735631842325487,7.1e-06,7.1e-05,6.390000000000001e-05,4.364444444444444e-05,3.062454030897121e-05,6.3,170.0,163.7,41.77272727272727,61.217853766974805,10.0,211.0,201.0,67.42857142857143,90.80254424197774,0.69,490.0,489.31,140.49285714285713,221.04772598528425,3.3,82.0,78.7,25.785714285714285,35.553035979321635,0.5,4.0,3.5,1.2777777777777777,1.4550889837454215,608.0,608.0,0.0,608.0,0.0,4.77e-08,1e-05,9.9523e-06,1.8755181818181816e-06,3.829984499332075e-06,6.0,26.0,20.0,10.416666666666668,5.203497755249721,11.0,101.0,90.0,81.25,33.26190263148918,12.0107,55.845,43.8343,21.400400046666668,11.45823572679443,54.8,3800.0,3745.2,587.8033333333333,1078.979362625728,1.0,16.0,15.0,12.583333333333334,5.619287222494405,2.0,4.0,2.0,2.416666666666667,0.6400954789890507,0.6,1.8,1.2000000000000002,0.9083333333333332,0.460901893634161,0.93,3.44,2.51,2.7091666666666665,0.9633920829836392,90.2,4300.0,4209.8,910.6166666666666,1335.2093380398778,968.0,7874.0,6906.0,2780.0000000000005,2595.9407543316547,5.29,23.78,18.49,16.54,5.2092657831982425,0.02658,140.0,139.97342,41.70183833333333,60.78071294753046,1.0,6.0,5.0,2.583333333333333,1.4976833963009524,-4.0,-1.0,3.0,-2.083333333333333,0.7592027982620249,7.1e-06,7.1e-05,6.390000000000001e-05,4.0225e-05,3.0819829250013706e-05,6.3,170.0,163.7,45.32000000000001,63.11872622288888,10.0,211.0,201.0,77.0,94.75230867899737,0.69,490.0,489.31,163.79333333333332,230.6629460682597,3.3,82.0,78.7,29.53333333333333,37.099535786254194,0.5,4.0,3.5,1.375,1.5155444566227676,608.0,608.0,0.0,608.0,0.0,4.77e-08,1e-05,9.9523e-06,2.0583000000000003e-06,3.970914034325096e-06,22.98976928,1.8,0.93,5.13907696,1.16,0.166666666666666,0.2,0.033333333333334,0.0,0.0,0.0,0.0,0.0,0.0,0.0,0.0,2.774276836551738
Na,Na2-2.5FePCO7,Na2FePCO7,Na5Fe2P2(CO7)2,mp-aaabrsgc,6.0,26.0,20.0,10.44,5.099647046610187,11.0,101.0,90.0,78.44,35.37804969186402,12.0107,55.845,43.8343,21.463974816,11.23105165881876,54.8,3800.0,3745.2,579.126,1058.033890338112,1.0,16.0,15.0,12.12,5.9553001603613565,2.0,4.0,2.0,2.4400000000000004,0.6374950980203691,0.6,1.8,1.2000000000000002,0.9440000000000002,0.484214828356175,0.93,3.44,2.51,2.638,1.0062564285508937,90.2,4300.0,4209.8,920.432,1309.1160360243089,968.0,7874.0,6906.0,2615.272727272727,2529.3538913007046,5.29,23.78,18.49,16.8296,5.297530352909741,0.02658,140.0,139.97342,45.6337648,62.59044944315599,1.0,6.0,5.0,2.5200000000000005,1.499866660740214,-4.0,-1.0,3.0,-2.04,0.7735631842325487,7.1e-06,7.1e-05,6.390000000000001e-05,4.364444444444444e-05,3.062454030897121e-05,6.3,170.0,163.7,41.77272727272727,61.217853766974805,10.0,211.0,201.0,67.42857142857143,90.80254424197774,0.69,490.0,489.31,140.49285714285713,221.04772598528425,3.3,82.0,78.7,25.785714285714285,35.553035979321635,0.5,4.0,3.5,1.2777777777777777,1.4550889837454215,608.0,608.0,0.0,608.0,0.0,4.77e-08,1e-05,9.9523e-06,1.8755181818181816e-06,3.829984499332075e-06,6.0,26.0,20.0,10.416666666666668,5.203497755249721,11.0,101.0,90.0,81.25,33.26190263148918,12.0107,55.845,43.8343,21.400400046666668,11.45823572679443,54.8,3800.0,3745.2,587.8033333333333,1078.979362625728,1.0,16.0,15.0,12.583333333333334,5.619287222494405,2.0,4.0,2.0,2.416666666666667,0.6400954789890507,0.6,1.8,1.2000000000000002,0.9083333333333332,0.460901893634161,0.93,3.44,2.51,2.7091666666666665,0.9633920829836392,90.2,4300.0,4209.8,910.6166666666666,1335.2093380398778,968.0,7874.0,6906.0,2780.0000000000005,2595.9407543316547,5.29,23.78,18.49,16.54,5.2092657831982425,0.02658,140.0,139.97342,41.70183833333333,60.78071294753046,1.0,6.0,5.0,2.583333333333333,1.4976833963009524,-4.0,-1.0,3.0,-2.083333333333333,0.7592027982620249,7.1e-06,7.1e-05,6.390000000000001e-05,4.0225e-05,3.0819829250013706e-05,6.3,170.0,163.7,45.32000000000001,63.11872622288888,10.0,211.0,201.0,77.0,94.75230867899737,0.69,490.0,489.31,163.79333333333332,230.6629460682597,3.3,82.0,78.7,29.53333333333333,37.099535786254194,0.5,4.0,3.5,1.375,1.5155444566227676,608.0,608.0,0.0,608.0,0.0,4.77e-08,1e-05,9.9523e-06,2.0583000000000003e-06,3.970914034325096e-06,22.98976928,1.8,0.93,5.13907696,1.16,0.166666666666666,0.2,0.033333333333334,0.0,0.0,0.0,0.0,0.0,0.0,0.0,0.0,2.5740071515517142
Na,Na2-2.5FePCO7,Na2FePCO7,Na5Fe2P2(CO7)2,mp-aaabruit,6.0,26.0,20.0,10.44,5.099647046610187,11.0,101.0,90.0,78.44,35.37804969186402,12.0107,55.845,43.8343,21.463974816,11.23105165881876,54.8,3800.0,3745.2,579.126,1058.033890338112,1.0,16.0,15.0,12.12,5.9553001603613565,2.0,4.0,2.0,2.4400000000000004,0.6374950980203691,0.6,1.8,1.2000000000000002,0.9440000000000002,0.484214828356175,0.93,3.44,2.51,2.638,1.0062564285508937,90.2,4300.0,4209.8,920.432,1309.1160360243089,968.0,7874.0,6906.0,2615.272727272727,2529.3538913007046,5.29,23.78,18.49,16.8296,5.297530352909741,0.02658,140.0,139.97342,45.6337648,62.59044944315599,1.0,6.0,5.0,2.5200000000000005,1.499866660740214,-4.0,-1.0,3.0,-2.04,0.7735631842325487,7.1e-06,7.1e-05,6.390000000000001e-05,4.364444444444444e-05,3.062454030897121e-05,6.3,170.0,163.7,41.77272727272727,61.217853766974805,10.0,211.0,201.0,67.42857142857143,90.80254424197774,0.69,490.0,489.31,140.49285714285713,221.04772598528425,3.3,82.0,78.7,25.785714285714285,35.553035979321635,0.5,4.0,3.5,1.2777777777777777,1.4550889837454215,608.0,608.0,0.0,608.0,0.0,4.77e-08,1e-05,9.9523e-06,1.8755181818181816e-06,3.829984499332075e-06,6.0,26.0,20.0,10.416666666666668,5.203497755249721,11.0,101.0,90.0,81.25,33.26190263148918,12.0107,55.845,43.8343,21.400400046666668,11.45823572679443,54.8,3800.0,3745.2,587.8033333333333,1078.979362625728,1.0,16.0,15.0,12.583333333333334,5.619287222494405,2.0,4.0,2.0,2.416666666666667,0.6400954789890507,0.6,1.8,1.2000000000000002,0.9083333333333332,0.460901893634161,0.93,3.44,2.51,2.7091666666666665,0.9633920829836392,90.2,4300.0,4209.8,910.6166666666666,1335.2093380398778,968.0,7874.0,6906.0,2780.0000000000005,2595.9407543316547,5.29,23.78,18.49,16.54,5.2092657831982425,0.02658,140.0,139.97342,41.70183833333333,60.78071294753046,1.0,6.0,5.0,2.583333333333333,1.4976833963009524,-4.0,-1.0,3.0,-2.083333333333333,0.7592027982620249,7.1e-06,7.1e-05,6.390000000000001e-05,4.0225e-05,3.0819829250013706e-05,6.3,170.0,163.7,45.32000000000001,63.11872622288888,10.0,211.0,201.0,77.0,94.75230867899737,0.69,490.0,489.31,163.79333333333332,230.6629460682597,3.3,82.0,78.7,29.53333333333333,37.099535786254194,0.5,4.0,3.5,1.375,1.5155444566227676,608.0,608.0,0.0,608.0,0.0,4.77e-08,1e-05,9.9523e-06,2.0583000000000003e-06,3.970914034325096e-06,22.98976928,1.8,0.93,5.13907696,1.16,0.166666666666666,0.2,0.033333333333334,0.0,0.0,0.0,0.0,0.0,0.0,0.0,0.0,2.753800811551716
Na,Na2-6Fe2C4SO16,Na2Fe2C4SO16,Na6Fe2C4SO16,mp-aaabryaa,6.0,26.0,20.0,9.862068965517242,4.847495890564206,11.0,101.0,90.0,78.55172413793103,35.901768477137296,12.0107,55.845,43.8343,20.197476402758618,10.63369100912048,54.8,3800.0,3745.2,769.3924137931035,1288.8996318074903,1.0,16.0,15.0,12.06896551724138,6.005348389117238,2.0,4.0,2.0,2.3793103448275863,0.6110360395403224,0.6,1.8,1.2000000000000002,0.9310344827586208,0.4892664800148399,0.93,3.44,2.51,2.657241379310345,1.0021387354973883,90.2,4300.0,4209.8,1122.933448275862,1505.1524797136367,968.0,7874.0,6906.0,2506.4615384615386,2359.1085218258777,5.29,23.78,18.49,16.25206896551724,5.897792912320937,0.02658,140.0,139.97342,53.81483724137931,65.60461212150334,1.0,6.0,5.0,2.4827586206896552,1.4767319383009558,-4.0,-1.0,3.0,-2.0689655172413794,0.8682536766906325,7.1e-06,7.1e-05,6.390000000000001e-05,3.983333333333334e-05,3.1206017938140643e-05,6.3,170.0,163.7,39.80769230769232,56.740264655146746,10.0,211.0,201.0,60.25,87.03555308033609,0.69,490.0,489.31,123.0175,211.87744516288183,3.3,82.0,78.7,22.975,34.078099638917664,0.5,4.0,3.5,1.1538461538461535,1.276784051745987,608.0,608.0,0.0,608.0,0.0,4.77e-08,2000000000000000.0,2000000000000000.0,153846153846153.84,532938710021193.06,6.0,26.0,20.0,9.68,5.197845707598486,11.0,101.0,90.0,89.36,25.46036920392161,12.0107,55.845,43.8343,19.750709542400003,11.38948380939014,54.8,3800.0,3745.2,833.1560000000001,1377.5293860386428,1.0,16.0,15.0,13.84,4.3697139494479496,2.0,4.0,2.0,2.28,0.6013318551349163,0.6,1.8,1.2000000000000002,0.792,0.3708584635679763,0.93,3.44,2.51,2.9336,0.7818280117775264,90.2,4300.0,4209.8,1117.6428,1621.036239781258,968.0,7874.0,6906.0,3190.222222222222,2553.318005949548,5.29,23.78,18.49,15.0476,5.461821146833719,0.02658,140.0,139.97342,40.0252112,60.11642538901569,1.0,6.0,5.0,2.72,1.45657131648265,-4.0,-1.0,3.0,-2.24,0.8138795979750323,7.1e-06,7.1e-05,6.390000000000001e-05,2.425e-05,2.7059240565839984e-05,6.3,170.0,163.7,54.7,62.686043103708506,10.0,211.0,201.0,110.5,100.5,0.69,490.0,489.31,245.345,244.655,3.3,82.0,78.7,42.65,39.35,0.5,4.0,3.5,1.4444444444444446,1.4423061095274632,608.0,608.0,0.0,608.0,0.0,4.77e-08,2000000000000000.0,2000000000000000.0,222222222222222.25,628539361054709.0,22.98976928,1.8,0.93,5.13907696,1.16,0.08,0.206896551724137,0.126896551724137,0.0,0.0,0.0,0.0,0.0,0.0,0.0,0.0,3.904088337801721
Na,Na0-2FeCSO7,FeCSO7,Na2FeCSO7,mp-aaacpazq,6.0,26.0,20.0,10.5,5.283622494715786,11.0,101.0,90.0,81.58333333333334,33.36779468622735,12.0107,55.845,43.8343,21.491336546666663,11.537905613528029,54.8,3800.0,3745.2,593.725,1077.6727385087738,1.0,16.0,15.0,12.666666666666668,5.66176258382101,2.0,4.0,2.0,2.416666666666667,0.6400954789890507,0.6,1.8,1.2000000000000002,0.9083333333333334,0.4609018936341611,0.93,3.44,2.51,2.7416666666666667,0.9518388635805024,90.2,4300.0,4209.8,924.6058333333332,1332.233908781652,968.0,7874.0,6906.0,2807.4,2586.400556758369,5.29,23.78,18.49,16.41583333333333,5.214100207343758,0.02658,140.0,139.97342,41.699255,60.78247592838368,1.0,6.0,5.0,2.666666666666667,1.6499158227686108,-4.0,-1.0,3.0,-2.0,0.7071067811865476,7.1e-06,7.1e-05,6.390000000000001e-05,4.0225e-05,3.0819829250013706e-05,6.3,170.0,163.7,44.66,63.49030162158628,10.0,211.0,201.0,77.0,94.75230867899737,0.69,490.0,489.31,163.79333333333332,230.6629460682597,3.3,82.0,78.7,29.53333333333333,37.099535786254194,0.5,4.0,3.5,1.5,1.378404875209022,608.0,608.0,0.0,608.0,0.0,4.77e-08,2000000000000000.0,2000000000000000.0,400000000000000.0,800000000000000.0,6.0,26.0,20.0,10.4,5.782732917920384,61.0,101.0,40.0,95.7,11.849472562101658,12.0107,55.845,43.8343,21.19165,12.61780674200156,54.8,3800.0,3745.2,638.296,1175.4721576217787,8.0,16.0,8.0,15.0,2.4083189157584592,2.0,4.0,2.0,2.3,0.6403124237432849,0.6,1.4,0.7999999999999999,0.73,0.2531797780234432,1.83,3.44,1.61,3.104,0.5472513133835313,90.2,4300.0,4209.8,878.3270000000001,1454.9798083688308,1960.0,7874.0,5914.0,4033.666666666666,2718.4164916771347,5.29,17.36,12.07,14.943,4.428180326048161,0.02658,140.0,139.97342,22.039106,45.98132777300199,2.0,6.0,4.0,3.0,1.6124515496597098,-4.0,-2.0,2.0,-2.2,0.6,7.1e-06,1.18e-05,4.700000000000001e-06,9.45e-06,2.3500000000000004e-06,7.7,170.0,162.3,70.23333333333332,71.29779488564533,211.0,211.0,0.0,211.0,0.0,490.0,490.0,0.0,490.0,0.0,82.0,82.0,0.0,82.0,0.0,0.5,4.0,3.5,2.1666666666666665,1.4337208778404378,608.0,608.0,0.0,608.0,0.0,9.61e-08,2000000000000000.0,2000000000000000.0,666666666666666.6,942809041582063.4,22.98976928,1.8,0.93,5.13907696,1.16,0.0,0.166666666666666,0.166666666666666,0.0,0.0,0.0,0.0,0.0,0.0,0.0,0.0,3.892605436551723
Na,Na1-3GePCO7,NaGePCO7,Na3GePCO7,mp-aaabrshz,6.0,32.0,26.0,10.923076923076923,6.474346280769482,11.0,101.0,90.0,77.61538461538461,36.83338465104817,12.0107,72.64,60.6293,22.814582295384614,15.16850830609801,54.8,3800.0,3745.2,524.993076923077,994.5541598771754,1.0,16.0,15.0,12.153846153846152,6.149998797325134,2.0,4.0,2.0,2.4615384615384617,0.6343239424027171,0.6,1.8,1.2000000000000002,0.9653846153846156,0.4943467388633732,0.93,3.44,2.51,2.586153846153846,1.0311348375719045,90.2,4300.0,4209.8,926.3384615384616,1279.115409202458,968.0,5323.0,4355.0,2052.833333333333,1545.060453689614,5.29,23.78,18.49,17.6,4.662566147190095,0.02658,140.0,139.97342,47.72477384615384,63.4826191469335,1.0,5.0,4.0,2.3076923076923075,1.2015768732164085,-4.0,-1.0,3.0,-2.153846153846154,0.9483713850721502,6e-06,7.1e-05,6.500000000000001e-05,4.522e-05,3.157583886454959e-05,6.3,33.0,26.7,12.580000000000002,10.37099802333411,10.0,10.0,0.0,10.0,0.0,0.69,0.69,0.0,0.69,0.0,3.3,3.3,0.0,3.3,0.0,0.5,6.0,5.5,1.6000000000000003,2.2,628.0,970.0,0.0,706.0,0.0,4.77e-08,0.0005,0.0004999523,8.504051666666666e-05,0.0001856110090019,6.0,32.0,26.0,10.90909090909091,7.038266127580331,11.0,101.0,90.0,89.72727272727272,25.491855772850307,12.0107,72.64,60.6293,22.78273011636364,16.489707075750417,54.8,3800.0,3745.2,553.0154545454545,1078.831356956251,1.0,16.0,15.0,14.181818181818182,4.238742991590825,2.0,4.0,2.0,2.3636363636363638,0.642824346533225,0.6,1.8,1.2000000000000002,0.8136363636363635,0.3730043316168844,0.93,3.44,2.51,2.887272727272727,0.8168129963916956,90.2,4300.0,4209.8,884.5818181818182,1386.4638590301206,968.0,5323.0,4355.0,2595.25,1642.6107839351355,5.29,23.78,18.49,16.476363636363637,4.181570546027529,0.02658,140.0,139.97342,30.947460000000007,54.15874189194979,1.0,5.0,4.0,2.545454545454546,1.1570838237598051,-4.0,-1.0,3.0,-2.3636363636363638,0.8813963377120598,6e-06,7.1e-05,6.500000000000001e-05,2.8033333333333335e-05,3.038534003247107e-05,6.3,33.0,26.7,16.76666666666667,11.637964694147437,10.0,10.0,0.0,10.0,0.0,0.69,0.69,0.0,0.69,0.0,3.3,3.3,0.0,3.3,0.0,0.5,6.0,5.5,2.333333333333333,2.5927248643506746,628.0,970.0,0.0,716.75,0.0,4.77e-08,0.0005,0.0004999523,0.000127536925,0.0002150798359455,22.98976928,1.8,0.93,5.13907696,1.16,0.09090909090909,0.23076923076923,0.13986013986014,0.0,0.0,0.0,0.0,0.0,0.0,0.0,0.0,2.132724569051728
Na,Na2-3FeSiCO7,Na2FeSiCO7,Na3FeSiCO7,mp-aaabryfn,6.0,26.0,20.0,10.384615384615383,4.938677205930622,11.0,101.0,90.0,75.46153846153845,36.91281908792325,12.0107,55.845,43.8343,21.30048521846154,10.851910891133112,54.8,3800.0,3745.2,676.4776923076923,1075.9703335998545,1.0,16.0,15.0,11.615384615384617,6.18358200321889,2.0,4.0,2.0,2.4615384615384617,0.6343239424027171,0.6,1.8,1.2000000000000002,0.9846153846153848,0.5035965324102434,0.93,3.44,2.51,2.55,1.0509629284247264,90.2,4300.0,4209.8,1131.2615384615383,1409.0111259802368,968.0,7874.0,6906.0,2562.5,2448.8330384082947,5.29,23.78,18.49,16.715384615384615,5.529606489524737,0.02658,150.0,149.97342,60.78354307692308,67.52190330021163,1.0,6.0,5.0,2.3846153846153846,1.3888823142513684,-4.0,-1.0,3.0,-2.0769230769230766,0.9166442529086912,2.6e-06,7.1e-05,6.840000000000001e-05,3.908333333333334e-05,3.202698948629976e-05,6.3,170.0,163.7,53.64999999999999,61.69567110692073,10.0,211.0,201.0,57.6,78.02717475341524,0.69,490.0,489.31,123.0175,211.87744516288183,3.3,82.0,78.7,22.975,34.078099638917664,0.5,6.5,6.0,2.083333333333333,2.352599035582184,608.0,608.0,0.0,608.0,0.0,4.77e-08,0.001,0.0009999523,0.0001683732,0.0003719325228209,6.0,26.0,20.0,10.333333333333332,5.137011669140813,11.0,101.0,90.0,80.83333333333334,33.180901467895985,12.0107,55.845,43.8343,21.159711546666667,11.283616893892368,54.8,3800.0,3745.2,701.9449999999999,1116.1346617344163,1.0,16.0,15.0,12.5,5.5901699437494745,2.0,4.0,2.0,2.416666666666667,0.6400954789890507,0.6,1.8,1.2000000000000002,0.9166666666666669,0.4633812924819281,0.93,3.44,2.51,2.685,0.979613018832777,90.2,4300.0,4209.8,1129.1999999999998,1466.5264402662503,968.0,7874.0,6906.0,2881.4,2566.311875045588,5.29,23.78,18.49,16.126666666666665,5.349667175524931,0.02658,150.0,149.97342,54.18217166666666,66.1258347315185,1.0,6.0,5.0,2.5,1.3844373104863457,-4.0,-1.0,3.0,-2.166666666666667,0.8975274678557507,2.6e-06,7.1e-05,6.840000000000001e-05,3.270000000000001e-05,3.1406878227547547e-05,6.3,170.0,163.7,63.120000000000005,63.47867043346135,10.0,211.0,201.0,69.5,83.07978093375065,0.69,490.0,489.31,163.79333333333332,230.6629460682597,3.3,82.0,78.7,29.53333333333333,37.099535786254194,0.5,6.5,6.0,2.4,2.4576411454889016,608.0,608.0,0.0,608.0,0.0,4.77e-08,0.001,0.0009999523,0.0002020383,0.0003989994086339,22.98976928,1.8,0.93,5.13907696,1.16,0.166666666666666,0.23076923076923,0.064102564102564,0.0,0.0,0.0,0.0,0.0,0.0,0.0,0.0,3.868105926551724
Na,Na0-3Li3Mn2P2(CO7)2,Li3Mn2P2(CO7)2,Na3Li3Mn2P2(CO7)2,mp-aaabraqp,3.0,25.0,22.0,9.461538461538462,5.300440977523759,11.0,101.0,90.0,75.88461538461539,36.867044824379946,6.941,54.938045,47.997045,19.601112378461536,11.714878155366565,54.8,3800.0,3745.2,558.2107692307693,1012.7396169261456,1.0,16.0,15.0,11.615384615384617,6.270056576096871,2.0,4.0,2.0,2.346153846153846,0.6165853669954383,0.6,1.8,1.2000000000000002,0.9365384615384617,0.4456105777270648,0.93,3.44,2.51,2.556538461538461,1.049090970271561,90.2,4300.0,4209.8,920.9153846153846,1214.9309219654956,535.0,7470.0,6935.0,2302.4166666666665,2390.664358790018,5.29,23.78,18.49,15.875384615384617,4.862932979156027,0.02658,140.0,139.97342,37.363235384615386,56.67060897596981,1.0,7.0,6.0,2.5384615384615383,1.6923076923076923,-4.0,1.0,5.0,-1.8461538461538465,1.2616322666812867,7.1e-06,7.1e-05,6.390000000000001e-05,4.086e-05,2.4120953546657317e-05,6.3,120.0,113.7,31.65833333333333,40.491839884379445,4.9,198.0,193.1,55.0875,82.54011808660077,0.69,196.0,195.31,78.81400000000001,95.68196833259653,3.3,4.2,0.9000000000000004,3.75,0.4500000000000002,0.5,6.0,5.5,1.6300000000000003,2.1854290196663904,628.0,970.0,0.0,706.0,0.0,4.77e-08,1e-05,9.9523e-06,1.958458333333333e-06,3.6305779254039647e-06,3.0,25.0,22.0,9.26086956521739,5.604481058894615,12.0,101.0,89.0,84.34782608695653,30.26061968912326,6.941,54.938045,47.997045,19.15911365217391,12.387327486940295,54.8,3800.0,3745.2,582.6465217391304,1074.3583867779298,1.0,16.0,15.0,13.0,5.275043787166296,2.0,4.0,2.0,2.260869565217392,0.6055820990080052,0.6,1.45,0.85,0.8239130434782609,0.3384329505290238,0.98,3.44,2.46,2.768695652173913,0.924150864532344,90.2,4300.0,4209.8,890.2521739130434,1288.5797051049335,535.0,7470.0,6935.0,2747.222222222222,2613.227922099315,5.29,17.36,12.07,14.844347826086956,4.185650254492133,0.02658,140.0,139.97342,23.975831304347825,45.57624766975193,1.0,7.0,6.0,2.739130434782609,1.6995495900601791,-4.0,1.0,5.0,-1.9565217391304348,1.3014460475735448,7.1e-06,4.6e-05,3.89e-05,2.794285714285714e-05,1.65830254988008e-05,11.0,120.0,109.0,40.11111111111112,43.592671260824574,4.9,198.0,193.1,82.14,94.59929386628636,196.0,196.0,0.0,196.0,0.0,4.2,4.2,0.0,4.2,0.0,0.5,6.0,5.5,2.1142857142857143,2.457890251780156,628.0,970.0,0.0,716.75,0.0,9.28e-08,1e-05,9.9072e-06,2.5953777777777778e-06,3.994011673542663e-06,22.98976928,1.8,0.93,5.13907696,1.16,0.0,0.115384615384615,0.115384615384615,0.0,0.0,0.0,0.0,0.0,0.0,0.0,0.0,3.357049196551727
Na,Na0-1LiMnPCO7,LiMnPCO7,NaLiMnPCO7,mp-aaaablpg,3.0,25.0,22.0,9.666666666666668,5.343739847293799,11.0,101.0,90.0,81.25,33.138912172852024,6.941,54.938045,47.997045,19.98742302333333,11.889867048065886,54.8,3800.0,3745.2,570.3716666666667,1053.1126358469712,1.0,16.0,15.0,12.5,5.693563617512908,2.0,4.0,2.0,2.333333333333333,0.6236095644623235,0.6,1.8,1.2000000000000002,0.8791666666666667,0.4120367769454027,0.93,3.44,2.51,2.6900000000000004,0.9801530492734284,90.2,4300.0,4209.8,882.1999999999999,1255.064646409366,535.0,7470.0,6935.0,2612.6,2504.3311761825757,5.29,23.78,18.49,15.665,4.757242723819474,0.02658,140.0,139.97342,31.10183833333333,53.91197182206778,1.0,7.0,6.0,2.6666666666666665,1.699673171197595,-4.0,1.0,5.0,-2.0,1.1547005383792517,7.1e-06,7.1e-05,6.390000000000001e-05,3.6450000000000005e-05,2.4309925956283783e-05,6.3,120.0,113.7,36.26,42.8876485715876,4.9,198.0,193.1,70.96666666666667,89.85025814592237,0.69,196.0,195.31,98.345,97.655,3.3,4.2,0.9000000000000004,3.75,0.4500000000000002,0.5,6.0,5.5,1.9,2.367488120350343,628.0,970.0,0.0,706.0,0.0,4.77e-08,1e-05,9.9523e-06,2.3361000000000004e-06,3.868014247129914e-06,3.0,25.0,22.0,9.545454545454549,5.565537405459624,12.0,101.0,89.0,87.63636363636363,26.619448554061258,6.941,54.938045,47.997045,19.71448245454545,12.382515957841829,54.8,3800.0,3745.2,588.5081818181818,1098.144530368618,1.0,16.0,15.0,13.545454545454543,4.7167715531174,2.0,4.0,2.0,2.2727272727272725,0.616575453011388,0.6,1.45,0.85,0.7954545454545454,0.3179869533162309,0.98,3.44,2.46,2.85,0.8607185159135149,90.2,4300.0,4209.8,857.309090909091,1308.0334173202327,535.0,7470.0,6935.0,3023.75,2644.6874460888566,5.29,17.36,12.07,14.927272727272728,4.261203609116455,0.02658,140.0,139.97342,21.202005454545457,44.66147949065327,1.0,7.0,6.0,2.8181818181818183,1.6958871005616027,-4.0,1.0,5.0,-2.090909090909091,1.1642044068059725,7.1e-06,4.6e-05,3.89e-05,2.493333333333333e-05,1.604459064260877e-05,11.0,120.0,109.0,43.75,44.92980636504012,4.9,198.0,193.1,101.45,96.55,196.0,196.0,0.0,196.0,0.0,4.2,4.2,0.0,4.2,0.0,0.5,6.0,5.5,2.3666666666666667,2.569478978746902,628.0,970.0,0.0,716.75,0.0,9.28e-08,1e-05,9.9072e-06,2.9082000000000004e-06,4.131032040543865e-06,22.98976928,1.8,0.93,5.13907696,1.16,0.0,0.083333333333333,0.083333333333333,0.0,0.0,0.0,0.0,0.0,0.0,0.0,0.0,3.9608672665517193
Na,Na0-1Li5Mn2P2(CO7)2,Li5Mn2P2(CO7)2,NaLi5Mn2P2(CO7)2,mp-aaabrtjm,3.0,25.0,22.0,8.846153846153847,5.544868089520031,11.0,101.0,90.0,75.96153846153845,36.732380149934336,6.941,54.938045,47.997045,18.366591664615385,12.13095761413473,54.8,3800.0,3745.2,564.5815384615385,1011.8011476976336,1.0,16.0,15.0,11.615384615384617,6.270056576096871,2.0,4.0,2.0,2.269230769230769,0.5921078583977174,0.6,1.8,1.2000000000000002,0.9096153846153846,0.4009649972180649,0.93,3.44,2.51,2.5603846153846157,1.0431958322283972,90.2,4300.0,4209.8,956.223076923077,1227.8506966702464,535.0,7470.0,6935.0,2230.25,2435.963263440837,5.29,23.78,18.49,15.047692307692309,4.3340319722049445,0.02658,140.0,139.97342,33.13246615384616,50.57554636140482,1.0,7.0,6.0,2.5384615384615383,1.6923076923076923,-4.0,1.0,5.0,-1.6923076923076923,1.4615384615384617,7.1e-06,7.1e-05,6.390000000000001e-05,3.586e-05,1.9504368741387147e-05,6.3,120.0,113.7,32.44166666666666,40.036596973546864,4.9,198.0,193.1,53.8125,83.26296351770095,0.69,196.0,195.31,130.89666666666665,92.0700169556964,3.3,4.2,0.9000000000000004,4.050000000000001,0.3354101966249685,0.5,6.0,5.5,1.6500000000000004,2.175430991780709,628.0,970.0,0.0,706.0,0.0,4.77e-08,1e-05,9.9523e-06,1.965975e-06,3.626658724897478e-06,3.0,25.0,22.0,8.76,5.637588136783318,12.0,101.0,89.0,78.56,35.03835612582303,6.941,54.938045,47.997045,18.18166456,12.335209323591291,54.8,3800.0,3745.2,572.33,1031.0820626506893,1.0,16.0,15.0,12.04,6.016510616628214,2.0,4.0,2.0,2.24,0.5851495535331118,0.6,1.45,0.85,0.8740000000000001,0.3663659372812926,0.98,3.44,2.46,2.6256,1.0105486826472043,90.2,4300.0,4209.8,948.232,1251.5037900765624,535.0,7470.0,6935.0,2345.0,2513.0366636257563,5.29,17.36,12.07,14.6984,4.0451271228479335,0.02658,140.0,139.97342,28.8577648,46.74506885293748,1.0,7.0,6.0,2.6000000000000005,1.6970562748477145,-4.0,1.0,5.0,-1.7200000000000002,1.4837789592793127,7.1e-06,4.6e-05,3.89e-05,3.195555555555555e-05,1.6439053170295498e-05,11.0,120.0,109.0,34.81818181818181,40.998488180149415,4.9,198.0,193.1,60.07142857142857,87.23368802550202,196.0,196.0,0.0,196.0,0.0,4.2,4.2,0.0,4.2,0.0,0.5,6.0,5.5,1.7777777777777777,2.257224341618498,628.0,970.0,0.0,716.75,0.0,9.28e-08,1e-05,9.9072e-06,2.140363636363636e-06,3.739440134875012e-06,22.98976928,1.8,0.93,5.13907696,1.16,0.0,0.038461538461538,0.038461538461538,0.0,0.0,0.0,0.0,0.0,0.0,0.0,0.0,3.088264391551721
Na,Na0-1Li2MnPCO7,Li2MnPCO7,NaLi2MnPCO7,mp-aaabqxwi,3.0,25.0,22.0,9.153846153846152,5.432751871695253,11.0,101.0,90.0,75.92307692307692,36.79979418517182,6.941,54.938045,47.997045,18.98385202153846,11.940697708414609,54.8,3800.0,3745.2,561.3961538461539,1012.2755028953976,1.0,16.0,15.0,11.615384615384617,6.270056576096871,2.0,4.0,2.0,2.3076923076923075,0.605692913385524,0.6,1.8,1.2000000000000002,0.9230769230769232,0.4240896968872471,0.93,3.44,2.51,2.5584615384615383,1.0461493212571826,90.2,4300.0,4209.8,938.5692307692308,1221.5354671538576,535.0,7470.0,6935.0,2266.333333333333,2413.689821736744,5.29,23.78,18.49,15.46153846153846,4.624634449011322,0.02658,140.0,139.97342,35.24785076923077,53.75124889527634,1.0,7.0,6.0,2.5384615384615383,1.6923076923076923,-4.0,1.0,5.0,-1.7692307692307692,1.3674145257408596,7.1e-06,7.1e-05,6.390000000000001e-05,3.8360000000000005e-05,2.2076467108665736e-05,6.3,120.0,113.7,32.05,40.26676669413624,4.9,198.0,193.1,54.45,82.90477971745659,0.69,196.0,195.31,98.345,97.655,3.3,4.2,0.9000000000000004,3.9,0.4242640687119287,0.5,6.0,5.5,1.64,2.180458667345015,628.0,970.0,0.0,706.0,0.0,4.77e-08,1e-05,9.9523e-06,1.9622166666666667e-06,3.6286208006241463e-06,3.0,25.0,22.0,9.0,5.627314338711377,12.0,101.0,89.0,81.33333333333334,32.96294215563221,6.941,54.938045,47.997045,18.65002558333333,12.369851618474163,54.8,3800.0,3745.2,577.2733333333333,1052.053420129204,1.0,16.0,15.0,12.5,5.693563617512908,2.0,4.0,2.0,2.25,0.5951190357119042,0.6,1.45,0.85,0.85,0.3541421560145963,0.98,3.44,2.46,2.694166666666667,0.9727406157632956,90.2,4300.0,4209.8,920.45,1269.7348755416097,535.0,7470.0,6935.0,2526.0,2566.421165748132,5.29,17.36,12.07,14.768333333333333,4.113706425543217,0.02658,140.0,139.97342,26.518505,46.25304255961124,1.0,7.0,6.0,2.6666666666666665,1.699673171197595,-4.0,1.0,5.0,-1.8333333333333333,1.404358295529393,7.1e-06,4.6e-05,3.89e-05,3.02e-05,1.662182300471281e-05,11.0,120.0,109.0,37.2,42.26771817829773,4.9,198.0,193.1,69.26666666666667,91.02821296474822,196.0,196.0,0.0,196.0,0.0,4.2,4.2,0.0,4.2,0.0,0.5,6.0,5.5,1.925,2.353056522908024,628.0,970.0,0.0,716.75,0.0,9.28e-08,1e-05,9.9072e-06,2.3451200000000003e-06,3.862716262114007e-06,22.98976928,1.8,0.93,5.13907696,1.16,0.0,0.076923076923076,0.076923076923076,0.0,0.0,0.0,0.0,0.0,0.0,0.0,0.0,3.167487786551721
Na,Na0-3Li3Mn2P2(CO7)2,Li3Mn2P2(CO7)2,Na3Li3Mn2P2(CO7)2,mp-aaabrter,3.0,25.0,22.0,9.461538461538462,5.300440977523759,11.0,101.0,90.0,75.88461538461539,36.867044824379946,6.941,54.938045,47.997045,19.601112378461536,11.714878155366565,54.8,3800.0,3745.2,558.2107692307693,1012.7396169261456,1.0,16.0,15.0,11.615384615384617,6.270056576096871,2.0,4.0,2.0,2.346153846153846,0.6165853669954383,0.6,1.8,1.2000000000000002,0.9365384615384617,0.4456105777270648,0.93,3.44,2.51,2.556538461538461,1.049090970271561,90.2,4300.0,4209.8,920.9153846153846,1214.9309219654956,535.0,7470.0,6935.0,2302.4166666666665,2390.664358790018,5.29,23.78,18.49,15.875384615384617,4.862932979156027,0.02658,140.0,139.97342,37.363235384615386,56.67060897596981,1.0,7.0,6.0,2.5384615384615383,1.6923076923076923,-4.0,1.0,5.0,-1.8461538461538465,1.2616322666812867,7.1e-06,7.1e-05,6.390000000000001e-05,4.086e-05,2.4120953546657317e-05,6.3,120.0,113.7,31.65833333333333,40.491839884379445,4.9,198.0,193.1,55.0875,82.54011808660077,0.69,196.0,195.31,78.81400000000001,95.68196833259653,3.3,4.2,0.9000000000000004,3.75,0.4500000000000002,0.5,6.0,5.5,1.6300000000000003,2.1854290196663904,628.0,970.0,0.0,706.0,0.0,4.77e-08,1e-05,9.9523e-06,1.958458333333333e-06,3.6305779254039647e-06,3.0,25.0,22.0,9.26086956521739,5.604481058894615,12.0,101.0,89.0,84.34782608695653,30.26061968912326,6.941,54.938045,47.997045,19.15911365217391,12.387327486940295,54.8,3800.0,3745.2,582.6465217391304,1074.3583867779298,1.0,16.0,15.0,13.0,5.275043787166296,2.0,4.0,2.0,2.260869565217392,0.6055820990080052,0.6,1.45,0.85,0.8239130434782609,0.3384329505290238,0.98,3.44,2.46,2.768695652173913,0.924150864532344,90.2,4300.0,4209.8,890.2521739130434,1288.5797051049335,535.0,7470.0,6935.0,2747.222222222222,2613.227922099315,5.29,17.36,12.07,14.844347826086956,4.185650254492133,0.02658,140.0,139.97342,23.975831304347825,45.57624766975193,1.0,7.0,6.0,2.739130434782609,1.6995495900601791,-4.0,1.0,5.0,-1.9565217391304348,1.3014460475735448,7.1e-06,4.6e-05,3.89e-05,2.794285714285714e-05,1.65830254988008e-05,11.0,120.0,109.0,40.11111111111112,43.592671260824574,4.9,198.0,193.1,82.14,94.59929386628636,196.0,196.0,0.0,196.0,0.0,4.2,4.2,0.0,4.2,0.0,0.5,6.0,5.5,2.1142857142857143,2.457890251780156,628.0,970.0,0.0,716.75,0.0,9.28e-08,1e-05,9.9072e-06,2.5953777777777778e-06,3.994011673542663e-06,22.98976928,1.8,0.93,5.13907696,1.16,0.0,0.115384615384615,0.115384615384615,0.0,0.0,0.0,0.0,0.0,0.0,0.0,0.0,3.318277253218387
Na,Na1-2.5MnPCO7,NaMnPCO7,Na5Mn2P2(CO7)2,mp-aaackrre,6.0,25.0,19.0,10.36,4.856994955731373,11.0,101.0,90.0,78.36,35.418503638634995,12.0107,54.938045,42.927345,21.391418416,11.0094475560909,54.8,3800.0,3745.2,555.766,1033.5172907232852,1.0,16.0,15.0,12.04,6.016510616628214,2.0,4.0,2.0,2.4400000000000004,0.6374950980203691,0.6,1.8,1.2000000000000002,0.9440000000000002,0.484214828356175,0.93,3.44,2.51,2.6156,1.0268985538990694,90.2,4300.0,4209.8,856.4320000000001,1215.546005618874,968.0,7470.0,6502.0,2541.818181818181,2376.837464064068,5.29,23.78,18.49,16.8504,5.259623165208702,0.02658,140.0,139.97342,39.8577648,62.48384300333859,1.0,7.0,6.0,2.6000000000000005,1.6970562748477145,-4.0,-1.0,3.0,-2.12,0.8158431221748457,7.1e-06,7.1e-05,6.390000000000001e-05,4.584444444444444e-05,2.8542720851037436e-05,6.3,120.0,113.7,32.68181818181818,42.28618554094594,10.0,198.0,188.0,63.71428571428572,84.92974287309362,0.69,196.0,195.31,56.49285714285714,88.23206425821232,3.3,3.3,0.0,3.3,0.0,0.5,6.0,5.5,1.722222222222222,2.28656840302852,628.0,970.0,0.0,706.0,0.0,4.77e-08,1e-05,9.9523e-06,2.1198636363636364e-06,3.750715522590984e-06,6.0,25.0,19.0,10.272727272727272,5.171440964846506,11.0,101.0,90.0,87.54545454545453,26.87805335336091,12.0107,54.938045,42.927345,21.17346148,11.719232630466191,54.8,3800.0,3745.2,580.9790909090909,1099.3263384327245,1.0,16.0,15.0,13.545454545454543,4.7167715531174,2.0,4.0,2.0,2.3636363636363638,0.642824346533225,0.6,1.8,1.2000000000000002,0.8272727272727272,0.3910147848655739,0.93,3.44,2.51,2.845454545454545,0.8706566345044477,90.2,4300.0,4209.8,815.5818181818182,1290.3992883234962,968.0,7470.0,6502.0,3132.0,2547.687480834335,5.29,23.78,18.49,15.905454545454544,4.898462400008549,0.02658,140.0,139.97342,26.202005454545457,53.69010798786484,1.0,7.0,6.0,2.8181818181818183,1.6958871005616027,-4.0,-1.0,3.0,-2.2727272727272725,0.7496555682941201,7.1e-06,7.1e-05,6.390000000000001e-05,3.326666666666667e-05,2.7339145723465637e-05,6.3,120.0,113.7,42.575,45.82348606337148,10.0,198.0,188.0,104.0,94.0,0.69,196.0,195.31,98.345,97.655,3.3,3.3,0.0,3.3,0.0,0.5,6.0,5.5,2.333333333333333,2.5927248643506746,628.0,970.0,0.0,716.75,0.0,4.77e-08,1e-05,9.9523e-06,2.896925e-06,4.138755171168622e-06,22.98976928,1.8,0.93,5.13907696,1.16,0.09090909090909,0.2,0.10909090909091,0.0,0.0,0.0,0.0,0.0,0.0,0.0,0.0,3.611596209885063
Na,Na1-3MnPCO7,NaMnPCO7,Na3MnPCO7,mp-aaabrhtw,6.0,25.0,19.0,10.384615384615383,4.76426540529293,11.0,101.0,90.0,75.76923076923077,37.06782524830737,12.0107,54.938045,42.927345,21.45289344923077,10.800026449522225,54.8,3800.0,3745.2,548.6546153846155,1014.0706510784632,1.0,16.0,15.0,11.615384615384617,6.270056576096871,2.0,4.0,2.0,2.4615384615384617,0.6343239424027171,0.6,1.8,1.2000000000000002,0.976923076923077,0.50253793757111,0.93,3.44,2.51,2.5507692307692307,1.0578458629793308,90.2,4300.0,4209.8,867.9538461538463,1193.3323043641503,968.0,7470.0,6502.0,2410.6666666666665,2316.8479785164054,5.29,23.78,18.49,17.116923076923076,5.326867147720832,0.02658,140.0,139.97342,43.70938923076923,64.22572061542927,1.0,7.0,6.0,2.5384615384615383,1.6923076923076923,-4.0,-1.0,3.0,-2.0769230769230766,0.8284868934053082,7.1e-06,7.1e-05,6.390000000000001e-05,4.836000000000001e-05,2.81099697616344e-05,6.3,120.0,113.7,30.48333333333333,41.13730734449637,10.0,198.0,188.0,57.0,81.40638795573723,0.69,196.0,195.31,49.5175,84.57171080656937,3.3,3.3,0.0,3.3,0.0,0.5,6.0,5.5,1.6000000000000003,2.2,628.0,970.0,0.0,706.0,0.0,4.77e-08,1e-05,9.9523e-06,1.947183333333333e-06,3.6364196738993454e-06,6.0,25.0,19.0,10.272727272727272,5.171440964846506,11.0,101.0,90.0,87.54545454545453,26.87805335336091,12.0107,54.938045,42.927345,21.17346148,11.719232630466191,54.8,3800.0,3745.2,580.9790909090909,1099.3263384327245,1.0,16.0,15.0,13.545454545454543,4.7167715531174,2.0,4.0,2.0,2.3636363636363638,0.642824346533225,0.6,1.8,1.2000000000000002,0.8272727272727272,0.3910147848655739,0.93,3.44,2.51,2.845454545454545,0.8706566345044477,90.2,4300.0,4209.8,815.5818181818182,1290.3992883234962,968.0,7470.0,6502.0,3132.0,2547.687480834335,5.29,23.78,18.49,15.905454545454544,4.898462400008549,0.02658,140.0,139.97342,26.202005454545457,53.69010798786484,1.0,7.0,6.0,2.8181818181818183,1.6958871005616027,-4.0,-1.0,3.0,-2.2727272727272725,0.7496555682941201,7.1e-06,7.1e-05,6.390000000000001e-05,3.326666666666667e-05,2.7339145723465637e-05,6.3,120.0,113.7,42.575,45.82348606337148,10.0,198.0,188.0,104.0,94.0,0.69,196.0,195.31,98.345,97.655,3.3,3.3,0.0,3.3,0.0,0.5,6.0,5.5,2.333333333333333,2.5927248643506746,628.0,970.0,0.0,716.75,0.0,4.77e-08,1e-05,9.9523e-06,2.896925e-06,4.138755171168622e-06,22.98976928,1.8,0.93,5.13907696,1.16,0.09090909090909,0.23076923076923,0.13986013986014,0.0,0.0,0.0,0.0,0.0,0.0,0.0,0.0,3.369558361551721
Na,Na1-2MnPCO7,NaMnPCO7,Na2MnPCO7,mp-aaabrugz,6.0,25.0,19.0,10.333333333333332,4.955356249106169,11.0,101.0,90.0,81.16666666666667,33.3137442440137,12.0107,54.938045,42.927345,21.32482046333333,11.231535244714363,54.8,3800.0,3745.2,563.47,1054.12560103149,1.0,16.0,15.0,12.5,5.693563617512908,2.0,4.0,2.0,2.416666666666667,0.6400954789890507,0.6,1.8,1.2000000000000002,0.9083333333333332,0.460901893634161,0.93,3.44,2.51,2.685833333333333,0.9874922643860164,90.2,4300.0,4209.8,843.9499999999999,1239.0406588028768,968.0,7470.0,6502.0,2699.2000000000003,2437.5874466365303,5.29,23.78,18.49,16.561666666666667,5.17031081163298,0.02658,140.0,139.97342,35.68517166666666,60.26311953904115,1.0,7.0,6.0,2.6666666666666665,1.699673171197595,-4.0,-1.0,3.0,-2.166666666666667,0.7993052538854533,7.1e-06,7.1e-05,6.390000000000001e-05,4.270000000000001e-05,2.8766908071602e-05,6.3,120.0,113.7,35.32,43.47842683446585,10.0,198.0,188.0,72.66666666666667,88.62404990871396,0.69,196.0,195.31,65.79333333333332,92.0700169556964,3.3,3.3,0.0,3.3,0.0,0.5,6.0,5.5,1.875,2.381569860407206,628.0,970.0,0.0,706.0,0.0,4.77e-08,1e-05,9.9523e-06,2.3270800000000004e-06,3.87328397998391e-06,6.0,25.0,19.0,10.272727272727272,5.171440964846506,11.0,101.0,90.0,87.54545454545453,26.87805335336091,12.0107,54.938045,42.927345,21.17346148,11.719232630466191,54.8,3800.0,3745.2,580.9790909090909,1099.3263384327245,1.0,16.0,15.0,13.545454545454543,4.7167715531174,2.0,4.0,2.0,2.3636363636363638,0.642824346533225,0.6,1.8,1.2000000000000002,0.8272727272727272,0.3910147848655739,0.93,3.44,2.51,2.845454545454545,0.8706566345044477,90.2,4300.0,4209.8,815.5818181818182,1290.3992883234962,968.0,7470.0,6502.0,3132.0,2547.687480834335,5.29,23.78,18.49,15.905454545454544,4.898462400008549,0.02658,140.0,139.97342,26.202005454545457,53.69010798786484,1.0,7.0,6.0,2.8181818181818183,1.6958871005616027,-4.0,-1.0,3.0,-2.2727272727272725,0.7496555682941201,7.1e-06,7.1e-05,6.390000000000001e-05,3.326666666666667e-05,2.7339145723465637e-05,6.3,120.0,113.7,42.575,45.82348606337148,10.0,198.0,188.0,104.0,94.0,0.69,196.0,195.31,98.345,97.655,3.3,3.3,0.0,3.3,0.0,0.5,6.0,5.5,2.333333333333333,2.5927248643506746,628.0,970.0,0.0,716.75,0.0,4.77e-08,1e-05,9.9523e-06,2.896925e-06,4.138755171168622e-06,22.98976928,1.8,0.93,5.13907696,1.16,0.09090909090909,0.166666666666666,0.075757575757576,0.0,0.0,0.0,0.0,0.0,0.0,0.0,0.0,3.877459166551734
Na,Na2-2.5MnPCO7,Na2MnPCO7,Na5Mn2P2(CO7)2,mp-aaabrsdn,6.0,25.0,19.0,10.36,4.856994955731373,11.0,101.0,90.0,78.36,35.418503638634995,12.0107,54.938045,42.927345,21.391418416,11.0094475560909,54.8,3800.0,3745.2,555.766,1033.5172907232852,1.0,16.0,15.0,12.04,6.016510616628214,2.0,4.0,2.0,2.4400000000000004,0.6374950980203691,0.6,1.8,1.2000000000000002,0.9440000000000002,0.484214828356175,0.93,3.44,2.51,2.6156,1.0268985538990694,90.2,4300.0,4209.8,856.4320000000001,1215.546005618874,968.0,7470.0,6502.0,2541.818181818181,2376.837464064068,5.29,23.78,18.49,16.8504,5.259623165208702,0.02658,140.0,139.97342,39.8577648,62.48384300333859,1.0,7.0,6.0,2.6000000000000005,1.6970562748477145,-4.0,-1.0,3.0,-2.12,0.8158431221748457,7.1e-06,7.1e-05,6.390000000000001e-05,4.584444444444444e-05,2.8542720851037436e-05,6.3,120.0,113.7,32.68181818181818,42.28618554094594,10.0,198.0,188.0,63.71428571428572,84.92974287309362,0.69,196.0,195.31,56.49285714285714,88.23206425821232,3.3,3.3,0.0,3.3,0.0,0.5,6.0,5.5,1.722222222222222,2.28656840302852,628.0,970.0,0.0,706.0,0.0,4.77e-08,1e-05,9.9523e-06,2.1198636363636364e-06,3.750715522590984e-06,6.0,25.0,19.0,10.333333333333332,4.955356249106169,11.0,101.0,90.0,81.16666666666667,33.3137442440137,12.0107,54.938045,42.927345,21.32482046333333,11.231535244714363,54.8,3800.0,3745.2,563.47,1054.12560103149,1.0,16.0,15.0,12.5,5.693563617512908,2.0,4.0,2.0,2.416666666666667,0.6400954789890507,0.6,1.8,1.2000000000000002,0.9083333333333332,0.460901893634161,0.93,3.44,2.51,2.685833333333333,0.9874922643860164,90.2,4300.0,4209.8,843.9499999999999,1239.0406588028768,968.0,7470.0,6502.0,2699.2000000000003,2437.5874466365303,5.29,23.78,18.49,16.561666666666667,5.17031081163298,0.02658,140.0,139.97342,35.68517166666666,60.26311953904115,1.0,7.0,6.0,2.6666666666666665,1.699673171197595,-4.0,-1.0,3.0,-2.166666666666667,0.7993052538854533,7.1e-06,7.1e-05,6.390000000000001e-05,4.270000000000001e-05,2.8766908071602e-05,6.3,120.0,113.7,35.32,43.47842683446585,10.0,198.0,188.0,72.66666666666667,88.62404990871396,0.69,196.0,195.31,65.79333333333332,92.0700169556964,3.3,3.3,0.0,3.3,0.0,0.5,6.0,5.5,1.875,2.381569860407206,628.0,970.0,0.0,716.75,0.0,4.77e-08,1e-05,9.9523e-06,2.3270800000000004e-06,3.87328397998391e-06,22.98976928,1.8,0.93,5.13907696,1.16,0.166666666666666,0.2,0.033333333333334,0.0,0.0,0.0,0.0,0.0,0.0,0.0,0.0,3.155611796551742
Na,Na2-2.5MnPCO7,Na2MnPCO7,Na5Mn2P2(CO7)2,mp-aaacoyfy,6.0,25.0,19.0,10.36,4.856994955731373,11.0,101.0,90.0,78.36,35.418503638634995,12.0107,54.938045,42.927345,21.391418416,11.0094475560909,54.8,3800.0,3745.2,555.766,1033.5172907232852,1.0,16.0,15.0,12.04,6.016510616628214,2.0,4.0,2.0,2.4400000000000004,0.6374950980203691,0.6,1.8,1.2000000000000002,0.9440000000000002,0.484214828356175,0.93,3.44,2.51,2.6156,1.0268985538990694,90.2,4300.0,4209.8,856.4320000000001,1215.546005618874,968.0,7470.0,6502.0,2541.818181818181,2376.837464064068,5.29,23.78,18.49,16.8504,5.259623165208702,0.02658,140.0,139.97342,39.8577648,62.48384300333859,1.0,7.0,6.0,2.6000000000000005,1.6970562748477145,-4.0,-1.0,3.0,-2.12,0.8158431221748457,7.1e-06,7.1e-05,6.390000000000001e-05,4.584444444444444e-05,2.8542720851037436e-05,6.3,120.0,113.7,32.68181818181818,42.28618554094594,10.0,198.0,188.0,63.71428571428572,84.92974287309362,0.69,196.0,195.31,56.49285714285714,88.23206425821232,3.3,3.3,0.0,3.3,0.0,0.5,6.0,5.5,1.722222222222222,2.28656840302852,628.0,970.0,0.0,706.0,0.0,4.77e-08,1e-05,9.9523e-06,2.1198636363636364e-06,3.750715522590984e-06,6.0,25.0,19.0,10.333333333333332,4.955356249106169,11.0,101.0,90.0,81.16666666666667,33.3137442440137,12.0107,54.938045,42.927345,21.32482046333333,11.231535244714363,54.8,3800.0,3745.2,563.47,1054.12560103149,1.0,16.0,15.0,12.5,5.693563617512908,2.0,4.0,2.0,2.416666666666667,0.6400954789890507,0.6,1.8,1.2000000000000002,0.9083333333333332,0.460901893634161,0.93,3.44,2.51,2.685833333333333,0.9874922643860164,90.2,4300.0,4209.8,843.9499999999999,1239.0406588028768,968.0,7470.0,6502.0,2699.2000000000003,2437.5874466365303,5.29,23.78,18.49,16.561666666666667,5.17031081163298,0.02658,140.0,139.97342,35.68517166666666,60.26311953904115,1.0,7.0,6.0,2.6666666666666665,1.699673171197595,-4.0,-1.0,3.0,-2.166666666666667,0.7993052538854533,7.1e-06,7.1e-05,6.390000000000001e-05,4.270000000000001e-05,2.8766908071602e-05,6.3,120.0,113.7,35.32,43.47842683446585,10.0,198.0,188.0,72.66666666666667,88.62404990871396,0.69,196.0,195.31,65.79333333333332,92.0700169556964,3.3,3.3,0.0,3.3,0.0,0.5,6.0,5.5,1.875,2.381569860407206,628.0,970.0,0.0,716.75,0.0,4.77e-08,1e-05,9.9523e-06,2.3270800000000004e-06,3.87328397998391e-06,22.98976928,1.8,0.93,5.13907696,1.16,0.166666666666666,0.2,0.033333333333334,0.0,0.0,0.0,0.0,0.0,0.0,0.0,0.0,3.165659641551745
Na,Na2-2.5MnPCO7,Na2MnPCO7,Na5Mn2P2(CO7)2,mp-aaacoyfv,6.0,25.0,19.0,10.36,4.856994955731373,11.0,101.0,90.0,78.36,35.418503638634995,12.0107,54.938045,42.927345,21.391418416,11.0094475560909,54.8,3800.0,3745.2,555.766,1033.5172907232852,1.0,16.0,15.0,12.04,6.016510616628214,2.0,4.0,2.0,2.4400000000000004,0.6374950980203691,0.6,1.8,1.2000000000000002,0.9440000000000002,0.484214828356175,0.93,3.44,2.51,2.6156,1.0268985538990694,90.2,4300.0,4209.8,856.4320000000001,1215.546005618874,968.0,7470.0,6502.0,2541.818181818181,2376.837464064068,5.29,23.78,18.49,16.8504,5.259623165208702,0.02658,140.0,139.97342,39.8577648,62.48384300333859,1.0,7.0,6.0,2.6000000000000005,1.6970562748477145,-4.0,-1.0,3.0,-2.12,0.8158431221748457,7.1e-06,7.1e-05,6.390000000000001e-05,4.584444444444444e-05,2.8542720851037436e-05,6.3,120.0,113.7,32.68181818181818,42.28618554094594,10.0,198.0,188.0,63.71428571428572,84.92974287309362,0.69,196.0,195.31,56.49285714285714,88.23206425821232,3.3,3.3,0.0,3.3,0.0,0.5,6.0,5.5,1.722222222222222,2.28656840302852,628.0,970.0,0.0,706.0,0.0,4.77e-08,1e-05,9.9523e-06,2.1198636363636364e-06,3.750715522590984e-06,6.0,25.0,19.0,10.333333333333332,4.955356249106169,11.0,101.0,90.0,81.16666666666667,33.3137442440137,12.0107,54.938045,42.927345,21.32482046333333,11.231535244714363,54.8,3800.0,3745.2,563.47,1054.12560103149,1.0,16.0,15.0,12.5,5.693563617512908,2.0,4.0,2.0,2.416666666666667,0.6400954789890507,0.6,1.8,1.2000000000000002,0.9083333333333332,0.460901893634161,0.93,3.44,2.51,2.685833333333333,0.9874922643860164,90.2,4300.0,4209.8,843.9499999999999,1239.0406588028768,968.0,7470.0,6502.0,2699.2000000000003,2437.5874466365303,5.29,23.78,18.49,16.561666666666667,5.17031081163298,0.02658,140.0,139.97342,35.68517166666666,60.26311953904115,1.0,7.0,6.0,2.6666666666666665,1.699673171197595,-4.0,-1.0,3.0,-2.166666666666667,0.7993052538854533,7.1e-06,7.1e-05,6.390000000000001e-05,4.270000000000001e-05,2.8766908071602e-05,6.3,120.0,113.7,35.32,43.47842683446585,10.0,198.0,188.0,72.66666666666667,88.62404990871396,0.69,196.0,195.31,65.79333333333332,92.0700169556964,3.3,3.3,0.0,3.3,0.0,0.5,6.0,5.5,1.875,2.381569860407206,628.0,970.0,0.0,716.75,0.0,4.77e-08,1e-05,9.9523e-06,2.3270800000000004e-06,3.87328397998391e-06,22.98976928,1.8,0.93,5.13907696,1.16,0.166666666666666,0.2,0.033333333333334,0.0,0.0,0.0,0.0,0.0,0.0,0.0,0.0,3.099622796551703
Na,Na4-6Mn2P(CO4)4,Na4Mn2P(CO4)4,Na6Mn2P(CO4)4,mp-aaabsntx,6.0,25.0,19.0,9.758620689655173,4.576214158945957,11.0,101.0,90.0,78.34482758620689,35.88417753528798,12.0107,54.938045,42.927345,20.09729888551724,10.383188783270375,54.8,3800.0,3745.2,746.8041379310346,1275.430165147855,1.0,16.0,15.0,11.96551724137931,6.03714227109374,2.0,4.0,2.0,2.3793103448275863,0.6110360395403224,0.6,1.8,1.2000000000000002,0.9310344827586208,0.4892664800148399,0.93,3.44,2.51,2.6244827586206894,1.0236634219443774,90.2,4300.0,4209.8,1061.9724137931034,1445.5642952331086,968.0,7470.0,6502.0,2433.769230769231,2220.575190691545,5.29,23.78,18.49,16.321379310344824,5.870060050293753,0.02658,140.0,139.97342,48.83659586206897,66.16498897961011,1.0,7.0,6.0,2.5172413793103448,1.5892025685245394,-4.0,-1.0,3.0,-2.1724137931034484,0.9123280382981348,7.1e-06,7.1e-05,6.390000000000001e-05,4.1483333333333337e-05,2.991518102160767e-05,6.3,120.0,113.7,32.369230769230775,39.11931226026317,10.0,198.0,188.0,57.0,81.40638795573723,0.69,196.0,195.31,49.5175,84.57171080656937,3.3,3.3,0.0,3.3,0.0,0.5,6.0,5.5,1.4166666666666667,2.049728979374807,628.0,970.0,0.0,706.0,0.0,4.77e-08,1e-05,9.9523e-06,3.3281692307692314e-06,4.473628850253728e-06,6.0,25.0,19.0,9.666666666666666,4.729732589731725,11.0,101.0,90.0,83.33333333333333,31.97221015541813,12.0107,54.938045,42.927345,19.883041819259255,10.72990876277886,54.8,3800.0,3745.2,774.6511111111112,1317.564403810172,1.0,16.0,15.0,12.777777777777777,5.438772555786851,2.0,4.0,2.0,2.333333333333333,0.6085806194501846,0.6,1.8,1.2000000000000002,0.8666666666666666,0.4438885412319596,0.93,3.44,2.51,2.75,0.947136033876162,90.2,4300.0,4209.8,1055.0074074074073,1497.9125677708532,968.0,7470.0,6502.0,2700.2727272727275,2316.4271113038435,5.29,23.78,18.49,15.768888888888888,5.708235981867897,0.02658,140.0,139.97342,42.08375111111111,63.56787276581997,1.0,7.0,6.0,2.6296296296296298,1.5904378187839916,-4.0,-1.0,3.0,-2.259259259259259,0.885797092081585,7.1e-06,7.1e-05,6.390000000000001e-05,3.558e-05,2.9407577254850496e-05,6.3,120.0,113.7,37.10909090909091,40.77413294424999,10.0,198.0,188.0,72.66666666666667,88.62404990871396,0.69,196.0,195.31,65.79333333333332,92.0700169556964,3.3,3.3,0.0,3.3,0.0,0.5,6.0,5.5,1.6,2.2,628.0,970.0,0.0,716.75,0.0,4.77e-08,1e-05,9.9523e-06,3.9246181818181824e-06,4.619498148228616e-06,22.98976928,1.8,0.93,5.13907696,1.16,0.148148148148148,0.206896551724137,0.058748403575989,0.0,0.0,0.0,0.0,0.0,0.0,0.0,0.0,3.8806216990517193
Na,Na0-2MnCSO7,MnCSO7,Na2MnCSO7,mp-aaabqyiz,6.0,25.0,19.0,10.416666666666666,5.040805711612204,11.0,101.0,90.0,81.5,33.42030321027424,12.0107,54.938045,42.927345,21.415756963333333,11.313409292282936,54.8,3800.0,3745.2,569.3916666666667,1052.92499109887,1.0,16.0,15.0,12.583333333333334,5.736699593165239,2.0,4.0,2.0,2.416666666666667,0.6400954789890507,0.6,1.8,1.2000000000000002,0.9083333333333334,0.4609018936341611,0.93,3.44,2.51,2.7183333333333337,0.9770007960874728,90.2,4300.0,4209.8,857.9391666666667,1236.5881237128388,968.0,7470.0,6502.0,2726.6,2428.336846485676,5.29,23.78,18.49,16.4375,5.175701441994763,0.02658,140.0,139.97342,35.68258833333333,60.26463974869589,1.0,7.0,6.0,2.75,1.8314384146529927,-4.0,-1.0,3.0,-2.083333333333333,0.7592027982620249,7.1e-06,7.1e-05,6.390000000000001e-05,4.270000000000001e-05,2.8766908071602e-05,6.3,120.0,113.7,34.66,43.865913873986486,10.0,198.0,188.0,72.66666666666667,88.62404990871396,0.69,196.0,195.31,65.79333333333332,92.0700169556964,3.3,3.3,0.0,3.3,0.0,0.5,6.0,5.5,1.9000000000000004,2.130727575266252,628.0,970.0,0.0,706.0,0.0,4.77e-08,2000000000000000.0,2000000000000000.0,400000000000000.0,800000000000000.0,6.0,25.0,19.0,10.3,5.514526271584895,60.0,101.0,41.0,95.6,12.142487389328434,12.0107,54.938045,42.927345,21.1009545,12.369206612880726,54.8,3800.0,3745.2,609.096,1149.3139865780804,7.0,16.0,9.0,14.9,2.7,2.0,4.0,2.0,2.3,0.6403124237432849,0.6,1.4,0.7999999999999999,0.73,0.2531797780234432,1.55,3.44,1.89,3.076,0.6147227017119182,90.2,4300.0,4209.8,798.327,1346.7214124535928,1960.0,7470.0,5510.0,3899.0,2528.18683381325,5.29,17.36,12.07,14.969,4.382523131713055,0.02658,140.0,139.97342,14.819106,41.79094153531653,2.0,7.0,5.0,3.1,1.8138357147217052,-4.0,-2.0,2.0,-2.3,0.6403124237432849,7.1e-06,2.17e-05,1.46e-05,1.44e-05,7.299999999999999e-06,7.7,120.0,112.3,53.56666666666666,48.09756288582152,198.0,198.0,0.0,198.0,0.0,196.0,196.0,0.0,196.0,0.0,26.0,75.0,0.0,47.0,0.0,0.5,6.0,5.5,2.833333333333333,2.321398046197353,628.0,970.0,0.0,716.75,0.0,1.44e-06,2000000000000000.0,2000000000000000.0,666666666666666.6,942809041582063.4,22.98976928,1.8,0.93,5.13907696,1.16,0.0,0.166666666666666,0.166666666666666,0.0,0.0,0.0,0.0,0.0,0.0,0.0,0.0,4.100874681551726
Na,Na2-3MnSiCO7,Na2MnSiCO7,Na3MnSiCO7,mp-aaabrwkm,6.0,25.0,19.0,10.307692307692308,4.69671923768423,11.0,101.0,90.0,75.38461538461539,36.9439043822647,12.0107,54.938045,42.927345,21.23071944923077,10.630255304878354,54.8,3800.0,3745.2,654.0161538461539,1054.8934422055547,1.0,16.0,15.0,11.538461538461538,6.234092181339942,2.0,4.0,2.0,2.4615384615384617,0.6343239424027171,0.6,1.8,1.2000000000000002,0.9846153846153848,0.5035965324102434,0.93,3.44,2.51,2.5284615384615385,1.068225315859808,90.2,4300.0,4209.8,1069.7230769230769,1335.7639209622257,968.0,7470.0,6502.0,2495.166666666667,2303.078404850536,5.29,23.78,18.49,16.735384615384614,5.495118974542653,0.02658,150.0,149.97342,55.22969692307693,68.67240653817709,1.0,7.0,6.0,2.4615384615384617,1.5988161300635793,-4.0,-1.0,3.0,-2.153846153846154,0.9483713850721502,2.6e-06,7.1e-05,6.840000000000001e-05,4.073333333333334e-05,3.081080257889359e-05,6.3,120.0,113.7,45.31666666666666,47.057532753948,10.0,198.0,188.0,55.0,72.92187600439254,0.69,196.0,195.31,49.5175,84.57171080656937,3.3,3.3,0.0,3.3,0.0,0.5,6.5,6.0,2.4166666666666665,2.714416245817055,628.0,970.0,0.0,706.0,0.0,4.77e-08,0.001,0.0009999523,0.0001685971833333,0.0003718315073296,6.0,25.0,19.0,10.25,4.884072754030868,11.0,101.0,90.0,80.75,33.23182460634184,12.0107,54.938045,42.927345,21.08413196333333,11.051689731327048,54.8,3800.0,3745.2,677.6116666666667,1094.6669791983416,1.0,16.0,15.0,12.416666666666668,5.663602112515399,2.0,4.0,2.0,2.416666666666667,0.6400954789890507,0.6,1.8,1.2000000000000002,0.9166666666666669,0.4633812924819281,0.93,3.44,2.51,2.661666666666667,1.0027614649334882,90.2,4300.0,4209.8,1062.5333333333333,1390.0654740774703,968.0,7470.0,6502.0,2800.6,2409.412177274781,5.29,23.78,18.49,16.148333333333333,5.313427696778125,0.02658,150.0,149.97342,48.165505,66.78438844683595,1.0,7.0,6.0,2.583333333333333,1.6051133570215184,-4.0,-1.0,3.0,-2.25,0.924211375534118,2.6e-06,7.1e-05,6.840000000000001e-05,3.468e-05,3.032011873327676e-05,6.3,120.0,113.7,53.12,47.87422688670805,10.0,198.0,188.0,66.25,77.55119276967956,0.69,196.0,195.31,65.79333333333332,92.0700169556964,3.3,3.3,0.0,3.3,0.0,0.5,6.5,6.0,2.8000000000000003,2.8213471959331766,628.0,970.0,0.0,716.75,0.0,4.77e-08,0.001,0.0009999523,0.00020230708,0.0003988637123278,22.98976928,1.8,0.93,5.13907696,1.16,0.166666666666666,0.23076923076923,0.064102564102564,0.0,0.0,0.0,0.0,0.0,0.0,0.0,0.0,3.170831431551722
Na,Na4-6Mn2C4SO16,Na4Mn2C4SO16,Na6Mn2C4SO16,mp-aaabsgip,6.0,25.0,19.0,9.79310344827586,4.619145393004235,11.0,101.0,90.0,78.48275862068965,35.93636203802414,12.0107,54.938045,42.927345,20.134927782068964,10.424432553753627,54.8,3800.0,3745.2,749.2544827586207,1274.6706857055851,1.0,16.0,15.0,12.0,6.057198624150755,2.0,4.0,2.0,2.3793103448275863,0.6110360395403224,0.6,1.8,1.2000000000000002,0.9310344827586208,0.4892664800148399,0.93,3.44,2.51,2.6379310344827585,1.0204237771136704,90.2,4300.0,4209.8,1067.7610344827588,1443.8376401328671,968.0,7470.0,6502.0,2444.3076923076924,2217.9751467226342,5.29,23.78,18.49,16.269999999999996,5.870241139381139,0.02658,140.0,139.97342,48.83552689655173,66.1657744108641,1.0,7.0,6.0,2.5517241379310343,1.6522963518221985,-4.0,-1.0,3.0,-2.1379310344827585,0.8992003317520895,7.1e-06,7.1e-05,6.390000000000001e-05,4.1483333333333337e-05,2.991518102160767e-05,6.3,120.0,113.7,32.11538461538462,39.26758001502877,10.0,198.0,188.0,57.0,81.40638795573723,0.69,196.0,195.31,49.5175,84.57171080656937,3.3,3.3,0.0,3.3,0.0,0.5,6.0,5.5,1.4615384615384617,1.97544092898404,628.0,970.0,0.0,706.0,0.0,4.77e-08,2000000000000000.0,2000000000000000.0,153846153846153.84,532938710021193.06,6.0,25.0,19.0,9.703703703703702,4.775049465051643,11.0,101.0,90.0,83.48148148148147,32.01200049329923,12.0107,54.938045,42.927345,19.92345804148148,10.773574259590166,54.8,3800.0,3745.2,777.2829629629631,1316.7189108532723,1.0,16.0,15.0,12.814814814814811,5.457153219582784,2.0,4.0,2.0,2.333333333333333,0.6085806194501846,0.6,1.8,1.2000000000000002,0.8666666666666666,0.4438885412319596,0.93,3.44,2.51,2.764444444444444,0.94144228726296,90.2,4300.0,4209.8,1061.2248148148146,1496.1508771247843,968.0,7470.0,6502.0,2712.7272727272725,2312.0410145351148,5.29,23.78,18.49,15.713703703703704,5.703073991212594,0.02658,140.0,139.97342,42.082602962962966,63.568628875269205,1.0,7.0,6.0,2.6666666666666665,1.6555182695279265,-4.0,-1.0,3.0,-2.2222222222222223,0.87488976377909,7.1e-06,7.1e-05,6.390000000000001e-05,3.558e-05,2.9407577254850496e-05,6.3,120.0,113.7,36.80909090909091,40.97676624504216,10.0,198.0,188.0,72.66666666666667,88.62404990871396,0.69,196.0,195.31,65.79333333333332,92.0700169556964,3.3,3.3,0.0,3.3,0.0,0.5,6.0,5.5,1.6363636363636365,2.1007672742347894,628.0,970.0,0.0,716.75,0.0,4.77e-08,2000000000000000.0,2000000000000000.0,181818181818181.8,574959574576069.0,22.98976928,1.8,0.93,5.13907696,1.16,0.148148148148148,0.206896551724137,0.058748403575989,0.0,0.0,0.0,0.0,0.0,0.0,0.0,0.0,3.737696424051723
Na,Na1-2NdPCO7,NaNdPCO7,Na2NdPCO7,mp-aaabrrqm,6.0,60.0,54.0,13.25,14.271912976192084,11.0,101.0,90.0,78.66666666666667,35.83837173880656,12.0107,144.242,132.23129999999998,28.76681671333333,35.15199504854566,54.8,3800.0,3745.2,544.97,1039.033648516736,1.0,16.0,15.0,12.166666666666668,6.107827400602898,2.0,6.0,4.0,2.583333333333333,1.114924013354971,0.6,1.85,1.25,0.9458333333333332,0.5145622465315111,0.93,3.44,2.51,2.651666666666667,1.0322776865854566,90.2,4300.0,4209.8,930.5333333333334,1369.5664115170011,968.0,6800.0,5832.0,2565.2000000000003,2176.0243932456274,5.29,23.78,18.49,17.665,4.449249936787099,0.02658,140.0,139.97342,36.45183833333333,59.96125306320822,1.0,5.0,4.0,2.333333333333333,1.1055415967851332,-4.0,2.0,6.0,-1.75,1.361677886530683,7.1e-06,7.1e-05,6.390000000000001e-05,3.9675e-05,3.133746759072916e-05,6.3,33.0,26.7,17.720000000000002,12.193342445777532,10.0,41.0,31.0,20.33333333333333,14.613540144521982,0.69,265.0,264.31,88.79333333333332,124.59692889027758,3.3,16.0,12.7,7.533333333333333,5.986837414046102,0.5,0.5,0.0,0.5,0.0,343.0,343.0,0.0,343.0,0.0,4.77e-08,1e-05,9.9523e-06,2.1676800000000003e-06,3.922596504051876e-06,6.0,60.0,54.0,13.454545454545451,14.88967693869961,11.0,101.0,90.0,84.81818181818181,30.774305048849914,12.0107,144.242,132.23129999999998,29.29200284363636,36.66995893158156,54.8,3800.0,3745.2,560.7972727272727,1083.8493997540006,1.0,16.0,15.0,13.181818181818182,5.3226476975652535,2.0,6.0,4.0,2.5454545454545454,1.157083823759805,0.6,1.85,1.25,0.8681818181818182,0.4652822834643343,0.93,3.44,2.51,2.808181818181818,0.9319365778442044,90.2,4300.0,4209.8,910.0363636363636,1428.7021849297846,968.0,6800.0,5832.0,2964.5,2263.106327594884,5.29,23.78,18.49,17.10909090909091,4.229305669525554,0.02658,140.0,139.97342,27.038369090909093,53.46813257141312,1.0,5.0,4.0,2.4545454545454546,1.0756508696544758,-4.0,2.0,6.0,-1.818181818181818,1.4024771473219555,7.1e-06,7.1e-05,6.390000000000001e-05,2.9233333333333337e-05,2.95511233101026e-05,6.3,33.0,26.7,20.575,12.045408876414282,10.0,41.0,31.0,25.5,15.5,0.69,265.0,264.31,132.845,132.155,3.3,16.0,12.7,9.65,6.3500000000000005,0.5,0.5,0.0,0.5,0.0,343.0,343.0,0.0,343.0,0.0,4.77e-08,1e-05,9.9523e-06,2.6976750000000004e-06,4.222437763528908e-06,22.98976928,1.8,0.93,5.13907696,1.16,0.09090909090909,0.166666666666666,0.075757575757576,0.0,0.0,0.0,0.0,0.0,0.0,0.0,0.0,4.186945046551717
Na,Na1.5-2.5NiPCO7,Na3Ni2P2(CO7)2,Na5Ni2P2(CO7)2,mp-aaacoyff,6.0,28.0,22.0,10.6,5.592852581643825,11.0,101.0,90.0,78.92,35.178311500127464,12.0107,58.6934,46.6827,21.691846816,11.933256565620658,54.8,3800.0,3745.2,572.486,1050.5158051090905,1.0,16.0,15.0,12.28,5.868696618500568,2.0,4.0,2.0,2.4400000000000004,0.6374950980203691,0.6,1.8,1.2000000000000002,0.9400000000000002,0.4806245936279166,0.93,3.44,2.51,2.6444,1.0013394229730497,90.2,4300.0,4209.8,924.592,1316.2069350736608,968.0,8908.0,7940.0,2803.272727272727,2921.2943299132785,5.29,23.78,18.49,16.7896,5.37228032031092,0.02658,140.0,139.97342,46.5137648,63.14233552418112,1.0,5.0,4.0,2.3600000000000003,1.1959933110180845,-4.0,-1.0,3.0,-1.96,0.8236504112789601,7.1e-06,7.1e-05,6.390000000000001e-05,4.4e-05,3.025987442141821e-05,6.3,180.0,173.7,43.59090909090909,65.02909075658447,10.0,200.0,190.0,64.28571428571428,85.83325077599886,0.69,700.0,699.31,200.49285714285716,315.91605579033563,3.3,76.0,72.7,24.07142857142857,32.84251227060588,0.5,4.0,3.5,1.2777777777777777,1.4550889837454215,638.0,638.0,0.0,638.0,0.0,4.77e-08,1e-05,9.9523e-06,1.8706454545454543e-06,3.832261649437845e-06,6.0,28.0,22.0,10.565217391304348,5.829654974923821,11.0,101.0,90.0,84.82608695652175,30.151288347861968,12.0107,58.6934,46.6827,21.57898399304348,12.43487928769851,54.8,3800.0,3745.2,590.0178260869565,1093.4830469927238,1.0,16.0,15.0,13.260869565217392,5.040853889918702,2.0,4.0,2.0,2.391304347826087,0.6419488287058,0.6,1.8,1.2000000000000002,0.8652173913043478,0.4256541723983817,0.93,3.44,2.51,2.7934782608695654,0.901147137026406,90.2,4300.0,4209.8,904.4695652173914,1370.3951364271873,968.0,8908.0,7940.0,3211.111111111111,3084.731662900156,5.29,23.78,18.49,16.181739130434785,5.172271935564228,0.02658,140.0,139.97342,38.38452695652174,59.22490933074451,1.0,5.0,4.0,2.4782608695652177,1.1747179205309823,-4.0,-1.0,3.0,-2.0434782608695654,0.8064016083039742,7.1e-06,7.1e-05,6.390000000000001e-05,3.6285714285714285e-05,3.015760641181253e-05,6.3,180.0,173.7,51.87777777777778,69.21571397976325,10.0,200.0,190.0,86.0,93.08061022576076,0.69,700.0,699.31,280.414,342.5905344051409,3.3,76.0,72.7,32.38,35.61558086006741,0.5,4.0,3.5,1.4999999999999998,1.5811388300841895,638.0,638.0,0.0,638.0,0.0,4.77e-08,1e-05,9.9523e-06,2.2757444444444445e-06,4.128832440051872e-06,22.98976928,1.8,0.93,5.13907696,1.16,0.130434782608695,0.2,0.069565217391305,0.0,0.0,0.0,0.0,0.0,0.0,0.0,0.0,3.864610799051721
Na,Na1.5-2.5NiPCO7,Na3Ni2P2(CO7)2,Na5Ni2P2(CO7)2,mp-aaacoyez,6.0,28.0,22.0,10.6,5.592852581643825,11.0,101.0,90.0,78.92,35.178311500127464,12.0107,58.6934,46.6827,21.691846816,11.933256565620658,54.8,3800.0,3745.2,572.486,1050.5158051090905,1.0,16.0,15.0,12.28,5.868696618500568,2.0,4.0,2.0,2.4400000000000004,0.6374950980203691,0.6,1.8,1.2000000000000002,0.9400000000000002,0.4806245936279166,0.93,3.44,2.51,2.6444,1.0013394229730497,90.2,4300.0,4209.8,924.592,1316.2069350736608,968.0,8908.0,7940.0,2803.272727272727,2921.2943299132785,5.29,23.78,18.49,16.7896,5.37228032031092,0.02658,140.0,139.97342,46.5137648,63.14233552418112,1.0,5.0,4.0,2.3600000000000003,1.1959933110180845,-4.0,-1.0,3.0,-1.96,0.8236504112789601,7.1e-06,7.1e-05,6.390000000000001e-05,4.4e-05,3.025987442141821e-05,6.3,180.0,173.7,43.59090909090909,65.02909075658447,10.0,200.0,190.0,64.28571428571428,85.83325077599886,0.69,700.0,699.31,200.49285714285716,315.91605579033563,3.3,76.0,72.7,24.07142857142857,32.84251227060588,0.5,4.0,3.5,1.2777777777777777,1.4550889837454215,638.0,638.0,0.0,638.0,0.0,4.77e-08,1e-05,9.9523e-06,1.8706454545454543e-06,3.832261649437845e-06,6.0,28.0,22.0,10.565217391304348,5.829654974923821,11.0,101.0,90.0,84.82608695652175,30.151288347861968,12.0107,58.6934,46.6827,21.57898399304348,12.43487928769851,54.8,3800.0,3745.2,590.0178260869565,1093.4830469927238,1.0,16.0,15.0,13.260869565217392,5.040853889918702,2.0,4.0,2.0,2.391304347826087,0.6419488287058,0.6,1.8,1.2000000000000002,0.8652173913043478,0.4256541723983817,0.93,3.44,2.51,2.7934782608695654,0.901147137026406,90.2,4300.0,4209.8,904.4695652173914,1370.3951364271873,968.0,8908.0,7940.0,3211.111111111111,3084.731662900156,5.29,23.78,18.49,16.181739130434785,5.172271935564228,0.02658,140.0,139.97342,38.38452695652174,59.22490933074451,1.0,5.0,4.0,2.4782608695652177,1.1747179205309823,-4.0,-1.0,3.0,-2.0434782608695654,0.8064016083039742,7.1e-06,7.1e-05,6.390000000000001e-05,3.6285714285714285e-05,3.015760641181253e-05,6.3,180.0,173.7,51.87777777777778,69.21571397976325,10.0,200.0,190.0,86.0,93.08061022576076,0.69,700.0,699.31,280.414,342.5905344051409,3.3,76.0,72.7,32.38,35.61558086006741,0.5,4.0,3.5,1.4999999999999998,1.5811388300841895,638.0,638.0,0.0,638.0,0.0,4.77e-08,1e-05,9.9523e-06,2.2757444444444445e-06,4.128832440051872e-06,22.98976928,1.8,0.93,5.13907696,1.16,0.130434782608695,0.2,0.069565217391305,0.0,0.0,0.0,0.0,0.0,0.0,0.0,0.0,4.112834931551735
Na,Na4-6Ni2P(CO4)4,Na4Ni2P(CO4)4,Na6Ni2P(CO4)4,mp-aaabshuj,6.0,28.0,22.0,9.96551724137931,5.2750731887106985,11.0,101.0,90.0,78.82758620689656,35.68064187368874,12.0107,58.6934,46.6827,20.35628888551724,11.258905033472905,54.8,3800.0,3745.2,761.2179310344827,1285.2188040479637,1.0,16.0,15.0,12.172413793103448,5.9135669002682025,2.0,4.0,2.0,2.3793103448275863,0.6110360395403224,0.6,1.8,1.2000000000000002,0.9275862068965516,0.4861151784364504,0.93,3.44,2.51,2.649310344827586,1.0014263311844442,90.2,4300.0,4209.8,1120.7310344827586,1511.87005852502,968.0,8908.0,7940.0,2655.0,2725.5236899750817,5.29,23.78,18.49,16.268965517241377,5.952742251194468,0.02658,140.0,139.97342,54.57452689655173,65.96474408569647,1.0,5.0,4.0,2.310344827586207,1.1173690859323897,-4.0,-1.0,3.0,-2.034482758620689,0.9278361411774974,7.1e-06,7.1e-05,6.390000000000001e-05,4.01e-05,3.097127701597078e-05,6.3,180.0,173.7,41.6,60.13949169670843,10.0,200.0,190.0,57.5,82.27241335952168,0.69,700.0,699.31,175.5175,302.8101125602479,3.3,76.0,72.7,21.475,31.480023427564344,0.5,4.0,3.5,1.0833333333333333,1.3043729868748777,638.0,638.0,0.0,638.0,0.0,4.77e-08,1e-05,9.9523e-06,3.1172923076923083e-06,4.5884940499976575e-06,6.0,28.0,22.0,9.888888888888888,5.459163776239221,11.0,101.0,90.0,83.85185185185185,31.64467505811377,12.0107,58.6934,46.6827,20.1612162637037,11.64478496565887,54.8,3800.0,3745.2,790.1325925925926,1327.4106970439148,1.0,16.0,15.0,13.0,5.2563894100066095,2.0,4.0,2.0,2.333333333333333,0.6085806194501846,0.6,1.8,1.2000000000000002,0.8629629629629629,0.4396110639157604,0.93,3.44,2.51,2.7766666666666664,0.9175813618178802,90.2,4300.0,4209.8,1118.1185185185184,1566.8334315585869,968.0,8908.0,7940.0,2961.727272727273,2857.898086194534,5.29,23.78,18.49,15.712592592592593,5.794089959920266,0.02658,140.0,139.97342,48.24671407407407,63.977119951969584,1.0,5.0,4.0,2.4074074074074074,1.0974468437058558,-4.0,-1.0,3.0,-2.1111111111111107,0.9162456945817024,7.1e-06,7.1e-05,6.390000000000001e-05,3.392e-05,3.036296428216455e-05,6.3,180.0,173.7,48.018181818181816,63.29767794364855,10.0,200.0,190.0,73.33333333333333,89.56685895029601,0.69,700.0,699.31,233.7933333333333,329.6578954343764,3.3,76.0,72.7,27.53333333333333,34.271108661508,0.5,4.0,3.5,1.2,1.4,638.0,638.0,0.0,638.0,0.0,4.77e-08,1e-05,9.9523e-06,3.6754e-06,4.780970701931489e-06,22.98976928,1.8,0.93,5.13907696,1.16,0.148148148148148,0.206896551724137,0.058748403575989,0.0,0.0,0.0,0.0,0.0,0.0,0.0,0.0,4.307202056551734
Na,Na1.5-3NiPCO7,Na3Ni2P2(CO7)2,Na3NiPCO7,mp-aaabsbzq,6.0,28.0,22.0,10.615384615384617,5.484782606146427,11.0,101.0,90.0,76.3076923076923,36.88523702050959,12.0107,58.6934,46.6827,21.74176691076923,11.704182547661134,54.8,3800.0,3745.2,564.7315384615385,1030.8449112544386,1.0,16.0,15.0,11.846153846153848,6.149998797325134,2.0,4.0,2.0,2.4615384615384617,0.6343239424027171,0.6,1.8,1.2000000000000002,0.9730769230769232,0.4994671717153208,0.93,3.44,2.51,2.5784615384615384,1.0357668742296595,90.2,4300.0,4209.8,933.4923076923076,1291.4140648389678,968.0,8908.0,7940.0,2650.333333333333,2842.5503024963728,5.29,23.78,18.49,17.05846153846154,5.436773429658789,0.02658,140.0,139.97342,50.10938923076922,64.4734286851361,1.0,5.0,4.0,2.3076923076923075,1.2015768732164085,-4.0,-1.0,3.0,-1.9230769230769231,0.8284868934053083,7.1e-06,7.1e-05,6.390000000000001e-05,4.67e-05,2.98279063965274e-05,6.3,180.0,173.7,40.48333333333333,63.1079344368748,10.0,200.0,190.0,57.5,82.27241335952168,0.69,700.0,699.31,175.5175,302.8101125602479,3.3,76.0,72.7,21.475,31.480023427564344,0.5,4.0,3.5,1.2000000000000002,1.4,638.0,638.0,0.0,638.0,0.0,4.77e-08,1e-05,9.9523e-06,1.7187333333333334e-06,3.703542509844085e-06,6.0,28.0,22.0,10.565217391304348,5.829654974923821,11.0,101.0,90.0,84.82608695652175,30.151288347861968,12.0107,58.6934,46.6827,21.57898399304348,12.43487928769851,54.8,3800.0,3745.2,590.0178260869565,1093.4830469927238,1.0,16.0,15.0,13.260869565217392,5.040853889918702,2.0,4.0,2.0,2.391304347826087,0.6419488287058,0.6,1.8,1.2000000000000002,0.8652173913043478,0.4256541723983817,0.93,3.44,2.51,2.7934782608695654,0.901147137026406,90.2,4300.0,4209.8,904.4695652173914,1370.3951364271873,968.0,8908.0,7940.0,3211.111111111111,3084.731662900156,5.29,23.78,18.49,16.181739130434785,5.172271935564228,0.02658,140.0,139.97342,38.38452695652174,59.22490933074451,1.0,5.0,4.0,2.4782608695652177,1.1747179205309823,-4.0,-1.0,3.0,-2.0434782608695654,0.8064016083039742,7.1e-06,7.1e-05,6.390000000000001e-05,3.6285714285714285e-05,3.015760641181253e-05,6.3,180.0,173.7,51.87777777777778,69.21571397976325,10.0,200.0,190.0,86.0,93.08061022576076,0.69,700.0,699.31,280.414,342.5905344051409,3.3,76.0,72.7,32.38,35.61558086006741,0.5,4.0,3.5,1.4999999999999998,1.5811388300841895,638.0,638.0,0.0,638.0,0.0,4.77e-08,1e-05,9.9523e-06,2.2757444444444445e-06,4.128832440051872e-06,22.98976928,1.8,0.93,5.13907696,1.16,0.130434782608695,0.23076923076923,0.100334448160535,0.0,0.0,0.0,0.0,0.0,0.0,0.0,0.0,4.058584699885058
Na,Na4-6Ni2C4SO16,Na4Ni2C4SO16,Na6Ni2C4SO16,mp-aaabwkvv,6.0,28.0,22.0,10.0,5.311016527155997,11.0,101.0,90.0,78.9655172413793,35.731260107508,12.0107,58.6934,46.6827,20.39391778206896,11.296089424913928,54.8,3800.0,3745.2,763.6682758620691,1284.4376152930845,1.0,16.0,15.0,12.20689655172414,5.932838538779687,2.0,4.0,2.0,2.3793103448275863,0.6110360395403224,0.6,1.8,1.2000000000000002,0.9275862068965516,0.4861151784364504,0.93,3.44,2.51,2.662758620689655,0.9977799375638868,90.2,4300.0,4209.8,1126.5196551724136,1509.9939769884052,968.0,8908.0,7940.0,2665.538461538462,2722.549557799556,5.29,23.78,18.49,16.21758620689655,5.952468427509667,0.02658,140.0,139.97342,54.57345793103448,65.96562488379604,1.0,6.0,5.0,2.3448275862068964,1.2113219358793308,-4.0,-1.0,3.0,-2.0,0.909717652294684,7.1e-06,7.1e-05,6.390000000000001e-05,4.01e-05,3.097127701597078e-05,6.3,180.0,173.7,41.34615384615385,60.2749292873224,10.0,200.0,190.0,57.5,82.27241335952168,0.69,700.0,699.31,175.5175,302.8101125602479,3.3,76.0,72.7,21.475,31.480023427564344,0.5,4.0,3.5,1.1538461538461535,1.276784051745987,638.0,638.0,0.0,638.0,0.0,4.77e-08,2000000000000000.0,2000000000000000.0,153846153846153.84,532938710021193.06,6.0,28.0,22.0,9.925925925925924,5.496975100341303,11.0,101.0,90.0,84.0,31.682452205878537,12.0107,58.6934,46.6827,20.201632485925924,11.684069994888494,54.8,3800.0,3745.2,792.7644444444445,1326.540764811309,1.0,16.0,15.0,13.037037037037036,5.273845188541499,2.0,4.0,2.0,2.333333333333333,0.6085806194501846,0.6,1.8,1.2000000000000002,0.8629629629629629,0.4396110639157604,0.93,3.44,2.51,2.7911111111111104,0.9112804720641344,90.2,4300.0,4209.8,1124.3359259259255,1564.8985953427216,968.0,8908.0,7940.0,2974.181818181818,2853.203106500157,5.29,23.78,18.49,15.657407407407408,5.788467840899724,0.02658,140.0,139.97342,48.24556592592592,63.97798182537462,1.0,6.0,5.0,2.444444444444444,1.1967032904743342,-4.0,-1.0,3.0,-2.074074074074074,0.899626503814157,7.1e-06,7.1e-05,6.390000000000001e-05,3.392e-05,3.036296428216455e-05,6.3,180.0,173.7,47.71818181818182,63.47997276424085,10.0,200.0,190.0,73.33333333333333,89.56685895029601,0.69,700.0,699.31,233.7933333333333,329.6578954343764,3.3,76.0,72.7,27.53333333333333,34.271108661508,0.5,4.0,3.5,1.272727272727273,1.3545149477955765,638.0,638.0,0.0,638.0,0.0,4.77e-08,2000000000000000.0,2000000000000000.0,181818181818181.8,574959574576069.0,22.98976928,1.8,0.93,5.13907696,1.16,0.148148148148148,0.206896551724137,0.058748403575989,0.0,0.0,0.0,0.0,0.0,0.0,0.0,0.0,4.2998776990517245
Na,Na1-2NiCSO7,NaNiCSO7,Na2NiCSO7,mp-aaabxcti,6.0,28.0,22.0,10.666666666666666,5.778311941119906,11.0,101.0,90.0,82.08333333333334,33.09949227539433,12.0107,58.6934,46.6827,21.728703213333333,12.249566008189143,54.8,3800.0,3745.2,586.8083333333333,1070.077475488211,1.0,16.0,15.0,12.833333333333334,5.550275268448904,2.0,4.0,2.0,2.416666666666667,0.6400954789890507,0.6,1.8,1.2000000000000002,0.9041666666666668,0.4566446162559628,0.93,3.44,2.51,2.748333333333333,0.9456905178521964,90.2,4300.0,4209.8,928.9391666666668,1339.4781917003995,968.0,8908.0,7940.0,3014.2000000000003,2992.670807155374,5.29,23.78,18.49,16.374166666666667,5.289904627894743,0.02658,140.0,139.97342,42.61592166666666,61.43264985364132,1.0,6.0,5.0,2.5,1.3844373104863457,-4.0,-1.0,3.0,-1.9166666666666663,0.7592027982620249,7.1e-06,7.1e-05,6.390000000000001e-05,4.0625000000000005e-05,3.045655717575445e-05,6.3,180.0,173.7,46.66,67.44166664607275,10.0,200.0,190.0,73.33333333333333,89.56685895029601,0.69,700.0,699.31,233.7933333333333,329.6578954343764,3.3,76.0,72.7,27.53333333333333,34.271108661508,0.5,4.0,3.5,1.5,1.378404875209022,638.0,638.0,0.0,638.0,0.0,4.77e-08,2000000000000000.0,2000000000000000.0,400000000000000.0,800000000000000.0,6.0,28.0,22.0,10.636363636363637,6.034337009191305,11.0,101.0,90.0,88.54545454545453,26.345134573626293,12.0107,58.6934,46.6827,21.614060843636366,12.788089449459212,54.8,3800.0,3745.2,606.4390909090909,1115.5887661064044,1.0,16.0,15.0,13.909090909090908,4.440608997025387,2.0,4.0,2.0,2.3636363636363638,0.642824346533225,0.6,1.8,1.2000000000000002,0.8227272727272728,0.3845680199697722,0.93,3.44,2.51,2.913636363636364,0.8048181356088832,90.2,4300.0,4209.8,908.2972727272728,1397.210803540012,968.0,8908.0,7940.0,3525.75,3144.309333939649,5.29,23.78,18.49,15.700909090909091,5.008762239670967,0.02658,140.0,139.97342,33.762823636363635,56.36071819625362,1.0,6.0,5.0,2.6363636363636367,1.3666633071248098,-4.0,-1.0,3.0,-2.0,0.7385489458759964,7.1e-06,7.1e-05,6.390000000000001e-05,3.0500000000000003e-05,2.8753086790812568e-05,6.3,180.0,173.7,56.75,71.94742872403432,10.0,200.0,190.0,105.0,95.0,0.69,700.0,699.31,350.345,349.655,3.3,76.0,72.7,39.65,36.35,0.5,4.0,3.5,1.75,1.4361406616345072,638.0,638.0,0.0,638.0,0.0,4.77e-08,2000000000000000.0,2000000000000000.0,500000000000000.0,866025403784438.8,22.98976928,1.8,0.93,5.13907696,1.16,0.09090909090909,0.166666666666666,0.075757575757576,0.0,0.0,0.0,0.0,0.0,0.0,0.0,0.0,4.12187752405173
Na,Na1-3SnPCO7,NaSnPCO7,Na3SnPCO7,mp-aaabrskn,6.0,50.0,44.0,12.307692307692308,11.10360035431762,11.0,101.0,90.0,77.53846153846153,36.82101278140677,12.0107,118.71,106.6993,26.35842844923077,27.091272040461387,54.8,3800.0,3745.2,470.6607692307692,974.6660087155816,1.0,16.0,15.0,12.153846153846152,6.149998797325134,2.0,5.0,3.0,2.5384615384615383,0.8426500884694864,0.6,1.8,1.2000000000000002,0.9807692307692308,0.5059410354586261,0.93,3.44,2.51,2.582307692307692,1.033367563217493,90.2,4300.0,4209.8,909.5692307692308,1251.7364820886687,968.0,7310.0,6342.0,2384.0,2258.652031633027,5.29,23.78,18.49,17.804615384615385,4.54062621127665,0.02658,140.0,139.97342,48.263235384615385,63.61400551777072,1.0,5.0,4.0,2.3076923076923075,1.2015768732164085,-4.0,-1.0,3.0,-2.153846153846154,0.9483713850721502,7.1e-06,7.1e-05,6.390000000000001e-05,4.842e-05,2.8053263624754968e-05,6.3,58.0,51.7,20.15,19.394737258682657,10.0,50.0,40.0,20.0,17.320508075688775,0.69,51.0,50.31,13.2675,21.784869032197555,3.3,18.0,14.7,6.975,6.365286717815624,0.5,1.5,1.0,0.7000000000000001,0.4,628.0,970.0,0.0,706.0,0.0,4.77e-08,1e-05,9.9523e-06,1.7255166666666667e-06,3.700551293801446e-06,6.0,50.0,44.0,12.545454545454549,12.055656057436554,11.0,101.0,90.0,89.63636363636363,25.513891856907097,12.0107,118.71,106.6993,26.97091193454545,29.40989172586666,54.8,3800.0,3745.2,488.8045454545454,1058.5634439299297,1.0,16.0,15.0,14.181818181818182,4.238742991590825,2.0,5.0,3.0,2.4545454545454546,0.8907235428302465,0.6,1.8,1.2000000000000002,0.8318181818181818,0.3978765953458018,0.93,3.44,2.51,2.882727272727273,0.821806114151141,90.2,4300.0,4209.8,864.7636363636365,1355.9778647112114,968.0,7310.0,6342.0,3092.0,2479.611159032803,5.29,23.78,18.49,16.71818181818182,4.085790939745424,0.02658,140.0,139.97342,31.58382363636364,54.536179460021735,1.0,5.0,4.0,2.545454545454546,1.1570838237598051,-4.0,-1.0,3.0,-2.3636363636363638,0.8813963377120598,7.1e-06,7.1e-05,6.390000000000001e-05,3.3366666666666674e-05,2.7297171200612636e-05,6.3,58.0,51.7,27.075,20.502850411589115,10.0,50.0,40.0,30.0,20.0,0.69,51.0,50.31,25.845,25.155,3.3,18.0,14.7,10.65,7.35,0.5,1.5,1.0,0.8333333333333335,0.4714045207910317,628.0,970.0,0.0,716.75,0.0,4.77e-08,1e-05,9.9523e-06,2.564425e-06,4.292996417640597e-06,22.98976928,1.8,0.93,5.13907696,1.16,0.09090909090909,0.23076923076923,0.13986013986014,0.0,0.0,0.0,0.0,0.0,0.0,0.0,0.0,2.060048156551726
Na,Na1-2SbPCO7,NaSbPCO7,Na2SbPCO7,mp-aaabrshd,6.0,51.0,45.0,12.5,11.821590417536887,11.0,101.0,90.0,83.5,32.72486312678277,12.0107,121.76,109.7493,26.89331671333333,29.010123558300094,54.8,3800.0,3745.2,512.2016666666666,1020.8412137450932,1.0,16.0,15.0,13.166666666666668,5.474689235218947,2.0,5.0,3.0,2.5,0.8660254037844386,0.6,1.8,1.2000000000000002,0.9125,0.4655306112384018,0.93,3.44,2.51,2.7275,0.9484647682790682,90.2,4300.0,4209.8,804.4499999999999,1197.7773391439107,968.0,6697.0,5729.0,2544.6000000000004,2135.955486427561,5.29,23.78,18.49,17.465,4.366443060432599,0.02658,140.0,139.97342,37.03517166666666,59.80301926388637,1.0,5.0,4.0,2.5,1.3228756555322951,-4.0,-1.0,3.0,-2.166666666666667,0.7993052538854533,7.1e-06,7.1e-05,6.390000000000001e-05,4.0025e-05,3.100567488380152e-05,6.3,42.0,35.7,19.72,14.89287077765734,10.0,55.0,45.0,25.0,21.213203435596427,0.69,294.0,293.31,98.46,138.2676599932175,3.3,20.0,16.7,8.866666666666665,7.872455497210229,0.5,3.0,2.5,1.125,1.0825317547305484,628.0,970.0,0.0,706.0,0.0,4.77e-08,1e-05,9.9523e-06,2.1224800000000003e-06,3.941163098071431e-06,6.0,51.0,45.0,12.636363636363637,12.338209147144395,11.0,101.0,90.0,90.09090909090908,25.43603222865528,12.0107,121.76,109.7493,27.248184661818183,30.27513876551082,54.8,3800.0,3745.2,525.05,1065.3045184700604,1.0,16.0,15.0,14.272727272727272,4.2445881927013644,2.0,5.0,3.0,2.4545454545454546,0.8907235428302465,0.6,1.8,1.2000000000000002,0.8318181818181818,0.3978765953458018,0.93,3.44,2.51,2.8909090909090907,0.8129794199056226,90.2,4300.0,4209.8,772.4909090909091,1246.1294267046155,968.0,6697.0,5729.0,2938.75,2219.484441824272,5.29,23.78,18.49,16.89090909090909,4.104158544132025,0.02658,140.0,139.97342,27.674732727272733,53.38646533846725,1.0,5.0,4.0,2.6363636363636367,1.2984415324623364,-4.0,-1.0,3.0,-2.2727272727272725,0.7496555682941201,7.1e-06,7.1e-05,6.390000000000001e-05,2.9700000000000004e-05,2.9246880175499065e-05,6.3,42.0,35.7,23.075,14.86495459125254,10.0,55.0,45.0,32.5,22.5,0.69,294.0,293.31,147.345,146.655,3.3,20.0,16.7,11.65,8.350000000000001,0.5,3.0,2.5,1.3333333333333337,1.1785113019775793,628.0,970.0,0.0,716.75,0.0,4.77e-08,1e-05,9.9523e-06,2.641175e-06,4.250968794507318e-06,22.98976928,1.8,0.93,5.13907696,1.16,0.09090909090909,0.166666666666666,0.075757575757576,0.0,0.0,0.0,0.0,0.0,0.0,0.0,0.0,3.886266746551729
Na,Na1-2TiPCO7,NaTiPCO7,Na2TiPCO7,mp-aaabrrlk,6.0,22.0,16.0,10.083333333333332,4.231987975198207,11.0,101.0,90.0,80.41666666666667,33.878356742255896,12.0107,47.867,35.8563,20.73556671333333,9.505438787262529,54.8,3800.0,3745.2,598.6366666666667,1091.7829599507809,1.0,16.0,15.0,12.25,5.987834889729898,2.0,4.0,2.0,2.416666666666667,0.6400954789890507,0.6,1.8,1.2000000000000002,0.9083333333333332,0.460901893634161,0.93,3.44,2.51,2.685,0.9884541803577274,90.2,4300.0,4209.8,946.1166666666668,1398.0368174892803,968.0,4507.0,3539.0,2106.6000000000004,1300.837976075422,5.29,23.78,18.49,16.835833333333333,4.744248198842702,0.02658,140.0,139.97342,36.86850499999999,59.841889390748186,1.0,5.0,4.0,2.416666666666667,1.1873172373979173,-4.0,-1.0,3.0,-2.0,0.816496580927726,7.1e-06,7.1e-05,6.390000000000001e-05,3.9425e-05,3.157945336765664e-05,6.3,110.0,103.7,33.32,39.59360554433001,10.0,116.0,106.0,45.33333333333333,49.96887920384936,0.69,716.0,715.31,239.1266666666667,337.20036776703284,3.3,44.0,40.7,16.866666666666667,19.18616399619499,0.5,6.0,5.5,1.875,2.381569860407206,970.0,970.0,0.0,970.0,0.0,4.77e-08,1e-05,9.9523e-06,2.1230800000000003e-06,3.940903631097822e-06,6.0,22.0,16.0,10.0,4.410730716621165,11.0,101.0,90.0,86.72727272727272,27.824419977915763,12.0107,47.867,35.8563,20.530639207272728,9.902694863424484,54.8,3800.0,3745.2,619.3427272727273,1138.071997036223,1.0,16.0,15.0,13.272727272727272,5.1538319211121335,2.0,4.0,2.0,2.3636363636363638,0.642824346533225,0.6,1.8,1.2000000000000002,0.8272727272727272,0.3910147848655739,0.93,3.44,2.51,2.8445454545454547,0.8720129652535265,90.2,4300.0,4209.8,927.0363636363636,1458.7051439065758,968.0,4507.0,3539.0,2391.25,1307.706460754859,5.29,23.78,18.49,16.204545454545453,4.446545878312051,0.02658,140.0,139.97342,27.49291454545455,53.40207417595353,1.0,5.0,4.0,2.545454545454546,1.1570838237598051,-4.0,-1.0,3.0,-2.090909090909091,0.7925270806437589,7.1e-06,7.1e-05,6.390000000000001e-05,2.8900000000000005e-05,2.9775493278869457e-05,6.3,110.0,103.7,40.075,41.61029770381366,10.0,116.0,106.0,63.0,53.0,0.69,716.0,715.31,358.345,357.65500000000003,3.3,44.0,40.7,23.65,20.35,0.5,6.0,5.5,2.333333333333333,2.5927248643506746,970.0,970.0,0.0,970.0,0.0,4.77e-08,1e-05,9.9523e-06,2.641925e-06,4.2505765628765e-06,22.98976928,1.8,0.93,5.13907696,1.16,0.09090909090909,0.166666666666666,0.075757575757576,0.0,0.0,0.0,0.0,0.0,0.0,0.0,0.0,1.54326663155172
Na,Na5-6Sn2P(CO4)4,Na5Sn2P(CO4)4,Na6Sn2P(CO4)4,mp-aaabseif,6.0,50.0,44.0,11.482758620689657,10.65969104053523,11.0,101.0,90.0,79.93103448275862,35.5449506909139,12.0107,118.71,106.6993,24.495364747586205,25.988548947855293,54.8,3800.0,3745.2,676.8786206896552,1258.864177945873,1.0,16.0,15.0,12.448275862068964,5.899071855087572,2.0,5.0,3.0,2.4482758620689657,0.8130914567276962,0.6,1.8,1.2000000000000002,0.9344827586206896,0.4927235092821191,0.93,3.44,2.51,2.6527586206896547,0.9989577207984957,90.2,4300.0,4209.8,1099.2827586206895,1484.3747983971325,968.0,7310.0,6342.0,2409.153846153846,2164.797728911547,5.29,23.78,18.49,16.93793103448276,5.341048831075542,0.02658,140.0,139.97342,52.91935448275862,65.32802712483135,1.0,5.0,4.0,2.310344827586207,1.1173690859323897,-4.0,-1.0,3.0,-2.2413793103448274,1.0053365335940172,7.1e-06,7.1e-05,6.390000000000001e-05,4.153333333333333e-05,2.9882306173088825e-05,6.3,58.0,51.7,22.830769230769235,18.94722973927585,10.0,50.0,40.0,20.0,17.320508075688775,0.69,51.0,50.31,13.2675,21.784869032197555,3.3,18.0,14.7,6.975,6.365286717815624,0.5,1.5,1.0,0.6666666666666666,0.3726779962499649,628.0,970.0,0.0,706.0,0.0,4.77e-08,1e-05,9.9523e-06,3.1235538461538467e-06,4.584356338951544e-06,6.0,50.0,44.0,11.5,10.847975452985292,11.0,101.0,90.0,82.39285714285714,33.657242147561526,12.0107,118.71,106.6993,24.549136014285715,26.4469737943072,54.8,3800.0,3745.2,687.8074999999999,1279.794150994116,1.0,16.0,15.0,12.857142857142858,5.585147943521318,2.0,5.0,3.0,2.4285714285714284,0.8206518066482898,0.6,1.8,1.2000000000000002,0.9035714285714284,0.4730087154566596,0.93,3.44,2.51,2.714285714285714,0.9611318795024532,90.2,4300.0,4209.8,1097.257142857143,1510.6095740813118,968.0,7310.0,6342.0,2529.25,2211.1938376135186,5.29,23.78,18.49,16.693571428571428,5.273896102696831,0.02658,140.0,139.97342,49.80933142857143,64.34031203403251,1.0,5.0,4.0,2.3571428571428568,1.1088696211614302,-4.0,-1.0,3.0,-2.2857142857142856,0.9948848769417228,7.1e-06,7.1e-05,6.390000000000001e-05,3.885454545454546e-05,2.9799645014248187e-05,6.3,58.0,51.7,24.20833333333333,19.085180041650705,10.0,50.0,40.0,21.428571428571427,18.070158058105022,0.69,51.0,50.31,15.064285714285711,22.727741297581595,3.3,18.0,14.7,7.5,6.640783086353597,0.5,1.5,1.0,0.6818181818181819,0.385694607919935,628.0,970.0,0.0,716.75,0.0,4.77e-08,1e-05,9.9523e-06,3.379875e-06,4.681193902756896e-06,22.98976928,1.8,0.93,5.13907696,1.16,0.178571428571428,0.206896551724137,0.028325123152709,0.0,0.0,0.0,0.0,0.0,0.0,0.0,0.0,2.679763736551709
Na,Na2-3TlPCO7,Na2TlPCO7,Na3TlPCO7,mp-aaabrbmn,6.0,81.0,75.0,14.692307692307692,19.26888530321364,11.0,101.0,90.0,77.15384615384615,36.78805440282976,12.0107,204.3833,192.3726,32.948682295384614,49.722781188031405,54.8,3800.0,3745.2,476.193076923077,975.0497121873768,1.0,16.0,15.0,12.076923076923077,6.132655823998384,2.0,6.0,4.0,2.615384615384615,1.076923076923077,0.6,1.9,1.2999999999999998,1.015384615384615,0.5503092191544592,0.93,3.44,2.51,2.556153846153846,1.0529046889551157,90.2,4300.0,4209.8,822.723076923077,1147.1578217180904,968.0,11850.0,10882.0,3140.666666666667,3926.6921476253033,5.29,23.78,18.49,17.876153846153848,4.523493439744142,0.02658,140.0,139.97342,46.64785076923077,63.38391866143075,1.0,5.0,4.0,2.230769230769231,1.1200169060431566,-4.0,1.0,5.0,-1.7692307692307692,1.1200169060431566,7.1e-06,7.1e-05,6.390000000000001e-05,5e-05,2.67111212793473e-05,6.3,43.0,36.7,17.65,14.77009930004986,8.0,10.0,2.0,9.5,0.8660254037844386,0.69,26.4,25.71,7.1175,11.132756565648958,2.8,3.3,0.5,3.175,0.2165063509461096,0.5,1.2,0.7,0.64,0.2799999999999999,628.0,970.0,0.0,706.0,0.0,4.77e-08,1e-05,9.9523e-06,1.7371833333333334e-06,3.6955466503241744e-06,6.0,81.0,75.0,15.0,20.024984394500787,11.0,101.0,90.0,82.66666666666667,32.72698512780479,12.0107,204.3833,192.3726,33.778591713333334,51.666534666870405,54.8,3800.0,3745.2,484.97,1014.3704070752458,1.0,16.0,15.0,13.0,5.446711546122731,2.0,6.0,4.0,2.583333333333333,1.114924013354971,0.6,1.9,1.2999999999999998,0.95,0.5220153254455275,0.93,3.44,2.51,2.691666666666667,0.9809505027721268,90.2,4300.0,4209.8,794.9499999999999,1189.7931980670703,968.0,11850.0,10882.0,3575.2,4167.706582762275,5.29,23.78,18.49,17.384166666666665,4.361248785866524,0.02658,140.0,139.97342,38.86850499999999,59.71245854806634,1.0,5.0,4.0,2.333333333333333,1.1055415967851332,-4.0,1.0,5.0,-1.8333333333333333,1.1426091000668408,7.1e-06,7.1e-05,6.390000000000001e-05,4.475e-05,2.745983430394292e-05,6.3,43.0,36.7,19.92,15.194393702941886,8.0,10.0,2.0,9.333333333333332,0.9428090415820634,0.69,26.4,25.71,9.259999999999998,12.119810229537425,2.8,3.3,0.5,3.133333333333333,0.2357022603955158,0.5,1.2,0.7,0.675,0.3031088913245535,628.0,970.0,0.0,716.75,0.0,4.77e-08,1e-05,9.9523e-06,2.07508e-06,3.962755746901391e-06,22.98976928,1.8,0.93,5.13907696,1.16,0.166666666666666,0.23076923076923,0.064102564102564,0.0,0.0,0.0,0.0,0.0,0.0,0.0,0.0,2.383596366551732
Na,Na1-3VPCO7,NaVPCO7,Na3VPCO7,mp-aaabrukq,6.0,23.0,17.0,10.230769230769232,4.299442649994499,11.0,101.0,90.0,75.3076923076923,37.297936868874615,12.0107,50.9415,38.9308,21.14546691076923,9.858308970952317,54.8,3800.0,3745.2,599.7315384615384,1076.4618076675383,1.0,16.0,15.0,11.461538461538462,6.404510245076507,2.0,4.0,2.0,2.4615384615384617,0.6343239424027171,0.6,1.8,1.2000000000000002,0.9730769230769232,0.4994671717153208,0.93,3.44,2.51,2.556923076923077,1.0522239057961922,90.2,4300.0,4209.8,971.4923076923076,1362.4495849312334,968.0,6110.0,5142.0,2184.0,1825.1325979226824,5.29,23.78,18.49,17.19153846153846,5.194689368300678,0.02658,140.0,139.97342,45.49400461538461,63.52159094730312,1.0,5.0,4.0,2.3846153846153846,1.3323467750529827,-4.0,-1.0,3.0,-1.9230769230769231,0.8284868934053083,7.1e-06,7.1e-05,6.390000000000001e-05,4.57e-05,3.098877216025185e-05,6.3,160.0,153.7,37.14999999999999,55.749940209235504,10.0,128.0,118.0,39.5,51.09549882328188,0.69,628.0,627.31,157.5175,271.6331980240081,3.3,47.0,43.7,14.225,18.922655072689984,0.5,7.0,6.5,1.8000000000000005,2.6,628.0,628.0,0.0,628.0,0.0,4.77e-08,1e-05,9.9523e-06,1.7400166666666666e-06,3.6943580152338e-06,6.0,23.0,17.0,10.09090909090909,4.660365679264109,11.0,101.0,90.0,87.0,27.48553338493808,12.0107,50.9415,38.9308,20.810139207272726,10.682958098823953,54.8,3800.0,3745.2,641.3427272727273,1165.4187189323916,1.0,16.0,15.0,13.363636363636363,4.995866059648758,2.0,4.0,2.0,2.3636363636363638,0.642824346533225,0.6,1.8,1.2000000000000002,0.8227272727272728,0.3845680199697722,0.93,3.44,2.51,2.852727272727273,0.8600749534894239,90.2,4300.0,4209.8,937.9454545454544,1478.6673929058472,968.0,6110.0,5142.0,2792.0,1971.717905786728,5.29,23.78,18.49,15.993636363636364,4.750139275905061,0.02658,140.0,139.97342,28.311096363636366,53.38058950171158,1.0,5.0,4.0,2.6363636363636367,1.2984415324623364,-4.0,-1.0,3.0,-2.090909090909091,0.7925270806437589,7.1e-06,7.1e-05,6.390000000000001e-05,2.8833333333333337e-05,2.9821058927468626e-05,6.3,160.0,153.7,52.575,62.8354348675968,10.0,128.0,118.0,69.0,59.0,0.69,628.0,627.31,314.345,313.65500000000003,3.3,47.0,43.7,25.15,21.85,0.5,7.0,6.5,2.6666666666666665,3.0641293851417064,628.0,628.0,0.0,628.0,0.0,4.77e-08,1e-05,9.9523e-06,2.5861750000000003e-06,4.280709046627089e-06,22.98976928,1.8,0.93,5.13907696,1.16,0.09090909090909,0.23076923076923,0.13986013986014,0.0,0.0,0.0,0.0,0.0,0.0,0.0,0.0,2.440613730301724
Na,Na4-6V2P(CO4)4,Na4V2P(CO4)4,Na6V2P(CO4)4,mp-aaabsntp,6.0,23.0,17.0,9.620689655172413,4.122384588656126,11.0,101.0,90.0,77.93103448275862,36.12710419547262,12.0107,50.9415,38.9308,19.82167509241379,9.467328373340584,54.8,3800.0,3745.2,792.5972413793104,1313.679644557007,1.0,16.0,15.0,11.827586206896552,6.17039072991409,2.0,4.0,2.0,2.3793103448275863,0.6110360395403224,0.6,1.8,1.2000000000000002,0.9275862068965516,0.4861151784364504,0.93,3.44,2.51,2.63,1.0180576502882068,90.2,4300.0,4209.8,1154.8,1562.735935069844,968.0,6110.0,5142.0,2224.538461538461,1750.5032513926085,5.29,23.78,18.49,16.388275862068966,5.772149584032958,0.02658,140.0,139.97342,50.43659586206896,65.42972306156665,1.0,5.0,4.0,2.3793103448275863,1.2432935432634449,-4.0,-1.0,3.0,-2.034482758620689,0.9278361411774974,7.1e-06,7.1e-05,6.390000000000001e-05,3.926666666666667e-05,3.173629187889194e-05,6.3,160.0,153.7,38.52307692307693,53.07671014450042,10.0,128.0,118.0,39.5,51.09549882328188,0.69,628.0,627.31,157.5175,271.6331980240081,3.3,47.0,43.7,14.225,18.922655072689984,0.5,7.0,6.5,1.5833333333333333,2.422406975624772,628.0,628.0,0.0,628.0,0.0,4.77e-08,1e-05,9.9523e-06,3.136938461538462e-06,4.575657093549677e-06,6.0,23.0,17.0,9.518518518518515,4.254586809118335,11.0,101.0,90.0,82.88888888888889,32.33314242020766,12.0107,50.9415,38.9308,19.587001448888888,9.770928746477964,54.8,3800.0,3745.2,823.8362962962963,1356.2586827717232,1.0,16.0,15.0,12.62962962962963,5.618409872237466,2.0,4.0,2.0,2.333333333333333,0.6085806194501846,0.6,1.8,1.2000000000000002,0.8629629629629629,0.4396110639157604,0.93,3.44,2.51,2.7559259259259257,0.939831581678568,90.2,4300.0,4209.8,1154.711111111111,1619.581123105906,968.0,6110.0,5142.0,2453.0,1811.6662847425096,5.29,23.78,18.49,15.84074074074074,5.607019361297928,0.02658,140.0,139.97342,43.80226962962963,62.928183267635866,1.0,5.0,4.0,2.4814814814814814,1.2283795519834817,-4.0,-1.0,3.0,-2.1111111111111107,0.9162456945817024,7.1e-06,7.1e-05,6.390000000000001e-05,3.292e-05,3.10958132230048e-05,6.3,160.0,153.7,44.38181818181818,55.73358410056019,10.0,128.0,118.0,49.33333333333333,55.62573345334173,0.69,628.0,627.31,209.7933333333333,295.7167699374221,3.3,47.0,43.7,17.866666666666667,20.600377558568084,0.5,7.0,6.5,1.8,2.6,628.0,628.0,0.0,628.0,0.0,4.77e-08,1e-05,9.9523e-06,3.698618181818182e-06,4.763680568601281e-06,22.98976928,1.8,0.93,5.13907696,1.16,0.148148148148148,0.206896551724137,0.058748403575989,0.0,0.0,0.0,0.0,0.0,0.0,0.0,0.0,3.034058029051725
Na,Na0-1CrN2,CrN2,NaCrN2,mp-aaacfsoj,7.0,24.0,17.0,12.25,6.977642868476432,11.0,100.0,89.0,67.0,36.78994427829431,14.0067,51.9961,37.9894,25.74981732,15.590757105446672,63.05,2180.0,2116.95,669.2425,881.2424562336689,1.0,15.0,14.0,9.25,6.015604707757983,2.0,4.0,2.0,2.75,0.82915619758885,0.65,1.8,1.15,1.125,0.4956056900399752,0.93,3.04,2.11,2.1675,0.9098729306886758,77.36,2944.0,2866.64,1063.68,1171.514038498899,968.0,7140.0,6172.0,4054.0,3086.0,7.23,23.78,16.55,14.5225,5.933221616457622,0.02583,140.0,139.97417,58.512915,60.7061702942726,1.0,6.0,5.0,4.25,1.920286436967152,-3.0,-1.0,2.0,-2.25,0.82915619758885,4.9e-06,7.1e-05,6.610000000000001e-05,3.795e-05,3.3050000000000004e-05,6.3,160.0,153.7,83.15,76.85000000000001,10.0,279.0,269.0,144.5,134.5,0.69,1120.0,1119.31,560.345,559.655,3.3,115.0,111.7,59.15,55.85,0.5,8.5,8.0,4.5,4.0,1060.0,1060.0,0.0,1060.0,0.0,4.77e-08,1.25e-07,7.73e-08,8.635e-08,3.865e-08,7.0,24.0,17.0,12.666666666666666,8.013876853447538,57.0,100.0,43.0,85.66666666666666,20.270394394014364,14.0067,51.9961,37.9894,26.66983333333333,17.908374902138817,63.05,2180.0,2116.95,768.6999999999999,997.9398002885746,6.0,15.0,9.0,12.0,4.242640687119285,2.0,4.0,2.0,2.6666666666666665,0.9428090415820634,0.65,1.4,0.7499999999999999,0.8999999999999999,0.3535533905932737,1.66,3.04,1.38,2.58,0.6505382386916237,77.36,2944.0,2866.64,1032.9066666666663,1351.347055480403,7140.0,7140.0,0.0,7140.0,0.0,7.23,13.54,6.309999999999999,11.436666666666666,2.9745625261914093,0.02583,94.0,93.97417,31.35055333333333,44.29984857558495,5.0,6.0,1.0,5.333333333333333,0.4714045207910317,-3.0,-2.0,1.0,-2.6666666666666665,0.4714045207910317,4.9e-06,4.9e-06,0.0,4.9e-06,0.0,160.0,160.0,0.0,160.0,0.0,279.0,279.0,0.0,279.0,0.0,1120.0,1120.0,0.0,1120.0,0.0,115.0,115.0,0.0,115.0,0.0,8.5,8.5,0.0,8.5,0.0,1060.0,1060.0,0.0,1060.0,0.0,1.25e-07,1.25e-07,0.0,1.25e-07,0.0,22.98976928,1.8,0.93,5.13907696,1.16,0.0,0.25,0.25,0.0,0.0,0.0,0.0,0.0,0.0,0.0,0.0,1.963945621551726
Na,Na0-1Cr3O8,Cr3O8,NaCr3O8,mp-aaabfbke,8.0,24.0,16.0,12.25,6.832825184358224,11.0,101.0,90.0,82.5,28.578838324886476,15.9994,51.9961,35.9967,25.58110577333333,15.368917412047429,54.8,2180.0,2125.2,612.4391666666667,909.1107414433288,1.0,16.0,15.0,12.25,5.448623679425842,2.0,4.0,2.0,2.583333333333333,0.8620067027323833,0.6,1.8,1.2000000000000002,0.8999999999999999,0.4358898943540673,0.93,3.44,2.51,2.785833333333333,0.9429603944787688,90.2,2944.0,2853.8,892.4666666666667,1219.4558659044978,968.0,7140.0,6172.0,5597.0,2672.5543960787777,7.23,23.78,16.55,15.3625,5.009882109391397,0.02658,140.0,139.97342,35.18438666666666,51.033251309527806,1.0,6.0,5.0,2.9166666666666665,1.8008485654145256,-2.0,-1.0,1.0,-1.9166666666666663,0.2763853991962833,4.9e-06,7.1e-05,6.610000000000001e-05,2.1425e-05,2.86221395950757e-05,6.3,160.0,153.7,121.575,66.55405228083411,10.0,279.0,269.0,211.75,116.480416809007,0.69,1120.0,1119.31,840.1725,484.67544735498,3.3,115.0,111.7,87.075,48.367518801360895,0.5,8.5,8.0,6.5,3.4641016151377544,1060.0,1060.0,0.0,1060.0,0.0,4.77e-08,1.25e-07,7.73e-08,1.05675e-07,3.347188185626855e-08,8.0,24.0,16.0,12.363636363636363,7.125788342641973,57.0,101.0,44.0,89.0,19.595917942265423,15.9994,51.9961,35.9967,25.816681818181817,16.031554077098768,54.8,2180.0,2125.2,634.4,946.48283661142,6.0,16.0,10.0,13.272727272727272,4.453617714151233,2.0,4.0,2.0,2.5454545454545454,0.8907235428302466,0.6,1.4,0.7999999999999999,0.8181818181818181,0.3562894171320986,1.66,3.44,1.78,2.9545454545454546,0.7927439531189194,90.2,2944.0,2853.8,868.5090909090909,1270.9734232644787,7140.0,7140.0,0.0,7140.0,0.0,7.23,17.36,10.13,14.597272727272728,4.511514744435199,0.02658,94.0,93.97342,25.65569454545454,41.852168797137374,2.0,6.0,4.0,3.090909090909091,1.7814470856604931,-2.0,-2.0,0.0,-2.0,0.0,4.9e-06,4.9e-06,0.0,4.9e-06,0.0,160.0,160.0,0.0,160.0,0.0,279.0,279.0,0.0,279.0,0.0,1120.0,1120.0,0.0,1120.0,0.0,115.0,115.0,0.0,115.0,0.0,8.5,8.5,0.0,8.5,0.0,1060.0,1060.0,0.0,1060.0,0.0,1.25e-07,1.25e-07,0.0,1.25e-07,0.0,22.98976928,1.8,0.93,5.13907696,1.16,0.0,0.083333333333333,0.083333333333333,0.0,0.0,0.0,0.0,0.0,0.0,0.0,0.0,4.718635471551725
Na,Na0-0.5CrO2,CrO2,NaCr2O4,mp-aaachhjl,8.0,24.0,16.0,13.0,7.030545599636732,11.0,101.0,90.0,75.57142857142857,32.6140072574309,15.9994,51.9961,35.9967,27.28279561142857,15.807705936313504,54.8,2180.0,2125.2,707.152857142857,937.6186076090288,1.0,16.0,15.0,11.0,5.976143046671968,2.0,4.0,2.0,2.7142857142857144,0.8806305718527109,0.6,1.8,1.2000000000000002,0.9999999999999998,0.4780914437337574,0.93,3.44,2.51,2.5728571428571425,1.0263209507154918,90.2,2944.0,2853.8,1057.8285714285714,1246.145093265382,968.0,7140.0,6172.0,5082.666666666667,2909.5087023222472,7.23,23.78,16.55,15.382857142857144,5.594468477971827,0.02658,140.0,139.97342,46.87233142857143,55.92455970978951,1.0,6.0,5.0,3.0,1.9272482233188628,-2.0,-1.0,1.0,-1.857142857142857,0.3499271061118826,4.9e-06,7.1e-05,6.610000000000001e-05,2.6933333333333332e-05,3.1159838824287195e-05,6.3,160.0,153.7,108.76666666666664,72.45487484558157,10.0,279.0,269.0,189.33333333333331,126.80781609278752,0.69,1120.0,1119.31,746.8966666666666,527.6477941666096,3.3,115.0,111.7,77.76666666666665,52.65588497235824,0.5,8.5,8.0,5.833333333333333,3.771236166328253,1060.0,1060.0,0.0,1060.0,0.0,4.77e-08,1.25e-07,7.73e-08,9.923333333333333e-08,3.6439569457146745e-08,8.0,24.0,16.0,13.333333333333332,7.542472332656507,57.0,101.0,44.0,86.33333333333333,20.741798914805397,15.9994,51.9961,35.9967,27.9983,16.96900711355853,54.8,2180.0,2125.2,763.1999999999999,1001.8288875851006,6.0,16.0,10.0,12.666666666666666,4.714045207910317,2.0,4.0,2.0,2.6666666666666665,0.9428090415820634,0.6,1.4,0.7999999999999999,0.8666666666666666,0.3771236166328253,1.66,3.44,1.78,2.8466666666666662,0.8391000470080363,90.2,2944.0,2853.8,1041.4666666666667,1345.2942214334462,7140.0,7140.0,0.0,7140.0,0.0,7.23,17.36,10.13,13.983333333333333,4.77532779561315,0.02658,94.0,93.97342,31.351053333333333,44.29949502219435,2.0,6.0,4.0,3.333333333333333,1.8856180831641267,-2.0,-2.0,0.0,-2.0,0.0,4.9e-06,4.9e-06,0.0,4.9e-06,0.0,160.0,160.0,0.0,160.0,0.0,279.0,279.0,0.0,279.0,0.0,1120.0,1120.0,0.0,1120.0,0.0,115.0,115.0,0.0,115.0,0.0,8.5,8.5,0.0,8.5,0.0,1060.0,1060.0,0.0,1060.0,0.0,1.25e-07,1.25e-07,0.0,1.25e-07,0.0,22.98976928,1.8,0.93,5.13907696,1.16,0.0,0.142857142857142,0.142857142857142,0.0,0.0,0.0,0.0,0.0,0.0,0.0,0.0,3.876070849051725
Na,Na0-1CrO2,CrO2,NaCrO2,mp-aaaborph,8.0,24.0,16.0,12.75,6.609652033201143,11.0,101.0,90.0,67.5,37.23909236273087,15.9994,51.9961,35.9967,26.74616732,14.854760535261818,54.8,2180.0,2125.2,665.1175,884.0850470507633,1.0,16.0,15.0,9.75,6.49519052838329,2.0,4.0,2.0,2.75,0.82915619758885,0.6,1.8,1.2000000000000002,1.1,0.5196152422706632,0.93,3.44,2.51,2.3675,1.103117740769316,90.2,2944.0,2853.8,1070.1,1166.1140638891206,968.0,7140.0,6172.0,4054.0,3086.0,7.23,23.78,16.55,16.4325,5.924362307455546,0.02658,140.0,139.97342,58.51329,60.70580900230307,1.0,6.0,5.0,2.75,1.920286436967152,-2.0,-1.0,1.0,-1.75,0.4330127018922193,4.9e-06,7.1e-05,6.610000000000001e-05,3.795e-05,3.3050000000000004e-05,6.3,160.0,153.7,83.15,76.85000000000001,10.0,279.0,269.0,144.5,134.5,0.69,1120.0,1119.31,560.345,559.655,3.3,115.0,111.7,59.15,55.85,0.5,8.5,8.0,4.5,4.0,1060.0,1060.0,0.0,1060.0,0.0,4.77e-08,1.25e-07,7.73e-08,8.635e-08,3.865e-08,8.0,24.0,16.0,13.333333333333332,7.542472332656507,57.0,101.0,44.0,86.33333333333333,20.741798914805397,15.9994,51.9961,35.9967,27.9983,16.96900711355853,54.8,2180.0,2125.2,763.1999999999999,1001.8288875851006,6.0,16.0,10.0,12.666666666666666,4.714045207910317,2.0,4.0,2.0,2.6666666666666665,0.9428090415820634,0.6,1.4,0.7999999999999999,0.8666666666666666,0.3771236166328253,1.66,3.44,1.78,2.8466666666666662,0.8391000470080363,90.2,2944.0,2853.8,1041.4666666666667,1345.2942214334462,7140.0,7140.0,0.0,7140.0,0.0,7.23,17.36,10.13,13.983333333333333,4.77532779561315,0.02658,94.0,93.97342,31.351053333333333,44.29949502219435,2.0,6.0,4.0,3.333333333333333,1.8856180831641267,-2.0,-2.0,0.0,-2.0,0.0,4.9e-06,4.9e-06,0.0,4.9e-06,0.0,160.0,160.0,0.0,160.0,0.0,279.0,279.0,0.0,279.0,0.0,1120.0,1120.0,0.0,1120.0,0.0,115.0,115.0,0.0,115.0,0.0,8.5,8.5,0.0,8.5,0.0,1060.0,1060.0,0.0,1060.0,0.0,1.25e-07,1.25e-07,0.0,1.25e-07,0.0,22.98976928,1.8,0.93,5.13907696,1.16,0.0,0.25,0.25,0.0,0.0,0.0,0.0,0.0,0.0,0.0,0.0,3.453020624051724
Na,Na0-1CrO3,CrO3,NaCrO3,mp-aaaddjem,8.0,24.0,16.0,11.8,6.20966987850401,11.0,101.0,90.0,74.19999999999999,35.902089075707,15.9994,51.9961,35.9967,24.596813856,13.964598443951504,54.8,2180.0,2125.2,543.054,827.5766360065998,1.0,16.0,15.0,11.0,6.324555320336759,2.0,4.0,2.0,2.6,0.8,0.6,1.8,1.2000000000000002,1.0,0.5059644256269408,0.93,3.44,2.51,2.582,1.07588847005626,90.2,2944.0,2853.8,874.1200000000001,1114.2218134644468,968.0,7140.0,6172.0,4054.0,3086.0,7.23,23.78,16.55,16.618,5.311882528821585,0.02658,140.0,139.97342,46.815948,59.12247826976755,1.0,6.0,5.0,2.6,1.743559577416269,-2.0,-1.0,1.0,-1.8,0.4,4.9e-06,7.1e-05,6.610000000000001e-05,3.795e-05,3.3050000000000004e-05,6.3,160.0,153.7,83.15,76.85000000000001,10.0,279.0,269.0,144.5,134.5,0.69,1120.0,1119.31,560.345,559.655,3.3,115.0,111.7,59.15,55.85,0.5,8.5,8.0,4.5,4.0,1060.0,1060.0,0.0,1060.0,0.0,4.77e-08,1.25e-07,7.73e-08,8.635e-08,3.865e-08,8.0,24.0,16.0,12.0,6.928203230275509,57.0,101.0,44.0,90.0,19.05255888325765,15.9994,51.9961,35.9967,24.998575,15.58702832620365,54.8,2180.0,2125.2,586.1,920.2385940613448,6.0,16.0,10.0,13.5,4.330127018922194,2.0,4.0,2.0,2.5,0.8660254037844386,0.6,1.4,0.7999999999999999,0.7999999999999999,0.3464101615137754,1.66,3.44,1.78,2.995,0.7707626093681504,90.2,2944.0,2853.8,803.65,1235.7316486600157,7140.0,7140.0,0.0,7140.0,0.0,7.23,17.36,10.13,14.8275,4.386418670168181,0.02658,94.0,93.97342,23.519935,40.69168450025232,2.0,6.0,4.0,3.0,1.7320508075688772,-2.0,-2.0,0.0,-2.0,0.0,4.9e-06,4.9e-06,0.0,4.9e-06,0.0,160.0,160.0,0.0,160.0,0.0,279.0,279.0,0.0,279.0,0.0,1120.0,1120.0,0.0,1120.0,0.0,115.0,115.0,0.0,115.0,0.0,8.5,8.5,0.0,8.5,0.0,1060.0,1060.0,0.0,1060.0,0.0,1.25e-07,1.25e-07,0.0,1.25e-07,0.0,22.98976928,1.8,0.93,5.13907696,1.16,0.0,0.2,0.2,0.0,0.0,0.0,0.0,0.0,0.0,0.0,0.0,3.939361146551721
Na,Na0-1Cr3O8,Cr3O8,NaCr3O8,mp-aaaewivk,8.0,24.0,16.0,12.25,6.832825184358224,11.0,101.0,90.0,82.5,28.578838324886476,15.9994,51.9961,35.9967,25.58110577333333,15.368917412047429,54.8,2180.0,2125.2,612.4391666666667,909.1107414433288,1.0,16.0,15.0,12.25,5.448623679425842,2.0,4.0,2.0,2.583333333333333,0.8620067027323833,0.6,1.8,1.2000000000000002,0.8999999999999999,0.4358898943540673,0.93,3.44,2.51,2.785833333333333,0.9429603944787688,90.2,2944.0,2853.8,892.4666666666667,1219.4558659044978,968.0,7140.0,6172.0,5597.0,2672.5543960787777,7.23,23.78,16.55,15.3625,5.009882109391397,0.02658,140.0,139.97342,35.18438666666666,51.033251309527806,1.0,6.0,5.0,2.9166666666666665,1.8008485654145256,-2.0,-1.0,1.0,-1.9166666666666663,0.2763853991962833,4.9e-06,7.1e-05,6.610000000000001e-05,2.1425e-05,2.86221395950757e-05,6.3,160.0,153.7,121.575,66.55405228083411,10.0,279.0,269.0,211.75,116.480416809007,0.69,1120.0,1119.31,840.1725,484.67544735498,3.3,115.0,111.7,87.075,48.367518801360895,0.5,8.5,8.0,6.5,3.4641016151377544,1060.0,1060.0,0.0,1060.0,0.0,4.77e-08,1.25e-07,7.73e-08,1.05675e-07,3.347188185626855e-08,8.0,24.0,16.0,12.363636363636363,7.125788342641973,57.0,101.0,44.0,89.0,19.595917942265423,15.9994,51.9961,35.9967,25.816681818181817,16.031554077098768,54.8,2180.0,2125.2,634.4,946.48283661142,6.0,16.0,10.0,13.272727272727272,4.453617714151233,2.0,4.0,2.0,2.5454545454545454,0.8907235428302466,0.6,1.4,0.7999999999999999,0.8181818181818181,0.3562894171320986,1.66,3.44,1.78,2.9545454545454546,0.7927439531189194,90.2,2944.0,2853.8,868.5090909090909,1270.9734232644787,7140.0,7140.0,0.0,7140.0,0.0,7.23,17.36,10.13,14.597272727272728,4.511514744435199,0.02658,94.0,93.97342,25.65569454545454,41.852168797137374,2.0,6.0,4.0,3.090909090909091,1.7814470856604931,-2.0,-2.0,0.0,-2.0,0.0,4.9e-06,4.9e-06,0.0,4.9e-06,0.0,160.0,160.0,0.0,160.0,0.0,279.0,279.0,0.0,279.0,0.0,1120.0,1120.0,0.0,1120.0,0.0,115.0,115.0,0.0,115.0,0.0,8.5,8.5,0.0,8.5,0.0,1060.0,1060.0,0.0,1060.0,0.0,1.25e-07,1.25e-07,0.0,1.25e-07,0.0,22.98976928,1.8,0.93,5.13907696,1.16,0.0,0.083333333333333,0.083333333333333,0.0,0.0,0.0,0.0,0.0,0.0,0.0,0.0,4.337746056551726
Na,Na0-0.5CrO2,CrO2,NaCr2O4,mp-aaadbsgj,8.0,24.0,16.0,13.0,7.030545599636732,11.0,101.0,90.0,75.57142857142857,32.6140072574309,15.9994,51.9961,35.9967,27.28279561142857,15.807705936313504,54.8,2180.0,2125.2,707.152857142857,937.6186076090288,1.0,16.0,15.0,11.0,5.976143046671968,2.0,4.0,2.0,2.7142857142857144,0.8806305718527109,0.6,1.8,1.2000000000000002,0.9999999999999998,0.4780914437337574,0.93,3.44,2.51,2.5728571428571425,1.0263209507154918,90.2,2944.0,2853.8,1057.8285714285714,1246.145093265382,968.0,7140.0,6172.0,5082.666666666667,2909.5087023222472,7.23,23.78,16.55,15.382857142857144,5.594468477971827,0.02658,140.0,139.97342,46.87233142857143,55.92455970978951,1.0,6.0,5.0,3.0,1.9272482233188628,-2.0,-1.0,1.0,-1.857142857142857,0.3499271061118826,4.9e-06,7.1e-05,6.610000000000001e-05,2.6933333333333332e-05,3.1159838824287195e-05,6.3,160.0,153.7,108.76666666666664,72.45487484558157,10.0,279.0,269.0,189.33333333333331,126.80781609278752,0.69,1120.0,1119.31,746.8966666666666,527.6477941666096,3.3,115.0,111.7,77.76666666666665,52.65588497235824,0.5,8.5,8.0,5.833333333333333,3.771236166328253,1060.0,1060.0,0.0,1060.0,0.0,4.77e-08,1.25e-07,7.73e-08,9.923333333333333e-08,3.6439569457146745e-08,8.0,24.0,16.0,13.333333333333332,7.542472332656507,57.0,101.0,44.0,86.33333333333333,20.741798914805397,15.9994,51.9961,35.9967,27.9983,16.96900711355853,54.8,2180.0,2125.2,763.1999999999999,1001.8288875851006,6.0,16.0,10.0,12.666666666666666,4.714045207910317,2.0,4.0,2.0,2.6666666666666665,0.9428090415820634,0.6,1.4,0.7999999999999999,0.8666666666666666,0.3771236166328253,1.66,3.44,1.78,2.8466666666666662,0.8391000470080363,90.2,2944.0,2853.8,1041.4666666666667,1345.2942214334462,7140.0,7140.0,0.0,7140.0,0.0,7.23,17.36,10.13,13.983333333333333,4.77532779561315,0.02658,94.0,93.97342,31.351053333333333,44.29949502219435,2.0,6.0,4.0,3.333333333333333,1.8856180831641267,-2.0,-2.0,0.0,-2.0,0.0,4.9e-06,4.9e-06,0.0,4.9e-06,0.0,160.0,160.0,0.0,160.0,0.0,279.0,279.0,0.0,279.0,0.0,1120.0,1120.0,0.0,1120.0,0.0,115.0,115.0,0.0,115.0,0.0,8.5,8.5,0.0,8.5,0.0,1060.0,1060.0,0.0,1060.0,0.0,1.25e-07,1.25e-07,0.0,1.25e-07,0.0,22.98976928,1.8,0.93,5.13907696,1.16,0.0,0.142857142857142,0.142857142857142,0.0,0.0,0.0,0.0,0.0,0.0,0.0,0.0,3.76590303655173
Na,Na0-0.25CrO2,CrO2,NaCr4O8,mp-aaadbizw,8.0,24.0,16.0,13.153846153846157,7.273197940660193,11.0,101.0,90.0,80.53846153846155,28.285944823466885,15.9994,51.9961,35.9967,27.61302840615385,16.35783078622464,54.8,2180.0,2125.2,733.0207692307694,968.1868880022124,1.0,16.0,15.0,11.76923076923077,5.493406483494501,2.0,4.0,2.0,2.6923076923076925,0.910166120476864,0.6,1.8,1.2000000000000002,0.9384615384615383,0.43947251867956,0.93,3.44,2.51,2.6992307692307693,0.9543460228664165,90.2,2944.0,2853.8,1050.2769230769231,1292.8771529207168,968.0,7140.0,6172.0,5905.6,2468.8,7.23,23.78,16.55,14.736923076923077,5.278673179175272,0.02658,140.0,139.97342,39.70866461538461,51.47508064774115,1.0,6.0,5.0,3.153846153846154,1.9153691689213437,-2.0,-1.0,1.0,-1.9230769230769231,0.2664693550105965,4.9e-06,7.1e-05,6.610000000000001e-05,1.8120000000000003e-05,2.6440000000000004e-05,6.3,160.0,153.7,129.26,61.48,10.0,279.0,269.0,225.2,107.6,0.69,1120.0,1119.31,896.138,447.7240000000001,3.3,115.0,111.7,92.66,44.68,0.5,8.5,8.0,6.9,3.2,1060.0,1060.0,0.0,1060.0,0.0,4.77e-08,1.25e-07,7.73e-08,1.0954e-07,3.092e-08,8.0,24.0,16.0,13.333333333333332,7.542472332656507,57.0,101.0,44.0,86.33333333333333,20.741798914805397,15.9994,51.9961,35.9967,27.9983,16.96900711355853,54.8,2180.0,2125.2,763.1999999999999,1001.8288875851006,6.0,16.0,10.0,12.666666666666666,4.714045207910317,2.0,4.0,2.0,2.6666666666666665,0.9428090415820634,0.6,1.4,0.7999999999999999,0.8666666666666666,0.3771236166328253,1.66,3.44,1.78,2.8466666666666662,0.8391000470080363,90.2,2944.0,2853.8,1041.4666666666667,1345.2942214334462,7140.0,7140.0,0.0,7140.0,0.0,7.23,17.36,10.13,13.983333333333333,4.77532779561315,0.02658,94.0,93.97342,31.351053333333333,44.29949502219435,2.0,6.0,4.0,3.333333333333333,1.8856180831641267,-2.0,-2.0,0.0,-2.0,0.0,4.9e-06,4.9e-06,0.0,4.9e-06,0.0,160.0,160.0,0.0,160.0,0.0,279.0,279.0,0.0,279.0,0.0,1120.0,1120.0,0.0,1120.0,0.0,115.0,115.0,0.0,115.0,0.0,8.5,8.5,0.0,8.5,0.0,1060.0,1060.0,0.0,1060.0,0.0,1.25e-07,1.25e-07,0.0,1.25e-07,0.0,22.98976928,1.8,0.93,5.13907696,1.16,0.0,0.076923076923076,0.076923076923076,0.0,0.0,0.0,0.0,0.0,0.0,0.0,0.0,3.597391406551725
Na,Na0-0.5CrO2,CrO2,NaCr2O4,mp-aaachozx,8.0,24.0,16.0,13.0,7.030545599636732,11.0,101.0,90.0,75.57142857142857,32.6140072574309,15.9994,51.9961,35.9967,27.28279561142857,15.807705936313504,54.8,2180.0,2125.2,707.152857142857,937.6186076090288,1.0,16.0,15.0,11.0,5.976143046671968,2.0,4.0,2.0,2.7142857142857144,0.8806305718527109,0.6,1.8,1.2000000000000002,0.9999999999999998,0.4780914437337574,0.93,3.44,2.51,2.5728571428571425,1.0263209507154918,90.2,2944.0,2853.8,1057.8285714285714,1246.145093265382,968.0,7140.0,6172.0,5082.666666666667,2909.5087023222472,7.23,23.78,16.55,15.382857142857144,5.594468477971827,0.02658,140.0,139.97342,46.87233142857143,55.92455970978951,1.0,6.0,5.0,3.0,1.9272482233188628,-2.0,-1.0,1.0,-1.857142857142857,0.3499271061118826,4.9e-06,7.1e-05,6.610000000000001e-05,2.6933333333333332e-05,3.1159838824287195e-05,6.3,160.0,153.7,108.76666666666664,72.45487484558157,10.0,279.0,269.0,189.33333333333331,126.80781609278752,0.69,1120.0,1119.31,746.8966666666666,527.6477941666096,3.3,115.0,111.7,77.76666666666665,52.65588497235824,0.5,8.5,8.0,5.833333333333333,3.771236166328253,1060.0,1060.0,0.0,1060.0,0.0,4.77e-08,1.25e-07,7.73e-08,9.923333333333333e-08,3.6439569457146745e-08,8.0,24.0,16.0,13.333333333333332,7.542472332656507,57.0,101.0,44.0,86.33333333333333,20.741798914805397,15.9994,51.9961,35.9967,27.9983,16.96900711355853,54.8,2180.0,2125.2,763.1999999999999,1001.8288875851006,6.0,16.0,10.0,12.666666666666666,4.714045207910317,2.0,4.0,2.0,2.6666666666666665,0.9428090415820634,0.6,1.4,0.7999999999999999,0.8666666666666666,0.3771236166328253,1.66,3.44,1.78,2.8466666666666662,0.8391000470080363,90.2,2944.0,2853.8,1041.4666666666667,1345.2942214334462,7140.0,7140.0,0.0,7140.0,0.0,7.23,17.36,10.13,13.983333333333333,4.77532779561315,0.02658,94.0,93.97342,31.351053333333333,44.29949502219435,2.0,6.0,4.0,3.333333333333333,1.8856180831641267,-2.0,-2.0,0.0,-2.0,0.0,4.9e-06,4.9e-06,0.0,4.9e-06,0.0,160.0,160.0,0.0,160.0,0.0,279.0,279.0,0.0,279.0,0.0,1120.0,1120.0,0.0,1120.0,0.0,115.0,115.0,0.0,115.0,0.0,8.5,8.5,0.0,8.5,0.0,1060.0,1060.0,0.0,1060.0,0.0,1.25e-07,1.25e-07,0.0,1.25e-07,0.0,22.98976928,1.8,0.93,5.13907696,1.16,0.0,0.142857142857142,0.142857142857142,0.0,0.0,0.0,0.0,0.0,0.0,0.0,0.0,7.505594701551718
Na,Na0-3.5Cr2(PO4)3,Cr2(PO4)3,Na7Cr4(PO4)6,mp-aaabcrzv,8.0,24.0,16.0,11.097560975609756,4.907957093501106,11.0,101.0,90.0,79.73170731707316,33.721979797682586,15.9994,51.9961,35.9967,22.89612090146341,10.954830162210175,54.8,2180.0,2125.2,354.5143902439024,614.7706697109284,1.0,16.0,15.0,12.317073170731708,5.895177956685235,2.0,4.0,2.0,2.512195121951219,0.6670631381062119,0.6,1.8,1.2000000000000002,0.9414634146341464,0.4637995833757937,0.93,3.44,2.51,2.654878048780488,0.9984894003888451,90.2,2944.0,2853.8,617.8731707317073,860.8093681556797,968.0,7140.0,6172.0,2722.0,2478.8483331627067,7.23,23.78,16.55,17.4180487804878,4.130605116900768,0.02658,140.0,139.97342,33.12326634146342,55.77856250359927,1.0,6.0,5.0,2.6585365853658534,1.6171301906586124,-3.0,-1.0,2.0,-1.975609756097561,0.5625640290083315,4.9e-06,7.1e-05,6.610000000000001e-05,4.696363636363637e-05,3.179712030206718e-05,6.3,160.0,153.7,44.12352941176471,64.30934914569772,10.0,279.0,269.0,107.8181818181818,129.4012913957045,0.69,1120.0,1119.31,407.7118181818182,538.4392545432195,3.3,115.0,111.7,43.91818181818182,53.73280389925724,0.5,8.5,8.0,3.409090909090909,3.848365543366677,1060.0,1060.0,0.0,1060.0,0.0,4.77e-08,1.25e-07,7.73e-08,8.43470588235294e-08,3.2067742957812055e-08,8.0,24.0,16.0,11.117647058823527,5.389339727551228,57.0,101.0,44.0,93.88235294117648,14.087467742814686,15.9994,51.9961,35.9967,22.876840352941176,12.029701514463984,54.8,2180.0,2125.2,351.1470588235294,675.046925704513,6.0,16.0,10.0,14.647058823529411,3.179736882762254,2.0,4.0,2.0,2.4117647058823533,0.6910200073218077,0.6,1.4,0.7999999999999999,0.7647058823529411,0.2764080029287231,1.66,3.44,1.78,3.01,0.6808731418510482,90.2,2944.0,2853.8,507.0823529411765,906.4524180337154,1823.0,7140.0,5317.0,3949.7999999999993,2604.787392475632,7.23,17.36,10.13,16.108235294117648,3.2443892478701595,0.02658,94.0,93.97342,11.119232941176472,30.2638794270296,2.0,6.0,4.0,3.0,1.5718104959867516,-3.0,-2.0,1.0,-2.1764705882352944,0.3812200410828153,4.9e-06,4.9e-06,0.0,4.9e-06,0.0,11.0,160.0,149.0,70.6,72.9947943349387,279.0,279.0,0.0,279.0,0.0,1120.0,1120.0,0.0,1120.0,0.0,115.0,115.0,0.0,115.0,0.0,8.5,8.5,0.0,8.5,0.0,1060.0,1060.0,0.0,1060.0,0.0,1e-07,1.25e-07,2.5e-08,1.0999999999999999e-07,1.2247448713915889e-08,22.98976928,1.8,0.93,5.13907696,1.16,0.0,0.170731707317073,0.170731707317073,0.0,0.0,0.0,0.0,0.0,0.0,0.0,0.0,3.702667313694579
Na,Na0-3Cr2(PO4)3,Cr2(PO4)3,Na3Cr2(PO4)3,mp-aaaabnjm,8.0,24.0,16.0,11.1,4.968903299521938,11.0,101.0,90.0,81.44999999999999,32.319460082123896,15.9994,51.9961,35.9967,22.893779691999995,11.09091009557871,54.8,2180.0,2125.2,354.1055,622.4023585308382,1.0,16.0,15.0,12.6,5.686826883245173,2.0,4.0,2.0,2.5,0.6708203932499369,0.6,1.8,1.2000000000000002,0.92,0.4489988864128729,0.93,3.44,2.51,2.698,0.9724535978647,90.2,2944.0,2853.8,604.4200000000001,867.2353127035361,968.0,7140.0,6172.0,2831.625,2514.842387581178,7.23,23.78,16.55,17.259,4.056018860902893,0.02658,140.0,139.97342,30.451348,53.81750814819223,1.0,6.0,5.0,2.7,1.6155494421403511,-3.0,-1.0,2.0,-2.0,0.5477225575051661,4.9e-06,7.1e-05,6.610000000000001e-05,4.456e-05,3.238225439959362e-05,6.3,160.0,153.7,46.4875,65.56806458749564,10.0,279.0,269.0,117.6,131.78254816173498,0.69,1120.0,1119.31,448.414,548.3476727989278,3.3,115.0,111.7,47.98,54.7216008537762,0.5,8.5,8.0,3.7,3.919183588453085,1060.0,1060.0,0.0,1060.0,0.0,4.77e-08,1.25e-07,7.73e-08,8.66375e-08,3.1676921311105974e-08,8.0,24.0,16.0,11.117647058823527,5.389339727551228,57.0,101.0,44.0,93.88235294117648,14.087467742814686,15.9994,51.9961,35.9967,22.876840352941176,12.029701514463984,54.8,2180.0,2125.2,351.1470588235294,675.046925704513,6.0,16.0,10.0,14.647058823529411,3.179736882762254,2.0,4.0,2.0,2.4117647058823533,0.6910200073218077,0.6,1.4,0.7999999999999999,0.7647058823529411,0.2764080029287231,1.66,3.44,1.78,3.01,0.6808731418510482,90.2,2944.0,2853.8,507.0823529411765,906.4524180337154,1823.0,7140.0,5317.0,3949.7999999999993,2604.787392475632,7.23,17.36,10.13,16.108235294117648,3.2443892478701595,0.02658,94.0,93.97342,11.119232941176472,30.2638794270296,2.0,6.0,4.0,3.0,1.5718104959867516,-3.0,-2.0,1.0,-2.1764705882352944,0.3812200410828153,4.9e-06,4.9e-06,0.0,4.9e-06,0.0,11.0,160.0,149.0,70.6,72.9947943349387,279.0,279.0,0.0,279.0,0.0,1120.0,1120.0,0.0,1120.0,0.0,115.0,115.0,0.0,115.0,0.0,8.5,8.5,0.0,8.5,0.0,1060.0,1060.0,0.0,1060.0,0.0,1e-07,1.25e-07,2.5e-08,1.0999999999999999e-07,1.2247448713915889e-08,22.98976928,1.8,0.93,5.13907696,1.16,0.0,0.15,0.15,0.0,0.0,0.0,0.0,0.0,0.0,0.0,0.0,4.291304676551717
Na,Na0-1CrP2O7,CrP2O7,NaCrP2O7,mp-aaaabndq,8.0,24.0,16.0,11.0,4.898979485566356,11.0,101.0,90.0,86.81818181818181,27.078398575644897,15.9994,51.9961,35.9967,22.629926661818185,10.910745271732468,54.8,2180.0,2125.2,324.4609090909091,599.5680809087723,1.0,16.0,15.0,13.545454545454543,4.8685192141803215,2.0,4.0,2.0,2.454545454545454,0.655554777357089,0.6,1.8,1.2000000000000002,0.8545454545454545,0.3916483496097821,0.93,3.44,2.51,2.8227272727272728,0.8739782700553405,90.2,2944.0,2853.8,530.1272727272727,829.7885876325904,968.0,7140.0,6172.0,2938.5,2450.7219854565305,7.23,23.78,16.55,16.96090909090909,3.596873527600564,0.02658,140.0,139.97342,21.332550909090912,46.15218041367088,1.0,6.0,5.0,2.8181818181818183,1.5850541612875175,-3.0,-1.0,2.0,-2.090909090909091,0.51425947722658,4.9e-06,7.1e-05,6.610000000000001e-05,3.795e-05,3.3050000000000004e-05,6.3,160.0,153.7,47.075,65.2255078554395,10.0,279.0,269.0,144.5,134.5,0.69,1120.0,1119.31,560.345,559.655,3.3,115.0,111.7,59.15,55.85,0.5,8.5,8.0,4.5,4.0,1060.0,1060.0,0.0,1060.0,0.0,4.77e-08,1.25e-07,7.73e-08,9.3175e-08,2.816898782349128e-08,8.0,24.0,16.0,11.0,5.138093031466052,57.0,101.0,44.0,94.4,13.2,15.9994,51.9961,35.9967,22.5939424,11.44266381071344,54.8,2180.0,2125.2,319.82000000000005,628.6439004714831,6.0,16.0,10.0,14.8,2.9597297173897488,2.0,4.0,2.0,2.4,0.6633249580710799,0.6,1.4,0.7999999999999999,0.76,0.265329983228432,1.66,3.44,1.78,3.012,0.6679490998571673,90.2,2944.0,2853.8,467.54,845.1716845706558,1823.0,7140.0,5317.0,3595.333333333333,2506.4578370459158,7.23,17.36,10.13,16.279,3.019312670128749,0.02658,94.0,93.97342,9.465806,28.17818572083455,2.0,6.0,4.0,3.0,1.5491933384829668,-3.0,-2.0,1.0,-2.2,0.4,4.9e-06,4.9e-06,0.0,4.9e-06,0.0,11.0,160.0,149.0,60.66666666666666,70.23927359786371,279.0,279.0,0.0,279.0,0.0,1120.0,1120.0,0.0,1120.0,0.0,115.0,115.0,0.0,115.0,0.0,8.5,8.5,0.0,8.5,0.0,1060.0,1060.0,0.0,1060.0,0.0,1e-07,1.25e-07,2.5e-08,1.0833333333333332e-07,1.1785113019775793e-08,22.98976928,1.8,0.93,5.13907696,1.16,0.0,0.09090909090909,0.09090909090909,0.0,0.0,0.0,0.0,0.0,0.0,0.0,0.0,4.622771311551705
Na,Na0-7Cr4P9O32,Cr4P9O32,Na7Cr4P9O32,mp-aaabcseg,8.0,24.0,16.0,10.846153846153848,4.613461137653492,11.0,101.0,90.0,83.59615384615385,30.941172231401552,15.9994,51.9961,35.9967,22.30110467230769,10.264008331595834,54.8,2180.0,2125.2,306.2575,556.3851851352449,1.0,16.0,15.0,13.03846153846154,5.420621375329082,2.0,4.0,2.0,2.4615384615384617,0.6343239424027171,0.6,1.8,1.2000000000000002,0.8923076923076922,0.4304944178348684,0.93,3.44,2.51,2.748846153846154,0.9405065203351328,90.2,2944.0,2853.8,532.7769230769231,787.4677562667333,968.0,7140.0,6172.0,2587.15,2307.819604626844,7.23,23.78,16.55,17.386153846153846,3.668963463896621,0.02658,140.0,139.97342,26.134126153846157,51.3339202748828,1.0,6.0,5.0,2.6923076923076925,1.5632616486847366,-3.0,-1.0,2.0,-2.0384615384615383,0.5533651757668522,4.9e-06,7.1e-05,6.610000000000001e-05,4.696363636363637e-05,3.179712030206718e-05,6.3,160.0,153.7,39.15500000000001,60.458477279865406,10.0,279.0,269.0,107.8181818181818,129.4012913957045,0.69,1120.0,1119.31,407.7118181818182,538.4392545432195,3.3,115.0,111.7,43.91818181818182,53.73280389925724,0.5,8.5,8.0,3.409090909090909,3.848365543366677,1060.0,1060.0,0.0,1060.0,0.0,4.77e-08,1.25e-07,7.73e-08,8.6695e-08,3.008867685691745e-08,8.0,24.0,16.0,10.822222222222225,4.958892747776526,57.0,101.0,44.0,94.88888888888889,12.60726813693368,15.9994,51.9961,35.9967,22.193979066666667,11.02961352977628,54.8,2180.0,2125.2,296.20666666666665,597.4684253488956,6.0,16.0,10.0,14.911111111111111,2.811264817932172,2.0,4.0,2.0,2.377777777777778,0.6425258797689316,0.6,1.4,0.7999999999999999,0.7511111111111111,0.2570103519075726,1.66,3.44,1.78,3.0317777777777777,0.6538273264704575,90.2,2944.0,2853.8,435.8311111111112,804.207037970315,1823.0,7140.0,5317.0,3459.0,2454.0,7.23,17.36,10.13,16.391555555555556,2.8647404036399027,0.02658,94.0,93.97342,8.42165688888889,26.7303116155703,2.0,6.0,4.0,2.955555555555556,1.519584088647001,-3.0,-2.0,1.0,-2.2,0.4,4.9e-06,4.9e-06,0.0,4.9e-06,0.0,11.0,160.0,149.0,56.84615384615384,68.76923076923076,279.0,279.0,0.0,279.0,0.0,1120.0,1120.0,0.0,1120.0,0.0,115.0,115.0,0.0,115.0,0.0,8.5,8.5,0.0,8.5,0.0,1060.0,1060.0,0.0,1060.0,0.0,1e-07,1.25e-07,2.5e-08,1.0769230769230769e-07,1.1538461538461536e-08,22.98976928,1.8,0.93,5.13907696,1.16,0.0,0.134615384615384,0.134615384615384,0.0,0.0,0.0,0.0,0.0,0.0,0.0,0.0,4.836489255123154
Na,Na0-1Cr2P2O9,Cr2P2O9,NaCr2P2O9,mp-aaachfxu,8.0,24.0,16.0,11.5,5.653696641515683,11.0,101.0,90.0,86.71428571428572,25.85240682751821,15.9994,51.9961,35.9967,23.780292377142857,12.652670843059571,54.8,2180.0,2125.2,418.4764285714285,727.9626756091977,1.0,16.0,15.0,13.357142857142858,4.849258306426766,2.0,4.0,2.0,2.5,0.7319250547113999,0.6,1.8,1.2000000000000002,0.8571428571428571,0.3886134431067269,0.93,3.44,2.51,2.827857142857143,0.8666782115923878,90.2,2944.0,2853.8,639.6999999999999,986.3282234052284,968.0,7140.0,6172.0,3778.8,2762.10915063109,7.23,23.78,16.55,16.322857142857142,4.0674850576096215,0.02658,140.0,139.97342,23.479372857142856,45.94576340935759,1.0,6.0,5.0,2.928571428571429,1.6675167899898216,-3.0,-1.0,2.0,-2.071428571428571,0.4573660169594892,4.9e-06,7.1e-05,6.610000000000001e-05,2.6933333333333332e-05,3.1159838824287195e-05,6.3,160.0,153.7,69.66000000000001,73.78226345132006,10.0,279.0,269.0,189.33333333333331,126.80781609278752,0.69,1120.0,1119.31,746.8966666666666,527.6477941666096,3.3,115.0,111.7,77.76666666666665,52.65588497235824,0.5,8.5,8.0,5.833333333333333,3.771236166328253,1060.0,1060.0,0.0,1060.0,0.0,4.77e-08,1.25e-07,7.73e-08,9.954e-08,2.8228467900330692e-08,8.0,24.0,16.0,11.538461538461538,5.865353089448693,57.0,101.0,44.0,92.53846153846152,15.64812785369048,15.9994,51.9961,35.9967,23.841101846153848,13.12832555502222,54.8,2180.0,2125.2,422.1384615384616,755.3182971828311,6.0,16.0,10.0,14.307692307692308,3.560134297048042,2.0,4.0,2.0,2.4615384615384617,0.7457969011409736,0.6,1.4,0.7999999999999999,0.7846153846153846,0.2983187604563895,1.66,3.44,1.78,2.973846153846154,0.7145147730780278,90.2,2944.0,2853.8,599.9846153846154,1012.7166950231926,1823.0,7140.0,5317.0,4481.5,2658.5,7.23,17.36,10.13,15.749230769230769,3.6346144892143775,0.02658,94.0,93.97342,14.516247692307694,33.89206730266633,2.0,6.0,4.0,3.076923076923077,1.6390212117432703,-3.0,-2.0,1.0,-2.1538461538461537,0.36080121229411,4.9e-06,4.9e-06,0.0,4.9e-06,0.0,11.0,160.0,149.0,85.5,74.5,279.0,279.0,0.0,279.0,0.0,1120.0,1120.0,0.0,1120.0,0.0,115.0,115.0,0.0,115.0,0.0,8.5,8.5,0.0,8.5,0.0,1060.0,1060.0,0.0,1060.0,0.0,1e-07,1.25e-07,2.5e-08,1.125e-07,1.25e-08,22.98976928,1.8,0.93,5.13907696,1.16,0.0,0.071428571428571,0.071428571428571,0.0,0.0,0.0,0.0,0.0,0.0,0.0,0.0,5.096579091551721
Na,Na0-2Ti3Cr(PO4)6,Ti3Cr(PO4)6,Na2Ti3Cr(PO4)6,mp-aaabsbpg,8.0,24.0,16.0,10.944444444444445,4.841627621440063,11.0,101.0,90.0,88.77777777777777,24.14321978793208,15.9994,51.9961,35.9967,22.539022515555555,10.86011302133126,54.8,2180.0,2125.2,332.3261111111111,601.6232123101902,1.0,16.0,15.0,13.72222222222222,4.717644840331473,2.0,4.0,2.0,2.4444444444444446,0.6849348892187751,0.6,1.8,1.2000000000000002,0.8222222222222222,0.3583225665910466,0.93,3.44,2.51,2.884444444444444,0.8310383212331574,90.2,3560.0,3469.8,594.4666666666666,1036.136127907697,968.0,7140.0,6172.0,2794.583333333333,1826.1164830651471,7.23,23.78,16.55,16.81861111111111,2.937623900722957,0.02658,140.0,139.97342,12.279275555555555,34.98422233181223,1.0,6.0,5.0,2.7222222222222223,1.346004604398413,-3.0,-1.0,2.0,-2.0277777777777777,0.5520724142875496,4.9e-06,7.1e-05,6.610000000000001e-05,2.878333333333333e-05,2.988034006202443e-05,6.3,160.0,153.7,47.383333333333326,54.59183139953775,10.0,279.0,269.0,107.83333333333331,90.03780070367975,0.69,1120.0,1119.31,544.8966666666665,410.4661350491928,3.3,115.0,111.7,42.26666666666665,37.27365766269196,0.5,8.5,8.0,4.583333333333332,3.019611821998906,970.0,1060.0,90.0,992.5,38.97114317029974,4.77e-08,4.2e-07,3.723e-07,1.7336666666666665e-07,1.439628327806251e-07,8.0,24.0,16.0,10.941176470588236,4.981974428291683,51.0,101.0,50.0,93.3529411764706,15.504994172545098,15.9994,51.9961,35.9967,22.512508,11.174397899483926,54.8,2180.0,2125.2,330.05882352941177,618.9904394955154,4.0,16.0,12.0,14.47058823529412,3.672115067062026,2.0,4.0,2.0,2.4117647058823533,0.6910200073218077,0.6,1.4,0.7999999999999999,0.7647058823529411,0.2764080029287231,1.54,3.44,1.9,2.9994117647058824,0.7023780663552115,90.2,3560.0,3469.8,561.4352941176471,1056.924992018982,1823.0,7140.0,5317.0,3159.9,1789.1070649908015,7.23,17.36,10.13,16.409117647058824,2.473647423218285,0.02658,94.0,93.97342,4.766291764705882,16.729645110313548,2.0,6.0,4.0,2.823529411764706,1.3166487815058463,-3.0,-1.0,2.0,-2.088235294117647,0.506873174694532,4.9e-06,8.6e-06,3.700000000000001e-06,7.675000000000002e-06,1.602146997001212e-06,11.0,160.0,149.0,55.6,56.31376385929109,116.0,279.0,163.0,156.75,70.58107040843176,716.0,1120.0,404.0,817.0000000000001,174.9371315644566,44.0,115.0,71.0,61.75000000000001,30.74390183434757,6.0,8.5,2.5,6.625000000000001,1.0825317547305484,970.0,1060.0,90.0,992.5,38.97114317029974,1e-07,4.2e-07,3.2e-07,1.985e-07,1.451903922441151e-07,22.98976928,1.8,0.93,5.13907696,1.16,0.0,0.055555555555555,0.055555555555555,0.0,0.0,0.0,0.0,0.0,0.0,0.0,0.0,5.008353921551734
Na,Na0-1Cr(SiO3)2,Cr(SiO3)2,NaCr(SiO3)2,mp-aaaablis,8.0,24.0,16.0,11.1,4.908156476723211,11.0,101.0,90.0,84.39999999999999,27.914870588988943,15.9994,51.9961,35.9967,22.715326928,10.88916229541287,54.8,2180.0,2125.2,625.3670000000001,817.8668565243368,1.0,16.0,15.0,13.1,4.988987873306569,2.0,4.0,2.0,2.5,0.6708203932499369,0.6,1.8,1.2000000000000002,0.9,0.4098780306383839,0.93,3.44,2.51,2.7030000000000003,0.9370170756181554,90.2,3173.0,3082.8,1098.72,1345.967676283498,968.0,7140.0,6172.0,3192.0,2346.218659886584,7.23,23.78,16.55,15.928999999999998,4.23716520801349,0.02658,150.0,149.97342,53.415948,67.00997629576611,1.0,6.0,5.0,2.7,1.417744687875783,-4.0,-1.0,3.0,-2.3,0.9,2.6e-06,7.1e-05,6.840000000000001e-05,2.0275e-05,2.930114118938032e-05,6.3,160.0,153.7,91.575,54.99037984047756,10.0,279.0,269.0,95.75,106.872295287413,0.69,1120.0,1119.31,560.345,559.655,3.3,115.0,111.7,59.15,55.85,0.5,8.5,8.0,5.5,3.0,1060.0,1060.0,0.0,1060.0,0.0,4.77e-08,0.001,0.0009999523,0.000500043175,0.0004999568257469,8.0,24.0,16.0,11.11111111111111,5.173531878587918,57.0,101.0,44.0,92.55555555555554,14.16655773378598,15.9994,51.9961,35.9967,22.68483333333333,11.477779826061989,54.8,2180.0,2125.2,653.6444444444444,857.4572682726412,6.0,16.0,10.0,14.444444444444445,3.095197394929804,2.0,4.0,2.0,2.4444444444444446,0.6849348892187751,0.6,1.4,0.7999999999999999,0.8,0.2943920288775949,1.66,3.44,1.78,2.8999999999999995,0.7664637412602547,90.2,3173.0,3082.8,1092.3555555555556,1418.6317469943515,2330.0,7140.0,4810.0,3933.333333333333,2267.4557450048624,7.23,17.36,10.13,15.056666666666665,3.5126564812909837,0.02658,150.0,149.97342,43.79549777777777,63.7474126782573,2.0,6.0,4.0,2.8888888888888884,1.3698697784375502,-4.0,-2.0,2.0,-2.4444444444444446,0.8314794192830981,2.6e-06,4.9e-06,2.3e-06,3.3666666666666665e-06,1.0842303978193726e-06,100.0,160.0,60.0,120.0,28.284271247461906,47.0,279.0,232.0,124.33333333333331,109.36584882351936,1120.0,1120.0,0.0,1120.0,0.0,115.0,115.0,0.0,115.0,0.0,6.5,8.5,2.0,7.166666666666666,0.9428090415820634,1060.0,1060.0,0.0,1060.0,0.0,1.25e-07,0.001,0.000999875,0.0006667083333333,0.0004713455952259,22.98976928,1.8,0.93,5.13907696,1.16,0.0,0.1,0.1,0.0,0.0,0.0,0.0,0.0,0.0,0.0,0.0,4.195462576551723
Na,Na0-3Cr2(PS4)3,Cr2(PS4)3,Na3Cr2(PS4)3,mp-aaabshog,11.0,24.0,13.0,15.9,3.207802986469088,11.0,94.0,83.0,77.25,29.867833868561675,22.98976928,51.9961,29.00633072,32.53313969199999,7.213758514037983,317.3,2180.0,1862.7,554.2415,542.4795207864993,1.0,16.0,15.0,12.6,5.686826883245173,3.0,4.0,1.0,3.1,0.3,1.0,1.8,0.8,1.16,0.2939387691339813,0.93,2.58,1.65,2.182,0.5978511520437172,550.0,2944.0,2394.0,981.022,677.7442273129296,968.0,7140.0,6172.0,2308.65,1646.8479369692882,7.23,23.78,16.55,16.161,4.127133266566516,0.205,140.0,139.795,30.5584,53.75702520452559,1.0,6.0,5.0,5.1,1.7578395831246945,-3.0,-1.0,2.0,-2.0,0.5477225575051661,4.9e-06,7.1e-05,6.610000000000001e-05,4.456e-05,3.238225439959362e-05,6.3,160.0,153.7,23.215,45.61514304482668,10.0,279.0,269.0,117.6,131.78254816173498,0.69,1120.0,1119.31,448.414,548.3476727989278,3.3,115.0,111.7,47.98,54.7216008537762,0.5,8.5,8.0,2.5,2.262221708591696,1060.0,1060.0,0.0,1060.0,0.0,4.77e-08,2000000000000000.0,2000000000000000.0,1200000000000000.0,979795897113271.2,15.0,24.0,9.0,16.764705882352942,2.6685402875797077,57.0,94.0,37.0,88.94117647058825,11.759704819401138,30.973762,51.9961,21.022338,34.21726388235294,6.504848049996139,317.3,2180.0,1862.7,586.6011764705883,582.4392804089726,6.0,16.0,10.0,14.647058823529411,3.179736882762254,3.0,4.0,1.0,3.117647058823529,0.3221897397089212,1.0,1.4,0.3999999999999999,1.0470588235294118,0.1288758958835684,1.66,2.58,0.9200000000000002,2.4029411764705886,0.3083306992000702,550.0,2944.0,2394.0,950.1435294117648,730.780553388685,1823.0,7140.0,5317.0,2545.2352941176478,1678.5603260431512,7.23,17.02,9.79,14.816470588235294,2.826192494123645,0.205,94.0,93.795,11.245176470588236,30.217791304491453,5.0,6.0,1.0,5.8235294117647065,0.3812200410828153,-3.0,-2.0,1.0,-2.1764705882352944,0.3812200410828153,4.9e-06,4.9e-06,0.0,4.9e-06,0.0,7.7,160.0,152.3,26.200000000000003,48.87258343657215,279.0,279.0,0.0,279.0,0.0,1120.0,1120.0,0.0,1120.0,0.0,115.0,115.0,0.0,115.0,0.0,2.0,8.5,6.5,2.9285714285714284,2.274526189727237,1060.0,1060.0,0.0,1060.0,0.0,1e-07,2000000000000000.0,2000000000000000.0,1411764705882353.0,911290199107627.6,22.98976928,1.8,0.93,5.13907696,1.16,0.0,0.15,0.15,0.0,0.0,0.0,0.0,0.0,0.0,0.0,0.0,3.119356584885057
Na,Na0-1CrS2,CrS2,NaCrS2,mp-aaabqzgp,11.0,24.0,13.0,16.75,4.656984002549289,11.0,94.0,83.0,64.0,34.12477106150311,22.98976928,51.9961,29.00633072,34.77896732,10.608323210752014,370.87,2180.0,1809.13,831.8975,778.3600924499855,1.0,16.0,15.0,9.75,6.49519052838329,3.0,4.0,1.0,3.25,0.4330127018922193,1.0,1.8,0.8,1.3,0.3316624790355399,0.93,2.58,1.65,1.9375,0.6924007149043103,717.87,2944.0,2226.13,1383.935,918.292210696029,968.0,7140.0,6172.0,3007.0,2420.311343608504,7.23,23.78,16.55,15.5175,5.851321966017594,0.205,140.0,139.795,58.6025,60.61986478251168,1.0,6.0,5.0,4.75,2.165063509461097,-2.0,-1.0,1.0,-1.75,0.4330127018922193,4.9e-06,7.1e-05,6.610000000000001e-05,3.795e-05,3.3050000000000004e-05,6.3,160.0,153.7,45.425,66.1523761855914,10.0,279.0,269.0,144.5,134.5,0.69,1120.0,1119.31,560.345,559.655,3.3,115.0,111.7,59.15,55.85,0.5,8.5,8.0,3.25,3.092329219213245,1060.0,1060.0,0.0,1060.0,0.0,4.77e-08,2000000000000000.0,2000000000000000.0,1000000000000000.0,1000000000000000.0,16.0,24.0,8.0,18.666666666666664,3.771236166328253,57.0,94.0,37.0,81.66666666666666,17.441967269268172,32.065,51.9961,19.9311,38.70869999999999,9.39561064433813,388.36,2180.0,1791.64,985.5733333333332,844.587195630044,6.0,16.0,10.0,12.666666666666666,4.714045207910317,3.0,4.0,1.0,3.333333333333333,0.4714045207910317,1.0,1.4,0.3999999999999999,1.1333333333333333,0.1885618083164126,1.66,2.58,0.9200000000000002,2.273333333333333,0.4336921591277492,717.87,2944.0,2226.13,1459.9133333333332,1049.4077458685392,1960.0,7140.0,5180.0,3686.6666666666665,2441.875417697544,7.23,15.53,8.299999999999999,12.763333333333332,3.912657522565562,0.205,94.0,93.795,31.47,44.215387027594815,6.0,6.0,0.0,6.0,0.0,-2.0,-2.0,0.0,-2.0,0.0,4.9e-06,4.9e-06,0.0,4.9e-06,0.0,7.7,160.0,152.3,58.46666666666666,71.79490851647412,279.0,279.0,0.0,279.0,0.0,1120.0,1120.0,0.0,1120.0,0.0,115.0,115.0,0.0,115.0,0.0,2.0,8.5,6.5,4.166666666666666,3.064129385141706,1060.0,1060.0,0.0,1060.0,0.0,1.25e-07,2000000000000000.0,2000000000000000.0,1333333333333333.2,942809041582063.4,22.98976928,1.8,0.93,5.13907696,1.16,0.0,0.25,0.25,0.0,0.0,0.0,0.0,0.0,0.0,0.0,0.0,2.159152006551721
Na,Na0-0.5CrS2,CrS2,Na(CrS2)2,mp-aaadecog,11.0,24.0,13.0,17.57142857142857,4.403152859263555,11.0,94.0,83.0,71.57142857142857,29.53379247504769,22.98976928,51.9961,29.00633072,36.46313846857143,10.291827223024637,370.87,2180.0,1809.13,897.7585714285713,810.9822393057617,1.0,16.0,15.0,11.0,5.976143046671968,3.0,4.0,1.0,3.2857142857142856,0.4517539514526256,1.0,1.8,0.8,1.2285714285714284,0.2913725436338734,0.93,2.58,1.65,2.0814285714285714,0.6182100561050328,717.87,2944.0,2226.13,1416.4971428571428,977.365866393868,968.0,7140.0,6172.0,3298.285714285714,2452.7478301626006,7.23,23.78,16.55,14.337142857142856,5.28991146100822,0.205,140.0,139.795,46.97428571428571,55.83916120868754,1.0,6.0,5.0,5.285714285714286,1.749635530559413,-2.0,-1.0,1.0,-1.857142857142857,0.3499271061118826,4.9e-06,7.1e-05,6.610000000000001e-05,2.6933333333333332e-05,3.1159838824287195e-05,6.3,160.0,153.7,51.014285714285705,68.93024276286091,10.0,279.0,269.0,189.33333333333331,126.80781609278752,0.69,1120.0,1119.31,746.8966666666666,527.6477941666096,3.3,115.0,111.7,77.76666666666665,52.65588497235824,0.5,8.5,8.0,3.642857142857143,3.113499245386196,1060.0,1060.0,0.0,1060.0,0.0,4.77e-08,2000000000000000.0,2000000000000000.0,1142857142857142.8,989743318610787.0,16.0,24.0,8.0,18.666666666666664,3.771236166328253,57.0,94.0,37.0,81.66666666666666,17.441967269268172,32.065,51.9961,19.9311,38.70869999999999,9.39561064433813,388.36,2180.0,1791.64,985.5733333333332,844.587195630044,6.0,16.0,10.0,12.666666666666666,4.714045207910317,3.0,4.0,1.0,3.333333333333333,0.4714045207910317,1.0,1.4,0.3999999999999999,1.1333333333333333,0.1885618083164126,1.66,2.58,0.9200000000000002,2.273333333333333,0.4336921591277492,717.87,2944.0,2226.13,1459.9133333333332,1049.4077458685392,1960.0,7140.0,5180.0,3686.6666666666665,2441.875417697544,7.23,15.53,8.299999999999999,12.763333333333332,3.912657522565562,0.205,94.0,93.795,31.47,44.215387027594815,6.0,6.0,0.0,6.0,0.0,-2.0,-2.0,0.0,-2.0,0.0,4.9e-06,4.9e-06,0.0,4.9e-06,0.0,7.7,160.0,152.3,58.46666666666666,71.79490851647412,279.0,279.0,0.0,279.0,0.0,1120.0,1120.0,0.0,1120.0,0.0,115.0,115.0,0.0,115.0,0.0,2.0,8.5,6.5,4.166666666666666,3.064129385141706,1060.0,1060.0,0.0,1060.0,0.0,1.25e-07,2000000000000000.0,2000000000000000.0,1333333333333333.2,942809041582063.4,22.98976928,1.8,0.93,5.13907696,1.16,0.0,0.142857142857142,0.142857142857142,0.0,0.0,0.0,0.0,0.0,0.0,0.0,0.0,1.800957676551722
Na,Na0.67-1CrSe2,Na2(CrSe2)3,NaCrSe2,mp-aaacrmwe,11.0,34.0,23.0,25.75,9.443913383762052,11.0,93.0,82.0,63.5,33.68605052540295,22.98976928,78.96,55.97023071999999,58.22646732,23.131153886531035,370.87,2180.0,1809.13,884.7175,749.5192355228451,1.0,16.0,15.0,9.75,6.49519052838329,3.0,4.0,1.0,3.75,0.4330127018922193,1.15,1.8,0.6500000000000001,1.375,0.2657536453183662,0.93,2.55,1.6199999999999997,1.9225,0.6785047899609846,958.0,2944.0,1986.0,1504.0,835.3047348123916,968.0,7140.0,6172.0,4436.5,2215.401600161921,7.23,23.78,16.55,15.962500000000002,5.869166784987457,0.52,140.0,139.48,58.76,60.46815360171005,1.0,6.0,5.0,4.75,2.165063509461097,-2.0,-1.0,1.0,-1.75,0.4330127018922193,4.9e-06,7.1e-05,6.610000000000001e-05,3.795e-05,3.3050000000000004e-05,6.3,160.0,153.7,45.725,65.98175410672256,10.0,279.0,269.0,77.25,116.480416809007,0.69,1120.0,1119.31,648.1725,405.3646867559506,3.3,115.0,111.7,31.425,48.2523250735133,0.5,8.5,8.0,3.25,3.092329219213245,1060.0,1060.0,0.0,1060.0,0.0,4.77e-08,1.25e-07,7.73e-08,8.635e-08,3.865e-08,11.0,34.0,23.0,27.090909090909086,8.701666981932991,11.0,93.0,82.0,68.27272727272728,31.057398208334742,22.98976928,78.96,55.97023071999999,61.42980350545454,21.46054197997921,370.87,2180.0,1809.13,931.4309090909092,765.9400754682213,1.0,16.0,15.0,10.545454545454543,6.199173498629934,3.0,4.0,1.0,3.818181818181818,0.385694607919935,1.15,1.8,0.6500000000000001,1.3363636363636362,0.2431711977290047,0.93,2.55,1.6199999999999997,2.0127272727272723,0.6360258843945226,958.0,2944.0,1986.0,1535.6363636363635,865.5368562844546,968.0,7140.0,6172.0,4751.818181818182,2039.872492369061,7.23,23.78,16.55,15.251818181818184,5.614076169742393,0.52,140.0,139.48,51.374545454545455,57.74303521380288,1.0,6.0,5.0,5.090909090909091,1.9284730395996752,-2.0,-1.0,1.0,-1.818181818181818,0.385694607919935,4.9e-06,7.1e-05,6.610000000000001e-05,3.134e-05,3.238225439959362e-05,6.3,160.0,153.7,49.30909090909091,67.78808496196008,10.0,279.0,269.0,83.36363636363635,119.80231651066816,0.69,1120.0,1119.31,707.0345454545454,371.0550827857732,3.3,115.0,111.7,33.98181818181818,49.61352121754015,0.5,8.5,8.0,3.5,3.1115620163863325,1060.0,1060.0,0.0,1060.0,0.0,4.77e-08,1.25e-07,7.73e-08,9.408e-08,3.786911142342793e-08,22.98976928,1.8,0.93,5.13907696,1.16,0.181818181818181,0.25,0.068181818181819,0.0,0.0,0.0,0.0,0.0,0.0,0.0,0.0,1.776473426551717
Na,Na0-1Cs2MnF6,Cs2MnF6,Cs2NaMnF6,mp-aaabftie,9.0,55.0,46.0,20.0,18.11629101113139,8.0,102.0,94.0,69.89999999999999,41.72876705583332,18.9984032,132.9054519,113.9070487,45.772913728000006,44.82016979312483,53.53,1519.0,1465.47,281.423,430.3512901351639,1.0,17.0,16.0,11.2,7.291090453423274,2.0,6.0,4.0,3.1000000000000005,1.57797338380595,0.5,2.6,2.1,1.14,0.8499411744350311,0.79,3.98,3.19,2.794,1.4660709396205902,85.03,2334.0,2248.97,588.8180000000001,717.1107469673008,968.0,7470.0,6502.0,3049.0,2579.418636049604,7.35,70.94,63.59,24.021,23.805532319190007,0.0277,140.0,139.9723,21.99662,41.730482491214985,-1.0,7.0,8.0,0.4,2.374868417407584,-3.0,1.0,4.0,-0.8,1.077032961426901,2.17e-05,7.1e-05,4.9300000000000006e-05,4.635e-05,2.4650000000000003e-05,1.6,120.0,118.4,32.375,50.62669132977189,1.7,198.0,196.3,52.85,83.87086800552383,0.14,196.0,195.86,49.2425,84.73077964205216,3.3,3.3,0.0,3.3,0.0,0.2,6.0,5.8,1.725,2.4712092181763974,628.0,970.0,0.0,706.0,0.0,4.77e-08,1.44e-06,1.3923e-06,4.74425e-07,5.611615113984565e-07,9.0,55.0,46.0,21.0,18.832595855767376,8.0,102.0,94.0,76.44444444444444,38.81325979356113,18.9984032,132.9054519,113.9070487,48.304374222222215,46.56146463642642,53.53,1519.0,1465.47,271.4844444444444,452.5400644537481,1.0,17.0,16.0,12.333333333333332,6.79869268479038,2.0,6.0,4.0,3.1111111111111107,1.6629588385661962,0.5,2.6,2.1,1.0666666666666669,0.8653836657164778,0.79,3.98,3.19,3.0011111111111117,1.399725722691925,85.03,2334.0,2248.97,525.7977777777778,729.1577239341565,1879.0,7470.0,5591.0,3742.6666666666665,2635.622675742658,7.35,70.94,63.59,24.04777777777777,25.09309146968888,0.0277,36.0,35.9723,8.885133333333334,14.690640461721046,-1.0,7.0,8.0,0.3333333333333332,2.4944382578492945,-3.0,1.0,4.0,-0.7777777777777777,1.133115447465063,2.17e-05,2.17e-05,0.0,2.17e-05,0.0,1.6,120.0,118.4,41.06666666666667,55.81429526165815,1.7,198.0,196.3,67.13333333333334,92.53670743127952,0.14,196.0,195.86,65.42666666666666,92.32928944213144,26.0,75.0,0.0,47.0,0.0,0.2,6.0,5.8,2.1333333333333333,2.734146220587984,628.0,970.0,0.0,716.75,0.0,2.05e-07,1.44e-06,1.235e-06,6.166666666666666e-07,5.821845831769241e-07,22.98976928,1.8,0.93,5.13907696,1.16,0.0,0.1,0.1,0.0,0.0,0.0,0.0,0.0,0.0,0.0,0.0,3.040560616551719
Na,Na0-1Cs2NiF6,Cs2NiF6,Cs2NaNiF6,mp-aaabngpp,9.0,55.0,46.0,20.3,18.22114156687226,8.0,102.0,94.0,70.6,41.61538177164785,18.9984032,132.9054519,113.9070487,46.148449228,44.91102901070042,53.53,1728.0,1674.47,302.32300000000004,490.77921871346587,1.0,17.0,16.0,11.5,7.172865536171719,2.0,6.0,4.0,3.1000000000000005,1.57797338380595,0.5,2.6,2.1,1.135,0.8485428686872574,0.79,3.98,3.19,2.83,1.439256752633108,85.03,3186.0,3100.97,674.018,936.4604616405328,968.0,8908.0,7940.0,3408.5,3196.845359100124,6.59,70.94,64.35,23.945,23.859785099618986,0.0277,140.0,139.9723,30.31662,46.132450749441006,-1.0,4.0,5.0,0.1,1.57797338380595,-1.0,1.0,2.0,-0.6,0.8,1.34e-05,7.1e-05,5.76e-05,4.22e-05,2.88e-05,1.6,180.0,178.4,47.375,76.59511652187756,1.7,200.0,198.3,53.35,84.73619356567771,0.14,700.0,699.86,175.2425,302.9689670886277,3.3,76.0,72.7,39.65,36.35,0.2,4.0,3.8,1.225,1.6068213964221414,638.0,638.0,0.0,638.0,0.0,4.77e-08,2.05e-07,1.573e-07,1.3175e-07,7.364701283826793e-08,9.0,55.0,46.0,21.33333333333333,18.92675942210452,8.0,102.0,94.0,77.22222222222223,38.54514749046536,18.9984032,132.9054519,113.9070487,48.72163588888888,46.63581028058428,53.53,1728.0,1674.47,294.70666666666665,516.7657590135872,1.0,17.0,16.0,12.666666666666666,6.599663291074443,2.0,6.0,4.0,3.1111111111111107,1.6629588385661962,0.5,2.6,2.1,1.0611111111111111,0.8633840968916627,0.79,3.98,3.19,3.0411111111111118,1.3623300664216962,85.03,3186.0,3100.97,620.4644444444446,972.480417627592,1879.0,8908.0,7029.0,4222.0,3313.502376640162,6.59,70.94,64.35,23.96333333333333,25.1503549787186,0.0277,91.0,90.9723,18.129577777777776,29.65518558763853,-1.0,4.0,5.0,0.0,1.632993161855452,-1.0,1.0,2.0,-0.5555555555555556,0.8314794192830981,1.34e-05,1.34e-05,0.0,1.34e-05,0.0,1.6,180.0,178.4,61.06666666666667,84.09856650912005,1.7,200.0,198.3,67.8,93.47951647286158,0.14,700.0,699.86,233.42666666666665,329.91716792081144,76.0,76.0,0.0,76.0,0.0,0.2,4.0,3.8,1.4666666666666666,1.7913371790059205,638.0,638.0,0.0,638.0,0.0,6.93e-08,2.05e-07,1.357e-07,1.5976666666666666e-07,6.3969593471343e-08,22.98976928,1.8,0.93,5.13907696,1.16,0.0,0.1,0.1,0.0,0.0,0.0,0.0,0.0,0.0,0.0,0.0,4.227831216551717
Na,Na0-2CuMoF6,CuMoF6,Na2CuMoF6,mp-aaaabdjv,9.0,42.0,33.0,14.7,10.82635672791175,11.0,102.0,91.0,76.19999999999999,35.94662710185755,18.9984032,95.94,76.9415968,31.945595776,25.02011540572504,53.53,2896.0,2842.47,531.6690000000001,877.2638141682353,1.0,17.0,16.0,12.1,6.549045732013177,2.0,5.0,3.0,2.7,1.004987562112089,0.5,1.8,1.3,0.94,0.5539855593785816,0.93,3.98,3.05,2.98,1.2745116711901856,85.03,4912.0,4826.97,1093.418,1585.1866570899467,968.0,10280.0,9312.0,5284.0,4342.701463375073,7.11,23.78,16.67,13.125,5.472632364776572,0.0277,400.0,399.9723,81.91662000000001,123.05189079469524,-1.0,6.0,7.0,0.6000000000000002,2.374868417407584,-2.0,1.0,3.0,-0.9,0.7,4.8e-06,7.1e-05,6.620000000000001e-05,4.0825e-05,3.0457213841715728e-05,6.3,230.0,223.7,95.65,94.84683705849132,10.0,329.0,319.0,119.75,130.36559170271886,0.69,1500.0,1499.31,593.845,633.1013773677956,3.3,48.0,44.7,18.65,18.265336022093877,0.5,5.5,5.0,2.375,2.072890493972125,369.0,1530.0,1161.0,949.5,580.5,1.678e-08,5.34e-08,3.6620000000000006e-08,4.1395e-08,1.4400731752240926e-08,9.0,42.0,33.0,15.625,11.926205389812806,56.0,102.0,46.0,92.5,16.9336942218761,18.9984032,95.94,76.9415968,34.1845524,27.521683902406515,53.53,2896.0,2842.47,571.8687500000001,976.6829833988804,6.0,17.0,11.0,14.875,3.887077951366553,2.0,5.0,3.0,2.625,1.1110243021644486,0.5,1.45,0.95,0.725,0.3905124837953327,1.9,3.98,2.08,3.4925,0.8468729243516999,85.03,4912.0,4826.97,1077.7725,1771.9472379048848,8920.0,10280.0,1360.0,9600.0,680.0,7.11,11.2,4.089999999999999,10.46125,1.3997538846168631,0.0277,400.0,399.9723,67.395775,133.68969701370736,-1.0,6.0,7.0,0.5,2.6457513110645907,-2.0,1.0,3.0,-0.875,0.7806247497997998,4.8e-06,1.65e-05,1.17e-05,1.065e-05,5.850000000000001e-06,140.0,230.0,90.0,185.0,45.0,130.0,329.0,199.0,229.5,99.5,874.0,1500.0,626.0,1187.0,313.0,20.0,48.0,28.0,34.0,14.0,3.0,5.5,2.5,4.25,1.25,369.0,1530.0,1161.0,949.5,580.5,1.678e-08,5.34e-08,3.6620000000000006e-08,3.509e-08,1.8310000000000003e-08,22.98976928,1.8,0.93,5.13907696,1.16,0.0,0.2,0.2,0.0,0.0,0.0,0.0,0.0,0.0,0.0,0.0,2.397595106551723
Na,Na0-1Rb2CuF6,Rb2CuF6,Rb2NaCuF6,mp-aaacqqrm,9.0,37.0,28.0,16.8,11.677328461596,9.0,102.0,93.0,71.3,41.29661003036448,18.9984032,85.4678,66.4693968,37.146178848,27.46518377155017,53.53,1357.77,1304.24,267.47400000000005,384.46271492044576,1.0,17.0,16.0,11.6,7.158212067269313,2.0,5.0,3.0,2.9000000000000004,1.2206555615733703,0.5,2.35,1.85,1.085,0.7638880808076535,0.82,3.98,3.16,2.835,1.4314276090672555,85.03,3200.0,3114.97,678.818,941.2130382734824,968.0,8920.0,7952.0,3238.0,3288.574767281413,7.11,55.76,48.65,20.961,17.870088108344625,0.0277,400.0,399.9723,65.61662,119.69653144577585,-1.0,4.0,5.0,0.1,1.57797338380595,-1.0,1.0,2.0,-0.3999999999999999,0.916515138991168,1.65e-05,7.1e-05,5.45e-05,4.3750000000000006e-05,2.725e-05,2.5,140.0,137.5,37.825,59.01115890236355,2.4,130.0,127.6,36.2,54.244262369397184,0.216,874.0,873.784,218.7805,378.2912041969123,3.3,48.0,44.7,25.65,22.35,0.3,3.0,2.7,1.025,1.1431863365173676,369.0,369.0,0.0,369.0,0.0,1.678e-08,1.28e-07,1.1122000000000001e-07,8.012e-08,4.911211866739208e-08,9.0,37.0,28.0,17.444444444444443,12.139111363331256,9.0,102.0,93.0,78.0,38.02630668366309,18.9984032,85.4678,66.4693968,38.71911324444444,28.52034782523913,53.53,1357.77,1304.24,255.98555555555555,403.6276060956053,1.0,17.0,16.0,12.777777777777777,6.562143582325955,2.0,5.0,3.0,2.888888888888889,1.286204100310025,0.5,2.35,1.85,1.0055555555555555,0.7650143224673946,0.82,3.98,3.16,3.046666666666667,1.352265588640864,85.03,3200.0,3114.97,625.7977777777778,977.8557538112298,1532.0,8920.0,7388.0,3994.666666666666,3482.736599604142,7.11,55.76,48.65,20.647777777777776,18.81066705520377,0.0277,400.0,399.9723,57.3518,123.43461784126848,-1.0,4.0,5.0,0.0,1.632993161855452,-1.0,1.0,2.0,-0.3333333333333333,0.9428090415820634,1.65e-05,1.65e-05,0.0,1.65e-05,0.0,2.5,140.0,137.5,48.33333333333333,64.81812160876686,2.4,130.0,127.6,44.93333333333333,60.15121685293564,0.216,874.0,873.784,291.4773333333333,411.9057277948708,48.0,48.0,0.0,48.0,0.0,0.3,3.0,2.7,1.2,1.2727922061357857,369.0,369.0,0.0,369.0,0.0,1.678e-08,1.28e-07,1.1122000000000001e-07,9.092666666666666e-08,5.2429610802378557e-08,22.98976928,1.8,0.93,5.13907696,1.16,0.0,0.1,0.1,0.0,0.0,0.0,0.0,0.0,0.0,0.0,0.0,5.269202846551725
Na,Na0-1V3Fe2CuO12,V3Fe2CuO12,NaV3Fe2CuO12,mp-aaabrzqe,8.0,29.0,21.0,13.526315789473683,7.923106920185923,11.0,101.0,90.0,83.10526315789473,25.83733475101507,15.9994,63.546,47.5466,28.581214172631576,17.976593349427212,54.8,2183.0,2128.2,660.9073684210525,875.8111117781775,1.0,16.0,15.0,12.36842105263158,5.080515165712082,2.0,4.0,2.0,2.6842105263157894,0.9206766149755736,0.6,1.8,1.2000000000000002,0.9052631578947368,0.4103575901583325,0.93,3.44,2.51,2.771578947368421,0.894287503269589,90.2,3680.0,3589.8,1197.178947368421,1534.061847232938,968.0,8920.0,7952.0,6280.857142857143,2401.0506883785824,7.09,23.78,16.69,14.65,4.935646920750692,0.02658,400.0,399.97342,41.7536294736842,92.3833724409403,1.0,6.0,5.0,2.9473684210526314,1.5719141603229556,-2.0,1.0,3.0,-1.631578947368421,0.7405919620773836,8.4e-06,7.1e-05,6.26e-05,1.947142857142857e-05,2.1211365840424483e-05,6.3,170.0,163.7,138.04285714285714,54.57482038823547,10.0,211.0,201.0,135.14285714285714,62.505836462179545,0.69,874.0,873.31,534.0985714285714,247.96298343725024,3.3,82.0,78.7,50.9,24.65249914888376,0.5,7.0,6.5,4.642857142857143,2.3101373755423182,369.0,628.0,259.0,578.1666666666666,93.96881870540297,1.678e-08,1.97e-07,1.8022e-07,1.2109714285714284e-07,7.051104507487475e-08,8.0,29.0,21.0,13.666666666666664,8.117197107923946,54.0,101.0,47.0,87.11111111111111,19.994134942496647,15.9994,63.546,47.5466,28.89185,18.419493148812933,54.8,2183.0,2128.2,677.0205555555555,897.0650250583983,5.0,16.0,11.0,13.0,4.43471156521669,2.0,4.0,2.0,2.666666666666667,0.9428090415820634,0.6,1.4,0.7999999999999999,0.8555555555555555,0.3616662399724399,1.63,3.44,1.81,2.8738888888888887,0.8033066308763277,90.2,3680.0,3589.8,1199.4666666666667,1576.0671756693057,6110.0,8920.0,2810.0,7166.333333333332,1112.3886710837878,7.09,17.36,10.27,14.142777777777775,4.563525447082863,0.02658,400.0,399.97342,36.295497777777776,91.88473202185222,2.0,6.0,4.0,3.055555555555556,1.5446043082730936,-2.0,1.0,3.0,-1.6666666666666663,0.7453559924999299,8.4e-06,1.65e-05,8.100000000000002e-06,1.0883333333333331e-05,2.9362201703702144e-06,140.0,170.0,30.0,159.99999999999994,9.999999999999998,128.0,211.0,83.0,155.99999999999997,38.897300677553446,490.0,874.0,384.0,622.9999999999999,128.09761902549164,47.0,82.0,35.0,58.83333333333333,16.385121977642466,3.0,7.0,4.0,5.333333333333332,1.6996731711975948,369.0,628.0,259.0,578.1666666666665,93.96881870540297,1.678e-08,1.97e-07,1.8022e-07,1.3333e-07,6.894158759413652e-08,22.98976928,1.8,0.93,5.13907696,1.16,0.0,0.052631578947368,0.052631578947368,0.0,0.0,0.0,0.0,0.0,0.0,0.0,0.0,4.168594101551722
Na,Na0-1FeCuS2,FeCuS2,NaFeCuS2,mp-aaabqwfr,11.0,29.0,18.0,19.6,6.770524351924302,11.0,94.0,83.0,66.4,30.506392772663244,22.98976928,63.546,40.55623072,41.302153856,15.570976313797113,370.87,1811.0,1440.13,863.2720000000002,606.0130657139333,1.0,16.0,15.0,10.4,5.607138307550475,3.0,4.0,1.0,3.4000000000000004,0.4898979485566356,1.0,1.8,0.8,1.31,0.2973213749463701,0.93,2.58,1.65,1.964,0.6082959805883974,717.87,3200.0,2482.13,1785.148,1139.7543388186773,968.0,8920.0,7952.0,4336.4,3351.557106778878,7.09,23.78,16.69,13.808,6.250857221213743,0.205,400.0,399.795,124.082,147.66067210330584,1.0,6.0,5.0,4.6000000000000005,1.9595917942265424,-2.0,1.0,3.0,-1.2000000000000002,1.16619037896906,1.18e-05,7.1e-05,5.92e-05,3.31e-05,2.6867948687361052e-05,6.3,170.0,163.7,66.34,73.01135802051624,10.0,211.0,201.0,117.0,82.57118141337206,0.69,874.0,873.31,454.89666666666665,357.3903300625553,3.3,82.0,78.7,44.43333333333334,32.22797266695847,0.5,4.0,3.5,2.3,1.1661903789690602,369.0,608.0,239.0,488.5,119.5,1.678e-08,2000000000000000.0,2000000000000000.0,800000000000000.0,979795897113271.2,16.0,29.0,13.0,21.75,5.84700778176325,61.0,94.0,33.0,80.25,14.289419162443238,32.065,63.546,31.481,45.88025,14.080991005163664,388.36,1811.0,1422.64,986.3725,619.1091416452756,8.0,16.0,8.0,12.75,3.418698582794336,3.0,4.0,1.0,3.5,0.5,1.0,1.4,0.3999999999999999,1.1875,0.188331489666492,1.83,2.58,0.75,2.2225,0.3583556194620088,717.87,3200.0,2482.13,1942.435,1224.7873036674573,1960.0,8920.0,6960.0,5178.5,3239.676951487602,7.09,15.53,8.44,11.315,4.215005931193929,0.205,400.0,399.795,120.1025,164.84966031584656,4.0,6.0,2.0,5.5,0.8660254037844386,-2.0,1.0,3.0,-1.25,1.299038105676658,1.18e-05,1.65e-05,4.700000000000001e-06,1.4150000000000002e-05,2.3500000000000004e-06,7.7,170.0,162.3,81.35,74.40982797991137,130.0,211.0,81.0,170.5,40.5,490.0,874.0,384.0,682.0,192.0,48.0,82.0,34.0,65.0,17.0,2.0,4.0,2.0,2.75,0.82915619758885,369.0,608.0,239.0,488.5,119.5,1.678e-08,2000000000000000.0,2000000000000000.0,1000000000000000.0,1000000000000000.0,22.98976928,1.8,0.93,5.13907696,1.16,0.0,0.2,0.2,0.0,0.0,0.0,0.0,0.0,0.0,0.0,0.0,1.727397416551724
Na,Na0-1Ti3Nb(CuO4)3,Ti3Nb(CuO4)3,NaTi3Nb(CuO4)3,mp-aaabrbxd,8.0,41.0,33.0,15.05,10.037305415299466,11.0,101.0,90.0,82.25,25.88025308995258,15.9994,92.90638,76.90698,32.106397464,23.02554102865459,54.8,2750.0,2695.2,683.7389999999999,872.3291165947631,1.0,16.0,15.0,12.15,5.27517772212463,2.0,5.0,3.0,2.8,1.0295630140987,0.6,1.8,1.2000000000000002,0.935,0.4198511641046146,0.93,3.44,2.51,2.7065,0.9184240578294972,90.2,5017.0,4926.8,1376.77,1694.625988559127,968.0,8920.0,7952.0,6227.375,2823.532270822312,7.11,23.78,16.67,14.809,4.496487406854376,0.02658,400.0,399.97342,73.015948,140.9506004299348,1.0,5.0,4.0,2.7,1.1,-2.0,1.0,3.0,-1.3,1.0535653752852738,7.3e-06,7.1e-05,6.37e-05,1.92e-05,1.994931076503647e-05,6.3,170.0,163.7,115.7875,45.80628880132072,10.0,130.0,120.0,106.625,37.48645588742686,0.69,874.0,873.31,688.3362499999998,269.4527165356429,3.3,48.0,44.7,39.6625,14.097777972077727,0.5,6.0,5.5,4.187499999999999,1.9675095298371488,369.0,1320.0,951.0,762.4285714285716,359.4642271662716,1.678e-08,4.2e-07,4.0322e-07,1.8875500000000002e-07,1.8384653756598194e-07,8.0,41.0,33.0,15.26315789473684,10.253841925747984,51.0,101.0,50.0,86.0,20.586147616399977,15.9994,92.90638,76.90698,32.58622,23.526047736772195,54.8,2750.0,2695.2,700.2057894736841,891.9559463414381,4.0,16.0,12.0,12.736842105263158,4.733332032824656,2.0,5.0,3.0,2.789473684210526,1.0552598766191277,0.6,1.45,0.85,0.8894736842105262,0.3796046930580413,1.54,3.44,1.9,2.8,0.8444244380517106,90.2,5017.0,4926.8,1388.3894736842103,1737.8728709772388,4507.0,8920.0,4413.0,6978.714285714285,2143.630946000981,7.11,17.36,10.25,14.336842105263155,4.101690348126167,0.02658,400.0,399.97342,69.49047157894736,143.75022586946676,2.0,5.0,3.0,2.789473684210526,1.0552598766191277,-2.0,1.0,3.0,-1.3157894736842104,1.0786263964168,7.3e-06,1.65e-05,9.2e-06,1.18e-05,4.0925018544371405e-06,110.0,170.0,60.0,131.42857142857142,20.995626366712955,105.0,130.0,25.0,120.42857142857142,9.03733751653412,716.0,874.0,158.0,786.5714285714286,75.99785174192594,38.0,48.0,10.0,44.85714285714285,3.356382892705923,3.0,6.0,3.0,4.7142857142857135,1.4846149779161804,369.0,1320.0,951.0,762.4285714285713,359.46422716627154,1.678e-08,4.2e-07,4.0322e-07,2.089057142857143e-07,1.880947796691219e-07,22.98976928,1.8,0.93,5.13907696,1.16,0.0,0.05,0.05,0.0,0.0,0.0,0.0,0.0,0.0,0.0,0.0,3.337308996551716
Na,Na5-7Cu7O13,Na5Cu7O13,Na7Cu7O13,mp-aaabqvho,8.0,29.0,21.0,14.22222222222222,8.828964677919524,11.0,101.0,90.0,70.14814814814814,36.96214650623557,15.9994,63.546,47.5466,30.13861425777777,19.971314413870395,54.8,1357.77,1302.97,474.5511111111111,538.3878743635747,1.0,16.0,15.0,10.814814814814811,6.158625610487366,2.0,4.0,2.0,2.7777777777777777,0.8314794192830981,0.6,1.8,1.2000000000000002,1.1055555555555556,0.5134006689843521,0.93,3.44,2.51,2.39,1.0703824169513054,90.2,3200.0,3109.8,1172.7629629629628,1276.6427384320252,968.0,8920.0,7952.0,4944.0,3976.0,7.11,23.78,16.67,16.367037037037036,6.077679146964166,0.02658,400.0,399.97342,140.0127977777778,164.19311727830436,1.0,4.0,3.0,2.259259259259259,1.108639225710797,-2.0,1.0,3.0,-0.9629629629629628,1.2317251220974732,1.65e-05,7.1e-05,5.45e-05,4.3750000000000006e-05,2.725e-05,6.3,140.0,133.7,73.15,66.85000000000001,10.0,130.0,120.0,70.0,60.0,0.69,874.0,873.31,437.345,436.655,3.3,48.0,44.7,25.65,22.35,0.5,3.0,2.5,1.75,1.25,369.0,369.0,0.0,369.0,0.0,1.678e-08,4.77e-08,3.092e-08,3.224e-08,1.5459999999999997e-08,8.0,29.0,21.0,14.48,9.126313604079142,11.0,101.0,90.0,74.88000000000001,34.252380939140565,15.9994,63.546,47.5466,30.710521856,20.648150384692396,54.8,1357.77,1302.97,482.8456,558.6784792281155,1.0,16.0,15.0,11.6,5.71314274283428,2.0,4.0,2.0,2.76,0.8616263691415206,0.6,1.8,1.2000000000000002,1.05,0.4929503017546495,0.93,3.44,2.51,2.5068,1.0262581351687303,90.2,3200.0,3109.8,1174.104,1326.7169019741928,968.0,8920.0,7952.0,5606.666666666667,3920.388869600679,7.11,23.78,16.67,15.774,5.928354240427946,0.02658,400.0,399.97342,140.0138216,170.63449278601763,1.0,4.0,3.0,2.3600000000000003,1.0910545357588686,-2.0,1.0,3.0,-0.96,1.28,1.65e-05,7.1e-05,5.45e-05,3.9208333333333335e-05,2.686886234824409e-05,6.3,140.0,133.7,84.29166666666667,65.91498891670156,10.0,130.0,120.0,80.00000000000001,59.16079783099616,0.69,874.0,873.31,510.1208333333334,430.5476362815605,3.3,48.0,44.7,29.375,22.037397192046072,0.5,3.0,2.5,1.9583333333333333,1.2325166214790866,369.0,369.0,0.0,369.0,0.0,1.678e-08,4.77e-08,3.092e-08,2.966333333333333e-08,1.5243765574453343e-08,22.98976928,1.8,0.93,5.13907696,1.16,0.2,0.259259259259259,0.059259259259259,0.0,0.0,0.0,0.0,0.0,0.0,0.0,0.0,2.982477596551721
Na,Na0-1CuO,CuO,NaCuO,mp-aaaablij,8.0,29.0,21.0,15.999999999999998,9.273618495495704,11.0,101.0,90.0,61.33333333333333,37.5085175512028,15.9994,63.546,47.5466,34.17838976,20.96121361108188,54.8,1357.77,1302.97,594.48,554.9377017888283,1.0,16.0,15.0,9.333333333333332,6.236095644623235,2.0,4.0,2.0,3.0,0.816496580927726,0.6,1.8,1.2000000000000002,1.25,0.4949747468305833,0.93,3.44,2.51,2.09,1.0334731088260916,90.2,3200.0,3109.8,1482.0666666666664,1290.3368070219324,968.0,8920.0,7952.0,4944.0,3976.0,7.11,23.78,16.67,16.083333333333332,6.865111474372107,0.02658,400.0,399.97342,180.00885999999997,165.72108261674452,1.0,4.0,3.0,2.333333333333333,1.247219128924647,-2.0,1.0,3.0,-0.6666666666666666,1.247219128924647,1.65e-05,7.1e-05,5.45e-05,4.3750000000000006e-05,2.725e-05,6.3,140.0,133.7,73.15,66.85000000000001,10.0,130.0,120.0,70.0,60.0,0.69,874.0,873.31,437.345,436.655,3.3,48.0,44.7,25.65,22.35,0.5,3.0,2.5,1.75,1.25,369.0,369.0,0.0,369.0,0.0,1.678e-08,4.77e-08,3.092e-08,3.224e-08,1.5459999999999997e-08,8.0,29.0,21.0,18.5,10.5,72.0,101.0,29.0,86.5,14.5,15.9994,63.546,47.5466,39.7727,23.7733,54.8,1357.77,1302.97,706.285,651.485,11.0,16.0,5.0,13.5,2.5,2.0,4.0,2.0,3.0,1.0,0.6,1.35,0.7500000000000001,0.975,0.375,1.9,3.44,1.54,2.67,0.77,90.2,3200.0,3109.8,1645.1,1554.9,8920.0,8920.0,0.0,8920.0,0.0,7.11,17.36,10.25,12.235,5.124999999999999,0.02658,400.0,399.97342,200.01329,199.98671,2.0,4.0,2.0,3.0,1.0,-2.0,1.0,3.0,-0.5,1.5,1.65e-05,1.65e-05,0.0,1.65e-05,0.0,140.0,140.0,0.0,140.0,0.0,130.0,130.0,0.0,130.0,0.0,874.0,874.0,0.0,874.0,0.0,48.0,48.0,0.0,48.0,0.0,3.0,3.0,0.0,3.0,0.0,369.0,369.0,0.0,369.0,0.0,1.678e-08,1.678e-08,0.0,1.678e-08,0.0,22.98976928,1.8,0.93,5.13907696,1.16,0.0,0.333333333333333,0.333333333333333,0.0,0.0,0.0,0.0,0.0,0.0,0.0,0.0,2.9905996865517253
Na,Na0-0.5Cu3O4,Cu3O4,Na(Cu3O4)2,mp-aaacnhth,8.0,29.0,21.0,16.6,10.150862032359615,11.0,101.0,90.0,83.4,23.804201309852846,15.9994,63.546,47.5466,35.484064618666665,22.97557828434641,54.8,1357.77,1302.97,597.0593333333334,625.8651293206512,1.0,16.0,15.0,13.0,4.0,2.0,4.0,2.0,2.8666666666666667,0.9568466729604884,0.6,1.8,1.2000000000000002,0.98,0.4202380277890139,0.93,3.44,2.51,2.6566666666666667,0.8689278195313782,90.2,3200.0,3109.8,1405.1733333333332,1488.2594502602324,968.0,8920.0,7952.0,7784.000000000001,2782.6203478016905,7.11,23.78,16.67,13.688,5.593672854216628,0.02658,400.0,399.97342,169.3475093333333,191.3846601116749,1.0,4.0,3.0,2.7333333333333334,1.0624918300339483,-2.0,1.0,3.0,-0.7333333333333333,1.4360439485692011,1.65e-05,7.1e-05,5.45e-05,2.4285714285714288e-05,1.9071027283097603e-05,6.3,140.0,133.7,120.90000000000002,46.78525408715871,10.0,130.0,120.0,112.85714285714286,41.99125273342591,0.69,874.0,873.31,749.2414285714286,305.5948410385682,3.3,48.0,44.7,41.614285714285714,15.641741643201152,0.5,3.0,2.5,2.6428571428571432,0.8748177652797064,369.0,369.0,0.0,369.0,0.0,1.678e-08,4.77e-08,3.092e-08,2.1197142857142858e-08,1.0819746120979408e-08,8.0,29.0,21.0,17.0,10.392304845413264,72.0,101.0,29.0,88.57142857142856,14.351278119856412,15.9994,63.546,47.5466,36.37651428571428,23.529464836329826,54.8,1357.77,1302.97,613.2157142857142,644.8029259251485,11.0,16.0,5.0,13.857142857142858,2.4743582965269675,2.0,4.0,2.0,2.8571428571428568,0.989743318610787,0.6,1.35,0.7500000000000001,0.9214285714285716,0.3711537444790452,1.9,3.44,1.54,2.78,0.762102355330306,90.2,3200.0,3109.8,1422.9714285714283,1538.9518861079127,8920.0,8920.0,0.0,8920.0,0.0,7.11,17.36,10.25,12.967142857142855,5.072434507880283,0.02658,400.0,399.97342,171.44376,197.93551003345308,2.0,4.0,2.0,2.8571428571428568,0.989743318610787,-2.0,1.0,3.0,-0.7142857142857142,1.4846149779161804,1.65e-05,1.65e-05,0.0,1.65e-05,0.0,140.0,140.0,0.0,140.0,0.0,130.0,130.0,0.0,130.0,0.0,874.0,874.0,0.0,874.0,0.0,48.0,48.0,0.0,48.0,0.0,3.0,3.0,0.0,3.0,0.0,369.0,369.0,0.0,369.0,0.0,1.678e-08,1.678e-08,0.0,1.678e-08,0.0,22.98976928,1.8,0.93,5.13907696,1.16,0.0,0.066666666666666,0.066666666666666,0.0,0.0,0.0,0.0,0.0,0.0,0.0,0.0,3.938330566551716
Na,Na5-6CuO4,Na5CuO4,Na6CuO4,mp-aaabqygm,8.0,29.0,21.0,11.545454545454549,5.694712641223936,11.0,101.0,90.0,49.27272727272727,42.64886422678464,15.9994,63.546,47.5466,24.13474688,12.883563136970734,54.8,1357.77,1302.97,345.6536363636364,352.468963772898,1.0,16.0,15.0,7.363636363636363,7.100226978096958,2.0,4.0,2.0,2.7272727272727275,0.616575453011388,0.6,1.8,1.2000000000000002,1.3227272727272728,0.5605855852116672,0.93,3.44,2.51,1.930909090909091,1.172460152805781,90.2,3200.0,3109.8,954.2545454545456,867.2810725727705,968.0,8920.0,7952.0,2104.0,2782.6203478016905,7.11,23.78,16.67,19.93,5.042609353391268,0.02658,400.0,399.97342,112.73693818181818,111.922949669227,1.0,4.0,3.0,1.6363636363636362,0.8813963377120598,-2.0,1.0,3.0,-1.1818181818181817,0.8331955809010618,1.65e-05,7.1e-05,5.45e-05,6.321428571428572e-05,1.9071027283097603e-05,6.3,140.0,133.7,25.4,46.78525408715871,10.0,130.0,120.0,27.142857142857142,41.99125273342592,0.69,874.0,873.31,125.44857142857144,305.5948410385682,3.3,48.0,44.7,9.685714285714289,15.641741643201154,0.5,3.0,2.5,0.8571428571428572,0.8748177652797064,369.0,369.0,0.0,369.0,0.0,1.678e-08,4.77e-08,3.092e-08,4.3282857142857144e-08,1.0819746120979408e-08,8.0,29.0,21.0,11.6,5.96992462263972,11.0,101.0,90.0,53.10000000000001,42.89160757071248,15.9994,63.546,47.5466,24.24924464,13.507057855330569,54.8,1357.77,1302.97,343.132,369.57795160967055,1.0,16.0,15.0,8.0,7.14142842854285,2.0,4.0,2.0,2.7,0.6403124237432849,0.6,1.8,1.2000000000000002,1.275,0.5662375826453063,0.93,3.44,2.51,2.031,1.184030827301384,90.2,3200.0,3109.8,934.08,907.1477110151357,968.0,8920.0,7952.0,2293.333333333333,2963.535426179721,7.11,23.78,16.67,19.545,5.132272888302024,0.02658,400.0,399.97342,110.010632,117.0370075213782,1.0,4.0,3.0,1.7000000000000002,0.9,-2.0,1.0,3.0,-1.2000000000000002,0.8717797887081347,1.65e-05,7.1e-05,5.45e-05,6.191666666666668e-05,2.031095079562309e-05,6.3,140.0,133.7,28.583333333333336,49.82704809862032,10.0,130.0,120.0,30.0,44.7213595499958,0.69,874.0,873.31,146.24166666666667,325.4634209050569,3.3,48.0,44.7,10.75,16.658706432373435,0.5,3.0,2.5,0.9166666666666669,0.9316949906249123,369.0,369.0,0.0,369.0,0.0,1.678e-08,4.77e-08,3.092e-08,4.2546666666666674e-08,1.1523203644048916e-08,22.98976928,1.8,0.93,5.13907696,1.16,0.5,0.5454545454545451,0.045454545454545,0.0,0.0,0.0,0.0,0.0,0.0,0.0,0.0,0.9746425815517232
Na,Na0-1CuO2,CuO2,NaCuO2,mp-aaabizdd,8.0,29.0,21.0,14.0,8.74642784226795,11.0,101.0,90.0,71.25,36.74489760497367,15.9994,63.546,47.5466,29.63364232,19.786195817215923,54.8,1357.77,1302.97,459.56,534.3941512123799,1.0,16.0,15.0,11.0,6.123724356957945,2.0,4.0,2.0,2.75,0.82915619758885,0.6,1.8,1.2000000000000002,1.0875,0.5128047874191504,0.93,3.44,2.51,2.4275,1.0690036248769226,90.2,3200.0,3109.8,1134.1,1269.6334943596912,968.0,8920.0,7952.0,4944.0,3976.0,7.11,23.78,16.67,16.4025,5.971006510631185,0.02658,400.0,399.97342,135.01329,163.3138447181503,1.0,4.0,3.0,2.25,1.0897247358851685,-2.0,1.0,3.0,-1.0,1.224744871391589,1.65e-05,7.1e-05,5.45e-05,4.3750000000000006e-05,2.725e-05,6.3,140.0,133.7,73.15,66.85000000000001,10.0,130.0,120.0,70.0,60.0,0.69,874.0,873.31,437.345,436.655,3.3,48.0,44.7,25.65,22.35,0.5,3.0,2.5,1.75,1.25,369.0,369.0,0.0,369.0,0.0,1.678e-08,4.77e-08,3.092e-08,3.224e-08,1.5459999999999997e-08,8.0,29.0,21.0,15.0,9.899494936611664,72.0,101.0,29.0,91.33333333333331,13.670731102939918,15.9994,63.546,47.5466,31.848266666666664,22.413682188242863,54.8,1357.77,1302.97,489.1233333333333,614.2259484550906,11.0,16.0,5.0,14.333333333333332,2.3570226039551585,2.0,4.0,2.0,2.6666666666666665,0.9428090415820634,0.6,1.35,0.7500000000000001,0.85,0.3535533905932738,1.9,3.44,1.54,2.9266666666666663,0.7259629620181889,90.2,3200.0,3109.8,1126.8,1465.9737787559502,8920.0,8920.0,0.0,8920.0,0.0,7.11,17.36,10.25,13.943333333333332,4.831896338108074,0.02658,400.0,399.97342,133.3510533333333,188.54927838425004,2.0,4.0,2.0,2.6666666666666665,0.9428090415820634,-2.0,1.0,3.0,-1.0,1.4142135623730951,1.65e-05,1.65e-05,0.0,1.65e-05,0.0,140.0,140.0,0.0,140.0,0.0,130.0,130.0,0.0,130.0,0.0,874.0,874.0,0.0,874.0,0.0,48.0,48.0,0.0,48.0,0.0,3.0,3.0,0.0,3.0,0.0,369.0,369.0,0.0,369.0,0.0,1.678e-08,1.678e-08,0.0,1.678e-08,0.0,22.98976928,1.8,0.93,5.13907696,1.16,0.0,0.25,0.25,0.0,0.0,0.0,0.0,0.0,0.0,0.0,0.0,4.161823956551723
Na,Na0-0.5CuO,CuO,Na(CuO)2,mp-aaabdboh,8.0,29.0,21.0,17.0,9.859006035092987,11.0,101.0,90.0,71.4,32.867004731189,15.9994,63.546,47.5466,36.416113856,22.298038399831743,54.8,1357.77,1302.97,639.202,597.952071437168,1.0,16.0,15.0,11.0,5.477225575051661,2.0,4.0,2.0,3.0,0.8944271909999159,0.6,1.8,1.2000000000000002,1.14,0.4705316142407437,0.93,3.44,2.51,2.322,0.979150652351312,90.2,3200.0,3109.8,1547.28,1404.4380433468757,968.0,8920.0,7952.0,6269.333333333333,3748.608749330284,7.11,23.78,16.67,14.544,6.506798291018402,0.02658,400.0,399.97342,188.010632,180.4771523976349,1.0,4.0,3.0,2.6,1.2000000000000002,-2.0,1.0,3.0,-0.6000000000000001,1.3564659966250538,1.65e-05,7.1e-05,5.45e-05,3.4666666666666665e-05,2.569154638311123e-05,6.3,140.0,133.7,95.43333333333332,63.02678442976094,10.0,130.0,120.0,89.99999999999999,56.56854249492381,0.69,874.0,873.31,582.8966666666666,411.6822820520158,3.3,48.0,44.7,33.1,21.07178207935912,0.5,3.0,2.5,2.1666666666666665,1.1785113019775793,369.0,369.0,0.0,369.0,0.0,1.678e-08,4.77e-08,3.092e-08,2.7086666666666664e-08,1.4575827782858696e-08,8.0,29.0,21.0,18.5,10.5,72.0,101.0,29.0,86.5,14.5,15.9994,63.546,47.5466,39.7727,23.7733,54.8,1357.77,1302.97,706.285,651.485,11.0,16.0,5.0,13.5,2.5,2.0,4.0,2.0,3.0,1.0,0.6,1.35,0.7500000000000001,0.975,0.375,1.9,3.44,1.54,2.67,0.77,90.2,3200.0,3109.8,1645.1,1554.9,8920.0,8920.0,0.0,8920.0,0.0,7.11,17.36,10.25,12.235,5.124999999999999,0.02658,400.0,399.97342,200.01329,199.98671,2.0,4.0,2.0,3.0,1.0,-2.0,1.0,3.0,-0.5,1.5,1.65e-05,1.65e-05,0.0,1.65e-05,0.0,140.0,140.0,0.0,140.0,0.0,130.0,130.0,0.0,130.0,0.0,874.0,874.0,0.0,874.0,0.0,48.0,48.0,0.0,48.0,0.0,3.0,3.0,0.0,3.0,0.0,369.0,369.0,0.0,369.0,0.0,1.678e-08,1.678e-08,0.0,1.678e-08,0.0,22.98976928,1.8,0.93,5.13907696,1.16,0.0,0.2,0.2,0.0,0.0,0.0,0.0,0.0,0.0,0.0,0.0,2.493116836551724
Na,Na0-1CuO2,CuO2,NaCuO2,mp-aaaabloc,8.0,29.0,21.0,14.0,8.74642784226795,11.0,101.0,90.0,71.25,36.74489760497367,15.9994,63.546,47.5466,29.63364232,19.786195817215923,54.8,1357.77,1302.97,459.56,534.3941512123799,1.0,16.0,15.0,11.0,6.123724356957945,2.0,4.0,2.0,2.75,0.82915619758885,0.6,1.8,1.2000000000000002,1.0875,0.5128047874191504,0.93,3.44,2.51,2.4275,1.0690036248769226,90.2,3200.0,3109.8,1134.1,1269.6334943596912,968.0,8920.0,7952.0,4944.0,3976.0,7.11,23.78,16.67,16.4025,5.971006510631185,0.02658,400.0,399.97342,135.01329,163.3138447181503,1.0,4.0,3.0,2.25,1.0897247358851685,-2.0,1.0,3.0,-1.0,1.224744871391589,1.65e-05,7.1e-05,5.45e-05,4.3750000000000006e-05,2.725e-05,6.3,140.0,133.7,73.15,66.85000000000001,10.0,130.0,120.0,70.0,60.0,0.69,874.0,873.31,437.345,436.655,3.3,48.0,44.7,25.65,22.35,0.5,3.0,2.5,1.75,1.25,369.0,369.0,0.0,369.0,0.0,1.678e-08,4.77e-08,3.092e-08,3.224e-08,1.5459999999999997e-08,8.0,29.0,21.0,15.0,9.899494936611664,72.0,101.0,29.0,91.33333333333331,13.670731102939918,15.9994,63.546,47.5466,31.848266666666664,22.413682188242863,54.8,1357.77,1302.97,489.1233333333333,614.2259484550906,11.0,16.0,5.0,14.333333333333332,2.3570226039551585,2.0,4.0,2.0,2.6666666666666665,0.9428090415820634,0.6,1.35,0.7500000000000001,0.85,0.3535533905932738,1.9,3.44,1.54,2.9266666666666663,0.7259629620181889,90.2,3200.0,3109.8,1126.8,1465.9737787559502,8920.0,8920.0,0.0,8920.0,0.0,7.11,17.36,10.25,13.943333333333332,4.831896338108074,0.02658,400.0,399.97342,133.3510533333333,188.54927838425004,2.0,4.0,2.0,2.6666666666666665,0.9428090415820634,-2.0,1.0,3.0,-1.0,1.4142135623730951,1.65e-05,1.65e-05,0.0,1.65e-05,0.0,140.0,140.0,0.0,140.0,0.0,130.0,130.0,0.0,130.0,0.0,874.0,874.0,0.0,874.0,0.0,48.0,48.0,0.0,48.0,0.0,3.0,3.0,0.0,3.0,0.0,369.0,369.0,0.0,369.0,0.0,1.678e-08,1.678e-08,0.0,1.678e-08,0.0,22.98976928,1.8,0.93,5.13907696,1.16,0.0,0.25,0.25,0.0,0.0,0.0,0.0,0.0,0.0,0.0,0.0,3.333151786551722
Na,Na1-2CuO2,NaCuO2,Na2CuO2,mp-aaabqylq,8.0,29.0,21.0,13.400000000000002,7.914543574963751,11.0,101.0,90.0,59.2,40.75487700877037,15.9994,63.546,47.5466,28.304867712000004,17.895737027829632,54.8,1357.77,1302.97,441.82200000000006,479.29138700377246,1.0,16.0,15.0,9.0,6.782329983125268,2.0,4.0,2.0,2.8,0.7483314773547883,0.6,1.8,1.2000000000000002,1.23,0.54,0.93,3.44,2.51,2.128,1.1282801070656168,90.2,3200.0,3109.8,1138.48,1135.6285068630498,968.0,8920.0,7952.0,3618.666666666666,3748.608749330284,7.11,23.78,16.67,17.878,6.101699435403224,0.02658,400.0,399.97342,136.010632,146.0859619044867,1.0,4.0,3.0,2.0,1.0954451150103324,-2.0,1.0,3.0,-1.0,1.0954451150103324,1.65e-05,7.1e-05,5.45e-05,5.2833333333333335e-05,2.569154638311123e-05,6.3,140.0,133.7,50.86666666666666,63.02678442976094,10.0,130.0,120.0,49.99999999999999,56.5685424949238,0.69,874.0,873.31,291.7933333333333,411.6822820520159,3.3,48.0,44.7,18.2,21.07178207935912,0.5,3.0,2.5,1.3333333333333333,1.1785113019775793,369.0,369.0,0.0,369.0,0.0,1.678e-08,4.77e-08,3.092e-08,3.7393333333333325e-08,1.45758277828587e-08,8.0,29.0,21.0,14.0,8.74642784226795,11.0,101.0,90.0,71.25,36.74489760497367,15.9994,63.546,47.5466,29.63364232,19.786195817215923,54.8,1357.77,1302.97,459.56,534.3941512123799,1.0,16.0,15.0,11.0,6.123724356957945,2.0,4.0,2.0,2.75,0.82915619758885,0.6,1.8,1.2000000000000002,1.0875,0.5128047874191504,0.93,3.44,2.51,2.4275,1.0690036248769226,90.2,3200.0,3109.8,1134.1,1269.6334943596912,968.0,8920.0,7952.0,4944.0,3976.0,7.11,23.78,16.67,16.4025,5.971006510631185,0.02658,400.0,399.97342,135.01329,163.3138447181503,1.0,4.0,3.0,2.25,1.0897247358851685,-2.0,1.0,3.0,-1.0,1.224744871391589,1.65e-05,7.1e-05,5.45e-05,4.3750000000000006e-05,2.725e-05,6.3,140.0,133.7,73.15,66.85000000000001,10.0,130.0,120.0,70.0,60.0,0.69,874.0,873.31,437.345,436.655,3.3,48.0,44.7,25.65,22.35,0.5,3.0,2.5,1.75,1.25,369.0,369.0,0.0,369.0,0.0,1.678e-08,4.77e-08,3.092e-08,3.224e-08,1.5459999999999997e-08,22.98976928,1.8,0.93,5.13907696,1.16,0.25,0.4,0.15,0.0,0.0,0.0,0.0,0.0,0.0,0.0,0.0,1.614353426551723
Na,Na0-0.5CuO,CuO,Na(CuO)2,mp-aaabdboi,8.0,29.0,21.0,17.0,9.859006035092987,11.0,101.0,90.0,71.4,32.867004731189,15.9994,63.546,47.5466,36.416113856,22.298038399831743,54.8,1357.77,1302.97,639.202,597.952071437168,1.0,16.0,15.0,11.0,5.477225575051661,2.0,4.0,2.0,3.0,0.8944271909999159,0.6,1.8,1.2000000000000002,1.14,0.4705316142407437,0.93,3.44,2.51,2.322,0.979150652351312,90.2,3200.0,3109.8,1547.28,1404.4380433468757,968.0,8920.0,7952.0,6269.333333333333,3748.608749330284,7.11,23.78,16.67,14.544,6.506798291018402,0.02658,400.0,399.97342,188.010632,180.4771523976349,1.0,4.0,3.0,2.6,1.2000000000000002,-2.0,1.0,3.0,-0.6000000000000001,1.3564659966250538,1.65e-05,7.1e-05,5.45e-05,3.4666666666666665e-05,2.569154638311123e-05,6.3,140.0,133.7,95.43333333333332,63.02678442976094,10.0,130.0,120.0,89.99999999999999,56.56854249492381,0.69,874.0,873.31,582.8966666666666,411.6822820520158,3.3,48.0,44.7,33.1,21.07178207935912,0.5,3.0,2.5,2.1666666666666665,1.1785113019775793,369.0,369.0,0.0,369.0,0.0,1.678e-08,4.77e-08,3.092e-08,2.7086666666666664e-08,1.4575827782858696e-08,8.0,29.0,21.0,18.5,10.5,72.0,101.0,29.0,86.5,14.5,15.9994,63.546,47.5466,39.7727,23.7733,54.8,1357.77,1302.97,706.285,651.485,11.0,16.0,5.0,13.5,2.5,2.0,4.0,2.0,3.0,1.0,0.6,1.35,0.7500000000000001,0.975,0.375,1.9,3.44,1.54,2.67,0.77,90.2,3200.0,3109.8,1645.1,1554.9,8920.0,8920.0,0.0,8920.0,0.0,7.11,17.36,10.25,12.235,5.124999999999999,0.02658,400.0,399.97342,200.01329,199.98671,2.0,4.0,2.0,3.0,1.0,-2.0,1.0,3.0,-0.5,1.5,1.65e-05,1.65e-05,0.0,1.65e-05,0.0,140.0,140.0,0.0,140.0,0.0,130.0,130.0,0.0,130.0,0.0,874.0,874.0,0.0,874.0,0.0,48.0,48.0,0.0,48.0,0.0,3.0,3.0,0.0,3.0,0.0,369.0,369.0,0.0,369.0,0.0,1.678e-08,1.678e-08,0.0,1.678e-08,0.0,22.98976928,1.8,0.93,5.13907696,1.16,0.0,0.2,0.2,0.0,0.0,0.0,0.0,0.0,0.0,0.0,0.0,2.471841064051726
Na,Na0-6Cu9(PO4)8,Cu9(PO4)8,Na6Cu9(PO4)8,mp-aaaabmxs,8.0,29.0,21.0,12.78181818181818,7.576736906397129,11.0,101.0,90.0,84.83636363636363,27.885325979064287,15.9994,63.546,47.5466,26.72042748509091,17.1153480245267,54.8,1357.77,1302.97,340.6754545454545,465.8397345237491,1.0,16.0,15.0,13.4,4.692741009454728,2.0,4.0,2.0,2.581818181818182,0.7553664755578541,0.6,1.8,1.2000000000000002,0.911818181818182,0.4185433220070465,0.93,3.44,2.51,2.7323636363636363,0.8954815132072061,90.2,3200.0,3109.8,782.2254545454546,1121.728802780971,968.0,8920.0,7952.0,4377.04347826087,3657.3966445411615,7.11,23.78,16.67,16.333636363636362,4.544422100928232,0.02658,400.0,399.97342,80.77706472727272,147.63154922419128,1.0,5.0,4.0,2.6545454545454543,1.2823016496367603,-3.0,1.0,4.0,-1.5454545454545454,1.233150906022776,1.65e-05,7.1e-05,5.45e-05,3.83e-05,2.6699438196336645e-05,6.3,140.0,133.7,60.252173913043485,63.96625380393074,10.0,130.0,120.0,82.00000000000001,58.78775382679628,0.69,874.0,873.31,524.676,427.83277745399545,3.3,48.0,44.7,30.120000000000005,21.89843830048161,0.5,3.0,2.5,2.0000000000000004,1.224744871391589,369.0,369.0,0.0,369.0,0.0,1.678e-08,1e-07,8.322e-08,5.3792173913043484e-08,3.5894230002160726e-08,8.0,29.0,21.0,13.0,8.0,72.0,101.0,29.0,93.87755102040816,11.112839885872088,15.9994,63.546,47.5466,27.1772427755102,18.080150574994427,54.8,1357.77,1302.97,336.97816326530614,493.4101682550155,11.0,16.0,5.0,14.918367346938776,1.8934552660805228,2.0,4.0,2.0,2.5306122448979598,0.7851177168029121,0.6,1.35,0.7500000000000001,0.8030612244897959,0.2969931221744181,1.9,3.44,1.54,2.953061224489796,0.6734928876543164,90.2,3200.0,3109.8,736.4571428571429,1180.3170297052588,1823.0,8920.0,7097.0,5580.235294117647,3542.3554066453607,7.11,17.36,10.25,15.421836734693876,3.944564678637769,0.02658,400.0,399.97342,73.52527673469389,154.8605770935179,2.0,5.0,3.0,2.8571428571428568,1.2121830534626528,-3.0,1.0,4.0,-1.6122448979591837,1.2907255755789304,1.65e-05,1.65e-05,0.0,1.65e-05,0.0,11.0,140.0,129.0,79.29411764705883,64.3883116045162,130.0,130.0,0.0,130.0,0.0,874.0,874.0,0.0,874.0,0.0,48.0,48.0,0.0,48.0,0.0,3.0,3.0,0.0,3.0,0.0,369.0,369.0,0.0,369.0,0.0,1.678e-08,1e-07,8.322e-08,5.5942352941176476e-08,4.153794799789022e-08,22.98976928,1.8,0.93,5.13907696,1.16,0.0,0.109090909090909,0.109090909090909,0.0,0.0,0.0,0.0,0.0,0.0,0.0,0.0,4.016838964885053
Na,Na1-2CuP2O7,NaCuP2O7,Na2CuP2O7,mp-aaabqzpk,8.0,29.0,21.0,11.416666666666668,5.894324011755339,11.0,101.0,90.0,81.75,32.706077416896086,15.9994,63.546,47.5466,23.62240521333333,13.258802829710085,54.8,1357.77,1302.97,259.80916666666667,357.18794185643907,1.0,16.0,15.0,12.916666666666668,5.49936865063214,2.0,4.0,2.0,2.5,0.6454972243679028,0.6,1.8,1.2000000000000002,0.9291666666666668,0.4529801013534946,0.93,3.44,2.51,2.685,0.96852551162407,90.2,3200.0,3109.8,603.6166666666666,875.708632892369,968.0,8920.0,7952.0,2900.4,3033.990942636448,7.11,23.78,16.67,17.519166666666667,3.9520299811896953,0.02658,400.0,399.97342,56.72150499999999,115.683536276017,1.0,5.0,4.0,2.5,1.3228756555322951,-3.0,1.0,4.0,-1.75,1.0103629710818451,1.65e-05,7.1e-05,5.45e-05,5.2833333333333335e-05,2.569154638311123e-05,6.3,140.0,133.7,34.92,52.58202734775448,10.0,130.0,120.0,49.99999999999999,56.5685424949238,0.69,874.0,873.31,291.7933333333333,411.6822820520159,3.3,48.0,44.7,18.2,21.07178207935912,0.5,3.0,2.5,1.3333333333333333,1.1785113019775793,369.0,369.0,0.0,369.0,0.0,1.678e-08,1e-07,8.322e-08,6.2436e-08,3.2682955557905104e-08,8.0,29.0,21.0,11.454545454545451,6.155022138113004,11.0,101.0,90.0,88.18181818181817,25.89425412507985,15.9994,63.546,47.5466,23.67991757090909,13.846934735028018,54.8,1357.77,1302.97,249.71272727272728,371.4275754704202,1.0,16.0,15.0,14.0,4.348458452036872,2.0,4.0,2.0,2.454545454545454,0.655554777357089,0.6,1.8,1.2000000000000002,0.85,0.3855338683389095,0.93,3.44,2.51,2.8445454545454547,0.8472668747359319,90.2,3200.0,3109.8,553.4,897.953284875211,968.0,8920.0,7952.0,3383.5,3215.5012439742577,7.11,23.78,16.67,16.95,3.6264307521308057,0.02658,400.0,399.97342,49.15073272727273,117.94697442401396,1.0,5.0,4.0,2.6363636363636367,1.2984415324623364,-3.0,1.0,4.0,-1.818181818181818,1.02851895445316,1.65e-05,7.1e-05,5.45e-05,4.3750000000000006e-05,2.725e-05,6.3,140.0,133.7,42.075,56.56957552430458,10.0,130.0,120.0,70.0,60.0,0.69,874.0,873.31,437.345,436.655,3.3,48.0,44.7,25.65,22.35,0.5,3.0,2.5,1.75,1.25,369.0,369.0,0.0,369.0,0.0,1.678e-08,1e-07,8.322e-08,6.612e-08,3.5600002808988656e-08,22.98976928,1.8,0.93,5.13907696,1.16,0.09090909090909,0.166666666666666,0.075757575757576,0.0,0.0,0.0,0.0,0.0,0.0,0.0,0.0,4.083998061551728
Na,Na0-1Cu(PO3)3,Cu(PO3)3,NaCu(PO3)3,mp-aaabetoi,8.0,29.0,21.0,11.214285714285715,5.684296305594556,11.0,101.0,90.0,90.14285714285714,23.3814857857883,15.9994,63.546,47.5466,23.103689662857143,12.749358369174605,54.8,1357.77,1302.97,226.69571428571427,337.07522512922594,1.0,16.0,15.0,14.357142857142858,3.9207714776038447,2.0,4.0,2.0,2.428571428571429,0.6226998490772391,0.6,1.8,1.2000000000000002,0.825,0.3559444178118665,0.93,3.44,2.51,2.882857142857143,0.8023842023390448,90.2,3200.0,3109.8,486.9857142857143,812.2670724206266,968.0,8920.0,7952.0,3071.4,2942.988997600909,7.11,23.78,16.67,17.013571428571428,3.2176468934008664,0.02658,400.0,399.97342,38.63908714285714,106.46879713029315,1.0,5.0,4.0,2.7142857142857144,1.3324827218698307,-3.0,1.0,4.0,-1.9285714285714288,0.9609731462195508,1.65e-05,7.1e-05,5.45e-05,4.3750000000000006e-05,2.725e-05,6.3,140.0,133.7,35.86,52.10180803004825,10.0,130.0,120.0,70.0,60.0,0.69,874.0,873.31,437.345,436.655,3.3,48.0,44.7,25.65,22.35,0.5,3.0,2.5,1.75,1.25,369.0,369.0,0.0,369.0,0.0,1.678e-08,1e-07,8.322e-08,7.2896e-08,3.46055611715805e-08,8.0,29.0,21.0,11.23076923076923,5.898550619286405,72.0,101.0,29.0,96.23076923076924,8.358817050588383,15.9994,63.546,47.5466,23.11245276923077,13.230593821805966,54.8,1357.77,1302.97,215.6053846153846,347.32945328198093,11.0,16.0,5.0,15.384615384615383,1.3323467750529825,2.0,4.0,2.0,2.3846153846153846,0.6249260311258431,0.6,1.35,0.7500000000000001,0.75,0.2401922307076307,1.9,3.44,1.54,3.0330769230769232,0.6143462393269352,90.2,3200.0,3109.8,435.5230769230769,820.6413909524541,1823.0,8920.0,7097.0,3597.25,3073.0911453290805,7.11,17.36,10.25,16.49307692307692,2.7123517601900238,0.02658,400.0,399.97342,30.842093846153848,106.56674385995528,2.0,5.0,3.0,2.8461538461538463,1.2917581249035897,-3.0,1.0,4.0,-2.0,0.9607689228305228,1.65e-05,1.65e-05,0.0,1.65e-05,0.0,11.0,140.0,129.0,43.25,55.85863854409629,130.0,130.0,0.0,130.0,0.0,874.0,874.0,0.0,874.0,0.0,48.0,48.0,0.0,48.0,0.0,3.0,3.0,0.0,3.0,0.0,369.0,369.0,0.0,369.0,0.0,1.678e-08,1e-07,8.322e-08,7.9195e-08,3.6035317051470496e-08,22.98976928,1.8,0.93,5.13907696,1.16,0.0,0.071428571428571,0.071428571428571,0.0,0.0,0.0,0.0,0.0,0.0,0.0,0.0,4.73160593155173
Na,Na0-1CuPO4,CuPO4,NaCuPO4,mp-aaabcryv,8.0,29.0,21.0,12.428571428571429,7.188426071662357,11.0,101.0,90.0,82.42857142857142,30.816772533601814,15.9994,63.546,47.5466,25.92959018285714,16.228349146142925,54.8,1357.77,1302.97,323.59142857142854,440.90742327381975,1.0,16.0,15.0,13.0,5.18238775634773,2.0,4.0,2.0,2.571428571428571,0.7284313590846836,0.6,1.8,1.2000000000000002,0.9357142857142856,0.4429723352489615,0.93,3.44,2.51,2.6828571428571424,0.942742417262596,90.2,3200.0,3109.8,752.3999999999999,1065.6077970542713,968.0,8920.0,7952.0,3903.666666666666,3564.2162610531304,7.11,23.78,16.67,16.764285714285712,4.534161939079362,0.02658,400.0,399.97342,77.19175999999999,140.3516419766043,1.0,5.0,4.0,2.571428571428571,1.2936264483053452,-3.0,1.0,4.0,-1.5714285714285714,1.1780301787479028,1.65e-05,7.1e-05,5.45e-05,4.3750000000000006e-05,2.725e-05,6.3,140.0,133.7,52.43333333333333,61.94870638053891,10.0,130.0,120.0,70.0,60.0,0.69,874.0,873.31,437.345,436.655,3.3,48.0,44.7,25.65,22.35,0.5,3.0,2.5,1.75,1.25,369.0,369.0,0.0,369.0,0.0,1.678e-08,1e-07,8.322e-08,5.4826666666666656e-08,3.4346121890089555e-08,8.0,29.0,21.0,12.666666666666666,7.738791177495933,72.0,101.0,29.0,94.33333333333331,10.76517017463676,15.9994,63.546,47.5466,26.41956033333333,17.480618985192347,54.8,1357.77,1302.97,315.7116666666667,475.7779040832906,11.0,16.0,5.0,15.0,1.8257418583505536,2.0,4.0,2.0,2.5,0.7637626158259734,0.6,1.35,0.7500000000000001,0.7916666666666666,0.2892759159618297,1.9,3.44,1.54,2.975,0.6629165357217554,90.2,3200.0,3109.8,685.1333333333332,1137.1454065138528,1823.0,8920.0,7097.0,5371.5,3548.5,7.11,17.36,10.25,15.595,3.796637766937127,0.02658,400.0,399.97342,66.72371999999999,149.0457030903358,2.0,5.0,3.0,2.833333333333333,1.2133516482134197,-3.0,1.0,4.0,-1.6666666666666663,1.247219128924647,1.65e-05,1.65e-05,0.0,1.65e-05,0.0,11.0,140.0,129.0,75.5,64.5,130.0,130.0,0.0,130.0,0.0,874.0,874.0,0.0,874.0,0.0,48.0,48.0,0.0,48.0,0.0,3.0,3.0,0.0,3.0,0.0,369.0,369.0,0.0,369.0,0.0,1.678e-08,1e-07,8.322e-08,5.839e-08,4.161e-08,22.98976928,1.8,0.93,5.13907696,1.16,0.0,0.142857142857142,0.142857142857142,0.0,0.0,0.0,0.0,0.0,0.0,0.0,0.0,3.827826506551719
Na,Na0-1Cu(PO3)3,Cu(PO3)3,NaCu(PO3)3,mp-aaabsjdy,8.0,29.0,21.0,11.214285714285715,5.684296305594556,11.0,101.0,90.0,90.14285714285714,23.3814857857883,15.9994,63.546,47.5466,23.103689662857143,12.749358369174605,54.8,1357.77,1302.97,226.69571428571427,337.07522512922594,1.0,16.0,15.0,14.357142857142858,3.9207714776038447,2.0,4.0,2.0,2.428571428571429,0.6226998490772391,0.6,1.8,1.2000000000000002,0.825,0.3559444178118665,0.93,3.44,2.51,2.882857142857143,0.8023842023390448,90.2,3200.0,3109.8,486.9857142857143,812.2670724206266,968.0,8920.0,7952.0,3071.4,2942.988997600909,7.11,23.78,16.67,17.013571428571428,3.2176468934008664,0.02658,400.0,399.97342,38.63908714285714,106.46879713029315,1.0,5.0,4.0,2.7142857142857144,1.3324827218698307,-3.0,1.0,4.0,-1.9285714285714288,0.9609731462195508,1.65e-05,7.1e-05,5.45e-05,4.3750000000000006e-05,2.725e-05,6.3,140.0,133.7,35.86,52.10180803004825,10.0,130.0,120.0,70.0,60.0,0.69,874.0,873.31,437.345,436.655,3.3,48.0,44.7,25.65,22.35,0.5,3.0,2.5,1.75,1.25,369.0,369.0,0.0,369.0,0.0,1.678e-08,1e-07,8.322e-08,7.2896e-08,3.46055611715805e-08,8.0,29.0,21.0,11.23076923076923,5.898550619286405,72.0,101.0,29.0,96.23076923076924,8.358817050588383,15.9994,63.546,47.5466,23.11245276923077,13.230593821805966,54.8,1357.77,1302.97,215.6053846153846,347.32945328198093,11.0,16.0,5.0,15.384615384615383,1.3323467750529825,2.0,4.0,2.0,2.3846153846153846,0.6249260311258431,0.6,1.35,0.7500000000000001,0.75,0.2401922307076307,1.9,3.44,1.54,3.0330769230769232,0.6143462393269352,90.2,3200.0,3109.8,435.5230769230769,820.6413909524541,1823.0,8920.0,7097.0,3597.25,3073.0911453290805,7.11,17.36,10.25,16.49307692307692,2.7123517601900238,0.02658,400.0,399.97342,30.842093846153848,106.56674385995528,2.0,5.0,3.0,2.8461538461538463,1.2917581249035897,-3.0,1.0,4.0,-2.0,0.9607689228305228,1.65e-05,1.65e-05,0.0,1.65e-05,0.0,11.0,140.0,129.0,43.25,55.85863854409629,130.0,130.0,0.0,130.0,0.0,874.0,874.0,0.0,874.0,0.0,48.0,48.0,0.0,48.0,0.0,3.0,3.0,0.0,3.0,0.0,369.0,369.0,0.0,369.0,0.0,1.678e-08,1e-07,8.322e-08,7.9195e-08,3.6035317051470496e-08,22.98976928,1.8,0.93,5.13907696,1.16,0.0,0.071428571428571,0.071428571428571,0.0,0.0,0.0,0.0,0.0,0.0,0.0,0.0,5.158361739051731
Na,Na1-2Cu(PO3)4,NaCu(PO3)4,Na2Cu(PO3)4,mp-aaabsevd,8.0,29.0,21.0,10.894736842105264,5.108246550968811,11.0,101.0,90.0,87.68421052631578,27.29575373103209,15.9994,63.546,47.5466,22.39017824,11.423283891350616,54.8,1357.77,1302.97,211.9110526315789,299.48750403410185,1.0,16.0,15.0,13.94736842105263,4.582273444142929,2.0,4.0,2.0,2.421052631578948,0.5907880084379907,0.6,1.8,1.2000000000000002,0.85,0.3903439778613621,0.93,3.44,2.51,2.8315789473684205,0.8641531489382795,90.2,3200.0,3109.8,462.8631578947368,730.886294137774,968.0,8920.0,7952.0,2592.5714285714284,2609.9747594369487,7.11,23.78,16.67,17.42473684210526,3.144569870044237,0.02658,400.0,399.97342,35.855945263157885,95.90919605169856,1.0,5.0,4.0,2.631578947368421,1.3459696686888865,-3.0,1.0,4.0,-1.9473684210526316,0.886963134018564,1.65e-05,7.1e-05,5.45e-05,5.2833333333333335e-05,2.569154638311123e-05,6.3,140.0,133.7,28.085714285714285,45.73483912953101,10.0,130.0,120.0,49.99999999999999,56.5685424949238,0.69,874.0,873.31,291.7933333333333,411.6822820520159,3.3,48.0,44.7,18.2,21.07178207935912,0.5,3.0,2.5,1.3333333333333333,1.1785113019775793,369.0,369.0,0.0,369.0,0.0,1.678e-08,1e-07,8.322e-08,7.316857142857142e-08,3.24184019296675e-08,8.0,29.0,21.0,10.88888888888889,5.248162523830908,11.0,101.0,90.0,91.94444444444444,21.014471791871383,15.9994,63.546,47.5466,22.356867626666663,11.735410328064752,54.8,1357.77,1302.97,203.08,305.2768156025682,1.0,16.0,15.0,14.666666666666666,3.5118845842842465,2.0,4.0,2.0,2.3888888888888884,0.5905636562630361,0.6,1.8,1.2000000000000002,0.7972222222222222,0.3284949780701129,0.93,3.44,2.51,2.9372222222222217,0.7590769654693605,90.2,3200.0,3109.8,424.3555555555556,731.9141952003681,968.0,8920.0,7952.0,2863.333333333333,2726.556843754082,7.11,23.78,16.67,17.071666666666665,2.840626398056128,0.02658,400.0,399.97342,30.070164444444444,95.2553192002858,1.0,5.0,4.0,2.7222222222222223,1.3252067157640626,-3.0,1.0,4.0,-2.0,0.8819171036881969,1.65e-05,7.1e-05,5.45e-05,4.3750000000000006e-05,2.725e-05,6.3,140.0,133.7,31.716666666666665,48.4561800897356,10.0,130.0,120.0,70.0,60.0,0.69,874.0,873.31,437.345,436.655,3.3,48.0,44.7,25.65,22.35,0.5,3.0,2.5,1.75,1.25,369.0,369.0,0.0,369.0,0.0,1.678e-08,1e-07,8.322e-08,7.741333333333332e-08,3.3166030144645835e-08,22.98976928,1.8,0.93,5.13907696,1.16,0.055555555555555,0.105263157894736,0.049707602339181,0.0,0.0,0.0,0.0,0.0,0.0,0.0,0.0,4.838523791551726
Na,Na1-2CuP2O7,NaCuP2O7,Na2CuP2O7,mp-aaabrhrp,8.0,29.0,21.0,11.416666666666668,5.894324011755339,11.0,101.0,90.0,81.75,32.706077416896086,15.9994,63.546,47.5466,23.62240521333333,13.258802829710085,54.8,1357.77,1302.97,259.80916666666667,357.18794185643907,1.0,16.0,15.0,12.916666666666668,5.49936865063214,2.0,4.0,2.0,2.5,0.6454972243679028,0.6,1.8,1.2000000000000002,0.9291666666666668,0.4529801013534946,0.93,3.44,2.51,2.685,0.96852551162407,90.2,3200.0,3109.8,603.6166666666666,875.708632892369,968.0,8920.0,7952.0,2900.4,3033.990942636448,7.11,23.78,16.67,17.519166666666667,3.9520299811896953,0.02658,400.0,399.97342,56.72150499999999,115.683536276017,1.0,5.0,4.0,2.5,1.3228756555322951,-3.0,1.0,4.0,-1.75,1.0103629710818451,1.65e-05,7.1e-05,5.45e-05,5.2833333333333335e-05,2.569154638311123e-05,6.3,140.0,133.7,34.92,52.58202734775448,10.0,130.0,120.0,49.99999999999999,56.5685424949238,0.69,874.0,873.31,291.7933333333333,411.6822820520159,3.3,48.0,44.7,18.2,21.07178207935912,0.5,3.0,2.5,1.3333333333333333,1.1785113019775793,369.0,369.0,0.0,369.0,0.0,1.678e-08,1e-07,8.322e-08,6.2436e-08,3.2682955557905104e-08,8.0,29.0,21.0,11.454545454545451,6.155022138113004,11.0,101.0,90.0,88.18181818181817,25.89425412507985,15.9994,63.546,47.5466,23.67991757090909,13.846934735028018,54.8,1357.77,1302.97,249.71272727272728,371.4275754704202,1.0,16.0,15.0,14.0,4.348458452036872,2.0,4.0,2.0,2.454545454545454,0.655554777357089,0.6,1.8,1.2000000000000002,0.85,0.3855338683389095,0.93,3.44,2.51,2.8445454545454547,0.8472668747359319,90.2,3200.0,3109.8,553.4,897.953284875211,968.0,8920.0,7952.0,3383.5,3215.5012439742577,7.11,23.78,16.67,16.95,3.6264307521308057,0.02658,400.0,399.97342,49.15073272727273,117.94697442401396,1.0,5.0,4.0,2.6363636363636367,1.2984415324623364,-3.0,1.0,4.0,-1.818181818181818,1.02851895445316,1.65e-05,7.1e-05,5.45e-05,4.3750000000000006e-05,2.725e-05,6.3,140.0,133.7,42.075,56.56957552430458,10.0,130.0,120.0,70.0,60.0,0.69,874.0,873.31,437.345,436.655,3.3,48.0,44.7,25.65,22.35,0.5,3.0,2.5,1.75,1.25,369.0,369.0,0.0,369.0,0.0,1.678e-08,1e-07,8.322e-08,6.612e-08,3.5600002808988656e-08,22.98976928,1.8,0.93,5.13907696,1.16,0.09090909090909,0.166666666666666,0.075757575757576,0.0,0.0,0.0,0.0,0.0,0.0,0.0,0.0,4.17689376405173
Na,Na0-2Cu5(Si2O7)2,Cu5(Si2O7)2,Na2Cu5(Si2O7)2,mp-aaaablhl,8.0,29.0,21.0,13.400000000000002,8.094442537939225,11.0,101.0,90.0,85.44,24.800129031922392,15.9994,63.546,47.5466,28.001725542400003,18.31286561446662,54.8,1687.0,1632.2,601.8316000000001,688.8736508050225,1.0,16.0,15.0,13.48,4.158076478373143,2.0,4.0,2.0,2.64,0.7939773296511684,0.6,1.8,1.2000000000000002,0.9260000000000002,0.401776057026797,0.93,3.44,2.51,2.6848,0.8873877168408407,90.2,3200.0,3109.8,1290.672,1450.6886264171233,968.0,8920.0,7952.0,5077.818181818181,3539.324995177414,7.11,23.78,16.67,14.9756,4.808206384921513,0.02658,400.0,399.97342,115.2148848,154.57532376210867,1.0,4.0,3.0,2.64,1.0537551897855597,-4.0,1.0,5.0,-1.64,1.5460918472070149,2.6e-06,7.1e-05,6.840000000000001e-05,2.135454545454545e-05,2.422265519701316e-05,6.3,140.0,133.7,101.14545454545454,48.18991527160322,10.0,130.0,120.0,78.0,49.1861029892868,0.69,874.0,873.31,624.4828571428571,394.52124334309246,3.3,48.0,44.7,35.22857142857143,20.193401629932364,0.5,6.5,6.0,3.8181818181818175,2.218442607620441,369.0,369.0,0.0,369.0,0.0,1.678e-08,0.001,0.00099998322,0.0003636526636363,0.000481033371408,8.0,29.0,21.0,13.608695652173914,8.406721588341924,72.0,101.0,29.0,91.91304347826087,12.0322502990496,15.9994,63.546,47.5466,28.43754782608696,19.03020267631498,54.8,1687.0,1632.2,621.9152173913043,714.6817187353529,11.0,16.0,5.0,14.565217391304348,2.0178785018908334,2.0,4.0,2.0,2.608695652173913,0.8203461853962264,0.6,1.35,0.7500000000000001,0.8500000000000001,0.3213422934585758,1.9,3.44,1.54,2.8373913043478263,0.7515850924737222,90.2,3200.0,3109.8,1302.3826086956522,1511.880631258898,2330.0,8920.0,6590.0,5991.111111111111,3274.597327049692,7.11,17.36,10.25,14.21,4.219288009172616,0.02658,400.0,399.97342,113.05965739130434,160.97567044281945,2.0,4.0,2.0,2.782608695652174,0.9760845356801586,-4.0,1.0,5.0,-1.6956521739130437,1.5998582167803563,2.6e-06,1.65e-05,1.39e-05,1.0322222222222224e-05,6.906965530499351e-06,100.0,140.0,40.0,122.22222222222224,19.87615979999813,47.0,130.0,83.0,93.11111111111111,41.24303158499612,874.0,874.0,0.0,874.0,0.0,48.0,48.0,0.0,48.0,0.0,3.0,6.5,3.5,4.555555555555556,1.7391639824998364,369.0,369.0,0.0,369.0,0.0,1.678e-08,0.001,0.00099998322,0.0004444537666666,0.0004968956569509,22.98976928,1.8,0.93,5.13907696,1.16,0.0,0.08,0.08,0.0,0.0,0.0,0.0,0.0,0.0,0.0,0.0,3.736457356551728
Na,Na0-1Ti4(CuO4)3,Ti4(CuO4)3,NaTi4(CuO4)3,mp-aaacyosg,8.0,29.0,21.0,14.1,8.28190799272728,11.0,101.0,90.0,82.14999999999999,25.996682480655107,15.9994,63.546,47.5466,29.854428464,18.780098803821243,54.8,1941.0,1886.2,643.289,790.4969451294546,1.0,16.0,15.0,12.1,5.34696175411794,2.0,4.0,2.0,2.75,0.9420721840708386,0.6,1.8,1.2000000000000002,0.9325,0.4169157588770182,0.93,3.44,2.51,2.7035,0.9221240426320096,90.2,3560.0,3469.8,1303.9199999999998,1562.7575172111635,968.0,8920.0,7952.0,5719.5,2719.994898892276,7.11,23.78,16.67,14.799499999999998,4.505076553178647,0.02658,400.0,399.97342,71.415948,141.33846891472658,1.0,4.0,3.0,2.6500000000000004,1.0136567466356647,-2.0,1.0,3.0,-1.3,1.0535653752852738,8.6e-06,7.1e-05,6.24e-05,1.9362500000000003e-05,1.9856795908454117e-05,6.3,140.0,133.7,108.2875,40.97290072413717,10.0,130.0,120.0,108.0,37.603191353926334,0.69,874.0,873.31,685.83625,269.0914299981281,3.3,48.0,44.7,40.4125,14.148890194994094,0.5,6.0,5.5,4.1875,1.9675095298371488,369.0,970.0,601.0,712.4285714285716,297.41786724254155,1.678e-08,4.2e-07,4.0322e-07,2.22255e-07,1.9797149889567442e-07,8.0,29.0,21.0,14.26315789473684,8.465671268582359,51.0,101.0,50.0,85.89473684210526,20.75900498792374,15.9994,63.546,47.5466,30.21572631578947,19.200107578230472,54.8,1941.0,1886.2,657.6268421052631,808.4940644579352,4.0,16.0,12.0,12.684210526315788,4.823763889427199,2.0,4.0,2.0,2.736842105263157,0.96475277788544,0.6,1.4,0.7999999999999999,0.8868421052631578,0.3758646541338342,1.54,3.44,1.9,2.7968421052631576,0.8490059365707697,90.2,3560.0,3469.8,1311.7052631578947,1602.977315882997,4507.0,8920.0,4413.0,6398.285714285714,2183.8686325147014,7.11,17.36,10.25,14.326842105263156,4.110450164400077,0.02658,400.0,399.97342,67.80626105263157,144.1088617672403,2.0,4.0,2.0,2.736842105263157,0.96475277788544,-2.0,1.0,3.0,-1.3157894736842104,1.0786263964168,8.6e-06,1.65e-05,7.9e-06,1.1985714285714289e-05,3.909486108512609e-06,110.0,140.0,30.0,122.85714285714286,14.846149779161804,116.0,130.0,14.0,122.0,6.928203230275509,716.0,874.0,158.0,783.7142857142857,78.18972217025217,44.0,48.0,4.0,45.71428571428571,1.979486637221574,3.0,6.0,3.0,4.7142857142857135,1.4846149779161804,369.0,970.0,601.0,712.4285714285713,297.4178672425415,1.678e-08,4.2e-07,4.0322e-07,2.4719142857142857e-07,1.9954215046512082e-07,22.98976928,1.8,0.93,5.13907696,1.16,0.0,0.05,0.05,0.0,0.0,0.0,0.0,0.0,0.0,0.0,0.0,3.405811466551714
Na,Na0-1V4(CuO4)3,V4(CuO4)3,NaV4(CuO4)3,mp-aaaczuws,8.0,29.0,21.0,14.3,8.479976415061541,11.0,101.0,90.0,82.75,25.295997707147272,15.9994,63.546,47.5466,30.469328464,19.399906690400883,54.8,2183.0,2128.2,691.689,871.7075685452089,1.0,16.0,15.0,12.3,5.050742519669757,2.0,4.0,2.0,2.75,0.9420721840708386,0.6,1.8,1.2000000000000002,0.9225,0.406040330509175,0.93,3.44,2.51,2.7215,0.899845959039657,90.2,3680.0,3589.8,1327.9199999999998,1597.7505742762228,968.0,8920.0,7952.0,6521.0,2469.238141613725,7.11,23.78,16.67,14.3355,5.001691188987981,0.02658,400.0,399.97342,73.215948,140.75377573038364,1.0,5.0,4.0,2.85,1.3143439428094916,-2.0,1.0,3.0,-1.3,1.0535653752852738,8.4e-06,7.1e-05,6.26e-05,1.92625e-05,1.9911173841589557e-05,6.3,160.0,153.7,133.2875,48.88152609882388,10.0,130.0,120.0,114.0,39.319206502675,0.69,874.0,873.31,641.83625,267.75322163969844,3.3,48.0,44.7,41.9125,14.601492860320825,0.5,7.0,6.5,4.6875,2.4358969087381346,369.0,628.0,259.0,517.0,128.17175976009693,1.678e-08,1.97e-07,1.8022e-07,1.10755e-07,8.67630645781948e-08,8.0,29.0,21.0,14.473684210526317,8.665530147797206,54.0,101.0,47.0,86.52631578947367,19.70671384673556,15.9994,63.546,47.5466,30.86298947368421,19.825872749778647,54.8,2183.0,2128.2,708.5742105263157,891.1594982193042,5.0,16.0,11.0,12.894736842105262,4.447290563005812,2.0,4.0,2.0,2.736842105263157,0.96475277788544,0.6,1.35,0.7500000000000001,0.8763157894736842,0.36178229170704,1.63,3.44,1.81,2.81578947368421,0.821297534325531,90.2,3680.0,3589.8,1336.9684210526316,1638.7579677601896,6110.0,8920.0,2810.0,7314.285714285714,1390.5893626481557,7.11,17.36,10.25,13.838421052631578,4.625131876535658,0.02658,400.0,399.97342,69.70099789473683,143.55223795850998,2.0,5.0,3.0,2.9473684210526314,1.2762479634718042,-2.0,1.0,3.0,-1.3157894736842104,1.0786263964168,8.4e-06,1.65e-05,8.100000000000002e-06,1.1871428571428572e-05,4.008460440373688e-06,140.0,160.0,20.0,151.42857142857142,9.89743318610787,128.0,130.0,2.0,128.85714285714283,0.9897433186107868,628.0,874.0,246.0,733.4285714285713,121.7384281891268,47.0,48.0,1.0,47.42857142857142,0.4948716593053935,3.0,7.0,4.0,5.285714285714286,1.979486637221574,369.0,628.0,259.0,517.0,128.17175976009693,1.678e-08,1.97e-07,1.8022e-07,1.1976285714285713e-07,8.918577044001804e-08,22.98976928,1.8,0.93,5.13907696,1.16,0.0,0.05,0.05,0.0,0.0,0.0,0.0,0.0,0.0,0.0,0.0,2.972639796551708
Na,Na0-1CuSe,CuSe,NaCuSe,mp-aaabhaik,11.0,34.0,23.0,24.666666666666664,9.877021593352705,11.0,93.0,82.0,58.66666666666667,34.77866523539332,22.98976928,78.96,55.97023071999999,55.16525642666666,23.60571016857268,370.87,1357.77,986.9,740.88,439.0939180479122,1.0,16.0,15.0,9.333333333333332,6.236095644623235,3.0,4.0,1.0,3.666666666666666,0.4714045207910317,1.15,1.8,0.6500000000000001,1.4333333333333331,0.2718251071716682,0.93,2.55,1.6199999999999997,1.7933333333333332,0.6656492236072155,958.0,3200.0,2242.0,1771.333333333333,1013.4486776458996,968.0,8920.0,7952.0,4902.333333333333,3246.9251437150333,7.11,23.78,16.67,15.77,6.8210018814443,0.52,400.0,399.48,180.1733333333333,165.54252249967544,1.0,6.0,5.0,3.6666666666666665,2.0548046676563256,-2.0,1.0,3.0,-0.6666666666666666,1.247219128924647,1.65e-05,7.1e-05,5.45e-05,4.3750000000000006e-05,2.725e-05,6.3,140.0,133.7,51.53333333333333,62.560708293802286,10.0,130.0,120.0,50.0,56.5685424949238,0.69,874.0,873.31,536.8966666666666,383.3181376988165,3.3,48.0,44.7,18.333333333333336,20.978136767173154,0.5,3.0,2.5,1.8333333333333333,1.0274023338281628,369.0,369.0,0.0,369.0,0.0,1.678e-08,4.77e-08,3.092e-08,3.224e-08,1.5459999999999997e-08,29.0,34.0,5.0,31.5,2.5,72.0,93.0,21.0,82.5,10.5,63.546,78.96,15.413999999999994,71.253,7.706999999999997,494.0,1357.77,863.77,925.885,431.885,11.0,16.0,5.0,13.5,2.5,4.0,4.0,0.0,4.0,0.0,1.15,1.35,0.2000000000000001,1.25,0.1,1.9,2.55,0.6499999999999999,2.225,0.3249999999999999,958.0,3200.0,2242.0,2079.0,1121.0,4819.0,8920.0,4101.0,6869.5,2050.5,7.11,16.42,9.310000000000002,11.765,4.655,0.52,400.0,399.48,200.26,199.74,4.0,6.0,2.0,5.0,1.0,-2.0,1.0,3.0,-0.5,1.5,1.65e-05,1.65e-05,0.0,1.65e-05,0.0,8.3,140.0,131.7,74.15,65.85,10.0,130.0,120.0,70.0,60.0,736.0,874.0,138.0,805.0,69.0,3.7,48.0,44.3,25.85,22.15,2.0,3.0,1.0,2.5,0.5,369.0,369.0,0.0,369.0,0.0,1.678e-08,1.678e-08,0.0,1.678e-08,0.0,22.98976928,1.8,0.93,5.13907696,1.16,0.0,0.333333333333333,0.333333333333333,0.0,0.0,0.0,0.0,0.0,0.0,0.0,0.0,1.617357171551722
Na,Na0-1VCu3Se4,VCu3Se4,NaVCu3Se4,mp-aaaabgip,11.0,34.0,23.0,28.555555555555557,7.135375270223254,11.0,93.0,82.0,72.55555555555554,25.399523666185864,22.98976928,78.96,55.97023071999999,64.48991880888889,17.467519094987903,370.87,2183.0,1812.13,955.9088888888888,594.9733365537287,1.0,16.0,15.0,11.444444444444445,5.101440125888443,3.0,4.0,1.0,3.888888888888888,0.3142696805273544,1.15,1.8,0.6500000000000001,1.3111111111111111,0.1968893905185484,0.93,2.55,1.6199999999999997,2.0511111111111107,0.52686587887335,958.0,3680.0,2722.0,2029.7777777777776,1163.7970210362455,968.0,8920.0,7952.0,5901.555555555555,2503.423128043817,7.11,23.78,16.67,13.234444444444446,5.661546924670581,0.52,400.0,399.48,152.56444444444443,179.83909296375103,1.0,6.0,5.0,4.666666666666666,1.563471919941143,-2.0,1.0,3.0,-0.7777777777777777,1.314684396244359,8.4e-06,7.1e-05,6.26e-05,2.578e-05,2.28265985201475e-05,6.3,160.0,153.7,68.83333333333333,68.37234658674352,10.0,130.0,120.0,63.1111111111111,59.38283411605008,0.69,874.0,873.31,688.2988888888888,255.82073412817132,3.3,48.0,44.7,23.23333333333333,21.930597600410053,0.5,7.0,6.5,2.7222222222222223,1.6850834320114558,369.0,628.0,259.0,433.75,112.1502897900848,1.678e-08,1.97e-07,1.8022e-07,5.9008e-08,7.002753012922848e-08,23.0,34.0,11.0,30.75,3.73329613076702,54.0,93.0,39.0,80.25,13.8901943830891,50.9415,78.96,28.0185,69.6774375,10.05287768327277,494.0,2183.0,1689.0,1029.03875,591.7014794944639,5.0,16.0,11.0,12.75,3.73329613076702,4.0,4.0,0.0,4.0,0.0,1.15,1.35,0.2000000000000001,1.25,0.1,1.63,2.55,0.92,2.19125,0.3681520575794735,958.0,3680.0,2722.0,2139.0,1190.109658813002,4819.0,8920.0,4101.0,6518.25,1904.6548079639,7.11,16.42,9.310000000000002,11.916250000000002,4.518962650598033,0.52,400.0,399.48,154.135,190.6899629634449,4.0,6.0,2.0,5.125,0.927024810886958,-2.0,1.0,3.0,-0.75,1.3919410907075054,8.4e-06,1.65e-05,8.100000000000002e-06,1.4475e-05,3.507402885326977e-06,8.3,160.0,151.7,76.65,68.62377503460444,10.0,130.0,120.0,69.75,59.75313799291214,628.0,874.0,246.0,774.25,84.47743781625955,3.7,48.0,44.3,25.725,22.027128160520608,2.0,7.0,5.0,3.0,1.5811388300841898,369.0,628.0,259.0,433.75,112.1502897900848,1.678e-08,1.97e-07,1.8022e-07,6.1835e-08,7.803754913501577e-08,22.98976928,1.8,0.93,5.13907696,1.16,0.0,0.111111111111111,0.111111111111111,0.0,0.0,0.0,0.0,0.0,0.0,0.0,0.0,0.537626946551722
Na,Na0-0.25FeSb3,FeSb3,Na(FeSb3)4,mp-aaacdhjx,11.0,51.0,40.0,42.76470588235294,13.166487815058463,11.0,88.0,77.0,77.11764705882354,20.04665837766301,22.98976928,121.76,98.77023072,100.44057466352942,33.78818374465806,370.87,1811.0,1440.13,1085.8958823529413,420.94852790082126,1.0,15.0,14.0,12.529411764705884,4.117647058823529,3.0,5.0,2.0,4.647058823529412,0.5882352941176471,1.4,1.8,0.4000000000000001,1.4588235294117649,0.0878422619004005,0.93,2.05,1.1199999999999997,1.9323529411764704,0.2670873268023181,1156.0,3134.0,1978.0,2118.3529411764707,586.7775348737594,968.0,7874.0,6906.0,6636.941176470589,1501.00822863239,7.09,23.78,16.69,15.907058823529416,5.061313204049021,24.0,140.0,116.0,44.0,33.60672201667224,1.0,6.0,5.0,5.0,1.0846522890932808,-3.0,-1.0,2.0,-2.647058823529412,0.5882352941176471,1.1e-05,7.1e-05,6.000000000000001e-05,1.471764705882353e-05,1.407460104101242e-05,6.3,170.0,163.7,70.01764705882353,56.08065866960381,10.0,211.0,201.0,89.05882352941177,68.4487533408026,0.69,490.0,489.31,322.86411764705883,115.18052894370152,3.3,82.0,78.7,33.60588235294118,27.124819773610756,0.5,4.0,3.5,3.088235294117647,0.7714633558002354,608.0,608.0,0.0,608.0,0.0,4.77e-08,4.17e-07,3.693e-07,3.1977058823529413e-07,1.5099264401523938e-07,26.0,51.0,25.0,44.75,10.825317547305485,61.0,88.0,27.0,81.25,11.691342951089922,55.845,121.76,65.915,105.28125,28.54203224522564,903.78,1811.0,907.22,1130.585,392.83778341065926,8.0,15.0,7.0,13.25,3.031088913245535,4.0,5.0,1.0,4.75,0.4330127018922193,1.4,1.45,0.05,1.4375,0.0216506350946109,1.83,2.05,0.2199999999999997,1.995,0.0952627944162881,1860.0,3134.0,1274.0,2178.5,551.6581822106874,6697.0,7874.0,1177.0,6991.25,509.65595012714215,7.09,18.19,11.1,15.415000000000004,4.806440991003635,24.0,80.0,56.0,38.0,24.24871130596428,5.0,6.0,1.0,5.25,0.4330127018922193,-3.0,-2.0,1.0,-2.75,0.4330127018922193,1.1e-05,1.18e-05,8.000000000000008e-07,1.12e-05,3.464101615137758e-07,42.0,170.0,128.0,74.0,55.42562584220407,55.0,211.0,156.0,94.0,67.54998149518622,294.0,490.0,196.0,343.0,84.870489570875,20.0,82.0,62.0,35.5,26.8467875173176,3.0,4.0,1.0,3.25,0.4330127018922193,608.0,608.0,0.0,608.0,0.0,9.61e-08,4.17e-07,3.209e-07,3.36775e-07,1.3895377603721317e-07,22.98976928,1.8,0.93,5.13907696,1.16,0.0,0.058823529411764,0.058823529411764,0.0,0.0,0.0,0.0,0.0,0.0,0.0,0.0,0.965591996551712
Na,Na0-1Mn(GeO3)2,Mn(GeO3)2,NaMn(GeO3)2,mp-aaachjmd,8.0,32.0,24.0,14.8,9.937806599043876,11.0,101.0,90.0,84.5,27.63421791909444,15.9994,72.64,56.6406,31.920421428,23.33797172146381,54.8,1519.0,1464.2,464.1470000000001,569.5243050836374,1.0,16.0,15.0,13.2,4.853864439804639,2.0,4.0,2.0,2.7,0.9,0.6,1.8,1.2000000000000002,0.93,0.428485705712571,0.93,3.44,2.51,2.714,0.932268201753122,90.2,3093.0,3002.8,1021.72,1246.0693662874469,968.0,7470.0,6502.0,4771.0,2364.149847196662,7.35,23.78,16.43,16.255,3.9627269651087498,0.02658,140.0,139.97342,26.795948000000003,44.36284024585369,1.0,7.0,6.0,2.8,1.661324772583615,-4.0,-1.0,3.0,-2.4000000000000004,0.916515138991168,6e-06,7.1e-05,6.500000000000001e-05,2.6175e-05,2.6661618011666136e-05,6.3,120.0,113.7,63.15,56.85,10.0,198.0,188.0,104.0,94.0,0.69,196.0,195.31,98.345,97.655,3.3,3.3,0.0,3.3,0.0,0.5,6.0,5.5,4.625,2.381569860407206,628.0,970.0,0.0,706.0,0.0,4.77e-08,0.0005,0.0004999523,0.000250371925,0.0002496285603464,8.0,32.0,24.0,15.22222222222222,10.389928646720852,60.0,101.0,41.0,92.66666666666666,13.474255287605155,15.9994,72.64,56.6406,32.91271611111111,24.399432721745097,54.8,1519.0,1464.2,474.5111111111111,599.436032069486,7.0,16.0,9.0,14.555555555555554,2.793290019994785,2.0,4.0,2.0,2.6666666666666665,0.9428090415820634,0.6,1.4,0.7999999999999999,0.8333333333333333,0.332498955721,1.55,3.44,1.89,2.912222222222222,0.7568175734654771,90.2,3093.0,3002.8,1006.7999999999998,1312.624769942525,5323.0,7470.0,2147.0,6038.666666666666,1012.105506138345,7.35,17.36,10.01,15.418888888888889,3.233757513222194,0.02658,60.0,59.97342,14.21772,24.5889590873465,2.0,7.0,5.0,3.0,1.632993161855452,-4.0,-2.0,2.0,-2.555555555555556,0.8314794192830981,6e-06,2.17e-05,1.57e-05,1.1233333333333331e-05,7.401050976419197e-06,120.0,120.0,0.0,120.0,0.0,198.0,198.0,0.0,198.0,0.0,196.0,196.0,0.0,196.0,0.0,26.0,75.0,0.0,47.0,0.0,6.0,6.0,0.0,6.0,0.0,628.0,970.0,0.0,716.75,0.0,1.44e-06,0.0005,0.00049856,0.0003338133333333,0.0002350234378855,22.98976928,1.8,0.93,5.13907696,1.16,0.0,0.1,0.1,0.0,0.0,0.0,0.0,0.0,0.0,0.0,0.0,3.954146031551719
Na,Na0-3Ge3(MoO6)2,Ge3(MoO6)2,Na3Ge3(MoO6)2,mp-aaaczqfs,8.0,42.0,34.0,15.45,12.15925573380213,11.0,101.0,90.0,80.44999999999999,32.226503068127016,15.9994,95.94,79.9406,33.538105392,28.63559307336318,54.8,2896.0,2841.2,559.8205,876.2645772338113,1.0,16.0,15.0,12.45,5.634491991297884,2.0,5.0,3.0,2.75,1.0428326807307104,0.6,1.8,1.2000000000000002,0.9625,0.4692747063288197,0.93,3.44,2.51,2.721,0.9479604422126484,90.2,4912.0,4821.8,1182.67,1629.2315504863022,968.0,10280.0,9312.0,4929.125,3619.403833419946,9.38,23.78,14.4,16.9655,3.8054966495846494,0.02658,140.0,139.97342,43.915948,59.0210973733896,1.0,6.0,5.0,2.55,1.4309088021254184,-4.0,-1.0,3.0,-2.15,0.852936105461599,4.8e-06,7.1e-05,6.620000000000001e-05,3.0075e-05,3.17037754060932e-05,6.3,230.0,223.7,95.78,109.5901710921194,10.0,329.0,319.0,137.6,156.27744558956675,0.69,1500.0,1499.31,600.414,734.5088932504493,3.3,20.0,16.7,9.98,8.181295740895814,0.5,6.0,5.5,3.8125,2.5731486062798625,1530.0,1530.0,0.0,1530.0,0.0,4.77e-08,0.0005,0.0004999523,0.0001875312374999,0.0002420372626845,8.0,42.0,34.0,16.23529411764706,13.031768476280462,56.0,101.0,45.0,92.7058823529412,14.847319844820293,15.9994,95.94,79.9406,35.39957647058824,30.68553535584381,54.8,2896.0,2841.2,593.1647058823529,946.5349842458992,6.0,16.0,10.0,14.47058823529412,3.1829998255220437,2.0,5.0,3.0,2.7058823529411766,1.1253603805711172,0.6,1.45,0.85,0.8147058823529412,0.336838548287539,2.01,3.44,1.4300000000000002,3.037058823529412,0.6255046405609808,90.2,4912.0,4821.8,1187.3764705882354,1767.1079475430745,5323.0,10280.0,4957.0,7305.799999999999,2428.424130995242,9.38,17.36,7.979999999999999,15.762941176470587,2.7196383079283826,0.02658,139.0,138.97342,26.959938823529413,46.70669265224593,2.0,6.0,4.0,2.8235294117647056,1.3820400146436154,-4.0,-2.0,2.0,-2.3529411764705883,0.7624400821656306,4.8e-06,6e-06,1.2000000000000004e-06,5.52e-06,5.878775382679629e-07,230.0,230.0,0.0,230.0,0.0,329.0,329.0,0.0,329.0,0.0,1500.0,1500.0,0.0,1500.0,0.0,20.0,20.0,0.0,20.0,0.0,5.5,6.0,0.5,5.799999999999999,0.2449489742783178,1530.0,1530.0,0.0,1530.0,0.0,5.34e-08,0.0005,0.0004999466,0.0003000213599999,0.0002449228137278,22.98976928,1.8,0.93,5.13907696,1.16,0.0,0.15,0.15,0.0,0.0,0.0,0.0,0.0,0.0,0.0,0.0,3.290833919051724
Na,Na0-1V(GeO3)2,V(GeO3)2,NaV(GeO3)2,mp-aaachjex,8.0,32.0,24.0,14.6,9.748846085563152,11.0,101.0,90.0,83.89999999999999,28.21861088005573,15.9994,72.64,56.6406,31.520766928,22.97172705450038,54.8,2183.0,2128.2,530.547,710.0162339559567,1.0,16.0,15.0,13.0,5.138093031466052,2.0,4.0,2.0,2.7,0.9,0.6,1.8,1.2000000000000002,0.925,0.4232316150761897,0.93,3.44,2.51,2.722,0.9225378041034415,90.2,3680.0,3589.8,1156.32,1438.405047822066,968.0,6110.0,5142.0,4431.0,2025.014691304732,8.32,23.78,15.46,16.351999999999997,3.749708788692797,0.02658,140.0,139.97342,29.115948000000003,43.9131187227591,1.0,5.0,4.0,2.6,1.2,-4.0,-1.0,3.0,-2.2,0.9797958971132712,6e-06,7.1e-05,6.500000000000001e-05,2.285e-05,2.7816676652684448e-05,6.3,160.0,153.7,83.15,76.85000000000001,10.0,128.0,118.0,69.0,59.0,0.69,628.0,627.31,314.345,313.65500000000003,3.3,47.0,43.7,25.15,21.85,0.5,7.0,6.5,4.875,2.55868618630734,628.0,628.0,0.0,628.0,0.0,4.77e-08,0.0005,0.0004999523,0.000250061175,0.0002499388305739,8.0,32.0,24.0,15.0,10.198039027185567,54.0,101.0,47.0,92.0,15.121728296285006,15.9994,72.64,56.6406,32.46865555555556,24.02808098441447,54.8,2183.0,2128.2,548.2888888888889,746.3169425689277,5.0,16.0,11.0,14.333333333333332,3.39934634239519,2.0,4.0,2.0,2.6666666666666665,0.9428090415820634,0.6,1.35,0.7500000000000001,0.8277777777777777,0.3232741450216924,1.63,3.44,1.81,2.9211111111111108,0.7410719629840193,90.2,3680.0,3589.8,1156.3555555555556,1516.2120454981157,5323.0,6110.0,787.0,5585.333333333333,370.99535786254194,8.32,17.36,9.04,15.526666666666666,2.968302919552218,0.02658,60.0,59.97342,16.795497777777776,24.99378929198291,2.0,5.0,3.0,2.7777777777777777,1.133115447465063,-4.0,-1.0,3.0,-2.333333333333333,0.9428090415820634,6e-06,8.4e-06,2.399999999999999e-06,6.799999999999999e-06,1.1313708498984757e-06,160.0,160.0,0.0,160.0,0.0,128.0,128.0,0.0,128.0,0.0,628.0,628.0,0.0,628.0,0.0,47.0,47.0,0.0,47.0,0.0,6.0,7.0,1.0,6.333333333333333,0.4714045207910317,628.0,628.0,0.0,628.0,0.0,1.97e-07,0.0005,0.000499803,0.000333399,0.0002356093937049,22.98976928,1.8,0.93,5.13907696,1.16,0.0,0.1,0.1,0.0,0.0,0.0,0.0,0.0,0.0,0.0,0.0,3.156789026551724
Na,Na0-2MnH4(SO5)2,MnH4(SO5)2,Na2MnH4(SO5)2,mp-aaabryzu,1.0,25.0,24.0,8.578947368421051,5.733702665851083,11.0,103.0,92.0,89.05263157894737,28.361340782296047,1.00794,54.938045,53.930105000000005,17.31964966105263,12.557264565604788,14.01,1519.0,1504.99,191.6578947368421,341.5899657804422,1.0,16.0,15.0,10.789473684210526,6.940187676579761,1.0,4.0,3.0,2.1052631578947367,0.7877173445839877,0.25,1.8,1.55,0.7368421052631579,0.4573499481461128,0.93,3.44,2.51,2.724736842105263,0.8608891879364132,20.28,2334.0,2313.72,371.83473684210526,589.689830534203,968.0,7470.0,6502.0,2665.2,2443.0183298534625,7.35,23.78,16.43,16.06578947368421,3.9645830945476983,0.02658,140.0,139.97342,15.220936842105264,42.83333673872564,1.0,7.0,6.0,2.3684210526315788,1.783270983799728,-3.0,-1.0,2.0,-1.7368421052631575,0.5469634129164875,2.17e-05,7.1e-05,4.9300000000000006e-05,5.456666666666667e-05,2.3240242874997865e-05,6.3,120.0,113.7,29.6,45.20433607520412,10.0,198.0,188.0,72.66666666666667,88.62404990871396,0.69,196.0,195.31,65.79333333333332,92.0700169556964,3.3,3.3,0.0,3.3,0.0,0.5,6.0,5.5,2.2,2.0149441679609885,628.0,970.0,0.0,706.0,0.0,4.77e-08,2000000000000000.0,2000000000000000.0,800000000000000.0,979795897113271.2,1.0,25.0,24.0,8.294117647058822,5.997692751308652,60.0,103.0,43.0,98.23529411764709,9.89669827155505,1.00794,54.938045,53.930105000000005,16.65257676470588,13.115208268672731,14.01,1519.0,1504.99,170.5741176470588,355.2297927532481,1.0,16.0,15.0,11.941176470588236,6.421201905409501,1.0,4.0,3.0,2.0,0.7669649888473704,0.25,1.4,1.15,0.611764705882353,0.2918145118779403,1.55,3.44,1.89,2.935882352941176,0.6362302471084191,20.28,2334.0,2313.72,279.58,554.7883321114989,1960.0,7470.0,5510.0,3796.666666666667,2597.438909558585,7.35,17.36,10.01,15.158235294117643,3.121276577627885,0.02658,7.8,7.77342,0.5410470588235294,1.8163472285032256,1.0,7.0,6.0,2.5294117647058822,1.818779392204742,-3.0,-1.0,2.0,-1.8235294117647056,0.5128116404165498,2.17e-05,2.17e-05,0.0,2.17e-05,0.0,7.7,120.0,112.3,45.13333333333334,52.93872768483286,198.0,198.0,0.0,198.0,0.0,196.0,196.0,0.0,196.0,0.0,26.0,75.0,0.0,47.0,0.0,2.0,6.0,4.0,3.333333333333333,1.885618083164127,628.0,970.0,0.0,716.75,0.0,1.44e-06,2000000000000000.0,2000000000000000.0,1333333333333333.5,942809041582063.4,22.98976928,1.8,0.93,5.13907696,1.16,0.0,0.105263157894736,0.105263157894736,0.0,0.0,0.0,0.0,0.0,0.0,0.0,0.0,4.239597669051729
Na,Na0-2NiH12(SO7)2,NiH12(SO7)2,Na2NiH12(SO7)2,mp-aaackris,1.0,28.0,27.0,6.64516129032258,5.894493806261055,11.0,103.0,92.0,94.41935483870968,22.831464132255658,1.00794,58.6934,57.68546,13.060961889032257,12.52864417238987,14.01,1728.0,1713.99,134.89612903225807,313.3076443233826,1.0,16.0,15.0,9.032258064516128,7.363746727643923,1.0,4.0,3.0,1.806451612903226,0.7795513531351337,0.25,1.8,1.55,0.5919354838709677,0.4107618362996369,0.93,3.44,2.51,2.693225806451613,0.7531370397373571,20.28,3186.0,3165.72,272.2548387096774,613.6873997080744,968.0,8908.0,7940.0,2952.8,3010.467498578917,6.59,23.78,17.19,15.009354838709678,3.840510664535652,0.02658,140.0,139.97342,12.062842580645162,37.23101707216426,1.0,6.0,5.0,1.870967741935484,1.263429421133299,-2.0,-1.0,1.0,-1.5161290322580645,0.4997397866074086,1.34e-05,7.1e-05,5.76e-05,5.1800000000000005e-05,2.7152900397563427e-05,6.3,180.0,173.7,41.6,69.20283231197983,10.0,200.0,190.0,73.33333333333333,89.56685895029601,0.69,700.0,699.31,233.7933333333333,329.6578954343764,3.3,76.0,72.7,27.53333333333333,34.271108661508,0.5,4.0,3.5,1.8,1.2884098726725126,638.0,638.0,0.0,638.0,0.0,4.77e-08,2000000000000000.0,2000000000000000.0,800000000000000.0,979795897113271.2,1.0,28.0,27.0,6.344827586206897,5.978558597296506,67.0,103.0,36.0,100.17241379310344,6.649184370604601,1.00794,58.6934,57.68546,12.376216551724138,12.669832248846284,14.01,1728.0,1713.99,118.62206896551724,317.5316567588108,1.0,16.0,15.0,9.586206896551724,7.294387267781046,1.0,4.0,3.0,1.7241379310344829,0.7379632606562999,0.25,1.35,1.1,0.5086206896551724,0.2697600995256268,1.91,3.44,1.53,2.8148275862068965,0.6141134383003437,20.28,3186.0,3165.72,211.30689655172412,587.374140391551,1960.0,8908.0,6948.0,4276.0,3275.318610456088,6.59,17.36,10.77,14.404482758620691,3.1773797339695906,0.02658,91.0,90.97342,3.2395903448275862,16.585339892853543,1.0,6.0,5.0,1.9310344827586208,1.2846852420825623,-2.0,-1.0,1.0,-1.5517241379310347,0.4973174173053779,1.34e-05,1.34e-05,0.0,1.34e-05,0.0,7.7,180.0,172.3,65.13333333333333,81.22299893229476,200.0,200.0,0.0,200.0,0.0,700.0,700.0,0.0,700.0,0.0,76.0,76.0,0.0,76.0,0.0,2.0,4.0,2.0,2.6666666666666665,0.9428090415820634,638.0,638.0,0.0,638.0,0.0,6.93e-08,2000000000000000.0,2000000000000000.0,1333333333333333.2,942809041582063.4,22.98976928,1.8,0.93,5.13907696,1.16,0.0,0.064516129032258,0.064516129032258,0.0,0.0,0.0,0.0,0.0,0.0,0.0,0.0,4.567539719051727
Na,Na1-2KSb,KNaSb,KNa2Sb,mp-aaackpwd,11.0,51.0,40.0,23.0,16.492422502470642,10.0,88.0,78.0,30.0,33.4888040992807,22.98976928,121.76,98.77023072,51.709459640000006,40.97487272994911,336.53,903.78,567.25,495.5125,236.1298861193771,1.0,15.0,14.0,4.5,6.06217782649107,3.0,5.0,2.0,3.75,0.82915619758885,1.45,2.2,0.7500000000000002,1.8125,0.2654595072699414,0.82,2.05,1.23,1.1825,0.5028605671555485,1032.0,1860.0,828.0,1301.0,326.68486343875804,856.0,6697.0,5841.0,2372.25,2497.314194790075,18.19,45.94,27.75,27.9225,10.64979430552534,24.0,140.0,116.0,101.0,47.36032094485847,1.0,5.0,4.0,2.0,1.7320508075688772,-3.0,-1.0,2.0,-1.5,0.8660254037844386,1.1e-05,7.1e-05,6.000000000000001e-05,5.1000000000000006e-05,2.8284271247461906e-05,3.1,42.0,38.9,14.425,15.97394362704464,10.0,55.0,45.0,25.0,21.213203435596427,0.363,294.0,293.637,73.93575,127.05422410997402,1.3,20.0,18.7,6.975,7.564183696870403,0.4,3.0,2.6,1.1,1.0977249200050074,628.0,970.0,0.0,706.0,0.0,4.77e-08,4.17e-07,3.693e-07,1.461e-07,1.567184896558157e-07,11.0,51.0,40.0,27.0,17.281975195754292,10.0,88.0,78.0,36.33333333333333,36.53613127971938,22.98976928,121.76,98.77023072,61.28268976,43.26661515832735,336.53,903.78,567.25,537.06,259.68888783824895,1.0,15.0,14.0,5.666666666666667,6.599663291074443,3.0,5.0,2.0,4.0,0.816496580927726,1.45,2.2,0.7500000000000002,1.8166666666666669,0.3064129385141707,0.82,2.05,1.23,1.2666666666666666,0.5557177541002466,1032.0,1860.0,828.0,1349.3333333333333,364.6270545213134,856.0,6697.0,5841.0,2840.333333333333,2727.4584424983555,18.19,45.94,27.75,29.30333333333333,11.98321140410848,24.0,140.0,116.0,88.0,48.11098280711657,1.0,5.0,4.0,2.333333333333333,1.8856180831641267,-3.0,-1.0,2.0,-1.6666666666666663,0.9428090415820634,1.1e-05,7.1e-05,6.000000000000001e-05,4.1e-05,3e-05,3.1,42.0,38.9,17.133333333333333,17.631852489804416,10.0,55.0,45.0,32.5,22.5,0.363,294.0,293.637,98.351,138.3447990421035,1.3,20.0,18.7,8.2,8.383714371724901,0.4,3.0,2.6,1.3,1.2027745701779142,628.0,970.0,0.0,716.75,0.0,4.77e-08,4.17e-07,3.693e-07,1.789e-07,1.6865414314507667e-07,22.98976928,1.8,0.93,5.13907696,1.16,0.333333333333333,0.5,0.166666666666667,0.0,0.0,0.0,0.0,0.0,0.0,0.0,0.0,1.308978026551724
Na,Na0-2MgMn4O8,MgMn4O8,Na2MgMn4O8,mp-aaaewgue,8.0,25.0,17.0,13.2,7.231412955524897,11.0,101.0,90.0,76.2,31.07238860038496,15.9994,54.938045,38.938645,27.86879457066667,16.569747337307362,54.8,1519.0,1464.2,545.2760000000001,628.2567251880397,1.0,16.0,15.0,10.666666666666666,6.018490028422596,2.0,4.0,2.0,2.7333333333333334,0.8537498983243799,0.6,1.8,1.2000000000000002,1.0333333333333332,0.4784233364802441,0.93,3.44,2.51,2.4593333333333334,1.0645779549766292,90.2,2334.0,2243.8,915.5066666666668,959.6341827082975,968.0,7470.0,6502.0,4793.428571428572,3099.76012238472,7.35,23.78,16.43,15.322666666666668,5.368189597579016,0.02658,160.0,159.97342,31.427509333333333,57.86653639108985,1.0,7.0,6.0,3.2,2.3151673805580453,-3.0,1.0,4.0,-1.9333333333333331,0.9977753031397176,8.2e-06,7.1e-05,6.280000000000001e-05,3.3857142857142854e-05,2.3930426367335145e-05,6.3,120.0,113.7,76.8,51.29285664551296,10.0,198.0,188.0,122.42857142857142,87.9283103164279,0.69,260.0,259.31,149.34,96.47198186890476,3.3,17.0,13.7,7.866666666666665,6.458241934837134,0.5,6.0,5.5,3.928571428571429,2.470230923684369,628.0,970.0,0.0,706.0,0.0,4.39e-08,1.44e-06,1.3961e-06,8.427571428571428e-07,6.896376457596987e-07,8.0,25.0,17.0,13.538461538461538,7.712281759688789,60.0,101.0,41.0,86.23076923076924,18.958066463214774,15.9994,54.938045,38.938645,28.61941384615385,17.67965703178832,54.8,1519.0,1464.2,572.1076923076924,670.8435315235456,2.0,16.0,14.0,12.153846153846157,5.020667345255607,2.0,4.0,2.0,2.6923076923076925,0.910166120476864,0.6,1.5,0.9,0.9153846153846156,0.3997040325158947,1.31,3.44,2.13,2.6946153846153846,0.9447231208920044,90.2,2334.0,2243.8,878.5076923076923,1025.820360988098,1738.0,7470.0,5732.0,6323.6,2292.8,7.35,17.36,10.01,14.021538461538462,4.533641508262843,0.02658,160.0,159.97342,14.724049230769232,42.08507548107368,2.0,7.0,5.0,3.5384615384615388,2.307692307692308,-3.0,1.0,4.0,-2.076923076923077,0.9970370305242862,8.2e-06,2.17e-05,1.35e-05,1.9e-05,5.4e-06,45.0,120.0,75.0,105.0,30.0,45.0,198.0,153.0,167.4,61.2,196.0,260.0,64.0,208.8,25.6,17.0,17.0,0.0,17.0,0.0,2.5,6.0,3.5,5.300000000000001,1.4,628.0,970.0,0.0,716.75,0.0,4.39e-08,1.44e-06,1.3961e-06,1.16078e-06,5.584400000000001e-07,22.98976928,1.8,0.93,5.13907696,1.16,0.0,0.133333333333333,0.133333333333333,0.0,0.0,0.0,0.0,0.0,0.0,0.0,0.0,3.827439061551718
Na,Na0-4MgMn4O8,MgMn4O8,Na4MgMn4O8,mp-aaacfdtv,8.0,25.0,17.0,12.941176470588236,6.829611893505878,11.0,101.0,90.0,68.52941176470588,35.96095537410936,15.9994,54.938045,38.938645,27.294791595294114,15.643748098802686,54.8,1519.0,1464.2,524.7576470588235,592.8136077021314,1.0,16.0,15.0,9.529411764705882,6.45452551733892,2.0,4.0,2.0,2.764705882352941,0.8065476000471816,0.6,1.8,1.2000000000000002,1.123529411764706,0.5128116404165498,0.93,3.44,2.51,2.2794117647058822,1.114801330695481,90.2,2334.0,2243.8,943.8,904.7434423473808,968.0,7470.0,6502.0,3943.333333333333,3162.689432183382,7.35,23.78,16.43,16.317647058823532,5.73167209912632,0.02658,160.0,159.97342,44.20074352941177,64.63943809205982,1.0,7.0,6.0,2.9411764705882355,2.287320246496892,-3.0,1.0,4.0,-1.8235294117647056,0.9843059135695006,8.2e-06,7.1e-05,6.280000000000001e-05,4.211111111111111e-05,2.615060842480829e-05,6.3,120.0,113.7,61.133333333333326,53.9013502201527,10.0,198.0,188.0,97.44444444444444,90.54294390706558,0.69,260.0,259.31,116.30666666666664,105.15635871300309,3.3,17.0,13.7,6.039999999999999,5.48,0.5,6.0,5.5,3.1666666666666665,2.6034165586355518,628.0,970.0,0.0,706.0,0.0,4.39e-08,1.44e-06,1.3961e-06,6.660777777777777e-07,6.92218006407708e-07,8.0,25.0,17.0,13.538461538461538,7.712281759688789,60.0,101.0,41.0,86.23076923076924,18.958066463214774,15.9994,54.938045,38.938645,28.61941384615385,17.67965703178832,54.8,1519.0,1464.2,572.1076923076924,670.8435315235456,2.0,16.0,14.0,12.153846153846157,5.020667345255607,2.0,4.0,2.0,2.6923076923076925,0.910166120476864,0.6,1.5,0.9,0.9153846153846156,0.3997040325158947,1.31,3.44,2.13,2.6946153846153846,0.9447231208920044,90.2,2334.0,2243.8,878.5076923076923,1025.820360988098,1738.0,7470.0,5732.0,6323.6,2292.8,7.35,17.36,10.01,14.021538461538462,4.533641508262843,0.02658,160.0,159.97342,14.724049230769232,42.08507548107368,2.0,7.0,5.0,3.5384615384615388,2.307692307692308,-3.0,1.0,4.0,-2.076923076923077,0.9970370305242862,8.2e-06,2.17e-05,1.35e-05,1.9e-05,5.4e-06,45.0,120.0,75.0,105.0,30.0,45.0,198.0,153.0,167.4,61.2,196.0,260.0,64.0,208.8,25.6,17.0,17.0,0.0,17.0,0.0,2.5,6.0,3.5,5.300000000000001,1.4,628.0,970.0,0.0,716.75,0.0,4.39e-08,1.44e-06,1.3961e-06,1.16078e-06,5.584400000000001e-07,22.98976928,1.8,0.93,5.13907696,1.16,0.0,0.235294117647058,0.235294117647058,0.0,0.0,0.0,0.0,0.0,0.0,0.0,0.0,1.291416084051725
Na,Na0-1MgMn2O4,MgMn2O4,NaMgMn2O4,mp-aaacfbci,8.0,25.0,17.0,13.125,7.00780814520489,11.0,101.0,90.0,76.0,30.09568075322437,15.9994,54.938045,38.938645,27.64605741,16.066764501197632,54.8,1519.0,1464.2,568.88375,615.140019506484,1.0,16.0,15.0,10.125,6.193494570918747,2.0,4.0,2.0,2.75,0.82915619758885,0.6,1.8,1.2000000000000002,1.0625,0.4768057780690163,0.93,3.44,2.51,2.3875,1.0676580679224974,90.2,2334.0,2243.8,943.475,935.4544721016624,968.0,7470.0,6502.0,4411.5,3070.59192176362,7.35,23.78,16.43,15.24,5.207578611984653,0.02658,160.0,159.97342,39.46329,64.09258221997378,1.0,7.0,6.0,3.125,2.2603926650031405,-3.0,1.0,4.0,-1.75,1.1989578808281798,8.2e-06,7.1e-05,6.280000000000001e-05,3.065e-05,2.393914158862009e-05,6.3,120.0,113.7,72.825,49.11915995820775,10.0,198.0,188.0,112.75,86.1434124004848,0.69,260.0,259.31,163.1725,97.37994798083432,3.3,17.0,13.7,10.15,6.85,0.5,6.0,5.5,3.75,2.358495283014151,628.0,970.0,0.0,706.0,0.0,4.39e-08,1.44e-06,1.3961e-06,7.429e-07,6.97101294648059e-07,8.0,25.0,17.0,13.428571428571429,7.442295015789203,60.0,101.0,41.0,85.28571428571428,18.583512552139062,15.9994,54.938045,38.938645,28.311241428571428,17.072739610669384,54.8,1519.0,1464.2,597.1714285714286,652.7269341862989,2.0,16.0,14.0,11.428571428571429,5.499536158548616,2.0,4.0,2.0,2.7142857142857144,0.8806305718527109,0.6,1.5,0.9,0.9571428571428572,0.4135461378894322,1.31,3.44,2.13,2.5957142857142856,0.9777066042947816,90.2,2334.0,2243.8,913.1142857142856,996.3491405104528,1738.0,7470.0,5732.0,5559.333333333333,2702.0907131741938,7.35,17.36,10.01,14.02,4.368729792514067,0.02658,160.0,159.97342,25.10090285714285,55.17672329664222,2.0,7.0,5.0,3.4285714285714284,2.258769757263128,-3.0,1.0,4.0,-1.857142857142857,1.245399698154478,8.2e-06,2.17e-05,1.35e-05,1.7199999999999998e-05,6.363961030678927e-06,45.0,120.0,75.0,95.0,35.35533905932738,45.0,198.0,153.0,147.0,72.12489168102785,196.0,260.0,64.0,217.3333333333333,30.169889330626027,17.0,17.0,0.0,17.0,0.0,2.5,6.0,3.5,4.833333333333333,1.6499158227686108,628.0,970.0,0.0,716.75,0.0,4.39e-08,1.44e-06,1.3961e-06,9.746333333333331e-07,6.581278514763593e-07,22.98976928,1.8,0.93,5.13907696,1.16,0.0,0.125,0.125,0.0,0.0,0.0,0.0,0.0,0.0,0.0,0.0,1.966128981551723
Na,Na0-1MgMn4O8,MgMn4O8,NaMgMn4O8,mp-aaadbdkd,8.0,25.0,17.0,13.357142857142856,7.460439884169439,11.0,101.0,90.0,80.85714285714285,26.629353146097856,15.9994,54.938045,38.938645,28.21729637714285,17.098125764911988,54.8,1519.0,1464.2,557.7335714285714,648.5152032099077,1.0,16.0,15.0,11.357142857142858,5.6265587409451365,2.0,4.0,2.0,2.7142857142857144,0.8806305718527109,0.6,1.8,1.2000000000000002,0.9785714285714284,0.4474987173622024,0.93,3.44,2.51,2.5685714285714285,1.017488905821281,90.2,2334.0,2243.8,898.3285714285714,991.08519918361,968.0,7470.0,6502.0,5431.0,2892.1359465511528,7.35,23.78,16.43,14.718571428571428,5.040028142130695,0.02658,160.0,159.97342,23.672331428571425,51.82253770477073,1.0,7.0,6.0,3.357142857142857,2.3178543913697074,-3.0,1.0,4.0,-2.0,1.0,8.2e-06,7.1e-05,6.280000000000001e-05,2.7666666666666664e-05,1.999638856282693e-05,6.3,120.0,113.7,88.55,45.858614239856834,10.0,198.0,188.0,141.16666666666666,81.00702987327018,0.69,260.0,259.31,174.11499999999998,81.00234230152442,3.3,17.0,13.7,10.15,6.85,0.5,6.0,5.5,4.5,2.19848432637882,628.0,970.0,0.0,706.0,0.0,4.39e-08,1.44e-06,1.3961e-06,9.752666666666666e-07,6.572330983414906e-07,8.0,25.0,17.0,13.538461538461538,7.712281759688789,60.0,101.0,41.0,86.23076923076924,18.958066463214774,15.9994,54.938045,38.938645,28.61941384615385,17.67965703178832,54.8,1519.0,1464.2,572.1076923076924,670.8435315235456,2.0,16.0,14.0,12.153846153846157,5.020667345255607,2.0,4.0,2.0,2.6923076923076925,0.910166120476864,0.6,1.5,0.9,0.9153846153846156,0.3997040325158947,1.31,3.44,2.13,2.6946153846153846,0.9447231208920044,90.2,2334.0,2243.8,878.5076923076923,1025.820360988098,1738.0,7470.0,5732.0,6323.6,2292.8,7.35,17.36,10.01,14.021538461538462,4.533641508262843,0.02658,160.0,159.97342,14.724049230769232,42.08507548107368,2.0,7.0,5.0,3.5384615384615388,2.307692307692308,-3.0,1.0,4.0,-2.076923076923077,0.9970370305242862,8.2e-06,2.17e-05,1.35e-05,1.9e-05,5.4e-06,45.0,120.0,75.0,105.0,30.0,45.0,198.0,153.0,167.4,61.2,196.0,260.0,64.0,208.8,25.6,17.0,17.0,0.0,17.0,0.0,2.5,6.0,3.5,5.300000000000001,1.4,628.0,970.0,0.0,716.75,0.0,4.39e-08,1.44e-06,1.3961e-06,1.16078e-06,5.584400000000001e-07,22.98976928,1.8,0.93,5.13907696,1.16,0.0,0.071428571428571,0.071428571428571,0.0,0.0,0.0,0.0,0.0,0.0,0.0,0.0,2.445934506551726
Na,Na2-4Mg(NiO2)5,Na2Mg(NiO2)5,Na4Mg(NiO2)5,mp-aaaewvot,8.0,28.0,20.0,13.8,8.304215796810679,11.0,101.0,90.0,73.1,34.20219291215111,15.9994,58.6934,42.694,28.486253856,17.691667300767655,54.8,1728.0,1673.2,579.724,694.2787373987483,1.0,16.0,15.0,10.8,6.063002556489648,2.0,4.0,2.0,2.75,0.82915619758885,0.6,1.8,1.2000000000000002,1.0725,0.4958515402819679,0.93,3.44,2.51,2.449,1.0440349611004411,90.2,3186.0,3095.8,1140.9499999999998,1264.9528716517466,968.0,8908.0,7940.0,5015.0,3899.0872008715055,6.59,23.78,17.19,15.7835,5.943116417335268,0.02658,160.0,159.97342,58.76329,61.78289489514149,1.0,4.0,3.0,2.3,1.0535653752852738,-2.0,1.0,3.0,-1.4,0.7348469228349535,8.2e-06,7.1e-05,6.280000000000001e-05,3.592e-05,2.868200829788598e-05,6.3,180.0,173.7,97.02,83.69883870162118,10.0,200.0,190.0,108.5,92.033961123055,0.69,700.0,699.31,376.276,331.9285499380853,3.3,76.0,72.7,41.02,35.193971074603105,0.5,4.0,3.5,2.45,1.65,638.0,638.0,0.0,638.0,0.0,4.39e-08,6.93e-08,2.54e-08,5.8120000000000014e-08,1.123154486257345e-08,8.0,28.0,20.0,14.111111111111112,8.697949240347079,11.0,101.0,90.0,80.0,28.699593493056074,15.9994,58.6934,42.694,29.09697436444445,18.54838345834841,54.8,1728.0,1673.2,602.93,728.1455129909742,1.0,16.0,15.0,11.88888888888889,5.384018417593652,2.0,4.0,2.0,2.7222222222222223,0.8695819912499182,0.6,1.8,1.2000000000000002,0.9916666666666668,0.4559026455529977,0.93,3.44,2.51,2.617777777777778,0.9624249209133466,90.2,3186.0,3095.8,1139.2777777777776,1333.3669164752127,968.0,8908.0,7940.0,6026.750000000001,3726.313317140683,6.59,23.78,17.19,14.895,5.599180743644555,0.02658,160.0,159.97342,49.73698888888889,58.536399842681824,1.0,4.0,3.0,2.4444444444444446,1.0122703976827,-2.0,1.0,3.0,-1.4444444444444446,0.7617394000445604,8.2e-06,7.1e-05,6.280000000000001e-05,2.7150000000000003e-05,2.53723767116918e-05,6.3,180.0,173.7,119.70000000000002,78.64450076133741,10.0,200.0,190.0,133.12500000000003,86.92444636004305,0.69,700.0,699.31,470.17250000000007,306.00316872338107,3.3,76.0,72.7,50.45000000000001,33.22115289992206,0.5,4.0,3.5,2.9375000000000004,1.4882351124738322,638.0,638.0,0.0,638.0,0.0,4.39e-08,6.93e-08,2.54e-08,6.072500000000001e-08,1.1124494370532086e-08,22.98976928,1.8,0.93,5.13907696,1.16,0.111111111111111,0.2,0.088888888888889,0.0,0.0,0.0,0.0,0.0,0.0,0.0,0.0,2.725941631551723
Na,Na1-14Mn2O9,Na10Mn2O9,Na14Mn2O9,mp-aaabsicv,8.0,25.0,17.0,11.04,4.349528710101819,11.0,101.0,90.0,47.32,42.295834310248566,15.9994,54.938045,38.938645,23.0290983968,9.962195214938294,54.8,1519.0,1464.2,348.9352,375.4186362781688,1.0,16.0,15.0,6.88,7.021794642397341,2.0,4.0,2.0,2.72,0.6013318551349164,0.6,1.8,1.2000000000000002,1.336,0.5620533782480095,0.93,3.44,2.51,1.8832,1.1790664781936595,90.2,2334.0,2243.8,866.552,660.4311059421716,968.0,7470.0,6502.0,1780.75,2150.334378067746,7.35,23.78,16.43,20.154400000000003,4.82581813167467,0.02658,140.0,139.97342,79.0335688,68.80815690798855,1.0,7.0,6.0,1.84,1.591979899370592,-3.0,-1.0,2.0,-1.52,0.64,2.17e-05,7.1e-05,4.9300000000000006e-05,6.483750000000001e-05,1.6304442454435542e-05,6.3,120.0,113.7,20.5125,37.60274050850549,10.0,198.0,188.0,33.5,62.17515581001788,0.69,196.0,195.31,25.10375,64.59271107050316,3.3,3.3,0.0,3.3,0.0,0.5,6.0,5.5,1.1875,1.818954026356906,628.0,970.0,0.0,706.0,0.0,4.77e-08,1.44e-06,1.3923e-06,2.217375e-07,4.604599437994037e-07,8.0,25.0,17.0,11.047619047619047,4.745686667924188,11.0,101.0,90.0,54.23809523809524,42.78507167548798,15.9994,54.938045,38.938645,23.03658965714285,10.869629975515576,54.8,1519.0,1464.2,344.7571428571428,409.4821171994236,1.0,16.0,15.0,8.0,7.131419413913534,2.0,4.0,2.0,2.6666666666666665,0.642416074439621,0.6,1.8,1.2000000000000002,1.2476190476190476,0.5720631397211888,0.93,3.44,2.51,2.064761904761905,1.203730784043307,90.2,2334.0,2243.8,811.4190476190477,707.2844807996605,968.0,7470.0,6502.0,2051.666666666667,2423.152331617272,7.35,23.78,16.43,19.463809523809523,4.974304905919234,0.02658,140.0,139.97342,67.42091523809523,69.23545414229164,1.0,7.0,6.0,2.0,1.6903085094570331,-3.0,-1.0,2.0,-1.619047619047619,0.6529194857524804,2.17e-05,7.1e-05,4.9300000000000006e-05,6.278333333333333e-05,1.8373025215123275e-05,6.3,120.0,113.7,25.25,42.37348817362101,10.0,198.0,188.0,41.333333333333336,70.06346329499341,0.69,196.0,195.31,33.24166666666667,72.78773944758065,3.3,3.3,0.0,3.3,0.0,0.5,6.0,5.5,1.4166666666666667,2.049728979374807,628.0,970.0,0.0,716.75,0.0,4.77e-08,1.44e-06,1.3923e-06,2.7975e-07,5.188795741788262e-07,22.98976928,1.8,0.93,5.13907696,1.16,0.476190476190476,0.56,0.083809523809524,0.0,0.0,0.0,0.0,0.0,0.0,0.0,0.0,1.127592531551727
Na,Na0-1MnO2,MnO2,NaMnO2,mp-aaaablkd,8.0,25.0,17.0,13.0,7.035623639735144,11.0,101.0,90.0,68.25,37.0497975702972,15.9994,54.938045,38.938645,27.48165357,16.10679009706529,54.8,1519.0,1464.2,499.8675,602.3789435801604,1.0,16.0,15.0,10.0,6.363961030678928,2.0,4.0,2.0,2.75,0.82915619758885,0.6,1.8,1.2000000000000002,1.1,0.5196152422706632,0.93,3.44,2.51,2.34,1.1216282806705615,90.2,2334.0,2243.8,917.6,926.3105634721004,968.0,7470.0,6502.0,4219.0,3251.0,7.35,23.78,16.43,16.4625,5.877807308001855,0.02658,140.0,139.97342,36.96329,59.57285913588586,1.0,7.0,6.0,3.0,2.345207879911715,-3.0,-1.0,2.0,-2.0,0.7071067811865476,2.17e-05,7.1e-05,4.9300000000000006e-05,4.635e-05,2.4650000000000003e-05,6.3,120.0,113.7,63.15,56.85,10.0,198.0,188.0,104.0,94.0,0.69,196.0,195.31,98.345,97.655,3.3,3.3,0.0,3.3,0.0,0.5,6.0,5.5,3.25,2.75,628.0,970.0,0.0,706.0,0.0,4.77e-08,1.44e-06,1.3923e-06,7.4385e-07,6.9615e-07,8.0,25.0,17.0,13.666666666666664,8.013876853447538,60.0,101.0,41.0,87.33333333333333,19.327585352432298,15.9994,54.938045,38.938645,28.97894833333333,18.355853286477103,54.8,1519.0,1464.2,542.8666666666667,690.2304993422285,7.0,16.0,9.0,13.0,4.242640687119285,2.0,4.0,2.0,2.6666666666666665,0.9428090415820634,0.6,1.4,0.7999999999999999,0.8666666666666666,0.3771236166328253,1.55,3.44,1.89,2.81,0.8909545442950498,90.2,2334.0,2243.8,838.1333333333333,1057.7374637509167,7470.0,7470.0,0.0,7470.0,0.0,7.35,17.36,10.01,14.023333333333332,4.718759253118227,0.02658,7.8,7.77342,2.61772,3.664425330007421,2.0,7.0,5.0,3.666666666666666,2.3570226039551585,-3.0,-2.0,1.0,-2.333333333333333,0.4714045207910317,2.17e-05,2.17e-05,0.0,2.17e-05,0.0,120.0,120.0,0.0,120.0,0.0,198.0,198.0,0.0,198.0,0.0,196.0,196.0,0.0,196.0,0.0,26.0,75.0,0.0,47.0,0.0,6.0,6.0,0.0,6.0,0.0,628.0,970.0,0.0,716.75,0.0,1.44e-06,1.44e-06,0.0,1.44e-06,0.0,22.98976928,1.8,0.93,5.13907696,1.16,0.0,0.25,0.25,0.0,0.0,0.0,0.0,0.0,0.0,0.0,0.0,2.681035694051722
Na,Na0-0.5MnO2,MnO2,NaMn2O4,mp-aaaabcrz,8.0,25.0,17.0,13.285714285714285,7.477858473315657,11.0,101.0,90.0,76.42857142857142,32.15079267121971,15.9994,54.938045,38.938645,28.123351325714285,17.122958861902315,54.8,1519.0,1464.2,518.2957142857143,641.8573033194292,1.0,16.0,15.0,11.285714285714285,5.749889084999459,2.0,4.0,2.0,2.7142857142857144,0.8806305718527109,0.6,1.8,1.2000000000000002,0.9999999999999998,0.4780914437337574,0.93,3.44,2.51,2.541428571428572,1.05507519801642,90.2,2334.0,2243.8,883.542857142857,985.5713569254316,968.0,7470.0,6502.0,5302.666666666667,3065.072194183288,7.35,23.78,16.43,15.417142857142856,5.54454355788699,0.02658,140.0,139.97342,22.24376,48.19334395865767,1.0,7.0,6.0,3.2857142857142856,2.3733211036908783,-3.0,-1.0,2.0,-2.142857142857143,0.6388765649999399,2.17e-05,7.1e-05,4.9300000000000006e-05,3.813333333333333e-05,2.3240242874997865e-05,6.3,120.0,113.7,82.1,53.5986940139403,10.0,198.0,188.0,135.33333333333334,88.62404990871396,0.69,196.0,195.31,130.89666666666665,92.0700169556964,3.3,3.3,0.0,3.3,0.0,0.5,6.0,5.5,4.166666666666667,2.592724864350674,628.0,970.0,0.0,706.0,0.0,4.77e-08,1.44e-06,1.3923e-06,9.758999999999998e-07,6.563365142973534e-07,8.0,25.0,17.0,13.666666666666664,8.013876853447538,60.0,101.0,41.0,87.33333333333333,19.327585352432298,15.9994,54.938045,38.938645,28.97894833333333,18.355853286477103,54.8,1519.0,1464.2,542.8666666666667,690.2304993422285,7.0,16.0,9.0,13.0,4.242640687119285,2.0,4.0,2.0,2.6666666666666665,0.9428090415820634,0.6,1.4,0.7999999999999999,0.8666666666666666,0.3771236166328253,1.55,3.44,1.89,2.81,0.8909545442950498,90.2,2334.0,2243.8,838.1333333333333,1057.7374637509167,7470.0,7470.0,0.0,7470.0,0.0,7.35,17.36,10.01,14.023333333333332,4.718759253118227,0.02658,7.8,7.77342,2.61772,3.664425330007421,2.0,7.0,5.0,3.666666666666666,2.3570226039551585,-3.0,-2.0,1.0,-2.333333333333333,0.4714045207910317,2.17e-05,2.17e-05,0.0,2.17e-05,0.0,120.0,120.0,0.0,120.0,0.0,198.0,198.0,0.0,198.0,0.0,196.0,196.0,0.0,196.0,0.0,26.0,75.0,0.0,47.0,0.0,6.0,6.0,0.0,6.0,0.0,628.0,970.0,0.0,716.75,0.0,1.44e-06,1.44e-06,0.0,1.44e-06,0.0,22.98976928,1.8,0.93,5.13907696,1.16,0.0,0.142857142857142,0.142857142857142,0.0,0.0,0.0,0.0,0.0,0.0,0.0,0.0,2.260954995301727
Na,Na0-0.5MnO2,MnO2,NaMn2O4,mp-aaaczbgg,8.0,25.0,17.0,13.285714285714285,7.477858473315657,11.0,101.0,90.0,76.42857142857142,32.15079267121971,15.9994,54.938045,38.938645,28.123351325714285,17.122958861902315,54.8,1519.0,1464.2,518.2957142857143,641.8573033194292,1.0,16.0,15.0,11.285714285714285,5.749889084999459,2.0,4.0,2.0,2.7142857142857144,0.8806305718527109,0.6,1.8,1.2000000000000002,0.9999999999999998,0.4780914437337574,0.93,3.44,2.51,2.541428571428572,1.05507519801642,90.2,2334.0,2243.8,883.542857142857,985.5713569254316,968.0,7470.0,6502.0,5302.666666666667,3065.072194183288,7.35,23.78,16.43,15.417142857142856,5.54454355788699,0.02658,140.0,139.97342,22.24376,48.19334395865767,1.0,7.0,6.0,3.2857142857142856,2.3733211036908783,-3.0,-1.0,2.0,-2.142857142857143,0.6388765649999399,2.17e-05,7.1e-05,4.9300000000000006e-05,3.813333333333333e-05,2.3240242874997865e-05,6.3,120.0,113.7,82.1,53.5986940139403,10.0,198.0,188.0,135.33333333333334,88.62404990871396,0.69,196.0,195.31,130.89666666666665,92.0700169556964,3.3,3.3,0.0,3.3,0.0,0.5,6.0,5.5,4.166666666666667,2.592724864350674,628.0,970.0,0.0,706.0,0.0,4.77e-08,1.44e-06,1.3923e-06,9.758999999999998e-07,6.563365142973534e-07,8.0,25.0,17.0,13.666666666666664,8.013876853447538,60.0,101.0,41.0,87.33333333333333,19.327585352432298,15.9994,54.938045,38.938645,28.97894833333333,18.355853286477103,54.8,1519.0,1464.2,542.8666666666667,690.2304993422285,7.0,16.0,9.0,13.0,4.242640687119285,2.0,4.0,2.0,2.6666666666666665,0.9428090415820634,0.6,1.4,0.7999999999999999,0.8666666666666666,0.3771236166328253,1.55,3.44,1.89,2.81,0.8909545442950498,90.2,2334.0,2243.8,838.1333333333333,1057.7374637509167,7470.0,7470.0,0.0,7470.0,0.0,7.35,17.36,10.01,14.023333333333332,4.718759253118227,0.02658,7.8,7.77342,2.61772,3.664425330007421,2.0,7.0,5.0,3.666666666666666,2.3570226039551585,-3.0,-2.0,1.0,-2.333333333333333,0.4714045207910317,2.17e-05,2.17e-05,0.0,2.17e-05,0.0,120.0,120.0,0.0,120.0,0.0,198.0,198.0,0.0,198.0,0.0,196.0,196.0,0.0,196.0,0.0,26.0,75.0,0.0,47.0,0.0,6.0,6.0,0.0,6.0,0.0,628.0,970.0,0.0,716.75,0.0,1.44e-06,1.44e-06,0.0,1.44e-06,0.0,22.98976928,1.8,0.93,5.13907696,1.16,0.0,0.142857142857142,0.142857142857142,0.0,0.0,0.0,0.0,0.0,0.0,0.0,0.0,3.183568416551725
Na,Na0-1MnO2,MnO2,NaMnO2,mp-aaabdbno,8.0,25.0,17.0,13.0,7.035623639735144,11.0,101.0,90.0,68.25,37.0497975702972,15.9994,54.938045,38.938645,27.48165357,16.10679009706529,54.8,1519.0,1464.2,499.8675,602.3789435801604,1.0,16.0,15.0,10.0,6.363961030678928,2.0,4.0,2.0,2.75,0.82915619758885,0.6,1.8,1.2000000000000002,1.1,0.5196152422706632,0.93,3.44,2.51,2.34,1.1216282806705615,90.2,2334.0,2243.8,917.6,926.3105634721004,968.0,7470.0,6502.0,4219.0,3251.0,7.35,23.78,16.43,16.4625,5.877807308001855,0.02658,140.0,139.97342,36.96329,59.57285913588586,1.0,7.0,6.0,3.0,2.345207879911715,-3.0,-1.0,2.0,-2.0,0.7071067811865476,2.17e-05,7.1e-05,4.9300000000000006e-05,4.635e-05,2.4650000000000003e-05,6.3,120.0,113.7,63.15,56.85,10.0,198.0,188.0,104.0,94.0,0.69,196.0,195.31,98.345,97.655,3.3,3.3,0.0,3.3,0.0,0.5,6.0,5.5,3.25,2.75,628.0,970.0,0.0,706.0,0.0,4.77e-08,1.44e-06,1.3923e-06,7.4385e-07,6.9615e-07,8.0,25.0,17.0,13.666666666666664,8.013876853447538,60.0,101.0,41.0,87.33333333333333,19.327585352432298,15.9994,54.938045,38.938645,28.97894833333333,18.355853286477103,54.8,1519.0,1464.2,542.8666666666667,690.2304993422285,7.0,16.0,9.0,13.0,4.242640687119285,2.0,4.0,2.0,2.6666666666666665,0.9428090415820634,0.6,1.4,0.7999999999999999,0.8666666666666666,0.3771236166328253,1.55,3.44,1.89,2.81,0.8909545442950498,90.2,2334.0,2243.8,838.1333333333333,1057.7374637509167,7470.0,7470.0,0.0,7470.0,0.0,7.35,17.36,10.01,14.023333333333332,4.718759253118227,0.02658,7.8,7.77342,2.61772,3.664425330007421,2.0,7.0,5.0,3.666666666666666,2.3570226039551585,-3.0,-2.0,1.0,-2.333333333333333,0.4714045207910317,2.17e-05,2.17e-05,0.0,2.17e-05,0.0,120.0,120.0,0.0,120.0,0.0,198.0,198.0,0.0,198.0,0.0,196.0,196.0,0.0,196.0,0.0,26.0,75.0,0.0,47.0,0.0,6.0,6.0,0.0,6.0,0.0,628.0,970.0,0.0,716.75,0.0,1.44e-06,1.44e-06,0.0,1.44e-06,0.0,22.98976928,1.8,0.93,5.13907696,1.16,0.0,0.25,0.25,0.0,0.0,0.0,0.0,0.0,0.0,0.0,0.0,3.156686756551725
Na,Na0-1MnO2,MnO2,NaMnO2,mp-aaaabcpi,8.0,25.0,17.0,13.0,7.035623639735144,11.0,101.0,90.0,68.25,37.0497975702972,15.9994,54.938045,38.938645,27.48165357,16.10679009706529,54.8,1519.0,1464.2,499.8675,602.3789435801604,1.0,16.0,15.0,10.0,6.363961030678928,2.0,4.0,2.0,2.75,0.82915619758885,0.6,1.8,1.2000000000000002,1.1,0.5196152422706632,0.93,3.44,2.51,2.34,1.1216282806705615,90.2,2334.0,2243.8,917.6,926.3105634721004,968.0,7470.0,6502.0,4219.0,3251.0,7.35,23.78,16.43,16.4625,5.877807308001855,0.02658,140.0,139.97342,36.96329,59.57285913588586,1.0,7.0,6.0,3.0,2.345207879911715,-3.0,-1.0,2.0,-2.0,0.7071067811865476,2.17e-05,7.1e-05,4.9300000000000006e-05,4.635e-05,2.4650000000000003e-05,6.3,120.0,113.7,63.15,56.85,10.0,198.0,188.0,104.0,94.0,0.69,196.0,195.31,98.345,97.655,3.3,3.3,0.0,3.3,0.0,0.5,6.0,5.5,3.25,2.75,628.0,970.0,0.0,706.0,0.0,4.77e-08,1.44e-06,1.3923e-06,7.4385e-07,6.9615e-07,8.0,25.0,17.0,13.666666666666664,8.013876853447538,60.0,101.0,41.0,87.33333333333333,19.327585352432298,15.9994,54.938045,38.938645,28.97894833333333,18.355853286477103,54.8,1519.0,1464.2,542.8666666666667,690.2304993422285,7.0,16.0,9.0,13.0,4.242640687119285,2.0,4.0,2.0,2.6666666666666665,0.9428090415820634,0.6,1.4,0.7999999999999999,0.8666666666666666,0.3771236166328253,1.55,3.44,1.89,2.81,0.8909545442950498,90.2,2334.0,2243.8,838.1333333333333,1057.7374637509167,7470.0,7470.0,0.0,7470.0,0.0,7.35,17.36,10.01,14.023333333333332,4.718759253118227,0.02658,7.8,7.77342,2.61772,3.664425330007421,2.0,7.0,5.0,3.666666666666666,2.3570226039551585,-3.0,-2.0,1.0,-2.333333333333333,0.4714045207910317,2.17e-05,2.17e-05,0.0,2.17e-05,0.0,120.0,120.0,0.0,120.0,0.0,198.0,198.0,0.0,198.0,0.0,196.0,196.0,0.0,196.0,0.0,26.0,75.0,0.0,47.0,0.0,6.0,6.0,0.0,6.0,0.0,628.0,970.0,0.0,716.75,0.0,1.44e-06,1.44e-06,0.0,1.44e-06,0.0,22.98976928,1.8,0.93,5.13907696,1.16,0.0,0.25,0.25,0.0,0.0,0.0,0.0,0.0,0.0,0.0,0.0,2.387015871551721
Na,Na4-5MnO4,Na4MnO4,Na5MnO4,mp-aaabrabw,8.0,25.0,17.0,11.2,4.812483766206387,11.0,101.0,90.0,51.900000000000006,42.51223353341953,15.9994,54.938045,38.938645,23.38844914,11.02072554715213,54.8,1519.0,1464.2,359.25500000000005,414.3011458166632,1.0,16.0,15.0,7.6,7.073895673530957,2.0,4.0,2.0,2.7,0.6403124237432849,0.6,1.8,1.2000000000000002,1.28,0.5670978751503131,0.93,3.44,2.51,1.996,1.1925284063702637,90.2,2334.0,2243.8,847.48,705.6597378340357,968.0,7470.0,6502.0,2051.666666666667,2423.1523316172725,7.35,23.78,16.43,19.569,5.074300838539237,0.02658,140.0,139.97342,70.790632,69.2442828227655,1.0,7.0,6.0,2.0,1.7320508075688772,-3.0,-1.0,2.0,-1.6,0.6633249580710799,2.17e-05,7.1e-05,4.9300000000000006e-05,6.278333333333333e-05,1.8373025215123275e-05,6.3,120.0,113.7,25.250000000000004,42.37348817362102,10.0,198.0,188.0,41.33333333333334,70.06346329499341,0.69,196.0,195.31,33.241666666666674,72.78773944758066,3.3,3.3,0.0,3.3,0.0,0.5,6.0,5.5,1.4166666666666667,2.0497289793748075,628.0,970.0,0.0,706.0,0.0,4.77e-08,1.44e-06,1.3923e-06,2.7975000000000005e-07,5.188795741788263e-07,8.0,25.0,17.0,11.22222222222222,5.072316538005923,11.0,101.0,90.0,56.44444444444444,42.44502617402397,15.9994,54.938045,38.938645,23.43274690222222,11.616020114002067,54.8,1519.0,1464.2,357.96444444444444,436.6926832227063,1.0,16.0,15.0,8.333333333333332,7.086763875156432,2.0,4.0,2.0,2.6666666666666665,0.6666666666666666,0.6,1.8,1.2000000000000002,1.222222222222222,0.56916659888292,0.93,3.44,2.51,2.114444444444445,1.1999362122964063,90.2,2334.0,2243.8,813.1999999999999,735.8891824785094,968.0,7470.0,6502.0,2268.4,2600.8,7.35,23.78,16.43,19.10111111111111,5.140065811174978,0.02658,140.0,139.97342,63.10070222222223,68.81985762969835,1.0,7.0,6.0,2.1111111111111107,1.7916128329552332,-3.0,-1.0,2.0,-1.6666666666666663,0.6666666666666666,2.17e-05,7.1e-05,4.9300000000000006e-05,6.114e-05,1.972e-05,6.3,120.0,113.7,29.04,45.48,10.0,198.0,188.0,47.6,75.2,0.69,196.0,195.31,39.752,78.124,3.3,3.3,0.0,3.3,0.0,0.5,6.0,5.5,1.6,2.2,628.0,970.0,0.0,716.75,0.0,4.77e-08,1.44e-06,1.3923e-06,3.2616e-07,5.569199999999999e-07,22.98976928,1.8,0.93,5.13907696,1.16,0.444444444444444,0.5,0.055555555555556,0.0,0.0,0.0,0.0,0.0,0.0,0.0,0.0,1.473064681551722
Na,Na0-1MnO2,MnO2,NaMnO2,mp-aaaablpw,8.0,25.0,17.0,13.0,7.035623639735144,11.0,101.0,90.0,68.25,37.0497975702972,15.9994,54.938045,38.938645,27.48165357,16.10679009706529,54.8,1519.0,1464.2,499.8675,602.3789435801604,1.0,16.0,15.0,10.0,6.363961030678928,2.0,4.0,2.0,2.75,0.82915619758885,0.6,1.8,1.2000000000000002,1.1,0.5196152422706632,0.93,3.44,2.51,2.34,1.1216282806705615,90.2,2334.0,2243.8,917.6,926.3105634721004,968.0,7470.0,6502.0,4219.0,3251.0,7.35,23.78,16.43,16.4625,5.877807308001855,0.02658,140.0,139.97342,36.96329,59.57285913588586,1.0,7.0,6.0,3.0,2.345207879911715,-3.0,-1.0,2.0,-2.0,0.7071067811865476,2.17e-05,7.1e-05,4.9300000000000006e-05,4.635e-05,2.4650000000000003e-05,6.3,120.0,113.7,63.15,56.85,10.0,198.0,188.0,104.0,94.0,0.69,196.0,195.31,98.345,97.655,3.3,3.3,0.0,3.3,0.0,0.5,6.0,5.5,3.25,2.75,628.0,970.0,0.0,706.0,0.0,4.77e-08,1.44e-06,1.3923e-06,7.4385e-07,6.9615e-07,8.0,25.0,17.0,13.666666666666664,8.013876853447538,60.0,101.0,41.0,87.33333333333333,19.327585352432298,15.9994,54.938045,38.938645,28.97894833333333,18.355853286477103,54.8,1519.0,1464.2,542.8666666666667,690.2304993422285,7.0,16.0,9.0,13.0,4.242640687119285,2.0,4.0,2.0,2.6666666666666665,0.9428090415820634,0.6,1.4,0.7999999999999999,0.8666666666666666,0.3771236166328253,1.55,3.44,1.89,2.81,0.8909545442950498,90.2,2334.0,2243.8,838.1333333333333,1057.7374637509167,7470.0,7470.0,0.0,7470.0,0.0,7.35,17.36,10.01,14.023333333333332,4.718759253118227,0.02658,7.8,7.77342,2.61772,3.664425330007421,2.0,7.0,5.0,3.666666666666666,2.3570226039551585,-3.0,-2.0,1.0,-2.333333333333333,0.4714045207910317,2.17e-05,2.17e-05,0.0,2.17e-05,0.0,120.0,120.0,0.0,120.0,0.0,198.0,198.0,0.0,198.0,0.0,196.0,196.0,0.0,196.0,0.0,26.0,75.0,0.0,47.0,0.0,6.0,6.0,0.0,6.0,0.0,628.0,970.0,0.0,716.75,0.0,1.44e-06,1.44e-06,0.0,1.44e-06,0.0,22.98976928,1.8,0.93,5.13907696,1.16,0.0,0.25,0.25,0.0,0.0,0.0,0.0,0.0,0.0,0.0,0.0,2.745589469051722
Na,Na0-1MnO2,MnO2,NaMnO2,mp-aaacujli,8.0,25.0,17.0,13.0,7.035623639735144,11.0,101.0,90.0,68.25,37.0497975702972,15.9994,54.938045,38.938645,27.48165357,16.10679009706529,54.8,1519.0,1464.2,499.8675,602.3789435801604,1.0,16.0,15.0,10.0,6.363961030678928,2.0,4.0,2.0,2.75,0.82915619758885,0.6,1.8,1.2000000000000002,1.1,0.5196152422706632,0.93,3.44,2.51,2.34,1.1216282806705615,90.2,2334.0,2243.8,917.6,926.3105634721004,968.0,7470.0,6502.0,4219.0,3251.0,7.35,23.78,16.43,16.4625,5.877807308001855,0.02658,140.0,139.97342,36.96329,59.57285913588586,1.0,7.0,6.0,3.0,2.345207879911715,-3.0,-1.0,2.0,-2.0,0.7071067811865476,2.17e-05,7.1e-05,4.9300000000000006e-05,4.635e-05,2.4650000000000003e-05,6.3,120.0,113.7,63.15,56.85,10.0,198.0,188.0,104.0,94.0,0.69,196.0,195.31,98.345,97.655,3.3,3.3,0.0,3.3,0.0,0.5,6.0,5.5,3.25,2.75,628.0,970.0,0.0,706.0,0.0,4.77e-08,1.44e-06,1.3923e-06,7.4385e-07,6.9615e-07,8.0,25.0,17.0,13.666666666666664,8.013876853447538,60.0,101.0,41.0,87.33333333333333,19.327585352432298,15.9994,54.938045,38.938645,28.97894833333333,18.355853286477103,54.8,1519.0,1464.2,542.8666666666667,690.2304993422285,7.0,16.0,9.0,13.0,4.242640687119285,2.0,4.0,2.0,2.6666666666666665,0.9428090415820634,0.6,1.4,0.7999999999999999,0.8666666666666666,0.3771236166328253,1.55,3.44,1.89,2.81,0.8909545442950498,90.2,2334.0,2243.8,838.1333333333333,1057.7374637509167,7470.0,7470.0,0.0,7470.0,0.0,7.35,17.36,10.01,14.023333333333332,4.718759253118227,0.02658,7.8,7.77342,2.61772,3.664425330007421,2.0,7.0,5.0,3.666666666666666,2.3570226039551585,-3.0,-2.0,1.0,-2.333333333333333,0.4714045207910317,2.17e-05,2.17e-05,0.0,2.17e-05,0.0,120.0,120.0,0.0,120.0,0.0,198.0,198.0,0.0,198.0,0.0,196.0,196.0,0.0,196.0,0.0,26.0,75.0,0.0,47.0,0.0,6.0,6.0,0.0,6.0,0.0,628.0,970.0,0.0,716.75,0.0,1.44e-06,1.44e-06,0.0,1.44e-06,0.0,22.98976928,1.8,0.93,5.13907696,1.16,0.0,0.25,0.25,0.0,0.0,0.0,0.0,0.0,0.0,0.0,0.0,2.692695221551724
Na,Na0-9Mn15O32,Mn15O32,Na9Mn15O32,mp-aaabsevj,8.0,25.0,17.0,13.035714285714285,7.314282226561669,11.0,101.0,90.0,75.55357142857142,33.234512850164585,15.9994,54.938045,38.938645,27.55284640214285,16.748165970815375,54.8,1519.0,1464.2,497.79339285714286,627.7469721957953,1.0,16.0,15.0,11.178571428571429,5.883108819982433,2.0,4.0,2.0,2.696428571428571,0.864366879305782,0.6,1.8,1.2000000000000002,1.0071428571428571,0.4869207704901218,0.93,3.44,2.51,2.5303571428571425,1.0685871250757006,90.2,2334.0,2243.8,862.507142857143,966.781084663568,968.0,7470.0,6502.0,5031.749999999999,3147.767214630078,7.35,23.78,16.43,15.710535714285715,5.544604977441346,0.02658,140.0,139.97342,24.60447428571429,50.6055004659304,1.0,7.0,6.0,3.1785714285714284,2.3383995049815502,-3.0,-1.0,2.0,-2.107142857142857,0.645826475715183,2.17e-05,7.1e-05,4.9300000000000006e-05,4.01875e-05,2.386725987100321e-05,6.3,120.0,113.7,77.36249999999998,55.04477580797291,10.0,198.0,188.0,127.49999999999996,91.0151086358743,0.69,196.0,195.31,122.75874999999998,94.55404716847131,3.3,3.3,0.0,3.3,0.0,0.5,6.0,5.5,3.937499999999999,2.6626760505175997,628.0,970.0,0.0,706.0,0.0,4.77e-08,1.44e-06,1.3923e-06,9.178875e-07,6.740443391155733e-07,8.0,25.0,17.0,13.425531914893618,7.924496576670489,60.0,101.0,41.0,87.91489361702128,19.112021155499413,15.9994,54.938045,38.938645,28.42662712765958,18.151127000158084,54.8,1519.0,1464.2,522.0978723404255,682.5322286800547,7.0,16.0,9.0,13.127659574468083,4.195321717060847,2.0,4.0,2.0,2.6382978723404253,0.9322937149024104,0.6,1.4,0.7999999999999999,0.8553191489361702,0.3729174859609641,1.55,3.44,1.89,2.836808510638298,0.8810175605827778,90.2,2334.0,2243.8,806.3063829787235,1045.9403187490143,7470.0,7470.0,0.0,7470.0,0.0,7.35,17.36,10.01,14.16531914893617,4.666130043086564,0.02658,7.8,7.77342,2.507458723404256,3.623555304648348,2.0,7.0,5.0,3.595744680851064,2.330734287256026,-3.0,-2.0,1.0,-2.3191489361702127,0.4661468574512052,2.17e-05,2.17e-05,0.0,2.17e-05,0.0,120.0,120.0,0.0,120.0,0.0,198.0,198.0,0.0,198.0,0.0,196.0,196.0,0.0,196.0,0.0,26.0,75.0,0.0,47.0,0.0,6.0,6.0,0.0,6.0,0.0,628.0,970.0,0.0,716.75,0.0,1.44e-06,1.44e-06,0.0,1.44e-06,0.0,22.98976928,1.8,0.93,5.13907696,1.16,0.0,0.160714285714285,0.160714285714285,0.0,0.0,0.0,0.0,0.0,0.0,0.0,0.0,3.563120582107277
Na,Na0-9Mn21O40,Mn21O40,Na9Mn21O40,mp-aaabwiuu,8.0,25.0,17.0,13.485714285714286,7.600268523720268,11.0,101.0,90.0,77.12857142857142,31.239133620952984,15.9994,54.938045,38.938645,28.579755264571425,17.403527239530387,54.8,1519.0,1464.2,534.6975714285715,652.462359173606,1.0,16.0,15.0,11.37142857142857,5.639583137004336,2.0,4.0,2.0,2.7285714285714286,0.8931713732766049,0.6,1.8,1.2000000000000002,0.9942857142857142,0.4708307898311889,0.93,3.44,2.51,2.550285714285714,1.0440552413252735,90.2,2334.0,2243.8,900.3714285714284,1000.0309419702768,968.0,7470.0,6502.0,5519.400000000001,2979.590716860287,7.35,23.78,16.43,15.18242857142857,5.533304989067638,0.02658,140.0,139.97342,20.35518857142857,46.08599246987974,1.0,7.0,6.0,3.3714285714285714,2.3974476223769345,-3.0,-1.0,2.0,-2.1714285714285717,0.6318098396427423,2.17e-05,7.1e-05,4.9300000000000006e-05,3.649e-05,2.2592098176132293e-05,6.3,120.0,113.7,85.89000000000001,52.10388565164791,10.0,198.0,188.0,141.60000000000002,86.15242306516978,0.69,196.0,195.31,137.407,89.50228589818252,3.3,3.3,0.0,3.3,0.0,0.5,6.0,5.5,4.3500000000000005,2.520416632225712,628.0,970.0,0.0,706.0,0.0,4.77e-08,1.44e-06,1.3923e-06,1.0223100000000002e-06,6.380320140087016e-07,8.0,25.0,17.0,13.852459016393444,8.07716080935149,60.0,101.0,41.0,86.88524590163934,19.480211363730064,15.9994,54.938045,38.938645,29.40450729508197,18.50080572725002,54.8,1519.0,1464.2,558.8688524590164,695.6811092383795,7.0,16.0,9.0,12.901639344262296,4.276143957891965,2.0,4.0,2.0,2.6885245901639343,0.9502542128648812,0.6,1.4,0.7999999999999999,0.8754098360655737,0.3801016851459524,1.55,3.44,1.89,2.789344262295082,0.8979902311573127,90.2,2334.0,2243.8,862.655737704918,1066.0902014131102,7470.0,7470.0,0.0,7470.0,0.0,7.35,17.36,10.01,13.913934426229506,4.75602233538873,0.02658,7.8,7.77342,2.7026754098360657,3.6933625516840634,2.0,7.0,5.0,3.721311475409836,2.375635532162203,-3.0,-2.0,1.0,-2.344262295081968,0.4751271064324406,2.17e-05,2.17e-05,0.0,2.17e-05,0.0,120.0,120.0,0.0,120.0,0.0,198.0,198.0,0.0,198.0,0.0,196.0,196.0,0.0,196.0,0.0,26.0,75.0,0.0,47.0,0.0,6.0,6.0,0.0,6.0,0.0,628.0,970.0,0.0,716.75,0.0,1.44e-06,1.44e-06,0.0,1.44e-06,0.0,22.98976928,1.8,0.93,5.13907696,1.16,0.0,0.128571428571428,0.128571428571428,0.0,0.0,0.0,0.0,0.0,0.0,0.0,0.0,3.038901614329503
Na,Na0-0.5MnO2,MnO2,NaMn2O4,mp-aaadaboj,8.0,25.0,17.0,13.285714285714285,7.477858473315657,11.0,101.0,90.0,76.42857142857142,32.15079267121971,15.9994,54.938045,38.938645,28.123351325714285,17.122958861902315,54.8,1519.0,1464.2,518.2957142857143,641.8573033194292,1.0,16.0,15.0,11.285714285714285,5.749889084999459,2.0,4.0,2.0,2.7142857142857144,0.8806305718527109,0.6,1.8,1.2000000000000002,0.9999999999999998,0.4780914437337574,0.93,3.44,2.51,2.541428571428572,1.05507519801642,90.2,2334.0,2243.8,883.542857142857,985.5713569254316,968.0,7470.0,6502.0,5302.666666666667,3065.072194183288,7.35,23.78,16.43,15.417142857142856,5.54454355788699,0.02658,140.0,139.97342,22.24376,48.19334395865767,1.0,7.0,6.0,3.2857142857142856,2.3733211036908783,-3.0,-1.0,2.0,-2.142857142857143,0.6388765649999399,2.17e-05,7.1e-05,4.9300000000000006e-05,3.813333333333333e-05,2.3240242874997865e-05,6.3,120.0,113.7,82.1,53.5986940139403,10.0,198.0,188.0,135.33333333333334,88.62404990871396,0.69,196.0,195.31,130.89666666666665,92.0700169556964,3.3,3.3,0.0,3.3,0.0,0.5,6.0,5.5,4.166666666666667,2.592724864350674,628.0,970.0,0.0,706.0,0.0,4.77e-08,1.44e-06,1.3923e-06,9.758999999999998e-07,6.563365142973534e-07,8.0,25.0,17.0,13.666666666666664,8.013876853447538,60.0,101.0,41.0,87.33333333333333,19.327585352432298,15.9994,54.938045,38.938645,28.97894833333333,18.355853286477103,54.8,1519.0,1464.2,542.8666666666667,690.2304993422285,7.0,16.0,9.0,13.0,4.242640687119285,2.0,4.0,2.0,2.6666666666666665,0.9428090415820634,0.6,1.4,0.7999999999999999,0.8666666666666666,0.3771236166328253,1.55,3.44,1.89,2.81,0.8909545442950498,90.2,2334.0,2243.8,838.1333333333333,1057.7374637509167,7470.0,7470.0,0.0,7470.0,0.0,7.35,17.36,10.01,14.023333333333332,4.718759253118227,0.02658,7.8,7.77342,2.61772,3.664425330007421,2.0,7.0,5.0,3.666666666666666,2.3570226039551585,-3.0,-2.0,1.0,-2.333333333333333,0.4714045207910317,2.17e-05,2.17e-05,0.0,2.17e-05,0.0,120.0,120.0,0.0,120.0,0.0,198.0,198.0,0.0,198.0,0.0,196.0,196.0,0.0,196.0,0.0,26.0,75.0,0.0,47.0,0.0,6.0,6.0,0.0,6.0,0.0,628.0,970.0,0.0,716.75,0.0,1.44e-06,1.44e-06,0.0,1.44e-06,0.0,22.98976928,1.8,0.93,5.13907696,1.16,0.0,0.142857142857142,0.142857142857142,0.0,0.0,0.0,0.0,0.0,0.0,0.0,0.0,3.644337926551724
Na,Na0-1Mn7O12,Mn7O12,NaMn7O12,mp-aaabqyao,8.0,25.0,17.0,14.1,8.024337978923867,11.0,101.0,90.0,82.14999999999999,25.259206242477216,15.9994,54.938045,38.938645,29.977444214,18.377537080294744,54.8,1519.0,1464.2,583.0735,690.1309263051105,1.0,16.0,15.0,12.1,4.938623289946299,2.0,4.0,2.0,2.75,0.9420721840708386,0.6,1.8,1.2000000000000002,0.94,0.424735211631906,0.93,3.44,2.51,2.653,0.9725589956398532,90.2,2334.0,2243.8,928.82,1056.2369202030384,968.0,7470.0,6502.0,6657.25,2150.334378067746,7.35,23.78,16.43,14.177499999999998,5.196397670502134,0.02658,140.0,139.97342,9.745948,30.104998280669875,1.0,7.0,6.0,3.6999999999999993,2.431049156228644,-3.0,-1.0,2.0,-2.3,0.5567764362830022,2.17e-05,7.1e-05,4.9300000000000006e-05,2.7862500000000003e-05,1.6304442454435542e-05,6.3,120.0,113.7,105.7875,37.6027405085055,10.0,198.0,188.0,174.5,62.17515581001789,0.69,196.0,195.31,171.58625,64.59271107050316,3.3,3.3,0.0,3.3,0.0,0.5,6.0,5.5,5.3125,1.8189540263569064,628.0,970.0,0.0,706.0,0.0,4.77e-08,1.44e-06,1.3923e-06,1.2659625e-06,4.6045994379940374e-07,8.0,25.0,17.0,14.26315789473684,8.20039861202624,60.0,101.0,41.0,85.89473684210526,19.77743194665152,15.9994,54.938045,38.938645,30.34521657894737,18.7830829654225,54.8,1519.0,1464.2,594.2421052631579,706.2955086899306,7.0,16.0,9.0,12.68421052631579,4.34138750048448,2.0,4.0,2.0,2.736842105263157,0.96475277788544,0.6,1.4,0.7999999999999999,0.894736842105263,0.3859011111541759,1.55,3.44,1.89,2.7436842105263155,0.9116913751017408,90.2,2334.0,2243.8,916.8631578947368,1082.3561415096751,7470.0,7470.0,0.0,7470.0,0.0,7.35,17.36,10.01,13.672105263157894,4.828587653316627,0.02658,7.8,7.77342,2.890471578947368,3.749714269335118,2.0,7.0,5.0,3.842105263157895,2.4118819447136,-3.0,-2.0,1.0,-2.3684210526315788,0.48237638894272,2.17e-05,2.17e-05,0.0,2.17e-05,0.0,120.0,120.0,0.0,120.0,0.0,198.0,198.0,0.0,198.0,0.0,196.0,196.0,0.0,196.0,0.0,26.0,75.0,0.0,47.0,0.0,6.0,6.0,0.0,6.0,0.0,628.0,970.0,0.0,716.75,0.0,1.44e-06,1.44e-06,0.0,1.44e-06,0.0,22.98976928,1.8,0.93,5.13907696,1.16,0.0,0.05,0.05,0.0,0.0,0.0,0.0,0.0,0.0,0.0,0.0,3.5084293665516992
Na,Na0-1MnP2O7,MnP2O7,NaMnP2O7,mp-aaabhgbe,8.0,25.0,17.0,11.09090909090909,5.1425947722658005,11.0,101.0,90.0,87.0909090909091,26.7902782416395,15.9994,54.938045,38.938645,22.89737620727273,11.639054703898555,54.8,1519.0,1464.2,264.37,415.4383173775074,1.0,16.0,15.0,13.636363636363637,4.73426056956056,2.0,4.0,2.0,2.454545454545454,0.655554777357089,0.6,1.8,1.2000000000000002,0.8545454545454545,0.3916483496097821,0.93,3.44,2.51,2.8127272727272725,0.8877457755368207,90.2,2334.0,2243.8,474.6727272727272,671.9975718177303,968.0,7470.0,6502.0,3021.0,2592.239282936666,7.35,23.78,16.43,16.971818181818183,3.5674050109844124,0.02658,140.0,139.97342,13.496187272727274,40.065104469383805,1.0,7.0,6.0,2.909090909090909,1.7814470856604931,-3.0,-1.0,2.0,-2.1818181818181817,0.5749595745760689,2.17e-05,7.1e-05,4.9300000000000006e-05,4.635e-05,2.4650000000000003e-05,6.3,120.0,113.7,37.075,47.91520505017171,10.0,198.0,188.0,104.0,94.0,0.69,196.0,195.31,98.345,97.655,3.3,3.3,0.0,3.3,0.0,0.5,6.0,5.5,3.25,2.75,628.0,970.0,0.0,706.0,0.0,4.77e-08,1.44e-06,1.3923e-06,4.21925e-07,5.8817354316137e-07,8.0,25.0,17.0,11.1,5.3935146240647205,60.0,101.0,41.0,94.7,12.35354200219516,15.9994,54.938045,38.938645,22.8881369,12.20710509611471,54.8,1519.0,1464.2,253.72,434.28130008094985,7.0,16.0,9.0,14.9,2.6627053911388696,2.0,4.0,2.0,2.4,0.6633249580710799,0.6,1.4,0.7999999999999999,0.76,0.265329983228432,1.55,3.44,1.89,3.001,0.6906439024562513,90.2,2334.0,2243.8,406.54,667.5897365897712,1823.0,7470.0,5647.0,3705.333333333333,2662.021328906956,7.35,17.36,10.01,16.291,2.9833486219347543,0.02658,7.8,7.77342,0.8458060000000001,2.319535720320771,2.0,7.0,5.0,3.1,1.7578395831246945,-3.0,-2.0,1.0,-2.3,0.458257569495584,2.17e-05,2.17e-05,0.0,2.17e-05,0.0,11.0,120.0,109.0,47.333333333333336,51.38309276622245,198.0,198.0,0.0,198.0,0.0,196.0,196.0,0.0,196.0,0.0,26.0,75.0,0.0,47.0,0.0,6.0,6.0,0.0,6.0,0.0,628.0,970.0,0.0,716.75,0.0,1e-07,1.44e-06,1.34e-06,5.466666666666666e-07,6.316820578599824e-07,22.98976928,1.8,0.93,5.13907696,1.16,0.0,0.09090909090909,0.09090909090909,0.0,0.0,0.0,0.0,0.0,0.0,0.0,0.0,4.993953421551726
Na,Na0-1Mn3P3O13,Mn3P3O13,NaMn3P3O13,mp-aaachqey,8.0,25.0,17.0,11.75,6.089950738717022,11.0,101.0,90.0,88.7,22.891264709491264,15.9994,54.938045,38.938645,24.435869514,13.868550177806885,54.8,1519.0,1464.2,329.6085,511.26654894756217,1.0,16.0,15.0,13.75,4.299709292498738,2.0,4.0,2.0,2.5,0.7416198487095662,0.6,1.8,1.2000000000000002,0.84,0.3666060555964672,0.93,3.44,2.51,2.8435,0.8540390799020849,90.2,2334.0,2243.8,549.03,795.7258856540989,968.0,7470.0,6502.0,4121.0,2913.790462120236,7.35,23.78,16.43,16.128500000000003,3.948617827797469,0.02658,140.0,139.97342,8.222677,30.35658736709927,1.0,7.0,6.0,3.1500000000000004,1.9563997546513847,-3.0,-1.0,2.0,-2.25,0.5361902647381804,2.17e-05,7.1e-05,4.9300000000000006e-05,3.4025e-05,2.1347526203286416e-05,6.3,120.0,113.7,57.04285714285714,54.54418542122805,10.0,198.0,188.0,150.99999999999997,81.40638795573723,0.69,196.0,195.31,147.1725,84.57171080656936,3.3,3.3,0.0,3.3,0.0,0.5,6.0,5.5,4.624999999999999,2.381569860407206,628.0,970.0,0.0,706.0,0.0,4.77e-08,1.44e-06,1.3923e-06,6.668142857142858e-07,6.698172723716125e-07,8.0,25.0,17.0,11.789473684210527,6.245663315397931,60.0,101.0,41.0,92.78947368421052,14.734774291016548,15.9994,54.938045,38.938645,24.51198005263158,14.224760494390068,54.8,1519.0,1464.2,327.4368421052632,524.458495884867,7.0,16.0,9.0,14.421052631578949,3.23331001124372,2.0,4.0,2.0,2.473684210526316,0.7517293082676685,0.6,1.4,0.7999999999999999,0.7894736842105263,0.3006917233070673,1.55,3.44,1.89,2.944210526315789,0.75161101214219,90.2,2334.0,2243.8,517.0842105263158,803.7998895137218,1823.0,7470.0,5647.0,4646.5,2823.5,7.35,17.36,10.01,15.725789473684207,3.6288671797559977,0.02658,7.8,7.77342,1.2870284210526317,2.8211967549983634,2.0,7.0,5.0,3.263157894736842,1.9423833776048351,-3.0,-2.0,1.0,-2.3157894736842106,0.464829519280413,2.17e-05,2.17e-05,0.0,2.17e-05,0.0,11.0,120.0,109.0,65.5,54.5,198.0,198.0,0.0,198.0,0.0,196.0,196.0,0.0,196.0,0.0,26.0,75.0,0.0,47.0,0.0,6.0,6.0,0.0,6.0,0.0,628.0,970.0,0.0,716.75,0.0,1e-07,1.44e-06,1.34e-06,7.7e-07,6.699999999999999e-07,22.98976928,1.8,0.93,5.13907696,1.16,0.0,0.05,0.05,0.0,0.0,0.0,0.0,0.0,0.0,0.0,0.0,4.73886272155173
Na,Na0-1Mn6P7O24,Mn6P7O24,NaMn6P7O24,mp-aaabcrvc,8.0,25.0,17.0,12.052631578947368,6.202492573749994,11.0,101.0,90.0,90.1315789473684,19.563891353085825,15.9994,54.938045,38.938645,25.0899992968421,14.119333981010309,54.8,1519.0,1464.2,342.66236842105263,520.5430766109068,1.0,16.0,15.0,14.0,3.85937000585656,2.0,4.0,2.0,2.526315789473684,0.7517293082676685,0.6,1.8,1.2000000000000002,0.831578947368421,0.338810040830128,0.93,3.44,2.51,2.8452631578947365,0.8148158876383808,90.2,2334.0,2243.8,557.2315789473683,803.531182411755,968.0,7470.0,6502.0,4182.071428571428,2855.441258476918,7.35,23.78,16.43,15.88578947368421,3.841055660525843,0.02658,140.0,139.97342,4.976050526315789,22.37510707529604,1.0,7.0,6.0,3.31578947368421,1.9749118988730228,-3.0,-1.0,2.0,-2.3157894736842106,0.5183609369366371,2.17e-05,7.1e-05,4.9300000000000006e-05,2.8742857142857143e-05,1.725140633131581e-05,6.3,120.0,113.7,57.37857142857143,54.24447540759241,10.0,198.0,188.0,171.1428571428571,65.78629594903393,0.69,196.0,195.31,168.09857142857143,68.34426309471179,3.3,3.3,0.0,3.3,0.0,0.5,6.0,5.5,5.2142857142857135,1.924599083615354,628.0,970.0,0.0,706.0,0.0,4.77e-08,1.44e-06,1.3923e-06,6.705499999999999e-07,6.664915096983607e-07,8.0,25.0,17.0,12.081081081081082,6.283304253716926,60.0,101.0,41.0,92.27027027027027,14.80804866727414,15.9994,54.938045,38.938645,25.146762270270276,14.304584709327049,54.8,1519.0,1464.2,341.90000000000003,527.509611030671,7.0,16.0,9.0,14.351351351351353,3.256728720300988,2.0,4.0,2.0,2.5135135135135136,0.7577213929122263,0.6,1.4,0.7999999999999999,0.8054054054054054,0.3030885571648905,1.55,3.44,1.89,2.8970270270270277,0.761608769768612,90.2,2334.0,2243.8,541.0486486486487,808.1837540658755,1823.0,7470.0,5647.0,4429.307692307692,2815.134055685322,7.35,17.36,10.01,15.672432432432434,3.663693606188872,0.02658,7.8,7.77342,1.3267545945945944,2.8489758757638324,2.0,7.0,5.0,3.3783783783783785,1.9638813107659403,-3.0,-2.0,1.0,-2.3513513513513518,0.4773924792609647,2.17e-05,2.17e-05,0.0,2.17e-05,0.0,11.0,120.0,109.0,61.30769230769231,54.3385181635736,198.0,198.0,0.0,198.0,0.0,196.0,196.0,0.0,196.0,0.0,26.0,75.0,0.0,47.0,0.0,6.0,6.0,0.0,6.0,0.0,628.0,970.0,0.0,716.75,0.0,1e-07,1.44e-06,1.34e-06,7.184615384615385e-07,6.680148104512718e-07,22.98976928,1.8,0.93,5.13907696,1.16,0.0,0.026315789473684,0.026315789473684,0.0,0.0,0.0,0.0,0.0,0.0,0.0,0.0,3.74722532655176
Na,Na0-1MnPO4,MnPO4,NaMnPO4,mp-aaaabnxs,8.0,25.0,17.0,11.857142857142856,5.890150893739515,11.0,101.0,90.0,80.71428571428571,31.67114182485052,15.9994,54.938045,38.938645,24.699882325714285,13.4133521191885,54.8,1519.0,1464.2,346.6242857142857,495.1995613273253,1.0,16.0,15.0,12.428571428571429,5.576920370269467,2.0,4.0,2.0,2.571428571428571,0.7284313590846836,0.6,1.8,1.2000000000000002,0.9428571428571426,0.4499433070863892,0.93,3.44,2.51,2.6328571428571426,0.9909838442637884,90.2,2334.0,2243.8,628.6857142857143,788.5081817286749,968.0,7470.0,6502.0,3420.333333333333,2884.742199149788,7.35,23.78,16.43,16.798571428571428,4.461352865191802,0.02658,140.0,139.97342,21.16318857142857,48.58826235157253,1.0,7.0,6.0,3.0,2.0,-3.0,-1.0,2.0,-2.142857142857143,0.6388765649999398,2.17e-05,7.1e-05,4.9300000000000006e-05,4.635e-05,2.4650000000000003e-05,6.3,120.0,113.7,45.766666666666666,52.52595125797871,10.0,198.0,188.0,104.0,94.0,0.69,196.0,195.31,98.345,97.655,3.3,3.3,0.0,3.3,0.0,0.5,6.0,5.5,3.25,2.75,628.0,970.0,0.0,706.0,0.0,4.77e-08,1.44e-06,1.3923e-06,5.292333333333334e-07,6.443631291610517e-07,8.0,25.0,17.0,12.0,6.350852961085883,60.0,101.0,41.0,92.33333333333331,15.00740557932057,15.9994,54.938045,38.938645,24.984901166666667,14.46843808919989,54.8,1519.0,1464.2,342.58333333333337,534.7697960077983,7.0,16.0,9.0,14.333333333333332,3.2998316455372216,2.0,4.0,2.0,2.5,0.7637626158259734,0.6,1.4,0.7999999999999999,0.7999999999999999,0.3055050463303893,1.55,3.44,1.89,2.916666666666666,0.7628164188642564,90.2,2334.0,2243.8,540.8,819.3302468073135,1823.0,7470.0,5647.0,4646.5,2823.5,7.35,17.36,10.01,15.634999999999998,3.707244034769405,0.02658,7.8,7.77342,1.3570533333333332,2.882387884160554,2.0,7.0,5.0,3.333333333333333,1.9720265943665387,-3.0,-2.0,1.0,-2.333333333333333,0.4714045207910317,2.17e-05,2.17e-05,0.0,2.17e-05,0.0,11.0,120.0,109.0,65.5,54.5,198.0,198.0,0.0,198.0,0.0,196.0,196.0,0.0,196.0,0.0,26.0,75.0,0.0,47.0,0.0,6.0,6.0,0.0,6.0,0.0,628.0,970.0,0.0,716.75,0.0,1e-07,1.44e-06,1.34e-06,7.7e-07,6.699999999999999e-07,22.98976928,1.8,0.93,5.13907696,1.16,0.0,0.142857142857142,0.142857142857142,0.0,0.0,0.0,0.0,0.0,0.0,0.0,0.0,3.387073626551728
Na,Na0-1Mn2P2O9,Mn2P2O9,NaMn2P2O9,mp-aaachfws,8.0,25.0,17.0,11.642857142857142,5.971445659579104,11.0,101.0,90.0,87.14285714285714,25.376752980567368,15.9994,54.938045,38.938645,24.200570234285717,13.596574519216832,54.8,1519.0,1464.2,324.0478571428572,500.753311438713,1.0,16.0,15.0,13.5,4.640658820223082,2.0,4.0,2.0,2.5,0.7319250547113999,0.6,1.8,1.2000000000000002,0.8571428571428571,0.3886134431067269,0.93,3.44,2.51,2.8121428571428577,0.8884350492493492,90.2,2334.0,2243.8,552.5571428571428,785.3661936722673,968.0,7470.0,6502.0,3910.8,2922.7965649357125,7.35,23.78,16.43,16.34,4.029198786004838,0.02658,140.0,139.97342,11.165087142857145,35.833513202189934,1.0,7.0,6.0,3.071428571428571,1.9443796555451716,-3.0,-1.0,2.0,-2.2142857142857144,0.5578749768504754,2.17e-05,7.1e-05,4.9300000000000006e-05,3.813333333333333e-05,2.3240242874997865e-05,6.3,120.0,113.7,53.66,54.19356419354608,10.0,198.0,188.0,135.33333333333334,88.62404990871396,0.69,196.0,195.31,130.89666666666665,92.0700169556964,3.3,3.3,0.0,3.3,0.0,0.5,6.0,5.5,4.166666666666667,2.592724864350674,628.0,970.0,0.0,706.0,0.0,4.77e-08,1.44e-06,1.3923e-06,6.255400000000001e-07,6.652779617573395e-07,8.0,25.0,17.0,11.692307692307692,6.194099119753045,60.0,101.0,41.0,93.0,14.602423402667425,15.9994,54.938045,38.938645,24.29370876923077,14.105527912610766,54.8,1519.0,1464.2,320.44615384615383,519.4814983236571,7.0,16.0,9.0,14.461538461538462,3.201331084105356,2.0,4.0,2.0,2.4615384615384617,0.7457969011409736,0.6,1.4,0.7999999999999999,0.7846153846153846,0.2983187604563895,1.55,3.44,1.89,2.956923076923077,0.7460396423307504,90.2,2334.0,2243.8,506.1384615384616,796.2917184225906,1823.0,7470.0,5647.0,4646.5,2823.5,7.35,17.36,10.01,15.767692307692306,3.5913424827496425,0.02658,7.8,7.77342,1.254709230769231,2.791910183816701,2.0,7.0,5.0,3.230769230769231,1.9276867824833337,-3.0,-2.0,1.0,-2.3076923076923075,0.4615384615384615,2.17e-05,2.17e-05,0.0,2.17e-05,0.0,11.0,120.0,109.0,65.5,54.5,198.0,198.0,0.0,198.0,0.0,196.0,196.0,0.0,196.0,0.0,26.0,75.0,0.0,47.0,0.0,6.0,6.0,0.0,6.0,0.0,628.0,970.0,0.0,716.75,0.0,1e-07,1.44e-06,1.34e-06,7.7e-07,6.699999999999999e-07,22.98976928,1.8,0.93,5.13907696,1.16,0.0,0.071428571428571,0.071428571428571,0.0,0.0,0.0,0.0,0.0,0.0,0.0,0.0,4.670379339051724
Na,Na0-2MnP2O7,MnP2O7,Na2MnP2O7,mp-aaabhhug,8.0,25.0,17.0,11.083333333333332,4.9237237489074825,11.0,101.0,90.0,80.75,33.16907445196504,15.9994,54.938045,38.938645,22.90507563,11.14357574087098,54.8,1519.0,1464.2,273.245,398.8395681536625,1.0,16.0,15.0,12.583333333333334,5.722154800034298,2.0,4.0,2.0,2.5,0.6454972243679028,0.6,1.8,1.2000000000000002,0.9333333333333332,0.4570436400267362,0.93,3.44,2.51,2.6558333333333337,0.9965896709389588,90.2,2334.0,2243.8,531.4499999999999,670.3799326998584,968.0,7470.0,6502.0,2610.4,2459.701819326888,7.35,23.78,16.43,17.539166666666667,3.899560783672381,0.02658,140.0,139.97342,24.038171666666663,51.90291575990791,1.0,7.0,6.0,2.75,1.7853571071357126,-3.0,-1.0,2.0,-2.083333333333333,0.6400954789890506,2.17e-05,7.1e-05,4.9300000000000006e-05,5.456666666666667e-05,2.3240242874997865e-05,6.3,120.0,113.7,30.92,44.58956828676411,10.0,198.0,188.0,72.66666666666667,88.62404990871396,0.69,196.0,195.31,65.79333333333332,92.0700169556964,3.3,3.3,0.0,3.3,0.0,0.5,6.0,5.5,2.333333333333333,2.592724864350674,628.0,970.0,0.0,706.0,0.0,4.77e-08,1.44e-06,1.3923e-06,3.4708e-07,5.469603181218908e-07,8.0,25.0,17.0,11.1,5.3935146240647205,60.0,101.0,41.0,94.7,12.35354200219516,15.9994,54.938045,38.938645,22.8881369,12.20710509611471,54.8,1519.0,1464.2,253.72,434.28130008094985,7.0,16.0,9.0,14.9,2.6627053911388696,2.0,4.0,2.0,2.4,0.6633249580710799,0.6,1.4,0.7999999999999999,0.76,0.265329983228432,1.55,3.44,1.89,3.001,0.6906439024562513,90.2,2334.0,2243.8,406.54,667.5897365897712,1823.0,7470.0,5647.0,3705.333333333333,2662.021328906956,7.35,17.36,10.01,16.291,2.9833486219347543,0.02658,7.8,7.77342,0.8458060000000001,2.319535720320771,2.0,7.0,5.0,3.1,1.7578395831246945,-3.0,-2.0,1.0,-2.3,0.458257569495584,2.17e-05,2.17e-05,0.0,2.17e-05,0.0,11.0,120.0,109.0,47.333333333333336,51.38309276622245,198.0,198.0,0.0,198.0,0.0,196.0,196.0,0.0,196.0,0.0,26.0,75.0,0.0,47.0,0.0,6.0,6.0,0.0,6.0,0.0,628.0,970.0,0.0,716.75,0.0,1e-07,1.44e-06,1.34e-06,5.466666666666666e-07,6.316820578599824e-07,22.98976928,1.8,0.93,5.13907696,1.16,0.0,0.166666666666666,0.166666666666666,0.0,0.0,0.0,0.0,0.0,0.0,0.0,0.0,4.05877872905172
Na,Na0-1MnPO4,MnPO4,NaMnPO4,mp-aaabsgci,8.0,25.0,17.0,11.857142857142856,5.890150893739515,11.0,101.0,90.0,80.71428571428571,31.67114182485052,15.9994,54.938045,38.938645,24.699882325714285,13.4133521191885,54.8,1519.0,1464.2,346.6242857142857,495.1995613273253,1.0,16.0,15.0,12.428571428571429,5.576920370269467,2.0,4.0,2.0,2.571428571428571,0.7284313590846836,0.6,1.8,1.2000000000000002,0.9428571428571426,0.4499433070863892,0.93,3.44,2.51,2.6328571428571426,0.9909838442637884,90.2,2334.0,2243.8,628.6857142857143,788.5081817286749,968.0,7470.0,6502.0,3420.333333333333,2884.742199149788,7.35,23.78,16.43,16.798571428571428,4.461352865191802,0.02658,140.0,139.97342,21.16318857142857,48.58826235157253,1.0,7.0,6.0,3.0,2.0,-3.0,-1.0,2.0,-2.142857142857143,0.6388765649999398,2.17e-05,7.1e-05,4.9300000000000006e-05,4.635e-05,2.4650000000000003e-05,6.3,120.0,113.7,45.766666666666666,52.52595125797871,10.0,198.0,188.0,104.0,94.0,0.69,196.0,195.31,98.345,97.655,3.3,3.3,0.0,3.3,0.0,0.5,6.0,5.5,3.25,2.75,628.0,970.0,0.0,706.0,0.0,4.77e-08,1.44e-06,1.3923e-06,5.292333333333334e-07,6.443631291610517e-07,8.0,25.0,17.0,12.0,6.350852961085883,60.0,101.0,41.0,92.33333333333331,15.00740557932057,15.9994,54.938045,38.938645,24.984901166666667,14.46843808919989,54.8,1519.0,1464.2,342.58333333333337,534.7697960077983,7.0,16.0,9.0,14.333333333333332,3.2998316455372216,2.0,4.0,2.0,2.5,0.7637626158259734,0.6,1.4,0.7999999999999999,0.7999999999999999,0.3055050463303893,1.55,3.44,1.89,2.916666666666666,0.7628164188642564,90.2,2334.0,2243.8,540.8,819.3302468073135,1823.0,7470.0,5647.0,4646.5,2823.5,7.35,17.36,10.01,15.634999999999998,3.707244034769405,0.02658,7.8,7.77342,1.3570533333333332,2.882387884160554,2.0,7.0,5.0,3.333333333333333,1.9720265943665387,-3.0,-2.0,1.0,-2.333333333333333,0.4714045207910317,2.17e-05,2.17e-05,0.0,2.17e-05,0.0,11.0,120.0,109.0,65.5,54.5,198.0,198.0,0.0,198.0,0.0,196.0,196.0,0.0,196.0,0.0,26.0,75.0,0.0,47.0,0.0,6.0,6.0,0.0,6.0,0.0,628.0,970.0,0.0,716.75,0.0,1e-07,1.44e-06,1.34e-06,7.7e-07,6.699999999999999e-07,22.98976928,1.8,0.93,5.13907696,1.16,0.0,0.142857142857142,0.142857142857142,0.0,0.0,0.0,0.0,0.0,0.0,0.0,0.0,3.297377866551716
Na,Na0-0.67MnPO4,MnPO4,Na2Mn3(PO4)3,mp-aaabrsto,8.0,25.0,17.0,11.9,6.032412452742269,11.0,101.0,90.0,84.19999999999999,28.249955752177737,15.9994,54.938045,38.938645,24.785387978,13.739009435871882,54.8,1519.0,1464.2,345.41200000000003,507.3981409563894,1.0,16.0,15.0,13.0,5.079370039680118,2.0,4.0,2.0,2.55,0.7399324293474371,0.6,1.8,1.2000000000000002,0.9,0.4171330722922842,0.93,3.44,2.51,2.718,0.9375051999855788,90.2,2334.0,2243.8,602.32,798.8956387413814,968.0,7470.0,6502.0,3726.875,2918.260545149285,7.35,23.78,16.43,16.4495,4.282520840579763,0.02658,140.0,139.97342,15.221348,41.68267437870004,1.0,7.0,6.0,3.1,1.997498435543818,-3.0,-1.0,2.0,-2.2,0.6,2.17e-05,7.1e-05,4.9300000000000006e-05,4.142e-05,2.415196886384214e-05,6.3,120.0,113.7,50.7,53.710404020077895,10.0,198.0,188.0,122.8,92.1008143286475,0.69,196.0,195.31,117.876,95.68196833259653,3.3,3.3,0.0,3.3,0.0,0.5,6.0,5.5,3.8,2.694438717061496,628.0,970.0,0.0,706.0,0.0,4.77e-08,1.44e-06,1.3923e-06,5.894249999999999e-07,6.591638581377167e-07,8.0,25.0,17.0,12.0,6.350852961085883,60.0,101.0,41.0,92.33333333333331,15.00740557932057,15.9994,54.938045,38.938645,24.984901166666667,14.46843808919989,54.8,1519.0,1464.2,342.58333333333337,534.7697960077983,7.0,16.0,9.0,14.333333333333332,3.2998316455372216,2.0,4.0,2.0,2.5,0.7637626158259734,0.6,1.4,0.7999999999999999,0.7999999999999999,0.3055050463303893,1.55,3.44,1.89,2.916666666666666,0.7628164188642564,90.2,2334.0,2243.8,540.8,819.3302468073135,1823.0,7470.0,5647.0,4646.5,2823.5,7.35,17.36,10.01,15.634999999999998,3.707244034769405,0.02658,7.8,7.77342,1.3570533333333332,2.882387884160554,2.0,7.0,5.0,3.333333333333333,1.9720265943665387,-3.0,-2.0,1.0,-2.333333333333333,0.4714045207910317,2.17e-05,2.17e-05,0.0,2.17e-05,0.0,11.0,120.0,109.0,65.5,54.5,198.0,198.0,0.0,198.0,0.0,196.0,196.0,0.0,196.0,0.0,26.0,75.0,0.0,47.0,0.0,6.0,6.0,0.0,6.0,0.0,628.0,970.0,0.0,716.75,0.0,1e-07,1.44e-06,1.34e-06,7.7e-07,6.699999999999999e-07,22.98976928,1.8,0.93,5.13907696,1.16,0.0,0.1,0.1,0.0,0.0,0.0,0.0,0.0,0.0,0.0,0.0,3.672976751551715
Na,Na0-2Mn(PO3)5,Mn(PO3)5,Na2Mn(PO3)5,mp-aaabwjae,8.0,25.0,17.0,10.521739130434783,4.200099017646373,11.0,101.0,90.0,89.0,25.6853874885076,15.9994,54.938045,38.938645,21.555538850434782,9.383335299836512,54.8,1519.0,1464.2,203.01043478260868,308.07873932089194,1.0,16.0,15.0,14.08695652173913,4.432224326043359,2.0,4.0,2.0,2.391304347826087,0.5702120455914783,0.6,1.8,1.2000000000000002,0.8260869565217392,0.3697442021820747,0.93,3.44,2.51,2.867826086956521,0.8458335560480336,90.2,2334.0,2243.8,380.3913043478261,528.604606004907,968.0,7470.0,6502.0,2315.125,1981.5764833523333,7.35,23.78,16.43,17.409130434782607,2.821927976530567,0.02658,140.0,139.97342,12.581682608695653,39.35361323686702,1.0,7.0,6.0,2.782608695652174,1.5868076165995355,-3.0,-1.0,2.0,-2.1739130434782608,0.5635426694267704,2.17e-05,7.1e-05,4.9300000000000006e-05,5.456666666666667e-05,2.3240242874997865e-05,6.3,120.0,113.7,23.45,36.54647725841712,10.0,198.0,188.0,72.66666666666667,88.62404990871396,0.69,196.0,195.31,65.79333333333332,92.0700169556964,3.3,3.3,0.0,3.3,0.0,0.5,6.0,5.5,2.333333333333333,2.592724864350674,628.0,970.0,0.0,706.0,0.0,4.77e-08,1.44e-06,1.3923e-06,2.54425e-07,4.4864991014709916e-07,8.0,25.0,17.0,10.476190476190476,4.392841011713833,60.0,101.0,41.0,96.42857142857142,9.378655749811344,15.9994,54.938045,38.938645,21.41894547619048,9.80906947781543,54.8,1519.0,1464.2,187.02380952380952,317.82497714901706,7.0,16.0,9.0,15.333333333333334,1.9107050140703692,2.0,4.0,2.0,2.333333333333333,0.563436169819011,0.6,1.4,0.7999999999999999,0.7333333333333333,0.2253744679276044,1.55,3.44,1.89,3.052380952380952,0.625999427672831,90.2,2334.0,2243.8,306.5238095238095,493.2401539140001,1823.0,7470.0,5647.0,2764.166666666667,2104.512644823552,7.35,17.36,10.01,16.80238095238095,2.118494309784562,0.02658,7.8,7.77342,0.4466047619047618,1.6466489111081068,2.0,7.0,5.0,2.952380952380953,1.557659736552012,-3.0,-2.0,1.0,-2.2857142857142856,0.4517539514526256,2.17e-05,2.17e-05,0.0,2.17e-05,0.0,11.0,120.0,109.0,29.166666666666668,40.62190159124618,198.0,198.0,0.0,198.0,0.0,196.0,196.0,0.0,196.0,0.0,26.0,75.0,0.0,47.0,0.0,6.0,6.0,0.0,6.0,0.0,628.0,970.0,0.0,716.75,0.0,1e-07,1.44e-06,1.34e-06,3.2333333333333334e-07,4.99388514974953e-07,22.98976928,1.8,0.93,5.13907696,1.16,0.0,0.08695652173913,0.08695652173913,0.0,0.0,0.0,0.0,0.0,0.0,0.0,0.0,5.518748891551727
Na,Na0-6Mn3(PO4)4,Mn3(PO4)4,Na6Mn3(PO4)4,mp-aaabnsdu,8.0,25.0,17.0,11.344827586206897,5.22774997468889,11.0,101.0,90.0,76.62068965517241,35.66647589786032,15.9994,54.938045,38.938645,23.53924823034483,11.875999906793286,54.8,1519.0,1464.2,307.8696551724138,433.4857961597991,1.0,16.0,15.0,11.827586206896552,6.13676858422749,2.0,4.0,2.0,2.5517241379310347,0.673959320196278,0.6,1.8,1.2000000000000002,0.986206896551724,0.4868789681302838,0.93,3.44,2.51,2.552758620689655,1.0494362905593293,90.2,2334.0,2243.8,606.248275862069,720.2080267585,968.0,7470.0,6502.0,2731.538461538462,2621.233256881624,7.35,23.78,16.43,17.605862068965514,4.3414922885247496,0.02658,140.0,139.97342,29.819630344827583,56.32285437539901,1.0,7.0,6.0,2.7241379310344827,1.873527959614638,-3.0,-1.0,2.0,-2.034482758620689,0.6686454975746661,2.17e-05,7.1e-05,4.9300000000000006e-05,5.456666666666667e-05,2.3240242874997865e-05,6.3,120.0,113.7,33.98461538461538,47.15582754025124,10.0,198.0,188.0,72.66666666666667,88.62404990871396,0.69,196.0,195.31,65.79333333333332,92.0700169556964,3.3,3.3,0.0,3.3,0.0,0.5,6.0,5.5,2.333333333333333,2.592724864350674,628.0,970.0,0.0,706.0,0.0,4.77e-08,1.44e-06,1.3923e-06,3.8509230769230763e-07,5.782335586961093e-07,8.0,25.0,17.0,11.434782608695652,5.866827058585391,60.0,101.0,41.0,93.7391304347826,13.696135257180645,15.9994,54.938045,38.938645,23.68259056521739,13.331651933785585,54.8,1519.0,1464.2,291.4347826086956,485.4115892354479,7.0,16.0,9.0,14.652173913043478,2.9870546151856816,2.0,4.0,2.0,2.4347826086956523,0.7117698062497783,0.6,1.4,0.7999999999999999,0.7739130434782608,0.2847079224999113,1.55,3.44,1.89,2.976086956521739,0.7228069628068351,90.2,2334.0,2243.8,462.83478260869566,744.7169235229413,1823.0,7470.0,5647.0,4243.142857142857,2794.540260097557,7.35,17.36,10.01,15.995217391304347,3.3506791908055806,0.02658,7.8,7.77342,1.0769252173913042,2.605007099162269,2.0,7.0,5.0,3.1739130434782608,1.856883174266315,-3.0,-2.0,1.0,-2.3043478260869565,0.4601306627938418,2.17e-05,2.17e-05,0.0,2.17e-05,0.0,11.0,120.0,109.0,57.71428571428571,53.94101086428789,198.0,198.0,0.0,198.0,0.0,196.0,196.0,0.0,196.0,0.0,26.0,75.0,0.0,47.0,0.0,6.0,6.0,0.0,6.0,0.0,628.0,970.0,0.0,716.75,0.0,1e-07,1.44e-06,1.34e-06,6.742857142857143e-07,6.631280234692273e-07,22.98976928,1.8,0.93,5.13907696,1.16,0.0,0.206896551724137,0.206896551724137,0.0,0.0,0.0,0.0,0.0,0.0,0.0,0.0,3.469875774885057
Na,Na0-1Mn(PO3)3,Mn(PO3)3,NaMn(PO3)3,mp-aaaablir,8.0,25.0,17.0,10.928571428571429,4.817591065404928,11.0,101.0,90.0,89.28571428571428,24.23524166942657,15.9994,54.938045,38.938645,22.488835734285715,10.850276569667916,54.8,1519.0,1464.2,238.21214285714288,376.02625638147305,1.0,16.0,15.0,14.071428571428571,4.283928199249671,2.0,4.0,2.0,2.428571428571429,0.6226998490772391,0.6,1.8,1.2000000000000002,0.8285714285714285,0.3614031611621005,0.93,3.44,2.51,2.857857142857143,0.837310136870516,90.2,2334.0,2243.8,425.1285714285714,611.4582177392142,968.0,7470.0,6502.0,2781.4,2367.571802501458,7.35,23.78,16.43,17.030714285714286,3.165046748211999,0.02658,140.0,139.97342,10.624801428571429,35.937051881345816,1.0,7.0,6.0,2.928571428571429,1.7098156005122604,-3.0,-1.0,2.0,-2.2142857142857144,0.5578749768504754,2.17e-05,7.1e-05,4.9300000000000006e-05,4.635e-05,2.4650000000000003e-05,6.3,120.0,113.7,31.860000000000003,44.107577580275255,10.0,198.0,188.0,104.0,94.0,0.69,196.0,195.31,98.345,97.655,3.3,3.3,0.0,3.3,0.0,0.5,6.0,5.5,3.25,2.75,628.0,970.0,0.0,706.0,0.0,4.77e-08,1.44e-06,1.3923e-06,3.575400000000001e-07,5.416089053920735e-07,8.0,25.0,17.0,10.923076923076923,4.999408249006745,60.0,101.0,41.0,95.3076923076923,11.172663172532497,15.9994,54.938045,38.938645,22.450302384615384,11.25894101411538,54.8,1519.0,1464.2,228.0076923076923,388.3484388288801,7.0,16.0,9.0,15.076923076923077,2.3684314335908696,2.0,4.0,2.0,2.3846153846153846,0.6249260311258431,0.6,1.4,0.7999999999999999,0.7538461538461538,0.2499704124503372,1.55,3.44,1.89,3.0061538461538464,0.6686788174802202,90.2,2334.0,2243.8,368.9076923076923,598.6570129645168,1823.0,7470.0,5647.0,3234.75,2445.2227275853625,7.35,17.36,10.01,16.51153846153846,2.648488236868044,0.02658,7.8,7.77342,0.6728630769230769,2.059271064159073,2.0,7.0,5.0,3.076923076923077,1.6853001769389728,-3.0,-2.0,1.0,-2.3076923076923075,0.4615384615384615,2.17e-05,2.17e-05,0.0,2.17e-05,0.0,11.0,120.0,109.0,38.25,47.19838450625191,198.0,198.0,0.0,198.0,0.0,196.0,196.0,0.0,196.0,0.0,26.0,75.0,0.0,47.0,0.0,6.0,6.0,0.0,6.0,0.0,628.0,970.0,0.0,716.75,0.0,1e-07,1.44e-06,1.34e-06,4.35e-07,5.80237020535574e-07,22.98976928,1.8,0.93,5.13907696,1.16,0.0,0.071428571428571,0.071428571428571,0.0,0.0,0.0,0.0,0.0,0.0,0.0,0.0,3.951715941551714
Na,Na0-1Mn(SiO3)2,Mn(SiO3)2,NaMn(SiO3)2,mp-aaacnakn,8.0,25.0,17.0,11.2,5.173006862551025,11.0,101.0,90.0,84.69999999999999,27.633494169214288,15.9994,54.938045,38.938645,23.009521428,11.686799986197014,54.8,1687.0,1632.2,559.267,709.018055059954,1.0,16.0,15.0,13.2,4.853864439804639,2.0,4.0,2.0,2.5,0.6708203932499369,0.6,1.8,1.2000000000000002,0.9,0.4098780306383839,0.93,3.44,2.51,2.692,0.9497557580767804,90.2,3173.0,3082.8,1037.72,1272.78978060008,968.0,7470.0,6502.0,3274.5,2485.2727717496123,7.35,23.78,16.43,15.941,4.212610710711352,0.02658,150.0,149.97342,44.795948,66.77879503764002,1.0,7.0,6.0,2.8,1.661324772583615,-4.0,-1.0,3.0,-2.4000000000000004,0.916515138991168,2.6e-06,7.1e-05,6.840000000000001e-05,2.4475e-05,2.797010681066485e-05,6.3,120.0,113.7,81.575,44.22037850358136,10.0,198.0,188.0,75.5,72.32046736574647,0.69,196.0,195.31,98.345,97.655,3.3,3.3,0.0,3.3,0.0,0.5,6.5,6.0,4.875,2.5341418665891617,628.0,970.0,0.0,706.0,0.0,4.77e-08,0.001,0.0009999523,0.000500371925,0.0004996283174927,8.0,25.0,17.0,11.22222222222222,5.452375176171243,60.0,101.0,41.0,92.88888888888889,13.337036522776584,15.9994,54.938045,38.938645,23.01171611111111,12.318966883435788,54.8,1687.0,1632.2,580.1999999999999,744.4333325870537,7.0,16.0,9.0,14.555555555555554,2.793290019994785,2.0,4.0,2.0,2.4444444444444446,0.6849348892187751,0.6,1.4,0.7999999999999999,0.8,0.2943920288775949,1.55,3.44,1.89,2.887777777777777,0.7867482694650004,90.2,3173.0,3082.8,1024.5777777777778,1340.9943920487412,2330.0,7470.0,5140.0,4043.333333333333,2423.0192368659027,7.35,17.36,10.01,15.07,3.4830255047396173,0.02658,150.0,149.97342,34.21771999999999,61.93470843557108,2.0,7.0,5.0,3.0,1.632993161855452,-4.0,-2.0,2.0,-2.555555555555556,0.8314794192830981,2.6e-06,2.17e-05,1.91e-05,8.966666666666667e-06,9.003826347108704e-06,100.0,120.0,20.0,106.66666666666666,9.428090415820634,47.0,198.0,151.0,97.33333333333331,71.18208263944578,196.0,196.0,0.0,196.0,0.0,26.0,75.0,0.0,47.0,0.0,6.0,6.5,0.5,6.333333333333333,0.2357022603955158,628.0,970.0,0.0,716.75,0.0,1.44e-06,0.001,0.00099856,0.0006671466666666,0.000470725698281,22.98976928,1.8,0.93,5.13907696,1.16,0.0,0.1,0.1,0.0,0.0,0.0,0.0,0.0,0.0,0.0,0.0,3.820904876551725
Na,Na0-1MoO2,MoO2,NaMoO2,mp-aaabornn,8.0,42.0,34.0,17.25,14.341809509263468,11.0,101.0,90.0,67.25,37.31202889149825,15.9994,95.94,79.9406,37.73214232,33.72727544599731,54.8,2896.0,2841.2,844.1175,1191.6615733582878,1.0,16.0,15.0,9.75,6.49519052838329,2.0,5.0,3.0,3.0,1.224744871391589,0.6,1.8,1.2000000000000002,1.1125,0.5272274177240786,0.93,3.44,2.51,2.4925,1.042529975588232,90.2,4912.0,4821.8,1562.1,1982.4055109891112,968.0,10280.0,9312.0,5624.0,4656.0,9.38,23.78,14.4,16.97,5.106084605644525,0.02658,140.0,139.97342,69.76329,69.73760622235395,1.0,6.0,5.0,2.75,1.920286436967152,-2.0,-1.0,1.0,-1.75,0.4330127018922193,4.8e-06,7.1e-05,6.620000000000001e-05,3.79e-05,3.3100000000000005e-05,6.3,230.0,223.7,118.15,111.85,10.0,329.0,319.0,169.5,159.5,0.69,1500.0,1499.31,750.345,749.655,3.3,20.0,16.7,11.65,8.350000000000001,0.5,5.5,5.0,3.0,2.5,1530.0,1530.0,0.0,1530.0,0.0,4.77e-08,5.34e-08,5.700000000000005e-09,5.055e-08,2.850000000000002e-09,8.0,42.0,34.0,19.33333333333333,16.027753706895076,56.0,101.0,45.0,86.0,21.213203435596427,15.9994,95.94,79.9406,42.64626666666666,37.68436023474754,54.8,2896.0,2841.2,1001.8666666666666,1339.3545244714792,6.0,16.0,10.0,12.666666666666666,4.714045207910317,2.0,5.0,3.0,3.0,1.4142135623730951,0.6,1.45,0.85,0.8833333333333333,0.4006938426723768,2.16,3.44,1.2799999999999998,3.0133333333333328,0.6033977866125205,90.2,4912.0,4821.8,1697.4666666666667,2273.0183183501968,10280.0,10280.0,0.0,10280.0,0.0,9.38,17.36,7.979999999999999,14.7,3.761808075912432,0.02658,139.0,138.97342,46.351053333333326,65.51269845779078,2.0,6.0,4.0,3.333333333333333,1.8856180831641267,-2.0,-2.0,0.0,-2.0,0.0,4.8e-06,4.8e-06,0.0,4.8e-06,0.0,230.0,230.0,0.0,230.0,0.0,329.0,329.0,0.0,329.0,0.0,1500.0,1500.0,0.0,1500.0,0.0,20.0,20.0,0.0,20.0,0.0,5.5,5.5,0.0,5.5,0.0,1530.0,1530.0,0.0,1530.0,0.0,5.34e-08,5.34e-08,0.0,5.34e-08,0.0,22.98976928,1.8,0.93,5.13907696,1.16,0.0,0.25,0.25,0.0,0.0,0.0,0.0,0.0,0.0,0.0,0.0,2.137050486551722
Na,Na0-1ReO3,ReO3,NaReO3,mp-aaaaaahi,8.0,75.0,67.0,22.0,26.52545946821657,11.0,101.0,90.0,74.39999999999999,35.808378907736106,15.9994,186.207,170.2076,51.438993856,67.43836934125795,54.8,3459.0,3404.2,798.854,1335.6942846564853,1.0,16.0,15.0,11.2,6.177378084592201,2.0,6.0,4.0,3.0,1.5491933384829668,0.6,1.8,1.2000000000000002,0.99,0.4983974317750845,0.93,3.44,2.51,2.63,1.0383833588805245,90.2,5869.0,5778.8,1459.12,2243.245383278432,968.0,21020.0,20052.0,10994.0,10026.0,8.86,23.78,14.920000000000002,16.944,4.745547808209292,0.02658,140.0,139.97342,37.615948,54.45953433476214,1.0,7.0,6.0,2.8,2.1354156504062622,-3.0,-1.0,2.0,-2.0,0.6324555320336759,6.2e-06,7.1e-05,6.48e-05,3.86e-05,3.24e-05,6.3,370.0,363.7,188.15,181.85,10.0,463.0,453.0,236.5,226.5,0.69,1320.0,1319.31,660.345,659.655,3.3,178.0,174.7,90.65,87.35000000000001,0.5,7.0,6.5,3.75,3.25,2450.0,2450.0,0.0,2450.0,0.0,4.77e-08,1.93e-07,1.453e-07,1.2035e-07,7.265e-08,8.0,75.0,67.0,24.75,29.011851026778693,58.0,101.0,43.0,90.25,18.619546181365436,15.9994,186.207,170.2076,58.5513,73.7020527585901,54.8,3459.0,3404.2,905.85,1474.061839781493,7.0,16.0,9.0,13.75,3.897114317029974,2.0,6.0,4.0,3.0,1.7320508075688772,0.6,1.35,0.7500000000000001,0.7875,0.3247595264191645,1.9,3.44,1.54,3.055,0.6668395609140177,90.2,5869.0,5778.8,1534.9,2502.2938016947573,21020.0,21020.0,0.0,21020.0,0.0,8.86,17.36,8.5,15.235,3.680607966083864,0.02658,48.0,47.97342,12.019935,20.77310021321023,2.0,7.0,5.0,3.25,2.165063509461097,-3.0,-2.0,1.0,-2.25,0.4330127018922193,6.2e-06,6.2e-06,0.0,6.2e-06,0.0,370.0,370.0,0.0,370.0,0.0,463.0,463.0,0.0,463.0,0.0,1320.0,1320.0,0.0,1320.0,0.0,178.0,178.0,0.0,178.0,0.0,7.0,7.0,0.0,7.0,0.0,2450.0,2450.0,0.0,2450.0,0.0,1.93e-07,1.93e-07,0.0,1.93e-07,0.0,22.98976928,1.8,0.93,5.13907696,1.16,0.0,0.2,0.2,0.0,0.0,0.0,0.0,0.0,0.0,0.0,0.0,1.844006056551724
Na,Na0-1SbO3,SbO3,NaSbO3,mp-aaackxkz,8.0,51.0,43.0,17.200000000000003,16.93989374228776,11.0,101.0,90.0,80.39999999999999,35.063371201297805,15.9994,121.76,105.7606,38.549593856,41.693197431511216,54.8,903.78,848.98,287.81,331.420875866322,1.0,16.0,15.0,12.8,5.912698199637793,2.0,5.0,3.0,2.8,1.16619037896906,0.6,1.8,1.2000000000000002,1.01,0.5141984052872977,0.93,3.44,2.51,2.66,1.0188424804649636,90.2,1860.0,1769.8,657.32,729.3827812609782,968.0,6697.0,5729.0,3832.5,2864.5,17.36,23.78,6.420000000000002,18.81,2.505705489477964,0.02658,140.0,139.97342,32.815948,54.39038500285815,1.0,5.0,4.0,2.4,1.3564659966250536,-3.0,-1.0,2.0,-2.0,0.6324555320336759,1.1e-05,7.1e-05,6.000000000000001e-05,4.1e-05,3e-05,6.3,42.0,35.7,24.15,17.85,10.0,55.0,45.0,32.5,22.5,0.69,294.0,293.31,147.345,146.655,3.3,20.0,16.7,11.65,8.350000000000001,0.5,3.0,2.5,1.75,1.25,628.0,970.0,0.0,706.0,0.0,4.77e-08,4.17e-07,3.693e-07,2.3235e-07,1.8465e-07,8.0,51.0,43.0,18.75,18.619546181365436,88.0,101.0,13.0,97.75,5.629165124598851,15.9994,121.76,105.7606,42.43955,45.795683159742254,54.8,903.78,848.98,267.045,367.6191236524564,15.0,16.0,1.0,15.75,0.4330127018922193,2.0,5.0,3.0,2.75,1.299038105676658,0.6,1.45,0.85,0.8125,0.3680607966083864,2.05,3.44,1.39,3.0925,0.6018876556301849,90.2,1860.0,1769.8,532.65,766.3458798088498,6697.0,6697.0,0.0,6697.0,0.0,17.36,18.19,0.8300000000000018,17.5675,0.3594005425705428,0.02658,24.0,23.97342,6.019935,10.380795367796969,2.0,5.0,3.0,2.75,1.299038105676658,-3.0,-2.0,1.0,-2.25,0.4330127018922193,1.1e-05,1.1e-05,0.0,1.1e-05,0.0,42.0,42.0,0.0,42.0,0.0,55.0,55.0,0.0,55.0,0.0,294.0,294.0,0.0,294.0,0.0,20.0,20.0,0.0,20.0,0.0,3.0,3.0,0.0,3.0,0.0,628.0,970.0,0.0,716.75,0.0,4.17e-07,4.17e-07,0.0,4.17e-07,0.0,22.98976928,1.8,0.93,5.13907696,1.16,0.0,0.2,0.2,0.0,0.0,0.0,0.0,0.0,0.0,0.0,0.0,4.817621269051724
Na,Na0-1SbO3,SbO3,NaSbO3,mp-aaabpicj,8.0,51.0,43.0,17.200000000000003,16.93989374228776,11.0,101.0,90.0,80.39999999999999,35.063371201297805,15.9994,121.76,105.7606,38.549593856,41.693197431511216,54.8,903.78,848.98,287.81,331.420875866322,1.0,16.0,15.0,12.8,5.912698199637793,2.0,5.0,3.0,2.8,1.16619037896906,0.6,1.8,1.2000000000000002,1.01,0.5141984052872977,0.93,3.44,2.51,2.66,1.0188424804649636,90.2,1860.0,1769.8,657.32,729.3827812609782,968.0,6697.0,5729.0,3832.5,2864.5,17.36,23.78,6.420000000000002,18.81,2.505705489477964,0.02658,140.0,139.97342,32.815948,54.39038500285815,1.0,5.0,4.0,2.4,1.3564659966250536,-3.0,-1.0,2.0,-2.0,0.6324555320336759,1.1e-05,7.1e-05,6.000000000000001e-05,4.1e-05,3e-05,6.3,42.0,35.7,24.15,17.85,10.0,55.0,45.0,32.5,22.5,0.69,294.0,293.31,147.345,146.655,3.3,20.0,16.7,11.65,8.350000000000001,0.5,3.0,2.5,1.75,1.25,628.0,970.0,0.0,706.0,0.0,4.77e-08,4.17e-07,3.693e-07,2.3235e-07,1.8465e-07,8.0,51.0,43.0,18.75,18.619546181365436,88.0,101.0,13.0,97.75,5.629165124598851,15.9994,121.76,105.7606,42.43955,45.795683159742254,54.8,903.78,848.98,267.045,367.6191236524564,15.0,16.0,1.0,15.75,0.4330127018922193,2.0,5.0,3.0,2.75,1.299038105676658,0.6,1.45,0.85,0.8125,0.3680607966083864,2.05,3.44,1.39,3.0925,0.6018876556301849,90.2,1860.0,1769.8,532.65,766.3458798088498,6697.0,6697.0,0.0,6697.0,0.0,17.36,18.19,0.8300000000000018,17.5675,0.3594005425705428,0.02658,24.0,23.97342,6.019935,10.380795367796969,2.0,5.0,3.0,2.75,1.299038105676658,-3.0,-2.0,1.0,-2.25,0.4330127018922193,1.1e-05,1.1e-05,0.0,1.1e-05,0.0,42.0,42.0,0.0,42.0,0.0,55.0,55.0,0.0,55.0,0.0,294.0,294.0,0.0,294.0,0.0,20.0,20.0,0.0,20.0,0.0,3.0,3.0,0.0,3.0,0.0,628.0,970.0,0.0,716.75,0.0,4.17e-07,4.17e-07,0.0,4.17e-07,0.0,22.98976928,1.8,0.93,5.13907696,1.16,0.0,0.2,0.2,0.0,0.0,0.0,0.0,0.0,0.0,0.0,0.0,4.701569966551723
Na,Na0-1SbWO7,SbWO7,NaSbWO7,mp-aaacrjyp,8.0,74.0,66.0,19.200000000000003,22.27015940670385,11.0,101.0,90.0,86.1,28.574289142514115,15.9994,183.84,167.8406,44.058556928,56.1528929871734,54.8,3695.0,3640.2,535.325,1084.5589227446335,1.0,16.0,15.0,13.4,5.083306010855534,2.0,6.0,4.0,2.8,1.4,0.6,1.8,1.2000000000000002,0.88,0.4405678154382138,0.93,3.44,2.51,2.942,0.8317788167535886,90.2,5828.0,5737.8,947.54,1727.4302233086,968.0,19250.0,18282.0,8971.666666666666,7634.9399619265,9.47,23.78,14.31,17.296,3.2267079198464805,0.02658,170.0,169.97342,33.418606,61.56945076549119,1.0,6.0,5.0,2.6,1.4966629547095769,-3.0,-1.0,2.0,-2.0,0.4472135954999579,4.5e-06,7.1e-05,6.65e-05,2.883333333333333e-05,2.9934187070230517e-05,6.3,310.0,303.7,119.43333333333334,135.53686665340254,10.0,411.0,401.0,158.66666666666666,179.36988475091226,0.69,2570.0,2569.31,954.8966666666666,1148.310867327407,3.3,161.0,157.7,61.43333333333333,70.73360037649873,0.5,7.5,7.0,3.666666666666667,2.8963578661637945,3430.0,3430.0,0.0,3430.0,0.0,4.77e-08,4.17e-07,3.693e-07,1.725e-07,1.729001445921894e-07,8.0,74.0,66.0,20.11111111111111,23.297326715714945,55.0,101.0,46.0,94.44444444444444,14.522864051106229,15.9994,183.84,167.8406,46.39953333333334,58.725594042272384,54.8,3695.0,3640.2,553.5977777777778,1141.764232928612,6.0,16.0,10.0,14.77777777777778,3.1190375216929334,2.0,6.0,4.0,2.7777777777777777,1.4740554623801776,0.6,1.45,0.85,0.7777777777777778,0.3334259130694146,2.05,3.44,1.39,3.1655555555555552,0.5186116318511936,90.2,5828.0,5737.8,924.3777777777776,1819.3975741545623,6697.0,19250.0,12553.0,12973.5,6276.5,9.47,18.19,8.72,16.575555555555557,2.5254883405046025,0.02658,170.0,169.97342,21.57622888888889,53.00545262086333,2.0,6.0,4.0,2.7777777777777777,1.4740554623801776,-3.0,-2.0,1.0,-2.111111111111111,0.3142696805273544,4.5e-06,1.1e-05,6.5e-06,7.75e-06,3.25e-06,42.0,310.0,268.0,176.0,134.0,55.0,411.0,356.0,233.0,178.0,294.0,2570.0,2276.0,1432.0,1138.0,20.0,161.0,141.0,90.5,70.5,3.0,7.5,4.5,5.25,2.25,3430.0,3430.0,0.0,3430.0,0.0,5.28e-08,4.17e-07,3.642e-07,2.349e-07,1.821e-07,22.98976928,1.8,0.93,5.13907696,1.16,0.0,0.1,0.1,0.0,0.0,0.0,0.0,0.0,0.0,0.0,0.0,5.208760591551719
Na,Na0-1Ti(SiO3)2,Ti(SiO3)2,NaTi(SiO3)2,mp-aaaablld,8.0,22.0,14.0,10.9,4.3920382511995495,11.0,101.0,90.0,83.8,28.5545092761196,15.9994,47.867,31.8676,22.302416928,9.794266664249152,54.8,1941.0,1886.2,601.467,774.4259987894259,1.0,16.0,15.0,12.9,5.3,2.0,4.0,2.0,2.5,0.6708203932499369,0.6,1.8,1.2000000000000002,0.9,0.4098780306383839,0.93,3.44,2.51,2.691,0.9509621443569664,90.2,3560.0,3469.8,1160.32,1439.8328102943065,968.0,4507.0,3539.0,2533.75,1267.7062701982663,10.64,23.78,13.14,16.27,3.614883123975103,0.02658,150.0,149.97342,46.215948,66.12478033505394,1.0,4.0,3.0,2.5,1.02469507659596,-4.0,-1.0,3.0,-2.2,0.9797958971132712,2.6e-06,7.1e-05,6.840000000000001e-05,2.1200000000000004e-05,2.885619517538652e-05,6.3,110.0,103.7,79.075,42.2145339308632,10.0,116.0,106.0,55.0,38.32101251271944,0.69,716.0,715.31,358.345,357.65500000000003,3.3,44.0,40.7,23.65,20.35,0.5,6.5,6.0,4.875,2.5341418665891617,970.0,970.0,0.0,970.0,0.0,4.77e-08,0.001,0.0009999523,0.000500116925,0.0004998830923299,8.0,22.0,14.0,10.88888888888889,4.629481479111036,51.0,101.0,50.0,91.88888888888889,15.863616264510885,15.9994,47.867,31.8676,22.22604444444444,10.321238334630534,54.8,1941.0,1886.2,627.0888888888888,812.2857303032727,4.0,16.0,12.0,14.22222222222222,3.705184889007348,2.0,4.0,2.0,2.4444444444444446,0.6849348892187751,0.6,1.4,0.7999999999999999,0.8,0.2943920288775949,1.54,3.44,1.9,2.8866666666666663,0.7886415887813396,90.2,3560.0,3469.8,1160.8,1517.7162844220918,2330.0,4507.0,2177.0,3055.6666666666665,1026.247641762076,10.64,17.36,6.719999999999999,15.435555555555554,2.748879008335785,0.02658,150.0,149.97342,35.79549777777777,61.42035971578548,2.0,4.0,2.0,2.6666666666666665,0.9428090415820634,-4.0,-1.0,3.0,-2.333333333333333,0.9428090415820634,2.6e-06,8.6e-06,6e-06,4.6e-06,2.8284271247461903e-06,100.0,110.0,10.0,103.33333333333331,4.714045207910317,47.0,116.0,69.0,70.0,32.526911934581186,716.0,716.0,0.0,716.0,0.0,44.0,44.0,0.0,44.0,0.0,6.0,6.5,0.5,6.333333333333333,0.2357022603955158,970.0,970.0,0.0,970.0,0.0,4.2e-07,0.001,0.00099958,0.0006668066666666,0.0004712065308922,22.98976928,1.8,0.93,5.13907696,1.16,0.0,0.1,0.1,0.0,0.0,0.0,0.0,0.0,0.0,0.0,0.0,1.283247486551733
Na,Na0-1V(SiO3)2,V(SiO3)2,NaV(SiO3)2,mp-aaacuatj,8.0,23.0,15.0,11.0,4.6475800154489,11.0,101.0,90.0,84.1,28.22215441811628,15.9994,50.9415,34.9421,22.609866928,10.606509847442512,54.8,2183.0,2128.2,625.667,818.437404326684,1.0,16.0,15.0,13.0,5.138093031466052,2.0,4.0,2.0,2.5,0.6708203932499369,0.6,1.8,1.2000000000000002,0.8950000000000001,0.4040111384603153,0.93,3.44,2.51,2.7,0.9403935346438744,90.2,3680.0,3589.8,1172.32,1460.1393226675325,968.0,6110.0,5142.0,2934.5,1915.8394374268423,8.32,23.78,15.46,16.037999999999997,4.020462162488288,0.02658,150.0,149.97342,47.115948,65.84973703788904,1.0,5.0,4.0,2.6,1.2,-4.0,-1.0,3.0,-2.2,0.9797958971132712,2.6e-06,7.1e-05,6.840000000000001e-05,2.115e-05,2.887814917892073e-05,6.3,160.0,153.7,91.575,54.99037984047756,10.0,128.0,118.0,58.0,43.14510400960925,0.69,628.0,627.31,314.345,313.65500000000003,3.3,47.0,43.7,25.15,21.85,0.5,7.0,6.5,5.125,2.6780356607035687,628.0,628.0,0.0,628.0,0.0,4.77e-08,0.001,0.0009999523,0.000500061175,0.0004999388277866,8.0,23.0,15.0,11.0,4.898979485566356,54.0,101.0,47.0,92.2222222222222,15.009462036238473,15.9994,50.9415,34.9421,22.567655555555557,11.17944616717176,54.8,2183.0,2128.2,653.9777777777776,858.0509461406353,5.0,16.0,11.0,14.333333333333332,3.39934634239519,2.0,4.0,2.0,2.4444444444444446,0.6849348892187751,0.6,1.35,0.7500000000000001,0.7944444444444445,0.2832788618662659,1.63,3.44,1.81,2.8966666666666665,0.7718952145351221,90.2,3680.0,3589.8,1174.1333333333334,1539.1113049058176,2330.0,6110.0,3780.0,3590.0,1781.9090885900998,8.32,17.36,9.04,15.177777777777775,3.249662470602063,0.02658,150.0,149.97342,36.79549777777777,61.26066921003172,2.0,5.0,3.0,2.7777777777777777,1.133115447465063,-4.0,-1.0,3.0,-2.333333333333333,0.9428090415820634,2.6e-06,8.4e-06,5.799999999999999e-06,4.533333333333333e-06,2.7341462205879838e-06,100.0,160.0,60.0,120.0,28.284271247461906,47.0,128.0,81.0,74.0,38.18376618407357,628.0,628.0,0.0,628.0,0.0,47.0,47.0,0.0,47.0,0.0,6.5,7.0,0.5,6.666666666666666,0.2357022603955158,628.0,628.0,0.0,628.0,0.0,1.97e-07,0.001,0.000999803,0.0006667323333333,0.0004713116541004,22.98976928,1.8,0.93,5.13907696,1.16,0.0,0.1,0.1,0.0,0.0,0.0,0.0,0.0,0.0,0.0,0.0,3.032066876551727
Na,Na0-0.5SnO2,SnO2,Na(SnO2)2,mp-aaadbtbi,8.0,50.0,42.0,20.428571428571427,18.73009147149613,11.0,101.0,90.0,83.0,30.4255531702266,15.9994,118.71,102.7106,46.34390989714286,45.82930285481138,54.8,505.08,450.28,228.60428571428568,204.9212021281172,1.0,16.0,15.0,13.285714285714285,5.091008480344418,2.0,5.0,3.0,3.0,1.3093073414159542,0.6,1.8,1.2000000000000002,1.0142857142857142,0.4904183969649106,0.93,3.44,2.51,2.6585714285714284,0.9566672592380064,90.2,2875.0,2784.8,1038.1142857142856,1216.3388430961536,968.0,7310.0,6342.0,5196.0,2989.647470856723,16.29,23.78,7.490000000000002,17.97142857142857,2.416883640271548,0.02658,140.0,139.97342,39.15804571428571,50.48979390056536,1.0,4.0,3.0,2.4285714285714284,1.049781318335648,-4.0,-1.0,3.0,-2.4285714285714284,1.049781318335648,2.2e-05,7.1e-05,4.9000000000000005e-05,3.833333333333333e-05,2.3098821518760555e-05,6.3,58.0,51.7,40.766666666666666,24.37161372489634,10.0,50.0,40.0,36.66666666666666,18.856180831641268,0.69,51.0,50.31,34.23,23.716361440996803,3.3,18.0,14.7,13.1,6.929646455628166,0.5,1.5,1.0,1.1666666666666667,0.4714045207910317,628.0,970.0,0.0,706.0,0.0,4.77e-08,1.1e-07,6.230000000000001e-08,8.923333333333333e-08,2.936850164528128e-08,8.0,50.0,42.0,22.0,19.79898987322333,83.0,101.0,18.0,95.0,8.48528137423857,15.9994,118.71,102.7106,50.23626666666666,48.41824117315934,54.8,505.08,450.28,204.8933333333333,212.2640276217857,14.0,16.0,2.0,15.333333333333332,0.9428090415820634,2.0,5.0,3.0,3.0,1.4142135623730951,0.6,1.45,0.85,0.8833333333333333,0.4006938426723768,1.96,3.44,1.48,2.9466666666666663,0.6976786907707269,90.2,2875.0,2784.8,1018.4666666666666,1312.767309498865,7310.0,7310.0,0.0,7310.0,0.0,16.29,17.36,1.0700000000000005,17.00333333333333,0.504402837246404,0.02658,67.0,66.97342,22.351053333333333,31.571572960836495,2.0,4.0,2.0,2.6666666666666665,0.9428090415820634,-4.0,-2.0,2.0,-2.6666666666666665,0.9428090415820634,2.2e-05,2.2e-05,0.0,2.2e-05,0.0,58.0,58.0,0.0,58.0,0.0,50.0,50.0,0.0,50.0,0.0,51.0,51.0,0.0,51.0,0.0,18.0,18.0,0.0,18.0,0.0,1.5,1.5,0.0,1.5,0.0,628.0,970.0,0.0,716.75,0.0,1.1e-07,1.1e-07,0.0,1.1e-07,0.0,22.98976928,1.8,0.93,5.13907696,1.16,0.0,0.142857142857142,0.142857142857142,0.0,0.0,0.0,0.0,0.0,0.0,0.0,0.0,2.060051621551725
Na,Na0-1TaWO7,TaWO7,NaTaWO7,mp-aaacrhof,8.0,74.0,66.0,21.4,26.0660698993922,11.0,101.0,90.0,82.49999999999999,30.322433939247027,15.9994,183.84,167.8406,49.977344928,66.24373623976773,54.8,3695.0,3640.2,773.947,1365.494461680823,1.0,16.0,15.0,12.4,5.624944444170094,2.0,6.0,4.0,2.9000000000000004,1.57797338380595,0.6,1.8,1.2000000000000002,0.88,0.4405678154382138,0.93,3.44,2.51,2.887,0.9039917035017524,90.2,5828.0,5737.8,1334.64,2244.784933662911,968.0,19250.0,18282.0,12289.333333333332,8075.454221831047,9.47,23.78,14.31,16.561999999999998,3.7347096272668914,0.02658,170.0,169.97342,36.718606,61.85987769115167,1.0,6.0,5.0,2.6,1.4966629547095769,-2.0,-1.0,1.0,-1.7999999999999998,0.4,4.5e-06,7.1e-05,6.65e-05,2.7266666666666668e-05,3.093286637578584e-05,6.3,310.0,303.7,172.09999999999997,125.54475961451624,10.0,411.0,401.0,202.3333333333333,164.11445870353884,0.69,2570.0,2569.31,1123.5633333333333,1073.579182620246,3.3,161.0,157.7,77.76666666666667,64.67850407120505,0.5,7.5,7.0,4.833333333333333,3.0912061651652345,873.0,3430.0,2557.0,2151.5,1278.5,4.77e-08,1.31e-07,8.33e-08,7.716666666666666e-08,3.8122813234189436e-08,8.0,74.0,66.0,22.555555555555557,27.23197104349188,52.0,101.0,49.0,90.44444444444444,19.76029189567981,15.9994,183.84,167.8406,52.97596444444444,69.18017635103524,54.8,3695.0,3640.2,818.7333333333333,1432.372850281037,5.0,16.0,11.0,13.666666666666668,4.371625682868,2.0,6.0,4.0,2.888888888888889,1.6629588385661962,0.6,1.45,0.85,0.7777777777777778,0.3334259130694146,1.5,3.44,1.94,3.1044444444444443,0.6596819285940614,90.2,5828.0,5737.8,1354.4888888888888,2365.37842706191,16650.0,19250.0,2600.0,17950.0,1300.0,9.47,17.36,7.889999999999999,15.76,3.010946694978176,0.02658,170.0,169.97342,25.24289555555556,54.17479012030988,2.0,6.0,4.0,2.7777777777777777,1.4740554623801776,-2.0,-1.0,1.0,-1.8888888888888888,0.3142696805273544,4.5e-06,6.3e-06,1.7999999999999995e-06,5.4e-06,8.999999999999999e-07,200.0,310.0,110.0,255.0,55.0,186.0,411.0,225.0,298.5,112.5,800.0,2570.0,1770.0,1685.0,885.0,69.0,161.0,92.0,115.0,46.0,6.5,7.5,1.0,7.0,0.5,873.0,3430.0,2557.0,2151.5,1278.5,5.28e-08,1.31e-07,7.82e-08,9.19e-08,3.909999999999999e-08,22.98976928,1.8,0.93,5.13907696,1.16,0.0,0.1,0.1,0.0,0.0,0.0,0.0,0.0,0.0,0.0,0.0,4.762122656551728
Na,Na0-0.5TiO2,TiO2,NaTi2O4,mp-aaabrbid,8.0,22.0,14.0,12.428571428571429,6.137871731125952,11.0,101.0,90.0,73.85714285714285,33.68521749300456,15.9994,47.867,31.8676,26.103052754285716,13.966114754425494,54.8,1941.0,1886.2,638.8671428571428,830.4439547050255,1.0,16.0,15.0,10.428571428571429,6.499607523472758,2.0,4.0,2.0,2.7142857142857144,0.8806305718527109,0.6,1.8,1.2000000000000002,0.9999999999999998,0.4780914437337574,0.93,3.44,2.51,2.5385714285714283,1.057766225474751,90.2,3560.0,3469.8,1233.8285714285714,1514.6781626228494,968.0,4507.0,3539.0,3327.333333333333,1668.300599079461,10.64,23.78,13.14,16.357142857142858,4.217195121627354,0.02658,140.0,139.97342,26.30090285714285,47.39777027347465,1.0,4.0,3.0,2.4285714285714284,1.049781318335648,-2.0,-1.0,1.0,-1.5714285714285714,0.4948716593053935,8.6e-06,7.1e-05,6.24e-05,2.9400000000000003e-05,2.941564209736038e-05,6.3,110.0,103.7,75.43333333333332,48.88464880602999,10.0,116.0,106.0,80.66666666666666,49.96887920384936,0.69,716.0,715.31,477.5633333333333,337.20036776703284,3.3,44.0,40.7,30.433333333333334,19.18616399619499,0.5,6.0,5.5,4.166666666666667,2.592724864350674,970.0,970.0,0.0,970.0,0.0,4.77e-08,4.2e-07,3.723e-07,2.959e-07,1.755039030905011e-07,8.0,22.0,14.0,12.666666666666666,6.599663291074443,51.0,101.0,50.0,84.33333333333333,23.570226039551585,15.9994,47.867,31.8676,26.62193333333333,15.022530706760278,54.8,1941.0,1886.2,683.5333333333333,889.163207116044,4.0,16.0,12.0,12.0,5.656854249492381,2.0,4.0,2.0,2.6666666666666665,0.9428090415820634,0.6,1.4,0.7999999999999999,0.8666666666666666,0.3771236166328253,1.54,3.44,1.9,2.806666666666666,0.8956685895029601,90.2,3560.0,3469.8,1246.8,1635.6794062407216,4507.0,4507.0,0.0,4507.0,0.0,10.64,17.36,6.719999999999999,15.12,3.1678383797157323,0.02658,22.0,21.97342,7.351053333333333,10.358369525240072,2.0,4.0,2.0,2.6666666666666665,0.9428090415820634,-2.0,-1.0,1.0,-1.6666666666666663,0.4714045207910317,8.6e-06,8.6e-06,0.0,8.6e-06,0.0,110.0,110.0,0.0,110.0,0.0,116.0,116.0,0.0,116.0,0.0,716.0,716.0,0.0,716.0,0.0,44.0,44.0,0.0,44.0,0.0,6.0,6.0,0.0,6.0,0.0,970.0,970.0,0.0,970.0,0.0,4.2e-07,4.2e-07,0.0,4.2e-07,0.0,22.98976928,1.8,0.93,5.13907696,1.16,0.0,0.142857142857142,0.142857142857142,0.0,0.0,0.0,0.0,0.0,0.0,0.0,0.0,1.411667026551722
Na,Na0-0.31TiO2,TiO2,Na5Ti16O32,mp-aaabwisj,8.0,22.0,14.0,12.50943396226415,6.29951373238498,11.0,101.0,90.0,77.41509433962264,31.026120439387874,15.9994,47.867,31.8676,26.27927634716981,14.33573759099007,54.8,1941.0,1886.2,654.0367924528302,851.1038048650407,1.0,16.0,15.0,10.962264150943396,6.270512795830745,2.0,4.0,2.0,2.69811320754717,0.9025102447623696,0.6,1.8,1.2000000000000002,0.9547169811320756,0.4508131176775269,0.93,3.44,2.51,2.629622641509433,1.0136315475577615,90.2,3560.0,3469.8,1238.233962264151,1556.8400263115698,968.0,4507.0,3539.0,3664.380952380952,1507.3227756898582,10.64,23.78,13.14,15.93698113207547,3.936506249515449,0.02658,140.0,139.97342,19.865104905660377,40.00684747604748,1.0,4.0,3.0,2.5094339622641506,1.0209622081863157,-2.0,-1.0,1.0,-1.6037735849056602,0.4891125055402158,8.6e-06,7.1e-05,6.24e-05,2.345714285714286e-05,2.6577265103997504e-05,6.3,110.0,103.7,85.30952380952381,44.167666526995845,10.0,116.0,106.0,90.76190476190476,45.14727725999576,0.69,716.0,715.31,545.6880952380952,304.6631971400713,3.3,44.0,40.7,34.3095238095238,17.33485079699837,0.5,6.0,5.5,4.69047619047619,2.34254740499978,970.0,970.0,0.0,970.0,0.0,4.77e-08,4.2e-07,3.723e-07,3.3135714285714285e-07,1.585691634329851e-07,8.0,22.0,14.0,12.666666666666666,6.599663291074443,51.0,101.0,50.0,84.33333333333333,23.570226039551585,15.9994,47.867,31.8676,26.62193333333333,15.022530706760278,54.8,1941.0,1886.2,683.5333333333333,889.163207116044,4.0,16.0,12.0,12.0,5.656854249492381,2.0,4.0,2.0,2.6666666666666665,0.9428090415820634,0.6,1.4,0.7999999999999999,0.8666666666666666,0.3771236166328253,1.54,3.44,1.9,2.806666666666666,0.8956685895029601,90.2,3560.0,3469.8,1246.8,1635.6794062407216,4507.0,4507.0,0.0,4507.0,0.0,10.64,17.36,6.719999999999999,15.12,3.1678383797157323,0.02658,22.0,21.97342,7.351053333333333,10.358369525240072,2.0,4.0,2.0,2.6666666666666665,0.9428090415820634,-2.0,-1.0,1.0,-1.6666666666666663,0.4714045207910317,8.6e-06,8.6e-06,0.0,8.6e-06,0.0,110.0,110.0,0.0,110.0,0.0,116.0,116.0,0.0,116.0,0.0,716.0,716.0,0.0,716.0,0.0,44.0,44.0,0.0,44.0,0.0,6.0,6.0,0.0,6.0,0.0,970.0,970.0,0.0,970.0,0.0,4.2e-07,4.2e-07,0.0,4.2e-07,0.0,22.98976928,1.8,0.93,5.13907696,1.16,0.0,0.094339622641509,0.094339622641509,0.0,0.0,0.0,0.0,0.0,0.0,0.0,0.0,1.716855328551723
Na,Na2-3Ti6O13,Na2Ti6O13,Na3Ti6O13,mp-aaaaaibp,8.0,22.0,14.0,12.227272727272728,6.06728798319928,11.0,101.0,90.0,75.0909090909091,33.39285319687581,15.9994,47.867,31.8676,25.64379581090909,13.80636087643486,54.8,1941.0,1886.2,612.3186363636364,820.4214193454897,1.0,16.0,15.0,10.681818181818182,6.4553456610243405,2.0,4.0,2.0,2.6818181818181817,0.8731533051044793,0.6,1.8,1.2000000000000002,0.9818181818181816,0.4744723036618141,0.93,3.44,2.51,2.5795454545454546,1.0503656388166034,90.2,3560.0,3469.8,1181.8454545454545,1498.9039267312126,968.0,4507.0,3539.0,3327.333333333333,1668.300599079461,10.64,23.78,13.14,16.402727272727272,4.125527163910727,0.02658,140.0,139.97342,25.10661545454545,46.63030721129765,1.0,4.0,3.0,2.409090909090909,1.0295228775369205,-2.0,-1.0,1.0,-1.5909090909090908,0.4916660830178166,8.6e-06,7.1e-05,6.24e-05,2.9400000000000003e-05,2.941564209736038e-05,6.3,110.0,103.7,75.43333333333332,48.88464880602999,10.0,116.0,106.0,80.66666666666666,49.96887920384936,0.69,716.0,715.31,477.5633333333333,337.20036776703284,3.3,44.0,40.7,30.433333333333334,19.18616399619499,0.5,6.0,5.5,4.166666666666667,2.592724864350674,970.0,970.0,0.0,970.0,0.0,4.77e-08,4.2e-07,3.723e-07,2.959e-07,1.755039030905011e-07,8.0,22.0,14.0,12.285714285714285,6.204014500173846,11.0,101.0,90.0,78.14285714285714,31.03651568914347,15.9994,47.867,31.8676,25.770178026666667,14.118822181631796,54.8,1941.0,1886.2,623.8161904761904,837.9946358589324,1.0,16.0,15.0,11.142857142857142,6.243363823832045,2.0,4.0,2.0,2.6666666666666665,0.8908708063747479,0.6,1.8,1.2000000000000002,0.9428571428571428,0.4499433070863892,0.93,3.44,2.51,2.658095238095238,1.0099817020861084,90.2,3560.0,3469.8,1183.0761904761905,1534.1662199336445,968.0,4507.0,3539.0,3622.25,1532.4319519965643,10.64,23.78,13.14,16.05142857142857,3.8878544526381074,0.02658,140.0,139.97342,19.635501904761902,40.24176789425866,1.0,4.0,3.0,2.4761904761904763,1.005652956282994,-2.0,-1.0,1.0,-1.619047619047619,0.4856209060564557,8.6e-06,7.1e-05,6.24e-05,2.42e-05,2.7019992598074487e-05,6.3,110.0,103.7,84.075,44.903417186223145,10.0,116.0,106.0,89.5,45.89934640057525,0.69,716.0,715.31,537.1725,309.73831579052336,3.3,44.0,40.7,33.825,17.623616967013326,0.5,6.0,5.5,4.625,2.381569860407206,970.0,970.0,0.0,970.0,0.0,4.77e-08,4.2e-07,3.723e-07,3.26925e-07,1.6121062891447326e-07,22.98976928,1.8,0.93,5.13907696,1.16,0.095238095238095,0.136363636363636,0.0411255411255409,0.0,0.0,0.0,0.0,0.0,0.0,0.0,0.0,0.440480346551712
Na,Na2-2.17Ti4O9,Na2Ti4O9,Na13Ti24O54,mp-aaabwizm,8.0,22.0,14.0,12.12087912087912,5.999698096498231,11.0,101.0,90.0,74.95604395604396,33.737158594997325,15.9994,47.867,31.8676,25.4026659410989,13.652659196875314,54.8,1941.0,1886.2,597.4121978021977,811.265230800051,1.0,16.0,15.0,10.692307692307692,6.476826498196707,2.0,4.0,2.0,2.6703296703296706,0.8651360187149263,0.6,1.8,1.2000000000000002,0.9824175824175824,0.4777680265185041,0.93,3.44,2.51,2.5803296703296708,1.0550209107343342,90.2,3560.0,3469.8,1157.569230769231,1482.6511763397373,968.0,4507.0,3539.0,3263.5675675675675,1689.491984104554,10.64,23.78,13.14,16.504835164835164,4.131181179742948,0.02658,140.0,139.97342,25.81797054945055,47.55082720201277,1.0,4.0,3.0,2.3846153846153846,1.0246332044782451,-2.0,-1.0,1.0,-1.5934065934065935,0.4911977283214727,8.6e-06,7.1e-05,6.24e-05,3.052432432432432e-05,2.97892907058842e-05,6.3,110.0,103.7,73.56486486486487,49.505600099362034,10.0,116.0,106.0,78.75675675675676,50.603602801662255,0.69,716.0,715.31,464.6748648648649,341.48361434016067,3.3,44.0,40.7,29.7,19.429873905921266,0.5,6.0,5.5,4.067567567567568,2.625658635935306,970.0,970.0,0.0,970.0,0.0,4.77e-08,4.2e-07,3.723e-07,2.891918918918919e-07,1.7773322002885717e-07,8.0,22.0,14.0,12.133333333333333,6.031767752676012,11.0,101.0,90.0,75.66666666666666,33.23986896618109,15.9994,47.867,31.8676,25.429475904,13.72591532115682,54.8,1941.0,1886.2,599.9293333333334,815.4063362885743,1.0,16.0,15.0,10.8,6.43117407632541,2.0,4.0,2.0,2.666666666666667,0.8692269873603532,0.6,1.8,1.2000000000000002,0.9733333333333332,0.472534537244516,0.93,3.44,2.51,2.5986666666666665,1.0463451735551812,90.2,3560.0,3469.8,1157.5866666666666,1490.865363859378,968.0,4507.0,3539.0,3327.333333333333,1668.300599079461,10.64,23.78,13.14,16.424,4.081870159620465,0.02658,140.0,139.97342,24.549281333333337,46.2572503496986,1.0,4.0,3.0,2.4,1.019803902718557,-2.0,-1.0,1.0,-1.6,0.4898979485566356,8.6e-06,7.1e-05,6.24e-05,2.9400000000000003e-05,2.941564209736038e-05,6.3,110.0,103.7,75.43333333333332,48.88464880602999,10.0,116.0,106.0,80.66666666666666,49.96887920384936,0.69,716.0,715.31,477.5633333333333,337.20036776703284,3.3,44.0,40.7,30.433333333333334,19.18616399619499,0.5,6.0,5.5,4.166666666666667,2.592724864350674,970.0,970.0,0.0,970.0,0.0,4.77e-08,4.2e-07,3.723e-07,2.959e-07,1.755039030905011e-07,22.98976928,1.8,0.93,5.13907696,1.16,0.133333333333333,0.142857142857142,0.0095238095238089,0.0,0.0,0.0,0.0,0.0,0.0,0.0,0.0,1.537548586551742
Na,Na0-1TiO2,TiO2,NaTiO2,mp-aaaablqf,8.0,22.0,14.0,12.25,5.7608593109014565,11.0,101.0,90.0,66.0,37.74917217635375,15.9994,47.867,31.8676,25.71389232,13.104615105845456,54.8,1941.0,1886.2,605.3675,781.8491537174867,1.0,16.0,15.0,9.25,6.832825184358224,2.0,4.0,2.0,2.75,0.82915619758885,0.6,1.8,1.2000000000000002,1.1,0.5196152422706632,0.93,3.44,2.51,2.3375,1.1233960788608797,90.2,3560.0,3469.8,1224.1,1417.0854631954985,968.0,4507.0,3539.0,2737.5,1769.5,10.64,23.78,13.14,17.285,4.646296912596094,0.02658,140.0,139.97342,40.51329,58.13496096690957,1.0,4.0,3.0,2.25,1.0897247358851685,-2.0,-1.0,1.0,-1.5,0.5,8.6e-06,7.1e-05,6.24e-05,3.9800000000000005e-05,3.12e-05,6.3,110.0,103.7,58.15,51.85,10.0,116.0,106.0,63.0,53.0,0.69,716.0,715.31,358.345,357.65500000000003,3.3,44.0,40.7,23.65,20.35,0.5,6.0,5.5,3.25,2.75,970.0,970.0,0.0,970.0,0.0,4.77e-08,4.2e-07,3.723e-07,2.3385e-07,1.8615e-07,8.0,22.0,14.0,12.666666666666666,6.599663291074443,51.0,101.0,50.0,84.33333333333333,23.570226039551585,15.9994,47.867,31.8676,26.62193333333333,15.022530706760278,54.8,1941.0,1886.2,683.5333333333333,889.163207116044,4.0,16.0,12.0,12.0,5.656854249492381,2.0,4.0,2.0,2.6666666666666665,0.9428090415820634,0.6,1.4,0.7999999999999999,0.8666666666666666,0.3771236166328253,1.54,3.44,1.9,2.806666666666666,0.8956685895029601,90.2,3560.0,3469.8,1246.8,1635.6794062407216,4507.0,4507.0,0.0,4507.0,0.0,10.64,17.36,6.719999999999999,15.12,3.1678383797157323,0.02658,22.0,21.97342,7.351053333333333,10.358369525240072,2.0,4.0,2.0,2.6666666666666665,0.9428090415820634,-2.0,-1.0,1.0,-1.6666666666666663,0.4714045207910317,8.6e-06,8.6e-06,0.0,8.6e-06,0.0,110.0,110.0,0.0,110.0,0.0,116.0,116.0,0.0,116.0,0.0,716.0,716.0,0.0,716.0,0.0,44.0,44.0,0.0,44.0,0.0,6.0,6.0,0.0,6.0,0.0,970.0,970.0,0.0,970.0,0.0,4.2e-07,4.2e-07,0.0,4.2e-07,0.0,22.98976928,1.8,0.93,5.13907696,1.16,0.0,0.25,0.25,0.0,0.0,0.0,0.0,0.0,0.0,0.0,0.0,1.103220296551726
Na,Na4-7Ti11O24,Na4Ti11O24,Na7Ti11O24,mp-aaabsgvt,8.0,22.0,14.0,12.166666666666666,5.955856128401879,11.0,101.0,90.0,72.9047619047619,34.86286708137738,15.9994,47.867,31.8676,25.51073773714285,13.551917060798049,54.8,1941.0,1886.2,601.4830952380953,805.9648975621236,1.0,16.0,15.0,10.357142857142858,6.585776262491145,2.0,4.0,2.0,2.6904761904761907,0.8587947046129254,0.6,1.8,1.2000000000000002,1.0095238095238095,0.4898053664999539,0.93,3.44,2.51,2.524047619047619,1.0754181014705495,90.2,3560.0,3469.8,1176.5904761904762,1470.4702901436028,968.0,4507.0,3539.0,3130.7222222222217,1725.255498165595,10.64,23.78,13.14,16.67,4.268547762412879,0.02658,140.0,139.97342,29.110426666666665,50.45802249816596,1.0,4.0,3.0,2.357142857142857,1.0424656799518874,-2.0,-1.0,1.0,-1.5714285714285714,0.4948716593053935,8.6e-06,7.1e-05,6.24e-05,3.286666666666666e-05,3.041987654295936e-05,6.3,110.0,103.7,69.67222222222222,50.553544831809056,10.0,116.0,106.0,74.77777777777777,51.67479028130916,0.69,716.0,715.31,437.8238888888888,348.7122097747477,3.3,44.0,40.7,28.172222222222217,19.84116947593663,0.5,6.0,5.5,3.861111111111111,2.681239118369815,970.0,970.0,0.0,970.0,0.0,4.77e-08,4.2e-07,3.723e-07,2.752166666666667e-07,1.814955134125604e-07,8.0,22.0,14.0,12.256410256410255,6.171555714263121,11.0,101.0,90.0,77.66666666666667,31.48734652924872,15.9994,47.867,31.8676,25.704658387692305,14.044758766483662,54.8,1941.0,1886.2,619.2225641025641,833.7514143415304,1.0,16.0,15.0,11.076923076923077,6.281370973105724,2.0,4.0,2.0,2.666666666666667,0.8867495623482351,0.6,1.8,1.2000000000000002,0.9487179487179488,0.4545337396135454,0.93,3.44,2.51,2.646666666666667,1.0173452968345866,90.2,3560.0,3469.8,1178.1743589743592,1525.9676289065712,968.0,4507.0,3539.0,3563.266666666667,1565.0046844090348,10.64,23.78,13.14,16.123076923076923,3.9286548581012863,0.02658,140.0,139.97342,20.580459487179485,41.51161708284574,1.0,4.0,3.0,2.4615384615384617,1.0088366960464616,-2.0,-1.0,1.0,-1.6153846153846154,0.4865042554105199,8.6e-06,7.1e-05,6.24e-05,2.524e-05,2.759431825575693e-05,6.3,110.0,103.7,82.34666666666668,45.85786543464733,10.0,116.0,106.0,87.73333333333335,46.87496370368965,0.69,716.0,715.31,525.2506666666667,316.32198383854944,3.3,44.0,40.7,33.14666666666667,17.99821719566197,0.5,6.0,5.5,4.533333333333334,2.432191512927293,970.0,970.0,0.0,970.0,0.0,4.77e-08,4.2e-07,3.723e-07,3.207200000000001e-07,1.646372545932421e-07,22.98976928,1.8,0.93,5.13907696,1.16,0.102564102564102,0.166666666666666,0.0641025641025639,0.0,0.0,0.0,0.0,0.0,0.0,0.0,0.0,1.9657263565517111
Na,Na0-1TiO2,TiO2,NaTiO2,mp-aaaabljq,8.0,22.0,14.0,12.25,5.7608593109014565,11.0,101.0,90.0,66.0,37.74917217635375,15.9994,47.867,31.8676,25.71389232,13.104615105845456,54.8,1941.0,1886.2,605.3675,781.8491537174867,1.0,16.0,15.0,9.25,6.832825184358224,2.0,4.0,2.0,2.75,0.82915619758885,0.6,1.8,1.2000000000000002,1.1,0.5196152422706632,0.93,3.44,2.51,2.3375,1.1233960788608797,90.2,3560.0,3469.8,1224.1,1417.0854631954985,968.0,4507.0,3539.0,2737.5,1769.5,10.64,23.78,13.14,17.285,4.646296912596094,0.02658,140.0,139.97342,40.51329,58.13496096690957,1.0,4.0,3.0,2.25,1.0897247358851685,-2.0,-1.0,1.0,-1.5,0.5,8.6e-06,7.1e-05,6.24e-05,3.9800000000000005e-05,3.12e-05,6.3,110.0,103.7,58.15,51.85,10.0,116.0,106.0,63.0,53.0,0.69,716.0,715.31,358.345,357.65500000000003,3.3,44.0,40.7,23.65,20.35,0.5,6.0,5.5,3.25,2.75,970.0,970.0,0.0,970.0,0.0,4.77e-08,4.2e-07,3.723e-07,2.3385e-07,1.8615e-07,8.0,22.0,14.0,12.666666666666666,6.599663291074443,51.0,101.0,50.0,84.33333333333333,23.570226039551585,15.9994,47.867,31.8676,26.62193333333333,15.022530706760278,54.8,1941.0,1886.2,683.5333333333333,889.163207116044,4.0,16.0,12.0,12.0,5.656854249492381,2.0,4.0,2.0,2.6666666666666665,0.9428090415820634,0.6,1.4,0.7999999999999999,0.8666666666666666,0.3771236166328253,1.54,3.44,1.9,2.806666666666666,0.8956685895029601,90.2,3560.0,3469.8,1246.8,1635.6794062407216,4507.0,4507.0,0.0,4507.0,0.0,10.64,17.36,6.719999999999999,15.12,3.1678383797157323,0.02658,22.0,21.97342,7.351053333333333,10.358369525240072,2.0,4.0,2.0,2.6666666666666665,0.9428090415820634,-2.0,-1.0,1.0,-1.6666666666666663,0.4714045207910317,8.6e-06,8.6e-06,0.0,8.6e-06,0.0,110.0,110.0,0.0,110.0,0.0,116.0,116.0,0.0,116.0,0.0,716.0,716.0,0.0,716.0,0.0,44.0,44.0,0.0,44.0,0.0,6.0,6.0,0.0,6.0,0.0,970.0,970.0,0.0,970.0,0.0,4.2e-07,4.2e-07,0.0,4.2e-07,0.0,22.98976928,1.8,0.93,5.13907696,1.16,0.0,0.25,0.25,0.0,0.0,0.0,0.0,0.0,0.0,0.0,0.0,1.043654076551721
Na,Na0-0.42TiO2,TiO2,Na5Ti12O24,mp-aaaaanov,8.0,22.0,14.0,12.46341463414634,6.208167558775666,11.0,101.0,90.0,75.39024390243901,32.61368712282298,15.9994,47.867,31.8676,26.17898649756097,14.12683852810004,54.8,1941.0,1886.2,645.4036585365853,839.4421283957814,1.0,16.0,15.0,10.658536585365852,6.407350032875016,2.0,4.0,2.0,2.7073170731707314,0.8901603702875442,0.6,1.8,1.2000000000000002,0.9804878048780488,0.4670715786765199,0.93,3.44,2.51,2.5778048780487803,1.0399566412047958,90.2,3560.0,3469.8,1235.7268292682927,1532.9892073227377,968.0,4507.0,3539.0,3466.1176470588234,1612.528007320947,10.64,23.78,13.14,16.176097560975606,4.103883275837822,0.02658,140.0,139.97342,23.52775414634146,44.47862000346425,1.0,4.0,3.0,2.463414634146341,1.038233983111842,-2.0,-1.0,1.0,-1.5853658536585364,0.4926587774810769,8.6e-06,7.1e-05,6.24e-05,2.695294117647059e-05,2.8432254212157985e-05,6.3,110.0,103.7,79.50000000000001,47.25039682373049,10.0,116.0,106.0,84.82352941176471,48.29838055270426,0.69,716.0,715.31,505.61470588235295,325.9274961618385,3.3,44.0,40.7,32.029411764705884,18.54475555184022,0.5,6.0,5.5,4.382352941176471,2.5060480475459754,970.0,970.0,0.0,970.0,0.0,4.77e-08,4.2e-07,3.723e-07,3.105000000000001e-07,1.696366705638849e-07,8.0,22.0,14.0,12.666666666666666,6.599663291074443,51.0,101.0,50.0,84.33333333333333,23.570226039551585,15.9994,47.867,31.8676,26.62193333333333,15.022530706760278,54.8,1941.0,1886.2,683.5333333333333,889.163207116044,4.0,16.0,12.0,12.0,5.656854249492381,2.0,4.0,2.0,2.6666666666666665,0.9428090415820634,0.6,1.4,0.7999999999999999,0.8666666666666666,0.3771236166328253,1.54,3.44,1.9,2.806666666666666,0.8956685895029601,90.2,3560.0,3469.8,1246.8,1635.6794062407216,4507.0,4507.0,0.0,4507.0,0.0,10.64,17.36,6.719999999999999,15.12,3.1678383797157323,0.02658,22.0,21.97342,7.351053333333333,10.358369525240072,2.0,4.0,2.0,2.6666666666666665,0.9428090415820634,-2.0,-1.0,1.0,-1.6666666666666663,0.4714045207910317,8.6e-06,8.6e-06,0.0,8.6e-06,0.0,110.0,110.0,0.0,110.0,0.0,116.0,116.0,0.0,116.0,0.0,716.0,716.0,0.0,716.0,0.0,44.0,44.0,0.0,44.0,0.0,6.0,6.0,0.0,6.0,0.0,970.0,970.0,0.0,970.0,0.0,4.2e-07,4.2e-07,0.0,4.2e-07,0.0,22.98976928,1.8,0.93,5.13907696,1.16,0.0,0.121951219512195,0.121951219512195,0.0,0.0,0.0,0.0,0.0,0.0,0.0,0.0,0.960170120551726
Na,Na0-1Ti8O13,Ti8O13,NaTi8O13,mp-aaabqvxd,8.0,22.0,14.0,13.227272727272728,6.660137987799422,11.0,101.0,90.0,78.72727272727273,27.949925708442198,15.9994,47.867,31.8676,27.90536224,15.15776742049501,54.8,1941.0,1886.2,755.0577272727273,898.8367306384597,1.0,16.0,15.0,10.954545454545457,6.093791719501182,2.0,4.0,2.0,2.7727272727272725,0.9502065891075852,0.6,1.8,1.2000000000000002,0.9454545454545452,0.4228983036222911,0.93,3.44,2.51,2.635,0.9752284114736685,90.2,3560.0,3469.8,1400.390909090909,1647.1300268563805,968.0,4507.0,3539.0,4113.777777777777,1112.2003993863073,10.64,23.78,13.14,15.20818181818182,3.6965372449504392,0.02658,140.0,139.97342,14.379342727272729,29.32821186359416,1.0,4.0,3.0,2.6818181818181817,1.0174104220726996,-2.0,-1.0,1.0,-1.590909090909091,0.4916660830178167,8.6e-06,7.1e-05,6.24e-05,1.5533333333333336e-05,1.961042806490692e-05,6.3,110.0,103.7,98.47777777777776,32.589765870686655,10.0,116.0,106.0,104.2222222222222,33.31258613589957,0.69,716.0,715.31,636.5211111111112,224.80024517802187,3.3,44.0,40.7,39.477777777777774,12.790775997463326,0.5,6.0,5.5,5.388888888888888,1.7284832429004495,970.0,970.0,0.0,970.0,0.0,4.77e-08,4.2e-07,3.723e-07,3.786333333333333e-07,1.1700260206033407e-07,8.0,22.0,14.0,13.333333333333332,6.798692684790379,51.0,101.0,50.0,81.95238095238095,24.281045302822783,15.9994,47.867,31.8676,28.13943809523809,15.475572785844706,54.8,1941.0,1886.2,773.3523809523808,915.9781530036868,4.0,16.0,12.0,11.428571428571429,5.827450872677468,2.0,4.0,2.0,2.761904761904762,0.9712418121129114,0.6,1.4,0.7999999999999999,0.9047619047619048,0.3884967248451645,1.54,3.44,1.9,2.7161904761904765,0.9226797215072658,90.2,3560.0,3469.8,1412.0285714285717,1685.0074198346897,4507.0,4507.0,0.0,4507.0,0.0,10.64,17.36,6.719999999999999,14.8,3.263372488699382,0.02658,22.0,21.97342,8.397406666666665,10.670752129559045,2.0,4.0,2.0,2.761904761904762,0.9712418121129114,-2.0,-1.0,1.0,-1.619047619047619,0.4856209060564557,8.6e-06,8.6e-06,0.0,8.6e-06,0.0,110.0,110.0,0.0,110.0,0.0,116.0,116.0,0.0,116.0,0.0,716.0,716.0,0.0,716.0,0.0,44.0,44.0,0.0,44.0,0.0,6.0,6.0,0.0,6.0,0.0,970.0,970.0,0.0,970.0,0.0,4.2e-07,4.2e-07,0.0,4.2e-07,0.0,22.98976928,1.8,0.93,5.13907696,1.16,0.0,0.045454545454545,0.045454545454545,0.0,0.0,0.0,0.0,0.0,0.0,0.0,0.0,0.998536216551716
Na,Na4-5Ti3O8,Na4Ti3O8,Na5Ti3O8,mp-aaabqyio,8.0,22.0,14.0,11.5625,5.183733572435991,11.0,101.0,90.0,63.5,39.92179855667828,15.9994,47.867,31.8676,24.1590654,11.794267335220855,54.8,1941.0,1886.2,507.234375,702.5668440437603,1.0,16.0,15.0,9.0625,7.013101578474392,2.0,4.0,2.0,2.6875,0.7680128579652817,0.6,1.8,1.2000000000000002,1.125,0.5425633603552676,0.93,3.44,2.51,2.299375,1.1595821917289864,90.2,3560.0,3469.8,1073.85,1282.505047748351,968.0,4507.0,3539.0,2295.125,1713.311007778506,10.64,23.78,13.14,18.10625,4.559653050123441,0.02658,140.0,139.97342,47.88829,62.629561982534256,1.0,4.0,3.0,2.0625,1.0288798520721456,-2.0,-1.0,1.0,-1.5,0.5,8.6e-06,7.1e-05,6.24e-05,4.7600000000000005e-05,3.0209270100417853e-05,6.3,110.0,103.7,45.1875,50.20354662521364,10.0,116.0,106.0,49.75,51.31702933724827,0.69,716.0,715.31,268.93125,346.2979646719534,3.3,44.0,40.7,18.5625,19.703802773830237,0.5,6.0,5.5,2.5625,2.6626760505175997,970.0,970.0,0.0,970.0,0.0,4.77e-08,4.2e-07,3.723e-07,1.873125e-07,1.8023896247412764e-07,8.0,22.0,14.0,11.6,5.3516352641038605,11.0,101.0,90.0,67.0,38.78143885933064,15.9994,47.867,31.8676,24.237018474666662,12.17707536849613,54.8,1941.0,1886.2,516.3253333333333,724.6961570190795,1.0,16.0,15.0,9.6,6.916646586316233,2.0,4.0,2.0,2.666666666666667,0.7888106377466155,0.6,1.8,1.2000000000000002,1.08,0.530659966456864,0.93,3.44,2.51,2.3906666666666667,1.1405815280909215,90.2,3560.0,3469.8,1068.3733333333332,1324.3843507918018,968.0,4507.0,3539.0,2484.714285714286,1751.3508022817878,10.64,23.78,13.14,17.728,4.459517462685846,0.02658,140.0,139.97342,41.74750933333333,59.8382194582024,1.0,4.0,3.0,2.1333333333333333,1.0241527663824812,-2.0,-1.0,1.0,-1.5333333333333332,0.4988876515698588,8.6e-06,7.1e-05,6.24e-05,4.4257142857142856e-05,3.0879991540656554e-05,6.3,110.0,103.7,50.74285714285715,51.31819106996931,10.0,116.0,106.0,55.42857142857143,52.45639588637172,0.69,716.0,715.31,307.2514285714286,353.98664661774103,3.3,44.0,40.7,20.742857142857144,20.14127653372952,0.5,6.0,5.5,2.857142857142857,2.721794126179664,970.0,970.0,0.0,970.0,0.0,4.77e-08,4.2e-07,3.723e-07,2.072571428571429e-07,1.8424071875939802e-07,22.98976928,1.8,0.93,5.13907696,1.16,0.266666666666666,0.3125,0.045833333333334,0.0,0.0,0.0,0.0,0.0,0.0,0.0,0.0,0.79549412655172
Na,Na0-2V3O7,V3O7,Na2V3O7,mp-aaabrmjb,8.0,23.0,15.0,12.25,6.299801584177076,11.0,101.0,90.0,74.25,34.4483308739335,15.9994,50.9415,34.9421,25.899986546666668,14.675155351122894,54.8,2183.0,2128.2,639.5283333333334,898.3605217360616,1.0,16.0,15.0,10.75,6.339361166552983,2.0,4.0,2.0,2.666666666666667,0.8498365855987975,0.6,1.8,1.2000000000000002,0.9875,0.480071609241788,0.93,3.44,2.51,2.569166666666667,1.0538932451734484,90.2,3680.0,3589.8,1165.2833333333333,1501.7268203823076,968.0,6110.0,5142.0,4053.2000000000007,2519.0552514782207,8.32,23.78,15.46,16.17,5.087602578818435,0.02658,140.0,139.97342,31.098838333333333,50.39622340123081,1.0,5.0,4.0,2.583333333333333,1.440968038815882,-2.0,-1.0,1.0,-1.5833333333333337,0.4930066485916347,8.4e-06,7.1e-05,6.26e-05,3.3440000000000005e-05,3.066761157964539e-05,6.3,160.0,153.7,98.52,75.2973146931549,10.0,128.0,118.0,80.80000000000001,57.807957929683006,0.69,628.0,627.31,377.0760000000001,307.31788210906313,3.3,47.0,43.7,29.520000000000003,21.408540351924977,0.5,7.0,6.5,4.400000000000001,3.184336665618132,628.0,628.0,0.0,628.0,0.0,4.77e-08,1.97e-07,1.493e-07,1.3728000000000002e-07,7.31417637195057e-08,8.0,23.0,15.0,12.5,6.873863542433759,54.0,101.0,47.0,86.89999999999999,21.53810576629245,15.9994,50.9415,34.9421,26.48203,16.012481819071645,54.8,2183.0,2128.2,693.26,975.2637594005018,5.0,16.0,11.0,12.7,5.040833264451424,2.0,4.0,2.0,2.6,0.916515138991168,0.6,1.35,0.7500000000000001,0.825,0.343693177121688,1.63,3.44,1.81,2.897,0.829446200787007,90.2,3680.0,3589.8,1167.14,1645.0530229752474,6110.0,6110.0,0.0,6110.0,0.0,8.32,17.36,9.04,14.648,4.142648428240079,0.02658,31.0,30.97342,9.318606,14.193804168165912,2.0,5.0,3.0,2.9,1.3747727084867518,-2.0,-1.0,1.0,-1.7,0.4582575694955839,8.4e-06,8.4e-06,0.0,8.4e-06,0.0,160.0,160.0,0.0,160.0,0.0,128.0,128.0,0.0,128.0,0.0,628.0,628.0,0.0,628.0,0.0,47.0,47.0,0.0,47.0,0.0,7.0,7.0,0.0,7.0,0.0,628.0,628.0,0.0,628.0,0.0,1.97e-07,1.97e-07,0.0,1.97e-07,0.0,22.98976928,1.8,0.93,5.13907696,1.16,0.0,0.166666666666666,0.166666666666666,0.0,0.0,0.0,0.0,0.0,0.0,0.0,0.0,3.227863313218396
Na,Na0-0.2VO2,VO2,NaV5O10,mp-aaabwirn,8.0,23.0,15.0,12.875,6.863626956646173,11.0,101.0,90.0,80.6875,27.999372202783405,15.9994,50.9415,34.9421,27.35570433,15.98860269096306,54.8,2183.0,2128.2,739.616875,976.0407909106484,1.0,16.0,15.0,11.625,5.721396245672904,2.0,4.0,2.0,2.6875,0.9164298936634488,0.6,1.8,1.2000000000000002,0.909375,0.412393452148552,0.93,3.44,2.51,2.7175,0.9463251291178948,90.2,3680.0,3589.8,1278.625,1638.8179076319004,968.0,6110.0,5142.0,5253.0,1916.31025671732,8.32,23.78,15.46,14.93625,4.715873295318694,0.02658,140.0,139.97342,18.4541125,34.4203235516111,1.0,5.0,4.0,2.875,1.4523687548277813,-2.0,-1.0,1.0,-1.625,0.4841229182759271,8.4e-06,7.1e-05,6.26e-05,1.883333333333333e-05,2.332964256524781e-05,6.3,160.0,153.7,134.38333333333335,57.28060802361961,10.0,128.0,118.0,108.33333333333334,43.976003557495865,0.69,628.0,627.31,523.4483333333334,233.78463382756547,3.3,47.0,43.7,39.71666666666667,16.28602843612347,0.5,7.0,6.5,5.916666666666667,2.422406975624772,628.0,628.0,0.0,628.0,0.0,4.77e-08,1.97e-07,1.493e-07,1.7211666666666666e-07,5.5640824840119774e-08,8.0,23.0,15.0,13.0,7.071067811865475,54.0,101.0,47.0,85.33333333333333,22.15601247717849,15.9994,50.9415,34.9421,27.646766666666664,16.471863905932306,54.8,2183.0,2128.2,764.1999999999999,1003.2431011474736,5.0,16.0,11.0,12.333333333333332,5.185449728701348,2.0,4.0,2.0,2.6666666666666665,0.9428090415820634,0.6,1.35,0.7500000000000001,0.85,0.3535533905932738,1.63,3.44,1.81,2.836666666666666,0.8532421826317673,90.2,3680.0,3589.8,1286.8,1692.2479487356454,6110.0,6110.0,0.0,6110.0,0.0,8.32,17.36,9.04,14.346666666666666,4.2614968679509255,0.02658,31.0,30.97342,10.351053333333333,14.601010212359355,2.0,5.0,3.0,3.0,1.4142135623730951,-2.0,-1.0,1.0,-1.6666666666666663,0.4714045207910317,8.4e-06,8.4e-06,0.0,8.4e-06,0.0,160.0,160.0,0.0,160.0,0.0,128.0,128.0,0.0,128.0,0.0,628.0,628.0,0.0,628.0,0.0,47.0,47.0,0.0,47.0,0.0,7.0,7.0,0.0,7.0,0.0,628.0,628.0,0.0,628.0,0.0,1.97e-07,1.97e-07,0.0,1.97e-07,0.0,22.98976928,1.8,0.93,5.13907696,1.16,0.0,0.0625,0.0625,0.0,0.0,0.0,0.0,0.0,0.0,0.0,0.0,2.143013756551727
Na,Na0-1V2O5,V2O5,NaV2O5,mp-aaabseea,8.0,23.0,15.0,12.125,6.352902879786531,11.0,101.0,90.0,78.0,32.18307008350819,15.9994,50.9415,34.9421,25.60872116,14.79887471331257,54.8,2183.0,2128.2,626.35875,904.4981679975576,1.0,16.0,15.0,11.375,6.081478027585071,2.0,4.0,2.0,2.625,0.8569568250501305,0.6,1.8,1.2000000000000002,0.9375,0.4546633369868303,0.93,3.44,2.51,2.67375,1.009652632096802,90.2,3680.0,3589.8,1120.875,1517.0254643133055,968.0,6110.0,5142.0,4396.0,2423.962045907485,8.32,23.78,15.46,15.9025,4.843360790814577,0.02658,140.0,139.97342,25.2666125,45.29733694528955,1.0,5.0,4.0,2.625,1.4086784586980805,-2.0,-1.0,1.0,-1.625,0.4841229182759271,8.4e-06,7.1e-05,6.26e-05,2.926666666666667e-05,2.9509923001518587e-05,6.3,160.0,153.7,108.76666666666664,72.45487484558157,10.0,128.0,118.0,88.66666666666666,55.62573345334173,0.69,628.0,627.31,418.89666666666665,295.7167699374221,3.3,47.0,43.7,32.43333333333333,20.600377558568084,0.5,7.0,6.5,4.833333333333333,3.064129385141705,628.0,628.0,0.0,628.0,0.0,4.77e-08,1.97e-07,1.493e-07,1.4723333333333332e-07,7.038069495410102e-08,8.0,23.0,15.0,12.285714285714285,6.776309271789384,54.0,101.0,47.0,87.57142857142857,21.232435718273404,15.9994,50.9415,34.9421,25.982857142857146,15.785231747052787,54.8,2183.0,2128.2,662.8571428571428,961.422759481478,5.0,16.0,11.0,12.857142857142858,4.969293465978882,2.0,4.0,2.0,2.571428571428571,0.9035079029052512,0.6,1.35,0.7500000000000001,0.8142857142857143,0.3388154635894692,1.63,3.44,1.81,2.922857142857143,0.8176746521292524,90.2,3680.0,3589.8,1115.857142857143,1621.7063349246353,6110.0,6110.0,0.0,6110.0,0.0,8.32,17.36,9.04,14.777142857142858,4.083855721131736,0.02658,31.0,30.97342,8.87612857142857,13.992364875001783,2.0,5.0,3.0,2.8571428571428568,1.3552618543578767,-2.0,-1.0,1.0,-1.7142857142857144,0.4517539514526256,8.4e-06,8.4e-06,0.0,8.4e-06,0.0,160.0,160.0,0.0,160.0,0.0,128.0,128.0,0.0,128.0,0.0,628.0,628.0,0.0,628.0,0.0,47.0,47.0,0.0,47.0,0.0,7.0,7.0,0.0,7.0,0.0,628.0,628.0,0.0,628.0,0.0,1.97e-07,1.97e-07,0.0,1.97e-07,0.0,22.98976928,1.8,0.93,5.13907696,1.16,0.0,0.125,0.125,0.0,0.0,0.0,0.0,0.0,0.0,0.0,0.0,2.7115321290517223
Na,Na0-1V2O5,V2O5,NaV2O5,mp-aaaablkh,8.0,23.0,15.0,12.125,6.352902879786531,11.0,101.0,90.0,78.0,32.18307008350819,15.9994,50.9415,34.9421,25.60872116,14.79887471331257,54.8,2183.0,2128.2,626.35875,904.4981679975576,1.0,16.0,15.0,11.375,6.081478027585071,2.0,4.0,2.0,2.625,0.8569568250501305,0.6,1.8,1.2000000000000002,0.9375,0.4546633369868303,0.93,3.44,2.51,2.67375,1.009652632096802,90.2,3680.0,3589.8,1120.875,1517.0254643133055,968.0,6110.0,5142.0,4396.0,2423.962045907485,8.32,23.78,15.46,15.9025,4.843360790814577,0.02658,140.0,139.97342,25.2666125,45.29733694528955,1.0,5.0,4.0,2.625,1.4086784586980805,-2.0,-1.0,1.0,-1.625,0.4841229182759271,8.4e-06,7.1e-05,6.26e-05,2.926666666666667e-05,2.9509923001518587e-05,6.3,160.0,153.7,108.76666666666664,72.45487484558157,10.0,128.0,118.0,88.66666666666666,55.62573345334173,0.69,628.0,627.31,418.89666666666665,295.7167699374221,3.3,47.0,43.7,32.43333333333333,20.600377558568084,0.5,7.0,6.5,4.833333333333333,3.064129385141705,628.0,628.0,0.0,628.0,0.0,4.77e-08,1.97e-07,1.493e-07,1.4723333333333332e-07,7.038069495410102e-08,8.0,23.0,15.0,12.285714285714285,6.776309271789384,54.0,101.0,47.0,87.57142857142857,21.232435718273404,15.9994,50.9415,34.9421,25.982857142857146,15.785231747052787,54.8,2183.0,2128.2,662.8571428571428,961.422759481478,5.0,16.0,11.0,12.857142857142858,4.969293465978882,2.0,4.0,2.0,2.571428571428571,0.9035079029052512,0.6,1.35,0.7500000000000001,0.8142857142857143,0.3388154635894692,1.63,3.44,1.81,2.922857142857143,0.8176746521292524,90.2,3680.0,3589.8,1115.857142857143,1621.7063349246353,6110.0,6110.0,0.0,6110.0,0.0,8.32,17.36,9.04,14.777142857142858,4.083855721131736,0.02658,31.0,30.97342,8.87612857142857,13.992364875001783,2.0,5.0,3.0,2.8571428571428568,1.3552618543578767,-2.0,-1.0,1.0,-1.7142857142857144,0.4517539514526256,8.4e-06,8.4e-06,0.0,8.4e-06,0.0,160.0,160.0,0.0,160.0,0.0,128.0,128.0,0.0,128.0,0.0,628.0,628.0,0.0,628.0,0.0,47.0,47.0,0.0,47.0,0.0,7.0,7.0,0.0,7.0,0.0,628.0,628.0,0.0,628.0,0.0,1.97e-07,1.97e-07,0.0,1.97e-07,0.0,22.98976928,1.8,0.93,5.13907696,1.16,0.0,0.125,0.125,0.0,0.0,0.0,0.0,0.0,0.0,0.0,0.0,3.266735261551719
Na,Na1-4V3O8,NaV3O8,Na4V3O8,mp-aaabqvwm,8.0,23.0,15.0,11.8,5.74108003776293,11.0,101.0,90.0,67.6,38.55178335693434,15.9994,50.9415,34.9421,24.851918474666665,13.373620446606449,54.8,2183.0,2128.2,564.7253333333334,820.0385769776661,1.0,16.0,15.0,9.8,6.764613810115105,2.0,4.0,2.0,2.666666666666667,0.7888106377466155,0.6,1.8,1.2000000000000002,1.07,0.5249761899362675,0.93,3.44,2.51,2.408666666666667,1.1276516404556072,90.2,3680.0,3589.8,1092.3733333333332,1369.6335234734229,968.0,6110.0,5142.0,3171.7142857142862,2544.630072148333,8.32,23.78,15.46,17.264000000000003,5.227441439174618,0.02658,140.0,139.97342,43.54750933333334,59.350496833034114,1.0,5.0,4.0,2.333333333333333,1.398411797560202,-2.0,-1.0,1.0,-1.5333333333333332,0.4988876515698588,8.4e-06,7.1e-05,6.26e-05,4.417142857142857e-05,3.0978965872517635e-05,6.3,160.0,153.7,72.17142857142858,76.06177403523898,10.0,128.0,118.0,60.57142857142858,58.39485579803643,0.69,628.0,627.31,269.5371428571429,310.4379405988664,3.3,47.0,43.7,22.028571428571432,21.625891511645698,0.5,7.0,6.5,3.2857142857142856,3.2166657854850578,628.0,628.0,0.0,628.0,0.0,4.77e-08,1.97e-07,1.493e-07,1.1168571428571429e-07,7.388433873429525e-08,8.0,23.0,15.0,12.0,6.4031242374328485,11.0,101.0,90.0,81.75,29.269224451631786,15.9994,50.9415,34.9421,25.31745577333333,14.915881801962406,54.8,2183.0,2128.2,613.1891666666667,910.4039592168076,1.0,16.0,15.0,12.0,5.744562646538029,2.0,4.0,2.0,2.583333333333333,0.8620067027323833,0.6,1.8,1.2000000000000002,0.8875,0.4218634257671552,0.93,3.44,2.51,2.778333333333333,0.9519614254556512,90.2,3680.0,3589.8,1076.4666666666667,1530.883691060675,968.0,6110.0,5142.0,4824.5,2226.551313129792,8.32,23.78,15.46,15.634999999999998,4.570500519636772,0.02658,140.0,139.97342,19.434386666666665,38.676716758554136,1.0,5.0,4.0,2.6666666666666665,1.3743685418725535,-2.0,-1.0,1.0,-1.6666666666666663,0.4714045207910317,8.4e-06,7.1e-05,6.26e-05,2.405e-05,2.710659513845293e-05,6.3,160.0,153.7,121.575,66.55405228083411,10.0,128.0,118.0,98.5,51.09549882328188,0.69,628.0,627.31,471.1725,271.6331980240081,3.3,47.0,43.7,36.075,18.922655072689984,0.5,7.0,6.5,5.375,2.8145825622994254,628.0,628.0,0.0,628.0,0.0,4.77e-08,1.97e-07,1.493e-07,1.59675e-07,6.464879639250834e-08,22.98976928,1.8,0.93,5.13907696,1.16,0.083333333333333,0.266666666666666,0.183333333333333,0.0,0.0,0.0,0.0,0.0,0.0,0.0,0.0,1.968013509885058
Na,Na0-1.5V12O29,V12O29,Na3V24O58,mp-aaabrznn,8.0,23.0,15.0,12.341176470588236,6.70829677897009,11.0,101.0,90.0,84.5529411764706,25.28031360674474,15.9994,50.9415,34.9421,26.112123621647054,15.626784708158931,54.8,2183.0,2128.2,666.8589411764706,952.7605338260638,1.0,16.0,15.0,12.364705882352942,5.374990142422762,2.0,4.0,2.0,2.6,0.8970540019156824,0.6,1.8,1.2000000000000002,0.8541176470588236,0.3808822393822225,0.93,3.44,2.51,2.8403529411764707,0.887578923826361,90.2,3680.0,3589.8,1141.4070588235293,1604.2577247685565,968.0,6110.0,5142.0,5538.666666666667,1615.9746972716566,8.32,23.78,15.46,15.034117647058824,4.3725623916088505,0.02658,140.0,139.97342,13.712254588235291,27.84026649549637,1.0,5.0,4.0,2.8117647058823527,1.3847413659304872,-2.0,-1.0,1.0,-1.6823529411764706,0.4655613867625736,8.4e-06,7.1e-05,6.26e-05,1.5355555555555557e-05,1.967328200101239e-05,6.3,160.0,153.7,142.92222222222222,48.30324989705438,10.0,128.0,118.0,114.8888888888889,37.08382230222783,0.69,628.0,627.31,558.298888888889,197.14451329161471,3.3,47.0,43.7,42.144444444444446,13.73358503904539,0.5,7.0,6.5,6.277777777777778,2.042752923427804,628.0,628.0,0.0,628.0,0.0,4.77e-08,1.97e-07,1.493e-07,1.8041111111111118e-07,4.692046330273403e-08,8.0,23.0,15.0,12.390243902439025,6.824911502260108,54.0,101.0,47.0,87.2439024390244,21.384722707081675,15.9994,50.9415,34.9421,26.226356097560974,15.89844934687486,54.8,2183.0,2128.2,677.6878048780487,968.3184439406642,5.0,16.0,11.0,12.780487804878048,5.004935101657413,2.0,4.0,2.0,2.585365853658536,0.9099882003013476,0.6,1.35,0.7500000000000001,0.8195121951219513,0.3412455751130054,1.63,3.44,1.81,2.9102439024390243,0.8235393212727198,90.2,3680.0,3589.8,1140.8731707317072,1633.337820720889,6110.0,6110.0,0.0,6110.0,0.0,8.32,17.36,9.04,14.714146341463412,4.113146665362091,0.02658,31.0,30.97342,9.091971219512194,14.092723361488884,2.0,5.0,3.0,2.8780487804878048,1.3649823004520216,-2.0,-1.0,1.0,-1.7073170731707317,0.4549941001506739,8.4e-06,8.4e-06,0.0,8.4e-06,0.0,160.0,160.0,0.0,160.0,0.0,128.0,128.0,0.0,128.0,0.0,628.0,628.0,0.0,628.0,0.0,47.0,47.0,0.0,47.0,0.0,7.0,7.0,0.0,7.0,0.0,628.0,628.0,0.0,628.0,0.0,1.97e-07,1.97e-07,0.0,1.97e-07,0.0,22.98976928,1.8,0.93,5.13907696,1.16,0.0,0.035294117647058,0.035294117647058,0.0,0.0,0.0,0.0,0.0,0.0,0.0,0.0,3.771439953218384
Na,Na0-0.33VO2,VO2,NaV3O6,mp-aaacurrw,8.0,23.0,15.0,12.8,6.734983296193095,11.0,101.0,90.0,77.89999999999999,30.644575376402265,15.9994,50.9415,34.9421,27.181066928,15.688911903039925,54.8,2183.0,2128.2,724.867,959.0468247176464,1.0,16.0,15.0,11.2,5.979966555090421,2.0,4.0,2.0,2.7,0.9,0.6,1.8,1.2000000000000002,0.945,0.4401420225336363,0.93,3.44,2.51,2.646,0.991162953302836,90.2,3680.0,3589.8,1273.7199999999998,1605.886853299447,968.0,6110.0,5142.0,4824.499999999999,2226.551313129792,8.32,23.78,15.46,15.29,4.934898175241309,0.02658,140.0,139.97342,23.315948,41.28761306686469,1.0,5.0,4.0,2.8,1.469693845669907,-2.0,-1.0,1.0,-1.6,0.4898979485566356,8.4e-06,7.1e-05,6.26e-05,2.405e-05,2.710659513845293e-05,6.3,160.0,153.7,121.575,66.55405228083411,10.0,128.0,118.0,98.5,51.09549882328188,0.69,628.0,627.31,471.1725,271.6331980240081,3.3,47.0,43.7,36.075,18.922655072689984,0.5,7.0,6.5,5.374999999999999,2.8145825622994254,628.0,628.0,0.0,628.0,0.0,4.77e-08,1.97e-07,1.493e-07,1.59675e-07,6.464879639250834e-08,8.0,23.0,15.0,13.0,7.071067811865475,54.0,101.0,47.0,85.33333333333333,22.15601247717849,15.9994,50.9415,34.9421,27.646766666666664,16.471863905932306,54.8,2183.0,2128.2,764.1999999999999,1003.2431011474736,5.0,16.0,11.0,12.333333333333332,5.185449728701348,2.0,4.0,2.0,2.6666666666666665,0.9428090415820634,0.6,1.35,0.7500000000000001,0.85,0.3535533905932738,1.63,3.44,1.81,2.836666666666666,0.8532421826317673,90.2,3680.0,3589.8,1286.8,1692.2479487356454,6110.0,6110.0,0.0,6110.0,0.0,8.32,17.36,9.04,14.346666666666666,4.2614968679509255,0.02658,31.0,30.97342,10.351053333333333,14.601010212359355,2.0,5.0,3.0,3.0,1.4142135623730951,-2.0,-1.0,1.0,-1.6666666666666663,0.4714045207910317,8.4e-06,8.4e-06,0.0,8.4e-06,0.0,160.0,160.0,0.0,160.0,0.0,128.0,128.0,0.0,128.0,0.0,628.0,628.0,0.0,628.0,0.0,47.0,47.0,0.0,47.0,0.0,7.0,7.0,0.0,7.0,0.0,628.0,628.0,0.0,628.0,0.0,1.97e-07,1.97e-07,0.0,1.97e-07,0.0,22.98976928,1.8,0.93,5.13907696,1.16,0.0,0.1,0.1,0.0,0.0,0.0,0.0,0.0,0.0,0.0,0.0,1.838578626551737
Na,Na0-0.6VO2,VO2,Na3V5O10,mp-aaaczmim,8.0,23.0,15.0,12.666666666666668,6.49786289653931,11.0,101.0,90.0,72.94444444444444,34.300100780905105,15.9994,50.9415,34.9421,26.87060043555556,15.136515028385798,54.8,2183.0,2128.2,698.6450000000001,927.4883054743424,1.0,16.0,15.0,10.444444444444445,6.344045521608977,2.0,4.0,2.0,2.7222222222222223,0.8695819912499182,0.6,1.8,1.2000000000000002,1.0083333333333333,0.4790760783934937,0.93,3.44,2.51,2.518888888888889,1.0543238427694304,90.2,3680.0,3589.8,1265.0,1545.5728603552363,968.0,6110.0,5142.0,4181.75,2489.360045774817,8.32,23.78,15.46,15.918888888888889,5.243380894983364,0.02658,140.0,139.97342,31.95921111111111,50.12205431508713,1.0,5.0,4.0,2.666666666666667,1.4907119849998598,-2.0,-1.0,1.0,-1.5555555555555556,0.4969039949999532,8.4e-06,7.1e-05,6.26e-05,3.1875e-05,3.030609468407304e-05,6.3,160.0,153.7,102.3625,74.40969253901001,10.0,128.0,118.0,83.75000000000001,57.1265043565594,0.69,628.0,627.31,392.7587500000001,303.6951478636718,3.3,47.0,43.7,30.612500000000004,21.156171528658017,0.5,7.0,6.5,4.562500000000001,3.1467989687935263,628.0,628.0,0.0,628.0,0.0,4.77e-08,1.97e-07,1.493e-07,1.410125e-07,7.227955169859592e-08,8.0,23.0,15.0,13.0,7.071067811865475,54.0,101.0,47.0,85.33333333333333,22.15601247717849,15.9994,50.9415,34.9421,27.646766666666664,16.471863905932306,54.8,2183.0,2128.2,764.1999999999999,1003.2431011474736,5.0,16.0,11.0,12.333333333333332,5.185449728701348,2.0,4.0,2.0,2.6666666666666665,0.9428090415820634,0.6,1.35,0.7500000000000001,0.85,0.3535533905932738,1.63,3.44,1.81,2.836666666666666,0.8532421826317673,90.2,3680.0,3589.8,1286.8,1692.2479487356454,6110.0,6110.0,0.0,6110.0,0.0,8.32,17.36,9.04,14.346666666666666,4.2614968679509255,0.02658,31.0,30.97342,10.351053333333333,14.601010212359355,2.0,5.0,3.0,3.0,1.4142135623730951,-2.0,-1.0,1.0,-1.6666666666666663,0.4714045207910317,8.4e-06,8.4e-06,0.0,8.4e-06,0.0,160.0,160.0,0.0,160.0,0.0,128.0,128.0,0.0,128.0,0.0,628.0,628.0,0.0,628.0,0.0,47.0,47.0,0.0,47.0,0.0,7.0,7.0,0.0,7.0,0.0,628.0,628.0,0.0,628.0,0.0,1.97e-07,1.97e-07,0.0,1.97e-07,0.0,22.98976928,1.8,0.93,5.13907696,1.16,0.0,0.166666666666666,0.166666666666666,0.0,0.0,0.0,0.0,0.0,0.0,0.0,0.0,2.822687252662833
Na,Na0-0.5VO2,VO2,NaV2O4,mp-aaaborqm,8.0,23.0,15.0,12.714285714285714,6.583839212458807,11.0,101.0,90.0,74.71428571428571,33.12622735500543,15.9994,50.9415,34.9421,26.981481325714284,15.336805384333982,54.8,2183.0,2128.2,708.0099999999999,938.9650530694496,1.0,16.0,15.0,10.714285714285714,6.226998490772391,2.0,4.0,2.0,2.7142857142857144,0.8806305718527109,0.6,1.8,1.2000000000000002,0.9857142857142857,0.4665330226516552,0.93,3.44,2.51,2.564285714285714,1.0340054868997437,90.2,3680.0,3589.8,1268.1142857142856,1567.3855970360062,968.0,6110.0,5142.0,4396.0,2423.962045907485,8.32,23.78,15.46,15.694285714285714,5.14416967378148,0.02658,140.0,139.97342,28.872331428571425,47.33878230544575,1.0,5.0,4.0,2.714285714285714,1.4846149779161804,-2.0,-1.0,1.0,-1.5714285714285714,0.4948716593053935,8.4e-06,7.1e-05,6.26e-05,2.926666666666667e-05,2.9509923001518587e-05,6.3,160.0,153.7,108.76666666666664,72.45487484558157,10.0,128.0,118.0,88.66666666666666,55.62573345334173,0.69,628.0,627.31,418.89666666666665,295.7167699374221,3.3,47.0,43.7,32.43333333333333,20.600377558568084,0.5,7.0,6.5,4.833333333333333,3.064129385141705,628.0,628.0,0.0,628.0,0.0,4.77e-08,1.97e-07,1.493e-07,1.4723333333333332e-07,7.038069495410102e-08,8.0,23.0,15.0,13.0,7.071067811865475,54.0,101.0,47.0,85.33333333333333,22.15601247717849,15.9994,50.9415,34.9421,27.646766666666664,16.471863905932306,54.8,2183.0,2128.2,764.1999999999999,1003.2431011474736,5.0,16.0,11.0,12.333333333333332,5.185449728701348,2.0,4.0,2.0,2.6666666666666665,0.9428090415820634,0.6,1.35,0.7500000000000001,0.85,0.3535533905932738,1.63,3.44,1.81,2.836666666666666,0.8532421826317673,90.2,3680.0,3589.8,1286.8,1692.2479487356454,6110.0,6110.0,0.0,6110.0,0.0,8.32,17.36,9.04,14.346666666666666,4.2614968679509255,0.02658,31.0,30.97342,10.351053333333333,14.601010212359355,2.0,5.0,3.0,3.0,1.4142135623730951,-2.0,-1.0,1.0,-1.6666666666666663,0.4714045207910317,8.4e-06,8.4e-06,0.0,8.4e-06,0.0,160.0,160.0,0.0,160.0,0.0,128.0,128.0,0.0,128.0,0.0,628.0,628.0,0.0,628.0,0.0,47.0,47.0,0.0,47.0,0.0,7.0,7.0,0.0,7.0,0.0,628.0,628.0,0.0,628.0,0.0,1.97e-07,1.97e-07,0.0,1.97e-07,0.0,22.98976928,1.8,0.93,5.13907696,1.16,0.0,0.142857142857142,0.142857142857142,0.0,0.0,0.0,0.0,0.0,0.0,0.0,0.0,2.902853686551726
Na,Na0-1.29V2O5,V2O5,Na9V14O35,mp-aaabvhrx,8.0,23.0,15.0,12.086206896551724,6.245783357617943,11.0,101.0,90.0,75.6896551724138,33.90412796378256,15.9994,50.9415,34.9421,25.51841247448276,14.549333190902551,54.8,2183.0,2128.2,617.5487931034482,889.9883351038694,1.0,16.0,15.0,11.017241379310343,6.268397417451716,2.0,4.0,2.0,2.637931034482759,0.8448275862068966,0.6,1.8,1.2000000000000002,0.9672413793103448,0.4736643402804036,0.93,3.44,2.51,2.613620689655172,1.041864539272082,90.2,3680.0,3589.8,1122.086206896552,1490.6541781296116,968.0,6110.0,5142.0,4097.913043478261,2509.513341233688,8.32,23.78,15.46,16.174137931034483,4.97144675899549,0.02658,140.0,139.97342,29.222936206896552,49.18704355181247,1.0,5.0,4.0,2.568965517241379,1.4155791913866218,-2.0,-1.0,1.0,-1.603448275862069,0.4891814123831416,8.4e-06,7.1e-05,6.26e-05,3.289565217391305e-05,3.055144596678897e-05,6.3,160.0,153.7,99.85652173913044,75.0120965670202,10.0,128.0,118.0,81.82608695652175,57.58898760512936,0.69,628.0,627.31,382.5308695652174,306.15379503876017,3.3,47.0,43.7,29.9,21.327447104611466,0.5,7.0,6.5,4.456521739130436,3.1722747409605154,628.0,628.0,0.0,628.0,0.0,4.77e-08,1.97e-07,1.493e-07,1.3857826086956524e-07,7.286471058852384e-08,8.0,23.0,15.0,12.285714285714285,6.776309271789384,54.0,101.0,47.0,87.57142857142857,21.232435718273404,15.9994,50.9415,34.9421,25.982857142857146,15.785231747052787,54.8,2183.0,2128.2,662.8571428571428,961.422759481478,5.0,16.0,11.0,12.857142857142858,4.969293465978882,2.0,4.0,2.0,2.571428571428571,0.9035079029052512,0.6,1.35,0.7500000000000001,0.8142857142857143,0.3388154635894692,1.63,3.44,1.81,2.922857142857143,0.8176746521292524,90.2,3680.0,3589.8,1115.857142857143,1621.7063349246353,6110.0,6110.0,0.0,6110.0,0.0,8.32,17.36,9.04,14.777142857142858,4.083855721131736,0.02658,31.0,30.97342,8.87612857142857,13.992364875001783,2.0,5.0,3.0,2.8571428571428568,1.3552618543578767,-2.0,-1.0,1.0,-1.7142857142857144,0.4517539514526256,8.4e-06,8.4e-06,0.0,8.4e-06,0.0,160.0,160.0,0.0,160.0,0.0,128.0,128.0,0.0,128.0,0.0,628.0,628.0,0.0,628.0,0.0,47.0,47.0,0.0,47.0,0.0,7.0,7.0,0.0,7.0,0.0,628.0,628.0,0.0,628.0,0.0,1.97e-07,1.97e-07,0.0,1.97e-07,0.0,22.98976928,1.8,0.93,5.13907696,1.16,0.0,0.155172413793103,0.155172413793103,0.0,0.0,0.0,0.0,0.0,0.0,0.0,0.0,3.211356015440613
Na,Na0-1V2O5,V2O5,NaV2O5,mp-aaaablin,8.0,23.0,15.0,12.125,6.352902879786531,11.0,101.0,90.0,78.0,32.18307008350819,15.9994,50.9415,34.9421,25.60872116,14.79887471331257,54.8,2183.0,2128.2,626.35875,904.4981679975576,1.0,16.0,15.0,11.375,6.081478027585071,2.0,4.0,2.0,2.625,0.8569568250501305,0.6,1.8,1.2000000000000002,0.9375,0.4546633369868303,0.93,3.44,2.51,2.67375,1.009652632096802,90.2,3680.0,3589.8,1120.875,1517.0254643133055,968.0,6110.0,5142.0,4396.0,2423.962045907485,8.32,23.78,15.46,15.9025,4.843360790814577,0.02658,140.0,139.97342,25.2666125,45.29733694528955,1.0,5.0,4.0,2.625,1.4086784586980805,-2.0,-1.0,1.0,-1.625,0.4841229182759271,8.4e-06,7.1e-05,6.26e-05,2.926666666666667e-05,2.9509923001518587e-05,6.3,160.0,153.7,108.76666666666664,72.45487484558157,10.0,128.0,118.0,88.66666666666666,55.62573345334173,0.69,628.0,627.31,418.89666666666665,295.7167699374221,3.3,47.0,43.7,32.43333333333333,20.600377558568084,0.5,7.0,6.5,4.833333333333333,3.064129385141705,628.0,628.0,0.0,628.0,0.0,4.77e-08,1.97e-07,1.493e-07,1.4723333333333332e-07,7.038069495410102e-08,8.0,23.0,15.0,12.285714285714285,6.776309271789384,54.0,101.0,47.0,87.57142857142857,21.232435718273404,15.9994,50.9415,34.9421,25.982857142857146,15.785231747052787,54.8,2183.0,2128.2,662.8571428571428,961.422759481478,5.0,16.0,11.0,12.857142857142858,4.969293465978882,2.0,4.0,2.0,2.571428571428571,0.9035079029052512,0.6,1.35,0.7500000000000001,0.8142857142857143,0.3388154635894692,1.63,3.44,1.81,2.922857142857143,0.8176746521292524,90.2,3680.0,3589.8,1115.857142857143,1621.7063349246353,6110.0,6110.0,0.0,6110.0,0.0,8.32,17.36,9.04,14.777142857142858,4.083855721131736,0.02658,31.0,30.97342,8.87612857142857,13.992364875001783,2.0,5.0,3.0,2.8571428571428568,1.3552618543578767,-2.0,-1.0,1.0,-1.7142857142857144,0.4517539514526256,8.4e-06,8.4e-06,0.0,8.4e-06,0.0,160.0,160.0,0.0,160.0,0.0,128.0,128.0,0.0,128.0,0.0,628.0,628.0,0.0,628.0,0.0,47.0,47.0,0.0,47.0,0.0,7.0,7.0,0.0,7.0,0.0,628.0,628.0,0.0,628.0,0.0,1.97e-07,1.97e-07,0.0,1.97e-07,0.0,22.98976928,1.8,0.93,5.13907696,1.16,0.0,0.125,0.125,0.0,0.0,0.0,0.0,0.0,0.0,0.0,0.0,2.995272471551725
Na,Na0-1.25V9O22,V9O22,Na5V36O88,mp-aaabwiuf,8.0,23.0,15.0,12.302325581395348,6.680533622053863,11.0,101.0,90.0,84.3953488372093,25.587187504944666,15.9994,50.9415,34.9421,26.021628266666667,15.562110200902817,54.8,2183.0,2128.2,660.9670542635658,948.897375882774,1.0,16.0,15.0,12.348837209302326,5.399757621305611,2.0,4.0,2.0,2.5968992248062017,0.8937281886097574,0.6,1.8,1.2000000000000002,0.8558139534883722,0.3838618486839603,0.93,3.44,2.51,2.837596899224806,0.8919422020362815,90.2,3680.0,3589.8,1133.3147286821709,1597.566361742342,968.0,6110.0,5142.0,5482.926829268293,1682.613883946915,8.32,23.78,15.46,15.086046511627906,4.385510041422555,0.02658,140.0,139.97342,14.095651472868218,28.79564308187453,1.0,5.0,4.0,2.798449612403101,1.383063922366773,-2.0,-1.0,1.0,-1.6821705426356588,0.4656327881451537,8.4e-06,7.1e-05,6.26e-05,1.6034146341463415e-05,2.048456420363222e-05,6.3,160.0,153.7,141.25609756097563,50.29516802073917,10.0,128.0,118.0,113.60975609756098,38.61307629438661,0.69,628.0,627.31,551.4987804878049,205.2743126290819,3.3,47.0,43.7,41.670731707317074,14.299927407327925,0.5,7.0,6.5,6.2073170731707314,2.126991490792483,628.0,628.0,0.0,628.0,0.0,4.77e-08,1.97e-07,1.493e-07,1.7879268292682926e-07,4.885535839620272e-08,8.0,23.0,15.0,12.35483870967742,6.808668038453366,54.0,101.0,47.0,87.35483870967742,21.33382652048721,15.9994,50.9415,34.9421,26.14388064516129,15.860610631096089,54.8,2183.0,2128.2,672.6645161290323,966.0138212957636,5.0,16.0,11.0,12.806451612903226,4.993023228199135,2.0,4.0,2.0,2.580645161290323,0.9078224051271154,0.6,1.35,0.7500000000000001,0.8177419354838711,0.3404334019226683,1.63,3.44,1.81,2.914516129032258,0.8215792766400395,90.2,3680.0,3589.8,1132.4,1629.4504349626595,6110.0,6110.0,0.0,6110.0,0.0,8.32,17.36,9.04,14.735483870967744,4.103357271174561,0.02658,31.0,30.97342,9.018863225806452,14.05918231970615,2.0,5.0,3.0,2.870967741935484,1.3617336076906732,-2.0,-1.0,1.0,-1.7096774193548387,0.4539112025635577,8.4e-06,8.4e-06,0.0,8.4e-06,0.0,160.0,160.0,0.0,160.0,0.0,128.0,128.0,0.0,128.0,0.0,628.0,628.0,0.0,628.0,0.0,47.0,47.0,0.0,47.0,0.0,7.0,7.0,0.0,7.0,0.0,628.0,628.0,0.0,628.0,0.0,1.97e-07,1.97e-07,0.0,1.97e-07,0.0,22.98976928,1.8,0.93,5.13907696,1.16,0.0,0.03875968992248,0.03875968992248,0.0,0.0,0.0,0.0,0.0,0.0,0.0,0.0,3.442116998551731
Na,Na0-2V6O13,V6O13,Na2V6O13,mp-aaabxnli,8.0,23.0,15.0,12.571428571428571,6.651683843898752,11.0,101.0,90.0,79.0,30.30794332467033,15.9994,50.9415,34.9421,26.648606598095235,15.494876288715137,54.8,2183.0,2128.2,692.9590476190475,946.749465491593,1.0,16.0,15.0,11.428571428571429,5.924697529522207,2.0,4.0,2.0,2.6666666666666665,0.8908708063747479,0.6,1.8,1.2000000000000002,0.9285714285714286,0.4357728297905612,0.93,3.44,2.51,2.683809523809524,0.9819440202765716,90.2,3680.0,3589.8,1217.3619047619047,1587.3228490512513,968.0,6110.0,5142.0,4824.5,2226.551313129792,8.32,23.78,15.46,15.388571428571428,4.836100638712463,0.02658,140.0,139.97342,22.206930476190475,40.59668424167979,1.0,5.0,4.0,2.761904761904762,1.4443572274383905,-2.0,-1.0,1.0,-1.619047619047619,0.4856209060564557,8.4e-06,7.1e-05,6.26e-05,2.405e-05,2.710659513845293e-05,6.3,160.0,153.7,121.575,66.55405228083411,10.0,128.0,118.0,98.5,51.09549882328188,0.69,628.0,627.31,471.1725,271.6331980240081,3.3,47.0,43.7,36.075,18.922655072689984,0.5,7.0,6.5,5.375,2.8145825622994254,628.0,628.0,0.0,628.0,0.0,4.77e-08,1.97e-07,1.493e-07,1.59675e-07,6.464879639250834e-08,8.0,23.0,15.0,12.736842105263158,6.972442789206195,54.0,101.0,47.0,86.15789473684211,21.84698740617941,15.9994,50.9415,34.9421,27.033747368421054,16.24211954564812,54.8,2183.0,2128.2,726.8631578947368,989.250182932575,5.0,16.0,11.0,12.526315789473683,5.1131247120845424,2.0,4.0,2.0,2.631578947368421,0.929659038560826,0.6,1.35,0.7500000000000001,0.8368421052631578,0.3486221394603098,1.63,3.44,1.81,2.8684210526315788,0.8413414298975476,90.2,3680.0,3589.8,1223.8210526315788,1668.6450083128263,6110.0,6110.0,0.0,6110.0,0.0,8.32,17.36,9.04,14.505263157894737,4.2020588542949335,0.02658,31.0,30.97342,9.807659999999998,14.39735992907033,2.0,5.0,3.0,2.947368421052632,1.394488557841239,-2.0,-1.0,1.0,-1.6842105263157894,0.464829519280413,8.4e-06,8.4e-06,0.0,8.4e-06,0.0,160.0,160.0,0.0,160.0,0.0,128.0,128.0,0.0,128.0,0.0,628.0,628.0,0.0,628.0,0.0,47.0,47.0,0.0,47.0,0.0,7.0,7.0,0.0,7.0,0.0,628.0,628.0,0.0,628.0,0.0,1.97e-07,1.97e-07,0.0,1.97e-07,0.0,22.98976928,1.8,0.93,5.13907696,1.16,0.0,0.095238095238095,0.095238095238095,0.0,0.0,0.0,0.0,0.0,0.0,0.0,0.0,2.545130256551719
Na,Na0-1VO2,VO2,NaVO2,mp-aaaborpw,8.0,23.0,15.0,12.5,6.18465843842649,11.0,101.0,90.0,66.75,37.47248990926544,15.9994,50.9415,34.9421,26.48251732,14.406878739869644,54.8,2183.0,2128.2,665.8675,885.3701947031818,1.0,16.0,15.0,9.5,6.652067347825035,2.0,4.0,2.0,2.75,0.82915619758885,0.6,1.8,1.2000000000000002,1.0875,0.5128047874191504,0.93,3.44,2.51,2.36,1.1079936822924576,90.2,3680.0,3589.8,1254.1,1466.6237452052928,968.0,6110.0,5142.0,3539.0,2571.0,8.32,23.78,15.46,16.705,5.50504087178288,0.02658,140.0,139.97342,42.76329,57.546080506183046,1.0,5.0,4.0,2.5,1.5,-2.0,-1.0,1.0,-1.5,0.5,8.4e-06,7.1e-05,6.26e-05,3.97e-05,3.13e-05,6.3,160.0,153.7,83.15,76.85000000000001,10.0,128.0,118.0,69.0,59.0,0.69,628.0,627.31,314.345,313.65500000000003,3.3,47.0,43.7,25.15,21.85,0.5,7.0,6.5,3.75,3.25,628.0,628.0,0.0,628.0,0.0,4.77e-08,1.97e-07,1.493e-07,1.2235e-07,7.465000000000001e-08,8.0,23.0,15.0,13.0,7.071067811865475,54.0,101.0,47.0,85.33333333333333,22.15601247717849,15.9994,50.9415,34.9421,27.646766666666664,16.471863905932306,54.8,2183.0,2128.2,764.1999999999999,1003.2431011474736,5.0,16.0,11.0,12.333333333333332,5.185449728701348,2.0,4.0,2.0,2.6666666666666665,0.9428090415820634,0.6,1.35,0.7500000000000001,0.85,0.3535533905932738,1.63,3.44,1.81,2.836666666666666,0.8532421826317673,90.2,3680.0,3589.8,1286.8,1692.2479487356454,6110.0,6110.0,0.0,6110.0,0.0,8.32,17.36,9.04,14.346666666666666,4.2614968679509255,0.02658,31.0,30.97342,10.351053333333333,14.601010212359355,2.0,5.0,3.0,3.0,1.4142135623730951,-2.0,-1.0,1.0,-1.6666666666666663,0.4714045207910317,8.4e-06,8.4e-06,0.0,8.4e-06,0.0,160.0,160.0,0.0,160.0,0.0,128.0,128.0,0.0,128.0,0.0,628.0,628.0,0.0,628.0,0.0,47.0,47.0,0.0,47.0,0.0,7.0,7.0,0.0,7.0,0.0,628.0,628.0,0.0,628.0,0.0,1.97e-07,1.97e-07,0.0,1.97e-07,0.0,22.98976928,1.8,0.93,5.13907696,1.16,0.0,0.25,0.25,0.0,0.0,0.0,0.0,0.0,0.0,0.0,0.0,2.356136071551724
Na,Na0-0.5VO2,VO2,NaV2O4,mp-aaadehdd,8.0,23.0,15.0,12.714285714285714,6.583839212458807,11.0,101.0,90.0,74.71428571428571,33.12622735500543,15.9994,50.9415,34.9421,26.981481325714284,15.336805384333982,54.8,2183.0,2128.2,708.0099999999999,938.9650530694496,1.0,16.0,15.0,10.714285714285714,6.226998490772391,2.0,4.0,2.0,2.7142857142857144,0.8806305718527109,0.6,1.8,1.2000000000000002,0.9857142857142857,0.4665330226516552,0.93,3.44,2.51,2.564285714285714,1.0340054868997437,90.2,3680.0,3589.8,1268.1142857142856,1567.3855970360062,968.0,6110.0,5142.0,4396.0,2423.962045907485,8.32,23.78,15.46,15.694285714285714,5.14416967378148,0.02658,140.0,139.97342,28.872331428571425,47.33878230544575,1.0,5.0,4.0,2.714285714285714,1.4846149779161804,-2.0,-1.0,1.0,-1.5714285714285714,0.4948716593053935,8.4e-06,7.1e-05,6.26e-05,2.926666666666667e-05,2.9509923001518587e-05,6.3,160.0,153.7,108.76666666666664,72.45487484558157,10.0,128.0,118.0,88.66666666666666,55.62573345334173,0.69,628.0,627.31,418.89666666666665,295.7167699374221,3.3,47.0,43.7,32.43333333333333,20.600377558568084,0.5,7.0,6.5,4.833333333333333,3.064129385141705,628.0,628.0,0.0,628.0,0.0,4.77e-08,1.97e-07,1.493e-07,1.4723333333333332e-07,7.038069495410102e-08,8.0,23.0,15.0,13.0,7.071067811865475,54.0,101.0,47.0,85.33333333333333,22.15601247717849,15.9994,50.9415,34.9421,27.646766666666664,16.471863905932306,54.8,2183.0,2128.2,764.1999999999999,1003.2431011474736,5.0,16.0,11.0,12.333333333333332,5.185449728701348,2.0,4.0,2.0,2.6666666666666665,0.9428090415820634,0.6,1.35,0.7500000000000001,0.85,0.3535533905932738,1.63,3.44,1.81,2.836666666666666,0.8532421826317673,90.2,3680.0,3589.8,1286.8,1692.2479487356454,6110.0,6110.0,0.0,6110.0,0.0,8.32,17.36,9.04,14.346666666666666,4.2614968679509255,0.02658,31.0,30.97342,10.351053333333333,14.601010212359355,2.0,5.0,3.0,3.0,1.4142135623730951,-2.0,-1.0,1.0,-1.6666666666666663,0.4714045207910317,8.4e-06,8.4e-06,0.0,8.4e-06,0.0,160.0,160.0,0.0,160.0,0.0,128.0,128.0,0.0,128.0,0.0,628.0,628.0,0.0,628.0,0.0,47.0,47.0,0.0,47.0,0.0,7.0,7.0,0.0,7.0,0.0,628.0,628.0,0.0,628.0,0.0,1.97e-07,1.97e-07,0.0,1.97e-07,0.0,22.98976928,1.8,0.93,5.13907696,1.16,0.0,0.142857142857142,0.142857142857142,0.0,0.0,0.0,0.0,0.0,0.0,0.0,0.0,2.914199829051721
Na,Na0-1V6O11,V6O11,NaV6O11,mp-aaabwisn,8.0,23.0,15.0,13.166666666666666,6.986097305044896,11.0,101.0,90.0,80.33333333333334,27.553987410576752,15.9994,50.9415,34.9421,28.035120515555555,16.27389379619429,54.8,2183.0,2128.2,781.7594444444445,993.3906883691736,1.0,16.0,15.0,11.5,5.7081812631812365,2.0,4.0,2.0,2.7222222222222223,0.931280811902234,0.6,1.8,1.2000000000000002,0.9166666666666669,0.4089281382128432,0.93,3.44,2.51,2.697222222222222,0.9435677303343916,90.2,3680.0,3589.8,1346.011111111111,1667.8130397116156,968.0,6110.0,5142.0,5375.4285714285725,1799.3251796273005,8.32,23.78,15.46,14.703333333333337,4.7405121617348005,0.02658,140.0,139.97342,18.127354444444443,32.872810570675306,1.0,5.0,4.0,2.9444444444444446,1.4709113660970807,-2.0,-1.0,1.0,-1.6111111111111112,0.4874980215217845,8.4e-06,7.1e-05,6.26e-05,1.7342857142857143e-05,2.1905436842603853e-05,6.3,160.0,153.7,138.04285714285717,53.78379620939635,10.0,128.0,118.0,111.14285714285715,41.29139852120215,0.69,628.0,627.31,538.3842857142857,219.51277293504504,3.3,47.0,43.7,40.75714285714286,15.291814537089271,0.5,7.0,6.5,6.071428571428571,2.274526189727237,628.0,628.0,0.0,628.0,0.0,4.77e-08,1.97e-07,1.493e-07,1.7567142857142857e-07,5.224411694250409e-08,8.0,23.0,15.0,13.294117647058826,7.168269180561142,54.0,101.0,47.0,84.41176470588236,22.460576765758244,15.9994,50.9415,34.9421,28.33190588235294,16.698291902272363,54.8,2183.0,2128.2,805.929411764706,1017.0340313380148,5.0,16.0,11.0,12.11764705882353,5.256730732411504,2.0,4.0,2.0,2.7058823529411766,0.9557692240748188,0.6,1.35,0.7500000000000001,0.8647058823529412,0.3584134590280571,1.63,3.44,1.81,2.8011764705882354,0.8649711477877111,90.2,3680.0,3589.8,1357.1882352941177,1715.5101802918923,6110.0,6110.0,0.0,6110.0,0.0,8.32,17.36,9.04,14.169411764705885,4.320076892818181,0.02658,31.0,30.97342,10.958375294117648,14.801720800171738,2.0,5.0,3.0,3.058823529411765,1.4336538361122282,-2.0,-1.0,1.0,-1.647058823529412,0.4778846120374094,8.4e-06,8.4e-06,0.0,8.4e-06,0.0,160.0,160.0,0.0,160.0,0.0,128.0,128.0,0.0,128.0,0.0,628.0,628.0,0.0,628.0,0.0,47.0,47.0,0.0,47.0,0.0,7.0,7.0,0.0,7.0,0.0,628.0,628.0,0.0,628.0,0.0,1.97e-07,1.97e-07,0.0,1.97e-07,0.0,22.98976928,1.8,0.93,5.13907696,1.16,0.0,0.055555555555555,0.055555555555555,0.0,0.0,0.0,0.0,0.0,0.0,0.0,0.0,2.784205116551735
Na,Na0-0.5VO2,VO2,NaV2O4,mp-aaacptgr,8.0,23.0,15.0,12.714285714285714,6.583839212458807,11.0,101.0,90.0,74.71428571428571,33.12622735500543,15.9994,50.9415,34.9421,26.981481325714284,15.336805384333982,54.8,2183.0,2128.2,708.0099999999999,938.9650530694496,1.0,16.0,15.0,10.714285714285714,6.226998490772391,2.0,4.0,2.0,2.7142857142857144,0.8806305718527109,0.6,1.8,1.2000000000000002,0.9857142857142857,0.4665330226516552,0.93,3.44,2.51,2.564285714285714,1.0340054868997437,90.2,3680.0,3589.8,1268.1142857142856,1567.3855970360062,968.0,6110.0,5142.0,4396.0,2423.962045907485,8.32,23.78,15.46,15.694285714285714,5.14416967378148,0.02658,140.0,139.97342,28.872331428571425,47.33878230544575,1.0,5.0,4.0,2.714285714285714,1.4846149779161804,-2.0,-1.0,1.0,-1.5714285714285714,0.4948716593053935,8.4e-06,7.1e-05,6.26e-05,2.926666666666667e-05,2.9509923001518587e-05,6.3,160.0,153.7,108.76666666666664,72.45487484558157,10.0,128.0,118.0,88.66666666666666,55.62573345334173,0.69,628.0,627.31,418.89666666666665,295.7167699374221,3.3,47.0,43.7,32.43333333333333,20.600377558568084,0.5,7.0,6.5,4.833333333333333,3.064129385141705,628.0,628.0,0.0,628.0,0.0,4.77e-08,1.97e-07,1.493e-07,1.4723333333333332e-07,7.038069495410102e-08,8.0,23.0,15.0,13.0,7.071067811865475,54.0,101.0,47.0,85.33333333333333,22.15601247717849,15.9994,50.9415,34.9421,27.646766666666664,16.471863905932306,54.8,2183.0,2128.2,764.1999999999999,1003.2431011474736,5.0,16.0,11.0,12.333333333333332,5.185449728701348,2.0,4.0,2.0,2.6666666666666665,0.9428090415820634,0.6,1.35,0.7500000000000001,0.85,0.3535533905932738,1.63,3.44,1.81,2.836666666666666,0.8532421826317673,90.2,3680.0,3589.8,1286.8,1692.2479487356454,6110.0,6110.0,0.0,6110.0,0.0,8.32,17.36,9.04,14.346666666666666,4.2614968679509255,0.02658,31.0,30.97342,10.351053333333333,14.601010212359355,2.0,5.0,3.0,3.0,1.4142135623730951,-2.0,-1.0,1.0,-1.6666666666666663,0.4714045207910317,8.4e-06,8.4e-06,0.0,8.4e-06,0.0,160.0,160.0,0.0,160.0,0.0,128.0,128.0,0.0,128.0,0.0,628.0,628.0,0.0,628.0,0.0,47.0,47.0,0.0,47.0,0.0,7.0,7.0,0.0,7.0,0.0,628.0,628.0,0.0,628.0,0.0,1.97e-07,1.97e-07,0.0,1.97e-07,0.0,22.98976928,1.8,0.93,5.13907696,1.16,0.0,0.142857142857142,0.142857142857142,0.0,0.0,0.0,0.0,0.0,0.0,0.0,0.0,2.492623141551722
Na,Na0-0.67V2O5,V2O5,Na2V6O15,mp-aaaablhn,8.0,23.0,15.0,12.173913043478262,6.485114553733593,11.0,101.0,90.0,80.91304347826087,29.6162602863011,15.9994,50.9415,34.9421,25.72258863304348,15.106870743710967,54.8,2183.0,2128.2,637.4669565217392,922.34799475099,1.0,16.0,15.0,11.826086956521738,5.805935298303861,2.0,4.0,2.0,2.608695652173913,0.871736419815801,0.6,1.8,1.2000000000000002,0.9000000000000001,0.4265636198026391,0.93,3.44,2.51,2.749565217391304,0.9621690995773426,90.2,3680.0,3589.8,1119.3478260869565,1549.6353402373943,968.0,6110.0,5142.0,4824.5,2226.551313129792,8.32,23.78,15.46,15.56,4.654321974625118,0.02658,140.0,139.97342,20.278204347826087,39.29170863486594,1.0,5.0,4.0,2.6956521739130435,1.39672855688774,-2.0,-1.0,1.0,-1.6521739130434785,0.4762804847871009,8.4e-06,7.1e-05,6.26e-05,2.405e-05,2.710659513845293e-05,6.3,160.0,153.7,121.575,66.55405228083411,10.0,128.0,118.0,98.5,51.09549882328188,0.69,628.0,627.31,471.1725,271.6331980240081,3.3,47.0,43.7,36.075,18.922655072689984,0.5,7.0,6.5,5.375,2.8145825622994254,628.0,628.0,0.0,628.0,0.0,4.77e-08,1.97e-07,1.493e-07,1.59675e-07,6.464879639250834e-08,8.0,23.0,15.0,12.285714285714285,6.776309271789384,54.0,101.0,47.0,87.57142857142857,21.232435718273404,15.9994,50.9415,34.9421,25.982857142857146,15.785231747052787,54.8,2183.0,2128.2,662.8571428571428,961.422759481478,5.0,16.0,11.0,12.857142857142858,4.969293465978882,2.0,4.0,2.0,2.571428571428571,0.9035079029052512,0.6,1.35,0.7500000000000001,0.8142857142857143,0.3388154635894692,1.63,3.44,1.81,2.922857142857143,0.8176746521292524,90.2,3680.0,3589.8,1115.857142857143,1621.7063349246353,6110.0,6110.0,0.0,6110.0,0.0,8.32,17.36,9.04,14.777142857142858,4.083855721131736,0.02658,31.0,30.97342,8.87612857142857,13.992364875001783,2.0,5.0,3.0,2.8571428571428568,1.3552618543578767,-2.0,-1.0,1.0,-1.7142857142857144,0.4517539514526256,8.4e-06,8.4e-06,0.0,8.4e-06,0.0,160.0,160.0,0.0,160.0,0.0,128.0,128.0,0.0,128.0,0.0,628.0,628.0,0.0,628.0,0.0,47.0,47.0,0.0,47.0,0.0,7.0,7.0,0.0,7.0,0.0,628.0,628.0,0.0,628.0,0.0,1.97e-07,1.97e-07,0.0,1.97e-07,0.0,22.98976928,1.8,0.93,5.13907696,1.16,0.0,0.08695652173913,0.08695652173913,0.0,0.0,0.0,0.0,0.0,0.0,0.0,0.0,3.211569766551733
Na,Na0.77-0.85WO3,Na10(WO3)13,Na11(WO3)13,mp-aaabrpjd,8.0,74.0,66.0,22.142857142857142,26.46522554722151,11.0,101.0,90.0,75.7936507936508,34.86489057215315,15.9994,183.84,167.8406,51.85371527111111,67.34948861046749,54.8,3695.0,3640.2,861.1392063492063,1449.6913055372045,1.0,16.0,15.0,11.317460317460318,6.163964393316698,2.0,6.0,4.0,3.0,1.5735915849388864,0.6,1.8,1.2000000000000002,0.9642857142857144,0.4845574458899037,0.93,3.44,2.51,2.778888888888889,0.9505973245115972,90.2,5828.0,5737.8,1460.2825396825397,2261.5727514304285,968.0,19250.0,18282.0,10870.749999999998,9109.20512105749,9.47,23.78,14.31,16.852857142857143,4.448032355630375,0.02658,170.0,169.97342,59.54026380952381,76.42428742593226,1.0,6.0,5.0,2.650793650793651,1.7471857658180334,-2.0,-1.0,1.0,-1.8253968253968251,0.3796273251778221,4.5e-06,7.1e-05,6.65e-05,3.4979166666666665e-05,3.313434747567679e-05,6.3,310.0,303.7,170.80416666666665,151.32182448666228,10.0,411.0,401.0,227.2083333333333,199.8026065826525,0.69,2570.0,2569.31,1392.399583333333,1280.1866212440773,3.3,161.0,157.7,88.72083333333333,78.5757382994621,0.5,7.5,7.0,4.291666666666667,3.487826050071241,3430.0,3430.0,0.0,3430.0,0.0,4.77e-08,5.28e-08,5.100000000000006e-09,5.046249999999999e-08,2.5411304079090502e-09,8.0,74.0,66.0,22.32258064516129,26.639634668586478,11.0,101.0,90.0,76.83870967741936,34.152028961776715,15.9994,183.84,167.8406,52.319262787096775,67.7898213999651,54.8,3695.0,3640.2,869.0467741935485,1459.9871121468009,1.0,16.0,15.0,11.483870967741936,6.071461362812488,2.0,6.0,4.0,3.0,1.586231077825064,0.6,1.8,1.2000000000000002,0.9508064516129032,0.476588340614822,0.93,3.44,2.51,2.8087096774193547,0.928539407802292,90.2,5828.0,5737.8,1465.1903225806452,2279.4054520302125,968.0,19250.0,18282.0,11301.30434782609,9062.90744420106,9.47,23.78,14.31,16.741129032258065,4.395186555121229,0.02658,170.0,169.97342,58.24252612903226,76.34642320668011,1.0,6.0,5.0,2.67741935483871,1.748494223595826,-2.0,-1.0,1.0,-1.838709677419355,0.3677985242255284,4.5e-06,7.1e-05,6.65e-05,3.3413043478260875e-05,3.296594163873595e-05,6.3,310.0,303.7,177.95652173913044,150.55272895765577,10.0,411.0,401.0,236.65217391304355,198.78710672380623,0.69,2570.0,2569.31,1452.908695652174,1273.6800528093331,3.3,161.0,157.7,92.43478260869568,78.17637588614525,0.5,7.5,7.0,4.456521739130436,3.470099119866941,3430.0,3430.0,0.0,3430.0,0.0,4.77e-08,5.28e-08,5.100000000000006e-09,5.0582608695652176e-08,2.528215073045917e-09,22.98976928,1.8,0.93,5.13907696,1.16,0.161290322580645,0.174603174603174,0.013312852022529,0.0,0.0,0.0,0.0,0.0,0.0,0.0,0.0,2.559243976551783
Na,Na0-0.75WO3,WO3,Na3(WO3)4,mp-aaaabctv,8.0,74.0,66.0,22.36842105263157,26.683743378034876,11.0,101.0,90.0,77.10526315789473,33.96266485242458,15.9994,183.84,167.8406,52.43800567578947,67.90116506757002,54.8,3695.0,3640.2,871.0636842105263,1462.5947248431664,1.0,16.0,15.0,11.526315789473683,6.046908048987399,2.0,6.0,4.0,3.0,1.5894388284780523,0.6,1.8,1.2000000000000002,0.9473684210526316,0.4744730274100017,0.93,3.44,2.51,2.816315789473684,0.9226746619778584,90.2,5828.0,5737.8,1466.4421052631578,2283.9298999095463,968.0,19250.0,18282.0,11414.857142857143,9047.243675421205,9.47,23.78,14.31,16.712631578947367,4.381149623347811,0.02658,170.0,169.97342,57.91152421052631,76.32301866568781,1.0,6.0,5.0,2.6842105263157894,1.7487629185090685,-2.0,-1.0,1.0,-1.8421052631578947,0.3646422752776583,4.5e-06,7.1e-05,6.65e-05,3.3e-05,3.290896534380867e-05,6.3,310.0,303.7,179.84285714285713,150.29252293104798,10.0,411.0,401.0,239.1428571428571,198.4435353814628,0.69,2570.0,2569.31,1468.8671428571429,1271.4787029699407,3.3,161.0,157.7,93.41428571428573,78.04126067246055,0.5,7.5,7.0,4.5,3.4641016151377544,3430.0,3430.0,0.0,3430.0,0.0,4.77e-08,5.28e-08,5.100000000000006e-09,5.061428571428571e-08,2.523845462457509e-09,8.0,74.0,66.0,24.5,28.57883832488648,55.0,101.0,46.0,89.5,19.91858428704209,15.9994,183.84,167.8406,57.95955,72.67711169321123,54.8,3695.0,3640.2,964.85,1576.2528374280569,6.0,16.0,10.0,13.5,4.330127018922194,2.0,6.0,4.0,3.0,1.7320508075688772,0.6,1.35,0.7500000000000001,0.7875,0.3247595264191645,2.36,3.44,1.08,3.17,0.4676537180435969,90.2,5828.0,5737.8,1524.65,2484.540280917176,19250.0,19250.0,0.0,19250.0,0.0,9.47,17.36,7.889999999999999,15.3875,3.41647021792961,0.02658,170.0,169.97342,42.519935,73.60064984406098,2.0,6.0,4.0,3.0,1.7320508075688772,-2.0,-2.0,0.0,-2.0,0.0,4.5e-06,4.5e-06,0.0,4.5e-06,0.0,310.0,310.0,0.0,310.0,0.0,411.0,411.0,0.0,411.0,0.0,2570.0,2570.0,0.0,2570.0,0.0,161.0,161.0,0.0,161.0,0.0,7.5,7.5,0.0,7.5,0.0,3430.0,3430.0,0.0,3430.0,0.0,5.28e-08,5.28e-08,0.0,5.28e-08,0.0,22.98976928,1.8,0.93,5.13907696,1.16,0.0,0.157894736842105,0.157894736842105,0.0,0.0,0.0,0.0,0.0,0.0,0.0,0.0,1.964178333218393
Na,Na0-1WO3,WO3,NaWO3,mp-aaaflmlc,8.0,74.0,66.0,21.8,26.12584926849269,11.0,101.0,90.0,73.8,36.10207750254825,15.9994,183.84,167.8406,50.965593856000005,66.49234347976301,54.8,3695.0,3640.2,846.054,1429.7231775641046,1.0,16.0,15.0,11.0,6.324555320336759,2.0,6.0,4.0,3.0,1.5491933384829668,0.6,1.8,1.2000000000000002,0.99,0.4983974317750845,0.93,3.44,2.51,2.722,0.9888255660125298,90.2,5828.0,5737.8,1450.92,2227.127472238624,968.0,19250.0,18282.0,10109.0,9141.0,9.47,23.78,14.31,17.066,4.539522441843414,0.02658,170.0,169.97342,62.015948,76.51158485849797,1.0,6.0,5.0,2.6,1.743559577416269,-2.0,-1.0,1.0,-1.8,0.4,4.5e-06,7.1e-05,6.65e-05,3.775e-05,3.325e-05,6.3,310.0,303.7,158.15,151.85,10.0,411.0,401.0,210.5,200.5,0.69,2570.0,2569.31,1285.345,1284.655,3.3,161.0,157.7,82.15,78.85,0.5,7.5,7.0,4.0,3.5,3430.0,3430.0,0.0,3430.0,0.0,4.77e-08,5.28e-08,5.100000000000006e-09,5.025e-08,2.550000000000003e-09,8.0,74.0,66.0,24.5,28.57883832488648,55.0,101.0,46.0,89.5,19.91858428704209,15.9994,183.84,167.8406,57.95955,72.67711169321123,54.8,3695.0,3640.2,964.85,1576.2528374280569,6.0,16.0,10.0,13.5,4.330127018922194,2.0,6.0,4.0,3.0,1.7320508075688772,0.6,1.35,0.7500000000000001,0.7875,0.3247595264191645,2.36,3.44,1.08,3.17,0.4676537180435969,90.2,5828.0,5737.8,1524.65,2484.540280917176,19250.0,19250.0,0.0,19250.0,0.0,9.47,17.36,7.889999999999999,15.3875,3.41647021792961,0.02658,170.0,169.97342,42.519935,73.60064984406098,2.0,6.0,4.0,3.0,1.7320508075688772,-2.0,-2.0,0.0,-2.0,0.0,4.5e-06,4.5e-06,0.0,4.5e-06,0.0,310.0,310.0,0.0,310.0,0.0,411.0,411.0,0.0,411.0,0.0,2570.0,2570.0,0.0,2570.0,0.0,161.0,161.0,0.0,161.0,0.0,7.5,7.5,0.0,7.5,0.0,3430.0,3430.0,0.0,3430.0,0.0,5.28e-08,5.28e-08,0.0,5.28e-08,0.0,22.98976928,1.8,0.93,5.13907696,1.16,0.0,0.2,0.2,0.0,0.0,0.0,0.0,0.0,0.0,0.0,0.0,1.79113511905172
Na,Na0-0.12WO3,WO3,Na(WO3)8,mp-aaagkqat,8.0,74.0,66.0,24.090909090909093,28.237481684824985,11.0,101.0,90.0,87.12121212121212,23.786624170736232,15.9994,183.84,167.8406,56.89985967515152,71.81808468022223,54.8,3695.0,3640.2,946.850606060606,1555.52249041715,1.0,16.0,15.0,13.12121212121212,4.772125984249583,2.0,6.0,4.0,3.0,1.7056057308448835,0.6,1.8,1.2000000000000002,0.8181818181818182,0.3638635653852637,0.93,3.44,2.51,3.1021212121212125,0.5995945982722981,90.2,5828.0,5737.8,1513.478787878788,2447.4221292292336,968.0,19250.0,18282.0,17218.666666666668,5745.478299401095,9.47,23.78,14.31,15.64181818181818,3.65899593326768,0.02658,170.0,169.97342,45.47387636363637,74.37827022914877,1.0,6.0,5.0,2.9393939393939394,1.739721223564524,-2.0,-1.0,1.0,-1.9696969696969695,0.1714198257421933,4.5e-06,7.1e-05,6.65e-05,1.188888888888889e-05,2.089893375506907e-05,6.3,310.0,303.7,276.2555555555556,95.44370197615754,10.0,411.0,401.0,366.44444444444446,126.02214189146916,0.69,2570.0,2569.31,2284.521111111112,807.4562328757371,3.3,161.0,157.7,143.4777777777778,49.5603286191638,0.5,7.5,7.0,6.722222222222222,2.199887763691481,3430.0,3430.0,0.0,3430.0,0.0,4.77e-08,5.28e-08,5.100000000000006e-09,5.2233333333333344e-08,1.6027753706895094e-09,8.0,74.0,66.0,24.5,28.57883832488648,55.0,101.0,46.0,89.5,19.91858428704209,15.9994,183.84,167.8406,57.95955,72.67711169321123,54.8,3695.0,3640.2,964.85,1576.2528374280569,6.0,16.0,10.0,13.5,4.330127018922194,2.0,6.0,4.0,3.0,1.7320508075688772,0.6,1.35,0.7500000000000001,0.7875,0.3247595264191645,2.36,3.44,1.08,3.17,0.4676537180435969,90.2,5828.0,5737.8,1524.65,2484.540280917176,19250.0,19250.0,0.0,19250.0,0.0,9.47,17.36,7.889999999999999,15.3875,3.41647021792961,0.02658,170.0,169.97342,42.519935,73.60064984406098,2.0,6.0,4.0,3.0,1.7320508075688772,-2.0,-2.0,0.0,-2.0,0.0,4.5e-06,4.5e-06,0.0,4.5e-06,0.0,310.0,310.0,0.0,310.0,0.0,411.0,411.0,0.0,411.0,0.0,2570.0,2570.0,0.0,2570.0,0.0,161.0,161.0,0.0,161.0,0.0,7.5,7.5,0.0,7.5,0.0,3430.0,3430.0,0.0,3430.0,0.0,5.28e-08,5.28e-08,0.0,5.28e-08,0.0,22.98976928,1.8,0.93,5.13907696,1.16,0.0,0.03030303030303,0.03030303030303,0.0,0.0,0.0,0.0,0.0,0.0,0.0,0.0,1.5147142115517371
Na,Na0-0.75WO3,WO3,Na3(WO3)4,mp-aaabrbbi,8.0,74.0,66.0,22.36842105263157,26.683743378034876,11.0,101.0,90.0,77.10526315789473,33.96266485242458,15.9994,183.84,167.8406,52.43800567578947,67.90116506757002,54.8,3695.0,3640.2,871.0636842105263,1462.5947248431664,1.0,16.0,15.0,11.526315789473683,6.046908048987399,2.0,6.0,4.0,3.0,1.5894388284780523,0.6,1.8,1.2000000000000002,0.9473684210526316,0.4744730274100017,0.93,3.44,2.51,2.816315789473684,0.9226746619778584,90.2,5828.0,5737.8,1466.4421052631578,2283.9298999095463,968.0,19250.0,18282.0,11414.857142857143,9047.243675421205,9.47,23.78,14.31,16.712631578947367,4.381149623347811,0.02658,170.0,169.97342,57.91152421052631,76.32301866568781,1.0,6.0,5.0,2.6842105263157894,1.7487629185090685,-2.0,-1.0,1.0,-1.8421052631578947,0.3646422752776583,4.5e-06,7.1e-05,6.65e-05,3.3e-05,3.290896534380867e-05,6.3,310.0,303.7,179.84285714285713,150.29252293104798,10.0,411.0,401.0,239.1428571428571,198.4435353814628,0.69,2570.0,2569.31,1468.8671428571429,1271.4787029699407,3.3,161.0,157.7,93.41428571428573,78.04126067246055,0.5,7.5,7.0,4.5,3.4641016151377544,3430.0,3430.0,0.0,3430.0,0.0,4.77e-08,5.28e-08,5.100000000000006e-09,5.061428571428571e-08,2.523845462457509e-09,8.0,74.0,66.0,24.5,28.57883832488648,55.0,101.0,46.0,89.5,19.91858428704209,15.9994,183.84,167.8406,57.95955,72.67711169321123,54.8,3695.0,3640.2,964.85,1576.2528374280569,6.0,16.0,10.0,13.5,4.330127018922194,2.0,6.0,4.0,3.0,1.7320508075688772,0.6,1.35,0.7500000000000001,0.7875,0.3247595264191645,2.36,3.44,1.08,3.17,0.4676537180435969,90.2,5828.0,5737.8,1524.65,2484.540280917176,19250.0,19250.0,0.0,19250.0,0.0,9.47,17.36,7.889999999999999,15.3875,3.41647021792961,0.02658,170.0,169.97342,42.519935,73.60064984406098,2.0,6.0,4.0,3.0,1.7320508075688772,-2.0,-2.0,0.0,-2.0,0.0,4.5e-06,4.5e-06,0.0,4.5e-06,0.0,310.0,310.0,0.0,310.0,0.0,411.0,411.0,0.0,411.0,0.0,2570.0,2570.0,0.0,2570.0,0.0,161.0,161.0,0.0,161.0,0.0,7.5,7.5,0.0,7.5,0.0,3430.0,3430.0,0.0,3430.0,0.0,5.28e-08,5.28e-08,0.0,5.28e-08,0.0,22.98976928,1.8,0.93,5.13907696,1.16,0.0,0.157894736842105,0.157894736842105,0.0,0.0,0.0,0.0,0.0,0.0,0.0,0.0,2.076462611551727
Na,Na0-1TiS2,TiS2,NaTiS2,mp-aaabftpu,11.0,22.0,11.0,16.25,3.897114317029974,11.0,94.0,83.0,62.5,34.528973341239094,22.98976928,47.867,24.87723072,33.746692319999994,8.954756562640938,370.87,1941.0,1570.13,772.1475,674.8750790099973,1.0,16.0,15.0,9.25,6.832825184358224,3.0,4.0,1.0,3.25,0.4330127018922193,1.0,1.8,0.8,1.3,0.3316624790355399,0.93,2.58,1.65,1.9075,0.7062356193226168,717.87,3560.0,2842.13,1537.935,1181.0624895512517,968.0,4507.0,3539.0,2348.75,1310.2258154608312,10.64,23.78,13.14,16.37,4.721022135088969,0.205,140.0,139.795,40.6025,58.07286807322332,1.0,6.0,5.0,4.25,2.0463381929681126,-2.0,-1.0,1.0,-1.5,0.5,8.6e-06,7.1e-05,6.24e-05,3.9800000000000005e-05,3.12e-05,6.3,110.0,103.7,32.925,44.502942318458,10.0,116.0,106.0,63.0,53.0,0.69,716.0,715.31,358.345,357.65500000000003,3.3,44.0,40.7,23.65,20.35,0.5,6.0,5.5,2.625,2.042516829796024,970.0,970.0,0.0,970.0,0.0,4.77e-08,2000000000000000.0,2000000000000000.0,1000000000000000.0,1000000000000000.0,16.0,22.0,6.0,18.0,2.8284271247461903,51.0,94.0,43.0,79.66666666666666,20.270394394014364,32.065,47.867,15.802,37.33233333333333,7.449134237539883,388.36,1941.0,1552.64,905.9066666666666,731.9215151609874,4.0,16.0,12.0,12.0,5.656854249492381,3.0,4.0,1.0,3.333333333333333,0.4714045207910317,1.0,1.4,0.3999999999999999,1.1333333333333333,0.1885618083164126,1.54,2.58,1.04,2.2333333333333334,0.4902607016226729,717.87,3560.0,2842.13,1665.2466666666664,1339.792930675815,1960.0,4507.0,2547.0,2809.0,1200.6673144547576,10.64,15.53,4.889999999999999,13.9,2.305168106668144,0.205,22.0,21.795,7.47,10.274261530640535,4.0,6.0,2.0,5.333333333333333,0.9428090415820634,-2.0,-1.0,1.0,-1.6666666666666663,0.4714045207910317,8.6e-06,8.6e-06,0.0,8.6e-06,0.0,7.7,110.0,102.3,41.8,48.22468247692254,116.0,116.0,0.0,116.0,0.0,716.0,716.0,0.0,716.0,0.0,44.0,44.0,0.0,44.0,0.0,2.0,6.0,4.0,3.333333333333333,1.8856180831641267,970.0,970.0,0.0,970.0,0.0,4.2e-07,2000000000000000.0,2000000000000000.0,1333333333333333.2,942809041582063.4,22.98976928,1.8,0.93,5.13907696,1.16,0.0,0.25,0.25,0.0,0.0,0.0,0.0,0.0,0.0,0.0,0.0,1.503396686551724
Na,Na0-2RbSb,RbSb,RbNa2Sb,mp-aaacfapf,11.0,51.0,40.0,27.5,17.226433176952217,9.0,88.0,79.0,29.75,33.640563312762765,22.98976928,121.76,98.77023072,63.30183464,42.3048825337444,312.46,903.78,591.3199999999999,489.495,240.37326894852512,1.0,15.0,14.0,4.5,6.06217782649107,3.0,5.0,2.0,4.0,1.0,1.45,2.35,0.9000000000000001,1.85,0.3221024681681282,0.82,2.05,1.23,1.1825,0.5028605671555485,961.0,1860.0,899.0,1283.25,342.3706872674704,968.0,6697.0,5729.0,2541.25,2410.3461758635417,18.19,55.76,37.56999999999999,30.3775,14.831221080882043,24.0,140.0,116.0,90.5,50.938688636438215,1.0,5.0,4.0,2.0,1.7320508075688772,-3.0,1.0,4.0,-1.0,1.4142135623730951,1.1e-05,7.1e-05,6.000000000000001e-05,5.1000000000000006e-05,2.8284271247461906e-05,2.5,42.0,39.5,14.275,16.082035785310268,2.4,55.0,52.6,19.35,20.81507866908026,0.216,294.0,293.784,73.899,127.07551893657566,3.3,20.0,16.7,8.866666666666665,7.872455497210229,0.3,3.0,2.7,1.075,1.1143944544011335,628.0,970.0,0.0,706.0,0.0,4.77e-08,4.17e-07,3.693e-07,1.601e-07,1.519009051980929e-07,37.0,51.0,14.0,44.0,7.0,9.0,88.0,79.0,48.5,39.5,85.4678,121.76,36.29220000000001,103.6139,18.146100000000004,312.46,903.78,591.3199999999999,608.12,295.66,1.0,15.0,14.0,8.0,7.0,5.0,5.0,0.0,5.0,0.0,1.45,2.35,0.9000000000000001,1.9,0.45,0.82,2.05,1.23,1.4349999999999998,0.615,961.0,1860.0,899.0,1410.5,449.5,1532.0,6697.0,5165.0,4114.5,2582.5,18.19,55.76,37.56999999999999,36.975,18.785,24.0,58.0,34.0,41.0,17.0,1.0,5.0,4.0,3.0,2.0,-3.0,1.0,4.0,-1.0,2.0,1.1e-05,1.1e-05,0.0,1.1e-05,0.0,2.5,42.0,39.5,22.25,19.75,2.4,55.0,52.6,28.7,26.3,0.216,294.0,293.784,147.108,146.892,20.0,20.0,0.0,20.0,0.0,0.3,3.0,2.7,1.65,1.35,628.0,970.0,0.0,716.75,0.0,1.28e-07,4.17e-07,2.89e-07,2.725e-07,1.445e-07,22.98976928,1.8,0.93,5.13907696,1.16,0.0,0.5,0.5,0.0,0.0,0.0,0.0,0.0,0.0,0.0,0.0,1.097277766551724
Na,Na0-1TiS2,TiS2,NaTiS2,mp-aaaaadey,11.0,22.0,11.0,16.25,3.897114317029974,11.0,94.0,83.0,62.5,34.528973341239094,22.98976928,47.867,24.87723072,33.746692319999994,8.954756562640938,370.87,1941.0,1570.13,772.1475,674.8750790099973,1.0,16.0,15.0,9.25,6.832825184358224,3.0,4.0,1.0,3.25,0.4330127018922193,1.0,1.8,0.8,1.3,0.3316624790355399,0.93,2.58,1.65,1.9075,0.7062356193226168,717.87,3560.0,2842.13,1537.935,1181.0624895512517,968.0,4507.0,3539.0,2348.75,1310.2258154608312,10.64,23.78,13.14,16.37,4.721022135088969,0.205,140.0,139.795,40.6025,58.07286807322332,1.0,6.0,5.0,4.25,2.0463381929681126,-2.0,-1.0,1.0,-1.5,0.5,8.6e-06,7.1e-05,6.24e-05,3.9800000000000005e-05,3.12e-05,6.3,110.0,103.7,32.925,44.502942318458,10.0,116.0,106.0,63.0,53.0,0.69,716.0,715.31,358.345,357.65500000000003,3.3,44.0,40.7,23.65,20.35,0.5,6.0,5.5,2.625,2.042516829796024,970.0,970.0,0.0,970.0,0.0,4.77e-08,2000000000000000.0,2000000000000000.0,1000000000000000.0,1000000000000000.0,16.0,22.0,6.0,18.0,2.8284271247461903,51.0,94.0,43.0,79.66666666666666,20.270394394014364,32.065,47.867,15.802,37.33233333333333,7.449134237539883,388.36,1941.0,1552.64,905.9066666666666,731.9215151609874,4.0,16.0,12.0,12.0,5.656854249492381,3.0,4.0,1.0,3.333333333333333,0.4714045207910317,1.0,1.4,0.3999999999999999,1.1333333333333333,0.1885618083164126,1.54,2.58,1.04,2.2333333333333334,0.4902607016226729,717.87,3560.0,2842.13,1665.2466666666664,1339.792930675815,1960.0,4507.0,2547.0,2809.0,1200.6673144547576,10.64,15.53,4.889999999999999,13.9,2.305168106668144,0.205,22.0,21.795,7.47,10.274261530640535,4.0,6.0,2.0,5.333333333333333,0.9428090415820634,-2.0,-1.0,1.0,-1.6666666666666663,0.4714045207910317,8.6e-06,8.6e-06,0.0,8.6e-06,0.0,7.7,110.0,102.3,41.8,48.22468247692254,116.0,116.0,0.0,116.0,0.0,716.0,716.0,0.0,716.0,0.0,44.0,44.0,0.0,44.0,0.0,2.0,6.0,4.0,3.333333333333333,1.8856180831641267,970.0,970.0,0.0,970.0,0.0,4.2e-07,2000000000000000.0,2000000000000000.0,1333333333333333.2,942809041582063.4,22.98976928,1.8,0.93,5.13907696,1.16,0.0,0.25,0.25,0.0,0.0,0.0,0.0,0.0,0.0,0.0,0.0,1.5374763665517222
Na,Na0-1VS2,VS2,NaVS2,mp-aaaddbxb,11.0,23.0,12.0,16.5,4.272001872658765,11.0,94.0,83.0,63.25,34.30287888793009,22.98976928,50.9415,27.95173072,34.515317319999994,10.18167281192614,370.87,2183.0,1812.13,832.6475,779.659075986902,1.0,16.0,15.0,9.5,6.652067347825035,3.0,4.0,1.0,3.25,0.4330127018922193,1.0,1.8,0.8,1.2875,0.3285859857023729,0.93,2.58,1.65,1.93,0.6955213871621777,717.87,3680.0,2962.13,1567.935,1232.4497978518232,968.0,6110.0,5142.0,2749.5,1982.0017028246973,8.32,23.78,15.46,15.79,5.472115678601834,0.205,140.0,139.795,42.8525,57.47985957054871,1.0,6.0,5.0,4.5,2.0615528128088303,-2.0,-1.0,1.0,-1.5,0.5,8.4e-06,7.1e-05,6.26e-05,3.97e-05,3.13e-05,6.3,160.0,153.7,45.425,66.1523761855914,10.0,128.0,118.0,69.0,59.0,0.69,628.0,627.31,314.345,313.65500000000003,3.3,47.0,43.7,25.15,21.85,0.5,7.0,6.5,2.875,2.45903944661325,628.0,628.0,0.0,628.0,0.0,4.77e-08,2000000000000000.0,2000000000000000.0,1000000000000000.0,1000000000000000.0,16.0,23.0,7.0,18.33333333333333,3.2998316455372216,54.0,94.0,40.0,80.66666666666666,18.856180831641268,32.065,50.9415,18.8765,38.35716666666666,8.89846743671191,388.36,2183.0,1794.64,986.5733333333332,846.0014091924171,5.0,16.0,11.0,12.333333333333332,5.185449728701348,3.0,4.0,1.0,3.333333333333333,0.4714045207910317,1.0,1.35,0.3500000000000001,1.1166666666666667,0.1649915822768611,1.63,2.58,0.9500000000000002,2.263333333333333,0.4478342947514802,717.87,3680.0,2962.13,1705.2466666666664,1396.3614731707387,1960.0,6110.0,4150.0,3343.333333333333,1956.3287612827812,8.32,15.53,7.209999999999999,13.126666666666663,3.398826594903338,0.205,31.0,30.795,10.47,14.51690221775982,5.0,6.0,1.0,5.666666666666666,0.4714045207910317,-2.0,-1.0,1.0,-1.6666666666666663,0.4714045207910317,8.4e-06,8.4e-06,0.0,8.4e-06,0.0,7.7,160.0,152.3,58.46666666666666,71.79490851647412,128.0,128.0,0.0,128.0,0.0,628.0,628.0,0.0,628.0,0.0,47.0,47.0,0.0,47.0,0.0,2.0,7.0,5.0,3.666666666666666,2.3570226039551585,628.0,628.0,0.0,628.0,0.0,1.97e-07,2000000000000000.0,2000000000000000.0,1333333333333333.2,942809041582063.4,22.98976928,1.8,0.93,5.13907696,1.16,0.0,0.25,0.25,0.0,0.0,0.0,0.0,0.0,0.0,0.0,0.0,1.453812266551722
Na,Na0-0.5V3S4,V3S4,Na(V3S4)2,mp-aaaaabet,11.0,23.0,12.0,18.46666666666667,3.896437118987322,11.0,94.0,83.0,72.46666666666667,25.21075608192309,22.98976928,50.9415,27.95173072,39.01058461866667,9.988914324374283,370.87,2183.0,1812.13,1105.05,880.1527873500146,1.0,16.0,15.0,10.6,5.851495535331118,3.0,4.0,1.0,3.4000000000000004,0.4898979485566356,1.0,1.8,0.8,1.1933333333333334,0.2329997615640172,0.93,2.58,1.65,2.09,0.5499090833947008,717.87,3680.0,2962.13,1931.9306666666664,1431.272002639455,968.0,6110.0,5142.0,3553.866666666667,2100.998171240412,8.32,23.78,15.46,13.196,4.459101254737327,0.205,140.0,139.795,21.842666666666663,34.84231612405939,1.0,6.0,5.0,5.266666666666668,1.2364824660660938,-2.0,-1.0,1.0,-1.5333333333333332,0.4988876515698588,8.4e-06,7.1e-05,6.26e-05,1.7342857142857143e-05,2.190543684260385e-05,6.3,160.0,153.7,68.52666666666667,74.68844146779935,10.0,128.0,118.0,111.14285714285715,41.29139852120215,0.69,628.0,627.31,538.3842857142857,219.51277293504504,3.3,47.0,43.7,40.75714285714286,15.29181453708927,0.5,7.0,6.5,3.9,2.5573423705088847,628.0,628.0,0.0,628.0,0.0,4.77e-08,2000000000000000.0,2000000000000000.0,1066666666666666.6,997775303139717.8,16.0,23.0,7.0,19.0,3.4641016151377544,54.0,94.0,40.0,76.85714285714285,19.79486637221574,32.065,50.9415,18.8765,40.15492857142857,9.34144487687826,388.36,2183.0,1794.64,1157.4914285714283,888.1164746558314,5.0,16.0,11.0,11.285714285714285,5.443588252359328,3.0,4.0,1.0,3.4285714285714284,0.4948716593053935,1.0,1.35,0.3500000000000001,1.15,0.1732050807568877,1.63,2.58,0.9500000000000002,2.1728571428571426,0.4701280763401239,717.87,3680.0,2962.13,1987.3542857142857,1465.8741881782853,1960.0,6110.0,4150.0,3738.571428571429,2053.717386117383,8.32,15.53,7.209999999999999,12.44,3.568024663591886,0.205,31.0,30.795,13.402857142857142,15.239572748309593,5.0,6.0,1.0,5.571428571428571,0.4948716593053935,-2.0,-1.0,1.0,-1.5714285714285714,0.4948716593053935,8.4e-06,8.4e-06,0.0,8.4e-06,0.0,7.7,160.0,152.3,72.97142857142858,75.36895371221144,128.0,128.0,0.0,128.0,0.0,628.0,628.0,0.0,628.0,0.0,47.0,47.0,0.0,47.0,0.0,2.0,7.0,5.0,4.142857142857142,2.4743582965269675,628.0,628.0,0.0,628.0,0.0,1.97e-07,2000000000000000.0,2000000000000000.0,1142857142857142.8,989743318610787.0,22.98976928,1.8,0.93,5.13907696,1.16,0.0,0.066666666666666,0.066666666666666,0.0,0.0,0.0,0.0,0.0,0.0,0.0,0.0,0.999151806551726
Na,Na0-1VS2,VS2,NaVS2,mp-aaacfrhu,11.0,23.0,12.0,16.5,4.272001872658765,11.0,94.0,83.0,63.25,34.30287888793009,22.98976928,50.9415,27.95173072,34.515317319999994,10.18167281192614,370.87,2183.0,1812.13,832.6475,779.659075986902,1.0,16.0,15.0,9.5,6.652067347825035,3.0,4.0,1.0,3.25,0.4330127018922193,1.0,1.8,0.8,1.2875,0.3285859857023729,0.93,2.58,1.65,1.93,0.6955213871621777,717.87,3680.0,2962.13,1567.935,1232.4497978518232,968.0,6110.0,5142.0,2749.5,1982.0017028246973,8.32,23.78,15.46,15.79,5.472115678601834,0.205,140.0,139.795,42.8525,57.47985957054871,1.0,6.0,5.0,4.5,2.0615528128088303,-2.0,-1.0,1.0,-1.5,0.5,8.4e-06,7.1e-05,6.26e-05,3.97e-05,3.13e-05,6.3,160.0,153.7,45.425,66.1523761855914,10.0,128.0,118.0,69.0,59.0,0.69,628.0,627.31,314.345,313.65500000000003,3.3,47.0,43.7,25.15,21.85,0.5,7.0,6.5,2.875,2.45903944661325,628.0,628.0,0.0,628.0,0.0,4.77e-08,2000000000000000.0,2000000000000000.0,1000000000000000.0,1000000000000000.0,16.0,23.0,7.0,18.33333333333333,3.2998316455372216,54.0,94.0,40.0,80.66666666666666,18.856180831641268,32.065,50.9415,18.8765,38.35716666666666,8.89846743671191,388.36,2183.0,1794.64,986.5733333333332,846.0014091924171,5.0,16.0,11.0,12.333333333333332,5.185449728701348,3.0,4.0,1.0,3.333333333333333,0.4714045207910317,1.0,1.35,0.3500000000000001,1.1166666666666667,0.1649915822768611,1.63,2.58,0.9500000000000002,2.263333333333333,0.4478342947514802,717.87,3680.0,2962.13,1705.2466666666664,1396.3614731707387,1960.0,6110.0,4150.0,3343.333333333333,1956.3287612827812,8.32,15.53,7.209999999999999,13.126666666666663,3.398826594903338,0.205,31.0,30.795,10.47,14.51690221775982,5.0,6.0,1.0,5.666666666666666,0.4714045207910317,-2.0,-1.0,1.0,-1.6666666666666663,0.4714045207910317,8.4e-06,8.4e-06,0.0,8.4e-06,0.0,7.7,160.0,152.3,58.46666666666666,71.79490851647412,128.0,128.0,0.0,128.0,0.0,628.0,628.0,0.0,628.0,0.0,47.0,47.0,0.0,47.0,0.0,2.0,7.0,5.0,3.666666666666666,2.3570226039551585,628.0,628.0,0.0,628.0,0.0,1.97e-07,2000000000000000.0,2000000000000000.0,1333333333333333.2,942809041582063.4,22.98976928,1.8,0.93,5.13907696,1.16,0.0,0.25,0.25,0.0,0.0,0.0,0.0,0.0,0.0,0.0,0.0,1.517373236551727
Na,Na0-1VS2,VS2,NaVS2,mp-aaaaaodt,11.0,23.0,12.0,16.5,4.272001872658765,11.0,94.0,83.0,63.25,34.30287888793009,22.98976928,50.9415,27.95173072,34.515317319999994,10.18167281192614,370.87,2183.0,1812.13,832.6475,779.659075986902,1.0,16.0,15.0,9.5,6.652067347825035,3.0,4.0,1.0,3.25,0.4330127018922193,1.0,1.8,0.8,1.2875,0.3285859857023729,0.93,2.58,1.65,1.93,0.6955213871621777,717.87,3680.0,2962.13,1567.935,1232.4497978518232,968.0,6110.0,5142.0,2749.5,1982.0017028246973,8.32,23.78,15.46,15.79,5.472115678601834,0.205,140.0,139.795,42.8525,57.47985957054871,1.0,6.0,5.0,4.5,2.0615528128088303,-2.0,-1.0,1.0,-1.5,0.5,8.4e-06,7.1e-05,6.26e-05,3.97e-05,3.13e-05,6.3,160.0,153.7,45.425,66.1523761855914,10.0,128.0,118.0,69.0,59.0,0.69,628.0,627.31,314.345,313.65500000000003,3.3,47.0,43.7,25.15,21.85,0.5,7.0,6.5,2.875,2.45903944661325,628.0,628.0,0.0,628.0,0.0,4.77e-08,2000000000000000.0,2000000000000000.0,1000000000000000.0,1000000000000000.0,16.0,23.0,7.0,18.33333333333333,3.2998316455372216,54.0,94.0,40.0,80.66666666666666,18.856180831641268,32.065,50.9415,18.8765,38.35716666666666,8.89846743671191,388.36,2183.0,1794.64,986.5733333333332,846.0014091924171,5.0,16.0,11.0,12.333333333333332,5.185449728701348,3.0,4.0,1.0,3.333333333333333,0.4714045207910317,1.0,1.35,0.3500000000000001,1.1166666666666667,0.1649915822768611,1.63,2.58,0.9500000000000002,2.263333333333333,0.4478342947514802,717.87,3680.0,2962.13,1705.2466666666664,1396.3614731707387,1960.0,6110.0,4150.0,3343.333333333333,1956.3287612827812,8.32,15.53,7.209999999999999,13.126666666666663,3.398826594903338,0.205,31.0,30.795,10.47,14.51690221775982,5.0,6.0,1.0,5.666666666666666,0.4714045207910317,-2.0,-1.0,1.0,-1.6666666666666663,0.4714045207910317,8.4e-06,8.4e-06,0.0,8.4e-06,0.0,7.7,160.0,152.3,58.46666666666666,71.79490851647412,128.0,128.0,0.0,128.0,0.0,628.0,628.0,0.0,628.0,0.0,47.0,47.0,0.0,47.0,0.0,2.0,7.0,5.0,3.666666666666666,2.3570226039551585,628.0,628.0,0.0,628.0,0.0,1.97e-07,2000000000000000.0,2000000000000000.0,1333333333333333.2,942809041582063.4,22.98976928,1.8,0.93,5.13907696,1.16,0.0,0.25,0.25,0.0,0.0,0.0,0.0,0.0,0.0,0.0,0.0,1.484588206551727
Na,Na0-3Sb,Sb,Na3Sb,mp-aaaaaadc,11.0,51.0,40.0,21.0,17.320508075688775,11.0,88.0,77.0,30.25,33.34197804570089,22.98976928,121.76,98.77023072,47.68232696,42.76876447058508,370.87,903.78,532.91,504.0975,230.7567989653826,1.0,15.0,14.0,4.5,6.06217782649107,3.0,5.0,2.0,3.5,0.8660254037844386,1.45,1.8,0.3500000000000001,1.7125,0.1515544456622768,0.93,2.05,1.1199999999999997,1.21,0.4849742261192855,1156.0,1860.0,704.0,1332.0,304.8409421321224,968.0,6697.0,5729.0,2400.25,2480.7297691405247,18.19,23.78,5.59,22.3825,2.420541003577506,24.0,140.0,116.0,111.0,50.22947341949744,1.0,5.0,4.0,2.0,1.7320508075688772,-3.0,-1.0,2.0,-1.5,0.8660254037844386,1.1e-05,7.1e-05,6.000000000000001e-05,5.6000000000000006e-05,2.598076211353316e-05,6.3,42.0,35.7,15.225,15.45855345755223,10.0,55.0,45.0,21.25,19.48557158514987,0.69,294.0,293.31,74.0175,127.00695559200686,3.3,20.0,16.7,7.475,7.231312121600063,0.5,3.0,2.5,1.125,1.0825317547305484,628.0,970.0,0.0,706.0,0.0,4.77e-08,4.17e-07,3.693e-07,1.4002499999999998e-07,1.599115908087966e-07,51.0,51.0,0.0,51.0,0.0,88.0,88.0,0.0,88.0,0.0,121.76,121.76,0.0,121.76,0.0,903.78,903.78,0.0,903.78,0.0,15.0,15.0,0.0,15.0,0.0,5.0,5.0,0.0,5.0,0.0,1.45,1.45,0.0,1.45,0.0,2.05,2.05,0.0,2.05,0.0,1860.0,1860.0,0.0,1860.0,0.0,6697.0,6697.0,0.0,6697.0,0.0,18.19,18.19,0.0,18.19,0.0,24.0,24.0,0.0,24.0,0.0,5.0,5.0,0.0,5.0,0.0,-3.0,-3.0,0.0,-3.0,0.0,1.1e-05,1.1e-05,0.0,1.1e-05,0.0,42.0,42.0,0.0,42.0,0.0,55.0,55.0,0.0,55.0,0.0,294.0,294.0,0.0,294.0,0.0,20.0,20.0,0.0,20.0,0.0,3.0,3.0,0.0,3.0,0.0,628.0,970.0,0.0,716.75,0.0,4.17e-07,4.17e-07,0.0,4.17e-07,0.0,22.98976928,1.8,0.93,5.13907696,1.16,0.0,0.75,0.75,0.0,0.0,0.0,0.0,0.0,0.0,0.0,0.0,0.731773513218391
Na,Na0-0.5Ti3Se4,Ti3Se4,Na(Ti3Se4)2,mp-aaaaanqx,11.0,34.0,23.0,27.666666666666664,7.263301973314586,11.0,93.0,82.0,70.73333333333333,25.65272348547464,22.98976928,78.96,55.97023071999999,62.79145128533332,18.279287199399203,370.87,1941.0,1570.13,1064.5913333333333,716.2121637137668,1.0,16.0,15.0,10.2,6.241794613730894,3.0,4.0,1.0,3.9333333333333336,0.2494438257849294,1.15,1.8,0.6500000000000001,1.2933333333333332,0.1806162291219209,0.93,2.55,1.6199999999999997,2.0380000000000003,0.5664415239016292,958.0,3560.0,2602.0,2012.0,1264.855406756045,968.0,4819.0,3851.0,4437.466666666667,939.175160564962,10.64,23.78,13.14,14.598666666666666,3.695593532242901,0.52,140.0,139.48,18.410666666666668,34.080173604148335,1.0,6.0,5.0,4.866666666666667,1.4079141387961918,-2.0,-1.0,1.0,-1.5333333333333332,0.4988876515698588,8.6e-06,7.1e-05,6.24e-05,1.7514285714285715e-05,2.1835451421381477e-05,6.3,110.0,103.7,48.84666666666667,49.93386114540802,10.0,116.0,106.0,52.400000000000006,51.92918254700337,0.69,736.0,735.31,678.9793333333333,181.532448833688,3.3,44.0,40.7,19.793333333333333,19.764900426991503,0.5,6.0,5.5,3.5,2.073644135332772,970.0,970.0,0.0,970.0,0.0,4.77e-08,4.2e-07,3.723e-07,3.668142857142858e-07,1.3027786160545388e-07,22.0,34.0,12.0,28.85714285714285,5.938459911664721,51.0,93.0,42.0,75.0,20.784609690826528,47.867,78.96,31.093,65.63442857142857,15.3870445027826,494.0,1941.0,1447.0,1114.142857142857,716.0792910149045,4.0,16.0,12.0,10.857142857142856,5.938459911664721,4.0,4.0,0.0,4.0,0.0,1.15,1.4,0.25,1.2571428571428571,0.1237179148263483,1.54,2.55,1.0099999999999998,2.117142857142857,0.4998203758984473,958.0,3560.0,2602.0,2073.142857142857,1287.656057512634,4507.0,4819.0,312.0,4685.285714285714,154.39995770328278,10.64,16.42,5.780000000000001,13.942857142857145,2.860358190785175,0.52,22.0,21.48,9.725714285714286,10.629843241879852,4.0,6.0,2.0,5.142857142857142,0.989743318610787,-2.0,-1.0,1.0,-1.5714285714285714,0.4948716593053935,8.6e-06,8.6e-06,0.0,8.6e-06,0.0,8.3,110.0,101.7,51.88571428571428,50.32844775135851,10.0,116.0,106.0,55.42857142857142,52.45639588637172,716.0,736.0,20.0,727.4285714285713,9.89743318610787,3.7,44.0,40.3,20.97142857142857,19.94332787000736,2.0,6.0,4.0,3.714285714285714,1.979486637221574,970.0,970.0,0.0,970.0,0.0,4.2e-07,4.2e-07,0.0,4.2e-07,0.0,22.98976928,1.8,0.93,5.13907696,1.16,0.0,0.066666666666666,0.066666666666666,0.0,0.0,0.0,0.0,0.0,0.0,0.0,0.0,0.644184976551731
Na,Na0-1ScSn,ScSn,NaScSn,mp-aaacflsl,11.0,50.0,39.0,27.33333333333333,16.539514973407037,11.0,83.0,72.0,37.66666666666666,32.221455929585524,22.98976928,118.71,95.72023072,62.218560426666656,40.93971108267644,370.87,1814.0,1443.13,896.65,650.9743199748102,1.0,14.0,13.0,5.999999999999999,5.715476066494081,3.0,5.0,2.0,4.0,0.816496580927726,1.45,1.8,0.3500000000000001,1.6166666666666667,0.1433720877840438,0.93,1.96,1.0299999999999998,1.4166666666666667,0.4224005471376927,1156.0,3103.0,1947.0,2378.0,869.0834252245293,968.0,7310.0,6342.0,3754.333333333333,2645.643756987869,15.0,23.78,8.780000000000001,18.356666666666666,3.8708684067302297,16.0,140.0,124.0,74.33333333333333,50.88767587103537,1.0,4.0,3.0,2.6666666666666665,1.247219128924647,-4.0,1.0,5.0,-1.3333333333333333,2.054804667656325,1.02e-05,7.1e-05,6.08e-05,3.44e-05,2.6324639915232776e-05,6.3,58.0,51.7,40.43333333333334,24.139363887411967,10.0,74.0,64.0,44.66666666666666,26.398653164297773,0.69,750.0,749.31,267.23,341.9872597042176,3.3,29.0,25.7,16.766666666666666,10.528163288162956,0.5,1.5,1.0,1.0,0.5,628.0,970.0,0.0,706.0,0.0,4.77e-08,5.62e-07,5.143e-07,2.399e-07,2.2917479500736258e-07,21.0,50.0,29.0,35.5,14.5,19.0,83.0,64.0,51.0,32.0,44.955912,118.71,73.754088,81.832956,36.877044,505.08,1814.0,1308.92,1159.54,654.46,3.0,14.0,11.0,8.5,5.5,4.0,5.0,1.0,4.5,0.5,1.45,1.6,0.1500000000000001,1.525,0.075,1.36,1.96,0.5999999999999999,1.66,0.2999999999999999,2875.0,3103.0,228.0,2989.0,114.0,2985.0,7310.0,4325.0,5147.5,2162.5,15.0,16.29,1.2899999999999991,15.645,0.6449999999999996,16.0,67.0,51.0,41.5,25.5,3.0,4.0,1.0,3.5,0.5,-4.0,1.0,5.0,-1.5,2.5,1.02e-05,2.2e-05,1.18e-05,1.61e-05,5.899999999999999e-06,57.0,58.0,1.0,57.5,0.5,50.0,74.0,24.0,62.0,12.0,51.0,750.0,699.0,400.5,349.5,18.0,29.0,11.0,23.5,5.5,1.5,1.5,0.0,1.5,0.0,628.0,970.0,0.0,716.75,0.0,1.1e-07,5.62e-07,4.52e-07,3.36e-07,2.26e-07,22.98976928,1.8,0.93,5.13907696,1.16,0.0,0.333333333333333,0.333333333333333,0.0,0.0,0.0,0.0,0.0,0.0,0.0,0.0,0.7297572165517231
Na,Na0-3Sn,Sn,Na3Sn,mp-aaacgexp,11.0,50.0,39.0,20.75,16.887495373796554,11.0,83.0,72.0,29.0,31.176914536239792,22.98976928,118.71,95.72023072,46.91982696,41.448075729813816,370.87,505.08,134.20999999999998,404.4225,58.11463472095475,1.0,14.0,13.0,4.25,5.629165124598851,3.0,5.0,2.0,3.5,0.8660254037844386,1.45,1.8,0.3500000000000001,1.7125,0.1515544456622768,0.93,1.96,1.0299999999999998,1.1875,0.4460030829489859,1156.0,2875.0,1719.0,1585.75,744.3488345527251,968.0,7310.0,6342.0,2553.5,2746.166555400455,16.29,23.78,7.490000000000002,21.9075,3.2432651371727235,67.0,140.0,73.0,121.75,31.60992723813201,1.0,4.0,3.0,1.75,1.299038105676658,-4.0,-1.0,3.0,-1.75,1.299038105676658,2.2e-05,7.1e-05,4.9000000000000005e-05,5.8750000000000005e-05,2.121762239271875e-05,6.3,58.0,51.7,19.225,22.386756687827734,10.0,50.0,40.0,20.0,17.320508075688775,0.69,51.0,50.31,13.2675,21.784869032197555,3.3,18.0,14.7,6.975,6.365286717815624,0.5,1.5,1.0,0.75,0.4330127018922193,628.0,970.0,0.0,706.0,0.0,4.77e-08,1.1e-07,6.230000000000001e-08,6.3275e-08,2.6976691327885267e-08,50.0,50.0,0.0,50.0,0.0,83.0,83.0,0.0,83.0,0.0,118.71,118.71,0.0,118.71,0.0,505.08,505.08,0.0,505.08,0.0,14.0,14.0,0.0,14.0,0.0,5.0,5.0,0.0,5.0,0.0,1.45,1.45,0.0,1.45,0.0,1.96,1.96,0.0,1.96,0.0,2875.0,2875.0,0.0,2875.0,0.0,7310.0,7310.0,0.0,7310.0,0.0,16.29,16.29,0.0,16.29,0.0,67.0,67.0,0.0,67.0,0.0,4.0,4.0,0.0,4.0,0.0,-4.0,-4.0,0.0,-4.0,0.0,2.2e-05,2.2e-05,0.0,2.2e-05,0.0,58.0,58.0,0.0,58.0,0.0,50.0,50.0,0.0,50.0,0.0,51.0,51.0,0.0,51.0,0.0,18.0,18.0,0.0,18.0,0.0,1.5,1.5,0.0,1.5,0.0,628.0,970.0,0.0,716.75,0.0,1.1e-07,1.1e-07,0.0,1.1e-07,0.0,22.98976928,1.8,0.93,5.13907696,1.16,0.0,0.75,0.75,0.0,0.0,0.0,0.0,0.0,0.0,0.0,0.0,0.191626119885057
Na,Na4-6V2C4SO16,Na4V2C4SO16,Na6V2C4SO16,mp-aaabwkwp,6.0,23.0,17.0,9.655172413793103,4.171131179320674,11.0,101.0,90.0,78.06896551724138,36.18051584093367,12.0107,50.9415,38.9308,19.859303988965515,9.51363411771664,54.8,3800.0,3745.2,795.0475862068968,1312.8568244721655,1.0,16.0,15.0,11.862068965517242,6.19078368350352,2.0,4.0,2.0,2.3793103448275863,0.6110360395403224,0.6,1.8,1.2000000000000002,0.9275862068965516,0.4861151784364504,0.93,3.44,2.51,2.643448275862069,1.0147269918624755,90.2,4300.0,4209.8,1160.588620689655,1560.7946420968062,968.0,6110.0,5142.0,2235.076923076924,1748.465369382246,5.29,23.78,18.49,16.336896551724138,5.7729291575649855,0.02658,140.0,139.97342,50.43552689655172,65.4305434588495,1.0,6.0,5.0,2.413793103448276,1.3265782111497475,-4.0,-1.0,3.0,-2.0,0.909717652294684,7.1e-06,7.1e-05,6.390000000000001e-05,3.926666666666667e-05,3.173629187889194e-05,6.3,160.0,153.7,38.26923076923077,53.21544577130828,10.0,128.0,118.0,39.5,51.09549882328188,0.69,628.0,627.31,157.5175,271.6331980240081,3.3,47.0,43.7,14.225,18.922655072689984,0.5,7.0,6.5,1.6153846153846154,2.330020189363225,628.0,628.0,0.0,628.0,0.0,4.77e-08,2000000000000000.0,2000000000000000.0,153846153846153.84,532938710021193.06,6.0,23.0,17.0,9.555555555555554,4.306182750016911,11.0,101.0,90.0,83.03703703703704,32.374522998323826,12.0107,50.9415,38.9308,19.62741767111111,9.82007833496688,54.8,3800.0,3745.2,826.4681481481482,1355.3418204878196,1.0,16.0,15.0,12.666666666666666,5.6371781750959205,2.0,4.0,2.0,2.333333333333333,0.6085806194501846,0.6,1.8,1.2000000000000002,0.8629629629629629,0.4396110639157604,0.93,3.44,2.51,2.7703703703703697,0.9340016713502431,90.2,4300.0,4209.8,1160.9285185185183,1617.568732284496,968.0,6110.0,5142.0,2465.454545454545,1807.7591534894227,5.29,23.78,18.49,15.785555555555554,5.602471897120475,0.02658,140.0,139.97342,43.80112148148148,62.92897841776163,1.0,6.0,5.0,2.5185185185185186,1.3157273828393783,-4.0,-1.0,3.0,-2.074074074074074,0.899626503814157,7.1e-06,7.1e-05,6.390000000000001e-05,3.292e-05,3.10958132230048e-05,6.3,160.0,153.7,44.081818181818186,55.92102902847287,10.0,128.0,118.0,49.33333333333333,55.62573345334173,0.69,628.0,627.31,209.7933333333333,295.7167699374221,3.3,47.0,43.7,17.866666666666667,20.600377558568084,0.5,7.0,6.5,1.8181818181818183,2.4796693994519736,628.0,628.0,0.0,628.0,0.0,4.77e-08,2000000000000000.0,2000000000000000.0,181818181818181.8,574959574576069.0,22.98976928,1.8,0.93,5.13907696,1.16,0.148148148148148,0.206896551724137,0.058748403575989,0.0,0.0,0.0,0.0,0.0,0.0,0.0,0.0,2.300817919051727
Na,Na4-6Sn2C4SO16,Na4Sn2C4SO16,Na6Sn2C4SO16,mp-aaabrspa,6.0,50.0,44.0,11.517241379310343,10.672622693069991,11.0,101.0,90.0,80.06896551724138,35.59148584208148,12.0107,118.71,106.6993,24.53299364413793,25.998689821663984,54.8,3800.0,3745.2,679.3289655172414,1258.230882073071,1.0,16.0,15.0,12.482758620689657,5.916783199044447,2.0,5.0,3.0,2.4482758620689653,0.8130914567276963,0.6,1.8,1.2000000000000002,0.9344827586206896,0.4927235092821191,0.93,3.44,2.51,2.666206896551724,0.995255689874868,90.2,4300.0,4209.8,1105.0713793103448,1482.547668933504,968.0,7310.0,6342.0,2419.692307692308,2162.250586225643,5.29,23.78,18.49,16.88655172413793,5.347175390906654,0.02658,140.0,139.97342,52.91828551724138,65.32888942417813,1.0,6.0,5.0,2.3448275862068964,1.2113219358793308,-4.0,-1.0,3.0,-2.206896551724138,0.9958295915995622,7.1e-06,7.1e-05,6.390000000000001e-05,4.153333333333333e-05,2.9882306173088825e-05,6.3,58.0,51.7,22.57692307692308,19.12530156006209,10.0,50.0,40.0,20.0,17.320508075688775,0.69,51.0,50.31,13.2675,21.784869032197555,3.3,18.0,14.7,6.975,6.365286717815624,0.5,2.0,1.5,0.7692307692307693,0.5044183480232308,628.0,970.0,0.0,706.0,0.0,4.77e-08,2000000000000000.0,2000000000000000.0,153846153846153.84,532938710021193.06,6.0,50.0,44.0,11.555555555555554,11.05988190055938,11.0,101.0,90.0,85.18518518518518,31.32155456744224,12.0107,118.71,106.6993,24.64730656,26.940887552414544,54.8,3800.0,3745.2,702.1777777777778,1301.093755221561,1.0,16.0,15.0,13.333333333333332,5.206833117271103,2.0,5.0,3.0,2.4074074074074074,0.8281733249999221,0.6,1.8,1.2000000000000002,0.8703703703703703,0.4485076611219122,0.93,3.44,2.51,2.7948148148148144,0.9077867687724352,90.2,4300.0,4209.8,1101.2988888888888,1536.4088530999652,968.0,7310.0,6342.0,2683.6363636363635,2252.2333672370337,5.29,23.78,18.49,16.375925925925927,5.189366092207937,0.02658,140.0,139.97342,46.46778814814815,63.09257139862635,1.0,6.0,5.0,2.444444444444444,1.1967032904743342,-4.0,-1.0,3.0,-2.2962962962962963,0.9742923287382153,7.1e-06,7.1e-05,6.390000000000001e-05,3.5640000000000004e-05,2.937948944416836e-05,6.3,58.0,51.7,25.536363636363635,19.37403476667924,10.0,50.0,40.0,23.33333333333333,18.856180831641268,0.69,51.0,50.31,17.46,23.716361440996803,3.3,18.0,14.7,8.2,6.929646455628165,0.5,2.0,1.5,0.8181818181818181,0.5339700056577605,628.0,970.0,0.0,716.75,0.0,4.77e-08,2000000000000000.0,2000000000000000.0,181818181818181.8,574959574576069.0,22.98976928,1.8,0.93,5.13907696,1.16,0.148148148148148,0.206896551724137,0.058748403575989,0.0,0.0,0.0,0.0,0.0,0.0,0.0,0.0,2.800981544051726
Na,Na1-2VCSO7,NaVCSO7,Na2VCSO7,mp-aaabryhj,6.0,23.0,17.0,10.25,4.566636252940086,11.0,101.0,90.0,81.0,33.781158456551886,12.0107,50.9415,38.9308,21.082711546666665,10.338493738757109,54.8,3800.0,3745.2,624.725,1116.8798419369025,1.0,16.0,15.0,12.416666666666668,5.922532303743804,2.0,4.0,2.0,2.416666666666667,0.6400954789890507,0.6,1.8,1.2000000000000002,0.9041666666666668,0.4566446162559628,0.93,3.44,2.51,2.725,0.9692479902825006,90.2,4300.0,4209.8,970.1058333333332,1413.744958213576,968.0,6110.0,5142.0,2454.6,1900.6173312900207,5.29,23.78,18.49,16.51833333333333,5.038909990155499,0.02658,140.0,139.97342,37.61592166666666,59.7087069421769,1.0,6.0,5.0,2.583333333333333,1.4976833963009524,-4.0,-1.0,3.0,-1.9166666666666663,0.7592027982620249,7.1e-06,7.1e-05,6.390000000000001e-05,3.9375e-05,3.162833974460247e-05,6.3,160.0,153.7,42.66,59.54543139486018,10.0,128.0,118.0,49.33333333333333,55.62573345334173,0.69,628.0,627.31,209.7933333333333,295.7167699374221,3.3,47.0,43.7,17.866666666666667,20.600377558568084,0.5,7.0,6.5,2.1,2.517935662402835,628.0,628.0,0.0,628.0,0.0,4.77e-08,2000000000000000.0,2000000000000000.0,400000000000000.0,800000000000000.0,6.0,23.0,17.0,10.181818181818182,4.763844547845055,11.0,101.0,90.0,87.36363636363636,27.549204665215843,12.0107,50.9415,38.9308,20.90934266181818,10.781490619512528,54.8,3800.0,3745.2,647.8027272727272,1163.8004444068806,1.0,16.0,15.0,13.454545454545457,5.033770254511683,2.0,4.0,2.0,2.3636363636363638,0.642824346533225,0.6,1.8,1.2000000000000002,0.8227272727272728,0.3845680199697722,0.93,3.44,2.51,2.888181818181818,0.8398248538379695,90.2,4300.0,4209.8,953.2063636363636,1475.4475292865163,968.0,6110.0,5142.0,2826.25,1955.713217089868,5.29,23.78,18.49,15.85818181818182,4.740174178199513,0.02658,140.0,139.97342,28.308278181818185,53.38207242533733,1.0,6.0,5.0,2.7272727272727275,1.4826824027545538,-4.0,-1.0,3.0,-2.0,0.7385489458759964,7.1e-06,7.1e-05,6.390000000000001e-05,2.8833333333333337e-05,2.9821058927468626e-05,6.3,160.0,153.7,51.75,63.3950510686757,10.0,128.0,118.0,69.0,59.0,0.69,628.0,627.31,314.345,313.65500000000003,3.3,47.0,43.7,25.15,21.85,0.5,7.0,6.5,2.5,2.669269563007828,628.0,628.0,0.0,628.0,0.0,4.77e-08,2000000000000000.0,2000000000000000.0,500000000000000.0,866025403784438.8,22.98976928,1.8,0.93,5.13907696,1.16,0.09090909090909,0.166666666666666,0.075757575757576,0.0,0.0,0.0,0.0,0.0,0.0,0.0,0.0,2.888922099051729
Na,Na1-3SiSbCO7,NaSiSbCO7,Na3SiSbCO7,mp-aaabryxf,6.0,51.0,45.0,12.307692307692308,11.35026001318313,11.0,101.0,90.0,77.53846153846153,36.800115770335005,12.0107,121.76,109.7493,26.37086983384615,27.86714058443599,54.8,3800.0,3745.2,606.6915384615385,1028.4967425313669,1.0,16.0,15.0,12.153846153846152,6.149998797325134,2.0,5.0,3.0,2.5384615384615383,0.8426500884694863,0.6,1.8,1.2000000000000002,0.9884615384615384,0.506934165864474,0.93,3.44,2.51,2.566923076923077,1.0409565469049986,90.2,4300.0,4209.8,1033.2615384615383,1306.9137747665511,968.0,6697.0,5729.0,2366.333333333333,2026.1568437698884,5.29,23.78,18.49,17.56923076923077,4.784139600385458,0.02658,150.0,149.97342,56.475850769230775,67.94354137192782,1.0,5.0,4.0,2.3076923076923075,1.2015768732164085,-4.0,-1.0,3.0,-2.153846153846154,0.9483713850721502,2.6e-06,7.1e-05,6.840000000000001e-05,3.8950000000000005e-05,3.214175633035631e-05,6.3,100.0,93.7,32.31666666666666,33.431193849789786,10.0,55.0,45.0,26.4,20.244505427399307,0.69,294.0,293.31,74.0175,127.00695559200686,3.3,20.0,16.7,7.475,7.231312121600063,0.5,6.5,6.0,1.9166666666666663,2.243818669639377,628.0,970.0,0.0,706.0,0.0,4.77e-08,0.001,0.0009999523,0.0001684266833333,0.0003719083432699,6.0,51.0,45.0,12.545454545454549,12.324134757485458,11.0,101.0,90.0,89.63636363636363,25.478235729103545,12.0107,121.76,109.7493,26.98561538909091,30.25420647176836,54.8,3800.0,3745.2,649.5681818181819,1112.737250459573,1.0,16.0,15.0,14.181818181818182,4.238742991590825,2.0,5.0,3.0,2.4545454545454546,0.8907235428302466,0.6,1.8,1.2000000000000002,0.8409090909090908,0.4027282987879398,0.93,3.44,2.51,2.8645454545454543,0.8395492690763369,90.2,4300.0,4209.8,1010.9454545454544,1419.6254130538907,968.0,6697.0,5729.0,3065.5,2165.979051145232,5.29,23.78,18.49,16.439999999999998,4.3313844102193135,0.02658,150.0,149.97342,41.28964181818182,62.90167305858736,1.0,5.0,4.0,2.545454545454546,1.1570838237598051,-4.0,-1.0,3.0,-2.3636363636363638,0.8813963377120598,2.6e-06,7.1e-05,6.840000000000001e-05,2.2925e-05,2.7914814615182385e-05,6.3,100.0,93.7,45.325,34.18796389081982,10.0,55.0,45.0,37.333333333333336,19.601587237318878,0.69,294.0,293.31,147.345,146.655,3.3,20.0,16.7,11.65,8.350000000000001,0.5,6.5,6.0,2.625,2.45903944661325,628.0,970.0,0.0,716.75,0.0,4.77e-08,0.001,0.0009999523,0.000252616175,0.0004315206972665,22.98976928,1.8,0.93,5.13907696,1.16,0.09090909090909,0.23076923076923,0.13986013986014,0.0,0.0,0.0,0.0,0.0,0.0,0.0,0.0,2.374212109051729
Na,Na2-3SiSnCO7,Na2SiSnCO7,Na3SiSnCO7,mp-aaabrxrq,6.0,50.0,44.0,12.23076923076923,11.088135351001547,11.0,101.0,90.0,77.15384615384616,36.71479717172556,12.0107,118.71,106.6993,26.13625444923077,27.06434078216168,54.8,3800.0,3745.2,576.0223076923077,1025.1194178327478,1.0,16.0,15.0,12.076923076923077,6.120099778743411,2.0,5.0,3.0,2.5384615384615383,0.8426500884694863,0.6,1.8,1.2000000000000002,0.9884615384615384,0.506934165864474,0.93,3.44,2.51,2.56,1.0446640976520043,90.2,4300.0,4209.8,1111.3384615384614,1382.126649845454,968.0,7310.0,6342.0,2468.5,2245.529169260556,5.29,23.78,18.49,17.423076923076923,4.791958624155817,0.02658,150.0,149.97342,59.78354307692308,67.3258829235605,1.0,4.0,3.0,2.230769230769231,1.0490908997681427,-4.0,-1.0,3.0,-2.230769230769231,1.0490908997681427,2.6e-06,7.1e-05,6.840000000000001e-05,4.078333333333333e-05,3.078010269999472e-05,6.3,100.0,93.7,34.98333333333333,34.71087325640515,10.0,50.0,40.0,25.4,18.8849146145806,0.69,51.0,50.31,13.2675,21.784869032197555,3.3,18.0,14.7,6.975,6.365286717815624,0.5,6.5,6.0,1.6666666666666663,2.1921577396609844,628.0,970.0,0.0,706.0,0.0,4.77e-08,0.001,0.0009999523,0.0001683755166666,0.0003719314747031,6.0,50.0,44.0,12.333333333333332,11.534970981998852,11.0,101.0,90.0,82.66666666666667,32.637742296645186,12.0107,118.71,106.6993,26.398461546666667,28.15359012924343,54.8,3800.0,3745.2,593.1183333333333,1065.1961052691452,1.0,16.0,15.0,13.0,5.431390245600108,2.0,5.0,3.0,2.5,0.8660254037844386,0.6,1.8,1.2000000000000002,0.9208333333333334,0.4679112867010393,0.93,3.44,2.51,2.6958333333333337,0.9707768223896204,90.2,4300.0,4209.8,1107.6166666666663,1438.5004378595866,968.0,7310.0,6342.0,2768.6,2347.449986687682,5.29,23.78,18.49,16.893333333333334,4.60741491752395,0.02658,150.0,149.97342,53.098838333333326,65.7996741109465,1.0,4.0,3.0,2.333333333333333,1.0274023338281626,-4.0,-1.0,3.0,-2.333333333333333,1.0274023338281626,2.6e-06,7.1e-05,6.840000000000001e-05,3.474e-05,3.0294659595380835e-05,6.3,100.0,93.7,40.720000000000006,35.332104381143225,10.0,50.0,40.0,29.25,19.279198634798075,0.69,51.0,50.31,17.46,23.716361440996803,3.3,18.0,14.7,8.2,6.929646455628165,0.5,6.5,6.0,1.9,2.3323807579381204,628.0,970.0,0.0,716.75,0.0,4.77e-08,0.001,0.0009999523,0.00020204108,0.0003989980016523,22.98976928,1.8,0.93,5.13907696,1.16,0.166666666666666,0.23076923076923,0.064102564102564,0.0,0.0,0.0,0.0,0.0,0.0,0.0,0.0,1.06527300155172
Na,Na1-3VSiCO7,NaVSiCO7,Na3VSiCO7,mp-aaabryca,6.0,23.0,17.0,10.153846153846152,4.221668533542228,11.0,101.0,90.0,74.92307692307692,37.17000763324675,12.0107,50.9415,38.9308,20.92329291076923,9.664957730676392,54.8,3800.0,3745.2,705.093076923077,1110.1656750259922,1.0,16.0,15.0,11.384615384615383,6.367446795869193,2.0,4.0,2.0,2.4615384615384617,0.6343239424027171,0.6,1.8,1.2000000000000002,0.9807692307692308,0.5005913662622753,0.93,3.44,2.51,2.5346153846153845,1.0627874480644348,90.2,4300.0,4209.8,1173.2615384615383,1474.6899280544794,968.0,6110.0,5142.0,2268.5,1818.186252835501,5.29,23.78,18.49,16.81,5.372388095265816,0.02658,150.0,149.97342,57.01431230769231,67.71137357167999,1.0,5.0,4.0,2.3076923076923075,1.2015768732164085,-4.0,-1.0,3.0,-2.0,0.9607689228305228,2.6e-06,7.1e-05,6.840000000000001e-05,3.851666666666667e-05,3.253082726003478e-05,6.3,160.0,153.7,51.98333333333333,58.5867851045685,10.0,128.0,118.0,41.0,45.7995633166955,0.69,628.0,627.31,157.5175,271.6331980240081,3.3,47.0,43.7,14.225,18.922655072689984,0.5,7.0,6.5,2.583333333333333,2.949811670071309,628.0,628.0,0.0,628.0,0.0,4.77e-08,0.001,0.0009999523,0.0001683900166666,0.0003719249161136,6.0,23.0,17.0,10.0,4.572645941803379,11.0,101.0,90.0,86.54545454545453,27.47350338835133,12.0107,50.9415,38.9308,20.547569934545457,10.463159650942542,54.8,3800.0,3745.2,765.8609090909091,1196.89186813524,1.0,16.0,15.0,13.272727272727272,4.974314189201619,2.0,4.0,2.0,2.3636363636363638,0.642824346533225,0.6,1.8,1.2000000000000002,0.8318181818181818,0.3897975740821517,0.93,3.44,2.51,2.826363636363636,0.8840945314251569,90.2,4300.0,4209.8,1176.4,1603.1370020284378,968.0,6110.0,5142.0,2918.75,1920.9962747230927,5.29,23.78,18.49,15.542727272727271,4.865328337811411,0.02658,150.0,149.97342,41.92600545454546,62.75878473702776,1.0,5.0,4.0,2.545454545454546,1.1570838237598051,-4.0,-1.0,3.0,-2.1818181818181817,0.9359663764533636,2.6e-06,7.1e-05,6.840000000000001e-05,2.2275e-05,2.8213593798025804e-05,6.3,160.0,153.7,74.825,59.86143896533059,10.0,128.0,118.0,61.66666666666667,49.27699485786671,0.69,628.0,627.31,314.345,313.65500000000003,3.3,47.0,43.7,25.15,21.85,0.5,7.0,6.5,3.625,3.1299960063872287,628.0,628.0,0.0,628.0,0.0,4.77e-08,0.001,0.0009999523,0.000252561175,0.0004315528509391,22.98976928,1.8,0.93,5.13907696,1.16,0.09090909090909,0.23076923076923,0.13986013986014,0.0,0.0,0.0,0.0,0.0,0.0,0.0,0.0,2.9326560578017262
Na,Na0-3Ca,Ca,Na3Ca,mp-aaaaapux,11.0,20.0,9.0,13.25,3.897114317029974,11.0,16.0,5.0,12.25,2.165063509461097,22.98976928,40.078,17.088230720000002,27.26182696,7.3994209546248255,370.87,1115.0,744.13,556.9025,322.2177418590571,1.0,2.0,1.0,1.25,0.4330127018922193,3.0,4.0,1.0,3.25,0.4330127018922193,1.8,1.8,0.0,1.8,0.0,0.93,1.0,0.0699999999999999,0.9475,0.0303108891324553,1156.0,1757.0,601.0,1306.25,260.2406338372238,968.0,1550.0,582.0,1113.5,252.01339250127165,23.78,26.2,2.419999999999998,24.385,1.04789073857917,140.0,200.0,60.0,155.0,25.98076211353316,1.0,2.0,1.0,1.25,0.4330127018922193,-1.0,2.0,3.0,-0.25,1.299038105676658,2.23e-05,7.1e-05,4.8700000000000005e-05,5.882500000000001e-05,2.108771858215108e-05,6.3,17.0,10.7,8.975,4.633235910246747,10.0,20.0,10.0,12.5,4.330127018922194,0.69,167.0,166.31,42.2675,72.01434245169499,3.3,7.4,4.1000000000000005,4.324999999999999,1.7753520777580996,0.5,1.75,1.25,0.8125,0.5412658773652742,628.0,970.0,0.0,706.0,0.0,3.36e-08,4.77e-08,1.4099999999999994e-08,4.4175000000000003e-08,6.1054790966802905e-09,20.0,20.0,0.0,20.0,0.0,16.0,16.0,0.0,16.0,0.0,40.078,40.078,0.0,40.078,0.0,1115.0,1115.0,0.0,1115.0,0.0,2.0,2.0,0.0,2.0,0.0,4.0,4.0,0.0,4.0,0.0,1.8,1.8,0.0,1.8,0.0,1.0,1.0,0.0,1.0,0.0,1757.0,1757.0,0.0,1757.0,0.0,1550.0,1550.0,0.0,1550.0,0.0,26.2,26.2,0.0,26.2,0.0,200.0,200.0,0.0,200.0,0.0,2.0,2.0,0.0,2.0,0.0,2.0,2.0,0.0,2.0,0.0,2.23e-05,2.23e-05,0.0,2.23e-05,0.0,17.0,17.0,0.0,17.0,0.0,20.0,20.0,0.0,20.0,0.0,167.0,167.0,0.0,167.0,0.0,7.4,7.4,0.0,7.4,0.0,1.75,1.75,0.0,1.75,0.0,628.0,970.0,0.0,716.75,0.0,3.36e-08,3.36e-08,0.0,3.36e-08,0.0,22.98976928,1.8,0.93,5.13907696,1.16,0.0,0.75,0.75,0.0,0.0,0.0,0.0,0.0,0.0,0.0,0.0,0.014938906551724
Na,Na0-1Ca9Co(PO4)7,Ca9Co(PO4)7,NaCa9Co(PO4)7,mp-aaabsksb,8.0,27.0,19.0,11.891304347826088,5.341503862777603,11.0,101.0,90.0,79.93478260869566,34.555816331611176,15.9994,58.933195,42.933795,24.074445614782608,11.11238517937882,54.8,1768.0,1713.2,346.29065217391303,459.7977291791145,1.0,16.0,15.0,12.630434782608695,5.753481727169829,2.0,4.0,2.0,2.608695652173913,0.8203461853962264,0.6,1.8,1.2000000000000002,0.9380434782608696,0.4851249035276218,0.93,3.44,2.51,2.683913043478261,1.0103475042751802,90.2,3200.0,3109.8,577.0565217391304,757.3889870303491,968.0,8900.0,7932.0,2032.1666666666663,1678.26303229129,6.67,26.2,19.53,18.945,4.021814834775141,0.02658,200.0,199.97342,44.39991826086956,80.61154620362367,1.0,5.0,4.0,2.5,1.1562683606062785,-3.0,2.0,5.0,-1.3260869565217392,1.6946764193649495,1.3e-05,7.1e-05,5.800000000000001e-05,2.5881818181818183e-05,1.4513493294286729e-05,6.3,180.0,173.7,23.12777777777778,38.19511029722632,10.0,209.0,199.0,36.27272727272727,54.69600435646085,0.69,700.0,699.31,200.33545454545452,165.01356370496205,3.3,75.0,71.7,13.172727272727272,19.58664159384196,0.5,5.0,4.5,1.9318181818181817,1.0340284696433932,1043.0,1043.0,0.0,1043.0,0.0,3.36e-08,1e-07,6.64e-08,6.180555555555556e-08,3.12436744215213e-08,8.0,27.0,19.0,11.911111111111111,5.398856760554743,16.0,101.0,85.0,81.46666666666667,33.35705822361039,15.9994,58.933195,42.933795,24.098549533333333,11.233988243563097,54.8,1768.0,1713.2,345.7444444444444,464.863760474474,2.0,16.0,14.0,12.88888888888889,5.546659544154971,2.0,4.0,2.0,2.6,0.8273115763993905,0.6,1.8,1.2000000000000002,0.9188888888888888,0.4729680384889647,1.0,3.44,2.44,2.722888888888889,0.9867153641636188,90.2,3200.0,3109.8,564.1911111111111,760.7704819084464,1550.0,8900.0,7350.0,2094.764705882353,1706.37450304342,6.67,26.2,19.53,18.837555555555557,4.000425063834845,0.02658,200.0,199.97342,42.275472,80.21855017899176,2.0,5.0,3.0,2.533333333333333,1.1469767022723505,-3.0,2.0,5.0,-1.3333333333333333,1.7126976771553506,1.3e-05,2.23e-05,9.3e-06,2.137e-05,2.7900000000000004e-06,11.0,180.0,169.0,24.117647058823533,39.07742292806631,20.0,209.0,189.0,38.9,56.7,167.0,700.0,533.0,220.3,159.9,7.4,75.0,67.6,14.16,20.28,1.75,5.0,3.25,2.075,0.975,1043.0,1043.0,0.0,1043.0,0.0,3.36e-08,1e-07,6.64e-08,6.263529411764708e-08,3.1956163746358596e-08,22.98976928,1.8,0.93,5.13907696,1.16,0.0,0.021739130434782,0.021739130434782,0.0,0.0,0.0,0.0,0.0,0.0,0.0,0.0,3.342796981551718
Na,Na0-1CaFe2(SiO3)4,CaFe2(SiO3)4,NaCaFe2(SiO3)4,mp-aaacoqgw,8.0,26.0,18.0,11.75,5.7608593109014565,11.0,101.0,90.0,85.05,26.8895425769945,15.9994,55.845,39.8456,23.954628464,12.495139002632287,54.8,1811.0,1756.2,625.6735,759.3015693667109,1.0,16.0,15.0,13.35,4.607331114647611,2.0,4.0,2.0,2.55,0.7399324293474371,0.6,1.8,1.2000000000000002,0.9,0.4098780306383839,0.93,3.44,2.51,2.7235,0.9126021860591832,90.2,3173.0,3082.8,1147.77,1380.0203987985103,968.0,7874.0,6906.0,3448.25,2596.426667075348,7.09,26.2,19.11,16.036,4.514467188938247,0.02658,200.0,199.97342,55.015948,71.36698038700486,1.0,6.0,5.0,2.75,1.3738631664034089,-4.0,2.0,6.0,-2.15,1.2757350822173077,2.6e-06,7.1e-05,6.840000000000001e-05,1.59125e-05,2.1846477833966738e-05,6.3,170.0,163.7,95.4125,56.23647476282631,10.0,211.0,201.0,80.0,76.79355441702123,0.69,490.0,489.31,286.9225,211.41865579638423,3.3,82.0,78.7,43.675,38.3524037708199,0.5,6.5,6.0,4.53125,2.237596017492881,608.0,608.0,0.0,608.0,0.0,3.36e-08,0.001,0.0009999664,0.0005000341875,0.0004999658128967,8.0,26.0,18.0,11.789473684210526,5.907880084379907,16.0,101.0,85.0,88.94736842105263,21.384878287953423,15.9994,55.845,39.8456,24.00541052631579,12.81773036629524,54.8,1811.0,1756.2,639.0842105263157,776.7149292563133,2.0,16.0,14.0,14.0,3.727564465184373,2.0,4.0,2.0,2.526315789473684,0.7517293082676685,0.6,1.8,1.2000000000000002,0.8526315789473684,0.3632722931944716,1.0,3.44,2.44,2.817894736842105,0.8357447290157217,90.2,3173.0,3082.8,1147.3368421052633,1415.8697294412088,1550.0,7874.0,6324.0,3802.571428571429,2588.46357391202,7.09,26.2,19.11,15.62842105263158,4.258010732920015,0.02658,200.0,199.97342,50.543103157894734,70.43567734509887,2.0,6.0,4.0,2.8421052631578947,1.3480261552490207,-4.0,2.0,6.0,-2.210526315789473,1.2805815853259408,2.6e-06,2.23e-05,1.97e-05,8.042857142857143e-06,7.071038950305301e-06,17.0,170.0,153.0,108.14285714285714,48.14391690228244,20.0,211.0,191.0,90.0,77.06954188078637,167.0,490.0,323.0,382.3333333333333,152.26366021550322,7.4,82.0,74.6,57.13333333333333,35.16677725101096,1.75,6.5,4.75,5.107142857142857,1.7518212097758172,608.0,608.0,0.0,608.0,0.0,3.36e-08,0.001,0.0009999664,0.0005714608285714,0.000494834412341,22.98976928,1.8,0.93,5.13907696,1.16,0.0,0.05,0.05,0.0,0.0,0.0,0.0,0.0,0.0,0.0,0.0,2.733554456551705
Na,Na0-1Ca9Mn(PO4)7,Ca9Mn(PO4)7,NaCa9Mn(PO4)7,mp-aaabsktl,8.0,25.0,17.0,11.847826086956523,5.225220574933729,11.0,101.0,90.0,79.84782608695653,34.60080885665784,15.9994,54.938045,38.938645,23.987594527826086,10.85216585919717,54.8,1519.0,1464.2,340.8776086956522,444.2307390514469,1.0,16.0,15.0,12.58695652173913,5.788204223120019,2.0,4.0,2.0,2.608695652173913,0.8203461853962264,0.6,1.8,1.2000000000000002,0.9391304347826088,0.4861017342390847,0.93,3.44,2.51,2.676739130434783,1.0171786520606592,90.2,2334.0,2243.8,558.2304347826088,700.5908388078951,968.0,7470.0,6502.0,1952.7222222222224,1353.749804783224,7.35,26.2,18.85,18.95978260869565,3.977677107324365,0.02658,200.0,199.97342,42.395570434782606,80.34999088219031,1.0,7.0,6.0,2.5434782608695654,1.280396028054541,-3.0,2.0,5.0,-1.3695652173913044,1.7113266612189697,2.17e-05,7.1e-05,4.9300000000000006e-05,2.6672727272727275e-05,1.4018565022471316e-05,6.3,120.0,113.7,19.794444444444444,24.534476246526197,10.0,198.0,188.0,35.272727272727266,51.53831921112133,0.69,196.0,195.31,154.51727272727274,49.3466521091367,3.3,7.4,4.1000000000000005,6.989999999999999,1.2300000000000002,0.5,6.0,5.5,2.0227272727272725,1.3075590785129567,628.0,970.0,0.0,706.0,0.0,3.36e-08,1.44e-06,1.4064e-06,1.383388888888889e-07,3.172414312631258e-07,8.0,25.0,17.0,11.866666666666667,5.2814139520902295,16.0,101.0,85.0,81.37777777777778,33.40877389009519,15.9994,54.938045,38.938645,24.009768422222223,10.971052208767157,54.8,1519.0,1464.2,340.2111111111111,449.11676641664496,2.0,16.0,14.0,12.844444444444443,5.585519196221425,2.0,4.0,2.0,2.6,0.8273115763993905,0.6,1.8,1.2000000000000002,0.92,0.4740370355901647,1.0,3.44,2.44,2.7155555555555555,0.9941507946328544,90.2,2334.0,2243.8,544.9466666666667,702.5793271462898,1550.0,7470.0,5920.0,2010.6470588235293,1371.1475632252016,7.35,26.2,18.85,18.852666666666664,3.955466765545292,0.02658,200.0,199.97342,40.22658311111111,79.89482533071121,2.0,7.0,5.0,2.577777777777778,1.2734710028350582,-3.0,2.0,5.0,-1.3777777777777778,1.7293401296305528,2.17e-05,2.23e-05,6.00000000000001e-07,2.224e-05,1.800000000000003e-07,11.0,120.0,109.0,20.58823529411765,25.02013030372194,20.0,198.0,178.0,37.8,53.4,167.0,196.0,29.0,169.9,8.7,7.4,7.4,0.0,7.4,0.0,1.75,6.0,4.25,2.175,1.275,628.0,970.0,0.0,716.75,0.0,3.36e-08,1.44e-06,1.4064e-06,1.4367058823529416e-07,3.2565405636820454e-07,22.98976928,1.8,0.93,5.13907696,1.16,0.0,0.021739130434782,0.021739130434782,0.0,0.0,0.0,0.0,0.0,0.0,0.0,0.0,4.632047936551718
Na,Na1-2Ca2Ta3O10,NaCa2Ta3O10,Na2Ca2Ta3O10,mp-aaacrmjg,8.0,73.0,65.0,21.23529411764706,24.257271588402,11.0,101.0,90.0,71.76470588235294,37.03977101276681,15.9994,180.94788,164.94848,48.76312815058824,61.65961574962636,54.8,3290.0,3235.2,787.6317647058825,1205.8115394803388,1.0,16.0,15.0,10.647058823529411,6.498336225713636,2.0,6.0,4.0,3.0588235294117645,1.5134918035610128,0.6,1.8,1.2000000000000002,1.0323529411764707,0.528577774473937,0.93,3.44,2.51,2.5152941176470587,1.1183449833258534,90.2,5731.0,5640.8,1407.1176470588234,2083.5709189740733,968.0,16650.0,15682.0,7855.142857142858,7619.745616836964,10.85,26.2,15.35,18.006470588235295,4.593855155565032,0.02658,200.0,199.97342,50.07445882352941,71.25774790277615,1.0,5.0,4.0,2.4117647058823533,1.2394886768062046,-2.0,2.0,4.0,-1.2352941176470589,1.2616241523251306,6.3e-06,7.1e-05,6.47e-05,2.9357142857142857e-05,2.7157627560114254e-05,6.3,200.0,193.7,92.37142857142858,93.296772479556,10.0,186.0,176.0,88.28571428571429,84.70741962057107,0.69,800.0,799.31,390.7685714285715,359.9361882504243,3.3,69.0,65.7,32.62857142857143,31.5366777073351,0.5,6.5,6.0,3.428571428571429,2.701567949868206,873.0,873.0,0.0,873.0,0.0,3.36e-08,1.31e-07,9.740000000000001e-08,7.937142857142856e-08,4.50281408608856e-08,8.0,73.0,65.0,21.875,24.864319315034543,11.0,101.0,90.0,75.5625,34.82091460243398,15.9994,180.94788,164.94848,50.37396308,63.20930360243042,54.8,3290.0,3235.2,813.6793749999999,1238.2734691924315,1.0,16.0,15.0,11.25,6.219927652312364,2.0,6.0,4.0,3.0625,1.5599979967935855,0.6,1.8,1.2000000000000002,0.984375,0.507665844207585,0.93,3.44,2.51,2.614375,1.0779492610392196,90.2,5731.0,5640.8,1422.8125,2146.7206216328545,968.0,16650.0,15682.0,9003.0,7649.460438488456,10.85,26.2,15.35,17.645625,4.495432360671774,0.02658,200.0,199.97342,44.4541125,69.6994965792264,1.0,5.0,4.0,2.5,1.224744871391589,-2.0,2.0,4.0,-1.25,1.299038105676658,6.3e-06,7.1e-05,6.47e-05,2.2416666666666665e-05,2.2875053126835695e-05,6.3,200.0,193.7,106.71666666666668,93.35149376892096,10.0,186.0,176.0,101.33333333333331,84.73225805769344,0.69,800.0,799.31,455.7816666666666,348.6538182981636,3.3,69.0,65.7,37.516666666666666,31.51298233356461,0.5,6.5,6.0,3.9166666666666665,2.616719744684597,873.0,873.0,0.0,873.0,0.0,3.36e-08,1.31e-07,9.740000000000001e-08,8.465e-08,4.658768614129703e-08,22.98976928,1.8,0.93,5.13907696,1.16,0.0625,0.117647058823529,0.0551470588235289,0.0,0.0,0.0,0.0,0.0,0.0,0.0,0.0,0.342709186551733
Na,Na0-3Cd,Cd,Na3Cd,mp-aaackkoz,11.0,48.0,37.0,20.25,16.021469970012117,11.0,75.0,64.0,27.0,27.712812921102035,22.98976928,112.411,89.42123072,45.34507696,38.72052872059472,370.87,594.22,223.35,426.7075,96.7133869676272,1.0,12.0,11.0,3.75,4.763139720814412,3.0,5.0,2.0,3.5,0.8660254037844386,1.55,1.8,0.25,1.7375,0.1082531754730548,0.93,1.69,0.7599999999999999,1.12,0.3290896534380866,1040.0,1156.0,116.0,1127.0,50.22947341949744,968.0,8650.0,7682.0,2888.5,3326.403575936029,13.0,23.78,10.78,21.085,4.667876926398125,97.0,140.0,43.0,129.25,18.619546181365436,1.0,2.0,1.0,1.25,0.4330127018922193,-1.0,1.0,2.0,-0.5,0.8660254037844386,3.08e-05,7.1e-05,4.02e-05,6.095e-05,1.7407110616067217e-05,6.3,42.0,35.7,15.225,15.45855345755223,10.0,50.0,40.0,20.0,17.320508075688775,0.69,203.0,202.31,51.2675,87.6027997198149,3.3,19.0,15.7,7.225,6.798299419707844,0.5,2.0,1.5,0.875,0.649519052838329,628.0,970.0,0.0,706.0,0.0,4.77e-08,7.27e-08,2.5e-08,5.3950000000000003e-08,1.0825317547305484e-08,48.0,48.0,0.0,48.0,0.0,75.0,75.0,0.0,75.0,0.0,112.411,112.411,0.0,112.411,0.0,594.22,594.22,0.0,594.22,0.0,12.0,12.0,0.0,12.0,0.0,5.0,5.0,0.0,5.0,0.0,1.55,1.55,0.0,1.55,0.0,1.69,1.69,0.0,1.69,0.0,1040.0,1040.0,0.0,1040.0,0.0,8650.0,8650.0,0.0,8650.0,0.0,13.0,13.0,0.0,13.0,0.0,97.0,97.0,0.0,97.0,0.0,2.0,2.0,0.0,2.0,0.0,1.0,1.0,0.0,1.0,0.0,3.08e-05,3.08e-05,0.0,3.08e-05,0.0,42.0,42.0,0.0,42.0,0.0,50.0,50.0,0.0,50.0,0.0,203.0,203.0,0.0,203.0,0.0,19.0,19.0,0.0,19.0,0.0,2.0,2.0,0.0,2.0,0.0,628.0,970.0,0.0,716.75,0.0,7.27e-08,7.27e-08,0.0,7.27e-08,0.0,22.98976928,1.8,0.93,5.13907696,1.16,0.0,0.75,0.75,0.0,0.0,0.0,0.0,0.0,0.0,0.0,0.0,0.044406096551723
Na,Na0-1CdN,CdN,NaCdN,mp-aaacfjvv,7.0,48.0,41.0,22.0,18.45715759987617,11.0,100.0,89.0,62.0,37.47888294315436,14.0067,112.411,98.4043,49.80248975999999,44.42253969384205,63.05,594.22,531.1700000000001,342.7133333333333,217.76132291009705,1.0,15.0,14.0,9.333333333333332,6.018490028422596,2.0,5.0,3.0,3.333333333333333,1.247219128924647,0.65,1.8,1.15,1.3333333333333337,0.4938510796676351,0.93,3.04,2.11,1.8866666666666665,0.87255690677202,77.36,1156.0,1078.64,757.7866666666666,483.45929613797085,968.0,8650.0,7682.0,4809.0,3841.0,13.0,23.78,10.78,16.773333333333333,4.959363758476373,0.02583,140.0,139.97417,79.00861,58.54320144073833,1.0,5.0,4.0,2.6666666666666665,1.699673171197595,-3.0,1.0,4.0,-1.0,1.632993161855452,3.08e-05,7.1e-05,4.02e-05,5.09e-05,2.01e-05,6.3,42.0,35.7,24.15,17.85,10.0,50.0,40.0,30.0,20.0,0.69,203.0,202.31,101.845,101.155,3.3,19.0,15.7,11.15,7.85,0.5,2.0,1.5,1.25,0.75,628.0,970.0,0.0,706.0,0.0,4.77e-08,7.27e-08,2.5e-08,6.02e-08,1.25e-08,7.0,48.0,41.0,27.5,20.5,75.0,100.0,25.0,87.5,12.5,14.0067,112.411,98.4043,63.20885,49.20215,63.05,594.22,531.1700000000001,328.635,265.585,12.0,15.0,3.0,13.5,1.5,2.0,5.0,3.0,3.5,1.5,0.65,1.55,0.9,1.1,0.45,1.69,3.04,1.35,2.365,0.675,77.36,1040.0,962.64,558.68,481.32,8650.0,8650.0,0.0,8650.0,0.0,13.0,13.54,0.5399999999999991,13.27,0.2699999999999996,0.02583,97.0,96.97417,48.512915,48.487085,2.0,5.0,3.0,3.5,1.5,-3.0,1.0,4.0,-1.0,2.0,3.08e-05,3.08e-05,0.0,3.08e-05,0.0,42.0,42.0,0.0,42.0,0.0,50.0,50.0,0.0,50.0,0.0,203.0,203.0,0.0,203.0,0.0,19.0,19.0,0.0,19.0,0.0,2.0,2.0,0.0,2.0,0.0,628.0,970.0,0.0,716.75,0.0,7.27e-08,7.27e-08,0.0,7.27e-08,0.0,22.98976928,1.8,0.93,5.13907696,1.16,0.0,0.333333333333333,0.333333333333333,0.0,0.0,0.0,0.0,0.0,0.0,0.0,0.0,1.321085651551725
Na,Na0-1CeSe2,CeSe2,NaCeSe2,mp-aaacjmdl,11.0,58.0,47.0,34.25,16.618889854620253,11.0,93.0,82.0,57.25,36.51284020724764,22.98976928,140.116,117.12623072,80.25644231999999,41.43066500822092,370.87,1068.0,697.13,606.7175,271.02401077902675,1.0,16.0,15.0,9.0,7.035623639735144,3.0,6.0,3.0,4.25,1.0897247358851685,1.15,1.85,0.7000000000000002,1.4875,0.3379626458648944,0.93,2.55,1.6199999999999997,1.7875,0.765453297073048,958.0,3633.0,2675.0,1676.25,1132.618288524426,968.0,6689.0,5721.0,4323.75,2082.42711457088,16.42,23.78,7.359999999999999,19.3275,3.105973076187236,0.52,140.0,139.48,38.01,59.03918275179629,1.0,6.0,5.0,4.25,2.0463381929681126,-2.0,2.0,4.0,-0.75,1.6393596310755,6.3e-06,7.1e-05,6.47e-05,3.865e-05,3.235e-05,6.3,22.0,15.7,11.225,6.274302750106979,10.0,34.0,24.0,16.0,10.392304845413264,0.69,736.0,735.31,471.1725,302.12678508988574,3.3,14.0,10.7,6.175000000000001,4.520716204319842,0.5,2.5,2.0,1.75,0.75,270.0,270.0,0.0,270.0,0.0,4.77e-08,7.44e-07,6.963e-07,3.9585e-07,3.4815e-07,34.0,58.0,24.0,42.0,11.31370849898476,32.0,93.0,61.0,72.66666666666667,28.75567576825293,78.96,140.116,61.15600000000002,99.34533333333331,28.82921487349634,494.0,1068.0,574.0,685.3333333333333,270.5861949340522,3.0,16.0,13.0,11.666666666666666,6.128258770283411,4.0,6.0,2.0,4.666666666666666,0.9428090415820634,1.15,1.85,0.7000000000000002,1.3833333333333333,0.3299831645537222,1.12,2.55,1.4299999999999995,2.0733333333333333,0.6741084647311751,958.0,3633.0,2675.0,1849.6666666666663,1261.00709311601,4819.0,6689.0,1870.0,5442.333333333333,881.5264538792292,16.42,20.69,4.27,17.843333333333334,2.012897303777705,0.52,11.0,10.48,4.013333333333334,4.940319377890011,4.0,6.0,2.0,5.333333333333333,0.9428090415820634,-2.0,2.0,4.0,-0.6666666666666666,1.8856180831641267,6.3e-06,6.3e-06,0.0,6.3e-06,0.0,8.3,22.0,13.7,12.866666666666667,6.458241934837134,10.0,34.0,24.0,18.0,11.31370849898476,412.0,736.0,324.0,628.0,152.73506473629428,3.7,14.0,10.3,7.133333333333333,4.855466564147626,2.0,2.5,0.5,2.1666666666666665,0.2357022603955158,270.0,270.0,0.0,270.0,0.0,7.44e-07,7.44e-07,0.0,7.44e-07,0.0,22.98976928,1.8,0.93,5.13907696,1.16,0.0,0.25,0.25,0.0,0.0,0.0,0.0,0.0,0.0,0.0,0.0,1.903520346551723
Na,Na0-0.25Ce2Se3,Ce2Se3,Na(Ce2Se3)4,mp-aaaabwfa,11.0,58.0,47.0,42.04761904761905,13.41099829555752,11.0,93.0,82.0,65.85714285714285,31.63826151729476,22.98976928,140.116,117.12623072,99.59227472761904,33.88609171473997,370.87,1068.0,697.13,706.8033333333333,284.51952520384646,1.0,16.0,15.0,10.333333333333332,6.556228106474559,3.0,6.0,3.0,4.7142857142857135,1.0301575072754254,1.15,1.85,0.7000000000000002,1.4476190476190476,0.3438148001178038,0.93,2.55,1.6199999999999997,1.9280952380952376,0.7191769041766661,958.0,3633.0,2675.0,1986.4761904761904,1292.3064511635082,968.0,6689.0,5721.0,5348.0,1326.0887709996748,16.42,23.78,7.359999999999999,18.397142857142857,2.369868678011591,0.52,140.0,139.48,11.154285714285711,29.24320426899841,1.0,6.0,5.0,5.0,1.3093073414159542,-2.0,2.0,4.0,-0.4285714285714286,1.91662969499982,6.3e-06,7.1e-05,6.47e-05,1.348888888888889e-05,2.0333248330119838e-05,6.3,22.0,15.7,13.423809523809524,6.740771805598183,10.0,34.0,24.0,19.142857142857142,11.654901745354936,0.69,736.0,735.31,577.5566666666666,201.57696257576123,3.3,14.0,10.7,7.604761904761904,5.017538401445207,0.5,2.5,2.0,2.119047619047619,0.4338301704354428,270.0,270.0,0.0,270.0,0.0,4.77e-08,7.44e-07,6.963e-07,6.666333333333333e-07,2.188259785511969e-07,34.0,58.0,24.0,43.6,11.757550765359255,32.0,93.0,61.0,68.6,29.883774861954773,78.96,140.116,61.15600000000002,103.4224,29.96019894192962,494.0,1068.0,574.0,723.6,281.2014224715088,3.0,16.0,13.0,10.8,6.368673331236264,4.0,6.0,2.0,4.800000000000001,0.9797958971132712,1.15,1.85,0.7000000000000002,1.4300000000000002,0.342928563989645,1.12,2.55,1.4299999999999995,1.978,0.7005540664359888,958.0,3633.0,2675.0,2028.0,1310.4770123890005,4819.0,6689.0,1870.0,5567.0,916.1091638009086,16.42,20.69,4.27,18.128,2.0918642403368337,0.52,11.0,10.48,4.712000000000001,5.134130500873542,4.0,6.0,2.0,5.199999999999999,0.9797958971132712,-2.0,2.0,4.0,-0.3999999999999999,1.9595917942265424,6.3e-06,6.3e-06,0.0,6.3e-06,0.0,8.3,22.0,13.7,13.78,6.711601895225908,10.0,34.0,24.0,19.6,11.757550765359255,412.0,736.0,324.0,606.4,158.72693533234994,3.7,14.0,10.3,7.82,5.045948870133347,2.0,2.5,0.5,2.2,0.2449489742783178,270.0,270.0,0.0,270.0,0.0,7.44e-07,7.44e-07,0.0,7.44e-07,0.0,22.98976928,1.8,0.93,5.13907696,1.16,0.0,0.047619047619047,0.047619047619047,0.0,0.0,0.0,0.0,0.0,0.0,0.0,0.0,1.3062331915517151
Na,Na0-1Cs2SbCl6,Cs2SbCl6,Cs2NaSbCl6,mp-aaacpjuf,11.0,55.0,44.0,27.4,17.315888657530692,8.0,99.0,91.0,70.9,40.65820950312495,22.98976928,132.9054519,109.91568262,62.32786730800001,44.01773074954854,171.6,903.78,732.18,290.743,216.2499343375623,1.0,17.0,16.0,12.0,7.224956747275377,3.0,6.0,3.0,3.8,1.2489995996796797,1.0,2.6,1.6,1.445,0.6310507111159926,0.79,3.16,2.37,2.352,1.044517113311218,239.11,1860.0,1620.89,633.866,538.831002545325,968.0,6697.0,5729.0,2855.75,2248.715341589504,17.39,70.94,53.55,28.819000000000003,21.143454519070435,0.0089,140.0,139.9911,23.60534,41.46791495856044,1.0,7.0,6.0,5.0,2.683281572999748,-3.0,1.0,4.0,-0.8,1.077032961426901,1.1e-05,7.1e-05,6.000000000000001e-05,4.1e-05,3e-05,1.1,42.0,40.9,5.8100000000000005,12.15939554418722,1.7,55.0,53.3,17.1,22.142380179194827,0.14,294.0,293.86,73.7425,127.16592514801285,3.3,20.0,16.7,11.65,8.350000000000001,0.2,3.0,2.8,0.975,1.1755317945508748,628.0,970.0,0.0,706.0,0.0,4.77e-08,10.0,9.9999999523,6.00000008747,4.8989793784379225,17.0,55.0,38.0,29.222222222222214,17.319082460798857,8.0,99.0,91.0,77.55555555555556,37.33366401969947,35.453,132.9054519,97.4524519,66.69876708888889,44.2921831113018,171.6,903.78,732.18,281.84,226.20213040552912,1.0,17.0,16.0,13.22222222222222,6.562143582325956,3.0,6.0,3.0,3.888888888888889,1.286204100310025,1.0,2.6,1.6,1.4055555555555554,0.6533862412439625,0.79,3.16,2.37,2.51,0.9811218069128828,239.11,1860.0,1620.89,575.8511111111111,537.5327414409169,1879.0,6697.0,4818.0,3484.9999999999995,2271.226981171191,17.39,70.94,53.55,29.378888888888888,22.216720152195904,0.0089,36.0,35.9911,10.6726,15.43034873379946,1.0,7.0,6.0,5.444444444444444,2.454524670486058,-3.0,1.0,4.0,-0.7777777777777777,1.133115447465063,1.1e-05,1.1e-05,0.0,1.1e-05,0.0,1.1,42.0,40.9,5.755555555555555,12.815971902375145,1.7,55.0,53.3,19.466666666666665,25.12586095816199,0.14,294.0,293.86,98.09333333333332,138.52693247965254,20.0,20.0,0.0,20.0,0.0,0.2,3.0,2.8,1.1333333333333333,1.3199326582148887,628.0,970.0,0.0,716.75,0.0,2.05e-07,10.0,9.999999795,6.666666758555555,4.714045077959804,22.98976928,1.8,0.93,5.13907696,1.16,0.0,0.1,0.1,0.0,0.0,0.0,0.0,0.0,0.0,0.0,0.0,3.135656256551723
Na,Na0-1Cs2MoCl6,Cs2MoCl6,Cs2NaMoCl6,mp-aaabgmre,11.0,55.0,44.0,26.5,16.26806687962648,8.0,99.0,91.0,67.7,40.44514804027797,22.98976928,132.9054519,109.91568262,59.745867308,41.11755833118332,171.6,2896.0,2724.4,489.965,805.1270682848764,1.0,17.0,16.0,11.1,7.354590403278758,3.0,6.0,3.0,3.8,1.2489995996796797,1.0,2.6,1.6,1.445,0.6310507111159926,0.79,3.16,2.37,2.363,1.041854596380896,239.11,4912.0,4672.89,939.066,1370.0709481278698,968.0,10280.0,9312.0,3751.5,3787.5353793727127,9.38,70.94,61.56,27.938,21.743031435381774,0.0089,140.0,139.9911,35.10534,54.02698539628507,1.0,7.0,6.0,5.1000000000000005,2.7,-2.0,1.0,3.0,-0.7,0.9,4.8e-06,7.1e-05,6.620000000000001e-05,3.79e-05,3.3100000000000005e-05,1.1,230.0,228.9,24.61,68.48032491161239,1.7,329.0,327.3,85.6,140.56790174147156,0.14,1500.0,1499.86,375.2425,649.3790842171851,3.3,20.0,16.7,11.65,8.350000000000001,0.2,5.5,5.3,1.6,2.254994456755936,1530.0,1530.0,0.0,1530.0,0.0,4.77e-08,10.0,9.9999999523,6.00000005111,4.898979422969646,17.0,55.0,38.0,28.222222222222214,16.260229448823747,8.0,99.0,91.0,74.0,37.69173207305106,35.453,132.9054519,97.4524519,63.8298782,41.37284802627189,171.6,2896.0,2724.4,503.1977777777777,847.646177767558,1.0,17.0,16.0,12.22222222222222,6.892472186342587,3.0,6.0,3.0,3.888888888888889,1.286204100310025,1.0,2.6,1.6,1.4055555555555554,0.6533862412439625,0.79,3.16,2.37,2.522222222222222,0.975986996472776,239.11,4912.0,4672.89,914.962222222222,1442.1686886905798,1879.0,10280.0,8401.0,4679.333333333333,3960.2693791654574,9.38,70.94,61.56,28.4,22.872555607102587,0.0089,139.0,138.9911,23.450377777777778,43.41494688081457,1.0,7.0,6.0,5.555555555555555,2.454524670486058,-2.0,1.0,3.0,-0.6666666666666666,0.9428090415820632,4.8e-06,4.8e-06,0.0,4.8e-06,0.0,1.1,230.0,228.9,26.64444444444444,71.89733592825431,1.7,329.0,327.3,110.8,154.29069965490467,0.14,1500.0,1499.86,500.0933333333333,707.0407845536369,20.0,20.0,0.0,20.0,0.0,0.2,5.5,5.3,1.9666666666666663,2.498443960192468,1530.0,1530.0,0.0,1530.0,0.0,5.34e-08,10.0,9.9999999466,6.666666718155555,4.714045135094032,22.98976928,1.8,0.93,5.13907696,1.16,0.0,0.1,0.1,0.0,0.0,0.0,0.0,0.0,0.0,0.0,0.0,2.404134966551726
Na,Na0-1Cs2TaCl6,Cs2TaCl6,Cs2NaTaCl6,mp-aaabglar,11.0,73.0,62.0,29.6,21.14804955545546,8.0,99.0,91.0,67.3,40.57844255266582,22.98976928,180.94788,157.95811072,68.246655308,54.37261691719354,171.6,3290.0,3118.4,529.365,922.9281630143272,1.0,17.0,16.0,11.0,7.429670248402684,3.0,6.0,3.0,3.9,1.3747727084867518,1.0,2.6,1.6,1.445,0.6310507111159926,0.79,3.16,2.37,2.297,1.0730615080227228,239.11,5731.0,5491.89,1020.966,1608.797526758417,968.0,16650.0,15682.0,5344.0,6538.1087097110885,10.85,70.94,60.09,28.085,21.62169847629922,0.0089,140.0,139.9911,26.90534,42.663833946451646,1.0,7.0,6.0,5.0,2.683281572999748,-1.0,1.0,2.0,-0.6,0.8,6.3e-06,7.1e-05,6.47e-05,3.865e-05,3.235e-05,1.1,200.0,198.9,21.61,59.482895860911135,1.7,186.0,184.3,49.85,78.67923804918297,0.14,800.0,799.86,200.2425,346.2702268731027,3.3,69.0,65.7,36.15,32.85,0.2,6.5,6.3,1.85,2.687470930075338,873.0,873.0,0.0,873.0,0.0,4.77e-08,10.0,9.9999999523,6.00000005887,4.898979413465626,17.0,73.0,56.0,31.666666666666664,21.312489817527705,8.0,99.0,91.0,73.55555555555556,37.92422594569659,35.453,180.94788,145.49488,73.2751982,55.06365284199861,171.6,3290.0,3118.4,546.9755555555555,971.256465204978,1.0,17.0,16.0,12.11111111111111,6.999118110232721,3.0,6.0,3.0,4.0,1.4142135623730951,1.0,2.6,1.6,1.4055555555555554,0.6533862412439625,0.79,3.16,2.37,2.448888888888889,1.0240599423042085,239.11,5731.0,5491.89,1005.962222222222,1695.1576334356228,1879.0,16650.0,14771.0,6802.666666666666,6963.116176604329,10.85,70.94,60.09,28.563333333333333,22.741020694380055,0.0089,57.0,56.9911,14.339266666666663,21.056720643749085,1.0,7.0,6.0,5.444444444444444,2.454524670486058,-1.0,1.0,2.0,-0.5555555555555556,0.8314794192830981,6.3e-06,6.3e-06,0.0,6.3e-06,0.0,1.1,200.0,198.9,23.31111111111111,62.46928924491964,1.7,186.0,184.3,63.13333333333333,86.87985318178714,0.14,800.0,799.86,266.75999999999993,377.0576199999146,69.0,69.0,0.0,69.0,0.0,0.2,6.5,6.3,2.3,2.9698484809834995,873.0,873.0,0.0,873.0,0.0,1.31e-07,10.0,9.999999869,6.666666726777777,4.714045122900368,22.98976928,1.8,0.93,5.13907696,1.16,0.0,0.1,0.1,0.0,0.0,0.0,0.0,0.0,0.0,0.0,0.0,0.8984755465517261
Na,Na0.17-0.33HfNCl,NaHf6(NCl)6,NaHf3(NCl)3,mp-aaacrlwb,7.0,72.0,65.0,29.9,27.83325349289946,11.0,100.0,89.0,75.8,30.93153730418196,14.0067,178.49,164.4833,70.683886928,71.06459008586114,63.05,2506.0,2442.95,859.2819999999999,1081.4001382078698,1.0,17.0,16.0,10.9,6.347440429023339,2.0,6.0,4.0,3.6,1.624807680927192,0.65,1.8,1.15,1.14,0.4146082488325576,0.93,3.16,2.23,2.343,0.9338099378353176,77.36,4876.0,4798.64,1673.341,2117.811074253084,968.0,13310.0,12342.0,10224.499999999998,5344.242766753771,13.44,23.78,10.340000000000002,15.689,3.2120568176792896,0.0089,140.0,139.9911,20.910419,41.00554354186894,1.0,7.0,6.0,4.9,1.7578395831246945,-3.0,2.0,5.0,-0.7,1.9519221295943132,5.9e-06,7.1e-05,6.510000000000001e-05,2.2175e-05,2.818912689318348e-05,1.1,110.0,108.9,48.51428571428571,53.27538773932584,10.0,78.0,68.0,60.99999999999999,29.444863728670917,0.69,1700.0,1699.31,1275.1724999999997,735.8228144524671,3.3,30.0,26.7,23.325,11.561439140522255,0.5,5.5,5.0,4.249999999999999,2.165063509461097,1760.0,1760.0,0.0,1760.0,0.0,4.77e-08,10.0,9.9999999523,4.285714434385715,4.948716464300702,7.0,72.0,65.0,30.894736842105264,28.20767856796985,11.0,100.0,89.0,79.21052631578948,27.82951660485381,14.0067,178.49,164.4833,73.1941036463158,72.04131411602903,63.05,2506.0,2442.95,884.9878947368422,1103.5212498637402,1.0,17.0,16.0,11.421052631578949,6.081168425416497,2.0,6.0,4.0,3.631578947368421,1.661024614532579,0.65,1.8,1.15,1.105263157894737,0.3959979853889827,0.93,3.16,2.23,2.417368421052632,0.8984890363696456,77.36,4876.0,4798.64,1700.5694736842106,2169.413537153286,968.0,13310.0,12342.0,11546.85714285714,4318.800343632855,13.44,23.78,10.340000000000002,15.263157894736842,2.689515809743221,0.0089,140.0,139.9911,14.642546315789476,31.372402713886046,1.0,7.0,6.0,5.105263157894738,1.5524085477634344,-3.0,2.0,5.0,-0.6842105263157896,2.0013845622980577,5.9e-06,7.1e-05,6.510000000000001e-05,1.52e-05,2.278025460788356e-05,1.1,110.0,108.9,51.761538461538464,53.93486867668817,10.0,78.0,68.0,68.28571428571428,23.79504321560802,0.69,1700.0,1699.31,1457.2414285714283,594.6346306869832,3.3,30.0,26.7,26.185714285714283,9.343053733187263,0.5,5.5,5.0,4.785714285714286,1.749635530559413,1760.0,1760.0,0.0,1760.0,0.0,4.77e-08,10.0,9.9999999523,4.615384771823077,4.98518500778756,22.98976928,1.8,0.93,5.13907696,1.16,0.052631578947368,0.1,0.047368421052632,0.0,0.0,0.0,0.0,0.0,0.0,0.0,0.0,2.079799786551721
Na,Na0-1K2MoCl6,K2MoCl6,K2NaMoCl6,mp-aaaabpeg,11.0,42.0,31.0,19.3,7.849203781276162,10.0,99.0,89.0,68.1,39.85837427693207,22.98976928,95.94,72.95023072,40.98443692800001,18.800579162024587,171.6,2896.0,2724.4,496.953,803.6119683410647,1.0,17.0,16.0,11.1,7.354590403278758,3.0,5.0,2.0,3.4,0.66332495807108,1.0,2.2,1.2000000000000002,1.3650000000000002,0.4889018306367855,0.82,3.16,2.3400000000000003,2.369,1.0328257355430297,239.11,4912.0,4672.89,956.666,1370.5864145335747,856.0,10280.0,9424.0,3240.0,4064.8030702606,9.38,45.94,36.56,22.938,11.947360210523492,0.0089,140.0,139.9911,47.90534,59.97648244946014,1.0,7.0,6.0,5.1000000000000005,2.7,-2.0,-1.0,1.0,-1.1,0.3,4.8e-06,7.1e-05,6.620000000000001e-05,3.79e-05,3.3100000000000005e-05,1.1,230.0,228.9,24.91,68.38208025499078,10.0,329.0,319.0,169.5,159.5,0.363,1500.0,1499.637,375.354,649.314684566351,1.3,20.0,18.7,6.475,7.851233979445524,0.4,5.5,5.1,1.7,2.194310825749169,1530.0,1530.0,0.0,1530.0,0.0,4.77e-08,10.0,9.9999999523,6.00000002451,4.89897945554786,17.0,42.0,25.0,20.22222222222222,7.742778395637488,10.0,99.0,89.0,74.44444444444444,36.91464963973912,35.453,95.94,60.487,42.98384444444444,18.78187965614796,171.6,2896.0,2724.4,510.9622222222222,845.9221601276689,1.0,17.0,16.0,12.22222222222222,6.892472186342587,3.0,5.0,2.0,3.4444444444444446,0.6849348892187751,1.0,2.2,1.2000000000000002,1.3166666666666669,0.4921607686744467,0.82,3.16,2.3400000000000003,2.5288888888888885,0.9641627852926132,239.11,4912.0,4672.89,934.5177777777776,1443.026228288452,856.0,10280.0,9424.0,3997.333333333333,4442.516203934682,9.38,45.94,36.56,22.84444444444444,12.59014792174254,0.0089,139.0,138.9911,37.6726,54.31183353604136,1.0,7.0,6.0,5.555555555555555,2.454524670486058,-2.0,-1.0,1.0,-1.1111111111111112,0.3142696805273544,4.8e-06,4.8e-06,0.0,4.8e-06,0.0,1.1,230.0,228.9,26.977777777777774,71.783838753391,329.0,329.0,0.0,329.0,0.0,0.363,1500.0,1499.637,500.242,706.9356613455004,1.3,20.0,18.7,7.533333333333333,8.815264538792293,0.4,5.5,5.1,2.1,2.4041630560342613,1530.0,1530.0,0.0,1530.0,0.0,5.34e-08,10.0,9.9999999466,6.6666666886,4.714045176891899,22.98976928,1.8,0.93,5.13907696,1.16,0.0,0.1,0.1,0.0,0.0,0.0,0.0,0.0,0.0,0.0,0.0,2.331529446551723
Na,Na0-1K2TaCl6,K2TaCl6,K2NaTaCl6,mp-aaaabukh,11.0,73.0,62.0,22.4,16.995293466133496,10.0,99.0,89.0,67.7,39.997624929488,22.98976928,180.94788,157.95811072,49.48522492800001,44.0245786874497,171.6,3290.0,3118.4,536.3530000000001,921.3079502864392,1.0,17.0,16.0,11.0,7.429670248402684,3.0,6.0,3.0,3.5,0.9219544457292888,1.0,2.2,1.2000000000000002,1.3650000000000002,0.4889018306367855,0.82,3.16,2.3400000000000003,2.303,1.0646694322652457,239.11,5731.0,5491.89,1038.566,1608.3405481750438,856.0,16650.0,15794.0,4832.5,6822.99001538182,10.85,45.94,35.09,23.085,11.787614050349628,0.0089,140.0,139.9911,39.70534,52.042156210234026,1.0,7.0,6.0,5.0,2.683281572999748,-1.0,-1.0,0.0,-1.0,0.0,6.3e-06,7.1e-05,6.47e-05,3.865e-05,3.235e-05,1.1,200.0,198.9,21.91,59.38492148685557,10.0,186.0,176.0,98.0,88.0,0.363,800.0,799.637,200.354,346.2058052567865,1.3,69.0,67.7,18.725,29.03776635693593,0.4,6.5,6.1,1.95,2.62726093108393,873.0,873.0,0.0,873.0,0.0,4.77e-08,10.0,9.9999999523,6.00000003227,4.89897944604384,17.0,73.0,56.0,23.666666666666664,17.46106780494506,10.0,99.0,89.0,74.0,37.15732319027659,35.453,180.94788,145.49488,52.429164444444446,45.46259157836501,171.6,3290.0,3118.4,554.74,969.401650125822,1.0,17.0,16.0,12.11111111111111,6.999118110232721,3.0,6.0,3.0,3.555555555555556,0.955813918560292,1.0,2.2,1.2000000000000002,1.3166666666666669,0.4921607686744467,0.82,3.16,2.3400000000000003,2.4555555555555557,1.0132797256775328,239.11,5731.0,5491.89,1025.5177777777778,1694.8375910313175,856.0,16650.0,15794.0,6120.666666666667,7445.363001373554,10.85,45.94,35.09,23.007777777777772,12.422836299669855,0.0089,100.0,99.9911,28.56148888888889,42.04121343965663,1.0,7.0,6.0,5.444444444444444,2.454524670486058,-1.0,-1.0,0.0,-1.0,0.0,6.3e-06,6.3e-06,0.0,6.3e-06,0.0,1.1,200.0,198.9,23.64444444444445,62.35645045687132,186.0,186.0,0.0,186.0,0.0,0.363,800.0,799.637,266.90866666666665,376.9524967917782,1.3,69.0,67.7,23.866666666666667,31.914086057552844,0.4,6.5,6.1,2.433333333333333,2.875567576825293,873.0,873.0,0.0,873.0,0.0,7.2e-08,10.0,9.999999928,6.6666666972222215,4.714045164698236,22.98976928,1.8,0.93,5.13907696,1.16,0.0,0.1,0.1,0.0,0.0,0.0,0.0,0.0,0.0,0.0,0.0,0.8523509965517241
Na,Na0-3ClO,ClO,Na3ClO,mp-aaacigyc,8.0,17.0,9.0,11.6,2.939387691339814,11.0,101.0,90.0,46.6,43.60550423971726,15.9994,35.453,19.4536,24.084341568000003,6.296140725594238,54.8,370.87,316.07,267.802,131.52468565254205,1.0,17.0,16.0,7.2,7.6,2.0,3.0,1.0,2.8,0.4,0.6,1.8,1.2000000000000002,1.4,0.5059644256269407,0.93,3.44,2.51,1.878,1.1644294740343877,90.2,1156.0,1065.8,759.462,487.9354434512828,968.0,968.0,0.0,968.0,0.0,17.36,23.78,6.420000000000002,21.218000000000004,3.13781070174732,0.0089,140.0,139.9911,84.00709599999999,68.57702223622766,1.0,7.0,6.0,2.4,2.33238075793812,-2.0,-1.0,1.0,-1.2000000000000002,0.4,7.1e-05,7.1e-05,0.0,7.1e-05,0.0,1.1,6.3,5.199999999999999,4.999999999999999,2.25166604983954,10.0,10.0,0.0,10.0,0.0,0.69,0.69,0.0,0.69,0.0,3.3,3.3,0.0,3.3,0.0,0.5,0.5,0.0,0.5,0.0,628.0,970.0,0.0,706.0,0.0,4.77e-08,10.0,9.9999999523,2.500000035775,4.330126998267487,8.0,17.0,9.0,12.5,4.5,99.0,101.0,2.0,100.0,1.0,15.9994,35.453,19.4536,25.7262,9.7268,54.8,171.6,116.8,113.2,58.4,16.0,17.0,1.0,16.5,0.5,2.0,3.0,1.0,2.5,0.5,0.6,1.0,0.4,0.8,0.2,3.16,3.44,0.2799999999999998,3.3,0.1399999999999999,90.2,239.11,148.91000000000005,164.655,74.455,2330.0,7874.0,5317.0,5705.55,2191.173832267542,17.36,17.39,0.0300000000000011,17.375,0.0150000000000005,0.0089,0.02658,0.01768,0.01774,0.0088399999999999,2.0,7.0,5.0,4.5,2.5,-2.0,-1.0,1.0,-1.5,0.5,8.4e-06,1.34e-05,2.4000000000000007e-06,1.3e-05,1.1500000000000004e-06,1.1,1.1,0.0,1.1,0.0,116.0,200.0,37.0,141.95,16.499579113843055,490.0,700.0,0.0,628.0,0.0,26.0,75.0,0.0,47.0,0.0,3.0,6.0,1.5,4.55,0.7071067811865476,628.0,970.0,0.0,716.75,0.0,10.0,10.0,0.0,10.0,0.0,22.98976928,1.8,0.93,5.13907696,1.16,0.0,0.6000000000000001,0.6000000000000001,0.0,0.0,0.0,0.0,0.0,0.0,0.0,0.0,3.707624839885056
Na,Na0-0.5PrCl3,PrCl3,NaPr2Cl6,mp-aaaabiit,11.0,59.0,48.0,25.666666666666664,17.913371790059205,11.0,99.0,88.0,74.11111111111111,35.61661423937631,22.98976928,140.90765,117.91788072,57.50256325333333,44.74750070768722,171.6,1208.0,1036.4,424.0522222222222,423.5261152062862,1.0,17.0,16.0,12.11111111111111,6.935327348589882,3.0,6.0,3.0,3.6666666666666665,1.2472191289246473,1.0,1.85,0.8500000000000001,1.2777777777777777,0.393072732251305,0.93,3.16,2.23,2.461111111111111,0.9898759119140412,239.11,3563.0,3323.89,1079.628888888889,1357.2410214634724,968.0,6640.0,5672.0,4749.333333333333,2673.806441926732,17.39,23.78,6.390000000000001,18.857777777777777,2.228575916876953,0.0089,140.0,139.9911,18.450377777777778,43.30031115358507,1.0,7.0,6.0,5.666666666666666,2.0548046676563256,-1.0,2.0,3.0,-0.3333333333333333,1.2472191289246473,6.7e-06,7.1e-05,6.43e-05,2.813333333333333e-05,3.031131068686334e-05,1.1,29.0,27.9,7.877777777777777,11.40377888419037,10.0,37.0,27.0,28.0,12.727922061357855,0.69,481.0,480.31,320.89666666666665,226.4203053811404,3.3,15.0,11.7,11.1,5.515432893255071,0.5,0.5,0.0,0.5,0.0,400.0,400.0,0.0,400.0,0.0,4.77e-08,10.0,9.9999999523,6.666666827522222,4.714044980426212,17.0,59.0,42.0,27.5,18.18653347947321,31.0,99.0,68.0,82.0,29.444863728670917,35.453,140.90765,105.45465,61.8166625,45.66320292359832,171.6,1208.0,1036.4,430.7,448.7743642410961,3.0,17.0,14.0,13.5,6.06217782649107,3.0,6.0,3.0,3.75,1.299038105676658,1.0,1.85,0.8500000000000001,1.2125,0.3680607966083865,1.13,3.16,2.03,2.6525,0.8790157848412053,239.11,3563.0,3323.89,1070.0825,1439.2865896925289,6640.0,6640.0,0.0,6640.0,0.0,17.39,20.8,3.41,18.2425,1.476573313452468,0.0089,13.0,12.9911,3.256675,5.625311311552011,4.0,7.0,3.0,6.25,1.299038105676658,-1.0,2.0,3.0,-0.25,1.299038105676658,6.7e-06,6.7e-06,0.0,6.7e-06,0.0,1.1,29.0,27.9,8.075,12.08105438279292,37.0,37.0,0.0,37.0,0.0,481.0,481.0,0.0,481.0,0.0,15.0,15.0,0.0,15.0,0.0,3.0,6.0,1.5,4.55,0.7071067811865476,400.0,400.0,0.0,400.0,0.0,7e-07,10.0,9.9999993,7.500000175,4.330126715813302,22.98976928,1.8,0.93,5.13907696,1.16,0.0,0.111111111111111,0.111111111111111,0.0,0.0,0.0,0.0,0.0,0.0,0.0,0.0,0.045039906551725
Na,Na0-1Rb2SbCl6,Rb2SbCl6,Rb2NaSbCl6,mp-aaacqrtg,11.0,51.0,40.0,23.8,12.367699866992243,9.0,99.0,90.0,71.1,40.34959727184399,22.98976928,121.76,98.77023072,52.840336928,30.958029576479877,171.6,903.78,732.18,292.917,216.40263852596624,1.0,17.0,16.0,12.0,7.224956747275377,3.0,5.0,2.0,3.6,0.916515138991168,1.0,2.35,1.35,1.395,0.541040663906143,0.82,3.16,2.3400000000000003,2.358,1.0355752024841074,239.11,1860.0,1620.89,637.2660000000001,540.8271447551426,968.0,6697.0,5729.0,2682.25,2329.3250497730023,17.39,55.76,38.37,25.783,15.104838330813076,0.0089,140.0,139.9911,28.00534,43.65891637466967,1.0,7.0,6.0,5.0,2.683281572999748,-3.0,1.0,4.0,-0.8,1.077032961426901,1.1e-05,7.1e-05,6.000000000000001e-05,4.1e-05,3e-05,1.1,42.0,40.9,5.99,12.102268382414923,2.4,55.0,52.6,17.45,21.900399539734423,0.216,294.0,293.784,73.7805,127.1439348641924,3.3,20.0,16.7,11.65,8.350000000000001,0.3,3.0,2.7,1.025,1.1431863365173676,628.0,970.0,0.0,706.0,0.0,4.77e-08,10.0,9.9999999523,6.00000007207,4.898979397298994,17.0,51.0,34.0,25.22222222222222,12.23635546483218,9.0,99.0,90.0,77.77777777777777,36.91966587599435,35.453,121.76,86.307,56.157066666666665,30.901156573536564,171.6,903.78,732.18,284.2555555555556,226.4580323695571,1.0,17.0,16.0,13.22222222222222,6.562143582325956,3.0,5.0,2.0,3.666666666666667,0.9428090415820634,1.0,2.35,1.35,1.35,0.552268050859363,0.82,3.16,2.3400000000000003,2.5166666666666666,0.9694442852594586,239.11,1860.0,1620.89,579.6288888888888,540.1601319247725,1532.0,6697.0,5165.0,3253.666666666666,2434.8043498856787,17.39,55.76,38.37,26.005555555555556,15.906335642763448,0.0089,58.0,57.9911,15.561488888888888,23.862013157384894,1.0,7.0,6.0,5.444444444444444,2.454524670486058,-3.0,1.0,4.0,-0.7777777777777777,1.133115447465063,1.1e-05,1.1e-05,0.0,1.1e-05,0.0,1.1,42.0,40.9,5.955555555555555,12.75644596195378,2.4,55.0,52.6,19.933333333333334,24.795877793608263,0.216,294.0,293.784,98.144,138.49110573607246,20.0,20.0,0.0,20.0,0.0,0.3,3.0,2.7,1.2,1.2727922061357857,628.0,970.0,0.0,716.75,0.0,1.28e-07,10.0,9.999999872,6.666666741444444,4.71404510215857,22.98976928,1.8,0.93,5.13907696,1.16,0.0,0.1,0.1,0.0,0.0,0.0,0.0,0.0,0.0,0.0,0.0,3.043628696551717
Na,Na0-1Rb2VCl6,Rb2VCl6,Rb2NaVCl6,mp-aaacqrvq,11.0,37.0,26.0,21.0,8.438009243891594,9.0,99.0,90.0,67.7,40.21454960583296,22.98976928,85.4678,62.47803071999999,45.758486928,20.82343771349525,171.6,2183.0,2011.4,420.839,591.9392520259153,1.0,17.0,16.0,11.0,7.429670248402684,3.0,5.0,2.0,3.5,0.806225774829855,1.0,2.35,1.35,1.385,0.5408558033339386,0.82,3.16,2.3400000000000003,2.316,1.0555396723951216,239.11,3680.0,3440.89,819.266,1017.6861876354616,968.0,6110.0,5142.0,2535.5,2076.5434621023464,8.32,55.76,47.44,24.796,15.871743571517277,0.0089,140.0,139.9911,28.705340000000003,43.64520022878117,1.0,7.0,6.0,5.0,2.683281572999748,-1.0,1.0,2.0,-0.6,0.8,8.4e-06,7.1e-05,6.26e-05,3.97e-05,3.13e-05,1.1,160.0,158.9,17.79,47.428481949141066,2.4,128.0,125.6,35.7,53.37967778096829,0.216,628.0,627.784,157.2805,271.77009893060347,3.3,47.0,43.7,25.15,21.85,0.3,7.0,6.7,2.025,2.873477857927567,628.0,628.0,0.0,628.0,0.0,4.77e-08,10.0,9.9999999523,6.00000005007,4.898979424243381,17.0,37.0,20.0,22.111111111111107,8.171011693711215,9.0,99.0,90.0,74.0,37.416573867739416,35.453,85.4678,50.0148,48.28834444444445,20.43999202886945,171.6,2183.0,2011.4,426.3911111111111,623.7116896708757,1.0,17.0,16.0,12.11111111111111,6.999118110232721,3.0,5.0,2.0,3.555555555555556,0.8314794192830981,1.0,2.35,1.35,1.338888888888889,0.551149192232707,0.82,3.16,2.3400000000000003,2.47,1.000399920031984,239.11,3680.0,3440.89,781.851111111111,1066.1906809389152,1532.0,6110.0,4578.0,3058.0,2158.089896181343,8.32,55.76,47.44,24.90888888888889,16.726477642378494,0.0089,58.0,57.9911,16.339266666666667,24.235547258841827,1.0,7.0,6.0,5.444444444444444,2.454524670486058,-1.0,1.0,2.0,-0.5555555555555556,0.8314794192830981,8.4e-06,8.4e-06,0.0,8.4e-06,0.0,1.1,160.0,158.9,19.06666666666667,49.83073571825147,2.4,128.0,125.6,44.266666666666666,59.20840781135358,0.216,628.0,627.784,209.4773333333333,295.940215680277,47.0,47.0,0.0,47.0,0.0,0.3,7.0,6.7,2.533333333333333,3.1584102892999124,628.0,628.0,0.0,628.0,0.0,1.28e-07,10.0,9.999999872,6.666666716999999,4.714045136728234,22.98976928,1.8,0.93,5.13907696,1.16,0.0,0.1,0.1,0.0,0.0,0.0,0.0,0.0,0.0,0.0,0.0,2.675843536551728
Na,Na0-0.5UCl3,UCl3,NaU2Cl6,mp-aaaabiiq,11.0,92.0,81.0,33.0,31.591137997862628,11.0,99.0,88.0,77.22222222222223,32.158557795805656,22.98976928,238.02891,215.03914072,79.08506547555555,85.04607673077227,171.6,1405.3,1233.7,467.8966666666666,504.822794079489,1.0,17.0,16.0,12.11111111111111,6.935327348589882,3.0,7.0,4.0,3.888888888888888,1.6629588385661962,1.0,1.8,0.8,1.2555555555555555,0.3616662399724398,0.93,3.16,2.23,2.5166666666666666,0.9180171869608736,239.11,4200.0,3960.89,1221.1844444444444,1617.1907922355228,968.0,19050.0,18082.0,13022.666666666666,8523.936544943434,12.49,23.78,11.29,17.011111111111113,3.1191182673044158,0.0089,140.0,139.9911,21.56148888888889,43.299884843712526,1.0,7.0,6.0,6.111111111111111,1.852592444503674,-1.0,3.0,4.0,-0.111111111111111,1.6629588385661962,1.39e-05,7.1e-05,5.7100000000000006e-05,3.293333333333334e-05,2.691719813716791e-05,1.1,100.0,98.9,23.655555555555555,40.83936312244492,10.0,208.0,198.0,142.0,93.33809511662427,0.69,2400.0,2399.31,1600.23,1131.0455807791302,3.3,111.0,107.7,75.1,50.77026688919411,0.5,6.0,5.5,4.166666666666667,2.592724864350674,1960.0,1960.0,0.0,1960.0,0.0,4.77e-08,10.0,9.9999999523,6.6666667341888886,4.714045112419474,17.0,92.0,75.0,35.75,32.47595264191645,45.0,99.0,54.0,85.5,23.382685902179844,35.453,238.02891,202.57591,86.09697750000001,87.71794212737505,171.6,1405.3,1233.7,480.025,534.207770324431,3.0,17.0,14.0,13.5,6.06217782649107,3.0,7.0,4.0,4.0,1.7320508075688772,1.0,1.75,0.75,1.1875,0.3247595264191645,1.38,3.16,1.7800000000000002,2.715,0.7707626093681504,239.11,4200.0,3960.89,1229.3325,1715.1156807978723,19050.0,19050.0,0.0,19050.0,0.0,12.49,17.39,4.9,16.165,2.1217622392718747,0.0089,27.0,26.9911,6.756675,11.68748913804308,6.0,7.0,1.0,6.75,0.4330127018922193,-1.0,3.0,4.0,0.0,1.7320508075688772,1.39e-05,1.39e-05,0.0,1.39e-05,0.0,1.1,100.0,98.9,25.825,42.82495621714049,208.0,208.0,0.0,208.0,0.0,2400.0,2400.0,0.0,2400.0,0.0,111.0,111.0,0.0,111.0,0.0,6.0,6.0,0.0,6.0,0.0,1960.0,1960.0,0.0,1960.0,0.0,2.8e-07,10.0,9.99999972,7.50000007,4.330126897678637,22.98976928,1.8,0.93,5.13907696,1.16,0.0,0.111111111111111,0.111111111111111,0.0,0.0,0.0,0.0,0.0,0.0,0.0,0.0,0.244827496551725
Na,Na0-2UCl6,UCl6,Na2UCl6,mp-aaaabikg,11.0,92.0,81.0,24.0,24.16609194718914,11.0,99.0,88.0,73.44444444444444,37.30686892699255,22.98976928,238.02891,215.03914072,55.191827617777776,64.8426057728926,171.6,1405.3,1233.7,352.96,380.8484255798711,1.0,17.0,16.0,11.888888888888888,7.248669524577817,3.0,7.0,4.0,3.444444444444444,1.2570787221094175,1.0,1.8,0.8,1.261111111111111,0.369517536629242,0.93,3.16,2.23,2.4666666666666663,0.9881407906883624,239.11,4200.0,3960.89,882.9622222222221,1231.03899115772,968.0,19050.0,18082.0,6995.333333333333,8523.936544943435,12.49,23.78,11.29,18.26555555555556,3.31285077341458,0.0089,140.0,139.9911,34.117044444444446,57.206493396624346,1.0,7.0,6.0,5.555555555555555,2.454524670486058,-1.0,3.0,4.0,-0.5555555555555556,1.2570787221094175,1.39e-05,7.1e-05,5.7100000000000006e-05,5.196666666666667e-05,2.691719813716791e-05,1.1,100.0,98.9,13.244444444444444,30.74609681139709,10.0,208.0,198.0,76.0,93.33809511662427,0.69,2400.0,2399.31,800.46,1131.0455807791302,3.3,111.0,107.7,39.2,50.77026688919411,0.5,6.0,5.5,2.333333333333333,2.592724864350674,1960.0,1960.0,0.0,1960.0,0.0,4.77e-08,10.0,9.9999999523,6.666666708377777,4.7140451489218975,17.0,92.0,75.0,27.714285714285715,26.24453295839119,45.0,99.0,54.0,91.28571428571428,18.89606373004166,35.453,238.02891,202.57591,64.3924157142857,70.88680195428117,171.6,1405.3,1233.7,347.8428571428571,431.7050708102295,3.0,17.0,14.0,15.0,4.898979485566356,3.0,7.0,4.0,3.571428571428571,1.3997084244475304,1.0,1.75,0.75,1.1071428571428572,0.2624453295839119,1.38,3.16,1.7800000000000002,2.9057142857142857,0.6228702488791511,239.11,4200.0,3960.89,804.9514285714286,1386.0227753274946,19050.0,19050.0,0.0,19050.0,0.0,12.49,17.39,4.9,16.69,1.7146428199482249,0.0089,27.0,26.9911,3.864771428571428,9.444917513776431,6.0,7.0,1.0,6.857142857142857,0.3499271061118826,-1.0,3.0,4.0,-0.4285714285714285,1.3997084244475302,1.39e-05,1.39e-05,0.0,1.39e-05,0.0,1.1,100.0,98.9,15.228571428571428,34.60779079446519,208.0,208.0,0.0,208.0,0.0,2400.0,2400.0,0.0,2400.0,0.0,111.0,111.0,0.0,111.0,0.0,6.0,6.0,0.0,6.0,0.0,1960.0,1960.0,0.0,1960.0,0.0,2.8e-07,10.0,9.99999972,8.571428611428571,3.499270963139236,22.98976928,1.8,0.93,5.13907696,1.16,0.0,0.222222222222222,0.222222222222222,0.0,0.0,0.0,0.0,0.0,0.0,0.0,0.0,2.665663758218389
Na,Na0-1K2CoF6,K2CoF6,K2NaCoF6,mp-aaacqrip,9.0,27.0,18.0,13.0,6.066300355241241,10.0,102.0,92.0,70.69999999999999,41.05618102064536,18.9984032,58.933195,39.9347918,27.410998348,13.080568530433572,53.53,1768.0,1714.47,313.311,502.5364043420138,1.0,17.0,16.0,11.4,7.2,2.0,4.0,2.0,2.7,0.9,0.5,2.2,1.7000000000000002,1.0550000000000002,0.7150000000000001,0.82,3.98,3.16,2.833,1.4327459649219048,85.03,3200.0,3114.97,693.018,945.887156174562,856.0,8900.0,8044.0,2895.0,3467.289863856208,6.67,45.94,39.27,18.953,14.111776677654731,0.0277,140.0,139.9723,44.01662,54.97761020769818,-1.0,5.0,6.0,0.2,1.833030277982336,-1.0,-1.0,0.0,-1.0,0.0,1.3e-05,7.1e-05,5.800000000000001e-05,4.2e-05,2.9000000000000004e-05,3.1,180.0,176.9,48.125,76.14927363409319,10.0,209.0,199.0,109.5,99.5,0.363,700.0,699.637,175.354,302.90453874694583,1.3,75.0,73.7,20.225,31.63489963631938,0.4,5.0,4.6,1.575,1.9778460506318485,1043.0,1043.0,0.0,1043.0,0.0,4.77e-08,7.2e-08,2.43e-08,6.352500000000002e-08,9.941673651855606e-09,9.0,27.0,18.0,13.22222222222222,6.355710953811152,10.0,102.0,92.0,77.33333333333333,37.85351884420904,18.9984032,58.933195,39.9347918,27.902246022222226,13.70033878666714,53.53,1768.0,1714.47,306.9155555555555,529.3336716017204,1.0,17.0,16.0,12.555555555555554,6.651835354264785,2.0,4.0,2.0,2.6666666666666665,0.9428090415820634,0.5,2.2,1.7000000000000002,0.9722222222222224,0.7067575063906334,0.82,3.98,3.16,3.0444444444444443,1.3541632193688315,85.03,3200.0,3114.97,641.5755555555556,983.6923561551266,856.0,8900.0,8044.0,3537.333333333333,3791.977965243059,6.67,45.94,39.27,18.416666666666664,14.77811294523838,0.0277,100.0,99.9723,33.3518,47.127394173877256,-1.0,5.0,6.0,0.1111111111111111,1.911627837120584,-1.0,-1.0,0.0,-1.0,0.0,1.3e-05,1.3e-05,0.0,1.3e-05,0.0,3.1,180.0,176.9,62.06666666666666,83.3914597279335,209.0,209.0,0.0,209.0,0.0,0.363,700.0,699.637,233.5753333333333,329.812044712675,1.3,75.0,73.7,25.866666666666667,34.74251318229903,0.4,5.0,4.6,1.933333333333333,2.1684607956387456,1043.0,1043.0,0.0,1043.0,0.0,6.24e-08,7.2e-08,9.599999999999992e-09,6.88e-08,4.525483399593901e-09,22.98976928,1.8,0.93,5.13907696,1.16,0.0,0.1,0.1,0.0,0.0,0.0,0.0,0.0,0.0,0.0,0.0,5.137211306551723
Na,Na0-1Rb2CoF6,Rb2CoF6,Rb2NaCoF6,mp-aaabfxsg,9.0,37.0,28.0,16.599999999999998,11.48216007552586,9.0,102.0,93.0,70.5,41.352750815393165,18.9984032,85.4678,66.4693968,36.684898348,27.053574468087103,53.53,1768.0,1714.47,308.497,502.406193772529,1.0,17.0,16.0,11.4,7.2,2.0,5.0,3.0,2.9000000000000004,1.2206555615733703,0.5,2.35,1.85,1.085,0.7638880808076535,0.82,3.98,3.16,2.833,1.4327459649219048,85.03,3200.0,3114.97,678.818,941.2130382734824,968.0,8900.0,7932.0,3233.0,3279.935822542874,6.67,55.76,49.09,20.917,17.90464635227404,0.0277,140.0,139.9723,35.616620000000005,48.62362430084372,-1.0,5.0,6.0,0.2,1.833030277982336,-1.0,1.0,2.0,-0.6,0.8,1.3e-05,7.1e-05,5.800000000000001e-05,4.2e-05,2.9000000000000004e-05,2.5,180.0,177.5,47.825,76.32703895082005,2.4,209.0,206.6,55.95,88.41791390889067,0.216,700.0,699.784,175.2805,302.94700637694046,3.3,75.0,71.7,39.15,35.85,0.3,5.0,4.7,1.525,2.0079529376955025,1043.0,1043.0,0.0,1043.0,0.0,4.77e-08,1.28e-07,8.030000000000001e-08,9.1525e-08,3.68434101977545e-08,9.0,37.0,28.0,17.22222222222222,11.942247860039467,9.0,102.0,93.0,77.11111111111111,38.24902161259798,18.9984032,85.4678,66.4693968,38.206579355555554,28.108050916686505,53.53,1768.0,1714.47,301.56666666666666,529.1289675390008,1.0,17.0,16.0,12.555555555555554,6.651835354264785,2.0,5.0,3.0,2.888888888888889,1.286204100310025,0.5,2.35,1.85,1.0055555555555555,0.7650143224673946,0.82,3.98,3.16,3.0444444444444443,1.3541632193688315,85.03,3200.0,3114.97,625.7977777777778,977.8557538112298,1532.0,8900.0,7368.0,3988.0,3473.3085091883213,6.67,55.76,49.09,20.598888888888887,18.846326163911712,0.0277,100.0,99.9723,24.018466666666665,35.80196135933834,-1.0,5.0,6.0,0.1111111111111111,1.911627837120584,-1.0,1.0,2.0,-0.5555555555555556,0.8314794192830981,1.3e-05,1.3e-05,0.0,1.3e-05,0.0,2.5,180.0,177.5,61.66666666666666,83.67430244040813,2.4,209.0,206.6,71.26666666666665,97.39217399542714,0.216,700.0,699.784,233.4773333333333,329.8813411772313,75.0,75.0,0.0,75.0,0.0,0.3,5.0,4.7,1.8666666666666665,2.215601247717849,1043.0,1043.0,0.0,1043.0,0.0,6.24e-08,1.28e-07,6.56e-08,1.0613333333333333e-07,3.0924136563891674e-08,22.98976928,1.8,0.93,5.13907696,1.16,0.0,0.1,0.1,0.0,0.0,0.0,0.0,0.0,0.0,0.0,0.0,4.910117116551735
Na,Na0-2CoH8(SO6)2,CoH8(SO6)2,Na2CoH8(SO6)2,mp-aaacpbgj,1.0,27.0,26.0,7.399999999999999,5.96657355607052,11.0,103.0,92.0,92.4,25.179356624028344,1.00794,58.933195,57.925255,14.7639621424,12.987750538282723,14.01,1768.0,1753.99,162.2456,351.11684356157,1.0,16.0,15.0,9.72,7.247178761421579,1.0,4.0,3.0,1.92,0.7959899496852959,0.25,1.8,1.55,0.646,0.4331096858764532,0.93,3.44,2.51,2.7112,0.7882909107683533,20.28,3200.0,3179.72,327.6952,674.0820655802675,968.0,8900.0,7932.0,2951.2,3007.302472316345,6.67,23.78,17.11,15.398799999999998,3.947241386082184,0.02658,140.0,139.97342,15.2869184,41.64521884478473,1.0,6.0,5.0,2.04,1.4277254638059798,-2.0,-1.0,1.0,-1.56,0.4963869458396343,1.3e-05,7.1e-05,5.800000000000001e-05,5.166666666666668e-05,2.7341462205879843e-05,6.3,180.0,173.7,41.6,69.20283231197983,10.0,209.0,199.0,76.33333333333334,93.80949963741531,0.69,700.0,699.31,233.79333333333335,329.6578954343764,3.3,75.0,71.7,27.200000000000003,33.799704140716976,0.5,5.0,4.5,2.0,1.6431676725154982,1043.0,1043.0,0.0,1043.0,0.0,4.77e-08,2000000000000000.0,2000000000000000.0,799999999999999.9,979795897113271.2,1.0,27.0,26.0,7.08695652173913,6.121331508168157,64.0,103.0,39.0,99.4782608695652,7.928317795243947,1.00794,58.933195,57.925255,14.04867456521739,13.302412595287311,14.01,1768.0,1753.99,144.10434782608695,360.4018439346991,1.0,16.0,15.0,10.478260869565217,7.064113626156605,1.0,4.0,3.0,1.826086956521739,0.7605589428059086,0.25,1.35,1.1,0.5456521739130434,0.2793287931259274,1.88,3.44,1.56,2.8660869565217397,0.6128319092216905,20.28,3200.0,3179.72,255.66869565217388,655.0196909240963,1960.0,8900.0,6940.0,4273.333333333333,3271.54737428976,6.67,17.36,10.69,14.67,3.2087678794745846,0.02658,100.0,99.97342,4.442302608695652,20.3731173717706,1.0,6.0,5.0,2.130434782608696,1.4537611736783032,-2.0,-1.0,1.0,-1.608695652173913,0.4880422678400793,1.3e-05,1.3e-05,0.0,1.3e-05,0.0,7.7,180.0,172.3,65.13333333333333,81.22299893229476,209.0,209.0,0.0,209.0,0.0,700.0,700.0,0.0,700.0,0.0,75.0,75.0,0.0,75.0,0.0,2.0,5.0,3.0,3.0,1.4142135623730951,1043.0,1043.0,0.0,1043.0,0.0,6.24e-08,2000000000000000.0,2000000000000000.0,1333333333333333.2,942809041582063.4,22.98976928,1.8,0.93,5.13907696,1.16,0.0,0.08,0.08,0.0,0.0,0.0,0.0,0.0,0.0,0.0,0.0,4.997184529051726
Na,Na0-1CoO2,CoO2,NaCoO2,mp-aaacuktx,8.0,27.0,19.0,13.5,7.88986691902975,11.0,101.0,90.0,69.25,36.86716018355632,15.9994,58.933195,42.933795,28.48044107,17.812007684485526,54.8,1768.0,1713.2,562.1175,708.0731427040218,1.0,16.0,15.0,10.5,6.18465843842649,2.0,4.0,2.0,2.75,0.82915619758885,0.6,1.8,1.2000000000000002,1.0875,0.5128047874191504,0.93,3.44,2.51,2.4225,1.0715030331268316,90.2,3200.0,3109.8,1134.1,1269.6334943596912,968.0,8900.0,7932.0,4934.0,3966.0,6.67,23.78,17.11,16.2925,6.142765562024975,0.02658,140.0,139.97342,60.01329,61.63120456898518,1.0,5.0,4.0,2.5,1.5,-2.0,-1.0,1.0,-1.5,0.5,1.3e-05,7.1e-05,5.800000000000001e-05,4.2e-05,2.9000000000000004e-05,6.3,180.0,173.7,93.15,86.85000000000001,10.0,209.0,199.0,109.5,99.5,0.69,700.0,699.31,350.345,349.655,3.3,75.0,71.7,39.15,35.85,0.5,5.0,4.5,2.75,2.25,1043.0,1043.0,0.0,1043.0,0.0,4.77e-08,6.24e-08,1.4700000000000006e-08,5.505e-08,7.350000000000003e-09,8.0,27.0,19.0,14.333333333333332,8.956685895029603,64.0,101.0,37.0,88.66666666666666,17.441967269268172,15.9994,58.933195,42.933795,30.310665,20.23918505771539,54.8,1768.0,1713.2,625.8666666666666,807.6102250191955,9.0,16.0,7.0,13.666666666666666,3.2998316455372216,2.0,4.0,2.0,2.6666666666666665,0.9428090415820634,0.6,1.35,0.7500000000000001,0.85,0.3535533905932738,1.88,3.44,1.56,2.9199999999999995,0.7353910524340094,90.2,3200.0,3109.8,1126.8,1465.9737787559502,8900.0,8900.0,0.0,8900.0,0.0,6.67,17.36,10.69,13.796666666666663,5.039314327256128,0.02658,100.0,99.97342,33.351053333333326,47.12792214694053,2.0,5.0,3.0,3.0,1.4142135623730951,-2.0,-1.0,1.0,-1.6666666666666663,0.4714045207910317,1.3e-05,1.3e-05,0.0,1.3e-05,0.0,180.0,180.0,0.0,180.0,0.0,209.0,209.0,0.0,209.0,0.0,700.0,700.0,0.0,700.0,0.0,75.0,75.0,0.0,75.0,0.0,5.0,5.0,0.0,5.0,0.0,1043.0,1043.0,0.0,1043.0,0.0,6.24e-08,6.24e-08,0.0,6.24e-08,0.0,22.98976928,1.8,0.93,5.13907696,1.16,0.0,0.25,0.25,0.0,0.0,0.0,0.0,0.0,0.0,0.0,0.0,2.662275291551726
Na,Na0-1CoO2,CoO2,NaCoO2,mp-aaacupmn,8.0,27.0,19.0,13.5,7.88986691902975,11.0,101.0,90.0,69.25,36.86716018355632,15.9994,58.933195,42.933795,28.48044107,17.812007684485526,54.8,1768.0,1713.2,562.1175,708.0731427040218,1.0,16.0,15.0,10.5,6.18465843842649,2.0,4.0,2.0,2.75,0.82915619758885,0.6,1.8,1.2000000000000002,1.0875,0.5128047874191504,0.93,3.44,2.51,2.4225,1.0715030331268316,90.2,3200.0,3109.8,1134.1,1269.6334943596912,968.0,8900.0,7932.0,4934.0,3966.0,6.67,23.78,17.11,16.2925,6.142765562024975,0.02658,140.0,139.97342,60.01329,61.63120456898518,1.0,5.0,4.0,2.5,1.5,-2.0,-1.0,1.0,-1.5,0.5,1.3e-05,7.1e-05,5.800000000000001e-05,4.2e-05,2.9000000000000004e-05,6.3,180.0,173.7,93.15,86.85000000000001,10.0,209.0,199.0,109.5,99.5,0.69,700.0,699.31,350.345,349.655,3.3,75.0,71.7,39.15,35.85,0.5,5.0,4.5,2.75,2.25,1043.0,1043.0,0.0,1043.0,0.0,4.77e-08,6.24e-08,1.4700000000000006e-08,5.505e-08,7.350000000000003e-09,8.0,27.0,19.0,14.333333333333332,8.956685895029603,64.0,101.0,37.0,88.66666666666666,17.441967269268172,15.9994,58.933195,42.933795,30.310665,20.23918505771539,54.8,1768.0,1713.2,625.8666666666666,807.6102250191955,9.0,16.0,7.0,13.666666666666666,3.2998316455372216,2.0,4.0,2.0,2.6666666666666665,0.9428090415820634,0.6,1.35,0.7500000000000001,0.85,0.3535533905932738,1.88,3.44,1.56,2.9199999999999995,0.7353910524340094,90.2,3200.0,3109.8,1126.8,1465.9737787559502,8900.0,8900.0,0.0,8900.0,0.0,6.67,17.36,10.69,13.796666666666663,5.039314327256128,0.02658,100.0,99.97342,33.351053333333326,47.12792214694053,2.0,5.0,3.0,3.0,1.4142135623730951,-2.0,-1.0,1.0,-1.6666666666666663,0.4714045207910317,1.3e-05,1.3e-05,0.0,1.3e-05,0.0,180.0,180.0,0.0,180.0,0.0,209.0,209.0,0.0,209.0,0.0,700.0,700.0,0.0,700.0,0.0,75.0,75.0,0.0,75.0,0.0,5.0,5.0,0.0,5.0,0.0,1043.0,1043.0,0.0,1043.0,0.0,6.24e-08,6.24e-08,0.0,6.24e-08,0.0,22.98976928,1.8,0.93,5.13907696,1.16,0.0,0.25,0.25,0.0,0.0,0.0,0.0,0.0,0.0,0.0,0.0,3.008840576551722
Na,Na2-3.5CoO3,Na2CoO3,Na7(CoO3)2,mp-aaabsers,8.0,27.0,19.0,11.933333333333334,6.071426704014652,11.0,101.0,90.0,54.06666666666668,41.94991722942437,15.9994,58.933195,42.933795,24.98607833066667,13.704676899064582,54.8,1768.0,1713.2,430.726,544.6469701962915,1.0,16.0,15.0,8.066666666666666,6.9710512518239,2.0,4.0,2.0,2.7333333333333334,0.6798692684790381,0.6,1.8,1.2000000000000002,1.26,0.5580322571321482,0.93,3.44,2.51,2.060666666666667,1.1670330853160171,90.2,3200.0,3109.8,1002.2133333333336,993.8710431886468,968.0,8900.0,7932.0,2730.666666666667,3297.647376876768,6.67,23.78,17.11,18.930666666666667,5.657220126135765,0.02658,140.0,139.97342,78.67729866666666,65.4971980859845,1.0,5.0,4.0,1.9333333333333331,1.2892719737209144,-2.0,-1.0,1.0,-1.4,0.4898979485566356,1.3e-05,7.1e-05,5.800000000000001e-05,5.811111111111112e-05,2.411290315920985e-05,6.3,180.0,173.7,44.9,72.21398756473707,10.0,209.0,199.0,54.22222222222223,82.73220221866826,0.69,700.0,699.31,156.09222222222223,290.73093634943166,3.3,75.0,71.7,19.23333333333333,29.808537181299062,0.5,5.0,4.5,1.5,1.8708286933869709,1043.0,1043.0,0.0,1043.0,0.0,4.77e-08,6.24e-08,1.4700000000000006e-08,5.0966666666666666e-08,6.111373731730773e-09,8.0,27.0,19.0,12.166666666666666,6.7679801680823175,11.0,101.0,90.0,64.83333333333333,40.25094891911108,15.9994,58.933195,42.933795,25.48515559333333,15.281600719955314,54.8,1768.0,1713.2,445.69,608.0138125075778,1.0,16.0,15.0,9.833333333333334,6.718548123582124,2.0,4.0,2.0,2.6666666666666665,0.7453559924999299,0.6,1.8,1.2000000000000002,1.125,0.5460082416960389,0.93,3.44,2.51,2.3433333333333333,1.141470786115683,90.2,3200.0,3109.8,963.7666666666664,1107.8509973016326,968.0,8900.0,7932.0,3612.0,3739.180658914463,6.67,23.78,17.11,17.718333333333334,5.714579064890859,0.02658,140.0,139.97342,63.346623333333326,64.70862126110391,1.0,5.0,4.0,2.1666666666666665,1.3437096247164249,-2.0,-1.0,1.0,-1.5,0.5,1.3e-05,7.1e-05,5.800000000000001e-05,5.166666666666667e-05,2.734146220587984e-05,6.3,180.0,173.7,64.2,81.8829652614022,10.0,209.0,199.0,76.33333333333333,93.80949963741531,0.69,700.0,699.31,233.7933333333333,329.6578954343764,3.3,75.0,71.7,27.2,33.79970414071697,0.5,5.0,4.5,2.0,2.1213203435596424,1043.0,1043.0,0.0,1043.0,0.0,4.77e-08,6.24e-08,1.4700000000000006e-08,5.26e-08,6.929646455628169e-09,22.98976928,1.8,0.93,5.13907696,1.16,0.333333333333333,0.466666666666666,0.133333333333333,0.0,0.0,0.0,0.0,0.0,0.0,0.0,0.0,2.179217496551723
Na,Na4-5CoO4,Na4CoO4,Na5CoO4,mp-aaabrgjk,8.0,27.0,19.0,11.4,5.388877434122992,11.0,101.0,90.0,52.3,42.60528136276065,15.9994,58.933195,42.933795,23.78796414,12.169715497195998,54.8,1768.0,1713.2,384.155,484.748213431468,1.0,16.0,15.0,7.800000000000001,7.0823724838503095,2.0,4.0,2.0,2.7,0.6403124237432849,0.6,1.8,1.2000000000000002,1.275,0.5662375826453063,0.93,3.44,2.51,2.029,1.1842672840199546,90.2,3200.0,3109.8,934.08,907.1477110151357,968.0,8900.0,7932.0,2290.0,2956.081866254722,6.67,23.78,17.11,19.501,5.239458846102334,0.02658,140.0,139.97342,80.010632,66.3196731713836,1.0,5.0,4.0,1.8,1.1661903789690602,-2.0,-1.0,1.0,-1.4,0.4898979485566356,1.3e-05,7.1e-05,5.800000000000001e-05,6.133333333333334e-05,2.161532378249797e-05,6.3,180.0,173.7,35.25,64.73416794861892,10.0,209.0,199.0,43.16666666666667,74.16292125374302,0.69,700.0,699.31,117.24166666666667,260.617449557563,3.3,75.0,71.7,15.250000000000002,26.72101233112249,0.5,5.0,4.5,1.2500000000000002,1.6770509831248426,1043.0,1043.0,0.0,1043.0,0.0,4.77e-08,6.24e-08,1.4700000000000006e-08,5.015e-08,5.478366544874487e-09,8.0,27.0,19.0,11.444444444444445,5.678636595191394,11.0,101.0,90.0,56.888888888888886,42.50083514066896,15.9994,58.933195,42.933795,23.87665245777778,12.824940317093104,54.8,1768.0,1713.2,385.6311111111111,510.9481603286285,1.0,16.0,15.0,8.555555555555555,7.072813539039799,2.0,4.0,2.0,2.6666666666666665,0.6666666666666666,0.6,1.8,1.2000000000000002,1.2166666666666666,0.5676462121975466,0.93,3.44,2.51,2.1511111111111108,1.1871014600880625,90.2,3200.0,3109.8,909.422222222222,953.0331203033091,968.0,8900.0,7932.0,2554.4,3172.8,6.67,23.78,17.11,19.02555555555556,5.314289146800583,0.02658,140.0,139.97342,73.34514666666666,66.65367204187461,1.0,5.0,4.0,1.8888888888888888,1.1967032904743342,-2.0,-1.0,1.0,-1.4444444444444444,0.4969039949999532,1.3e-05,7.1e-05,5.800000000000001e-05,5.94e-05,2.32e-05,6.3,180.0,173.7,41.04,69.48,10.0,209.0,199.0,49.8,79.6,0.69,700.0,699.31,140.552,279.72399999999993,3.3,75.0,71.7,17.639999999999997,28.68,0.5,5.0,4.5,1.4,1.8,1043.0,1043.0,0.0,1043.0,0.0,4.77e-08,6.24e-08,1.4700000000000006e-08,5.064e-08,5.880000000000002e-09,22.98976928,1.8,0.93,5.13907696,1.16,0.444444444444444,0.5,0.055555555555556,0.0,0.0,0.0,0.0,0.0,0.0,0.0,0.0,1.6768774440517231
Na,Na0-1CoO2,CoO2,NaCoO2,mp-aaaablio,8.0,27.0,19.0,13.5,7.88986691902975,11.0,101.0,90.0,69.25,36.86716018355632,15.9994,58.933195,42.933795,28.48044107,17.812007684485526,54.8,1768.0,1713.2,562.1175,708.0731427040218,1.0,16.0,15.0,10.5,6.18465843842649,2.0,4.0,2.0,2.75,0.82915619758885,0.6,1.8,1.2000000000000002,1.0875,0.5128047874191504,0.93,3.44,2.51,2.4225,1.0715030331268316,90.2,3200.0,3109.8,1134.1,1269.6334943596912,968.0,8900.0,7932.0,4934.0,3966.0,6.67,23.78,17.11,16.2925,6.142765562024975,0.02658,140.0,139.97342,60.01329,61.63120456898518,1.0,5.0,4.0,2.5,1.5,-2.0,-1.0,1.0,-1.5,0.5,1.3e-05,7.1e-05,5.800000000000001e-05,4.2e-05,2.9000000000000004e-05,6.3,180.0,173.7,93.15,86.85000000000001,10.0,209.0,199.0,109.5,99.5,0.69,700.0,699.31,350.345,349.655,3.3,75.0,71.7,39.15,35.85,0.5,5.0,4.5,2.75,2.25,1043.0,1043.0,0.0,1043.0,0.0,4.77e-08,6.24e-08,1.4700000000000006e-08,5.505e-08,7.350000000000003e-09,8.0,27.0,19.0,14.333333333333332,8.956685895029603,64.0,101.0,37.0,88.66666666666666,17.441967269268172,15.9994,58.933195,42.933795,30.310665,20.23918505771539,54.8,1768.0,1713.2,625.8666666666666,807.6102250191955,9.0,16.0,7.0,13.666666666666666,3.2998316455372216,2.0,4.0,2.0,2.6666666666666665,0.9428090415820634,0.6,1.35,0.7500000000000001,0.85,0.3535533905932738,1.88,3.44,1.56,2.9199999999999995,0.7353910524340094,90.2,3200.0,3109.8,1126.8,1465.9737787559502,8900.0,8900.0,0.0,8900.0,0.0,6.67,17.36,10.69,13.796666666666663,5.039314327256128,0.02658,100.0,99.97342,33.351053333333326,47.12792214694053,2.0,5.0,3.0,3.0,1.4142135623730951,-2.0,-1.0,1.0,-1.6666666666666663,0.4714045207910317,1.3e-05,1.3e-05,0.0,1.3e-05,0.0,180.0,180.0,0.0,180.0,0.0,209.0,209.0,0.0,209.0,0.0,700.0,700.0,0.0,700.0,0.0,75.0,75.0,0.0,75.0,0.0,5.0,5.0,0.0,5.0,0.0,1043.0,1043.0,0.0,1043.0,0.0,6.24e-08,6.24e-08,0.0,6.24e-08,0.0,22.98976928,1.8,0.93,5.13907696,1.16,0.0,0.25,0.25,0.0,0.0,0.0,0.0,0.0,0.0,0.0,0.0,3.056321886551724
Na,Na0-1CoO2,CoO2,NaCoO2,mp-aaaabwje,8.0,27.0,19.0,13.5,7.88986691902975,11.0,101.0,90.0,69.25,36.86716018355632,15.9994,58.933195,42.933795,28.48044107,17.812007684485526,54.8,1768.0,1713.2,562.1175,708.0731427040218,1.0,16.0,15.0,10.5,6.18465843842649,2.0,4.0,2.0,2.75,0.82915619758885,0.6,1.8,1.2000000000000002,1.0875,0.5128047874191504,0.93,3.44,2.51,2.4225,1.0715030331268316,90.2,3200.0,3109.8,1134.1,1269.6334943596912,968.0,8900.0,7932.0,4934.0,3966.0,6.67,23.78,17.11,16.2925,6.142765562024975,0.02658,140.0,139.97342,60.01329,61.63120456898518,1.0,5.0,4.0,2.5,1.5,-2.0,-1.0,1.0,-1.5,0.5,1.3e-05,7.1e-05,5.800000000000001e-05,4.2e-05,2.9000000000000004e-05,6.3,180.0,173.7,93.15,86.85000000000001,10.0,209.0,199.0,109.5,99.5,0.69,700.0,699.31,350.345,349.655,3.3,75.0,71.7,39.15,35.85,0.5,5.0,4.5,2.75,2.25,1043.0,1043.0,0.0,1043.0,0.0,4.77e-08,6.24e-08,1.4700000000000006e-08,5.505e-08,7.350000000000003e-09,8.0,27.0,19.0,14.333333333333332,8.956685895029603,64.0,101.0,37.0,88.66666666666666,17.441967269268172,15.9994,58.933195,42.933795,30.310665,20.23918505771539,54.8,1768.0,1713.2,625.8666666666666,807.6102250191955,9.0,16.0,7.0,13.666666666666666,3.2998316455372216,2.0,4.0,2.0,2.6666666666666665,0.9428090415820634,0.6,1.35,0.7500000000000001,0.85,0.3535533905932738,1.88,3.44,1.56,2.9199999999999995,0.7353910524340094,90.2,3200.0,3109.8,1126.8,1465.9737787559502,8900.0,8900.0,0.0,8900.0,0.0,6.67,17.36,10.69,13.796666666666663,5.039314327256128,0.02658,100.0,99.97342,33.351053333333326,47.12792214694053,2.0,5.0,3.0,3.0,1.4142135623730951,-2.0,-1.0,1.0,-1.6666666666666663,0.4714045207910317,1.3e-05,1.3e-05,0.0,1.3e-05,0.0,180.0,180.0,0.0,180.0,0.0,209.0,209.0,0.0,209.0,0.0,700.0,700.0,0.0,700.0,0.0,75.0,75.0,0.0,75.0,0.0,5.0,5.0,0.0,5.0,0.0,1043.0,1043.0,0.0,1043.0,0.0,6.24e-08,6.24e-08,0.0,6.24e-08,0.0,22.98976928,1.8,0.93,5.13907696,1.16,0.0,0.25,0.25,0.0,0.0,0.0,0.0,0.0,0.0,0.0,0.0,2.606248111551721
Na,Na0-1Co2P3O10,Co2P3O10,NaCo2P3O10,mp-aaaabljy,8.0,27.0,19.0,11.875,6.313428149587195,11.0,101.0,90.0,88.6875,23.419326287278206,15.9994,58.933195,42.933795,24.61071533,14.190016942803622,54.8,1768.0,1713.2,337.923125,553.0703059028612,1.0,16.0,15.0,14.0,4.046603514059662,2.0,4.0,2.0,2.5,0.7071067811865476,0.6,1.8,1.2000000000000002,0.84375,0.3617988909601576,0.93,3.44,2.51,2.85375,0.8045097497855448,90.2,3200.0,3109.8,631.75,1013.023549824978,968.0,8900.0,7932.0,4039.5,3450.1606122034377,6.67,23.78,17.11,16.36125,3.985562813141953,0.02658,140.0,139.97342,21.3108625,44.9539544875236,1.0,5.0,4.0,2.875,1.4523687548277813,-3.0,-1.0,2.0,-2.0,0.6123724356957945,1.3e-05,7.1e-05,5.800000000000001e-05,3.233333333333334e-05,2.734146220587984e-05,6.3,180.0,173.7,66.55,80.23847269234379,10.0,209.0,199.0,142.66666666666666,93.80949963741531,0.69,700.0,699.31,466.89666666666665,329.6578954343764,3.3,75.0,71.7,51.1,33.799704140716976,0.5,5.0,4.5,3.5,2.1213203435596424,1043.0,1043.0,0.0,1043.0,0.0,4.77e-08,1e-07,5.23e-08,7.875e-08,2.1807624813353695e-08,8.0,27.0,19.0,11.933333333333334,6.516304337753281,64.0,101.0,37.0,93.86666666666666,12.48394524534968,15.9994,58.933195,42.933795,24.7187784,14.649010576120569,54.8,1768.0,1713.2,335.7266666666667,571.1409837237115,9.0,16.0,7.0,14.866666666666667,2.334285520001546,2.0,4.0,2.0,2.466666666666667,0.7180219742846006,0.6,1.35,0.7500000000000001,0.78,0.2731300056749533,1.88,3.44,1.56,2.982,0.6536176252213522,90.2,3200.0,3109.8,596.8000000000001,1036.8640798098852,1823.0,8900.0,7077.0,4653.799999999999,3467.00778193531,6.67,17.36,10.69,15.866666666666664,3.6096937389325543,0.02658,100.0,99.97342,13.398253333333336,33.96809902168144,2.0,5.0,3.0,3.0,1.4142135623730951,-3.0,-1.0,2.0,-2.0666666666666664,0.5734883511361751,1.3e-05,1.3e-05,0.0,1.3e-05,0.0,11.0,180.0,169.0,78.6,82.79275330607142,209.0,209.0,0.0,209.0,0.0,700.0,700.0,0.0,700.0,0.0,75.0,75.0,0.0,75.0,0.0,5.0,5.0,0.0,5.0,0.0,1043.0,1043.0,0.0,1043.0,0.0,6.24e-08,1e-07,3.759999999999999e-08,8.496e-08,1.8420162865729496e-08,22.98976928,1.8,0.93,5.13907696,1.16,0.0,0.0625,0.0625,0.0,0.0,0.0,0.0,0.0,0.0,0.0,0.0,4.302846381551721
Na,Na0-1CoPO4,CoPO4,NaCoPO4,mp-aaabwjlh,8.0,27.0,19.0,12.142857142857142,6.534055214873869,11.0,101.0,90.0,81.28571428571428,31.326457488447527,15.9994,58.933195,42.933795,25.27061804,14.710147835827415,54.8,1768.0,1713.2,382.1957142857143,579.8454299911594,1.0,16.0,15.0,12.714285714285714,5.3375833406484015,2.0,4.0,2.0,2.571428571428571,0.7284313590846836,0.6,1.8,1.2000000000000002,0.9357142857142856,0.4429723352489615,0.93,3.44,2.51,2.68,0.9451379339999608,90.2,3200.0,3109.8,752.3999999999999,1065.6077970542713,968.0,8900.0,7932.0,3897.0,3554.833610733419,6.67,23.78,17.11,16.701428571428572,4.668619950788237,0.02658,140.0,139.97342,34.33461714285714,55.22421438561626,1.0,5.0,4.0,2.714285714285714,1.4846149779161804,-3.0,-1.0,2.0,-1.857142857142857,0.6388765649999398,1.3e-05,7.1e-05,5.800000000000001e-05,4.2e-05,2.9000000000000004e-05,6.3,180.0,173.7,65.76666666666667,80.7979510191248,10.0,209.0,199.0,109.5,99.5,0.69,700.0,699.31,350.345,349.655,3.3,75.0,71.7,39.15,35.85,0.5,5.0,4.5,2.75,2.25,1043.0,1043.0,0.0,1043.0,0.0,4.77e-08,1e-07,5.23e-08,7.003333333333333e-08,2.2023068713409483e-08,8.0,27.0,19.0,12.333333333333332,7.039570693980958,64.0,101.0,37.0,93.0,13.576941236277534,15.9994,58.933195,42.933795,25.6507595,15.856911370228165,54.8,1768.0,1713.2,384.08333333333326,626.2847340112608,9.0,16.0,7.0,14.666666666666666,2.560381915956203,2.0,4.0,2.0,2.5,0.7637626158259734,0.6,1.35,0.7500000000000001,0.7916666666666666,0.2892759159618297,1.88,3.44,1.56,2.9716666666666662,0.6683416458335928,90.2,3200.0,3109.8,685.1333333333332,1137.1454065138528,1823.0,8900.0,7077.0,5361.5,3538.5,6.67,17.36,10.69,15.521666666666665,3.9605320209397226,0.02658,100.0,99.97342,16.723719999999997,37.24236310564265,2.0,5.0,3.0,3.0,1.4142135623730951,-3.0,-1.0,2.0,-2.0,0.5773502691896257,1.3e-05,1.3e-05,0.0,1.3e-05,0.0,11.0,180.0,169.0,95.5,84.5,209.0,209.0,0.0,209.0,0.0,700.0,700.0,0.0,700.0,0.0,75.0,75.0,0.0,75.0,0.0,5.0,5.0,0.0,5.0,0.0,1043.0,1043.0,0.0,1043.0,0.0,6.24e-08,1e-07,3.759999999999999e-08,8.12e-08,1.88e-08,22.98976928,1.8,0.93,5.13907696,1.16,0.0,0.142857142857142,0.142857142857142,0.0,0.0,0.0,0.0,0.0,0.0,0.0,0.0,3.762495864468388
Na,Na0-2CoP2O7,CoP2O7,Na2CoP2O7,mp-aaaczczb,8.0,27.0,19.0,11.25,5.402545696243577,11.0,101.0,90.0,81.08333333333334,32.978423080688515,15.9994,58.933195,42.933795,23.238004796666665,12.113131718063046,54.8,1768.0,1713.2,293.995,464.2284148186106,1.0,16.0,15.0,12.75,5.584576975922169,2.0,4.0,2.0,2.5,0.6454972243679028,0.6,1.8,1.2000000000000002,0.9291666666666668,0.4529801013534946,0.93,3.44,2.51,2.6833333333333336,0.9698911737349136,90.2,3200.0,3109.8,603.6166666666666,875.708632892369,968.0,8900.0,7932.0,2896.4,3026.054897056562,6.67,23.78,17.11,17.4825,4.049280028597677,0.02658,140.0,139.97342,31.721505,55.62154092907299,1.0,5.0,4.0,2.583333333333333,1.440968038815882,-3.0,-1.0,2.0,-1.9166666666666667,0.6400954789890507,1.3e-05,7.1e-05,5.800000000000001e-05,5.166666666666667e-05,2.734146220587984e-05,6.3,180.0,173.7,42.92,68.5722217811265,10.0,209.0,199.0,76.33333333333333,93.80949963741531,0.69,700.0,699.31,233.7933333333333,329.6578954343764,3.3,75.0,71.7,27.2,33.79970414071697,0.5,5.0,4.5,2.0,2.1213203435596424,1043.0,1043.0,0.0,1043.0,0.0,4.77e-08,1e-07,5.23e-08,7.156e-08,2.3833472260667353e-08,8.0,27.0,19.0,11.3,5.916924876994806,64.0,101.0,37.0,95.1,11.237882362794158,15.9994,58.933195,42.933795,23.2876519,13.268713691001013,54.8,1768.0,1713.2,278.62,507.1402977480689,9.0,16.0,7.0,15.1,2.071231517720798,2.0,4.0,2.0,2.4,0.6633249580710799,0.6,1.35,0.7500000000000001,0.755,0.2534265179494838,1.88,3.44,1.56,3.034,0.6253191185306908,90.2,3200.0,3109.8,493.14,920.3304669519532,1823.0,8900.0,7077.0,4182.0,3336.129793638131,6.67,17.36,10.69,16.223,3.1871556284561944,0.02658,100.0,99.97342,10.065806,29.978178452298334,2.0,5.0,3.0,2.9,1.374772708486752,-3.0,-1.0,2.0,-2.1,0.5385164807134505,1.3e-05,1.3e-05,0.0,1.3e-05,0.0,11.0,180.0,169.0,67.33333333333333,79.66736401368435,209.0,209.0,0.0,209.0,0.0,700.0,700.0,0.0,700.0,0.0,75.0,75.0,0.0,75.0,0.0,5.0,5.0,0.0,5.0,0.0,1043.0,1043.0,0.0,1043.0,0.0,6.24e-08,1e-07,3.759999999999999e-08,8.746666666666667e-08,1.7724809981742788e-08,22.98976928,1.8,0.93,5.13907696,1.16,0.0,0.166666666666666,0.166666666666666,0.0,0.0,0.0,0.0,0.0,0.0,0.0,0.0,2.311103249051722
Na,Na0-2CoP2O7,CoP2O7,Na2CoP2O7,mp-aaaabnkw,8.0,27.0,19.0,11.25,5.402545696243577,11.0,101.0,90.0,81.08333333333334,32.978423080688515,15.9994,58.933195,42.933795,23.238004796666665,12.113131718063046,54.8,1768.0,1713.2,293.995,464.2284148186106,1.0,16.0,15.0,12.75,5.584576975922169,2.0,4.0,2.0,2.5,0.6454972243679028,0.6,1.8,1.2000000000000002,0.9291666666666668,0.4529801013534946,0.93,3.44,2.51,2.6833333333333336,0.9698911737349136,90.2,3200.0,3109.8,603.6166666666666,875.708632892369,968.0,8900.0,7932.0,2896.4,3026.054897056562,6.67,23.78,17.11,17.4825,4.049280028597677,0.02658,140.0,139.97342,31.721505,55.62154092907299,1.0,5.0,4.0,2.583333333333333,1.440968038815882,-3.0,-1.0,2.0,-1.9166666666666667,0.6400954789890507,1.3e-05,7.1e-05,5.800000000000001e-05,5.166666666666667e-05,2.734146220587984e-05,6.3,180.0,173.7,42.92,68.5722217811265,10.0,209.0,199.0,76.33333333333333,93.80949963741531,0.69,700.0,699.31,233.7933333333333,329.6578954343764,3.3,75.0,71.7,27.2,33.79970414071697,0.5,5.0,4.5,2.0,2.1213203435596424,1043.0,1043.0,0.0,1043.0,0.0,4.77e-08,1e-07,5.23e-08,7.156e-08,2.3833472260667353e-08,8.0,27.0,19.0,11.3,5.916924876994806,64.0,101.0,37.0,95.1,11.237882362794158,15.9994,58.933195,42.933795,23.2876519,13.268713691001013,54.8,1768.0,1713.2,278.62,507.1402977480689,9.0,16.0,7.0,15.1,2.071231517720798,2.0,4.0,2.0,2.4,0.6633249580710799,0.6,1.35,0.7500000000000001,0.755,0.2534265179494838,1.88,3.44,1.56,3.034,0.6253191185306908,90.2,3200.0,3109.8,493.14,920.3304669519532,1823.0,8900.0,7077.0,4182.0,3336.129793638131,6.67,17.36,10.69,16.223,3.1871556284561944,0.02658,100.0,99.97342,10.065806,29.978178452298334,2.0,5.0,3.0,2.9,1.374772708486752,-3.0,-1.0,2.0,-2.1,0.5385164807134505,1.3e-05,1.3e-05,0.0,1.3e-05,0.0,11.0,180.0,169.0,67.33333333333333,79.66736401368435,209.0,209.0,0.0,209.0,0.0,700.0,700.0,0.0,700.0,0.0,75.0,75.0,0.0,75.0,0.0,5.0,5.0,0.0,5.0,0.0,1043.0,1043.0,0.0,1043.0,0.0,6.24e-08,1e-07,3.759999999999999e-08,8.746666666666667e-08,1.7724809981742788e-08,22.98976928,1.8,0.93,5.13907696,1.16,0.0,0.166666666666666,0.166666666666666,0.0,0.0,0.0,0.0,0.0,0.0,0.0,0.0,4.392705956551719
Na,Na0-1CoPO4,CoPO4,NaCoPO4,mp-aaabseio,8.0,27.0,19.0,12.142857142857142,6.534055214873869,11.0,101.0,90.0,81.28571428571428,31.326457488447527,15.9994,58.933195,42.933795,25.27061804,14.710147835827415,54.8,1768.0,1713.2,382.1957142857143,579.8454299911594,1.0,16.0,15.0,12.714285714285714,5.3375833406484015,2.0,4.0,2.0,2.571428571428571,0.7284313590846836,0.6,1.8,1.2000000000000002,0.9357142857142856,0.4429723352489615,0.93,3.44,2.51,2.68,0.9451379339999608,90.2,3200.0,3109.8,752.3999999999999,1065.6077970542713,968.0,8900.0,7932.0,3897.0,3554.833610733419,6.67,23.78,17.11,16.701428571428572,4.668619950788237,0.02658,140.0,139.97342,34.33461714285714,55.22421438561626,1.0,5.0,4.0,2.714285714285714,1.4846149779161804,-3.0,-1.0,2.0,-1.857142857142857,0.6388765649999398,1.3e-05,7.1e-05,5.800000000000001e-05,4.2e-05,2.9000000000000004e-05,6.3,180.0,173.7,65.76666666666667,80.7979510191248,10.0,209.0,199.0,109.5,99.5,0.69,700.0,699.31,350.345,349.655,3.3,75.0,71.7,39.15,35.85,0.5,5.0,4.5,2.75,2.25,1043.0,1043.0,0.0,1043.0,0.0,4.77e-08,1e-07,5.23e-08,7.003333333333333e-08,2.2023068713409483e-08,8.0,27.0,19.0,12.333333333333332,7.039570693980958,64.0,101.0,37.0,93.0,13.576941236277534,15.9994,58.933195,42.933795,25.6507595,15.856911370228165,54.8,1768.0,1713.2,384.08333333333326,626.2847340112608,9.0,16.0,7.0,14.666666666666666,2.560381915956203,2.0,4.0,2.0,2.5,0.7637626158259734,0.6,1.35,0.7500000000000001,0.7916666666666666,0.2892759159618297,1.88,3.44,1.56,2.9716666666666662,0.6683416458335928,90.2,3200.0,3109.8,685.1333333333332,1137.1454065138528,1823.0,8900.0,7077.0,5361.5,3538.5,6.67,17.36,10.69,15.521666666666665,3.9605320209397226,0.02658,100.0,99.97342,16.723719999999997,37.24236310564265,2.0,5.0,3.0,3.0,1.4142135623730951,-3.0,-1.0,2.0,-2.0,0.5773502691896257,1.3e-05,1.3e-05,0.0,1.3e-05,0.0,11.0,180.0,169.0,95.5,84.5,209.0,209.0,0.0,209.0,0.0,700.0,700.0,0.0,700.0,0.0,75.0,75.0,0.0,75.0,0.0,5.0,5.0,0.0,5.0,0.0,1043.0,1043.0,0.0,1043.0,0.0,6.24e-08,1e-07,3.759999999999999e-08,8.12e-08,1.88e-08,22.98976928,1.8,0.93,5.13907696,1.16,0.0,0.142857142857142,0.142857142857142,0.0,0.0,0.0,0.0,0.0,0.0,0.0,0.0,4.456061781551721
Na,Na0-1CoPO4,CoPO4,NaCoPO4,mp-aaabsftx,8.0,27.0,19.0,12.142857142857142,6.534055214873869,11.0,101.0,90.0,81.28571428571428,31.326457488447527,15.9994,58.933195,42.933795,25.27061804,14.710147835827415,54.8,1768.0,1713.2,382.1957142857143,579.8454299911594,1.0,16.0,15.0,12.714285714285714,5.3375833406484015,2.0,4.0,2.0,2.571428571428571,0.7284313590846836,0.6,1.8,1.2000000000000002,0.9357142857142856,0.4429723352489615,0.93,3.44,2.51,2.68,0.9451379339999608,90.2,3200.0,3109.8,752.3999999999999,1065.6077970542713,968.0,8900.0,7932.0,3897.0,3554.833610733419,6.67,23.78,17.11,16.701428571428572,4.668619950788237,0.02658,140.0,139.97342,34.33461714285714,55.22421438561626,1.0,5.0,4.0,2.714285714285714,1.4846149779161804,-3.0,-1.0,2.0,-1.857142857142857,0.6388765649999398,1.3e-05,7.1e-05,5.800000000000001e-05,4.2e-05,2.9000000000000004e-05,6.3,180.0,173.7,65.76666666666667,80.7979510191248,10.0,209.0,199.0,109.5,99.5,0.69,700.0,699.31,350.345,349.655,3.3,75.0,71.7,39.15,35.85,0.5,5.0,4.5,2.75,2.25,1043.0,1043.0,0.0,1043.0,0.0,4.77e-08,1e-07,5.23e-08,7.003333333333333e-08,2.2023068713409483e-08,8.0,27.0,19.0,12.333333333333332,7.039570693980958,64.0,101.0,37.0,93.0,13.576941236277534,15.9994,58.933195,42.933795,25.6507595,15.856911370228165,54.8,1768.0,1713.2,384.08333333333326,626.2847340112608,9.0,16.0,7.0,14.666666666666666,2.560381915956203,2.0,4.0,2.0,2.5,0.7637626158259734,0.6,1.35,0.7500000000000001,0.7916666666666666,0.2892759159618297,1.88,3.44,1.56,2.9716666666666662,0.6683416458335928,90.2,3200.0,3109.8,685.1333333333332,1137.1454065138528,1823.0,8900.0,7077.0,5361.5,3538.5,6.67,17.36,10.69,15.521666666666665,3.9605320209397226,0.02658,100.0,99.97342,16.723719999999997,37.24236310564265,2.0,5.0,3.0,3.0,1.4142135623730951,-3.0,-1.0,2.0,-2.0,0.5773502691896257,1.3e-05,1.3e-05,0.0,1.3e-05,0.0,11.0,180.0,169.0,95.5,84.5,209.0,209.0,0.0,209.0,0.0,700.0,700.0,0.0,700.0,0.0,75.0,75.0,0.0,75.0,0.0,5.0,5.0,0.0,5.0,0.0,1043.0,1043.0,0.0,1043.0,0.0,6.24e-08,1e-07,3.759999999999999e-08,8.12e-08,1.88e-08,22.98976928,1.8,0.93,5.13907696,1.16,0.0,0.142857142857142,0.142857142857142,0.0,0.0,0.0,0.0,0.0,0.0,0.0,0.0,4.285361037801724
Na,Na0-1CoPO4,CoPO4,NaCoPO4,mp-aaabesyv,8.0,27.0,19.0,12.142857142857142,6.534055214873869,11.0,101.0,90.0,81.28571428571428,31.326457488447527,15.9994,58.933195,42.933795,25.27061804,14.710147835827415,54.8,1768.0,1713.2,382.1957142857143,579.8454299911594,1.0,16.0,15.0,12.714285714285714,5.3375833406484015,2.0,4.0,2.0,2.571428571428571,0.7284313590846836,0.6,1.8,1.2000000000000002,0.9357142857142856,0.4429723352489615,0.93,3.44,2.51,2.68,0.9451379339999608,90.2,3200.0,3109.8,752.3999999999999,1065.6077970542713,968.0,8900.0,7932.0,3897.0,3554.833610733419,6.67,23.78,17.11,16.701428571428572,4.668619950788237,0.02658,140.0,139.97342,34.33461714285714,55.22421438561626,1.0,5.0,4.0,2.714285714285714,1.4846149779161804,-3.0,-1.0,2.0,-1.857142857142857,0.6388765649999398,1.3e-05,7.1e-05,5.800000000000001e-05,4.2e-05,2.9000000000000004e-05,6.3,180.0,173.7,65.76666666666667,80.7979510191248,10.0,209.0,199.0,109.5,99.5,0.69,700.0,699.31,350.345,349.655,3.3,75.0,71.7,39.15,35.85,0.5,5.0,4.5,2.75,2.25,1043.0,1043.0,0.0,1043.0,0.0,4.77e-08,1e-07,5.23e-08,7.003333333333333e-08,2.2023068713409483e-08,8.0,27.0,19.0,12.333333333333332,7.039570693980958,64.0,101.0,37.0,93.0,13.576941236277534,15.9994,58.933195,42.933795,25.6507595,15.856911370228165,54.8,1768.0,1713.2,384.08333333333326,626.2847340112608,9.0,16.0,7.0,14.666666666666666,2.560381915956203,2.0,4.0,2.0,2.5,0.7637626158259734,0.6,1.35,0.7500000000000001,0.7916666666666666,0.2892759159618297,1.88,3.44,1.56,2.9716666666666662,0.6683416458335928,90.2,3200.0,3109.8,685.1333333333332,1137.1454065138528,1823.0,8900.0,7077.0,5361.5,3538.5,6.67,17.36,10.69,15.521666666666665,3.9605320209397226,0.02658,100.0,99.97342,16.723719999999997,37.24236310564265,2.0,5.0,3.0,3.0,1.4142135623730951,-3.0,-1.0,2.0,-2.0,0.5773502691896257,1.3e-05,1.3e-05,0.0,1.3e-05,0.0,11.0,180.0,169.0,95.5,84.5,209.0,209.0,0.0,209.0,0.0,700.0,700.0,0.0,700.0,0.0,75.0,75.0,0.0,75.0,0.0,5.0,5.0,0.0,5.0,0.0,1043.0,1043.0,0.0,1043.0,0.0,6.24e-08,1e-07,3.759999999999999e-08,8.12e-08,1.88e-08,22.98976928,1.8,0.93,5.13907696,1.16,0.0,0.142857142857142,0.142857142857142,0.0,0.0,0.0,0.0,0.0,0.0,0.0,0.0,3.960957919051726
Na,Na0-1CoPO4,CoPO4,NaCoPO4,mp-aaabcrsk,8.0,27.0,19.0,12.142857142857142,6.534055214873869,11.0,101.0,90.0,81.28571428571428,31.326457488447527,15.9994,58.933195,42.933795,25.27061804,14.710147835827415,54.8,1768.0,1713.2,382.1957142857143,579.8454299911594,1.0,16.0,15.0,12.714285714285714,5.3375833406484015,2.0,4.0,2.0,2.571428571428571,0.7284313590846836,0.6,1.8,1.2000000000000002,0.9357142857142856,0.4429723352489615,0.93,3.44,2.51,2.68,0.9451379339999608,90.2,3200.0,3109.8,752.3999999999999,1065.6077970542713,968.0,8900.0,7932.0,3897.0,3554.833610733419,6.67,23.78,17.11,16.701428571428572,4.668619950788237,0.02658,140.0,139.97342,34.33461714285714,55.22421438561626,1.0,5.0,4.0,2.714285714285714,1.4846149779161804,-3.0,-1.0,2.0,-1.857142857142857,0.6388765649999398,1.3e-05,7.1e-05,5.800000000000001e-05,4.2e-05,2.9000000000000004e-05,6.3,180.0,173.7,65.76666666666667,80.7979510191248,10.0,209.0,199.0,109.5,99.5,0.69,700.0,699.31,350.345,349.655,3.3,75.0,71.7,39.15,35.85,0.5,5.0,4.5,2.75,2.25,1043.0,1043.0,0.0,1043.0,0.0,4.77e-08,1e-07,5.23e-08,7.003333333333333e-08,2.2023068713409483e-08,8.0,27.0,19.0,12.333333333333332,7.039570693980958,64.0,101.0,37.0,93.0,13.576941236277534,15.9994,58.933195,42.933795,25.6507595,15.856911370228165,54.8,1768.0,1713.2,384.08333333333326,626.2847340112608,9.0,16.0,7.0,14.666666666666666,2.560381915956203,2.0,4.0,2.0,2.5,0.7637626158259734,0.6,1.35,0.7500000000000001,0.7916666666666666,0.2892759159618297,1.88,3.44,1.56,2.9716666666666662,0.6683416458335928,90.2,3200.0,3109.8,685.1333333333332,1137.1454065138528,1823.0,8900.0,7077.0,5361.5,3538.5,6.67,17.36,10.69,15.521666666666665,3.9605320209397226,0.02658,100.0,99.97342,16.723719999999997,37.24236310564265,2.0,5.0,3.0,3.0,1.4142135623730951,-3.0,-1.0,2.0,-2.0,0.5773502691896257,1.3e-05,1.3e-05,0.0,1.3e-05,0.0,11.0,180.0,169.0,95.5,84.5,209.0,209.0,0.0,209.0,0.0,700.0,700.0,0.0,700.0,0.0,75.0,75.0,0.0,75.0,0.0,5.0,5.0,0.0,5.0,0.0,1043.0,1043.0,0.0,1043.0,0.0,6.24e-08,1e-07,3.759999999999999e-08,8.12e-08,1.88e-08,22.98976928,1.8,0.93,5.13907696,1.16,0.0,0.142857142857142,0.142857142857142,0.0,0.0,0.0,0.0,0.0,0.0,0.0,0.0,3.877459321551722
Na,Na0-4Co3P4O15,Co3P4O15,Na4Co3P4O15,mp-aaabwizt,8.0,27.0,19.0,11.730769230769232,6.054608494664922,11.0,101.0,90.0,81.1923076923077,32.099627640746185,15.9994,58.933195,42.933795,24.33248885076923,13.61118002649087,54.8,1768.0,1713.2,341.4876923076923,531.4513163774176,1.0,16.0,15.0,12.73076923076923,5.4529998258382255,2.0,4.0,2.0,2.5384615384615383,0.6923076923076923,0.6,1.8,1.2000000000000002,0.9326923076923076,0.4476310095492259,0.93,3.44,2.51,2.681538461538461,0.9566435406698388,90.2,3200.0,3109.8,683.7307692307693,985.3289711365168,968.0,8900.0,7932.0,3442.181818181818,3362.0426642196344,6.67,23.78,17.11,17.061923076923076,4.410852890864994,0.02658,140.0,139.97342,33.12856538461539,55.4232613709938,1.0,5.0,4.0,2.6538461538461537,1.4660860425035322,-3.0,-1.0,2.0,-1.8846153846153848,0.6401275760420476,1.3e-05,7.1e-05,5.800000000000001e-05,4.6142857142857145e-05,2.8702556239712823e-05,6.3,180.0,173.7,55.381818181818176,76.3390501546384,10.0,209.0,199.0,95.28571428571428,98.4794602017733,0.69,700.0,699.31,300.39428571428573,346.06870006885475,3.3,75.0,71.7,34.028571428571425,35.48229797219671,0.5,5.0,4.5,2.4285714285714284,2.226922466874271,1043.0,1043.0,0.0,1043.0,0.0,4.77e-08,1e-07,5.23e-08,7.072727272727272e-08,2.2876390803584972e-08,8.0,27.0,19.0,11.863636363636363,6.573330790851044,64.0,101.0,37.0,93.95454545454544,12.611240558713964,15.9994,58.933195,42.933795,24.57661968181818,14.783816373119455,54.8,1768.0,1713.2,336.1454545454545,577.5879269759971,9.0,16.0,7.0,14.863636363636363,2.3605749404725063,2.0,4.0,2.0,2.454545454545454,0.721568539381252,0.6,1.35,0.7500000000000001,0.7749999999999999,0.2741723081302241,1.88,3.44,1.56,3.0,0.6498811080078067,90.2,3200.0,3109.8,597.8636363636363,1048.5561542796297,1823.0,8900.0,7077.0,4856.0,3502.2067329042698,6.67,17.36,10.69,15.840454545454543,3.646245238439534,0.02658,100.0,99.97342,13.697395454545454,34.293269451099384,2.0,5.0,3.0,2.954545454545454,1.3973114680853995,-3.0,-1.0,2.0,-2.0454545454545454,0.5622416762205901,1.3e-05,1.3e-05,0.0,1.3e-05,0.0,11.0,180.0,169.0,83.42857142857143,83.6333104226115,209.0,209.0,0.0,209.0,0.0,700.0,700.0,0.0,700.0,0.0,75.0,75.0,0.0,75.0,0.0,5.0,5.0,0.0,5.0,0.0,1043.0,1043.0,0.0,1043.0,0.0,6.24e-08,1e-07,3.759999999999999e-08,8.38857142857143e-08,1.8607174389882792e-08,22.98976928,1.8,0.93,5.13907696,1.16,0.0,0.153846153846153,0.153846153846153,0.0,0.0,0.0,0.0,0.0,0.0,0.0,0.0,4.738210525926728
Na,Na0-3CrF6,CrF6,Na3CrF6,mp-aaadbeyq,9.0,24.0,15.0,11.1,4.3920382511995495,11.0,102.0,91.0,70.19999999999999,40.93360477651584,18.9984032,51.9961,32.9976968,23.495582704,9.666409719986408,53.53,2180.0,2126.47,361.379,622.5976726337805,1.0,17.0,16.0,11.1,7.354590403278757,2.0,4.0,2.0,2.5,0.6708203932499369,0.5,1.8,1.3,0.98,0.5979966555090421,0.93,3.98,3.05,2.833,1.4189365736353403,85.03,2944.0,2858.97,692.2180000000001,890.385703510563,968.0,7140.0,6172.0,2511.0,2672.5543960787777,7.23,23.78,16.55,14.577,6.135868398197601,0.0277,140.0,139.9723,51.41662,64.18669370009333,-1.0,6.0,7.0,0.3000000000000001,2.1,-2.0,-1.0,1.0,-1.1,0.3,4.9e-06,7.1e-05,6.610000000000001e-05,5.4475e-05,2.86221395950757e-05,6.3,160.0,153.7,44.725,66.55405228083411,10.0,279.0,269.0,77.25,116.480416809007,0.69,1120.0,1119.31,280.5175,484.67544735498007,3.3,115.0,111.7,31.225,48.367518801360895,0.5,8.5,8.0,2.5,3.4641016151377544,1060.0,1060.0,0.0,1060.0,0.0,4.77e-08,1.25e-07,7.73e-08,6.702499999999999e-08,3.347188185626855e-08,9.0,24.0,15.0,11.142857142857142,5.248906591678239,57.0,102.0,45.0,95.57142857142856,15.746719775034716,18.9984032,51.9961,32.9976968,23.712359885714285,11.54678854958133,53.53,2180.0,2126.47,357.3114285714285,744.1094933337349,6.0,17.0,11.0,15.428571428571429,3.849198167230708,2.0,4.0,2.0,2.2857142857142856,0.6998542122237652,0.5,1.4,0.8999999999999999,0.6285714285714286,0.3149343955006943,1.66,3.98,2.3200000000000003,3.648571428571428,0.8118308861795676,85.03,2944.0,2858.97,493.4542857142857,1000.4310985606892,7140.0,7140.0,0.0,7140.0,0.0,7.23,11.2,3.969999999999999,10.632857142857144,1.3892106112641731,0.0277,94.0,93.9723,13.452314285714284,32.88345499367767,-1.0,6.0,7.0,0.0,2.449489742783178,-2.0,-1.0,1.0,-1.1428571428571428,0.3499271061118826,4.9e-06,4.9e-06,0.0,4.9e-06,0.0,160.0,160.0,0.0,160.0,0.0,279.0,279.0,0.0,279.0,0.0,1120.0,1120.0,0.0,1120.0,0.0,115.0,115.0,0.0,115.0,0.0,8.5,8.5,0.0,8.5,0.0,1060.0,1060.0,0.0,1060.0,0.0,1.25e-07,1.25e-07,0.0,1.25e-07,0.0,22.98976928,1.8,0.93,5.13907696,1.16,0.0,0.3,0.3,0.0,0.0,0.0,0.0,0.0,0.0,0.0,0.0,5.127144469885056
Na,Na0-1K2CrF6,K2CrF6,K2NaCrF6,mp-aaacqyvm,9.0,24.0,15.0,12.7,5.404627646748664,10.0,102.0,92.0,70.0,41.22377954530613,18.9984032,51.9961,32.9976968,26.717288848,11.475969429907009,53.53,2180.0,2126.47,354.511,622.6444983206709,1.0,17.0,16.0,11.1,7.354590403278758,2.0,4.0,2.0,2.7,0.9,0.5,2.2,1.7000000000000002,1.06,0.7172168430816444,0.82,3.98,3.16,2.811,1.4488095112884924,85.03,2944.0,2858.97,667.4180000000001,878.7737330029842,856.0,7140.0,6284.0,2455.0,2705.272444690183,7.23,45.94,38.71,19.009,14.063952822730885,0.0277,140.0,139.9723,43.41662,54.392991902906026,-1.0,6.0,7.0,0.3000000000000001,2.1,-2.0,-1.0,1.0,-1.1,0.3,4.9e-06,7.1e-05,6.610000000000001e-05,3.795e-05,3.3050000000000004e-05,3.1,160.0,156.9,43.125,67.4904576588424,10.0,279.0,269.0,144.5,134.5,0.363,1120.0,1119.637,280.354,484.7698625053954,1.3,115.0,113.7,30.225,48.95167898039862,0.4,8.5,8.1,2.45,3.493207694941713,1060.0,1060.0,0.0,1060.0,0.0,4.77e-08,1.25e-07,7.73e-08,7.917499999999999e-08,2.8255829044641393e-08,9.0,24.0,15.0,12.88888888888889,5.665577237325317,10.0,102.0,92.0,76.55555555555556,38.18990882160455,18.9984032,51.9961,32.9976968,27.131457688888887,12.025623194629548,53.53,2180.0,2126.47,352.6933333333333,656.2997588162151,1.0,17.0,16.0,12.22222222222222,6.892472186342587,2.0,4.0,2.0,2.6666666666666665,0.9428090415820634,0.5,2.2,1.7000000000000002,0.977777777777778,0.7098947931094796,0.82,3.98,3.16,3.02,1.376759480325691,85.03,2944.0,2858.97,613.1311111111111,910.262280315642,856.0,7140.0,6284.0,2950.6666666666665,2962.306008650843,7.23,45.94,38.71,18.47888888888889,14.72962279402704,0.0277,100.0,99.9723,32.68513333333333,46.21344577619038,-1.0,6.0,7.0,0.2222222222222222,2.199887763691481,-2.0,-1.0,1.0,-1.1111111111111112,0.3142696805273544,4.9e-06,4.9e-06,0.0,4.9e-06,0.0,3.1,160.0,156.9,55.39999999999999,73.96336931211287,279.0,279.0,0.0,279.0,0.0,0.363,1120.0,1119.637,373.5753333333333,527.8019434449084,1.3,115.0,113.7,39.2,53.59869401394031,0.4,8.5,8.1,3.1,3.818376618407356,1060.0,1060.0,0.0,1060.0,0.0,7.2e-08,1.25e-07,5.3e-08,8.966666666666666e-08,2.4984439601924682e-08,22.98976928,1.8,0.93,5.13907696,1.16,0.0,0.1,0.1,0.0,0.0,0.0,0.0,0.0,0.0,0.0,0.0,5.256506976551723
Na,Na0-1Rb2CrF6,Rb2CrF6,Rb2NaCrF6,mp-aaaemdno,9.0,37.0,28.0,16.3,11.243220179290272,9.0,102.0,93.0,69.8,41.51578013237858,18.9984032,85.4678,66.4693968,35.99118884799999,26.558600826120824,53.53,2180.0,2126.47,349.697,622.857921793566,1.0,17.0,16.0,11.1,7.354590403278758,2.0,5.0,3.0,2.9000000000000004,1.2206555615733703,0.5,2.35,1.85,1.09,0.7657675887630659,0.82,3.98,3.16,2.811,1.4488095112884924,85.03,2944.0,2858.97,653.2180000000001,873.3245130053318,968.0,7140.0,6172.0,2793.0,2520.281531892816,7.23,55.76,48.53,20.973000000000003,17.860820837800258,0.0277,140.0,139.9723,35.01662,47.85641842166629,-1.0,6.0,7.0,0.3000000000000001,2.1,-2.0,1.0,3.0,-0.7,0.9,4.9e-06,7.1e-05,6.610000000000001e-05,3.795e-05,3.3050000000000004e-05,2.5,160.0,157.5,42.825,67.66880281931992,2.4,279.0,276.6,73.45,118.71490007576976,0.216,1120.0,1119.784,280.2805,484.8123179878477,3.3,115.0,111.7,59.15,55.85,0.3,8.5,8.2,2.4,3.522782990761707,1060.0,1060.0,0.0,1060.0,0.0,4.77e-08,1.28e-07,8.030000000000001e-08,1.07175e-07,3.4359742068298485e-08,9.0,37.0,28.0,16.888888888888886,11.704172517567724,9.0,102.0,93.0,76.33333333333333,38.57748335781149,18.9984032,85.4678,66.4693968,37.43579102222222,27.619988713195006,53.53,2180.0,2126.47,347.34444444444443,656.5077473370594,1.0,17.0,16.0,12.22222222222222,6.892472186342587,2.0,5.0,3.0,2.888888888888889,1.286204100310025,0.5,2.35,1.85,1.011111111111111,0.7676724481537167,0.82,3.98,3.16,3.02,1.376759480325691,85.03,2944.0,2858.97,597.3533333333332,903.4550693987068,1532.0,7140.0,5608.0,3401.333333333333,2643.636552596105,7.23,55.76,48.53,20.661111111111108,18.8011066130838,0.0277,94.0,93.9723,23.3518,34.40969749387518,-1.0,6.0,7.0,0.2222222222222222,2.199887763691481,-2.0,1.0,3.0,-0.6666666666666666,0.9428090415820632,4.9e-06,4.9e-06,0.0,4.9e-06,0.0,2.5,160.0,157.5,54.99999999999999,74.24621202458748,2.4,279.0,276.6,94.6,130.39049045079938,0.216,1120.0,1119.784,373.4773333333333,527.8712399094646,115.0,115.0,0.0,115.0,0.0,0.3,8.5,8.2,3.033333333333333,3.86551707048646,1060.0,1060.0,0.0,1060.0,0.0,1.25e-07,1.28e-07,3.0000000000000132e-09,1.27e-07,1.4142135623731011e-09,22.98976928,1.8,0.93,5.13907696,1.16,0.0,0.1,0.1,0.0,0.0,0.0,0.0,0.0,0.0,0.0,0.0,4.498360276551725
Na,Na0-1Cr(GeO3)2,Cr(GeO3)2,NaCr(GeO3)2,mp-aaaexhkk,8.0,32.0,24.0,14.7,9.839207285142438,11.0,101.0,90.0,84.19999999999999,27.91343762419813,15.9994,72.64,56.6406,31.626226928,23.06288275975948,54.8,2180.0,2125.2,530.2470000000001,709.3182576819802,1.0,16.0,15.0,13.1,4.988987873306569,2.0,4.0,2.0,2.7,0.9,0.6,1.8,1.2000000000000002,0.93,0.428485705712571,0.93,3.44,2.51,2.725,0.9190239387524136,90.2,3093.0,3002.8,1082.72,1321.4673759120956,968.0,7140.0,6172.0,4688.5,2272.507040693164,7.23,23.78,16.55,16.243,3.989764529392681,0.02658,140.0,139.97342,35.415948,48.05529160414216,1.0,6.0,5.0,2.7,1.417744687875783,-4.0,-1.0,3.0,-2.3,0.9,4.9e-06,7.1e-05,6.610000000000001e-05,2.1975e-05,2.8308159159507355e-05,6.3,160.0,153.7,83.15,76.85000000000001,10.0,279.0,269.0,144.5,134.5,0.69,1120.0,1119.31,560.345,559.655,3.3,115.0,111.7,59.15,55.85,0.5,8.5,8.0,5.25,2.9261749776799064,1060.0,1060.0,0.0,1060.0,0.0,4.77e-08,0.0005,0.0004999523,0.000250043175,0.000249956826494,8.0,32.0,24.0,15.11111111111111,10.2896328024802,57.0,101.0,44.0,92.33333333333331,14.29063407348401,15.9994,72.64,56.6406,32.58583333333333,24.120276419827547,54.8,2180.0,2125.2,547.9555555555555,745.5870574566819,6.0,16.0,10.0,14.444444444444445,3.095197394929804,2.0,4.0,2.0,2.6666666666666665,0.9428090415820634,0.6,1.4,0.7999999999999999,0.8333333333333333,0.332498955721,1.66,3.44,1.78,2.924444444444444,0.7353020711261932,90.2,3093.0,3002.8,1074.5777777777778,1392.7109309845855,5323.0,7140.0,1817.0,5928.666666666666,856.5420142773045,7.23,17.36,10.13,15.405555555555557,3.267075182317293,0.02658,94.0,93.97342,23.79549777777778,34.86477497823771,2.0,6.0,4.0,2.8888888888888884,1.3698697784375502,-4.0,-2.0,2.0,-2.4444444444444446,0.8314794192830981,4.9e-06,6e-06,1.1000000000000005e-06,5.6333333333333325e-06,5.185449728701351e-07,160.0,160.0,0.0,160.0,0.0,279.0,279.0,0.0,279.0,0.0,1120.0,1120.0,0.0,1120.0,0.0,115.0,115.0,0.0,115.0,0.0,6.0,8.5,2.5,6.833333333333333,1.1785113019775793,1060.0,1060.0,0.0,1060.0,0.0,1.25e-07,0.0005,0.000499875,0.000333375,0.0002356433348304,22.98976928,1.8,0.93,5.13907696,1.16,0.0,0.1,0.1,0.0,0.0,0.0,0.0,0.0,0.0,0.0,0.0,4.347084786551722
Na,Na0-1K2MnF6,K2MnF6,K2NaMnF6,mp-aaabfsoj,9.0,25.0,16.0,12.8,5.617828762075256,10.0,102.0,92.0,70.3,41.1389110210759,18.9984032,54.938045,35.939641800000004,27.011483348,12.13880564164146,53.53,1519.0,1465.47,288.411,430.9053440014407,1.0,17.0,16.0,11.2,7.291090453423274,2.0,4.0,2.0,2.7,0.9,0.5,2.2,1.7000000000000002,1.06,0.7172168430816444,0.82,3.98,3.16,2.8,1.4578957438719684,85.03,2334.0,2248.97,606.418,726.6287014810247,856.0,7470.0,6614.0,2537.5,2848.1472486513053,7.35,45.94,38.59,19.021,14.053944962180548,0.0277,140.0,139.9723,34.796620000000004,52.49075820513169,-1.0,7.0,8.0,0.4,2.374868417407584,-3.0,-1.0,2.0,-1.2000000000000002,0.6,2.17e-05,7.1e-05,4.9300000000000006e-05,4.635e-05,2.4650000000000003e-05,3.1,120.0,116.9,33.125,50.17431489318015,10.0,198.0,188.0,104.0,94.0,0.363,196.0,195.637,49.354,84.66621282129017,1.3,3.3,2.0,1.9666666666666663,0.9428090415820632,0.4,6.0,5.6,1.825,2.4107830678018294,628.0,970.0,0.0,706.0,0.0,4.77e-08,1.44e-06,1.3923e-06,4.07925e-07,5.959513544535326e-07,9.0,25.0,16.0,13.0,5.887840577551898,10.0,102.0,92.0,76.88888888888889,38.03052704938916,18.9984032,54.938045,35.939641800000004,27.458340466666662,12.717156864515262,53.53,1519.0,1465.47,279.24888888888887,453.2891117756095,1.0,17.0,16.0,12.333333333333332,6.79869268479038,2.0,4.0,2.0,2.6666666666666665,0.9428090415820634,0.5,2.2,1.7000000000000002,0.977777777777778,0.7098947931094796,0.82,3.98,3.16,3.0077777777777777,1.3892106294005622,85.03,2334.0,2248.97,545.3533333333332,741.1921539579928,856.0,7470.0,6614.0,3060.6666666666665,3117.869500511884,7.35,45.94,38.59,18.49222222222222,14.719485028565805,0.0277,100.0,99.9723,23.107355555555557,41.17077668660168,-1.0,7.0,8.0,0.3333333333333332,2.4944382578492945,-3.0,-1.0,2.0,-1.2222222222222223,0.6285393610547089,2.17e-05,2.17e-05,0.0,2.17e-05,0.0,3.1,120.0,116.9,42.06666666666666,55.1071884804716,198.0,198.0,0.0,198.0,0.0,0.363,196.0,195.637,65.57533333333333,92.22416623399504,1.3,1.3,0.0,1.3,0.0,0.4,6.0,5.6,2.2666666666666666,2.6398653164297774,628.0,970.0,0.0,716.75,0.0,7.2e-08,1.44e-06,1.368e-06,5.28e-07,6.448813844421313e-07,22.98976928,1.8,0.93,5.13907696,1.16,0.0,0.1,0.1,0.0,0.0,0.0,0.0,0.0,0.0,0.0,0.0,3.855023356551729
Na,Na0-1K2NiF6,K2NiF6,K2NaNiF6,mp-aaabilao,9.0,28.0,19.0,13.1,6.3,10.0,102.0,92.0,71.0,41.0170696174166,18.9984032,58.6934,39.6949968,27.387018848,13.022852037780284,53.53,1728.0,1674.47,309.311,490.9677440412965,1.0,17.0,16.0,11.5,7.172865536171719,2.0,4.0,2.0,2.7,0.9,0.5,2.2,1.7000000000000002,1.0550000000000002,0.7150000000000001,0.82,3.98,3.16,2.836,1.4307774110601552,85.03,3186.0,3100.97,691.618,942.1786468690532,856.0,8908.0,8052.0,2897.0,3470.753664551836,6.59,45.94,39.35,18.945,14.118758621068638,0.0277,140.0,139.9723,43.116620000000005,54.120768103839765,-1.0,4.0,5.0,0.1,1.57797338380595,-1.0,-1.0,0.0,-1.0,0.0,1.34e-05,7.1e-05,5.76e-05,4.22e-05,2.88e-05,3.1,180.0,176.9,48.125,76.14927363409319,10.0,200.0,190.0,105.0,95.0,0.363,700.0,699.637,175.354,302.90453874694583,1.3,76.0,74.7,20.475,32.067770034724894,0.4,4.0,3.6,1.325,1.5449514555480377,638.0,638.0,0.0,638.0,0.0,4.77e-08,7.2e-08,2.43e-08,6.525e-08,1.0192276487615511e-08,9.0,28.0,19.0,13.333333333333332,6.599663291074443,10.0,102.0,92.0,77.66666666666667,37.7477004450455,18.9984032,58.6934,39.6949968,27.87560213333333,13.640065679116637,53.53,1728.0,1674.47,302.4711111111111,517.0732475179561,1.0,17.0,16.0,12.666666666666666,6.599663291074443,2.0,4.0,2.0,2.6666666666666665,0.9428090415820634,0.5,2.2,1.7000000000000002,0.9722222222222224,0.7067575063906334,0.82,3.98,3.16,3.0477777777777777,1.3513267371799036,85.03,3186.0,3100.97,640.02,979.6481342128236,856.0,8908.0,8052.0,3539.9999999999995,3795.749201409387,6.59,45.94,39.35,18.407777777777778,14.785198137009097,0.0277,100.0,99.9723,32.3518,45.77876015817816,-1.0,4.0,5.0,0.0,1.632993161855452,-1.0,-1.0,0.0,-1.0,0.0,1.34e-05,1.34e-05,0.0,1.34e-05,0.0,3.1,180.0,176.9,62.06666666666666,83.3914597279335,200.0,200.0,0.0,200.0,0.0,0.363,700.0,699.637,233.5753333333333,329.812044712675,1.3,76.0,74.7,26.2,35.21391770309006,0.4,4.0,3.6,1.6,1.697056274847714,638.0,638.0,0.0,638.0,0.0,6.93e-08,7.2e-08,2.699999999999991e-09,7.11e-08,1.2727922061357811e-09,22.98976928,1.8,0.93,5.13907696,1.16,0.0,0.1,0.1,0.0,0.0,0.0,0.0,0.0,0.0,0.0,0.0,4.676244266551723
Na,Na0-2LiMnF6,LiMnF6,Na2LiMnF6,mp-aaabqvoa,3.0,25.0,22.0,10.4,5.295280917949491,11.0,102.0,91.0,70.6,40.701842710128005,6.941,54.938045,47.997045,22.184900276,11.693430612336403,53.53,1519.0,1465.47,303.561,434.048924441704,1.0,17.0,16.0,11.2,7.291090453423274,2.0,4.0,2.0,2.4000000000000004,0.66332495807108,0.5,1.8,1.3,0.945,0.5578754341248591,0.93,3.98,3.05,2.827,1.4218231254273508,85.03,2334.0,2248.97,677.118,786.57140465186,535.0,7470.0,6935.0,2485.25,2883.370542871658,7.35,23.78,16.43,13.513,5.302339200767904,0.0277,140.0,139.9723,37.29662,57.07492091058559,-1.0,7.0,8.0,0.4,2.374868417407584,-3.0,1.0,4.0,-1.0,0.8944271909999159,2.17e-05,7.1e-05,4.9300000000000006e-05,5.2425e-05,2.046562667010224e-05,6.3,120.0,113.7,35.9,48.5930550593395,4.9,198.0,193.1,55.725,82.16889238026761,0.69,196.0,195.31,65.79333333333332,92.0700169556964,3.3,4.2,0.9000000000000004,3.6,0.4242640687119287,0.5,6.0,5.5,1.9,2.367488120350343,628.0,970.0,0.0,706.0,0.0,4.77e-08,1.44e-06,1.3923e-06,4.0705e-07,5.966581119032909e-07,3.0,25.0,22.0,10.25,5.9107952087684446,12.0,102.0,90.0,85.5,30.995967479657736,6.941,54.938045,47.997045,21.983683025,13.065908213607186,53.53,1519.0,1465.47,286.73375,483.8205290171528,1.0,17.0,16.0,13.75,5.825590098865522,2.0,4.0,2.0,2.25,0.6614378277661477,0.5,1.45,0.95,0.73125,0.400731752547761,0.98,3.98,3.0,3.30125,1.1842343254187493,85.03,2334.0,2248.97,557.3975,837.6772813373597,535.0,7470.0,6935.0,4002.5,3467.5,7.35,13.02,5.67,10.94625,1.4840732588049688,0.0277,85.0,84.9723,11.620775,27.851178859554132,-1.0,7.0,8.0,0.25,2.633913438213185,-3.0,1.0,4.0,-1.0,1.0,2.17e-05,4.6e-05,2.43e-05,3.385e-05,1.215e-05,11.0,120.0,109.0,65.5,54.5,4.9,198.0,193.1,101.45,96.55,196.0,196.0,0.0,196.0,0.0,4.2,4.2,0.0,4.2,0.0,0.6,6.0,5.4,3.3,2.7,628.0,970.0,0.0,716.75,0.0,9.28e-08,1.44e-06,1.3472e-06,7.664e-07,6.736e-07,22.98976928,1.8,0.93,5.13907696,1.16,0.0,0.2,0.2,0.0,0.0,0.0,0.0,0.0,0.0,0.0,0.0,4.931043946551725
Na,Na0-2LiNbF6,LiNbF6,Na2LiNbF6,mp-aaacjjwh,3.0,41.0,38.0,12.0,9.889388252060892,11.0,102.0,91.0,69.89999999999999,40.93763549595897,6.941,92.90638,85.96538,25.981733776,22.6979359273677,53.53,2750.0,2696.47,426.661,789.9506570723262,1.0,17.0,16.0,11.0,7.429670248402684,2.0,5.0,3.0,2.5,0.9219544457292888,0.5,1.8,1.3,0.95,0.5621387729022078,0.93,3.98,3.05,2.832,1.4174046705157983,85.03,5017.0,4931.97,945.418,1468.210293457991,535.0,8570.0,8035.0,2760.25,3358.9154778737734,10.83,23.78,12.95,13.861,4.991521711863028,0.0277,140.0,139.9723,41.91662,56.36574694040344,-1.0,5.0,6.0,0.2,1.833030277982336,-1.0,1.0,2.0,-0.8,0.6000000000000001,7.3e-06,7.1e-05,6.37e-05,4.8825e-05,2.6056513101334183e-05,6.3,170.0,163.7,48.4,70.23200837225147,4.9,105.0,100.1,32.475,41.92406081237838,0.69,736.0,735.31,245.7933333333333,346.62845818285354,3.3,38.0,34.7,12.2,14.900167784290216,0.5,6.0,5.5,1.9,2.367488120350343,1320.0,1320.0,0.0,1320.0,0.0,4.77e-08,1.52e-07,1.0430000000000001e-07,8.505000000000002e-08,4.281474629143562e-08,3.0,41.0,38.0,12.25,11.042531412678889,12.0,102.0,90.0,84.625,31.79204892736547,6.941,92.90638,85.96538,26.7297249,25.32188609870319,53.53,2750.0,2696.47,440.60875,882.6408398159116,1.0,17.0,16.0,13.5,6.144102863722254,2.0,5.0,3.0,2.375,0.9921567416492216,0.5,1.45,0.95,0.7375,0.4113620667976083,0.98,3.98,3.0,3.3075,1.175071806316533,85.03,5017.0,4931.97,892.7725,1637.282531794299,535.0,8570.0,8035.0,4552.5,4017.5,10.83,13.02,2.1899999999999995,11.381249999999998,0.6311187982464157,0.0277,85.0,84.9723,17.395775,31.06465173821968,-1.0,5.0,6.0,0.0,2.0,-1.0,1.0,2.0,-0.75,0.6614378277661477,7.3e-06,4.6e-05,3.87e-05,2.665e-05,1.935e-05,11.0,170.0,159.0,90.5,79.5,4.9,105.0,100.1,54.95,50.05,736.0,736.0,0.0,736.0,0.0,4.2,38.0,33.8,21.1,16.900000000000002,0.6,6.0,5.4,3.3,2.7,1320.0,1320.0,0.0,1320.0,0.0,9.28e-08,1.52e-07,5.9200000000000014e-08,1.224e-07,2.9600000000000007e-08,22.98976928,1.8,0.93,5.13907696,1.16,0.0,0.2,0.2,0.0,0.0,0.0,0.0,0.0,0.0,0.0,0.0,0.932564316551726
Na,Na0-2LiSbF6,LiSbF6,Na2LiSbF6,mp-aaaaafxc,3.0,51.0,48.0,13.0,12.83744522870497,11.0,102.0,91.0,73.39999999999999,40.83919685792071,6.941,121.76,114.819,28.867095776,31.246244292052637,53.53,903.78,850.25,242.039,270.0196304882295,1.0,17.0,16.0,12.0,7.224956747275377,2.0,5.0,3.0,2.5,0.9219544457292888,0.5,1.8,1.3,0.95,0.5621387729022078,0.93,3.98,3.05,2.877,1.3843341359657355,85.03,1860.0,1774.97,629.7180000000001,694.1491201579096,535.0,6697.0,6162.0,2292.0,2549.3639402800063,11.2,23.78,12.580000000000002,14.597,5.032784616889542,0.0277,140.0,139.9723,38.91662,56.44109449815445,-1.0,5.0,6.0,0.2,1.833030277982336,-3.0,1.0,4.0,-1.0,0.8944271909999159,1.1e-05,7.1e-05,6.000000000000001e-05,4.975e-05,2.4590394466132505e-05,6.3,42.0,35.7,16.4,14.904194040604812,4.9,55.0,50.1,19.975,20.328597467607054,0.69,294.0,293.31,98.46,138.2676599932175,3.3,20.0,16.7,7.7,7.110907115129546,0.5,3.0,2.5,1.15,1.0688779163215976,628.0,970.0,0.0,706.0,0.0,4.77e-08,4.17e-07,3.693e-07,1.513e-07,1.5450296113667208e-07,3.0,51.0,48.0,13.5,14.309088021254183,12.0,102.0,90.0,89.0,29.46183972531247,6.941,121.76,114.819,30.3364274,34.77952056659,53.53,903.78,850.25,209.83125,293.1749567424501,1.0,17.0,16.0,14.75,5.238081709939241,2.0,5.0,3.0,2.375,0.9921567416492216,0.5,1.45,0.95,0.7375,0.4113620667976083,0.98,3.98,3.0,3.36375,1.100385585828895,85.03,1860.0,1774.97,498.1475,718.1572034859429,535.0,6697.0,6162.0,3616.0,3081.0,11.2,18.19,6.990000000000002,12.30125,2.3040857053286894,0.0277,85.0,84.9723,13.645775,28.087691256436067,-1.0,5.0,6.0,0.0,2.0,-3.0,1.0,4.0,-1.0,1.0,1.1e-05,4.6e-05,3.5e-05,2.85e-05,1.75e-05,11.0,42.0,31.0,26.5,15.5,4.9,55.0,50.1,29.95,25.05,294.0,294.0,0.0,294.0,0.0,4.2,20.0,15.8,12.1,7.899999999999999,0.6,3.0,2.4,1.8,1.2000000000000002,628.0,970.0,0.0,716.75,0.0,9.28e-08,4.17e-07,3.242e-07,2.549e-07,1.621e-07,22.98976928,1.8,0.93,5.13907696,1.16,0.0,0.2,0.2,0.0,0.0,0.0,0.0,0.0,0.0,0.0,0.0,2.308889746551724
Na,Na0-2LiVF6,LiVF6,Na2LiVF6,mp-aaafyfwv,3.0,23.0,20.0,10.2,4.749736834815167,11.0,102.0,91.0,70.0,40.89743268226014,6.941,50.9415,44.0005,21.785245776,10.582719386039802,53.53,2183.0,2129.47,369.961,624.0908651863125,1.0,17.0,16.0,11.0,7.429670248402684,2.0,4.0,2.0,2.4000000000000004,0.66332495807108,0.5,1.8,1.3,0.94,0.5539855593785816,0.93,3.98,3.05,2.835,1.4148233105232608,85.03,3680.0,3594.97,811.7180000000001,1108.0530894393105,535.0,6110.0,5575.0,2145.25,2295.8649105511413,8.32,23.78,15.46,13.61,5.196523838105624,0.0277,140.0,139.9723,39.616620000000005,56.29497206811279,-1.0,5.0,6.0,0.2,1.833030277982336,-1.0,1.0,2.0,-0.8,0.6000000000000001,8.4e-06,7.1e-05,6.26e-05,4.91e-05,2.561893830743187e-05,6.3,160.0,153.7,45.9,65.9036038468307,4.9,128.0,123.1,38.225,51.87342166273592,0.69,628.0,627.31,209.7933333333333,295.7167699374221,3.3,47.0,43.7,14.45,18.79634272937158,0.5,7.0,6.5,2.15,2.800446392988089,628.0,628.0,0.0,628.0,0.0,4.77e-08,1.97e-07,1.493e-07,9.630000000000001e-08,6.098495716158207e-08,3.0,23.0,20.0,10.0,5.291502622129181,12.0,102.0,90.0,84.75,31.66918849607612,6.941,50.9415,44.0005,21.4841149,11.812664304981144,53.53,2183.0,2129.47,369.73375,697.7546143154035,1.0,17.0,16.0,13.5,6.144102863722254,2.0,4.0,2.0,2.25,0.6614378277661477,0.5,1.45,0.95,0.725,0.3905124837953327,0.98,3.98,3.0,3.31125,1.1696520583062298,85.03,3680.0,3594.97,725.6475,1223.7999862799272,535.0,6110.0,5575.0,3322.5,2787.5,8.32,13.02,4.699999999999999,11.0675,1.197202468256727,0.0277,85.0,84.9723,14.520775,28.50259056413776,-1.0,5.0,6.0,0.0,2.0,-1.0,1.0,2.0,-0.75,0.6614378277661477,8.4e-06,4.6e-05,3.76e-05,2.72e-05,1.8800000000000003e-05,11.0,160.0,149.0,85.5,74.5,4.9,128.0,123.1,66.45,61.55,628.0,628.0,0.0,628.0,0.0,4.2,47.0,42.8,25.6,21.4,0.6,7.0,6.4,3.8,3.2,628.0,628.0,0.0,628.0,0.0,9.28e-08,1.97e-07,1.042e-07,1.449e-07,5.21e-08,22.98976928,1.8,0.93,5.13907696,1.16,0.0,0.2,0.2,0.0,0.0,0.0,0.0,0.0,0.0,0.0,0.0,3.214491651551725
Na,Na0-1MnF3,MnF3,NaMnF3,mp-aaacoyhp,9.0,25.0,16.0,12.6,6.248199740725324,11.0,102.0,91.0,75.39999999999999,36.07547643483035,18.9984032,54.938045,35.939641800000004,26.984604776,14.061947075951876,53.53,1519.0,1465.47,410.092,567.9127921221708,1.0,17.0,16.0,11.8,6.64529909033446,2.0,4.0,2.0,2.6,0.8,0.5,1.8,1.3,0.94,0.5535341001239219,0.93,3.98,3.05,2.884,1.356563304825838,85.03,2334.0,2248.97,749.018,894.4766605205527,968.0,7470.0,6502.0,4219.0,3251.0,7.35,23.78,16.43,12.946,5.618475237998296,0.0277,140.0,139.9723,29.57662,55.29368869726092,-1.0,7.0,8.0,1.0,3.0983866769659336,-3.0,-1.0,2.0,-1.4,0.8,2.17e-05,7.1e-05,4.9300000000000006e-05,4.635e-05,2.4650000000000003e-05,6.3,120.0,113.7,63.15,56.85,10.0,198.0,188.0,104.0,94.0,0.69,196.0,195.31,98.345,97.655,3.3,3.3,0.0,3.3,0.0,0.5,6.0,5.5,3.25,2.75,628.0,970.0,0.0,706.0,0.0,4.77e-08,1.44e-06,1.3923e-06,7.4385e-07,6.9615e-07,9.0,25.0,16.0,13.0,6.928203230275509,60.0,102.0,42.0,91.5,18.18653347947321,18.9984032,54.938045,35.939641800000004,27.98331365,15.562321400856543,53.53,1519.0,1465.47,419.8975,634.5671242419907,7.0,17.0,10.0,14.5,4.330127018922194,2.0,4.0,2.0,2.5,0.8660254037844386,0.5,1.4,0.8999999999999999,0.725,0.3897114317029974,1.55,3.98,2.43,3.3725,1.052220865598093,85.03,2334.0,2248.97,647.2725,973.8325761745444,7470.0,7470.0,0.0,7470.0,0.0,7.35,11.2,3.85,10.2375,1.6670989022850442,0.0277,7.8,7.772299999999999,1.970775,3.365504622916896,-1.0,7.0,8.0,1.0,3.4641016151377544,-3.0,-1.0,2.0,-1.5,0.8660254037844386,2.17e-05,2.17e-05,0.0,2.17e-05,0.0,120.0,120.0,0.0,120.0,0.0,198.0,198.0,0.0,198.0,0.0,196.0,196.0,0.0,196.0,0.0,26.0,75.0,0.0,47.0,0.0,6.0,6.0,0.0,6.0,0.0,628.0,970.0,0.0,716.75,0.0,1.44e-06,1.44e-06,0.0,1.44e-06,0.0,22.98976928,1.8,0.93,5.13907696,1.16,0.0,0.2,0.2,0.0,0.0,0.0,0.0,0.0,0.0,0.0,0.0,3.78776930655172
Na,Na0-2MnPO4F,MnPO4F,Na2MnPO4F,mp-aaabxacc,8.0,25.0,17.0,11.444444444444445,5.27280467453541,11.0,102.0,91.0,75.33333333333333,36.62725154247252,15.9994,54.938045,38.938645,23.876372084444444,11.966406377420643,53.53,1519.0,1465.47,316.7522222222222,446.5944334821964,1.0,17.0,16.0,11.666666666666666,6.3595946761129705,2.0,4.0,2.0,2.555555555555556,0.6849348892187751,0.5,1.8,1.3,0.9888888888888888,0.5086899174337598,0.93,3.98,3.05,2.593333333333333,1.1340585914708678,85.03,2334.0,2248.97,626.8699999999999,739.8054015002114,968.0,7470.0,6502.0,2807.25,2714.574863123137,7.35,23.78,16.43,16.952222222222222,4.935107288663265,0.02658,140.0,139.97342,32.01889111111111,57.767748400536206,-1.0,7.0,8.0,2.333333333333333,2.211083193570267,-3.0,-1.0,2.0,-1.8888888888888888,0.7370277311900888,2.17e-05,7.1e-05,4.9300000000000006e-05,5.456666666666667e-05,2.3240242874997865e-05,6.3,120.0,113.7,35.9,48.5930550593395,10.0,198.0,188.0,72.66666666666667,88.62404990871396,0.69,196.0,195.31,65.79333333333332,92.0700169556964,3.3,3.3,0.0,3.3,0.0,0.5,6.0,5.5,2.333333333333333,2.592724864350674,628.0,970.0,0.0,706.0,0.0,4.77e-08,1.44e-06,1.3923e-06,4.0885e-07,5.957174854744486e-07,8.0,25.0,17.0,11.57142857142857,5.972727131533392,60.0,102.0,42.0,93.71428571428572,14.2999928642768,15.9994,54.938045,38.938645,24.12968717142857,13.557984603216592,53.53,1519.0,1465.47,301.29,505.3270881603038,7.0,17.0,10.0,14.714285714285714,3.1943828249997,2.0,4.0,2.0,2.4285714285714284,0.7284313590846836,0.5,1.4,0.8999999999999999,0.7571428571428571,0.3016958868848982,1.55,3.98,2.43,3.0685714285714285,0.7982557515595857,85.03,2334.0,2248.97,475.69,775.1371701834456,1823.0,7470.0,5647.0,4646.5,2823.5,7.35,17.36,10.01,15.001428571428573,3.766796397741828,0.02658,7.8,7.77342,1.167145714285714,2.708813273292817,-1.0,7.0,8.0,2.714285714285714,2.3733211036908783,-3.0,-1.0,2.0,-2.142857142857143,0.6388765649999399,2.17e-05,2.17e-05,0.0,2.17e-05,0.0,11.0,120.0,109.0,65.5,54.5,198.0,198.0,0.0,198.0,0.0,196.0,196.0,0.0,196.0,0.0,26.0,75.0,0.0,47.0,0.0,6.0,6.0,0.0,6.0,0.0,628.0,970.0,0.0,716.75,0.0,1e-07,1.44e-06,1.34e-06,7.7e-07,6.699999999999999e-07,22.98976928,1.8,0.93,5.13907696,1.16,0.0,0.222222222222222,0.222222222222222,0.0,0.0,0.0,0.0,0.0,0.0,0.0,0.0,3.864972674676721
Na,Na0-1Rb2MnF6,Rb2MnF6,Rb2NaMnF6,mp-aaabftpv,9.0,37.0,28.0,16.4,11.315476127852508,9.0,102.0,93.0,70.1,41.43295789585871,18.9984032,85.4678,66.4693968,36.285383348,26.74986626403041,53.53,1519.0,1465.47,283.59700000000004,430.4751144270712,1.0,17.0,16.0,11.2,7.291090453423274,2.0,5.0,3.0,2.9000000000000004,1.2206555615733703,0.5,2.35,1.85,1.09,0.7657675887630659,0.82,3.98,3.16,2.8,1.4578957438719684,85.03,2334.0,2248.97,592.2180000000001,718.8249446256021,968.0,7470.0,6502.0,2875.5,2662.6101385670413,7.35,55.76,48.41,20.985,17.851621354935805,0.0277,140.0,139.9723,26.39662,44.06929671494203,-1.0,7.0,8.0,0.4,2.374868417407584,-3.0,1.0,4.0,-0.8,1.077032961426901,2.17e-05,7.1e-05,4.9300000000000006e-05,4.635e-05,2.4650000000000003e-05,2.5,120.0,117.5,32.825,50.35441266661741,2.4,198.0,195.6,53.2,83.6578747040588,0.216,196.0,195.784,49.2805,84.70876384855347,3.3,3.3,0.0,3.3,0.0,0.3,6.0,5.7,1.775,2.4406710142909467,628.0,970.0,0.0,706.0,0.0,4.77e-08,1.44e-06,1.3923e-06,4.35925e-07,5.80629156066934e-07,9.0,37.0,28.0,17.0,11.775681155103795,9.0,102.0,93.0,76.66666666666667,38.42163742245016,18.9984032,85.4678,66.4693968,37.7626738,27.80715058772111,53.53,1519.0,1465.47,273.9,452.7232878922841,1.0,17.0,16.0,12.333333333333332,6.79869268479038,2.0,5.0,3.0,2.888888888888889,1.286204100310025,0.5,2.35,1.85,1.011111111111111,0.7676724481537167,0.82,3.98,3.16,3.0077777777777777,1.3892106294005622,85.03,2334.0,2248.97,529.5755555555555,731.3553767585087,1532.0,7470.0,5938.0,3511.333333333333,2799.200044457146,7.35,55.76,48.41,20.674444444444443,18.79161699098304,0.0277,58.0,57.9723,13.774022222222222,23.761152726750243,-1.0,7.0,8.0,0.3333333333333332,2.4944382578492945,-3.0,1.0,4.0,-0.7777777777777777,1.133115447465063,2.17e-05,2.17e-05,0.0,2.17e-05,0.0,2.5,120.0,117.5,41.66666666666666,55.39003119294623,2.4,198.0,195.6,67.6,92.2067242667258,0.216,196.0,195.784,65.47733333333333,92.29346269855137,26.0,75.0,0.0,47.0,0.0,0.3,6.0,5.7,2.2,2.68700576850888,628.0,970.0,0.0,716.75,0.0,1.28e-07,1.44e-06,1.312e-06,5.653333333333333e-07,6.184827312778335e-07,22.98976928,1.8,0.93,5.13907696,1.16,0.0,0.1,0.1,0.0,0.0,0.0,0.0,0.0,0.0,0.0,0.0,3.765955136551728
Na,Na1-3MoF6,NaMoF6,Na3MoF6,mp-aaabcsso,9.0,42.0,33.0,12.9,9.741149829460586,11.0,102.0,91.0,70.1,40.96693788898556,18.9984032,95.94,76.9415968,27.889972704,22.753466209003992,53.53,2896.0,2842.47,432.979,833.182710555734,1.0,17.0,16.0,11.1,7.354590403278757,2.0,5.0,3.0,2.6,0.916515138991168,0.5,1.8,1.3,0.985,0.6016851336039474,0.93,3.98,3.05,2.883,1.3851285138932057,85.03,4912.0,4826.97,889.018,1423.9593590464583,968.0,10280.0,9312.0,3296.0,4032.2142800203465,9.38,23.78,14.4,14.792000000000002,5.908104264482813,0.0277,140.0,139.9723,55.91662,68.45021598322097,-1.0,6.0,7.0,0.3000000000000001,2.1,-2.0,-1.0,1.0,-1.1,0.3,4.8e-06,7.1e-05,6.620000000000001e-05,5.445e-05,2.866544086526492e-05,6.3,230.0,223.7,62.225,96.86494141328949,10.0,329.0,319.0,89.75,138.13105190361796,0.69,1500.0,1499.31,375.5175,649.2202740740233,3.3,20.0,16.7,7.475,7.231312121600063,0.5,5.5,5.0,1.75,2.165063509461097,1530.0,1530.0,0.0,1530.0,0.0,4.77e-08,5.34e-08,5.700000000000005e-09,4.9125e-08,2.468172400785652e-09,9.0,42.0,33.0,13.375,10.839020942871178,11.0,102.0,91.0,84.875,31.7231677957924,18.9984032,95.94,76.9415968,29.11502356,25.291234304723574,53.53,2896.0,2842.47,448.50625,930.8793203194696,1.0,17.0,16.0,13.625,5.977823600609171,2.0,5.0,3.0,2.5,1.0,0.5,1.8,1.3,0.78125,0.4949352861738593,0.93,3.98,3.05,3.37125,1.0983104923016989,85.03,4912.0,4826.97,822.2725,1585.0238204578347,968.0,10280.0,9312.0,5624.0,4656.0,9.38,23.78,14.4,12.544999999999998,4.28801527515936,0.0277,140.0,139.9723,34.895775,60.39379490160289,-1.0,6.0,7.0,0.125,2.315032397181517,-2.0,-1.0,1.0,-1.125,0.3307189138830738,4.8e-06,7.1e-05,6.620000000000001e-05,3.79e-05,3.3100000000000005e-05,6.3,230.0,223.7,118.15,111.85,10.0,329.0,319.0,169.5,159.5,0.69,1500.0,1499.31,750.345,749.655,3.3,20.0,16.7,11.65,8.350000000000001,0.5,5.5,5.0,3.0,2.5,1530.0,1530.0,0.0,1530.0,0.0,4.77e-08,5.34e-08,5.700000000000005e-09,5.055e-08,2.850000000000002e-09,22.98976928,1.8,0.93,5.13907696,1.16,0.125,0.3,0.175,0.0,0.0,0.0,0.0,0.0,0.0,0.0,0.0,3.062632396551724
Na,Na0-1V(NF3)2,V(NF3)2,NaV(NF3)2,mp-aaacqstr,7.0,23.0,16.0,10.2,4.4,11.0,102.0,91.0,87.69999999999999,29.237133922462373,14.0067,50.9415,36.9348,21.593508848,10.093467713277288,53.53,2183.0,2129.47,300.115,634.6248336655287,1.0,17.0,16.0,13.8,5.528109984434102,2.0,4.0,2.0,2.3,0.6403124237432849,0.5,1.8,1.3,0.7450000000000001,0.4309582346353298,0.93,3.98,3.05,3.252,1.062655165140602,77.36,3680.0,3602.64,550.09,1091.2422125082956,968.0,6110.0,5142.0,3539.0,2571.0,8.32,23.78,15.46,12.638,3.960095453395032,0.02583,140.0,139.97417,17.121786,41.987439050053815,-1.0,5.0,6.0,1.0,2.683281572999748,-3.0,-1.0,2.0,-1.4,0.8,8.4e-06,7.1e-05,6.26e-05,3.97e-05,3.13e-05,6.3,160.0,153.7,83.15,76.85000000000001,10.0,128.0,118.0,69.0,59.0,0.69,628.0,627.31,314.345,313.65500000000003,3.3,47.0,43.7,25.15,21.85,0.5,7.0,6.5,3.75,3.25,628.0,628.0,0.0,628.0,0.0,4.77e-08,1.97e-07,1.493e-07,1.2235e-07,7.465000000000001e-08,7.0,23.0,16.0,10.11111111111111,4.629481479111036,54.0,102.0,48.0,96.22222222222224,14.950122836937032,14.0067,50.9415,36.9348,21.4383688,10.628132195500458,53.53,2183.0,2129.47,292.25333333333333,668.4911927284872,5.0,17.0,12.0,15.22222222222222,3.705184889007348,2.0,4.0,2.0,2.2222222222222223,0.6285393610547089,0.5,1.35,0.8500000000000001,0.6277777777777778,0.2625844955132549,1.63,3.98,2.35,3.51,0.7675067860720625,77.36,3680.0,3602.64,482.76666666666665,1130.3970224168538,6110.0,6110.0,0.0,6110.0,0.0,8.32,13.54,5.219999999999999,11.4,1.448585516978545,0.02583,31.0,30.97417,3.468651111111111,9.7338017772108,-1.0,5.0,6.0,1.0,2.8284271247461903,-3.0,-1.0,2.0,-1.4444444444444442,0.8314794192830981,8.4e-06,8.4e-06,0.0,8.4e-06,0.0,160.0,160.0,0.0,160.0,0.0,128.0,128.0,0.0,128.0,0.0,628.0,628.0,0.0,628.0,0.0,47.0,47.0,0.0,47.0,0.0,7.0,7.0,0.0,7.0,0.0,628.0,628.0,0.0,628.0,0.0,1.97e-07,1.97e-07,0.0,1.97e-07,0.0,22.98976928,1.8,0.93,5.13907696,1.16,0.0,0.1,0.1,0.0,0.0,0.0,0.0,0.0,0.0,0.0,0.0,6.389759226551721
Na,Na0-1Rb2NiF6,Rb2NiF6,Rb2NaNiF6,mp-aaabfrcr,9.0,37.0,28.0,16.7,11.576268828944842,9.0,102.0,93.0,70.8,41.31537244174376,18.9984032,85.4678,66.4693968,36.660918848,27.03394274960616,53.53,1728.0,1674.47,304.497,490.7952317830726,1.0,17.0,16.0,11.5,7.172865536171719,2.0,5.0,3.0,2.9000000000000004,1.2206555615733703,0.5,2.35,1.85,1.085,0.7638880808076535,0.82,3.98,3.16,2.836,1.4307774110601552,85.03,3186.0,3100.97,677.4180000000001,937.4648333756312,968.0,8908.0,7940.0,3235.0,3283.391386965617,6.59,55.76,49.17,20.909,17.911027022479754,0.0277,140.0,139.9723,34.716620000000006,47.49375491735308,-1.0,4.0,5.0,0.1,1.57797338380595,-1.0,1.0,2.0,-0.6,0.8,1.34e-05,7.1e-05,5.76e-05,4.22e-05,2.88e-05,2.5,180.0,177.5,47.825,76.32703895082005,2.4,200.0,197.6,53.7,84.52331039423386,0.216,700.0,699.784,175.2805,302.94700637694046,3.3,76.0,72.7,39.65,36.35,0.3,4.0,3.7,1.275,1.5753967754188147,638.0,638.0,0.0,638.0,0.0,4.77e-08,1.28e-07,8.030000000000001e-08,9.325e-08,3.557924254393284e-08,9.0,37.0,28.0,17.333333333333332,12.036980056845191,9.0,102.0,93.0,77.44444444444444,38.14624231125703,18.9984032,85.4678,66.4693968,38.17993546666666,28.088498183794297,53.53,1728.0,1674.47,297.1222222222222,516.8176912773826,1.0,17.0,16.0,12.666666666666666,6.599663291074443,2.0,5.0,3.0,2.888888888888889,1.286204100310025,0.5,2.35,1.85,1.0055555555555555,0.7650143224673946,0.82,3.98,3.16,3.0477777777777777,1.3513267371799036,85.03,3186.0,3100.97,624.2422222222222,973.762088063926,1532.0,8908.0,7376.0,3990.666666666666,3477.0797453546497,6.59,55.76,49.17,20.59,18.852911357842498,0.0277,91.0,90.9723,23.018466666666665,33.73154859339975,-1.0,4.0,5.0,0.0,1.632993161855452,-1.0,1.0,2.0,-0.5555555555555556,0.8314794192830981,1.34e-05,1.34e-05,0.0,1.34e-05,0.0,2.5,180.0,177.5,61.66666666666666,83.67430244040813,2.4,200.0,197.6,68.26666666666665,93.14953330830784,0.216,700.0,699.784,233.4773333333333,329.8813411772313,76.0,76.0,0.0,76.0,0.0,0.3,4.0,3.7,1.5333333333333332,1.744196726926817,638.0,638.0,0.0,638.0,0.0,6.93e-08,1.28e-07,5.87e-08,1.0843333333333333e-07,2.7671445370433564e-08,22.98976928,1.8,0.93,5.13907696,1.16,0.0,0.1,0.1,0.0,0.0,0.0,0.0,0.0,0.0,0.0,0.0,4.578058656551722
Na,Na1-3SbF6,NaSbF6,Na3SbF6,mp-aaaaaivb,9.0,51.0,42.0,13.8,12.432216214336044,11.0,102.0,91.0,73.3,40.99036472148058,18.9984032,121.76,102.7615968,30.471972704,30.48165155435038,53.53,903.78,850.25,233.757,264.6169635548711,1.0,17.0,16.0,12.0,7.224956747275377,2.0,5.0,3.0,2.6,0.916515138991168,0.5,1.8,1.3,0.985,0.6016851336039474,0.93,3.98,3.05,2.872,1.3912497978436509,85.03,1860.0,1774.97,583.818,640.5898870697226,968.0,6697.0,5729.0,2400.25,2480.7297691405247,11.2,23.78,12.580000000000002,15.673000000000002,5.688163236054325,0.0277,140.0,139.9723,44.41662,62.966374583182095,-1.0,5.0,6.0,0.2,1.833030277982336,-3.0,-1.0,2.0,-1.2000000000000002,0.6,1.1e-05,7.1e-05,6.000000000000001e-05,5.599999999999999e-05,2.598076211353316e-05,6.3,42.0,35.7,15.224999999999998,15.45855345755223,10.0,55.0,45.0,21.25,19.48557158514987,0.69,294.0,293.31,74.0175,127.00695559200686,3.3,20.0,16.7,7.475,7.231312121600063,0.5,3.0,2.5,1.125,1.0825317547305484,628.0,970.0,0.0,706.0,0.0,4.77e-08,4.17e-07,3.693e-07,1.4002499999999998e-07,1.599115908087966e-07,9.0,51.0,42.0,14.5,13.811227316933133,11.0,102.0,91.0,88.875,29.788577928461105,18.9984032,121.76,102.7615968,32.342523560000004,33.82187235098948,53.53,903.78,850.25,199.47875,285.7493300708464,1.0,17.0,16.0,14.75,5.238081709939241,2.0,5.0,3.0,2.5,1.0,0.5,1.8,1.3,0.78125,0.4949352861738593,0.93,3.98,3.05,3.3575,1.1139653271085237,85.03,1860.0,1774.97,440.7725,640.8074429333277,968.0,6697.0,5729.0,3832.5,2864.5,11.2,23.78,12.580000000000002,13.646249999999998,4.461549443578991,0.0277,140.0,139.9723,20.520775,45.83555790940997,-1.0,5.0,6.0,0.0,2.0,-3.0,-1.0,2.0,-1.25,0.6614378277661477,1.1e-05,7.1e-05,6.000000000000001e-05,4.1e-05,3e-05,6.3,42.0,35.7,24.15,17.85,10.0,55.0,45.0,32.5,22.5,0.69,294.0,293.31,147.345,146.655,3.3,20.0,16.7,11.65,8.350000000000001,0.5,3.0,2.5,1.75,1.25,628.0,970.0,0.0,716.75,0.0,4.77e-08,4.17e-07,3.693e-07,2.3235e-07,1.8465e-07,22.98976928,1.8,0.93,5.13907696,1.16,0.125,0.3,0.175,0.0,0.0,0.0,0.0,0.0,0.0,0.0,0.0,2.037283706551722
Na,Na0-1Rb2VF6,Rb2VF6,Rb2NaVF6,mp-aaacquwh,9.0,37.0,28.0,16.2,11.178550889985695,9.0,102.0,93.0,69.5,41.61790480069846,18.9984032,85.4678,66.4693968,35.885728848,26.49686053640027,53.53,2183.0,2129.47,349.997,623.739514974801,1.0,17.0,16.0,11.0,7.429670248402684,2.0,5.0,3.0,2.9000000000000004,1.2206555615733703,0.5,2.35,1.85,1.085,0.7638880808076535,0.82,3.98,3.16,2.808,1.451218798114192,85.03,3680.0,3594.97,726.818,1071.7515828847654,968.0,6110.0,5142.0,2535.5,2076.5434621023464,8.32,55.76,47.44,21.082,17.779760290847566,0.0277,140.0,139.9723,28.71662,43.63778404261152,-1.0,5.0,6.0,0.2,1.833030277982336,-1.0,1.0,2.0,-0.6,0.8,8.4e-06,7.1e-05,6.26e-05,3.97e-05,3.13e-05,2.5,160.0,157.5,42.825,67.66880281931992,2.4,128.0,125.6,35.7,53.37967778096829,0.216,628.0,627.784,157.2805,271.77009893060347,3.3,47.0,43.7,25.15,21.85,0.3,7.0,6.7,2.025,2.873477857927567,628.0,628.0,0.0,628.0,0.0,4.77e-08,1.97e-07,1.493e-07,1.25175e-07,5.286106199273716e-08,9.0,37.0,28.0,16.77777777777778,11.640711869963372,9.0,102.0,93.0,76.0,38.7556447501522,18.9984032,85.4678,66.4693968,37.31861324444444,27.56014028030901,53.53,2183.0,2129.47,347.6777777777777,657.4382720627385,1.0,17.0,16.0,12.11111111111111,6.999118110232721,2.0,5.0,3.0,2.888888888888889,1.286204100310025,0.5,2.35,1.85,1.0055555555555555,0.7650143224673946,0.82,3.98,3.16,3.0166666666666666,1.3800805129492346,85.03,3680.0,3594.97,679.1311111111111,1119.6155595505336,1532.0,6110.0,4578.0,3058.0,2158.089896181343,8.32,55.76,47.44,20.78222222222222,18.7175222587332,0.0277,58.0,57.9723,16.351799999999997,24.22710221260479,-1.0,5.0,6.0,0.1111111111111111,1.911627837120584,-1.0,1.0,2.0,-0.5555555555555556,0.8314794192830981,8.4e-06,8.4e-06,0.0,8.4e-06,0.0,2.5,160.0,157.5,54.99999999999999,74.24621202458748,2.4,128.0,125.6,44.266666666666666,59.20840781135358,0.216,628.0,627.784,209.4773333333333,295.940215680277,47.0,47.0,0.0,47.0,0.0,0.3,7.0,6.7,2.533333333333333,3.1584102892999124,628.0,628.0,0.0,628.0,0.0,1.28e-07,1.97e-07,6.9e-08,1.51e-07,3.2526911934581186e-08,22.98976928,1.8,0.93,5.13907696,1.16,0.0,0.1,0.1,0.0,0.0,0.0,0.0,0.0,0.0,0.0,0.0,4.005764786551726
Na,Na0-2VF5,VF5,Na2VF5,mp-aaackqzl,9.0,23.0,14.0,11.25,4.520785330006281,11.0,102.0,91.0,73.25,39.13677937694925,18.9984032,50.9415,31.9430968,23.98913182,10.325723111938837,53.53,2183.0,2129.47,399.04875,687.4760158805087,1.0,17.0,16.0,11.5,7.19374728496908,2.0,4.0,2.0,2.5,0.7071067811865476,0.5,1.8,1.3,0.93125,0.5716956686034975,0.93,3.98,3.05,2.92375,1.378504057846766,85.03,3680.0,3594.97,802.14375,1178.1206293917603,968.0,6110.0,5142.0,2682.0,2423.962045907485,8.32,23.78,15.46,13.985,5.731027394804531,0.0277,140.0,139.9723,38.8923125,59.224264520199775,-1.0,5.0,6.0,0.25,1.984313483298443,-1.0,-1.0,0.0,-1.0,0.0,8.4e-06,7.1e-05,6.26e-05,5.013333333333334e-05,2.9509923001518587e-05,6.3,160.0,153.7,57.53333333333333,72.45487484558157,10.0,128.0,118.0,49.33333333333333,55.62573345334173,0.69,628.0,627.31,209.7933333333333,295.7167699374221,3.3,47.0,43.7,17.866666666666667,20.600377558568084,0.5,7.0,6.5,2.6666666666666665,3.064129385141706,628.0,628.0,0.0,628.0,0.0,4.77e-08,1.97e-07,1.493e-07,9.746666666666665e-08,7.038069495410105e-08,9.0,23.0,14.0,11.333333333333332,5.217491947499509,54.0,102.0,48.0,94.0,17.888543819998315,18.9984032,50.9415,31.9430968,24.322252666666664,11.904489309442669,53.53,2183.0,2129.47,408.44166666666666,793.6066126744128,5.0,17.0,12.0,15.000000000000002,4.47213595499958,2.0,4.0,2.0,2.333333333333333,0.7453559924999299,0.5,1.35,0.8500000000000001,0.6416666666666667,0.3167762968124702,1.63,3.98,2.35,3.5883333333333334,0.8757932911874177,85.03,3680.0,3594.97,684.1916666666666,1339.7662161787364,6110.0,6110.0,0.0,6110.0,0.0,8.32,11.2,2.879999999999999,10.72,1.073312629199899,0.0277,31.0,30.9723,5.189749999999999,11.542694703252788,-1.0,5.0,6.0,-1.1102230246251563e-16,2.2360679774997894,-1.0,-1.0,0.0,-1.0,0.0,8.4e-06,8.4e-06,0.0,8.4e-06,0.0,160.0,160.0,0.0,160.0,0.0,128.0,128.0,0.0,128.0,0.0,628.0,628.0,0.0,628.0,0.0,47.0,47.0,0.0,47.0,0.0,7.0,7.0,0.0,7.0,0.0,628.0,628.0,0.0,628.0,0.0,1.97e-07,1.97e-07,0.0,1.97e-07,0.0,22.98976928,1.8,0.93,5.13907696,1.16,0.0,0.25,0.25,0.0,0.0,0.0,0.0,0.0,0.0,0.0,0.0,4.338141591551722
Na,Na0-1VF4,VF4,NaVF4,mp-aaabwkuj,9.0,23.0,14.0,11.666666666666666,5.120763831912406,11.0,102.0,91.0,78.83333333333333,35.03529965937529,18.9984032,50.9415,31.9430968,24.987480346666665,11.69813493643606,53.53,2183.0,2129.47,461.33166666666665,778.6242097960707,1.0,17.0,16.0,12.333333333333332,6.69991708074726,2.0,4.0,2.0,2.5,0.7637626158259734,0.5,1.8,1.3,0.8583333333333334,0.5231448705239836,0.93,3.98,3.05,3.08,1.2887332281482204,85.03,3680.0,3594.97,862.6866666666665,1319.2350494720629,968.0,6110.0,5142.0,3539.0,2571.0,8.32,23.78,15.46,12.816666666666666,5.014464632994788,0.0277,140.0,139.9723,28.518466666666665,51.12270438701597,-1.0,5.0,6.0,0.3333333333333332,2.211083193570267,-1.0,-1.0,0.0,-1.0,0.0,8.4e-06,7.1e-05,6.26e-05,3.97e-05,3.13e-05,6.3,160.0,153.7,83.15,76.85000000000001,10.0,128.0,118.0,69.0,59.0,0.69,628.0,627.31,314.345,313.65500000000003,3.3,47.0,43.7,25.15,21.85,0.5,7.0,6.5,3.75,3.25,628.0,628.0,0.0,628.0,0.0,4.77e-08,1.97e-07,1.493e-07,1.2235e-07,7.465000000000001e-08,9.0,23.0,14.0,11.8,5.6,54.0,102.0,48.0,92.4,19.2,18.9984032,50.9415,31.9430968,25.38702256,12.77723872,53.53,2183.0,2129.47,479.424,851.7880000000001,5.0,17.0,12.0,14.6,4.8,2.0,4.0,2.0,2.4000000000000004,0.8,0.5,1.35,0.8500000000000001,0.67,0.3400000000000001,1.63,3.98,2.35,3.51,0.94,85.03,3680.0,3594.97,804.024,1437.988,6110.0,6110.0,0.0,6110.0,0.0,8.32,11.2,2.879999999999999,10.624,1.1519999999999997,0.0277,31.0,30.9723,6.222160000000001,12.38892,-1.0,5.0,6.0,0.1999999999999999,2.4,-1.0,-1.0,0.0,-1.0,0.0,8.4e-06,8.4e-06,0.0,8.4e-06,0.0,160.0,160.0,0.0,160.0,0.0,128.0,128.0,0.0,128.0,0.0,628.0,628.0,0.0,628.0,0.0,47.0,47.0,0.0,47.0,0.0,7.0,7.0,0.0,7.0,0.0,628.0,628.0,0.0,628.0,0.0,1.97e-07,1.97e-07,0.0,1.97e-07,0.0,22.98976928,1.8,0.93,5.13907696,1.16,0.0,0.166666666666666,0.166666666666666,0.0,0.0,0.0,0.0,0.0,0.0,0.0,0.0,4.179153189051728
Na,Na0-1VF3,VF3,NaVF3,mp-aaabreyb,9.0,23.0,14.0,12.2,5.455272678794342,11.0,102.0,91.0,74.19999999999999,36.66278767360715,18.9984032,50.9415,31.9430968,26.185295776,12.47425598473853,53.53,2183.0,2129.47,542.892,829.213039125652,1.0,17.0,16.0,11.4,6.974238309665077,2.0,4.0,2.0,2.6,0.8,0.5,1.8,1.3,0.9300000000000002,0.5455272678794343,0.93,3.98,3.05,2.9,1.341118935814419,85.03,3680.0,3594.97,1018.218,1394.0291837031248,968.0,6110.0,5142.0,3539.0,2571.0,8.32,23.78,15.46,13.14,5.4356747511233605,0.0277,140.0,139.9723,34.216620000000006,54.234890763691965,-1.0,5.0,6.0,0.6,2.3323807579381204,-1.0,-1.0,0.0,-1.0,0.0,8.4e-06,7.1e-05,6.26e-05,3.97e-05,3.13e-05,6.3,160.0,153.7,83.15,76.85000000000001,10.0,128.0,118.0,69.0,59.0,0.69,628.0,627.31,314.345,313.65500000000003,3.3,47.0,43.7,25.15,21.85,0.5,7.0,6.5,3.75,3.25,628.0,628.0,0.0,628.0,0.0,4.77e-08,1.97e-07,1.493e-07,1.2235e-07,7.465000000000001e-08,9.0,23.0,14.0,12.5,6.06217782649107,54.0,102.0,48.0,90.0,20.784609690826528,18.9984032,50.9415,31.9430968,26.9841774,13.831766652172703,53.53,2183.0,2129.47,585.8975,922.0875582984244,5.0,17.0,12.0,14.0,5.196152422706632,2.0,4.0,2.0,2.5,0.8660254037844386,0.5,1.35,0.8500000000000001,0.7125,0.3680607966083865,1.63,3.98,2.35,3.3925,1.0175798494467154,85.03,3680.0,3594.97,983.7725,1556.6676729214716,6110.0,6110.0,0.0,6110.0,0.0,8.32,11.2,2.879999999999999,10.48,1.2470765814495912,0.0277,31.0,30.9723,7.770775,13.411399306816383,-1.0,5.0,6.0,0.5,2.598076211353316,-1.0,-1.0,0.0,-1.0,0.0,8.4e-06,8.4e-06,0.0,8.4e-06,0.0,160.0,160.0,0.0,160.0,0.0,128.0,128.0,0.0,128.0,0.0,628.0,628.0,0.0,628.0,0.0,47.0,47.0,0.0,47.0,0.0,7.0,7.0,0.0,7.0,0.0,628.0,628.0,0.0,628.0,0.0,1.97e-07,1.97e-07,0.0,1.97e-07,0.0,22.98976928,1.8,0.93,5.13907696,1.16,0.0,0.2,0.2,0.0,0.0,0.0,0.0,0.0,0.0,0.0,0.0,2.128294121551722
Na,Na0-1Fe(GeO3)2,Fe(GeO3)2,NaFe(GeO3)2,mp-aaachjqr,8.0,32.0,24.0,14.900000000000002,10.044401425669925,11.0,101.0,90.0,84.6,27.54705065882734,15.9994,72.64,56.6406,32.011116928,23.428831487990923,54.8,1811.0,1756.2,493.347,627.4034661053445,1.0,16.0,15.0,13.3,4.73392015141785,2.0,4.0,2.0,2.7,0.9,0.6,1.8,1.2000000000000002,0.93,0.428485705712571,0.93,3.44,2.51,2.742,0.9005531633390669,90.2,3134.0,3043.8,1101.72,1349.167767773897,968.0,7874.0,6906.0,4872.0,2482.9429111439517,7.09,23.78,16.69,16.229,4.021485919408397,0.02658,140.0,139.97342,34.015948,46.50715757342235,1.0,6.0,5.0,2.7,1.417744687875783,-4.0,-1.0,3.0,-2.3,0.9,6e-06,7.1e-05,6.500000000000001e-05,2.37e-05,2.7411129126688677e-05,6.3,170.0,163.7,88.15,81.85000000000001,10.0,211.0,201.0,110.5,100.5,0.69,490.0,489.31,245.345,244.655,3.3,82.0,78.7,42.65,39.35,0.5,6.0,5.5,4.125,2.246525094451429,608.0,608.0,0.0,608.0,0.0,4.77e-08,0.0005,0.0004999523,0.00025003595,0.0002499640505857,8.0,32.0,24.0,15.333333333333332,10.49867716534908,61.0,101.0,40.0,92.77777777777776,13.205872244134238,15.9994,72.64,56.6406,33.01348888888889,24.491889790542885,54.8,1811.0,1756.2,506.9555555555555,659.9397061872161,8.0,16.0,8.0,14.666666666666666,2.494438257849294,2.0,4.0,2.0,2.6666666666666665,0.9428090415820634,0.6,1.4,0.7999999999999999,0.8333333333333333,0.332498955721,1.83,3.44,1.61,2.943333333333333,0.704099109185316,90.2,3134.0,3043.8,1095.6888888888889,1422.0198064290605,5323.0,7874.0,2551.0,6173.333333333333,1202.5529325379218,7.09,17.36,10.27,15.39,3.3060651334580005,0.02658,80.0,79.97342,22.239942222222226,31.882543061382798,2.0,6.0,4.0,2.8888888888888884,1.3698697784375502,-4.0,-2.0,2.0,-2.4444444444444446,0.8314794192830981,6e-06,1.18e-05,5.8e-06,7.933333333333334e-06,2.734146220587984e-06,170.0,170.0,0.0,170.0,0.0,211.0,211.0,0.0,211.0,0.0,490.0,490.0,0.0,490.0,0.0,82.0,82.0,0.0,82.0,0.0,4.0,6.0,2.0,5.333333333333333,0.9428090415820634,608.0,608.0,0.0,608.0,0.0,9.61e-08,0.0005,0.0004999039,0.0003333653666666,0.000235656958421,22.98976928,1.8,0.93,5.13907696,1.16,0.0,0.1,0.1,0.0,0.0,0.0,0.0,0.0,0.0,0.0,0.0,4.856140101551727
Na,Na0-2LiFe(Si2O5)3,LiFe(Si2O5)3,Na2LiFe(Si2O5)3,mp-aaabsdoo,3.0,26.0,23.0,10.2,4.298837052040936,11.0,101.0,90.0,84.8,28.77220881336711,6.941,55.845,48.904,20.6907815424,9.15133506131701,54.8,1811.0,1756.2,558.0172,723.793463427351,1.0,16.0,15.0,13.4,4.874423042781577,2.0,4.0,2.0,2.4,0.565685424949238,0.6,1.8,1.2000000000000002,0.882,0.3875254830330517,0.93,3.44,2.51,2.7068000000000003,0.9388065615450288,90.2,3173.0,3082.8,1098.08,1348.8954806062625,535.0,7874.0,7339.0,2432.5,1938.1172952120312,7.09,23.78,16.69,16.0172,3.6343005049115034,0.02658,150.0,149.97342,53.815948,67.94736319209993,1.0,6.0,5.0,2.52,1.2039933554633928,-4.0,1.0,5.0,-2.28,1.1496086290559933,2.6e-06,7.1e-05,6.840000000000001e-05,2.154e-05,2.781741181346676e-05,6.3,170.0,163.7,79.36,51.108007200437775,4.9,211.0,206.1,51.78999999999999,55.83634031703725,0.69,490.0,489.31,163.79333333333335,230.6629460682597,3.3,82.0,78.7,23.2,33.95018409375713,0.5,6.5,6.0,4.46,2.6729010456805167,608.0,608.0,0.0,608.0,0.0,4.77e-08,0.001,0.0009999523,0.00060002843,0.0004898631292835,3.0,26.0,23.0,10.130434782608695,4.475093856932543,12.0,101.0,89.0,91.21739130434784,19.62242843132656,6.941,55.845,48.904,20.49086956521739,9.514710476777514,54.8,1811.0,1756.2,574.2908695652173,752.4101896480406,1.0,16.0,15.0,14.478260869565217,3.360506758076452,2.0,4.0,2.0,2.347826086956521,0.560178205509788,0.6,1.45,0.85,0.8021739130434783,0.2891059159267041,0.98,3.44,2.46,2.8613043478260867,0.8121592494719465,90.2,3173.0,3082.8,1093.0434782608695,1406.2080147397596,535.0,7874.0,7339.0,2798.625,2006.2740925344672,7.09,17.36,10.27,15.342173913043478,2.942944335365281,0.02658,150.0,149.97342,46.321682608695646,65.69823972373167,1.0,6.0,5.0,2.6521739130434785,1.1650226962586316,-4.0,1.0,5.0,-2.391304347826087,1.132105788373177,2.6e-06,4.6e-05,4.34e-05,9.175e-06,1.4240588997650345e-05,11.0,170.0,159.0,97.625,39.962286909034624,4.9,211.0,206.1,62.2375,57.89101695211442,490.0,490.0,0.0,490.0,0.0,4.2,82.0,77.8,43.1,38.9,0.6,6.5,5.9,5.45,2.0074859899884734,608.0,608.0,0.0,608.0,0.0,9.28e-08,0.001,0.0009999072,0.0007500236125,0.0004329718038433,22.98976928,1.8,0.93,5.13907696,1.16,0.0,0.08,0.08,0.0,0.0,0.0,0.0,0.0,0.0,0.0,0.0,4.5699816103017135
Na,Na1.25-2MgFe2(PO4)3,Na5Mg4Fe8(PO4)12,Na2MgFe2(PO4)3,mp-aaacoukn,8.0,26.0,18.0,11.35,5.497954164959908,11.0,101.0,90.0,84.94999999999999,27.744323743785863,15.9994,55.845,39.8456,23.344431228,12.11561404250062,54.8,1811.0,1756.2,344.812,531.3486688098503,1.0,16.0,15.0,12.85,5.378429138698399,2.0,4.0,2.0,2.5,0.6708203932499369,0.6,1.8,1.2000000000000002,0.905,0.4236448984704053,0.93,3.44,2.51,2.734,0.923040627491553,90.2,3134.0,3043.8,633.7700000000001,925.910287824906,968.0,7874.0,6906.0,3111.375,2770.812062261712,7.09,23.78,16.69,16.756,3.858229386648752,0.02658,160.0,159.97342,30.051348,54.56120656364498,1.0,6.0,5.0,2.75,1.5771810295587505,-3.0,1.0,4.0,-1.9,0.8306623862918076,8.2e-06,7.1e-05,6.280000000000001e-05,3.4760000000000006e-05,2.9619020915621095e-05,6.3,170.0,163.7,53.825,68.09032144879329,10.0,211.0,201.0,97.4,93.63033696404176,0.69,490.0,489.31,248.276,218.9045871241624,3.3,82.0,78.7,37.52,36.66068193582875,0.5,4.0,3.5,2.3,1.5684387141358125,608.0,608.0,0.0,608.0,0.0,4.39e-08,1e-07,5.609999999999999e-08,7.89375e-08,2.5246729367385388e-08,8.0,26.0,18.0,11.363636363636363,5.603591359789617,11.0,101.0,90.0,87.83116883116884,24.04940941975558,15.9994,55.845,39.8456,23.358249225974028,12.349171186606554,54.8,1811.0,1756.2,343.79675324675327,541.5753380658566,1.0,16.0,15.0,13.311688311688313,4.936636796837433,2.0,4.0,2.0,2.4805194805194803,0.6763229385086513,0.6,1.8,1.2000000000000002,0.8701298701298701,0.3924829171780684,0.93,3.44,2.51,2.8042857142857143,0.8680227248378232,90.2,3134.0,3043.8,613.4233766233766,937.9082800525838,968.0,7874.0,6906.0,3333.1034482758623,2819.078307982918,7.09,23.78,16.69,16.482337662337663,3.669987754713956,0.02658,160.0,159.97342,25.767634285714287,51.02519584636196,1.0,6.0,5.0,2.8181818181818183,1.5685817295464155,-3.0,1.0,4.0,-1.935064935064935,0.8271004326280861,8.2e-06,7.1e-05,6.280000000000001e-05,2.836470588235294e-05,2.7557873673128032e-05,6.3,170.0,163.7,58.741379310344826,69.69997534873843,10.0,211.0,201.0,112.82352941176472,93.42265457341304,0.69,490.0,489.31,291.9676470588236,208.92379172177792,3.3,82.0,78.7,43.55882352941176,36.5795998888408,0.5,4.0,3.5,2.617647058823529,1.4904540540376383,608.0,608.0,0.0,608.0,0.0,4.39e-08,1e-07,5.609999999999999e-08,8.216896551724139e-08,2.4330016985527412e-08,22.98976928,1.8,0.93,5.13907696,1.16,0.064935064935064,0.1,0.035064935064936,0.0,0.0,0.0,0.0,0.0,0.0,0.0,0.0,2.650199029885057
Na,Na0-1Fe5O8,Fe5O8,NaFe5O8,mp-aaabdboc,8.0,26.0,18.0,14.642857142857144,8.49879943502226,11.0,101.0,90.0,80.28571428571428,26.849923041732147,15.9994,55.845,39.8456,30.72928352,18.80283394349301,54.8,1811.0,1756.2,704.5907142857143,828.5055751037896,1.0,16.0,15.0,12.071428571428571,4.847153593521013,2.0,4.0,2.0,2.7857142857142856,0.939496174140422,0.6,1.8,1.2000000000000002,0.9714285714285712,0.43985155195259,0.93,3.44,2.51,2.685714285714285,0.8982261430628884,90.2,3134.0,3043.8,1253.4,1427.2111286401482,968.0,7874.0,6906.0,6722.999999999999,2573.7142421022577,7.09,23.78,16.69,14.150714285714288,5.505761221906837,0.02658,140.0,139.97342,38.58661714285714,46.86990150295899,1.0,6.0,5.0,3.357142857142857,1.9859198249225487,-2.0,-1.0,1.0,-1.9285714285714284,0.2575393768188564,1.18e-05,7.1e-05,5.92e-05,2.1666666666666667e-05,2.2062537377997928e-05,6.3,170.0,163.7,142.71666666666667,61.007387986119255,10.0,211.0,201.0,177.49999999999997,74.90827724624295,0.69,490.0,489.31,408.4483333333333,182.3550703450704,3.3,82.0,78.7,68.88333333333333,29.329758304872243,0.5,4.0,3.5,3.4166666666666665,1.3043729868748772,608.0,608.0,0.0,608.0,0.0,4.77e-08,9.61e-08,4.84e-08,8.803333333333332e-08,1.8037615018498305e-08,8.0,26.0,18.0,14.923076923076923,8.757076597389359,61.0,101.0,40.0,85.61538461538463,19.4601702164208,15.9994,55.845,39.8456,31.32463076923077,19.385053959385413,54.8,1811.0,1756.2,730.2615384615385,854.398773351955,8.0,16.0,8.0,12.923076923076923,3.892034043284159,2.0,4.0,2.0,2.769230769230769,0.9730085108210398,0.6,1.4,0.7999999999999999,0.9076923076923076,0.3892034043284159,1.83,3.44,1.61,2.820769230769231,0.783271851210937,90.2,3134.0,3043.8,1260.892307692308,1480.8216526185404,7874.0,7874.0,0.0,7874.0,0.0,7.09,17.36,10.27,13.41,4.996398703066039,0.02658,80.0,79.97342,30.785587692307693,38.90740914973278,2.0,6.0,4.0,3.5384615384615388,1.94601702164208,-2.0,-2.0,0.0,-2.0,0.0,1.18e-05,1.18e-05,0.0,1.18e-05,0.0,170.0,170.0,0.0,170.0,0.0,211.0,211.0,0.0,211.0,0.0,490.0,490.0,0.0,490.0,0.0,82.0,82.0,0.0,82.0,0.0,4.0,4.0,0.0,4.0,0.0,608.0,608.0,0.0,608.0,0.0,9.61e-08,9.61e-08,0.0,9.61e-08,0.0,22.98976928,1.8,0.93,5.13907696,1.16,0.0,0.071428571428571,0.071428571428571,0.0,0.0,0.0,0.0,0.0,0.0,0.0,0.0,3.894237176551716
Na,Na0-1FeO2,FeO2,NaFeO2,mp-aaadauas,8.0,26.0,18.0,13.25,7.46240577829965,11.0,101.0,90.0,68.5,36.99662146737185,15.9994,55.845,39.8456,27.70839232,16.493446406311598,54.8,1811.0,1756.2,572.8675,726.388832973601,1.0,16.0,15.0,10.25,6.2599920127744575,2.0,4.0,2.0,2.75,0.82915619758885,0.6,1.8,1.2000000000000002,1.1,0.5196152422706632,0.93,3.44,2.51,2.41,1.0780306118102585,90.2,3134.0,3043.8,1117.6,1242.823905466901,968.0,7874.0,6906.0,4421.0,3453.0,7.09,23.78,16.69,16.3975,5.978789070539285,0.02658,140.0,139.97342,55.01329,58.93673113283515,1.0,6.0,5.0,2.75,1.920286436967152,-2.0,-1.0,1.0,-1.75,0.4330127018922193,1.18e-05,7.1e-05,5.92e-05,4.14e-05,2.96e-05,6.3,170.0,163.7,88.15,81.85000000000001,10.0,211.0,201.0,110.5,100.5,0.69,490.0,489.31,245.345,244.655,3.3,82.0,78.7,42.65,39.35,0.5,4.0,3.5,2.25,1.75,608.0,608.0,0.0,608.0,0.0,4.77e-08,9.61e-08,4.84e-08,7.19e-08,2.42e-08,8.0,26.0,18.0,14.0,8.48528137423857,61.0,101.0,40.0,87.66666666666666,18.856180831641268,15.9994,55.845,39.8456,29.281266666666664,18.78339597363113,54.8,1811.0,1756.2,640.1999999999999,827.8806194132098,8.0,16.0,8.0,13.333333333333332,3.771236166328253,2.0,4.0,2.0,2.6666666666666665,0.9428090415820634,0.6,1.4,0.7999999999999999,0.8666666666666666,0.3771236166328253,1.83,3.44,1.61,2.903333333333333,0.758961278473561,90.2,3134.0,3043.8,1104.8,1434.861080383742,7874.0,7874.0,0.0,7874.0,0.0,7.09,17.36,10.27,13.936666666666666,4.841324428523895,0.02658,80.0,79.97342,26.684386666666665,37.69983173111991,2.0,6.0,4.0,3.333333333333333,1.8856180831641267,-2.0,-2.0,0.0,-2.0,0.0,1.18e-05,1.18e-05,0.0,1.18e-05,0.0,170.0,170.0,0.0,170.0,0.0,211.0,211.0,0.0,211.0,0.0,490.0,490.0,0.0,490.0,0.0,82.0,82.0,0.0,82.0,0.0,4.0,4.0,0.0,4.0,0.0,608.0,608.0,0.0,608.0,0.0,9.61e-08,9.61e-08,0.0,9.61e-08,0.0,22.98976928,1.8,0.93,5.13907696,1.16,0.0,0.25,0.25,0.0,0.0,0.0,0.0,0.0,0.0,0.0,0.0,3.566569301551726
Na,Na0-1FeO2,FeO2,NaFeO2,mp-aaaabliq,8.0,26.0,18.0,13.25,7.46240577829965,11.0,101.0,90.0,68.5,36.99662146737185,15.9994,55.845,39.8456,27.70839232,16.493446406311598,54.8,1811.0,1756.2,572.8675,726.388832973601,1.0,16.0,15.0,10.25,6.2599920127744575,2.0,4.0,2.0,2.75,0.82915619758885,0.6,1.8,1.2000000000000002,1.1,0.5196152422706632,0.93,3.44,2.51,2.41,1.0780306118102585,90.2,3134.0,3043.8,1117.6,1242.823905466901,968.0,7874.0,6906.0,4421.0,3453.0,7.09,23.78,16.69,16.3975,5.978789070539285,0.02658,140.0,139.97342,55.01329,58.93673113283515,1.0,6.0,5.0,2.75,1.920286436967152,-2.0,-1.0,1.0,-1.75,0.4330127018922193,1.18e-05,7.1e-05,5.92e-05,4.14e-05,2.96e-05,6.3,170.0,163.7,88.15,81.85000000000001,10.0,211.0,201.0,110.5,100.5,0.69,490.0,489.31,245.345,244.655,3.3,82.0,78.7,42.65,39.35,0.5,4.0,3.5,2.25,1.75,608.0,608.0,0.0,608.0,0.0,4.77e-08,9.61e-08,4.84e-08,7.19e-08,2.42e-08,8.0,26.0,18.0,14.0,8.48528137423857,61.0,101.0,40.0,87.66666666666666,18.856180831641268,15.9994,55.845,39.8456,29.281266666666664,18.78339597363113,54.8,1811.0,1756.2,640.1999999999999,827.8806194132098,8.0,16.0,8.0,13.333333333333332,3.771236166328253,2.0,4.0,2.0,2.6666666666666665,0.9428090415820634,0.6,1.4,0.7999999999999999,0.8666666666666666,0.3771236166328253,1.83,3.44,1.61,2.903333333333333,0.758961278473561,90.2,3134.0,3043.8,1104.8,1434.861080383742,7874.0,7874.0,0.0,7874.0,0.0,7.09,17.36,10.27,13.936666666666666,4.841324428523895,0.02658,80.0,79.97342,26.684386666666665,37.69983173111991,2.0,6.0,4.0,3.333333333333333,1.8856180831641267,-2.0,-2.0,0.0,-2.0,0.0,1.18e-05,1.18e-05,0.0,1.18e-05,0.0,170.0,170.0,0.0,170.0,0.0,211.0,211.0,0.0,211.0,0.0,490.0,490.0,0.0,490.0,0.0,82.0,82.0,0.0,82.0,0.0,4.0,4.0,0.0,4.0,0.0,608.0,608.0,0.0,608.0,0.0,9.61e-08,9.61e-08,0.0,9.61e-08,0.0,22.98976928,1.8,0.93,5.13907696,1.16,0.0,0.25,0.25,0.0,0.0,0.0,0.0,0.0,0.0,0.0,0.0,3.764714066551725
Na,Na0-0.5FeO2,FeO2,Na(FeO2)2,mp-aaachpgf,8.0,26.0,18.0,13.571428571428571,7.925675146674398,11.0,101.0,90.0,76.71428571428571,32.007652146297254,15.9994,55.845,39.8456,28.382481325714284,17.528849768946174,54.8,1811.0,1756.2,601.7242857142857,772.2410712401952,1.0,16.0,15.0,11.571428571428571,5.551245493635842,2.0,4.0,2.0,2.7142857142857144,0.8806305718527109,0.6,1.8,1.2000000000000002,0.9999999999999998,0.4780914437337574,0.93,3.44,2.51,2.621428571428571,0.9851675502374284,90.2,3134.0,3043.8,1112.1142857142856,1328.5440402706924,968.0,7874.0,6906.0,5572.0,3255.5196205828647,7.09,23.78,16.69,15.342857142857142,5.652814000340802,0.02658,140.0,139.97342,42.87233142857143,52.82551495406726,1.0,6.0,5.0,3.0,1.9272482233188628,-2.0,-1.0,1.0,-1.857142857142857,0.3499271061118826,1.18e-05,7.1e-05,5.92e-05,3.153333333333333e-05,2.790714763082908e-05,6.3,170.0,163.7,115.43333333333332,77.16892005349189,10.0,211.0,201.0,144.0,94.75230867899737,0.69,490.0,489.31,326.89666666666665,230.6629460682597,3.3,82.0,78.7,55.766666666666666,37.099535786254194,0.5,4.0,3.5,2.833333333333333,1.6499158227686108,608.0,608.0,0.0,608.0,0.0,4.77e-08,9.61e-08,4.84e-08,7.996666666666666e-08,2.281597880628593e-08,8.0,26.0,18.0,14.0,8.48528137423857,61.0,101.0,40.0,87.66666666666666,18.856180831641268,15.9994,55.845,39.8456,29.281266666666664,18.78339597363113,54.8,1811.0,1756.2,640.1999999999999,827.8806194132098,8.0,16.0,8.0,13.333333333333332,3.771236166328253,2.0,4.0,2.0,2.6666666666666665,0.9428090415820634,0.6,1.4,0.7999999999999999,0.8666666666666666,0.3771236166328253,1.83,3.44,1.61,2.903333333333333,0.758961278473561,90.2,3134.0,3043.8,1104.8,1434.861080383742,7874.0,7874.0,0.0,7874.0,0.0,7.09,17.36,10.27,13.936666666666666,4.841324428523895,0.02658,80.0,79.97342,26.684386666666665,37.69983173111991,2.0,6.0,4.0,3.333333333333333,1.8856180831641267,-2.0,-2.0,0.0,-2.0,0.0,1.18e-05,1.18e-05,0.0,1.18e-05,0.0,170.0,170.0,0.0,170.0,0.0,211.0,211.0,0.0,211.0,0.0,490.0,490.0,0.0,490.0,0.0,82.0,82.0,0.0,82.0,0.0,4.0,4.0,0.0,4.0,0.0,608.0,608.0,0.0,608.0,0.0,9.61e-08,9.61e-08,0.0,9.61e-08,0.0,22.98976928,1.8,0.93,5.13907696,1.16,0.0,0.142857142857142,0.142857142857142,0.0,0.0,0.0,0.0,0.0,0.0,0.0,0.0,5.074529716551718
Na,Na0-0.5FeO2,FeO2,Na(FeO2)2,mp-aaadbkav,8.0,26.0,18.0,13.571428571428571,7.925675146674398,11.0,101.0,90.0,76.71428571428571,32.007652146297254,15.9994,55.845,39.8456,28.382481325714284,17.528849768946174,54.8,1811.0,1756.2,601.7242857142857,772.2410712401952,1.0,16.0,15.0,11.571428571428571,5.551245493635842,2.0,4.0,2.0,2.7142857142857144,0.8806305718527109,0.6,1.8,1.2000000000000002,0.9999999999999998,0.4780914437337574,0.93,3.44,2.51,2.621428571428571,0.9851675502374284,90.2,3134.0,3043.8,1112.1142857142856,1328.5440402706924,968.0,7874.0,6906.0,5572.0,3255.5196205828647,7.09,23.78,16.69,15.342857142857142,5.652814000340802,0.02658,140.0,139.97342,42.87233142857143,52.82551495406726,1.0,6.0,5.0,3.0,1.9272482233188628,-2.0,-1.0,1.0,-1.857142857142857,0.3499271061118826,1.18e-05,7.1e-05,5.92e-05,3.153333333333333e-05,2.790714763082908e-05,6.3,170.0,163.7,115.43333333333332,77.16892005349189,10.0,211.0,201.0,144.0,94.75230867899737,0.69,490.0,489.31,326.89666666666665,230.6629460682597,3.3,82.0,78.7,55.766666666666666,37.099535786254194,0.5,4.0,3.5,2.833333333333333,1.6499158227686108,608.0,608.0,0.0,608.0,0.0,4.77e-08,9.61e-08,4.84e-08,7.996666666666666e-08,2.281597880628593e-08,8.0,26.0,18.0,14.0,8.48528137423857,61.0,101.0,40.0,87.66666666666666,18.856180831641268,15.9994,55.845,39.8456,29.281266666666664,18.78339597363113,54.8,1811.0,1756.2,640.1999999999999,827.8806194132098,8.0,16.0,8.0,13.333333333333332,3.771236166328253,2.0,4.0,2.0,2.6666666666666665,0.9428090415820634,0.6,1.4,0.7999999999999999,0.8666666666666666,0.3771236166328253,1.83,3.44,1.61,2.903333333333333,0.758961278473561,90.2,3134.0,3043.8,1104.8,1434.861080383742,7874.0,7874.0,0.0,7874.0,0.0,7.09,17.36,10.27,13.936666666666666,4.841324428523895,0.02658,80.0,79.97342,26.684386666666665,37.69983173111991,2.0,6.0,4.0,3.333333333333333,1.8856180831641267,-2.0,-2.0,0.0,-2.0,0.0,1.18e-05,1.18e-05,0.0,1.18e-05,0.0,170.0,170.0,0.0,170.0,0.0,211.0,211.0,0.0,211.0,0.0,490.0,490.0,0.0,490.0,0.0,82.0,82.0,0.0,82.0,0.0,4.0,4.0,0.0,4.0,0.0,608.0,608.0,0.0,608.0,0.0,9.61e-08,9.61e-08,0.0,9.61e-08,0.0,22.98976928,1.8,0.93,5.13907696,1.16,0.0,0.142857142857142,0.142857142857142,0.0,0.0,0.0,0.0,0.0,0.0,0.0,0.0,3.842003831551725
Na,Na0-1Fe5O8,Fe5O8,NaFe5O8,mp-aaacrsdl,8.0,26.0,18.0,14.642857142857144,8.49879943502226,11.0,101.0,90.0,80.28571428571428,26.849923041732147,15.9994,55.845,39.8456,30.72928352,18.80283394349301,54.8,1811.0,1756.2,704.5907142857143,828.5055751037896,1.0,16.0,15.0,12.071428571428571,4.847153593521013,2.0,4.0,2.0,2.7857142857142856,0.939496174140422,0.6,1.8,1.2000000000000002,0.9714285714285712,0.43985155195259,0.93,3.44,2.51,2.685714285714285,0.8982261430628884,90.2,3134.0,3043.8,1253.4,1427.2111286401482,968.0,7874.0,6906.0,6722.999999999999,2573.7142421022577,7.09,23.78,16.69,14.150714285714288,5.505761221906837,0.02658,140.0,139.97342,38.58661714285714,46.86990150295899,1.0,6.0,5.0,3.357142857142857,1.9859198249225487,-2.0,-1.0,1.0,-1.9285714285714284,0.2575393768188564,1.18e-05,7.1e-05,5.92e-05,2.1666666666666667e-05,2.2062537377997928e-05,6.3,170.0,163.7,142.71666666666667,61.007387986119255,10.0,211.0,201.0,177.49999999999997,74.90827724624295,0.69,490.0,489.31,408.4483333333333,182.3550703450704,3.3,82.0,78.7,68.88333333333333,29.329758304872243,0.5,4.0,3.5,3.4166666666666665,1.3043729868748772,608.0,608.0,0.0,608.0,0.0,4.77e-08,9.61e-08,4.84e-08,8.803333333333332e-08,1.8037615018498305e-08,8.0,26.0,18.0,14.923076923076923,8.757076597389359,61.0,101.0,40.0,85.61538461538463,19.4601702164208,15.9994,55.845,39.8456,31.32463076923077,19.385053959385413,54.8,1811.0,1756.2,730.2615384615385,854.398773351955,8.0,16.0,8.0,12.923076923076923,3.892034043284159,2.0,4.0,2.0,2.769230769230769,0.9730085108210398,0.6,1.4,0.7999999999999999,0.9076923076923076,0.3892034043284159,1.83,3.44,1.61,2.820769230769231,0.783271851210937,90.2,3134.0,3043.8,1260.892307692308,1480.8216526185404,7874.0,7874.0,0.0,7874.0,0.0,7.09,17.36,10.27,13.41,4.996398703066039,0.02658,80.0,79.97342,30.785587692307693,38.90740914973278,2.0,6.0,4.0,3.5384615384615388,1.94601702164208,-2.0,-2.0,0.0,-2.0,0.0,1.18e-05,1.18e-05,0.0,1.18e-05,0.0,170.0,170.0,0.0,170.0,0.0,211.0,211.0,0.0,211.0,0.0,490.0,490.0,0.0,490.0,0.0,82.0,82.0,0.0,82.0,0.0,4.0,4.0,0.0,4.0,0.0,608.0,608.0,0.0,608.0,0.0,9.61e-08,9.61e-08,0.0,9.61e-08,0.0,22.98976928,1.8,0.93,5.13907696,1.16,0.0,0.071428571428571,0.071428571428571,0.0,0.0,0.0,0.0,0.0,0.0,0.0,0.0,3.731592496551715
Na,Na0-1Fe3P3O13,Fe3P3O13,NaFe3P3O13,mp-aaaczesc,8.0,26.0,18.0,11.9,6.417943595888016,11.0,101.0,90.0,88.85000000000001,22.705230674890757,15.9994,55.845,39.8456,24.571912764,14.168302352245735,54.8,1811.0,1756.2,373.4085,613.5595647308825,1.0,16.0,15.0,13.9,4.07308237088326,2.0,4.0,2.0,2.5,0.7416198487095662,0.6,1.8,1.2000000000000002,0.84,0.3666060555964672,0.93,3.44,2.51,2.8855000000000004,0.7941818116779052,90.2,3134.0,3043.8,669.03,1069.1924453062695,968.0,7874.0,6906.0,4294.142857142858,3112.8535107826447,7.09,23.78,16.69,16.0895,4.035458431207042,0.02658,140.0,139.97342,19.052677,39.71151360444891,1.0,6.0,5.0,3.0,1.6733200530681511,-3.0,-1.0,2.0,-2.1,0.4358898943540673,1.18e-05,7.1e-05,5.92e-05,2.66e-05,2.5634351952019387e-05,6.3,170.0,163.7,78.47142857142858,79.28099599860369,10.0,211.0,201.0,160.74999999999997,87.03555308033609,0.69,490.0,489.31,367.6725,211.87744516288183,3.3,82.0,78.7,62.325,34.078099638917664,0.5,4.0,3.5,3.125,1.5155444566227676,608.0,608.0,0.0,608.0,0.0,4.77e-08,1e-07,5.23e-08,9.085714285714287e-08,1.771108265972444e-08,8.0,26.0,18.0,11.94736842105263,6.581262750459194,61.0,101.0,40.0,92.94736842105264,14.383739665295767,15.9994,55.845,39.8456,24.65518347368421,14.53160060492186,54.8,1811.0,1756.2,373.5421052631579,629.4985475638856,8.0,16.0,8.0,14.578947368421051,2.8711961467338645,2.0,4.0,2.0,2.473684210526316,0.7517293082676685,0.6,1.4,0.7999999999999999,0.7894736842105263,0.3006917233070673,1.83,3.44,1.61,2.988421052631579,0.6723584817475268,90.2,3134.0,3043.8,643.4,1090.9635740940207,1823.0,7874.0,6051.0,4848.5,3025.5,7.09,17.36,10.27,15.684736842105265,3.723622130782497,0.02658,80.0,79.97342,12.68702842105263,29.147468211328636,2.0,6.0,4.0,3.105263157894737,1.65098812014296,-3.0,-2.0,1.0,-2.1578947368421053,0.3646422752776584,1.18e-05,1.18e-05,0.0,1.18e-05,0.0,11.0,170.0,159.0,90.5,79.5,211.0,211.0,0.0,211.0,0.0,490.0,490.0,0.0,490.0,0.0,82.0,82.0,0.0,82.0,0.0,4.0,4.0,0.0,4.0,0.0,608.0,608.0,0.0,608.0,0.0,9.61e-08,1e-07,3.900000000000002e-09,9.805e-08,1.950000000000001e-09,22.98976928,1.8,0.93,5.13907696,1.16,0.0,0.05,0.05,0.0,0.0,0.0,0.0,0.0,0.0,0.0,0.0,5.136609711551703
Na,Na0-7Fe4P9O32,Fe4P9O32,Na7Fe4P9O32,mp-aaaabock,8.0,26.0,18.0,11.0,5.061164353721841,11.0,101.0,90.0,83.90384615384616,30.69406082326816,15.9994,55.845,39.8456,22.597173903076925,11.134868645507211,54.8,1811.0,1756.2,277.87288461538463,461.3694729170493,1.0,16.0,15.0,13.192307692307692,5.2441852837157485,2.0,4.0,2.0,2.4615384615384617,0.6343239424027171,0.6,1.8,1.2000000000000002,0.8923076923076922,0.4304944178348684,0.93,3.44,2.51,2.761923076923077,0.926351483512558,90.2,3134.0,3043.8,547.3923076923077,832.556716443195,968.0,7874.0,6906.0,2733.9500000000003,2597.873947577134,7.09,23.78,16.69,17.375384615384615,3.698842054532567,0.02658,140.0,139.97342,25.05720307692308,50.0291502945072,1.0,6.0,5.0,2.6923076923076925,1.5632616486847366,-3.0,-1.0,2.0,-2.0384615384615383,0.5533651757668522,1.18e-05,7.1e-05,5.92e-05,4.947272727272728e-05,2.847790502091341e-05,6.3,170.0,163.7,41.15500000000001,64.45624465480441,10.0,211.0,201.0,83.0909090909091,96.69018427708777,0.69,490.0,489.31,178.6209090909091,235.3804680030936,3.3,82.0,78.7,31.91818181818182,37.85829603286969,0.5,4.0,3.5,1.7727272727272727,1.6836599252229214,608.0,608.0,0.0,608.0,0.0,4.77e-08,1e-07,5.23e-08,8.091500000000002e-08,2.4416311658397547e-08,8.0,26.0,18.0,11.0,5.440588203494177,61.0,101.0,40.0,95.24444444444444,11.545380135324075,15.9994,55.845,39.8456,22.53610351111111,11.968466751849435,54.8,1811.0,1756.2,263.4066666666667,494.3875368799482,8.0,16.0,8.0,15.088888888888889,2.249169942912,2.0,4.0,2.0,2.377777777777778,0.6425258797689316,0.6,1.4,0.7999999999999999,0.7511111111111111,0.2570103519075726,1.83,3.44,1.61,3.0468888888888888,0.6231954293878258,90.2,3134.0,3043.8,452.72,856.967318863444,1823.0,7874.0,6051.0,3684.846153846154,2792.7692307692305,7.09,17.36,10.27,16.37911111111111,2.904538840598144,0.02658,80.0,79.97342,7.177212444444445,22.746167853369077,2.0,6.0,4.0,2.955555555555556,1.519584088647001,-3.0,-2.0,1.0,-2.2,0.4,1.18e-05,1.18e-05,0.0,1.18e-05,0.0,11.0,170.0,159.0,59.92307692307691,73.38461538461539,211.0,211.0,0.0,211.0,0.0,490.0,490.0,0.0,490.0,0.0,82.0,82.0,0.0,82.0,0.0,4.0,4.0,0.0,4.0,0.0,608.0,608.0,0.0,608.0,0.0,9.61e-08,1e-07,3.900000000000002e-09,9.88e-08,1.8000000000000006e-09,22.98976928,1.8,0.93,5.13907696,1.16,0.0,0.134615384615384,0.134615384615384,0.0,0.0,0.0,0.0,0.0,0.0,0.0,0.0,5.024058592266007
Na,Na0-1Fe(PO3)3,Fe(PO3)3,NaFe(PO3)3,mp-aaaabllm,8.0,26.0,18.0,11.0,5.028490259085155,11.0,101.0,90.0,89.35714285714286,24.15014682847156,15.9994,55.845,39.8456,22.553618234285715,11.04478797790062,54.8,1811.0,1756.2,259.0692857142857,447.7478770543,1.0,16.0,15.0,14.142857142857142,4.172309104717209,2.0,4.0,2.0,2.428571428571429,0.6226998490772391,0.6,1.8,1.2000000000000002,0.8285714285714285,0.3614031611621005,0.93,3.44,2.51,2.877857142857143,0.808686576858944,90.2,3134.0,3043.8,482.2714285714285,796.5468387524558,968.0,7874.0,6906.0,2862.2000000000003,2527.6844265058085,7.09,23.78,16.69,17.012142857142855,3.2220449996224194,0.02658,140.0,139.97342,15.781944285714284,40.10094114530066,1.0,6.0,5.0,2.857142857142857,1.5518257844571737,-3.0,-1.0,2.0,-2.142857142857143,0.5150787536377127,1.18e-05,7.1e-05,5.92e-05,4.14e-05,2.96e-05,6.3,170.0,163.7,41.86,64.09585322000167,10.0,211.0,201.0,110.5,100.5,0.69,490.0,489.31,245.345,244.655,3.3,82.0,78.7,42.65,39.35,0.5,4.0,3.5,2.25,1.75,608.0,608.0,0.0,608.0,0.0,4.77e-08,1e-07,5.23e-08,8.876000000000002e-08,2.058549003545944e-08,8.0,26.0,18.0,11.0,5.218310955737425,61.0,101.0,40.0,95.3846153846154,10.930116907943017,15.9994,55.845,39.8456,22.520068153846157,11.461030696157868,54.8,1811.0,1756.2,250.4692307692308,463.5343624879396,8.0,16.0,8.0,15.153846153846152,2.106625221173716,2.0,4.0,2.0,2.3846153846153846,0.6249260311258431,0.6,1.4,0.7999999999999999,0.7538461538461538,0.2499704124503372,1.83,3.44,1.61,3.027692307692308,0.6244770593329558,90.2,3134.0,3043.8,430.4461538461538,803.5493270153025,1823.0,7874.0,6051.0,3335.75,2620.159859149819,7.09,17.36,10.27,16.49153846153846,2.717673909667961,0.02658,80.0,79.97342,6.226709230769231,21.296692853565663,2.0,6.0,4.0,3.0,1.5191090506254998,-3.0,-2.0,1.0,-2.230769230769231,0.4213250442347432,1.18e-05,1.18e-05,0.0,1.18e-05,0.0,11.0,170.0,159.0,50.75,68.84901960086287,211.0,211.0,0.0,211.0,0.0,490.0,490.0,0.0,490.0,0.0,82.0,82.0,0.0,82.0,0.0,4.0,4.0,0.0,4.0,0.0,608.0,608.0,0.0,608.0,0.0,9.61e-08,1e-07,3.900000000000002e-09,9.9025e-08,1.688749537379656e-09,22.98976928,1.8,0.93,5.13907696,1.16,0.0,0.071428571428571,0.071428571428571,0.0,0.0,0.0,0.0,0.0,0.0,0.0,0.0,3.273735689051709
Na,Na0-3Fe2(PO4)3,Fe2(PO4)3,Na3Fe2(PO4)3,mp-aaaabnbw,8.0,26.0,18.0,11.3,5.496362433464518,11.0,101.0,90.0,81.85,32.037907235023944,15.9994,55.845,39.8456,23.278669692,12.113791053332642,54.8,1811.0,1756.2,317.20550000000003,514.6728784429484,1.0,16.0,15.0,12.8,5.482700064749119,2.0,4.0,2.0,2.5,0.6708203932499369,0.6,1.8,1.2000000000000002,0.92,0.4489988864128729,0.93,3.44,2.51,2.715,0.9554972527433032,90.2,3134.0,3043.8,623.4200000000001,918.8308481978607,968.0,7874.0,6906.0,3015.125,2829.597605557193,7.09,23.78,16.69,17.244999999999997,4.090704707015651,0.02658,140.0,139.97342,29.051348,52.30705456896551,1.0,6.0,5.0,2.7,1.6155494421403511,-3.0,-1.0,2.0,-2.0,0.5477225575051661,1.18e-05,7.1e-05,5.92e-05,4.732e-05,2.900195855455283e-05,6.3,170.0,163.7,48.9875,69.8962344747555,10.0,211.0,201.0,90.4,98.46948765988375,0.69,490.0,489.31,196.414,239.7119652082474,3.3,82.0,78.7,34.78,38.55496855140722,0.5,4.0,3.5,1.9,1.7146428199482244,608.0,608.0,0.0,608.0,0.0,4.77e-08,1e-07,5.23e-08,7.941249999999998e-08,2.4610792221096826e-08,8.0,26.0,18.0,11.352941176470589,5.960074777171925,61.0,101.0,40.0,94.3529411764706,12.860981466849934,15.9994,55.845,39.8456,23.329652117647058,13.138591778780723,54.8,1811.0,1756.2,307.7352941176471,557.7053385405936,8.0,16.0,8.0,14.882352941176473,2.5410130666417854,2.0,4.0,2.0,2.4117647058823533,0.6910200073218077,0.6,1.4,0.7999999999999999,0.7647058823529411,0.2764080029287231,1.83,3.44,1.61,3.03,0.6423303163436377,90.2,3134.0,3043.8,529.435294117647,966.6167516842848,1823.0,7874.0,6051.0,4243.4,2964.3724867162023,7.09,17.36,10.27,16.09176470588235,3.289461309902057,0.02658,80.0,79.97342,9.47217411764706,25.753240987588125,2.0,6.0,4.0,3.0,1.5718104959867516,-3.0,-2.0,1.0,-2.1764705882352944,0.3812200410828153,1.18e-05,1.18e-05,0.0,1.18e-05,0.0,11.0,170.0,159.0,74.6,77.89377382050506,211.0,211.0,0.0,211.0,0.0,490.0,490.0,0.0,490.0,0.0,82.0,82.0,0.0,82.0,0.0,4.0,4.0,0.0,4.0,0.0,608.0,608.0,0.0,608.0,0.0,9.61e-08,1e-07,3.900000000000002e-09,9.844000000000001e-08,1.9106019993708797e-09,22.98976928,1.8,0.93,5.13907696,1.16,0.0,0.15,0.15,0.0,0.0,0.0,0.0,0.0,0.0,0.0,0.0,4.315440844051721
Na,Na0-1FeP2O7,FeP2O7,NaFeP2O7,mp-aaaabnhu,8.0,26.0,18.0,11.181818181818183,5.3905334837722165,11.0,101.0,90.0,87.18181818181817,26.69973844549514,15.9994,55.845,39.8456,22.97982666181818,11.86672282421276,54.8,1811.0,1756.2,290.91545454545457,496.2308478807316,1.0,16.0,15.0,13.727272727272728,4.614028196527098,2.0,4.0,2.0,2.454545454545454,0.655554777357089,0.6,1.8,1.2000000000000002,0.8545454545454545,0.3916483496097821,0.93,3.44,2.51,2.838181818181818,0.8545686650619627,90.2,3134.0,3043.8,547.4,880.2959171881815,968.0,7874.0,6906.0,3122.0,2765.683550227682,7.09,23.78,16.69,16.94818181818182,3.631365428600248,0.02658,140.0,139.97342,20.05982363636364,44.28600699372684,1.0,6.0,5.0,2.8181818181818183,1.5850541612875175,-3.0,-1.0,2.0,-2.090909090909091,0.51425947722658,1.18e-05,7.1e-05,5.92e-05,4.14e-05,2.96e-05,6.3,170.0,163.7,49.575,69.55387749795118,10.0,211.0,201.0,110.5,100.5,0.69,490.0,489.31,245.345,244.655,3.3,82.0,78.7,42.65,39.35,0.5,4.0,3.5,2.25,1.75,608.0,608.0,0.0,608.0,0.0,4.77e-08,1e-07,5.23e-08,8.595e-08,2.2140968813491428e-08,8.0,26.0,18.0,11.2,5.653317610041028,61.0,101.0,40.0,94.79999999999998,12.073110618229256,15.9994,55.845,39.8456,22.9788324,12.445923459962264,54.8,1811.0,1756.2,282.92,519.7752972198659,8.0,16.0,8.0,15.0,2.3664319132398464,2.0,4.0,2.0,2.4,0.6633249580710799,0.6,1.4,0.7999999999999999,0.76,0.265329983228432,1.83,3.44,1.61,3.029,0.6346566000602215,90.2,3134.0,3043.8,486.54,900.92710937123,1823.0,7874.0,6051.0,3840.0,2852.468755306533,7.09,17.36,10.27,16.265,3.0612717945324617,0.02658,80.0,79.97342,8.065806,23.978206924577243,2.0,6.0,4.0,3.0,1.5491933384829668,-3.0,-2.0,1.0,-2.2,0.4,1.18e-05,1.18e-05,0.0,1.18e-05,0.0,11.0,170.0,159.0,64.0,74.95331880577403,211.0,211.0,0.0,211.0,0.0,490.0,490.0,0.0,490.0,0.0,82.0,82.0,0.0,82.0,0.0,4.0,4.0,0.0,4.0,0.0,608.0,608.0,0.0,608.0,0.0,9.61e-08,1e-07,3.900000000000002e-09,9.869999999999999e-08,1.8384776310850242e-09,22.98976928,1.8,0.93,5.13907696,1.16,0.0,0.09090909090909,0.09090909090909,0.0,0.0,0.0,0.0,0.0,0.0,0.0,0.0,4.957626966551718
Na,Na0-3Fe3(PO4)4,Fe3(PO4)4,Na3Fe3(PO4)4,mp-aaackrnl,8.0,26.0,18.0,11.5,5.806163833508185,11.0,101.0,90.0,84.30769230769232,29.312335590182496,15.9994,55.845,39.8456,23.707298301538465,12.802994351415988,54.8,1811.0,1756.2,334.29269230769233,547.6179452624984,1.0,16.0,15.0,13.192307692307692,5.06131049287884,2.0,4.0,2.0,2.5,0.6933752452815365,0.6,1.8,1.2000000000000002,0.8923076923076924,0.4232866612983878,0.93,3.44,2.51,2.7723076923076926,0.9058668083974668,90.2,3134.0,3043.8,635.123076923077,967.294765474108,968.0,7874.0,6906.0,3381.8,2962.0652187283117,7.09,23.78,16.69,16.86346153846154,4.086186808399256,0.02658,140.0,139.97342,25.43728,48.50725502008952,1.0,6.0,5.0,2.807692307692308,1.6412760225655283,-3.0,-1.0,2.0,-2.0384615384615383,0.5174470787336042,1.18e-05,7.1e-05,5.92e-05,4.14e-05,2.96e-05,6.3,170.0,163.7,57.29,73.81167184124745,10.0,211.0,201.0,110.5,100.5,0.69,490.0,489.31,245.345,244.655,3.3,82.0,78.7,42.65,39.35,0.5,4.0,3.5,2.25,1.75,608.0,608.0,0.0,608.0,0.0,4.77e-08,1e-07,5.23e-08,8.314e-08,2.3257050543867336e-08,8.0,26.0,18.0,11.565217391304348,6.170237730298014,61.0,101.0,40.0,93.86956521739133,13.375202063735212,15.9994,55.845,39.8456,23.80088904347826,13.609599022159856,54.8,1811.0,1756.2,329.52173913043475,582.0684084676868,8.0,16.0,8.0,14.782608695652174,2.6532428351986708,2.0,4.0,2.0,2.4347826086956523,0.7117698062497783,0.6,1.4,0.7999999999999999,0.7739130434782608,0.2847079224999113,1.83,3.44,1.61,3.012608695652174,0.6535868751762435,90.2,3134.0,3043.8,567.1826086956521,1008.8097608620697,1823.0,7874.0,6051.0,4416.285714285714,2994.4684104569365,7.09,17.36,10.27,15.961304347826086,3.438181147500023,0.02658,80.0,79.97342,10.49431652173913,26.91954879216647,2.0,6.0,4.0,3.043478260869565,1.601039359958432,-3.0,-2.0,1.0,-2.1739130434782608,0.3790346907426672,1.18e-05,1.18e-05,0.0,1.18e-05,0.0,11.0,170.0,159.0,79.14285714285714,78.68459382955757,211.0,211.0,0.0,211.0,0.0,490.0,490.0,0.0,490.0,0.0,82.0,82.0,0.0,82.0,0.0,4.0,4.0,0.0,4.0,0.0,608.0,608.0,0.0,608.0,0.0,9.61e-08,1e-07,3.900000000000002e-09,9.832857142857143e-08,1.9299994712910354e-09,22.98976928,1.8,0.93,5.13907696,1.16,0.0,0.115384615384615,0.115384615384615,0.0,0.0,0.0,0.0,0.0,0.0,0.0,0.0,4.975958633218391
Na,Na0-4Fe2(PO4)3,Fe2(PO4)3,Na4Fe2(PO4)3,mp-aaaabnik,8.0,26.0,18.0,11.285714285714285,5.364280958719596,11.0,101.0,90.0,78.47619047619047,34.71601667903386,15.9994,55.845,39.8456,23.26491252952381,11.822009664532276,54.8,1811.0,1756.2,319.76095238095235,502.3992994374927,1.0,16.0,15.0,12.238095238095235,5.911286717593418,2.0,4.0,2.0,2.523809523809524,0.6632565846278151,0.6,1.8,1.2000000000000002,0.9619047619047618,0.4765712763122591,0.93,3.44,2.51,2.63,1.0069756700139283,90.2,3134.0,3043.8,648.7809523809524,903.831454799404,968.0,7874.0,6906.0,2787.6666666666665,2744.2478427106803,7.09,23.78,16.69,17.556190476190473,4.2277422503207776,0.02658,140.0,139.97342,34.33461714285714,56.24944060872268,1.0,6.0,5.0,2.619047619047618,1.6176464525202885,-3.0,-1.0,2.0,-1.9523809523809523,0.5753831415997416,1.18e-05,7.1e-05,5.92e-05,5.126666666666667e-05,2.790714763082908e-05,6.3,170.0,163.7,44.24444444444444,67.25046238768938,10.0,211.0,201.0,77.0,94.75230867899737,0.69,490.0,489.31,163.79333333333332,230.6629460682597,3.3,82.0,78.7,29.53333333333333,37.099535786254194,0.5,4.0,3.5,1.6666666666666663,1.6499158227686108,608.0,608.0,0.0,608.0,0.0,4.77e-08,1e-07,5.23e-08,7.588888888888888e-08,2.5253094175409447e-08,8.0,26.0,18.0,11.352941176470589,5.960074777171925,61.0,101.0,40.0,94.3529411764706,12.860981466849934,15.9994,55.845,39.8456,23.329652117647058,13.138591778780723,54.8,1811.0,1756.2,307.7352941176471,557.7053385405936,8.0,16.0,8.0,14.882352941176473,2.5410130666417854,2.0,4.0,2.0,2.4117647058823533,0.6910200073218077,0.6,1.4,0.7999999999999999,0.7647058823529411,0.2764080029287231,1.83,3.44,1.61,3.03,0.6423303163436377,90.2,3134.0,3043.8,529.435294117647,966.6167516842848,1823.0,7874.0,6051.0,4243.4,2964.3724867162023,7.09,17.36,10.27,16.09176470588235,3.289461309902057,0.02658,80.0,79.97342,9.47217411764706,25.753240987588125,2.0,6.0,4.0,3.0,1.5718104959867516,-3.0,-2.0,1.0,-2.1764705882352944,0.3812200410828153,1.18e-05,1.18e-05,0.0,1.18e-05,0.0,11.0,170.0,159.0,74.6,77.89377382050506,211.0,211.0,0.0,211.0,0.0,490.0,490.0,0.0,490.0,0.0,82.0,82.0,0.0,82.0,0.0,4.0,4.0,0.0,4.0,0.0,608.0,608.0,0.0,608.0,0.0,9.61e-08,1e-07,3.900000000000002e-09,9.844000000000001e-08,1.9106019993708797e-09,22.98976928,1.8,0.93,5.13907696,1.16,0.0,0.19047619047619,0.19047619047619,0.0,0.0,0.0,0.0,0.0,0.0,0.0,0.0,3.956551765301722
Na,Na0-1Fe7(PO4)6,Fe7(PO4)6,NaFe7(PO4)6,mp-aaabdayx,8.0,26.0,18.0,12.5,6.88533911560223,11.0,101.0,90.0,89.52631578947367,19.88352510590411,15.9994,55.845,39.8456,25.88770898105263,15.211118138467628,54.8,1811.0,1756.2,428.0755263157895,665.0740227923085,1.0,16.0,15.0,13.973684210526317,3.709779693453672,2.0,4.0,2.0,2.552631578947368,0.7846342903092406,0.6,1.8,1.2000000000000002,0.8421052631578947,0.3499109502862034,0.93,3.44,2.51,2.88,0.7592066496297994,90.2,3134.0,3043.8,751.5473684210526,1154.3624576127318,968.0,7874.0,6906.0,4787.428571428572,3093.8131514890374,7.09,23.78,16.69,15.58342105263158,4.168438604761026,0.02658,140.0,139.97342,18.475103157894736,36.788811420375175,1.0,6.0,5.0,3.1842105263157894,1.7298503610047151,-3.0,-1.0,2.0,-2.131578947368421,0.4085309130594743,1.18e-05,7.1e-05,5.92e-05,1.92e-05,1.957855970187797e-05,6.3,170.0,163.7,90.16428571428573,79.84418403672115,10.0,211.0,201.0,185.875,66.47450169049785,0.69,490.0,489.31,428.83625,161.82407175212686,3.3,82.0,78.7,72.1625,26.02757852259791,0.5,4.0,3.5,3.5625,1.1575161985907585,608.0,608.0,0.0,608.0,0.0,4.77e-08,1e-07,5.23e-08,9.431428571428573e-08,1.3063518293479807e-08,8.0,26.0,18.0,12.54054054054054,6.97328723364749,61.0,101.0,40.0,91.64864864864865,15.32568276547259,15.9994,55.845,39.8456,25.96603167567568,15.407740544929288,54.8,1811.0,1756.2,429.6216216216216,673.9342016704258,8.0,16.0,8.0,14.324324324324325,3.076098389229307,2.0,4.0,2.0,2.540540540540541,0.7916658657230708,0.6,1.4,0.7999999999999999,0.8162162162162163,0.3166663462892283,1.83,3.44,1.61,2.932702702702703,0.6974418454828569,90.2,3134.0,3043.8,740.6162162162162,1167.9156637252845,1823.0,7874.0,6051.0,5081.230769230769,3016.535535851228,7.09,17.36,10.27,15.361891891891894,3.997579563522284,0.02658,80.0,79.97342,15.19064648648649,31.30598281774789,2.0,6.0,4.0,3.2432432432432434,1.7148856301854385,-3.0,-2.0,1.0,-2.1621621621621623,0.3685995053239421,1.18e-05,1.18e-05,0.0,1.18e-05,0.0,11.0,170.0,159.0,96.6153846153846,79.26444392668074,211.0,211.0,0.0,211.0,0.0,490.0,490.0,0.0,490.0,0.0,82.0,82.0,0.0,82.0,0.0,4.0,4.0,0.0,4.0,0.0,608.0,608.0,0.0,608.0,0.0,9.61e-08,1e-07,3.900000000000002e-09,9.79e-08,1.944222209522359e-09,22.98976928,1.8,0.93,5.13907696,1.16,0.0,0.026315789473684,0.026315789473684,0.0,0.0,0.0,0.0,0.0,0.0,0.0,0.0,2.751346386551748
Na,Na0-1FePO4,FePO4,NaFePO4,mp-aaaabedd,8.0,26.0,18.0,12.0,6.210590034081188,11.0,101.0,90.0,80.85714285714285,31.57950769284488,15.9994,55.845,39.8456,24.829447325714284,13.70599696127488,54.8,1811.0,1756.2,388.3385714285714,594.5357233632828,1.0,16.0,15.0,12.571428571428571,5.447335989982177,2.0,4.0,2.0,2.571428571428571,0.7284313590846836,0.6,1.8,1.2000000000000002,0.9428571428571426,0.4499433070863892,0.93,3.44,2.51,2.6728571428571426,0.9513256057540264,90.2,3134.0,3043.8,742.9714285714285,1043.9820985250735,968.0,7874.0,6906.0,3554.9999999999995,3073.876705399876,7.09,23.78,16.69,16.76142857142857,4.540246779231998,0.02658,140.0,139.97342,31.477474285714283,52.186805680761566,1.0,6.0,5.0,2.8571428571428568,1.7261494247992246,-3.0,-1.0,2.0,-2.0,0.5345224838248488,1.18e-05,7.1e-05,5.92e-05,4.14e-05,2.96e-05,6.3,170.0,163.7,62.43333333333333,76.08531760829783,10.0,211.0,201.0,110.5,100.5,0.69,490.0,489.31,245.345,244.655,3.3,82.0,78.7,42.65,39.35,0.5,4.0,3.5,2.25,1.75,608.0,608.0,0.0,608.0,0.0,4.77e-08,1e-07,5.23e-08,8.126666666666665e-08,2.378855934174147e-08,8.0,26.0,18.0,12.166666666666666,6.693695209341067,61.0,101.0,40.0,92.5,14.648663192705788,15.9994,55.845,39.8456,25.136060333333333,14.78192581266507,54.8,1811.0,1756.2,391.25,642.1257762307943,8.0,16.0,8.0,14.5,2.9297326385411573,2.0,4.0,2.0,2.5,0.7637626158259734,0.6,1.4,0.7999999999999999,0.7999999999999999,0.3055050463303893,1.83,3.44,1.61,2.963333333333333,0.6820720066255631,90.2,3134.0,3043.8,674.1333333333332,1112.82415901565,1823.0,7874.0,6051.0,4848.5,3025.5,7.09,17.36,10.27,15.591666666666663,3.804087348570686,0.02658,80.0,79.97342,13.390386666666666,29.78882282414142,2.0,6.0,4.0,3.1666666666666665,1.674979270186815,-3.0,-2.0,1.0,-2.1666666666666665,0.3726779962499649,1.18e-05,1.18e-05,0.0,1.18e-05,0.0,11.0,170.0,159.0,90.5,79.5,211.0,211.0,0.0,211.0,0.0,490.0,490.0,0.0,490.0,0.0,82.0,82.0,0.0,82.0,0.0,4.0,4.0,0.0,4.0,0.0,608.0,608.0,0.0,608.0,0.0,9.61e-08,1e-07,3.900000000000002e-09,9.805e-08,1.950000000000001e-09,22.98976928,1.8,0.93,5.13907696,1.16,0.0,0.142857142857142,0.142857142857142,0.0,0.0,0.0,0.0,0.0,0.0,0.0,0.0,3.003711521551725
Na,Na0-1FeP2O7,FeP2O7,NaFeP2O7,mp-aaaablja,8.0,26.0,18.0,11.181818181818183,5.3905334837722165,11.0,101.0,90.0,87.18181818181817,26.69973844549514,15.9994,55.845,39.8456,22.97982666181818,11.86672282421276,54.8,1811.0,1756.2,290.91545454545457,496.2308478807316,1.0,16.0,15.0,13.727272727272728,4.614028196527098,2.0,4.0,2.0,2.454545454545454,0.655554777357089,0.6,1.8,1.2000000000000002,0.8545454545454545,0.3916483496097821,0.93,3.44,2.51,2.838181818181818,0.8545686650619627,90.2,3134.0,3043.8,547.4,880.2959171881815,968.0,7874.0,6906.0,3122.0,2765.683550227682,7.09,23.78,16.69,16.94818181818182,3.631365428600248,0.02658,140.0,139.97342,20.05982363636364,44.28600699372684,1.0,6.0,5.0,2.8181818181818183,1.5850541612875175,-3.0,-1.0,2.0,-2.090909090909091,0.51425947722658,1.18e-05,7.1e-05,5.92e-05,4.14e-05,2.96e-05,6.3,170.0,163.7,49.575,69.55387749795118,10.0,211.0,201.0,110.5,100.5,0.69,490.0,489.31,245.345,244.655,3.3,82.0,78.7,42.65,39.35,0.5,4.0,3.5,2.25,1.75,608.0,608.0,0.0,608.0,0.0,4.77e-08,1e-07,5.23e-08,8.595e-08,2.2140968813491428e-08,8.0,26.0,18.0,11.2,5.653317610041028,61.0,101.0,40.0,94.79999999999998,12.073110618229256,15.9994,55.845,39.8456,22.9788324,12.445923459962264,54.8,1811.0,1756.2,282.92,519.7752972198659,8.0,16.0,8.0,15.0,2.3664319132398464,2.0,4.0,2.0,2.4,0.6633249580710799,0.6,1.4,0.7999999999999999,0.76,0.265329983228432,1.83,3.44,1.61,3.029,0.6346566000602215,90.2,3134.0,3043.8,486.54,900.92710937123,1823.0,7874.0,6051.0,3840.0,2852.468755306533,7.09,17.36,10.27,16.265,3.0612717945324617,0.02658,80.0,79.97342,8.065806,23.978206924577243,2.0,6.0,4.0,3.0,1.5491933384829668,-3.0,-2.0,1.0,-2.2,0.4,1.18e-05,1.18e-05,0.0,1.18e-05,0.0,11.0,170.0,159.0,64.0,74.95331880577403,211.0,211.0,0.0,211.0,0.0,490.0,490.0,0.0,490.0,0.0,82.0,82.0,0.0,82.0,0.0,4.0,4.0,0.0,4.0,0.0,608.0,608.0,0.0,608.0,0.0,9.61e-08,1e-07,3.900000000000002e-09,9.869999999999999e-08,1.8384776310850242e-09,22.98976928,1.8,0.93,5.13907696,1.16,0.0,0.09090909090909,0.09090909090909,0.0,0.0,0.0,0.0,0.0,0.0,0.0,0.0,6.166819841551717
Na,Na0.33-0.67FePO4,NaFe3(PO4)3,Na2Fe3(PO4)3,mp-aaabfrng,8.0,26.0,18.0,12.05,6.359834903517543,11.0,101.0,90.0,84.35,28.123433289696333,15.9994,55.845,39.8456,24.921431228,14.038140494158268,54.8,1811.0,1756.2,389.212,609.2046800920032,1.0,16.0,15.0,13.15,4.911975162803656,2.0,4.0,2.0,2.55,0.7399324293474371,0.6,1.8,1.2000000000000002,0.9,0.4171330722922842,0.93,3.44,2.51,2.76,0.8892693630166284,90.2,3134.0,3043.8,722.3199999999999,1065.569069370916,968.0,7874.0,6906.0,3878.375,3112.6620816232203,7.09,23.78,16.69,16.4105,4.365588706005182,0.02658,140.0,139.97342,26.051348,47.3427507194157,1.0,6.0,5.0,2.95,1.7168284713389397,-3.0,-1.0,2.0,-2.05,0.49749371855331,1.18e-05,7.1e-05,5.92e-05,3.5480000000000006e-05,2.900195855455283e-05,6.3,170.0,163.7,69.44999999999999,77.90696374522626,10.0,211.0,201.0,130.6,98.46948765988375,0.69,490.0,489.31,294.276,239.7119652082474,3.3,82.0,78.7,50.52,38.55496855140723,0.5,4.0,3.5,2.6,1.7146428199482249,608.0,608.0,0.0,608.0,0.0,4.77e-08,1e-07,5.23e-08,8.54625e-08,2.186749514119073e-08,8.0,26.0,18.0,12.105263157894736,6.520370806715191,11.0,101.0,90.0,88.21052631578947,23.11886663441428,15.9994,55.845,39.8456,25.023097646315787,14.395650051393488,54.8,1811.0,1756.2,390.1773684210526,625.0159033416005,1.0,16.0,15.0,13.789473684210526,4.149558598826742,2.0,4.0,2.0,2.526315789473684,0.7517293082676684,0.6,1.8,1.2000000000000002,0.8526315789473684,0.3718636154243304,0.93,3.44,2.51,2.856315789473684,0.8042925006443847,90.2,3134.0,3043.8,699.4947368421052,1088.4748293749494,968.0,7874.0,6906.0,4294.142857142857,3112.8535107826447,7.09,23.78,16.69,16.02263157894737,4.129479184830714,0.02658,140.0,139.97342,20.05405052631579,40.4962907061793,1.0,6.0,5.0,3.052631578947368,1.700578360147738,-3.0,-1.0,2.0,-2.1052631578947367,0.4465937565388721,1.18e-05,7.1e-05,5.92e-05,2.6600000000000003e-05,2.5634351952019387e-05,6.3,170.0,163.7,78.47142857142856,79.28099599860367,10.0,211.0,201.0,160.75,87.03555308033609,0.69,490.0,489.31,367.6725,211.87744516288183,3.3,82.0,78.7,62.325,34.078099638917664,0.5,4.0,3.5,3.125,1.5155444566227676,608.0,608.0,0.0,608.0,0.0,4.77e-08,1e-07,5.23e-08,9.085714285714284e-08,1.771108265972444e-08,22.98976928,1.8,0.93,5.13907696,1.16,0.052631578947368,0.1,0.047368421052632,0.0,0.0,0.0,0.0,0.0,0.0,0.0,0.0,3.751246721551734
Na,Na0-8Fe7(PO4)8,Fe7(PO4)8,Na8Fe7(PO4)8,mp-aaacpazp,8.0,26.0,18.0,11.745454545454544,5.970284542688159,11.0,101.0,90.0,81.21818181818182,31.750556707555056,15.9994,55.845,39.8456,24.265528186181815,13.17048282394528,54.8,1811.0,1756.2,362.4719999999999,567.8301244383185,1.0,16.0,15.0,12.654545454545454,5.461329115012145,2.0,4.0,2.0,2.545454545454545,0.7088577705315611,0.6,1.8,1.2000000000000002,0.9345454545454546,0.4497345406178998,0.93,3.44,2.51,2.688181818181818,0.9530603165288904,90.2,3134.0,3043.8,699.4981818181818,1001.9377537353956,968.0,7874.0,6906.0,3367.2173913043475,3002.2052613040782,7.09,23.78,16.69,16.937272727272727,4.388285834125151,0.02658,140.0,139.97342,30.595246545454543,52.24360196776455,1.0,6.0,5.0,2.8,1.6884635296354762,-3.0,-1.0,2.0,-2.0,0.5393598899705937,1.18e-05,7.1e-05,5.92e-05,4.337333333333333e-05,2.9534148972935644e-05,6.3,170.0,163.7,57.75652173913043,74.26795099114719,10.0,211.0,201.0,103.8,100.27641796554164,0.69,490.0,489.31,229.03466666666665,244.11071678964765,3.3,82.0,78.7,40.02666666666666,39.262458178547895,0.5,4.0,3.5,2.1333333333333333,1.746106780494506,608.0,608.0,0.0,608.0,0.0,4.77e-08,1e-07,5.23e-08,8.06217391304348e-08,2.4093927730803143e-08,8.0,26.0,18.0,11.872340425531917,6.44986234811584,61.0,101.0,40.0,93.17021276595744,14.05660161244178,15.9994,55.845,39.8456,24.48267863829787,14.23596900915432,54.8,1811.0,1756.2,361.0425531914893,614.2465981148034,8.0,16.0,8.0,14.638297872340424,2.801409462235368,2.0,4.0,2.0,2.4680851063829783,0.739495625403522,0.6,1.4,0.7999999999999999,0.7872340425531914,0.2957982501614087,1.83,3.44,1.61,2.9874468085106383,0.6687379924079492,90.2,3134.0,3043.8,621.795744680851,1064.5390343836966,1823.0,7874.0,6051.0,4646.799999999999,3018.769179649216,7.09,17.36,10.27,15.772553191489362,3.634338868780416,0.02658,80.0,79.97342,11.97316085106383,28.4577734509447,2.0,6.0,4.0,3.1063829787234045,1.6403689589273518,-3.0,-2.0,1.0,-2.1702127659574466,0.3758196113330999,1.18e-05,1.18e-05,0.0,1.18e-05,0.0,11.0,170.0,159.0,85.19999999999999,79.32313659960755,211.0,211.0,0.0,211.0,0.0,490.0,490.0,0.0,490.0,0.0,82.0,82.0,0.0,82.0,0.0,4.0,4.0,0.0,4.0,0.0,608.0,608.0,0.0,608.0,0.0,9.61e-08,1e-07,3.900000000000002e-09,9.818e-08,1.94566184112245e-09,22.98976928,1.8,0.93,5.13907696,1.16,0.0,0.145454545454545,0.145454545454545,0.0,0.0,0.0,0.0,0.0,0.0,0.0,0.0,3.417543051551721
Na,Na0-1FePO4,FePO4,NaFePO4,mp-aaabsejg,8.0,26.0,18.0,12.0,6.210590034081188,11.0,101.0,90.0,80.85714285714285,31.57950769284488,15.9994,55.845,39.8456,24.829447325714284,13.70599696127488,54.8,1811.0,1756.2,388.3385714285714,594.5357233632828,1.0,16.0,15.0,12.571428571428571,5.447335989982177,2.0,4.0,2.0,2.571428571428571,0.7284313590846836,0.6,1.8,1.2000000000000002,0.9428571428571426,0.4499433070863892,0.93,3.44,2.51,2.6728571428571426,0.9513256057540264,90.2,3134.0,3043.8,742.9714285714285,1043.9820985250735,968.0,7874.0,6906.0,3554.9999999999995,3073.876705399876,7.09,23.78,16.69,16.76142857142857,4.540246779231998,0.02658,140.0,139.97342,31.477474285714283,52.186805680761566,1.0,6.0,5.0,2.8571428571428568,1.7261494247992246,-3.0,-1.0,2.0,-2.0,0.5345224838248488,1.18e-05,7.1e-05,5.92e-05,4.14e-05,2.96e-05,6.3,170.0,163.7,62.43333333333333,76.08531760829783,10.0,211.0,201.0,110.5,100.5,0.69,490.0,489.31,245.345,244.655,3.3,82.0,78.7,42.65,39.35,0.5,4.0,3.5,2.25,1.75,608.0,608.0,0.0,608.0,0.0,4.77e-08,1e-07,5.23e-08,8.126666666666665e-08,2.378855934174147e-08,8.0,26.0,18.0,12.166666666666666,6.693695209341067,61.0,101.0,40.0,92.5,14.648663192705788,15.9994,55.845,39.8456,25.136060333333333,14.78192581266507,54.8,1811.0,1756.2,391.25,642.1257762307943,8.0,16.0,8.0,14.5,2.9297326385411573,2.0,4.0,2.0,2.5,0.7637626158259734,0.6,1.4,0.7999999999999999,0.7999999999999999,0.3055050463303893,1.83,3.44,1.61,2.963333333333333,0.6820720066255631,90.2,3134.0,3043.8,674.1333333333332,1112.82415901565,1823.0,7874.0,6051.0,4848.5,3025.5,7.09,17.36,10.27,15.591666666666663,3.804087348570686,0.02658,80.0,79.97342,13.390386666666666,29.78882282414142,2.0,6.0,4.0,3.1666666666666665,1.674979270186815,-3.0,-2.0,1.0,-2.1666666666666665,0.3726779962499649,1.18e-05,1.18e-05,0.0,1.18e-05,0.0,11.0,170.0,159.0,90.5,79.5,211.0,211.0,0.0,211.0,0.0,490.0,490.0,0.0,490.0,0.0,82.0,82.0,0.0,82.0,0.0,4.0,4.0,0.0,4.0,0.0,608.0,608.0,0.0,608.0,0.0,9.61e-08,1e-07,3.900000000000002e-09,9.805e-08,1.950000000000001e-09,22.98976928,1.8,0.93,5.13907696,1.16,0.0,0.142857142857142,0.142857142857142,0.0,0.0,0.0,0.0,0.0,0.0,0.0,0.0,3.072423191551724
Na,Na0-4Fe3P4O15,Fe3P4O15,Na4Fe3P4O15,mp-aaabodmp,8.0,26.0,18.0,11.615384615384617,5.765126745400534,11.0,101.0,90.0,80.84615384615384,32.29871670193285,15.9994,55.845,39.8456,23.97615865846154,12.711377386953506,54.8,1811.0,1756.2,346.4492307692308,544.7794253917613,1.0,16.0,15.0,12.615384615384617,5.5405978785751095,2.0,4.0,2.0,2.5384615384615383,0.6923076923076923,0.6,1.8,1.2000000000000002,0.9384615384615383,0.4532590726971149,0.93,3.44,2.51,2.6757692307692307,0.961597921238486,90.2,3134.0,3043.8,676.1153846153848,965.9156726580176,968.0,7874.0,6906.0,3162.3636363636365,2908.218113388561,7.09,23.78,16.69,17.110384615384614,4.297256263074446,0.02658,140.0,139.97342,30.82087307692308,52.95213794391888,1.0,6.0,5.0,2.769230769230769,1.671196998646187,-3.0,-1.0,2.0,-2.0,0.5547001962252291,1.18e-05,7.1e-05,5.92e-05,4.562857142857143e-05,2.9296402230879296e-05,6.3,170.0,163.7,52.65454545454545,71.88706248043604,10.0,211.0,201.0,96.14285714285714,99.4692035203841,0.69,490.0,489.31,210.3942857142857,242.14565161472208,3.3,82.0,78.7,37.02857142857143,38.94639958733447,0.5,4.0,3.5,2.0,1.7320508075688772,608.0,608.0,0.0,608.0,0.0,4.77e-08,1e-07,5.23e-08,7.99181818181818e-08,2.440327169503072e-08,8.0,26.0,18.0,11.727272727272728,6.260858336317634,61.0,101.0,40.0,93.54545454545452,13.587184044088527,15.9994,55.845,39.8456,24.15550218181818,13.811157422537486,54.8,1811.0,1756.2,342.0090909090909,592.1294759433883,8.0,16.0,8.0,14.727272727272728,2.6998622554395446,2.0,4.0,2.0,2.454545454545454,0.721568539381252,0.6,1.4,0.7999999999999999,0.7818181818181817,0.2886274157525008,1.83,3.44,1.61,2.993181818181818,0.6617496530454587,90.2,3134.0,3043.8,588.8636363636363,1026.2283148170447,1823.0,7874.0,6051.0,4416.285714285714,2994.4684104569365,7.09,17.36,10.27,15.897727272727272,3.5022057099363457,0.02658,80.0,79.97342,10.970122727272727,27.429806567371063,2.0,6.0,4.0,3.090909090909091,1.6211413181933645,-3.0,-2.0,1.0,-2.1818181818181817,0.385694607919935,1.18e-05,1.18e-05,0.0,1.18e-05,0.0,11.0,170.0,159.0,79.14285714285714,78.68459382955757,211.0,211.0,0.0,211.0,0.0,490.0,490.0,0.0,490.0,0.0,82.0,82.0,0.0,82.0,0.0,4.0,4.0,0.0,4.0,0.0,608.0,608.0,0.0,608.0,0.0,9.61e-08,1e-07,3.900000000000002e-09,9.832857142857145e-08,1.929999471291036e-09,22.98976928,1.8,0.93,5.13907696,1.16,0.0,0.153846153846153,0.153846153846153,0.0,0.0,0.0,0.0,0.0,0.0,0.0,0.0,2.399544355926725
Na,Na0-1FePO4,FePO4,NaFePO4,mp-aaaabllf,8.0,26.0,18.0,12.0,6.210590034081188,11.0,101.0,90.0,80.85714285714285,31.57950769284488,15.9994,55.845,39.8456,24.829447325714284,13.70599696127488,54.8,1811.0,1756.2,388.3385714285714,594.5357233632828,1.0,16.0,15.0,12.571428571428571,5.447335989982177,2.0,4.0,2.0,2.571428571428571,0.7284313590846836,0.6,1.8,1.2000000000000002,0.9428571428571426,0.4499433070863892,0.93,3.44,2.51,2.6728571428571426,0.9513256057540264,90.2,3134.0,3043.8,742.9714285714285,1043.9820985250735,968.0,7874.0,6906.0,3554.9999999999995,3073.876705399876,7.09,23.78,16.69,16.76142857142857,4.540246779231998,0.02658,140.0,139.97342,31.477474285714283,52.186805680761566,1.0,6.0,5.0,2.8571428571428568,1.7261494247992246,-3.0,-1.0,2.0,-2.0,0.5345224838248488,1.18e-05,7.1e-05,5.92e-05,4.14e-05,2.96e-05,6.3,170.0,163.7,62.43333333333333,76.08531760829783,10.0,211.0,201.0,110.5,100.5,0.69,490.0,489.31,245.345,244.655,3.3,82.0,78.7,42.65,39.35,0.5,4.0,3.5,2.25,1.75,608.0,608.0,0.0,608.0,0.0,4.77e-08,1e-07,5.23e-08,8.126666666666665e-08,2.378855934174147e-08,8.0,26.0,18.0,12.166666666666666,6.693695209341067,61.0,101.0,40.0,92.5,14.648663192705788,15.9994,55.845,39.8456,25.136060333333333,14.78192581266507,54.8,1811.0,1756.2,391.25,642.1257762307943,8.0,16.0,8.0,14.5,2.9297326385411573,2.0,4.0,2.0,2.5,0.7637626158259734,0.6,1.4,0.7999999999999999,0.7999999999999999,0.3055050463303893,1.83,3.44,1.61,2.963333333333333,0.6820720066255631,90.2,3134.0,3043.8,674.1333333333332,1112.82415901565,1823.0,7874.0,6051.0,4848.5,3025.5,7.09,17.36,10.27,15.591666666666663,3.804087348570686,0.02658,80.0,79.97342,13.390386666666666,29.78882282414142,2.0,6.0,4.0,3.1666666666666665,1.674979270186815,-3.0,-2.0,1.0,-2.1666666666666665,0.3726779962499649,1.18e-05,1.18e-05,0.0,1.18e-05,0.0,11.0,170.0,159.0,90.5,79.5,211.0,211.0,0.0,211.0,0.0,490.0,490.0,0.0,490.0,0.0,82.0,82.0,0.0,82.0,0.0,4.0,4.0,0.0,4.0,0.0,608.0,608.0,0.0,608.0,0.0,9.61e-08,1e-07,3.900000000000002e-09,9.805e-08,1.950000000000001e-09,22.98976928,1.8,0.93,5.13907696,1.16,0.0,0.142857142857142,0.142857142857142,0.0,0.0,0.0,0.0,0.0,0.0,0.0,0.0,3.014129111551721
Na,Na0-2Ti3Fe(PO4)6,Ti3Fe(PO4)6,Na2Ti3Fe(PO4)6,mp-aaabsdcm,8.0,26.0,18.0,11.0,5.0,11.0,101.0,90.0,88.88888888888889,24.005529198473536,15.9994,55.845,39.8456,22.64593640444444,11.16426739834381,54.8,1941.0,1886.2,322.0761111111111,572.4948579404097,1.0,16.0,15.0,13.777777777777777,4.637474834379824,2.0,4.0,2.0,2.4444444444444446,0.6849348892187751,0.6,1.8,1.2000000000000002,0.8222222222222222,0.3583225665910466,0.93,3.44,2.51,2.889166666666666,0.8245246947315902,90.2,3560.0,3469.8,599.7444444444444,1048.500657140801,968.0,7874.0,6906.0,2855.7499999999995,1976.726002130796,7.09,23.78,16.69,16.814722222222223,2.950379905962311,0.02658,140.0,139.97342,11.890386666666666,34.141301360396646,1.0,6.0,5.0,2.7222222222222223,1.346004604398413,-3.0,-1.0,2.0,-2.0277777777777777,0.5520724142875496,8.6e-06,7.1e-05,6.24e-05,2.9933333333333327e-05,2.9060549815093925e-05,6.3,170.0,163.7,48.21666666666666,56.352474558699626,10.0,211.0,201.0,96.5,69.78001146460208,0.69,716.0,715.31,439.8966666666666,320.6801335010047,3.3,82.0,78.7,36.76666666666666,27.212292973744216,0.5,6.0,5.5,3.8333333333333326,2.460803843372233,608.0,970.0,362.0,879.5,156.7505980849834,4.77e-08,4.2e-07,3.723e-07,1.7095833333333333e-07,1.4498987584387478e-07,8.0,26.0,18.0,11.0,5.1449575542752655,51.0,101.0,50.0,93.47058823529412,15.241652091473176,15.9994,55.845,39.8456,22.62571094117647,11.487615895915395,54.8,1941.0,1886.2,319.2058823529412,588.9664740988716,4.0,16.0,12.0,14.529411764705884,3.54994029873285,2.0,4.0,2.0,2.4117647058823533,0.6910200073218077,0.6,1.4,0.7999999999999999,0.7647058823529411,0.2764080029287231,1.54,3.44,1.9,3.0044117647058823,0.6933727932720082,90.2,3560.0,3469.8,567.0235294117647,1069.9297357520104,1823.0,7874.0,6051.0,3233.3,1957.9762026133003,7.09,17.36,10.27,16.405,2.4889925318348003,0.02658,80.0,79.97342,4.35452705882353,14.559862567132477,2.0,6.0,4.0,2.823529411764706,1.3166487815058463,-3.0,-1.0,2.0,-2.088235294117647,0.506873174694532,8.6e-06,1.18e-05,3.2e-06,9.4e-06,1.3856406460551018e-06,11.0,170.0,159.0,56.6,58.21546186366643,116.0,211.0,95.0,139.75,41.13620667976084,490.0,716.0,226.0,659.5000000000001,97.86087062764156,44.0,82.0,38.0,53.50000000000001,16.454482671904334,4.0,6.0,2.0,5.500000000000001,0.8660254037844386,608.0,970.0,362.0,879.5000000000001,156.7505980849834,9.61e-08,4.2e-07,3.239e-07,1.9561e-07,1.4690217459248178e-07,22.98976928,1.8,0.93,5.13907696,1.16,0.0,0.055555555555555,0.055555555555555,0.0,0.0,0.0,0.0,0.0,0.0,0.0,0.0,4.137728261551732
Na,Na0-1Fe(SiO3)2,Fe(SiO3)2,NaFe(SiO3)2,mp-aaaabliu,8.0,26.0,18.0,11.3,5.441507144165116,11.0,101.0,90.0,84.8,27.54559855947952,15.9994,55.845,39.8456,23.100216928,11.935110883444084,54.8,1811.0,1756.2,588.467,752.614622234381,1.0,16.0,15.0,13.3,4.73392015141785,2.0,4.0,2.0,2.5,0.6708203932499369,0.6,1.8,1.2000000000000002,0.9,0.4098780306383839,0.93,3.44,2.51,2.72,0.9193149623496836,90.2,3173.0,3082.8,1117.72,1372.9525212475482,968.0,7874.0,6906.0,3375.5,2656.0637699422805,7.09,23.78,16.69,15.915,4.266017463630453,0.02658,150.0,149.97342,52.015948,66.28983012166448,1.0,6.0,5.0,2.7,1.417744687875783,-4.0,-1.0,3.0,-2.3,0.9,2.6e-06,7.1e-05,6.840000000000001e-05,2.2000000000000003e-05,2.853839518963882e-05,6.3,170.0,163.7,94.075,58.17917905058476,10.0,211.0,201.0,78.75,77.83435937938977,0.69,490.0,489.31,245.345,244.655,3.3,82.0,78.7,42.65,39.35,0.5,6.5,6.0,4.375,2.45903944661325,608.0,608.0,0.0,608.0,0.0,4.77e-08,0.001,0.0009999523,0.00050003595,0.0004999640502928,8.0,26.0,18.0,11.333333333333332,5.734883511361751,61.0,101.0,40.0,93.0,13.063945294843617,15.9994,55.845,39.8456,23.112488888888887,12.580651652036014,54.8,1811.0,1756.2,612.6444444444444,789.6327066161992,8.0,16.0,8.0,14.666666666666666,2.494438257849294,2.0,4.0,2.0,2.4444444444444446,0.6849348892187751,0.6,1.4,0.7999999999999999,0.8,0.2943920288775949,1.83,3.44,1.61,2.9188888888888886,0.7372086158000845,90.2,3173.0,3082.8,1113.4666666666667,1447.1565253589151,2330.0,7874.0,5544.0,4178.0,2613.46666326548,7.09,17.36,10.27,15.04111111111111,3.54741985875946,0.02658,150.0,149.97342,42.23994222222221,62.66497317618543,2.0,6.0,4.0,2.8888888888888884,1.3698697784375502,-4.0,-2.0,2.0,-2.4444444444444446,0.8314794192830981,2.6e-06,1.18e-05,9.2e-06,5.666666666666667e-06,4.336921591277491e-06,100.0,170.0,70.0,123.33333333333331,32.99831645537222,47.0,211.0,164.0,101.66666666666666,77.31034140972919,490.0,490.0,0.0,490.0,0.0,82.0,82.0,0.0,82.0,0.0,4.0,6.5,2.5,5.666666666666666,1.1785113019775793,608.0,608.0,0.0,608.0,0.0,9.61e-08,0.001,0.0009999039,0.0006666987,0.0004713592188165,22.98976928,1.8,0.93,5.13907696,1.16,0.0,0.1,0.1,0.0,0.0,0.0,0.0,0.0,0.0,0.0,0.0,4.70268335155173
Na,Na0-1Mo2(PO4)3,Mo2(PO4)3,NaMo2(PO4)3,mp-aaaabvlt,8.0,42.0,34.0,13.11111111111111,10.535067836563163,11.0,101.0,90.0,89.16666666666666,23.56138554688346,15.9994,95.94,79.9406,27.765769737777774,24.73246252824888,54.8,2896.0,2841.2,431.7983333333333,878.5453411068523,1.0,16.0,15.0,13.88888888888889,4.395564543300552,2.0,5.0,3.0,2.555555555555556,0.955813918560292,0.6,1.8,1.2000000000000002,0.8277777777777777,0.3675074535231384,0.93,3.44,2.51,2.95,0.7432137422482623,90.2,4912.0,4821.8,761.7999999999998,1493.5202665737972,968.0,10280.0,9312.0,4499.5,4098.593447757413,9.38,23.78,14.4,16.773333333333333,3.0067405755882706,0.02658,140.0,139.97342,23.279275555555557,51.90136558838743,1.0,6.0,5.0,2.8888888888888884,1.594744454934147,-3.0,-1.0,2.0,-2.111111111111111,0.4581228472908512,4.8e-06,7.1e-05,6.620000000000001e-05,2.6866666666666668e-05,3.12069792763663e-05,6.3,230.0,223.7,83.21666666666665,103.804791422276,10.0,329.0,319.0,222.66666666666663,150.37804213233912,0.69,1500.0,1499.31,1000.23,706.7815120672017,3.3,20.0,16.7,14.433333333333332,7.872455497210229,0.5,5.5,5.0,3.833333333333333,2.3570226039551585,1530.0,1530.0,0.0,1530.0,0.0,4.77e-08,1e-07,5.23e-08,7.575e-08,2.4324319106606047e-08,8.0,42.0,34.0,13.23529411764706,10.827684624390365,56.0,101.0,45.0,93.76470588235294,14.395789465161664,15.9994,95.94,79.9406,28.04671094117647,25.42156644999245,54.8,2896.0,2841.2,435.38235294117646,903.8878074806134,6.0,16.0,10.0,14.647058823529411,3.179736882762254,2.0,5.0,3.0,2.5294117647058822,0.977249866225656,0.6,1.45,0.85,0.7705882352941176,0.2900602490809208,2.16,3.44,1.2799999999999998,3.0688235294117647,0.5750793536337211,90.2,4912.0,4821.8,738.6117647058824,1533.66757111348,1823.0,10280.0,8457.0,5205.8,4143.066950943467,9.38,17.36,7.979999999999999,16.361176470588234,2.552364261189869,0.02658,139.0,138.97342,16.413350588235293,44.762384581323545,2.0,6.0,4.0,3.0,1.5718104959867516,-3.0,-2.0,1.0,-2.1764705882352944,0.3812200410828153,4.8e-06,4.8e-06,0.0,4.8e-06,0.0,11.0,230.0,219.0,98.59999999999998,107.2876507339032,329.0,329.0,0.0,329.0,0.0,1500.0,1500.0,0.0,1500.0,0.0,20.0,20.0,0.0,20.0,0.0,5.5,5.5,0.0,5.5,0.0,1530.0,1530.0,0.0,1530.0,0.0,5.34e-08,1e-07,4.66e-08,8.136e-08,2.2829244402739216e-08,22.98976928,1.8,0.93,5.13907696,1.16,0.0,0.055555555555555,0.055555555555555,0.0,0.0,0.0,0.0,0.0,0.0,0.0,0.0,3.008921911551742
Na,Na0-1Mo2P3O13,Mo2P3O13,NaMo2P3O13,mp-aaaabmtm,8.0,42.0,34.0,12.842105263157894,10.317400518667668,11.0,101.0,90.0,89.78947368421052,23.08469291741635,15.9994,95.94,79.9406,27.14648712,24.215768457062687,54.8,2896.0,2841.2,411.9563157894737,859.246972358634,1.0,16.0,15.0,14.0,4.304220694791763,2.0,5.0,3.0,2.526315789473684,0.9385555000066846,0.6,1.8,1.2000000000000002,0.8157894736842105,0.361303426782789,0.93,3.44,2.51,2.9757894736842108,0.7316190825794935,90.2,4912.0,4821.8,726.4526315789474,1461.4008677215452,968.0,10280.0,9312.0,4499.5,4098.593447757413,9.38,23.78,14.4,16.80421052631579,2.929476899217178,0.02658,140.0,139.97342,22.055449473684213,50.78321422541046,1.0,6.0,5.0,2.8421052631578947,1.5648493418230007,-3.0,-1.0,2.0,-2.1052631578947367,0.4465937565388721,4.8e-06,7.1e-05,6.620000000000001e-05,2.6866666666666668e-05,3.12069792763663e-05,6.3,230.0,223.7,83.21666666666665,103.804791422276,10.0,329.0,319.0,222.66666666666663,150.37804213233912,0.69,1500.0,1499.31,1000.23,706.7815120672017,3.3,20.0,16.7,14.433333333333332,7.872455497210229,0.5,5.5,5.0,3.833333333333333,2.3570226039551585,1530.0,1530.0,0.0,1530.0,0.0,4.77e-08,1e-07,5.23e-08,7.575e-08,2.4324319106606047e-08,8.0,42.0,34.0,12.944444444444445,10.590730864624668,56.0,101.0,45.0,94.16666666666666,14.08801697266944,15.9994,95.94,79.9406,27.377415888888887,24.85896572937975,54.8,2896.0,2841.2,414.2388888888889,882.736275036566,6.0,16.0,10.0,14.72222222222222,3.105649968749708,2.0,5.0,3.0,2.5,0.957427107756338,0.6,1.45,0.85,0.7611111111111111,0.2845832994414599,2.16,3.44,1.2799999999999998,3.089444444444444,0.5653069198057342,90.2,4912.0,4821.8,702.5888888888887,1497.8391079184294,1823.0,10280.0,8457.0,5205.8,4143.066950943467,9.38,17.36,7.979999999999999,16.416666666666664,2.490981511149548,0.02658,139.0,138.97342,15.502974444444442,43.662860122382575,2.0,6.0,4.0,2.9444444444444446,1.5446043082730936,-3.0,-2.0,1.0,-2.1666666666666665,0.3726779962499649,4.8e-06,4.8e-06,0.0,4.8e-06,0.0,11.0,230.0,219.0,98.59999999999998,107.2876507339032,329.0,329.0,0.0,329.0,0.0,1500.0,1500.0,0.0,1500.0,0.0,20.0,20.0,0.0,20.0,0.0,5.5,5.5,0.0,5.5,0.0,1530.0,1530.0,0.0,1530.0,0.0,5.34e-08,1e-07,4.66e-08,8.136e-08,2.2829244402739216e-08,22.98976928,1.8,0.93,5.13907696,1.16,0.0,0.052631578947368,0.052631578947368,0.0,0.0,0.0,0.0,0.0,0.0,0.0,0.0,3.91118607405173
Na,Na0-1Mo2P2O9,Mo2P2O9,NaMo2P2O9,mp-aaachfvu,8.0,42.0,34.0,14.071428571428571,11.658622105024037,11.0,101.0,90.0,86.57142857142857,26.01843930126228,15.9994,95.94,79.9406,30.057992377142856,27.400874698279807,54.8,2896.0,2841.2,520.7621428571427,976.2485619098868,1.0,16.0,15.0,13.357142857142858,4.849258306426766,2.0,5.0,3.0,2.642857142857143,1.0424656799518874,0.6,1.8,1.2000000000000002,0.8642857142857143,0.3988503888089633,0.93,3.44,2.51,2.8992857142857145,0.7841598259621957,90.2,4912.0,4821.8,920.842857142857,1656.129877892727,968.0,10280.0,9312.0,5034.8,4294.052323854474,9.38,23.78,14.4,16.63,3.394825894967642,0.02658,140.0,139.97342,29.907944285714287,57.1460071789198,1.0,6.0,5.0,2.928571428571429,1.6675167899898216,-3.0,-1.0,2.0,-2.071428571428571,0.4573660169594892,4.8e-06,7.1e-05,6.620000000000001e-05,2.6866666666666668e-05,3.12069792763663e-05,6.3,230.0,223.7,97.66,108.06878550256776,10.0,329.0,319.0,222.66666666666663,150.37804213233912,0.69,1500.0,1499.31,1000.23,706.7815120672017,3.3,20.0,16.7,14.433333333333332,7.872455497210229,0.5,5.5,5.0,3.833333333333333,2.3570226039551585,1530.0,1530.0,0.0,1530.0,0.0,4.77e-08,1e-07,5.23e-08,7.09e-08,2.3851037713273612e-08,8.0,42.0,34.0,14.307692307692308,12.066384426832036,56.0,101.0,45.0,92.3846153846154,15.99778091120266,15.9994,95.94,79.9406,30.601701846153844,28.362364338969243,54.8,2896.0,2841.2,532.2923076923078,1012.1820157549488,6.0,16.0,10.0,14.307692307692308,3.560134297048042,2.0,5.0,3.0,2.6153846153846154,1.076923076923077,0.6,1.45,0.85,0.7923076923076923,0.3143039647356054,2.16,3.44,1.2799999999999998,3.050769230769231,0.5839054393736861,90.2,4912.0,4821.8,902.7538461538462,1717.313953025025,1823.0,10280.0,8457.0,6051.5,4228.5,9.38,17.36,7.979999999999999,16.08,2.859435124420421,0.02658,139.0,138.97342,21.439324615384617,50.1280954777456,2.0,6.0,4.0,3.076923076923077,1.6390212117432703,-3.0,-2.0,1.0,-2.1538461538461537,0.36080121229411,4.8e-06,4.8e-06,0.0,4.8e-06,0.0,11.0,230.0,219.0,120.5,109.5,329.0,329.0,0.0,329.0,0.0,1500.0,1500.0,0.0,1500.0,0.0,20.0,20.0,0.0,20.0,0.0,5.5,5.5,0.0,5.5,0.0,1530.0,1530.0,0.0,1530.0,0.0,5.34e-08,1e-07,4.66e-08,7.669999999999999e-08,2.33e-08,22.98976928,1.8,0.93,5.13907696,1.16,0.0,0.071428571428571,0.071428571428571,0.0,0.0,0.0,0.0,0.0,0.0,0.0,0.0,3.610831509051724
Na,Na0-1Mo3P3O16,Mo3P3O16,NaMo3P3O16,mp-aaaablnj,8.0,42.0,34.0,13.478260869565217,11.293975174237584,11.0,101.0,90.0,89.78260869565217,22.50015752937923,15.9994,95.94,79.9406,28.683541533913044,26.533528527922787,54.8,2896.0,2841.2,473.3726086956522,943.9556376284778,1.0,16.0,15.0,13.91304347826087,4.312903223525998,2.0,5.0,3.0,2.565217391304348,1.0140785904078784,0.6,1.8,1.2000000000000002,0.8152173913043479,0.3624898147320819,0.93,3.44,2.51,3.000869565217392,0.7061094449192411,90.2,4912.0,4821.8,825.4434782608695,1602.7969455125694,968.0,10280.0,9312.0,5325.285714285714,4300.025505382355,9.38,23.78,14.4,16.55391304347826,3.076273492577377,0.02658,140.0,139.97342,24.266664347826087,52.75832735623299,1.0,6.0,5.0,2.869565217391304,1.5963095435378971,-3.0,-1.0,2.0,-2.0869565217391304,0.407862239984646,4.8e-06,7.1e-05,6.620000000000001e-05,2.135e-05,2.866544086526492e-05,6.3,230.0,223.7,104.18571428571428,108.96922800984332,10.0,329.0,319.0,249.25,138.13105190361796,0.69,1500.0,1499.31,1125.1725,649.2202740740233,3.3,20.0,16.7,15.825,7.231312121600062,0.5,5.5,5.0,4.25,2.165063509461097,1530.0,1530.0,0.0,1530.0,0.0,4.77e-08,1e-07,5.23e-08,7.255714285714286e-08,2.383933467089676e-08,8.0,42.0,34.0,13.59090909090909,11.535160048970797,56.0,101.0,45.0,93.36363636363636,15.307590079747587,15.9994,95.94,79.9406,28.942349363636364,27.10145458688411,54.8,2896.0,2841.2,478.03181818181815,964.9120847312104,6.0,16.0,10.0,14.5,3.394514291136108,2.0,5.0,3.0,2.5454545454545454,1.0325287901455042,0.6,1.45,0.85,0.7704545454545454,0.3021359909457881,2.16,3.44,1.2799999999999998,3.095,0.5634370982073896,90.2,4912.0,4821.8,810.4181818181818,1637.2343753016614,1823.0,10280.0,8457.0,6051.5,4228.5,9.38,17.36,7.979999999999999,16.225454545454546,2.722546814478089,0.02658,139.0,138.97342,19.00605818181818,47.68081038841323,2.0,6.0,4.0,2.9545454545454546,1.5804853318830645,-3.0,-2.0,1.0,-2.136363636363636,0.3431742925123068,4.8e-06,4.8e-06,0.0,4.8e-06,0.0,11.0,230.0,219.0,120.5,109.5,329.0,329.0,0.0,329.0,0.0,1500.0,1500.0,0.0,1500.0,0.0,20.0,20.0,0.0,20.0,0.0,5.5,5.5,0.0,5.5,0.0,1530.0,1530.0,0.0,1530.0,0.0,5.34e-08,1e-07,4.66e-08,7.669999999999999e-08,2.33e-08,22.98976928,1.8,0.93,5.13907696,1.16,0.0,0.043478260869565,0.043478260869565,0.0,0.0,0.0,0.0,0.0,0.0,0.0,0.0,4.099200366551717
Na,Na0-1MoP2O7,MoP2O7,NaMoP2O7,mp-aaaabnjs,8.0,42.0,34.0,12.636363636363637,9.660347511843804,11.0,101.0,90.0,86.72727272727272,27.179841825383985,15.9994,95.94,79.9406,26.624826661818183,22.655385104253632,54.8,2896.0,2841.2,389.5518181818182,802.1269230423708,1.0,16.0,15.0,13.545454545454543,4.8685192141803215,2.0,5.0,3.0,2.5454545454545454,0.8907235428302466,0.6,1.8,1.2000000000000002,0.859090909090909,0.3981880447831959,0.93,3.44,2.51,2.868181818181818,0.8238911907617874,90.2,4912.0,4821.8,709.0363636363636,1368.3425297335773,968.0,10280.0,9312.0,3723.5,3801.456069718549,9.38,23.78,14.4,17.156363636363636,3.084740368409612,0.02658,140.0,139.97342,25.42346000000001,53.776676961627146,1.0,6.0,5.0,2.8181818181818183,1.5850541612875175,-3.0,-1.0,2.0,-2.090909090909091,0.51425947722658,4.8e-06,7.1e-05,6.620000000000001e-05,3.79e-05,3.3100000000000005e-05,6.3,230.0,223.7,64.575,95.52744042943893,10.0,329.0,319.0,169.5,159.5,0.69,1500.0,1499.31,750.345,749.655,3.3,20.0,16.7,11.65,8.350000000000001,0.5,5.5,5.0,3.0,2.5,1530.0,1530.0,0.0,1530.0,0.0,4.77e-08,1e-07,5.23e-08,7.527499999999999e-08,2.4806992461803993e-08,8.0,42.0,34.0,12.8,10.117311895953392,56.0,101.0,45.0,94.29999999999998,13.48369385591352,15.9994,95.94,79.9406,26.9883324,23.73056301493159,54.8,2896.0,2841.2,391.4200000000001,841.2549967756507,6.0,16.0,10.0,14.8,2.9597297173897488,2.0,5.0,3.0,2.5,0.9219544457292888,0.6,1.45,0.85,0.7649999999999999,0.2775337817275583,2.16,3.44,1.2799999999999998,3.062,0.5774564918675692,90.2,4912.0,4821.8,664.34,1427.4529737963348,1823.0,10280.0,8457.0,4642.0,3986.6680323297546,9.38,17.36,7.979999999999999,16.494,2.3751218916089334,0.02658,139.0,138.97342,13.965806,41.6781465101058,2.0,6.0,4.0,3.0,1.5491933384829668,-3.0,-2.0,1.0,-2.2,0.4,4.8e-06,4.8e-06,0.0,4.8e-06,0.0,11.0,230.0,219.0,83.99999999999999,103.23759005323592,329.0,329.0,0.0,329.0,0.0,1500.0,1500.0,0.0,1500.0,0.0,20.0,20.0,0.0,20.0,0.0,5.5,5.5,0.0,5.5,0.0,1530.0,1530.0,0.0,1530.0,0.0,5.34e-08,1e-07,4.66e-08,8.446666666666667e-08,2.1967450668862077e-08,22.98976928,1.8,0.93,5.13907696,1.16,0.0,0.09090909090909,0.09090909090909,0.0,0.0,0.0,0.0,0.0,0.0,0.0,0.0,3.185216206551719
Na,Na0-1Mo2P3O13,Mo2P3O13,NaMo2P3O13,mp-aaaabvnd,8.0,42.0,34.0,12.842105263157894,10.317400518667668,11.0,101.0,90.0,89.78947368421052,23.08469291741635,15.9994,95.94,79.9406,27.14648712,24.215768457062687,54.8,2896.0,2841.2,411.9563157894737,859.246972358634,1.0,16.0,15.0,14.0,4.304220694791763,2.0,5.0,3.0,2.526315789473684,0.9385555000066846,0.6,1.8,1.2000000000000002,0.8157894736842105,0.361303426782789,0.93,3.44,2.51,2.9757894736842108,0.7316190825794935,90.2,4912.0,4821.8,726.4526315789474,1461.4008677215452,968.0,10280.0,9312.0,4499.5,4098.593447757413,9.38,23.78,14.4,16.80421052631579,2.929476899217178,0.02658,140.0,139.97342,22.055449473684213,50.78321422541046,1.0,6.0,5.0,2.8421052631578947,1.5648493418230007,-3.0,-1.0,2.0,-2.1052631578947367,0.4465937565388721,4.8e-06,7.1e-05,6.620000000000001e-05,2.6866666666666668e-05,3.12069792763663e-05,6.3,230.0,223.7,83.21666666666665,103.804791422276,10.0,329.0,319.0,222.66666666666663,150.37804213233912,0.69,1500.0,1499.31,1000.23,706.7815120672017,3.3,20.0,16.7,14.433333333333332,7.872455497210229,0.5,5.5,5.0,3.833333333333333,2.3570226039551585,1530.0,1530.0,0.0,1530.0,0.0,4.77e-08,1e-07,5.23e-08,7.575e-08,2.4324319106606047e-08,8.0,42.0,34.0,12.944444444444445,10.590730864624668,56.0,101.0,45.0,94.16666666666666,14.08801697266944,15.9994,95.94,79.9406,27.377415888888887,24.85896572937975,54.8,2896.0,2841.2,414.2388888888889,882.736275036566,6.0,16.0,10.0,14.72222222222222,3.105649968749708,2.0,5.0,3.0,2.5,0.957427107756338,0.6,1.45,0.85,0.7611111111111111,0.2845832994414599,2.16,3.44,1.2799999999999998,3.089444444444444,0.5653069198057342,90.2,4912.0,4821.8,702.5888888888887,1497.8391079184294,1823.0,10280.0,8457.0,5205.8,4143.066950943467,9.38,17.36,7.979999999999999,16.416666666666664,2.490981511149548,0.02658,139.0,138.97342,15.502974444444442,43.662860122382575,2.0,6.0,4.0,2.9444444444444446,1.5446043082730936,-3.0,-2.0,1.0,-2.1666666666666665,0.3726779962499649,4.8e-06,4.8e-06,0.0,4.8e-06,0.0,11.0,230.0,219.0,98.59999999999998,107.2876507339032,329.0,329.0,0.0,329.0,0.0,1500.0,1500.0,0.0,1500.0,0.0,20.0,20.0,0.0,20.0,0.0,5.5,5.5,0.0,5.5,0.0,1530.0,1530.0,0.0,1530.0,0.0,5.34e-08,1e-07,4.66e-08,8.136e-08,2.2829244402739216e-08,22.98976928,1.8,0.93,5.13907696,1.16,0.0,0.052631578947368,0.052631578947368,0.0,0.0,0.0,0.0,0.0,0.0,0.0,0.0,3.877630971551728
Na,Na0-1Mo3P3O13,Mo3P3O13,NaMo3P3O13,mp-aaachqeq,8.0,42.0,34.0,14.3,11.89579757729594,11.0,101.0,90.0,88.10000000000001,23.674670008259884,15.9994,95.94,79.9406,30.586162764,27.962104213566946,54.8,2896.0,2841.2,536.1585,997.2399712319748,1.0,16.0,15.0,13.6,4.5431266766402185,2.0,5.0,3.0,2.6500000000000004,1.061838029079765,0.6,1.8,1.2000000000000002,0.8475,0.378310388437854,0.93,3.44,2.51,2.935,0.7349251662584428,90.2,4912.0,4821.8,935.73,1691.464215731447,968.0,10280.0,9312.0,5325.285714285716,4300.025505382355,9.38,23.78,14.4,16.433,3.281903563482632,0.02658,140.0,139.97342,27.902677,55.67404628600593,1.0,6.0,5.0,3.0,1.6733200530681511,-3.0,-1.0,2.0,-2.1,0.4358898943540673,4.8e-06,7.1e-05,6.620000000000001e-05,2.135e-05,2.866544086526492e-05,6.3,230.0,223.7,104.1857142857143,108.96922800984332,10.0,329.0,319.0,249.25,138.13105190361796,0.69,1500.0,1499.31,1125.1724999999997,649.2202740740233,3.3,20.0,16.7,15.824999999999998,7.231312121600063,0.5,5.5,5.0,4.249999999999999,2.165063509461097,1530.0,1530.0,0.0,1530.0,0.0,4.77e-08,1e-07,5.23e-08,7.255714285714287e-08,2.3839334670896764e-08,8.0,42.0,34.0,14.473684210526317,12.180089106288143,56.0,101.0,45.0,92.15789473684212,16.1449459515476,15.9994,95.94,79.9406,30.985972947368417,28.632740857803093,54.8,2896.0,2841.2,544.8578947368421,1022.4066810154565,6.0,16.0,10.0,14.263157894736842,3.5959349163239414,2.0,5.0,3.0,2.631578947368421,1.086303549502647,0.6,1.45,0.85,0.7973684210526315,0.3168403567008929,2.16,3.44,1.2799999999999998,3.040526315789473,0.5880697567305798,90.2,4912.0,4821.8,924.1368421052632,1734.6310295399016,1823.0,10280.0,8457.0,6051.5,4228.5,9.38,17.36,7.979999999999999,16.046315789473685,2.8891670818062414,0.02658,139.0,138.97342,22.002817894736843,50.66132146633071,2.0,6.0,4.0,3.105263157894737,1.65098812014296,-3.0,-2.0,1.0,-2.1578947368421053,0.3646422752776584,4.8e-06,4.8e-06,0.0,4.8e-06,0.0,11.0,230.0,219.0,120.5,109.5,329.0,329.0,0.0,329.0,0.0,1500.0,1500.0,0.0,1500.0,0.0,20.0,20.0,0.0,20.0,0.0,5.5,5.5,0.0,5.5,0.0,1530.0,1530.0,0.0,1530.0,0.0,5.34e-08,1e-07,4.66e-08,7.669999999999999e-08,2.33e-08,22.98976928,1.8,0.93,5.13907696,1.16,0.0,0.05,0.05,0.0,0.0,0.0,0.0,0.0,0.0,0.0,0.0,3.7116985765517
Na,Na0-3Mo4P5O24,Mo4P5O24,Na3Mo4P5O24,mp-aaabodta,8.0,42.0,34.0,13.0,10.535653752852738,11.0,101.0,90.0,86.97222222222221,26.83331895559771,15.9994,95.94,79.9406,27.54399216222222,24.73849766000913,54.8,2896.0,2841.2,433.2863888888888,878.3955017219141,1.0,16.0,15.0,13.5,4.873397172404482,2.0,5.0,3.0,2.555555555555556,0.955813918560292,0.6,1.8,1.2000000000000002,0.85,0.4,0.93,3.44,2.51,2.915,0.8052587575845832,90.2,4912.0,4821.8,778.6333333333333,1494.4530188518993,968.0,10280.0,9312.0,4428.25,4151.591464426624,9.38,23.78,14.4,16.96111111111111,3.219820369193993,0.02658,140.0,139.97342,27.161608888888885,55.15764969821774,1.0,6.0,5.0,2.7777777777777777,1.5830896498638896,-3.0,-1.0,2.0,-2.055555555555556,0.468119431843131,4.8e-06,7.1e-05,6.620000000000001e-05,3.3171428571428574e-05,3.276050384601705e-05,6.3,230.0,223.7,82.82499999999999,104.0850223375102,10.0,329.0,319.0,192.2857142857143,157.86405931842054,0.69,1500.0,1499.31,857.4385714285715,741.9660275131696,3.3,20.0,16.7,12.842857142857143,8.264356710400072,0.5,5.5,5.0,3.3571428571428577,2.4743582965269675,1530.0,1530.0,0.0,1530.0,0.0,4.77e-08,1e-07,5.23e-08,7.139166666666668e-08,2.4274247613926624e-08,8.0,42.0,34.0,13.181818181818182,10.986091883651486,56.0,101.0,45.0,93.87878787878788,14.597130427333324,15.9994,95.94,79.9406,27.958012424242423,25.79868338973095,54.8,2896.0,2841.2,438.9606060606061,917.2435940754016,6.0,16.0,10.0,14.636363636363637,3.226952608963427,2.0,5.0,3.0,2.515151515151515,0.9884549351697024,0.6,1.45,0.85,0.7636363636363637,0.2916184533153717,2.16,3.44,1.2799999999999998,3.0954545454545457,0.5626942272570687,90.2,4912.0,4821.8,744.3272727272728,1556.3747603680624,1823.0,10280.0,8457.0,5581.666666666668,4202.317085714605,9.38,17.36,7.979999999999999,16.34121212121212,2.588131135237627,0.02658,139.0,138.97342,16.90357333333333,45.34553511766576,2.0,6.0,4.0,2.9393939393939394,1.5558178973325378,-3.0,-2.0,1.0,-2.1515151515151514,0.3585502898848252,4.8e-06,4.8e-06,0.0,4.8e-06,0.0,11.0,230.0,219.0,108.33333333333334,108.82197490498976,329.0,329.0,0.0,329.0,0.0,1500.0,1500.0,0.0,1500.0,0.0,20.0,20.0,0.0,20.0,0.0,5.5,5.5,0.0,5.5,0.0,1530.0,1530.0,0.0,1530.0,0.0,5.34e-08,1e-07,4.66e-08,7.92888888888889e-08,2.315572616699782e-08,22.98976928,1.8,0.93,5.13907696,1.16,0.0,0.083333333333333,0.083333333333333,0.0,0.0,0.0,0.0,0.0,0.0,0.0,0.0,3.616627704885051
Na,Na0-1Mo(PO4)2,Mo(PO4)2,NaMo(PO4)2,mp-aaaabnjc,8.0,42.0,34.0,12.25,9.33742469849155,11.0,101.0,90.0,87.91666666666666,26.32001245356004,15.9994,95.94,79.9406,25.73937444,21.888776805596468,54.8,2896.0,2841.2,361.6558333333333,773.5310894146222,1.0,16.0,15.0,13.75,4.710360920354193,2.0,5.0,3.0,2.5,0.8660254037844386,0.6,1.8,1.2000000000000002,0.8374999999999999,0.3879030162295725,0.93,3.44,2.51,2.915833333333333,0.8044921621053177,90.2,4912.0,4821.8,657.4666666666666,1321.2058667074646,968.0,10280.0,9312.0,3723.5,3801.456069718549,9.38,23.78,14.4,17.173333333333332,2.953950274162079,0.02658,140.0,139.97342,23.30705333333333,51.96352264086884,1.0,6.0,5.0,2.75,1.5343293866268306,-3.0,-1.0,2.0,-2.083333333333333,0.4930066485916347,4.8e-06,7.1e-05,6.620000000000001e-05,3.79e-05,3.3100000000000005e-05,6.3,230.0,223.7,64.575,95.52744042943893,10.0,329.0,319.0,169.5,159.5,0.69,1500.0,1499.31,750.345,749.655,3.3,20.0,16.7,11.65,8.350000000000001,0.5,5.5,5.0,3.0,2.5,1530.0,1530.0,0.0,1530.0,0.0,4.77e-08,1e-07,5.23e-08,7.527499999999999e-08,2.4806992461803993e-08,8.0,42.0,34.0,12.363636363636363,9.744674324262991,56.0,101.0,45.0,94.9090909090909,12.99968213215962,15.9994,95.94,79.9406,25.989338545454547,22.845677867363055,54.8,2896.0,2841.2,360.8181818181818,807.9216622895403,6.0,16.0,10.0,14.90909090909091,2.8429992311112526,2.0,5.0,3.0,2.4545454545454546,0.8907235428302466,0.6,1.45,0.85,0.75,0.2688358742294772,2.16,3.44,1.2799999999999998,3.0963636363636367,0.561204430865563,90.2,4912.0,4821.8,612.1454545454545,1370.9946517789965,1823.0,10280.0,8457.0,4642.0,3986.668032329755,9.38,17.36,7.979999999999999,16.57272727272727,2.278233330332522,0.02658,139.0,138.97342,12.698603636363638,39.94008827609293,2.0,6.0,4.0,2.909090909090909,1.504813214295168,-3.0,-2.0,1.0,-2.1818181818181817,0.385694607919935,4.8e-06,4.8e-06,0.0,4.8e-06,0.0,11.0,230.0,219.0,84.0,103.23759005323592,329.0,329.0,0.0,329.0,0.0,1500.0,1500.0,0.0,1500.0,0.0,20.0,20.0,0.0,20.0,0.0,5.5,5.5,0.0,5.5,0.0,1530.0,1530.0,0.0,1530.0,0.0,5.34e-08,1e-07,4.66e-08,8.446666666666668e-08,2.1967450668862077e-08,22.98976928,1.8,0.93,5.13907696,1.16,0.0,0.083333333333333,0.083333333333333,0.0,0.0,0.0,0.0,0.0,0.0,0.0,0.0,4.090156524051739
Na,Na0-4.25Mo15S19,Mo15S19,Na17(Mo15S19)4,mp-aaaabugf,11.0,42.0,31.0,25.64052287581699,13.22634249043602,11.0,94.0,83.0,69.87581699346406,27.38143072440752,22.98976928,95.94,72.95023072,56.10566063895425,32.11236294302966,370.87,2896.0,2525.13,1369.8049019607845,1225.8807314205276,1.0,16.0,15.0,10.411764705882351,5.743458241520318,3.0,5.0,2.0,3.784313725490196,0.9764627135677436,1.0,1.8,0.8,1.265359477124183,0.2830321955491524,0.93,2.58,1.65,2.231960784313726,0.500544878040639,717.87,4912.0,4194.13,2411.307973856209,2012.9382962867955,968.0,10280.0,9312.0,5112.522875816993,4161.367464858309,9.38,23.78,14.4,14.034901960784314,4.489937059058833,0.205,140.0,139.795,70.16718954248365,69.50702777236549,1.0,6.0,5.0,5.444444444444445,1.5713484026367723,-2.0,-1.0,1.0,-1.8888888888888888,0.3142696805273545,4.8e-06,7.1e-05,6.620000000000001e-05,1.9415584415584417e-05,2.745790196833353e-05,6.3,230.0,223.7,94.72091503267971,108.65959477385152,10.0,329.0,319.0,258.57142857142856,132.31224664499086,0.69,1500.0,1499.31,1168.9835064935066,621.8717069507876,3.3,20.0,16.7,16.312987012987012,6.926691282041841,0.5,5.5,5.0,3.205882352941176,1.897305805475887,1530.0,1530.0,0.0,1530.0,0.0,4.77e-08,2000000000000000.0,2000000000000000.0,993464052287581.8,999978640465635.6,16.0,42.0,26.0,27.47058823529412,12.909721129984923,56.0,94.0,38.0,77.23529411764706,18.868053959208737,32.065,95.94,63.875,60.24514705882352,31.71570912222258,388.36,2896.0,2507.64,1494.6717647058822,1245.1128113228997,6.0,16.0,10.0,11.588235294117649,4.965277357686509,3.0,5.0,2.0,3.882352941176471,0.993055471537302,1.0,1.45,0.4499999999999999,1.1985294117647058,0.2234374810958929,2.16,2.58,0.4199999999999999,2.394705882352941,0.2085416490228333,717.87,4912.0,4194.13,2568.221470588235,2082.5018724193724,1960.0,10280.0,8320.0,5630.588235294117,4131.110761595176,9.38,15.53,6.149999999999999,12.816764705882353,3.0536455749772027,0.205,139.0,138.795,61.43808823529412,68.9155670860099,6.0,6.0,0.0,6.0,0.0,-2.0,-2.0,0.0,-2.0,0.0,4.8e-06,4.8e-06,0.0,4.8e-06,0.0,7.7,230.0,222.3,105.7735294117647,110.3781156613711,329.0,329.0,0.0,329.0,0.0,1500.0,1500.0,0.0,1500.0,0.0,20.0,20.0,0.0,20.0,0.0,2.0,5.5,3.5,3.544117647058824,1.737847075190278,1530.0,1530.0,0.0,1530.0,0.0,5.34e-08,2000000000000000.0,2000000000000000.0,1117647058823529.6,993055471537302.0,22.98976928,1.8,0.93,5.13907696,1.16,0.0,0.111111111111111,0.111111111111111,0.0,0.0,0.0,0.0,0.0,0.0,0.0,0.0,1.692320103022309
Na,Na0-3Mo15Se19,Mo15Se19,Na3Mo15Se19,mp-aaabgllq,11.0,42.0,31.0,35.37837837837838,8.181559196379187,11.0,93.0,82.0,71.35135135135135,25.13016515816305,22.98976928,95.94,72.95023072,81.30565696864863,19.11503457788688,370.87,2896.0,2525.13,1457.8002702702704,1188.0012448202745,1.0,16.0,15.0,10.72972972972973,5.568485885955814,3.0,5.0,2.0,4.324324324324325,0.6174951166916682,1.15,1.8,0.6500000000000001,1.324324324324324,0.2008837305311484,0.93,2.55,1.6199999999999997,2.2605405405405405,0.4366515460648099,958.0,4912.0,3954.0,2577.027027027027,1928.7522711830732,968.0,10280.0,9312.0,6720.675675675676,3110.673491462807,9.38,23.78,14.4,14.162702702702704,4.403325922741194,0.52,140.0,139.48,67.96972972972974,69.29849725317696,1.0,6.0,5.0,5.594594594594595,1.364797964643524,-2.0,-1.0,1.0,-1.9189189189189189,0.2729595929287048,4.8e-06,7.1e-05,6.620000000000001e-05,1.5833333333333333e-05,2.4671283351747683e-05,6.3,230.0,223.7,98.0162162162162,108.98330770652888,10.0,329.0,319.0,139.32432432432432,156.61953453358376,0.69,1500.0,1499.31,986.11,466.8163288500961,3.3,20.0,16.7,10.275675675675677,8.03029417539995,0.5,5.5,5.0,3.2972972972972974,1.861630567828584,1530.0,1530.0,0.0,1530.0,0.0,4.77e-08,5.34e-08,5.700000000000005e-09,5.245e-08,2.124264578624802e-09,34.0,42.0,8.0,37.52941176470589,3.972221886149208,56.0,93.0,37.0,76.67647058823529,18.371526223440085,78.96,95.94,16.980000000000004,86.45117647058822,8.431040953351696,494.0,2896.0,2402.0,1553.705882352941,1192.6596213162995,6.0,16.0,10.0,11.588235294117649,4.965277357686509,4.0,5.0,1.0,4.441176470588236,0.4965277357686509,1.15,1.45,0.3,1.2823529411764705,0.1489583207305953,2.16,2.55,0.3899999999999997,2.377941176470588,0.1936458169497737,958.0,4912.0,3954.0,2702.4117647058824,1963.2706672292456,4819.0,10280.0,5461.0,7228.264705882353,2711.537965032602,9.38,16.42,7.040000000000001,13.314117647058826,3.495555259811303,0.52,139.0,138.48,61.61411764705882,68.75916084924278,6.0,6.0,0.0,6.0,0.0,-2.0,-2.0,0.0,-2.0,0.0,4.8e-06,4.8e-06,0.0,4.8e-06,0.0,8.3,230.0,221.7,106.10882352941177,110.08019901990993,10.0,329.0,319.0,150.73529411764707,158.39234771019966,736.0,1500.0,764.0,1073.0588235294117,379.3471901272493,3.7,20.0,16.3,10.891176470588237,8.093402093029011,2.0,5.5,3.5,3.544117647058824,1.737847075190278,1530.0,1530.0,0.0,1530.0,0.0,5.34e-08,5.34e-08,0.0,5.34e-08,0.0,22.98976928,1.8,0.93,5.13907696,1.16,0.0,0.081081081081081,0.081081081081081,0.0,0.0,0.0,0.0,0.0,0.0,0.0,0.0,1.621453941551734
Na,Na0-0.5Mo3Se4,Mo3Se4,Na(Mo3Se4)2,mp-aaaabfcn,11.0,42.0,31.0,35.66666666666667,7.621606713081493,11.0,93.0,82.0,72.73333333333333,24.189437548006133,22.98976928,95.94,72.95023072,82.02065128533333,17.742745620851814,370.87,2896.0,2525.13,1446.5913333333335,1183.816744595585,1.0,16.0,15.0,11.0,5.477225575051661,3.0,5.0,2.0,4.333333333333334,0.5962847939999439,1.15,1.8,0.6500000000000001,1.3133333333333332,0.1936204764194348,0.93,2.55,1.6199999999999997,2.286,0.4075585847458005,958.0,4912.0,3954.0,2552.8,1926.88166735791,968.0,10280.0,9312.0,6746.666666666667,3033.4451847509768,9.38,23.78,14.4,14.094666666666669,4.2460300935763,0.52,140.0,139.48,65.21066666666667,69.15764478992102,1.0,6.0,5.0,5.666666666666668,1.247219128924647,-2.0,-1.0,1.0,-1.9333333333333331,0.2494438257849294,4.8e-06,7.1e-05,6.620000000000001e-05,1.4257142857142856e-05,2.3165174424606627e-05,6.3,230.0,223.7,96.84666666666666,108.72033153411964,10.0,329.0,319.0,137.6,156.27744558956675,0.69,1500.0,1499.31,992.5793333333334,451.32120724921504,3.3,20.0,16.7,10.193333333333332,8.007701848151497,0.5,5.5,5.0,3.3,1.833030277982336,1530.0,1530.0,0.0,1530.0,0.0,4.77e-08,5.34e-08,5.700000000000005e-09,5.258571428571429e-08,1.994584504837732e-09,34.0,42.0,8.0,37.42857142857143,3.958973274443148,56.0,93.0,37.0,77.14285714285714,18.31025139429956,78.96,95.94,16.980000000000004,86.23714285714286,8.402920775005583,494.0,2896.0,2402.0,1523.428571428571,1188.681725651555,6.0,16.0,10.0,11.714285714285714,4.948716593053935,4.0,5.0,1.0,4.428571428571429,0.4948716593053935,1.15,1.45,0.3,1.2785714285714285,0.148461497791618,2.16,2.55,0.3899999999999997,2.3828571428571426,0.1929999471291033,958.0,4912.0,3954.0,2652.5714285714284,1956.722540893526,4819.0,10280.0,5461.0,7159.428571428571,2702.494131466754,9.38,16.42,7.040000000000001,13.402857142857144,3.483896481509971,0.52,139.0,138.48,59.86857142857143,68.5298273806109,6.0,6.0,0.0,6.0,0.0,-2.0,-2.0,0.0,-2.0,0.0,4.8e-06,4.8e-06,0.0,4.8e-06,0.0,8.3,230.0,221.7,103.31428571428572,109.71304686800572,10.0,329.0,319.0,146.71428571428572,157.86405931842052,736.0,1500.0,764.0,1063.428571428571,378.0819477093206,3.7,20.0,16.3,10.685714285714283,8.066408046677914,2.0,5.5,3.5,3.5,1.7320508075688772,1530.0,1530.0,0.0,1530.0,0.0,5.34e-08,5.34e-08,0.0,5.34e-08,0.0,22.98976928,1.8,0.93,5.13907696,1.16,0.0,0.066666666666666,0.066666666666666,0.0,0.0,0.0,0.0,0.0,0.0,0.0,0.0,1.675246316551725
Na,Na0-2Mo15Se19,Mo15Se19,Na2Mo15Se19,mp-aaabgiyy,11.0,42.0,31.0,36.05555555555556,7.199322670472567,11.0,93.0,82.0,73.02777777777779,23.34700327083532,22.98976928,95.94,72.95023072,82.92554273777777,16.68667166259992,370.87,2896.0,2525.13,1487.9927777777775,1190.3034495446277,1.0,16.0,15.0,11.0,5.400617248673217,3.0,5.0,2.0,4.361111111111111,0.5846545883291442,1.15,1.8,0.6500000000000001,1.311111111111111,0.1871241088122144,0.93,2.55,1.6199999999999997,2.2975,0.3813381045738806,958.0,4912.0,3954.0,2616.5000000000005,1940.5593910004404,968.0,10280.0,9312.0,6880.472222222223,3000.0471245012795,9.38,23.78,14.4,13.895555555555555,4.1577961873813,0.52,140.0,139.48,65.96888888888888,69.19215248445519,1.0,6.0,5.0,5.722222222222222,1.145307118227128,-2.0,-1.0,1.0,-1.9444444444444449,0.2290614236454256,4.8e-06,7.1e-05,6.620000000000001e-05,1.2588235294117647e-05,2.1328960768730588e-05,6.3,230.0,223.7,100.5638888888889,109.39439898514452,10.0,329.0,319.0,142.91666666666666,157.26912090073145,0.69,1500.0,1499.31,1013.4827777777778,442.9986418816096,3.3,20.0,16.7,10.469444444444443,8.055288788686338,0.5,5.5,5.0,3.375,1.827167662440058,1530.0,1530.0,0.0,1530.0,0.0,4.77e-08,5.34e-08,5.700000000000005e-09,5.2729411764705895e-08,1.8364815163408526e-09,34.0,42.0,8.0,37.52941176470589,3.972221886149208,56.0,93.0,37.0,76.67647058823529,18.371526223440085,78.96,95.94,16.980000000000004,86.45117647058822,8.431040953351696,494.0,2896.0,2402.0,1553.705882352941,1192.6596213162995,6.0,16.0,10.0,11.588235294117649,4.965277357686509,4.0,5.0,1.0,4.441176470588236,0.4965277357686509,1.15,1.45,0.3,1.2823529411764705,0.1489583207305953,2.16,2.55,0.3899999999999997,2.377941176470588,0.1936458169497737,958.0,4912.0,3954.0,2702.4117647058824,1963.2706672292456,4819.0,10280.0,5461.0,7228.264705882353,2711.537965032602,9.38,16.42,7.040000000000001,13.314117647058826,3.495555259811303,0.52,139.0,138.48,61.61411764705882,68.75916084924278,6.0,6.0,0.0,6.0,0.0,-2.0,-2.0,0.0,-2.0,0.0,4.8e-06,4.8e-06,0.0,4.8e-06,0.0,8.3,230.0,221.7,106.10882352941177,110.08019901990993,10.0,329.0,319.0,150.73529411764707,158.39234771019966,736.0,1500.0,764.0,1073.0588235294117,379.3471901272493,3.7,20.0,16.3,10.891176470588237,8.093402093029011,2.0,5.5,3.5,3.544117647058824,1.737847075190278,1530.0,1530.0,0.0,1530.0,0.0,5.34e-08,5.34e-08,0.0,5.34e-08,0.0,22.98976928,1.8,0.93,5.13907696,1.16,0.0,0.055555555555555,0.055555555555555,0.0,0.0,0.0,0.0,0.0,0.0,0.0,0.0,1.7052399915517111
Na,Na0-1NdNb4O12,NdNb4O12,NaNdNb4O12,mp-aaacrktt,8.0,60.0,52.0,18.38888888888889,16.875817309882898,11.0,101.0,90.0,81.38888888888889,29.28241582491461,15.9994,144.242,128.24259999999998,40.60278273777777,40.31672388707796,54.8,2750.0,2695.2,740.3038888888889,1111.5777769216097,1.0,16.0,15.0,12.0,5.725188012439222,2.0,6.0,4.0,2.9444444444444446,1.4326441064697364,0.6,1.85,1.25,0.9249999999999998,0.4708886398195555,0.93,3.44,2.51,2.7638888888888884,0.9690839826517094,90.2,5017.0,4926.8,1426.6333333333334,2066.3597280133863,968.0,8570.0,7602.0,7008.0,2777.416065338429,10.83,23.78,12.95,16.445,3.392334905505515,0.02658,140.0,139.97342,20.739942222222226,36.37031360960376,1.0,5.0,4.0,2.666666666666667,1.2909944487358056,-2.0,2.0,4.0,-1.5,0.957427107756338,7.3e-06,7.1e-05,6.37e-05,1.83e-05,2.358311542891086e-05,6.3,170.0,163.7,119.71666666666668,71.49732900993963,10.0,105.0,95.0,78.5,38.53029111404861,0.69,736.0,735.31,534.9483333333333,294.3895265583037,3.3,38.0,34.7,28.55,13.858060229820524,0.5,6.0,5.5,4.9,2.2,343.0,1320.0,977.0,1124.6,390.8,4.77e-08,6.43e-07,5.953e-07,2.1645e-07,1.945236382379616e-07,8.0,60.0,52.0,18.823529411764707,17.266885321902244,30.0,101.0,71.0,85.52941176470588,24.48076711374684,15.9994,144.242,128.24259999999998,41.638842352941175,41.25203857690308,54.8,2750.0,2695.2,762.0352941176469,1140.0821193029583,3.0,16.0,13.0,12.647058823529411,5.212441862794288,2.0,6.0,4.0,2.9411764705882355,1.4741134218990195,0.6,1.85,1.25,0.8735294117647059,0.4325429754435232,1.14,3.44,2.3,2.8717647058823528,0.8859440647203122,90.2,5017.0,4926.8,1442.5529411764708,2125.193620000622,6800.0,8570.0,1770.0,8216.0,708.0,10.83,20.59,9.76,16.013529411764708,2.972182682170423,0.02658,54.0,53.97342,13.724644705882351,22.688152711480505,2.0,5.0,3.0,2.764705882352941,1.2616241523251304,-2.0,2.0,4.0,-1.5294117647058825,0.9772498662256558,7.3e-06,9.6e-06,2.299999999999999e-06,7.76e-06,9.199999999999996e-07,32.0,170.0,138.0,142.4,55.2,41.0,105.0,64.0,92.2,25.6,265.0,736.0,471.0,641.8,188.4,16.0,38.0,22.0,33.6,8.8,6.0,6.0,0.0,6.0,0.0,343.0,1320.0,977.0,1124.6,390.8,1.52e-07,6.43e-07,4.91e-07,2.502e-07,1.964e-07,22.98976928,1.8,0.93,5.13907696,1.16,0.0,0.055555555555555,0.055555555555555,0.0,0.0,0.0,0.0,0.0,0.0,0.0,0.0,3.371531496551714
Na,Na0-1NbO2,NbO2,NaNbO2,mp-aaaablhu,8.0,41.0,33.0,17.0,13.910427743243556,11.0,101.0,90.0,66.5,37.559952076646745,15.9994,92.90638,76.90698,36.97373732,32.41858082696784,54.8,2750.0,2695.2,807.6175,1128.8341919514796,1.0,16.0,15.0,9.5,6.652067347825035,2.0,5.0,3.0,3.0,1.224744871391589,0.6,1.8,1.2000000000000002,1.1125,0.5272274177240786,0.93,3.44,2.51,2.3525,1.1129998876909195,90.2,5017.0,4926.8,1588.35,2026.7877411066013,968.0,8570.0,7602.0,4769.0,3801.0,10.83,23.78,12.95,17.3325,4.578598994233936,0.02658,140.0,139.97342,48.51329,57.23164375259634,1.0,5.0,4.0,2.5,1.5,-2.0,-1.0,1.0,-1.5,0.5,7.3e-06,7.1e-05,6.37e-05,3.915e-05,3.185e-05,6.3,170.0,163.7,88.15,81.85000000000001,10.0,105.0,95.0,57.5,47.5,0.69,736.0,735.31,368.345,367.655,3.3,38.0,34.7,20.65,17.349999999999998,0.5,6.0,5.5,3.25,2.75,1320.0,1320.0,0.0,1320.0,0.0,4.77e-08,1.52e-07,1.0430000000000001e-07,9.985000000000001e-08,5.2150000000000014e-08,8.0,41.0,33.0,19.0,15.556349186104043,53.0,101.0,48.0,85.0,22.62741699796952,15.9994,92.90638,76.90698,41.63506,36.25429805238546,54.8,2750.0,2695.2,953.2,1270.5294644359883,5.0,16.0,11.0,12.333333333333332,5.185449728701348,2.0,5.0,3.0,3.0,1.4142135623730951,0.6,1.45,0.85,0.8833333333333333,0.4006938426723768,1.6,3.44,1.84,2.826666666666666,0.8673843182554982,90.2,5017.0,4926.8,1732.4666666666667,2322.515793033255,8570.0,8570.0,0.0,8570.0,0.0,10.83,17.36,6.529999999999999,15.183333333333332,3.078271520765436,0.02658,54.0,53.97342,18.01772,25.44331419055309,2.0,5.0,3.0,3.0,1.4142135623730951,-2.0,-1.0,1.0,-1.6666666666666663,0.4714045207910317,7.3e-06,7.3e-06,0.0,7.3e-06,0.0,170.0,170.0,0.0,170.0,0.0,105.0,105.0,0.0,105.0,0.0,736.0,736.0,0.0,736.0,0.0,38.0,38.0,0.0,38.0,0.0,6.0,6.0,0.0,6.0,0.0,1320.0,1320.0,0.0,1320.0,0.0,1.52e-07,1.52e-07,0.0,1.52e-07,0.0,22.98976928,1.8,0.93,5.13907696,1.16,0.0,0.25,0.25,0.0,0.0,0.0,0.0,0.0,0.0,0.0,0.0,2.268371046551721
Na,Na0-1NbO3,NbO3,NaNbO3,mp-aaacrlgz,8.0,41.0,33.0,15.200000000000005,12.952219886953742,11.0,101.0,90.0,73.39999999999999,36.31859028101174,15.9994,92.90638,76.90698,32.778869856,30.185413007441536,54.8,2750.0,2695.2,657.054,1053.6084550078365,1.0,16.0,15.0,10.8,6.49307323229917,2.0,5.0,3.0,2.8,1.16619037896906,0.6,1.8,1.2000000000000002,1.01,0.5141984052872977,0.93,3.44,2.51,2.5700000000000003,1.086388512457675,90.2,5017.0,4926.8,1288.72,1909.2949970080576,968.0,8570.0,7602.0,4769.0,3801.0,10.83,23.78,12.95,17.338,4.095238210409744,0.02658,140.0,139.97342,38.815948,54.74050241602772,1.0,5.0,4.0,2.4,1.3564659966250536,-2.0,-1.0,1.0,-1.6,0.4898979485566356,7.3e-06,7.1e-05,6.37e-05,3.915e-05,3.185e-05,6.3,170.0,163.7,88.15,81.85000000000001,10.0,105.0,95.0,57.5,47.5,0.69,736.0,735.31,368.345,367.655,3.3,38.0,34.7,20.65,17.349999999999998,0.5,6.0,5.5,3.25,2.75,1320.0,1320.0,0.0,1320.0,0.0,4.77e-08,1.52e-07,1.0430000000000001e-07,9.985000000000001e-08,5.2150000000000014e-08,8.0,41.0,33.0,16.25,14.289419162443238,53.0,101.0,48.0,89.0,20.784609690826528,15.9994,92.90638,76.90698,35.226145,33.30169920417087,54.8,2750.0,2695.2,728.6,1167.0558341399096,5.0,16.0,11.0,13.25,4.763139720814412,2.0,5.0,3.0,2.75,1.299038105676658,0.6,1.45,0.85,0.8125,0.3680607966083864,1.6,3.44,1.84,2.98,0.7967433714816834,90.2,5017.0,4926.8,1321.9,2133.366979682586,8570.0,8570.0,0.0,8570.0,0.0,10.83,17.36,6.529999999999999,15.7275,2.827572943356192,0.02658,54.0,53.97342,13.519935,23.371176424563547,2.0,5.0,3.0,2.75,1.299038105676658,-2.0,-1.0,1.0,-1.75,0.4330127018922193,7.3e-06,7.3e-06,0.0,7.3e-06,0.0,170.0,170.0,0.0,170.0,0.0,105.0,105.0,0.0,105.0,0.0,736.0,736.0,0.0,736.0,0.0,38.0,38.0,0.0,38.0,0.0,6.0,6.0,0.0,6.0,0.0,1320.0,1320.0,0.0,1320.0,0.0,1.52e-07,1.52e-07,0.0,1.52e-07,0.0,22.98976928,1.8,0.93,5.13907696,1.16,0.0,0.2,0.2,0.0,0.0,0.0,0.0,0.0,0.0,0.0,0.0,4.182213449051726
Na,Na0-0.5Nb2(PO4)3,Nb2(PO4)3,NaNb4(PO4)6,mp-aaaaazne,8.0,41.0,33.0,13.057142857142855,10.370129788808562,11.0,101.0,90.0,91.05714285714284,20.41140137576176,15.9994,92.90638,76.90698,27.55552746514286,24.12997293688768,54.8,2750.0,2695.2,416.8534285714286,844.8475082182172,1.0,16.0,15.0,14.142857142857142,4.120630029101702,2.0,5.0,3.0,2.5428571428571427,0.9663734014450148,0.6,1.8,1.2000000000000002,0.8,0.3333809489800777,0.93,3.44,2.51,2.943714285714286,0.767128544692239,90.2,5017.0,4926.8,762.5371428571428,1546.2078557528534,968.0,8570.0,7602.0,4198.727272727273,3312.979710469636,10.83,23.78,12.95,16.738857142857142,2.384293571843596,0.02658,140.0,139.97342,10.230112,28.08223608733798,1.0,5.0,4.0,2.8285714285714287,1.383282107075452,-3.0,-1.0,2.0,-2.0285714285714285,0.5598833697790121,7.3e-06,7.1e-05,6.37e-05,2.004e-05,2.548e-05,6.3,170.0,163.7,68.39090909090909,76.82045720137377,10.0,105.0,95.0,86.0,38.0,0.69,736.0,735.31,588.9380000000001,294.124,3.3,38.0,34.7,31.06,13.88,0.5,6.0,5.5,4.9,2.2,1320.0,1320.0,0.0,1320.0,0.0,4.77e-08,1.52e-07,1.0430000000000001e-07,1.1415454545454548e-07,3.211828603024547e-08,8.0,41.0,33.0,13.117647058823527,10.515436009204176,53.0,101.0,48.0,93.41176470588236,15.324178602032465,15.9994,92.90638,76.90698,27.68981447058823,24.46936050386948,54.8,2750.0,2695.2,418.2058823529412,857.1443570303239,5.0,16.0,11.0,14.529411764705884,3.4998764189749454,2.0,5.0,3.0,2.5294117647058822,0.977249866225656,0.6,1.45,0.85,0.7705882352941176,0.2900602490809208,1.6,3.44,1.84,3.002941176470588,0.6949969505297665,90.2,5017.0,4926.8,750.9647058823529,1567.2868024414888,1823.0,8570.0,6747.0,4521.799999999999,3305.3414589116205,10.83,17.36,6.529999999999999,16.531764705882352,2.085905742876722,0.02658,54.0,53.97342,6.413350588235294,17.37636570664353,2.0,5.0,3.0,2.882352941176471,1.3669352986614411,-3.0,-1.0,2.0,-2.058823529411765,0.5391265523477459,7.3e-06,7.3e-06,0.0,7.3e-06,0.0,11.0,170.0,159.0,74.6,77.89377382050506,105.0,105.0,0.0,105.0,0.0,736.0,736.0,0.0,736.0,0.0,38.0,38.0,0.0,38.0,0.0,6.0,6.0,0.0,6.0,0.0,1320.0,1320.0,0.0,1320.0,0.0,1e-07,1.52e-07,5.2000000000000016e-08,1.208e-07,2.5474693324945062e-08,22.98976928,1.8,0.93,5.13907696,1.16,0.0,0.028571428571428,0.028571428571428,0.0,0.0,0.0,0.0,0.0,0.0,0.0,0.0,1.630641366551746
Na,Na0-1ZrNb(PO4)3,ZrNb(PO4)3,NaZrNb(PO4)3,mp-aaafykox,8.0,41.0,33.0,12.944444444444445,10.08008058952695,11.0,101.0,90.0,88.61111111111111,24.3906605279081,15.9994,92.90638,76.90698,27.33523529333333,23.548959543087904,54.8,2750.0,2695.2,381.0205555555556,743.614407221558,1.0,16.0,15.0,13.72222222222222,4.711753100911657,2.0,5.0,3.0,2.555555555555556,0.955813918560292,0.6,1.8,1.2000000000000002,0.8333333333333333,0.3774917217635374,0.93,3.44,2.51,2.872777777777777,0.8509459152127613,90.2,5017.0,4926.8,754.8555555555555,1475.284475475915,968.0,8570.0,7602.0,3586.333333333333,2874.4365051644854,10.83,23.78,12.95,17.111666666666665,2.288250787537648,0.02658,140.0,139.97342,12.11260888888889,33.668564527565685,1.0,5.0,4.0,2.7222222222222223,1.3252067157640626,-3.0,1.0,4.0,-1.8888888888888888,0.87488976377909,5.7e-06,7.1e-05,6.53e-05,2.8e-05,3.0412607035021956e-05,6.3,170.0,163.7,41.86,64.09585322000167,10.0,105.0,95.0,61.0,39.098167049961134,0.69,736.0,735.31,462.23,328.2411498679997,3.3,38.0,34.7,24.766666666666666,15.315859608770104,0.5,6.0,5.5,3.833333333333333,2.392116682401221,903.0,1320.0,417.0,1111.5,208.5,4.77e-08,4.21e-07,3.7330000000000004e-07,1.5345e-07,1.2338211310126496e-07,8.0,41.0,33.0,13.058823529411764,10.360959461790117,49.0,101.0,52.0,93.1764705882353,15.96037480806265,15.9994,92.90638,76.90698,27.59085094117647,24.20739930163869,54.8,2750.0,2695.2,381.61764705882354,765.1687189843236,4.0,16.0,12.0,14.47058823529412,3.6640968240935146,2.0,5.0,3.0,2.5294117647058822,0.977249866225656,0.6,1.55,0.95,0.776470588235294,0.3044366287089219,1.33,3.44,2.11,2.987058823529412,0.7291232826111608,90.2,5017.0,4926.8,731.2588235294116,1514.7505044255438,1823.0,8570.0,6747.0,4110.0,2875.674112273503,10.83,17.36,6.529999999999999,16.71941176470588,1.6656970651360252,0.02658,54.0,53.97342,4.589821176470588,13.475567809957957,2.0,5.0,3.0,2.823529411764706,1.2941176470588236,-3.0,1.0,4.0,-1.9411764705882355,0.8724939396583133,5.7e-06,7.3e-06,1.6000000000000008e-06,6.5e-06,8.000000000000004e-07,11.0,170.0,159.0,50.75,68.84901960086287,68.0,105.0,37.0,86.5,18.5,650.0,736.0,86.0,693.0,43.0,33.0,38.0,5.0,35.5,2.5,5.0,6.0,1.0,5.5,0.5,903.0,1320.0,417.0,1111.5,208.5,1e-07,4.21e-07,3.210000000000001e-07,1.746e-07,1.248352514316369e-07,22.98976928,1.8,0.93,5.13907696,1.16,0.0,0.055555555555555,0.055555555555555,0.0,0.0,0.0,0.0,0.0,0.0,0.0,0.0,1.681804594885026
Na,Na0-1PrNb4O12,PrNb4O12,NaPrNb4O12,mp-aaacrkjq,8.0,59.0,51.0,18.33333333333333,16.73983937265296,11.0,101.0,90.0,81.44444444444444,29.185655194560947,15.9994,140.90765,124.90825,40.4175410711111,39.845011838217566,54.8,2750.0,2695.2,735.3594444444444,1109.2861020417702,1.0,16.0,15.0,12.0,5.725188012439222,2.0,6.0,4.0,2.9444444444444446,1.4326441064697364,0.6,1.85,1.25,0.9249999999999998,0.4708886398195555,0.93,3.44,2.51,2.7633333333333328,0.9700171819784088,90.2,5017.0,4926.8,1437.188888888889,2076.7346061355524,968.0,8570.0,7602.0,6981.333333333333,2780.0519579477086,10.83,23.78,12.95,16.456666666666663,3.4068998615554675,0.02658,140.0,139.97342,20.51772,36.40468946134519,1.0,5.0,4.0,2.7222222222222223,1.3252067157640626,-2.0,2.0,4.0,-1.5,0.957427107756338,6.7e-06,7.1e-05,6.43e-05,1.781666666666667e-05,2.378531876786369e-05,6.3,170.0,163.7,119.21666666666668,72.11681303428641,10.0,105.0,95.0,77.83333333333333,39.20211162113025,0.69,736.0,735.31,570.9483333333333,271.4938550818825,3.3,38.0,34.7,28.383333333333333,14.01313867609807,0.5,6.0,5.5,4.9,2.2,400.0,1320.0,920.0,1136.0,368.0,4.77e-08,7e-07,6.523e-07,2.2595e-07,2.153953245391676e-07,8.0,59.0,51.0,18.764705882352946,17.127650200307194,31.0,101.0,70.0,85.58823529411765,24.348109779344053,15.9994,140.90765,124.90825,41.442704117647054,40.76882884649511,54.8,2750.0,2695.2,756.7999999999998,1137.81561620088,3.0,16.0,13.0,12.647058823529411,5.212441862794288,2.0,6.0,4.0,2.9411764705882355,1.4741134218990195,0.6,1.85,1.25,0.8735294117647059,0.4325429754435232,1.13,3.44,2.31,2.871176470588235,0.8870962700787007,90.2,5017.0,4926.8,1453.729411764706,2135.7897152946675,6640.0,8570.0,1930.0,8183.999999999999,772.0,10.83,20.8,9.97,16.025882352941178,2.9915509627331702,0.02658,54.0,53.97342,13.489350588235292,22.673701571213044,2.0,5.0,3.0,2.823529411764706,1.2941176470588236,-2.0,2.0,4.0,-1.5294117647058825,0.9772498662256558,6.7e-06,7.3e-06,6.000000000000002e-07,7.18e-06,2.400000000000001e-07,29.0,170.0,141.0,141.8,56.4,37.0,105.0,68.0,91.4,27.2,481.0,736.0,255.0,685.0,102.0,15.0,38.0,23.0,33.4,9.2,6.0,6.0,0.0,6.0,0.0,400.0,1320.0,920.0,1136.0,368.0,1.52e-07,7e-07,5.48e-07,2.616e-07,2.1920000000000003e-07,22.98976928,1.8,0.93,5.13907696,1.16,0.0,0.055555555555555,0.055555555555555,0.0,0.0,0.0,0.0,0.0,0.0,0.0,0.0,3.386346986551732
Na,Na0-1NbWO7,NbWO7,NaNbWO7,mp-aaacrlod,8.0,74.0,66.0,18.200000000000003,21.00856968001392,11.0,101.0,90.0,82.6,30.223169919781743,15.9994,183.84,167.8406,41.173194928,52.722686135079634,54.8,3695.0,3640.2,719.947,1272.4328669446572,1.0,16.0,15.0,12.4,5.624944444170094,2.0,6.0,4.0,2.8,1.4,0.6,1.8,1.2000000000000002,0.88,0.4405678154382138,0.93,3.44,2.51,2.897,0.8890224969031998,90.2,5828.0,5737.8,1263.2400000000002,2111.194171647885,968.0,19250.0,18282.0,9596.0,7498.772699582246,9.47,23.78,14.31,16.56,3.737772063676436,0.02658,170.0,169.97342,36.418606,61.76799844226979,1.0,6.0,5.0,2.6,1.4966629547095769,-2.0,-1.0,1.0,-1.7999999999999998,0.4,4.5e-06,7.1e-05,6.65e-05,2.76e-05,3.070971616063338e-05,6.3,310.0,303.7,162.1,124.11078384518676,10.0,411.0,401.0,175.33333333333334,171.09516520216332,0.69,2570.0,2569.31,1102.23,1080.4109646179395,3.3,161.0,157.7,67.43333333333334,67.66123130879471,0.5,7.5,7.0,4.666666666666666,3.009245014211298,1320.0,3430.0,2110.0,2375.0,1055.0,4.77e-08,1.52e-07,1.0430000000000001e-07,8.416666666666667e-08,4.8010577538242097e-08,8.0,74.0,66.0,19.0,22.0,53.0,101.0,48.0,90.55555555555556,19.54545193537424,15.9994,183.84,167.8406,43.19357555555556,55.20612075945024,54.8,3695.0,3640.2,758.7333333333333,1335.642160993064,5.0,16.0,11.0,13.666666666666668,4.371625682868,2.0,6.0,4.0,2.7777777777777777,1.4740554623801776,0.6,1.45,0.85,0.7777777777777778,0.3334259130694146,1.6,3.44,1.84,3.1155555555555554,0.63286142262498,90.2,5828.0,5737.8,1275.1555555555556,2225.075031499493,8570.0,19250.0,10680.0,13910.0,5340.0,9.47,17.36,7.889999999999999,15.75777777777778,3.014574883527536,0.02658,170.0,169.97342,24.909562222222224,53.98727044874144,2.0,6.0,4.0,2.7777777777777777,1.4740554623801776,-2.0,-1.0,1.0,-1.8888888888888888,0.3142696805273544,4.5e-06,7.3e-06,2.8000000000000003e-06,5.9e-06,1.4e-06,170.0,310.0,140.0,240.0,70.0,105.0,411.0,306.0,258.0,153.0,736.0,2570.0,1834.0,1653.0,917.0,38.0,161.0,123.0,99.5,61.5,6.0,7.5,1.5,6.75,0.75,1320.0,3430.0,2110.0,2375.0,1055.0,5.28e-08,1.52e-07,9.920000000000001e-08,1.024e-07,4.9600000000000014e-08,22.98976928,1.8,0.93,5.13907696,1.16,0.0,0.1,0.1,0.0,0.0,0.0,0.0,0.0,0.0,0.0,0.0,4.744879521551713
Na,Na0-0.67NbS2,NbS2,Na2(NbS2)3,mp-aaacjawe,11.0,41.0,30.0,21.909090909090907,11.835651423901396,11.0,94.0,83.0,67.72727272727272,31.94908138981296,22.98976928,92.90638,69.91661072,47.00806168727273,28.30594888915442,370.87,2750.0,2379.13,1029.2636363636364,1053.751311305322,1.0,16.0,15.0,10.272727272727272,6.411508248183802,3.0,5.0,2.0,3.545454545454545,0.8907235428302466,1.0,1.8,0.8,1.268181818181818,0.3157046428033698,0.93,2.58,1.65,2.0127272727272727,0.6596430289329485,717.87,5017.0,4299.13,1970.02,1872.887809507019,968.0,8570.0,7602.0,3582.363636363636,3076.180136371236,10.83,23.78,12.95,15.748181818181818,4.283916683218797,0.205,140.0,139.795,40.29363636363637,52.300620285340834,1.0,6.0,5.0,4.818181818181818,1.849726359034164,-2.0,-1.0,1.0,-1.5454545454545454,0.4979295977319691,7.3e-06,7.1e-05,6.37e-05,3.278e-05,3.120649932305769e-05,6.3,170.0,163.7,51.70909090909091,72.4399369326749,10.0,105.0,95.0,67.0,46.54030511288038,0.69,736.0,735.31,441.876,360.22686055317973,3.3,38.0,34.7,24.12,16.999458814915254,0.5,6.0,5.5,2.818181818181818,2.025661814105199,1320.0,1320.0,0.0,1320.0,0.0,4.77e-08,2000000000000000.0,2000000000000000.0,1090909090909090.8,995859195463938.4,16.0,41.0,25.0,24.33333333333333,11.785113019775793,53.0,94.0,41.0,80.33333333333333,19.327585352432298,32.065,92.90638,60.84138,52.34546,28.68090158316506,388.36,2750.0,2361.64,1175.5733333333333,1113.287772480932,5.0,16.0,11.0,12.333333333333332,5.185449728701348,3.0,5.0,2.0,3.6666666666666665,0.9428090415820634,1.0,1.45,0.4499999999999999,1.15,0.2121320343559642,1.6,2.58,0.98,2.2533333333333334,0.461976430375211,717.87,5017.0,4299.13,2150.9133333333334,2026.629317468348,1960.0,8570.0,6610.0,4163.333333333333,3115.983882428719,10.83,15.53,4.699999999999999,13.963333333333331,2.2156012477178484,0.205,54.0,53.795,18.136666666666667,25.359206195953547,5.0,6.0,1.0,5.666666666666666,0.4714045207910317,-2.0,-1.0,1.0,-1.6666666666666663,0.4714045207910317,7.3e-06,7.3e-06,0.0,7.3e-06,0.0,7.7,170.0,162.3,61.8,76.50895372438444,105.0,105.0,0.0,105.0,0.0,736.0,736.0,0.0,736.0,0.0,38.0,38.0,0.0,38.0,0.0,2.0,6.0,4.0,3.333333333333333,1.8856180831641267,1320.0,1320.0,0.0,1320.0,0.0,1.52e-07,2000000000000000.0,2000000000000000.0,1333333333333333.2,942809041582063.4,22.98976928,1.8,0.93,5.13907696,1.16,0.0,0.181818181818181,0.181818181818181,0.0,0.0,0.0,0.0,0.0,0.0,0.0,0.0,2.107033556551725
Na,Na0-0.5Nb3S4,Nb3S4,Na(Nb3S4)2,mp-aaaaasrr,11.0,41.0,30.0,25.66666666666667,12.578641509408806,11.0,94.0,83.0,72.06666666666666,25.506774699196203,22.98976928,92.90638,69.91661072,55.79653661866666,30.38049097716151,370.87,2750.0,2379.13,1331.85,1157.9224538284072,1.0,16.0,15.0,10.6,5.851495535331118,3.0,5.0,2.0,3.8,0.9797958971132712,1.0,1.8,0.8,1.2333333333333334,0.2631011634756148,0.93,2.58,1.65,2.0780000000000003,0.5600499977680564,717.87,5017.0,4299.13,2466.730666666667,2085.0158427390643,968.0,8570.0,7602.0,4537.866666666667,3301.067662977473,10.83,23.78,12.95,14.2,3.4065525095028257,0.205,140.0,139.795,31.04266666666667,38.85153698661383,1.0,6.0,5.0,5.266666666666668,1.2364824660660938,-2.0,-1.0,1.0,-1.5333333333333332,0.4988876515698588,7.3e-06,7.1e-05,6.37e-05,1.64e-05,2.229035665932692e-05,6.3,170.0,163.7,72.52666666666667,79.58737309118548,10.0,105.0,95.0,91.42857142857144,33.24307508062885,0.69,736.0,735.31,630.9557142857143,257.3049003951284,3.3,38.0,34.7,33.042857142857144,12.142470582082325,0.5,6.0,5.5,3.5,2.073644135332772,1320.0,1320.0,0.0,1320.0,0.0,4.77e-08,2000000000000000.0,2000000000000000.0,1066666666666666.6,997775303139717.8,16.0,41.0,25.0,26.71428571428571,12.371791482634835,53.0,94.0,41.0,76.42857142857142,20.289738031521136,32.065,92.90638,60.84138,58.139877142857145,30.108674675029985,388.36,2750.0,2361.64,1400.4914285714283,1168.7087054819897,5.0,16.0,11.0,11.285714285714285,5.443588252359328,3.0,5.0,2.0,3.8571428571428568,0.989743318610787,1.0,1.45,0.4499999999999999,1.1928571428571426,0.222692246687427,1.6,2.58,0.98,2.16,0.4849742261192856,717.87,5017.0,4299.13,2560.3542857142857,2127.5175966695965,1960.0,8570.0,6610.0,4792.857142857143,3271.101668008651,10.83,15.53,4.699999999999999,13.515714285714283,2.325896798735349,0.205,54.0,53.795,23.26,26.621620912333643,5.0,6.0,1.0,5.571428571428571,0.4948716593053935,-2.0,-1.0,1.0,-1.5714285714285714,0.4948716593053935,7.3e-06,7.3e-06,0.0,7.3e-06,0.0,7.7,170.0,162.3,77.25714285714285,80.31767030526537,105.0,105.0,0.0,105.0,0.0,736.0,736.0,0.0,736.0,0.0,38.0,38.0,0.0,38.0,0.0,2.0,6.0,4.0,3.714285714285714,1.979486637221574,1320.0,1320.0,0.0,1320.0,0.0,1.52e-07,2000000000000000.0,2000000000000000.0,1142857142857142.8,989743318610787.0,22.98976928,1.8,0.93,5.13907696,1.16,0.0,0.066666666666666,0.066666666666666,0.0,0.0,0.0,0.0,0.0,0.0,0.0,0.0,0.976272626551722
Na,Na0-1NbS2,NbS2,NaNbS2,mp-aaaaaovx,11.0,41.0,30.0,21.0,11.726039399558577,11.0,94.0,83.0,63.0,34.37295448459442,22.98976928,92.90638,69.91661072,45.00653732,27.90205987067004,370.87,2750.0,2379.13,974.3975,1025.1694474664907,1.0,16.0,15.0,9.5,6.652067347825035,3.0,5.0,2.0,3.5,0.8660254037844386,1.0,1.8,0.8,1.3125,0.3361082414937188,0.93,2.58,1.65,1.9225,0.6988696230342252,717.87,5017.0,4299.13,1902.185,1807.212534325999,968.0,8570.0,7602.0,3364.5,3032.5600983327604,10.83,23.78,12.95,16.4175,4.66373978154871,0.205,140.0,139.795,48.6025,57.156084595168,1.0,6.0,5.0,4.5,2.0615528128088303,-2.0,-1.0,1.0,-1.5,0.5,7.3e-06,7.1e-05,6.37e-05,3.915e-05,3.185e-05,6.3,170.0,163.7,47.925,70.48235151440394,10.0,105.0,95.0,57.5,47.5,0.69,736.0,735.31,368.345,367.655,3.3,38.0,34.7,20.65,17.349999999999998,0.5,6.0,5.5,2.625,2.042516829796024,1320.0,1320.0,0.0,1320.0,0.0,4.77e-08,2000000000000000.0,2000000000000000.0,1000000000000000.0,1000000000000000.0,16.0,41.0,25.0,24.33333333333333,11.785113019775793,53.0,94.0,41.0,80.33333333333333,19.327585352432298,32.065,92.90638,60.84138,52.34546,28.68090158316506,388.36,2750.0,2361.64,1175.5733333333333,1113.287772480932,5.0,16.0,11.0,12.333333333333332,5.185449728701348,3.0,5.0,2.0,3.6666666666666665,0.9428090415820634,1.0,1.45,0.4499999999999999,1.15,0.2121320343559642,1.6,2.58,0.98,2.2533333333333334,0.461976430375211,717.87,5017.0,4299.13,2150.9133333333334,2026.629317468348,1960.0,8570.0,6610.0,4163.333333333333,3115.983882428719,10.83,15.53,4.699999999999999,13.963333333333331,2.2156012477178484,0.205,54.0,53.795,18.136666666666667,25.359206195953547,5.0,6.0,1.0,5.666666666666666,0.4714045207910317,-2.0,-1.0,1.0,-1.6666666666666663,0.4714045207910317,7.3e-06,7.3e-06,0.0,7.3e-06,0.0,7.7,170.0,162.3,61.8,76.50895372438444,105.0,105.0,0.0,105.0,0.0,736.0,736.0,0.0,736.0,0.0,38.0,38.0,0.0,38.0,0.0,2.0,6.0,4.0,3.333333333333333,1.8856180831641267,1320.0,1320.0,0.0,1320.0,0.0,1.52e-07,2000000000000000.0,2000000000000000.0,1333333333333333.2,942809041582063.4,22.98976928,1.8,0.93,5.13907696,1.16,0.0,0.25,0.25,0.0,0.0,0.0,0.0,0.0,0.0,0.0,0.0,1.788391416551725
Na,Na0-1NbSe2,NbSe2,NaNbSe2,mp-aaaaadgx,11.0,41.0,30.0,30.0,11.335784048754634,11.0,93.0,82.0,62.5,33.92270625996694,22.98976928,92.90638,69.91661072,68.45403732,26.85920342554959,370.87,2750.0,2379.13,1027.2175,995.9183434994808,1.0,16.0,15.0,9.5,6.652067347825035,3.0,5.0,2.0,4.0,0.7071067811865476,1.15,1.8,0.6500000000000001,1.3875,0.2678035660703569,0.93,2.55,1.6199999999999997,1.9075,0.6847764233675104,958.0,5017.0,4059.0,2022.25,1730.9081973056802,968.0,8570.0,7602.0,4794.0,2687.829142635372,10.83,23.78,12.95,16.8625,4.59984986168027,0.52,140.0,139.48,48.76,57.02278141234432,1.0,6.0,5.0,4.5,2.0615528128088303,-2.0,-1.0,1.0,-1.5,0.5,7.3e-06,7.1e-05,6.37e-05,3.915e-05,3.185e-05,6.3,170.0,163.7,48.225,70.31156999384952,10.0,105.0,95.0,33.75,41.13620667976084,0.69,736.0,735.31,552.1725,318.3985698283678,3.3,38.0,34.7,12.175,14.910964925181736,0.5,6.0,5.5,2.625,2.042516829796024,1320.0,1320.0,0.0,1320.0,0.0,4.77e-08,1.52e-07,1.0430000000000001e-07,9.985000000000001e-08,5.2150000000000014e-08,34.0,41.0,7.0,36.33333333333333,3.2998316455372216,53.0,93.0,40.0,79.66666666666666,18.856180831641268,78.96,92.90638,13.946380000000005,83.60879333333332,6.57438658066963,494.0,2750.0,2256.0,1246.0,1063.4885989045674,5.0,16.0,11.0,12.333333333333332,5.185449728701348,4.0,5.0,1.0,4.333333333333333,0.4714045207910317,1.15,1.45,0.3,1.25,0.1414213562373095,1.6,2.55,0.9499999999999996,2.233333333333333,0.4478342947514799,958.0,5017.0,4059.0,2311.0,1913.4309498907976,4819.0,8570.0,3751.0,6069.333333333333,1768.2383574871596,10.83,16.42,5.590000000000002,14.556666666666668,2.635151271221868,0.52,54.0,53.48,18.346666666666668,25.210713771904373,5.0,6.0,1.0,5.666666666666666,0.4714045207910317,-2.0,-1.0,1.0,-1.6666666666666663,0.4714045207910317,7.3e-06,7.3e-06,0.0,7.3e-06,0.0,8.3,170.0,161.7,62.2,76.22611101190982,10.0,105.0,95.0,41.66666666666666,44.783429475148,736.0,736.0,0.0,736.0,0.0,3.7,38.0,34.3,15.133333333333333,16.16917506313239,2.0,6.0,4.0,3.333333333333333,1.8856180831641267,1320.0,1320.0,0.0,1320.0,0.0,1.52e-07,1.52e-07,0.0,1.52e-07,0.0,22.98976928,1.8,0.93,5.13907696,1.16,0.0,0.25,0.25,0.0,0.0,0.0,0.0,0.0,0.0,0.0,0.0,1.489200091551723
Na,Na0-0.5Nb3Se4,Nb3Se4,Na(Nb3Se4)2,mp-aaaaaavp,11.0,41.0,30.0,35.266666666666666,7.298097164482138,11.0,93.0,82.0,71.53333333333333,25.04892989508512,22.98976928,92.90638,69.91661072,80.80720328533333,16.829524488858336,370.87,2750.0,2379.13,1388.1913333333334,1112.3160488450314,1.0,16.0,15.0,10.6,5.851495535331118,3.0,5.0,2.0,4.333333333333334,0.5962847939999439,1.15,1.8,0.6500000000000001,1.3133333333333332,0.1936204764194348,0.93,2.55,1.6199999999999997,2.0620000000000003,0.5457252055751135,958.0,5017.0,4059.0,2594.8,1978.3052747237973,968.0,8570.0,7602.0,6062.666666666666,2251.660207244621,10.83,23.78,12.95,14.674666666666669,3.61446513639601,0.52,140.0,139.48,31.210666666666672,38.71827948427232,1.0,6.0,5.0,5.266666666666668,1.2364824660660938,-2.0,-1.0,1.0,-1.5333333333333332,0.4988876515698588,7.3e-06,7.1e-05,6.37e-05,1.64e-05,2.229035665932692e-05,6.3,170.0,163.7,72.84666666666666,79.32685855931072,10.0,105.0,95.0,48.0,46.54030511288038,0.69,736.0,735.31,686.9793333333333,183.41853953791644,3.3,38.0,34.7,17.393333333333334,16.825554638373408,0.5,6.0,5.5,3.5,2.073644135332772,1320.0,1320.0,0.0,1320.0,0.0,4.77e-08,1.52e-07,1.0430000000000001e-07,1.371e-07,3.649739716746936e-08,34.0,41.0,7.0,37.0,3.4641016151377544,53.0,93.0,40.0,75.85714285714285,19.79486637221574,78.96,92.90638,13.946380000000005,84.93701999999999,6.901668211903556,494.0,2750.0,2256.0,1460.857142857143,1116.4304633929678,5.0,16.0,11.0,11.285714285714285,5.443588252359328,4.0,5.0,1.0,4.428571428571429,0.4948716593053935,1.15,1.45,0.3,1.2785714285714285,0.148461497791618,1.6,2.55,0.9499999999999996,2.1428571428571423,0.4701280763401237,958.0,5017.0,4059.0,2697.5714285714284,2008.684065120592,4819.0,8570.0,3751.0,6426.571428571428,1856.263594054531,10.83,16.42,5.590000000000002,14.024285714285714,2.7663325755171506,0.52,54.0,53.48,23.44,26.465736339652445,5.0,6.0,1.0,5.571428571428571,0.4948716593053935,-2.0,-1.0,1.0,-1.5714285714285714,0.4948716593053935,7.3e-06,7.3e-06,0.0,7.3e-06,0.0,8.3,170.0,161.7,77.6,80.02074730968214,10.0,105.0,95.0,50.71428571428572,47.01280763401238,736.0,736.0,0.0,736.0,0.0,3.7,38.0,34.3,18.4,16.974097914174997,2.0,6.0,4.0,3.714285714285714,1.979486637221574,1320.0,1320.0,0.0,1320.0,0.0,1.52e-07,1.52e-07,0.0,1.52e-07,0.0,22.98976928,1.8,0.93,5.13907696,1.16,0.0,0.066666666666666,0.066666666666666,0.0,0.0,0.0,0.0,0.0,0.0,0.0,0.0,0.8024059965517301
Na,Na0.5-0.67NbSe2,Na(NbSe2)2,Na2(NbSe2)3,mp-aaacrmuu,11.0,41.0,30.0,31.727272727272727,10.216661161517308,11.0,93.0,82.0,67.18181818181819,31.501278998040647,22.98976928,92.90638,69.91661072,72.58715259636364,24.12485134138443,370.87,2750.0,2379.13,1086.8854545454546,1019.4599822487452,1.0,16.0,15.0,10.272727272727272,6.411508248183802,3.0,5.0,2.0,4.090909090909091,0.668042657122685,1.15,1.8,0.6500000000000001,1.35,0.2477168471534311,0.93,2.55,1.6199999999999997,1.996363636363636,0.6455902546193707,958.0,5017.0,4059.0,2101.0,1787.1743059925632,968.0,8570.0,7602.0,5141.818181818182,2535.6383029339545,10.83,23.78,12.95,16.233636363636364,4.282113481421131,0.52,140.0,139.48,40.46545454545455,52.16899050439767,1.0,6.0,5.0,4.818181818181818,1.849726359034164,-2.0,-1.0,1.0,-1.5454545454545454,0.4979295977319691,7.3e-06,7.1e-05,6.37e-05,3.278e-05,3.120649932305769e-05,6.3,170.0,163.7,52.03636363636363,72.24145464063581,10.0,105.0,95.0,35.90909090909091,42.30936828443671,0.69,736.0,735.31,602.3072727272727,283.60510214960743,3.3,38.0,34.7,12.98181818181818,15.321156981105226,0.5,6.0,5.5,2.818181818181818,2.025661814105199,1320.0,1320.0,0.0,1320.0,0.0,4.77e-08,1.52e-07,1.0430000000000001e-07,1.1028e-07,5.109635603445711e-08,11.0,41.0,30.0,32.71428571428571,9.376479475098252,11.0,93.0,82.0,69.85714285714286,29.70054627409388,22.98976928,92.90638,69.91661072,74.9489327542857,22.068235523715774,370.87,2750.0,2379.13,1120.9814285714283,1031.122343751542,1.0,16.0,15.0,10.714285714285714,6.226998490772391,3.0,5.0,2.0,4.142857142857142,0.6388765649999398,1.15,1.8,0.6500000000000001,1.3285714285714283,0.2327738676685761,0.93,2.55,1.6199999999999997,2.0471428571428567,0.616365250844805,958.0,5017.0,4059.0,2146.0,1817.0131692265904,968.0,8570.0,7602.0,5340.571428571428,2422.0990222262567,10.83,23.78,12.95,15.874285714285714,4.045829800610773,0.52,140.0,139.48,35.72571428571429,48.54864272257343,1.0,6.0,5.0,5.0,1.6903085094570331,-2.0,-1.0,1.0,-1.5714285714285714,0.4948716593053935,7.3e-06,7.1e-05,6.37e-05,2.8533333333333333e-05,3.002846797438872e-05,6.3,170.0,163.7,54.21428571428571,73.23243677441279,10.0,105.0,95.0,37.14285714285714,42.91662538799943,0.69,736.0,735.31,630.9557142857143,257.3049003951284,3.3,38.0,34.7,13.44285714285714,15.531889512764849,0.5,6.0,5.5,2.9285714285714284,2.0076384746507423,1320.0,1320.0,0.0,1320.0,0.0,4.77e-08,1.52e-07,1.0430000000000001e-07,1.1723333333333334e-07,4.9167491518504615e-08,22.98976928,1.8,0.93,5.13907696,1.16,0.142857142857142,0.181818181818181,0.038961038961039,0.0,0.0,0.0,0.0,0.0,0.0,0.0,0.0,1.388520896551729
Na,Na0-0.5Nb3Te4,Nb3Te4,Na(Nb3Te4)2,mp-aaaaaley,11.0,52.0,41.0,44.866666666666674,10.468152760741612,11.0,92.0,81.0,71.0,24.59268183830304,22.98976928,127.6,104.61023072,106.74853661866666,27.86088190321304,370.87,2750.0,2379.13,1510.1433333333334,1015.9544298682345,1.0,16.0,15.0,10.6,5.851495535331118,3.0,5.0,2.0,4.866666666666667,0.4988876515698588,1.4,1.8,0.4000000000000001,1.4466666666666663,0.097410927974683,0.93,2.1,1.17,1.8220000000000005,0.3376033175192447,1156.0,5017.0,3861.0,2756.4,1845.9491433948008,968.0,8570.0,7602.0,6820.533333333333,1920.2794889170573,10.83,23.78,12.95,16.829333333333334,4.964659728744985,3.0,140.0,137.0,32.53333333333334,37.675574168005575,1.0,6.0,5.0,5.266666666666668,1.2364824660660938,-2.0,-1.0,1.0,-1.5333333333333332,0.4988876515698588,7.3e-06,7.1e-05,6.37e-05,1.64e-05,2.229035665932692e-05,6.3,170.0,163.7,103.08666666666667,56.47228071265485,10.0,105.0,95.0,65.6,33.15780451115544,0.69,736.0,735.31,390.446,285.500180077001,3.3,38.0,34.7,23.953333333333333,11.878432369448232,0.5,6.0,5.5,3.6333333333333337,1.978776277287444,1320.0,1320.0,0.0,1320.0,0.0,4.77e-08,0.0001,9.99523e-05,5.339731333333333e-05,4.982037389864869e-05,41.0,52.0,11.0,47.28571428571428,5.443588252359328,53.0,92.0,39.0,75.28571428571428,19.299994712910348,92.90638,127.6,34.69362,112.73130571428572,17.168889296710784,722.66,2750.0,2027.34,1591.5199999999998,1003.2731097761964,5.0,16.0,11.0,11.285714285714285,5.443588252359328,5.0,5.0,0.0,5.0,0.0,1.4,1.45,0.05,1.4214285714285713,0.0247435829652696,1.6,2.1,0.5,1.8857142857142857,0.2474358296526967,1261.0,5017.0,3756.0,2870.7142857142853,1858.737952351058,6240.0,8570.0,2330.0,7238.5714285714275,1153.0509661815668,10.83,20.46,9.63,16.332857142857144,4.765614079110939,3.0,54.0,51.0,24.857142857142858,25.23845462457507,5.0,6.0,1.0,5.571428571428571,0.4948716593053935,-2.0,-1.0,1.0,-1.5714285714285714,0.4948716593053935,7.3e-06,7.3e-06,0.0,7.3e-06,0.0,65.0,170.0,105.0,110.0,51.96152422706632,43.0,105.0,62.0,69.57142857142857,30.6820428769344,180.0,736.0,556.0,418.2857142857142,275.1486425737988,16.0,38.0,22.0,25.428571428571427,10.887176504718656,2.25,6.0,3.75,3.8571428571428568,1.8557687223952253,1320.0,1320.0,0.0,1320.0,0.0,1.52e-07,0.0001,9.9848e-05,5.7208e-05,4.941194543832493e-05,22.98976928,1.8,0.93,5.13907696,1.16,0.0,0.066666666666666,0.066666666666666,0.0,0.0,0.0,0.0,0.0,0.0,0.0,0.0,0.6051655965517181
Na,Na4-5NiO4,Na4NiO4,Na5NiO4,mp-aaacoyfq,8.0,28.0,20.0,11.5,5.678908345800274,11.0,101.0,90.0,52.60000000000001,42.69707249917727,15.9994,58.6934,42.694,23.76398464,12.100480168309849,54.8,1728.0,1673.2,380.155,473.3435015134358,1.0,16.0,15.0,7.9,7.105631569396206,2.0,4.0,2.0,2.7,0.6403124237432849,0.6,1.8,1.2000000000000002,1.275,0.5662375826453063,0.93,3.44,2.51,2.032,1.1839239840462732,90.2,3186.0,3095.8,932.68,903.6537133216464,968.0,8908.0,7940.0,2291.333333333333,2959.0632902247216,6.59,23.78,17.19,19.493,5.25906845363321,0.02658,140.0,139.97342,79.110632,66.10301193712081,1.0,4.0,3.0,1.7000000000000002,0.9,-2.0,-1.0,1.0,-1.4,0.4898979485566356,1.34e-05,7.1e-05,5.76e-05,6.14e-05,2.1466252583997985e-05,6.3,180.0,173.7,35.25,64.73416794861892,10.0,200.0,190.0,41.66666666666667,70.80881928749334,0.69,700.0,699.31,117.24166666666667,260.617449557563,3.3,76.0,72.7,15.416666666666668,27.093690327372453,0.5,4.0,3.5,1.0833333333333337,1.3043729868748772,638.0,638.0,0.0,638.0,0.0,4.77e-08,6.93e-08,2.1600000000000008e-08,5.13e-08,8.049844718999246e-09,8.0,28.0,20.0,11.555555555555554,5.983516452371672,11.0,101.0,90.0,57.22222222222221,42.56701325303374,15.9994,58.6934,42.694,23.85000856888889,12.752124845015985,54.8,1728.0,1673.2,381.18666666666667,498.93719422165526,1.0,16.0,15.0,8.666666666666666,7.086763875156433,2.0,4.0,2.0,2.6666666666666665,0.6666666666666666,0.6,1.8,1.2000000000000002,1.2166666666666666,0.5676462121975466,0.93,3.44,2.51,2.154444444444444,1.186377409606526,90.2,3186.0,3095.8,907.8666666666666,949.2972371414784,968.0,8908.0,7940.0,2556.0,3175.9999999999995,6.59,23.78,17.19,19.016666666666666,5.334974747414983,0.02658,140.0,139.97342,72.34514666666666,66.31291194027834,1.0,4.0,3.0,1.7777777777777777,0.9162456945817024,-2.0,-1.0,1.0,-1.4444444444444444,0.4969039949999532,1.34e-05,7.1e-05,5.76e-05,5.948e-05,2.3040000000000003e-05,6.3,180.0,173.7,41.04,69.48,10.0,200.0,190.0,48.0,76.0,0.69,700.0,699.31,140.552,279.72399999999993,3.3,76.0,72.7,17.84,29.08,0.5,4.0,3.5,1.2,1.4,638.0,638.0,0.0,638.0,0.0,4.77e-08,6.93e-08,2.1600000000000008e-08,5.201999999999999e-08,8.640000000000003e-09,22.98976928,1.8,0.93,5.13907696,1.16,0.444444444444444,0.5,0.055555555555556,0.0,0.0,0.0,0.0,0.0,0.0,0.0,0.0,2.723290241551726
Na,Na0-1Ni5O6,Ni5O6,NaNi5O6,mp-aaabqypa,8.0,28.0,20.0,16.583333333333336,9.682099749308286,11.0,101.0,90.0,79.33333333333334,26.21492365470901,15.9994,58.6934,42.694,34.37109744,20.64082169058025,54.8,1728.0,1673.2,778.3058333333333,807.0709982446643,1.0,16.0,15.0,12.25,4.437059837324712,2.0,4.0,2.0,2.916666666666667,0.9537935951882998,0.6,1.8,1.2000000000000002,1.0125000000000002,0.4292071178347349,0.93,3.44,2.51,2.5933333333333333,0.8851773205911281,90.2,3186.0,3095.8,1468.9333333333332,1478.8776878280216,968.0,8908.0,7940.0,7584.666666666667,2959.0632902247216,6.59,23.78,17.19,13.4075,6.011889781923817,0.02658,140.0,139.97342,49.59662333333333,51.22426482810325,1.0,4.0,3.0,2.75,1.0897247358851685,-2.0,-1.0,1.0,-1.5,0.5,1.34e-05,7.1e-05,5.76e-05,2.3000000000000003e-05,2.1466252583997985e-05,6.3,180.0,173.7,151.05,64.7341679486189,10.0,200.0,190.0,168.33333333333334,70.80881928749334,0.69,700.0,699.31,583.4483333333334,260.61744955756296,3.3,76.0,72.7,63.88333333333333,27.093690327372453,0.5,4.0,3.5,3.416666666666667,1.3043729868748772,638.0,638.0,0.0,638.0,0.0,4.77e-08,6.93e-08,2.1600000000000008e-08,6.57e-08,8.049844718999246e-09,8.0,28.0,20.0,17.09090909090909,9.958591954639385,67.0,101.0,34.0,85.54545454545453,16.92960632288695,15.9994,58.6934,42.694,35.40576363636363,21.25860624556869,54.8,1728.0,1673.2,815.3454545454545,833.1358029251309,10.0,16.0,6.0,13.272727272727272,2.987577586391815,2.0,4.0,2.0,2.909090909090909,0.9958591954639384,0.6,1.35,0.7500000000000001,0.9409090909090908,0.3734471982989769,1.91,3.44,1.53,2.744545454545454,0.7618322845299128,90.2,3186.0,3095.8,1497.3818181818183,1541.4904486586302,8908.0,8908.0,0.0,8908.0,0.0,6.59,17.36,10.77,12.464545454545457,5.362701767573308,0.02658,91.0,90.97342,41.37813454545454,45.29835842490148,2.0,4.0,2.0,2.909090909090909,0.9958591954639384,-2.0,-1.0,1.0,-1.5454545454545454,0.4979295977319691,1.34e-05,1.34e-05,0.0,1.34e-05,0.0,180.0,180.0,0.0,180.0,0.0,200.0,200.0,0.0,200.0,0.0,700.0,700.0,0.0,700.0,0.0,76.0,76.0,0.0,76.0,0.0,4.0,4.0,0.0,4.0,0.0,638.0,638.0,0.0,638.0,0.0,6.93e-08,6.93e-08,0.0,6.93e-08,0.0,22.98976928,1.8,0.93,5.13907696,1.16,0.0,0.083333333333333,0.083333333333333,0.0,0.0,0.0,0.0,0.0,0.0,0.0,0.0,2.954215496551715
Na,Na2-3Ni2O5,Na2Ni2O5,Na3Ni2O5,mp-aaabqyxv,8.0,28.0,20.0,12.9,7.660939890117922,11.0,101.0,90.0,67.2,38.971271470148366,15.9994,58.6934,42.694,26.635310784,16.31234219221822,54.8,1728.0,1673.2,484.261,636.7518912017458,1.0,16.0,15.0,10.3,6.496922348312315,2.0,4.0,2.0,2.7,0.7810249675906654,0.6,1.8,1.2000000000000002,1.11,0.5332916650389353,0.93,3.44,2.51,2.381,1.11208318034219,90.2,3186.0,3095.8,1029.1,1173.0478293744036,968.0,8908.0,7940.0,4144.0,3889.789711539687,6.59,23.78,17.19,17.131999999999998,5.959153966797636,0.02658,140.0,139.97342,60.21329,62.53447097900565,1.0,4.0,3.0,2.1,1.044030650891055,-2.0,-1.0,1.0,-1.5,0.5,1.34e-05,7.1e-05,5.76e-05,4.796e-05,2.8218121836862214e-05,6.3,180.0,173.7,75.78,85.0952736642876,10.0,200.0,190.0,86.0,93.08061022576076,0.69,700.0,699.31,280.414,342.5905344051409,3.3,76.0,72.7,32.38,35.61558086006741,0.5,4.0,3.5,1.9,1.7146428199482244,638.0,638.0,0.0,638.0,0.0,4.77e-08,6.93e-08,2.1600000000000008e-08,5.634e-08,1.0581795688823334e-08,8.0,28.0,20.0,13.11111111111111,8.047697316547476,11.0,101.0,90.0,73.44444444444444,36.02194118747045,15.9994,58.6934,42.694,27.04037095111111,17.14694155252709,54.8,1728.0,1673.2,496.86,670.0119051512775,1.0,16.0,15.0,11.333333333333334,6.018490028422596,2.0,4.0,2.0,2.6666666666666665,0.816496580927726,0.6,1.8,1.2000000000000002,1.0333333333333332,0.5071708018234313,0.93,3.44,2.51,2.542222222222222,1.0555649122392317,90.2,3186.0,3095.8,1015.0,1235.6967984816413,968.0,8908.0,7940.0,4938.0,3970.0,6.59,23.78,17.19,16.39333333333333,5.8310338324825,0.02658,140.0,139.97342,51.3481,59.65861879616203,1.0,4.0,3.0,2.2222222222222223,1.0304020550550783,-2.0,-1.0,1.0,-1.5555555555555556,0.4969039949999532,1.34e-05,7.1e-05,5.76e-05,4.22e-05,2.88e-05,6.3,180.0,173.7,93.15,86.85000000000001,10.0,200.0,190.0,105.0,95.0,0.69,700.0,699.31,350.345,349.655,3.3,76.0,72.7,39.65,36.35,0.5,4.0,3.5,2.25,1.75,638.0,638.0,0.0,638.0,0.0,4.77e-08,6.93e-08,2.1600000000000008e-08,5.85e-08,1.0800000000000004e-08,22.98976928,1.8,0.93,5.13907696,1.16,0.222222222222222,0.3,0.077777777777778,0.0,0.0,0.0,0.0,0.0,0.0,0.0,0.0,2.769066956551715
Na,Na0.83-0.89NiO2,Na5(NiO2)6,Na8(NiO2)9,mp-aaabrorf,8.0,28.0,20.0,13.82857142857143,8.422709826197655,11.0,101.0,90.0,71.6857142857143,35.90763661600327,15.9994,58.6934,42.694,28.575655835428577,17.93658945605789,54.8,1728.0,1673.2,557.2960000000002,700.1634108985864,1.0,16.0,15.0,11.02857142857143,5.997550520412309,2.0,4.0,2.0,2.742857142857143,0.8398250546685182,0.6,1.8,1.2000000000000002,1.0671428571428572,0.5055326550343929,0.93,3.44,2.51,2.4728571428571438,1.0519521212042506,90.2,3186.0,3095.8,1129.874285714286,1281.8618620345858,968.0,8908.0,7940.0,5171.529411764706,3963.125535967897,6.59,23.78,17.19,16.058,6.128004009696562,0.02658,140.0,139.97342,55.41366971428572,59.487188302499725,1.0,4.0,3.0,2.285714285714286,1.0842094834863014,-2.0,-1.0,1.0,-1.5142857142857145,0.4997958767010257,1.34e-05,7.1e-05,5.76e-05,4.050588235294119e-05,2.8750129832714215e-05,6.3,180.0,173.7,98.25882352941176,86.69961027677881,10.0,200.0,190.0,110.58823529411764,94.83549771207817,0.69,700.0,699.31,370.91294117647055,349.0495363422809,3.3,76.0,72.7,41.78823529411765,36.287056229832,0.5,4.0,3.5,2.3529411764705883,1.7469696946961764,638.0,638.0,0.0,638.0,0.0,4.77e-08,6.93e-08,2.1600000000000008e-08,5.913529411764707e-08,1.0781298687267834e-08,8.0,28.0,20.0,13.869565217391305,8.47658846381474,11.0,101.0,90.0,72.56521739130434,35.410421073533065,15.9994,58.6934,42.694,28.65661071304348,18.05339606684069,54.8,1728.0,1673.2,559.9978260869565,704.8564227647112,1.0,16.0,15.0,11.173913043478262,5.9171980289810895,2.0,4.0,2.0,2.7391304347826084,0.8453140041401557,0.6,1.8,1.2000000000000002,1.056521739130435,0.5013686372291105,0.93,3.44,2.51,2.495217391304348,1.042900927243508,90.2,3186.0,3095.8,1129.495652173913,1291.1134161875,968.0,8908.0,7940.0,5298.909090909091,3953.5610059918354,6.59,23.78,17.19,15.94608695652174,6.100815867841622,0.02658,140.0,139.97342,54.18778086956522,59.03232341540868,1.0,4.0,3.0,2.3043478260869565,1.0808524256222654,-2.0,-1.0,1.0,-1.5217391304347827,0.4995271866554807,1.34e-05,7.1e-05,5.76e-05,3.958181818181819e-05,2.8680744829361423e-05,6.3,180.0,173.7,101.04545454545452,86.49037112604304,10.0,200.0,190.0,113.63636363636364,94.60662356907416,0.69,700.0,699.31,382.1318181818182,348.2071469899434,3.3,76.0,72.7,42.95454545454545,36.19948175511416,0.5,4.0,3.5,2.4090909090909087,1.7427535920618922,638.0,638.0,0.0,638.0,0.0,4.77e-08,6.93e-08,2.1600000000000008e-08,5.948181818181819e-08,1.075527931101054e-08,22.98976928,1.8,0.93,5.13907696,1.16,0.217391304347826,0.228571428571428,0.011180124223602,0.0,0.0,0.0,0.0,0.0,0.0,0.0,0.0,2.62946972655182
Na,Na0-0.5NiO2,NiO2,Na(NiO2)2,mp-aaaczxuy,8.0,28.0,20.0,14.142857142857142,8.822512946654006,11.0,101.0,90.0,78.42857142857142,31.272338954313437,15.9994,58.6934,42.694,29.196309897142854,18.804678440816712,54.8,1728.0,1673.2,578.0099999999999,735.1244594527612,1.0,16.0,15.0,12.142857142857142,5.248906591678239,2.0,4.0,2.0,2.7142857142857144,0.8806305718527109,0.6,1.8,1.2000000000000002,0.9857142857142857,0.4665330226516552,0.93,3.44,2.51,2.644285714285714,0.967306379929886,90.2,3186.0,3095.8,1126.9714285714283,1351.169861072022,968.0,8908.0,7940.0,6261.333333333333,3742.951895080792,6.59,23.78,17.19,15.2,5.8620206170130205,0.02658,140.0,139.97342,46.015188571428574,55.21415420386423,1.0,4.0,3.0,2.4285714285714284,1.049781318335648,-2.0,-1.0,1.0,-1.5714285714285714,0.4948716593053935,1.34e-05,7.1e-05,5.76e-05,3.26e-05,2.7152900397563427e-05,6.3,180.0,173.7,122.1,81.8829652614022,10.0,200.0,190.0,136.66666666666666,89.56685895029602,0.69,700.0,699.31,466.89666666666665,329.6578954343764,3.3,76.0,72.7,51.766666666666666,34.271108661508,0.5,4.0,3.5,2.833333333333333,1.6499158227686108,638.0,638.0,0.0,638.0,0.0,4.77e-08,6.93e-08,2.1600000000000008e-08,6.210000000000002e-08,1.0182337649086289e-08,8.0,28.0,20.0,14.666666666666664,9.428090415820634,67.0,101.0,34.0,89.66666666666666,16.027753706895076,15.9994,58.6934,42.694,30.23073333333333,20.126144610652304,54.8,1728.0,1673.2,612.5333333333333,788.7540441875542,10.0,16.0,6.0,14.0,2.8284271247461903,2.0,4.0,2.0,2.6666666666666665,0.9428090415820634,0.6,1.35,0.7500000000000001,0.85,0.3535533905932738,1.91,3.44,1.53,2.93,0.7212489168102785,90.2,3186.0,3095.8,1122.1333333333334,1459.3741154648758,8908.0,8908.0,0.0,8908.0,0.0,6.59,17.36,10.77,13.77,5.07702668891941,0.02658,91.0,90.97342,30.351053333333333,42.88528145982126,2.0,4.0,2.0,2.6666666666666665,0.9428090415820634,-2.0,-1.0,1.0,-1.6666666666666663,0.4714045207910317,1.34e-05,1.34e-05,0.0,1.34e-05,0.0,180.0,180.0,0.0,180.0,0.0,200.0,200.0,0.0,200.0,0.0,700.0,700.0,0.0,700.0,0.0,76.0,76.0,0.0,76.0,0.0,4.0,4.0,0.0,4.0,0.0,638.0,638.0,0.0,638.0,0.0,6.93e-08,6.93e-08,0.0,6.93e-08,0.0,22.98976928,1.8,0.93,5.13907696,1.16,0.0,0.142857142857142,0.142857142857142,0.0,0.0,0.0,0.0,0.0,0.0,0.0,0.0,4.03211453655172
Na,Na0-1Ni3O4,Ni3O4,NaNi3O4,mp-aaabqyou,8.0,28.0,20.0,15.875,9.439776215567823,11.0,101.0,90.0,77.0,29.49576240750525,15.9994,58.6934,42.694,32.88344616,20.11414319827805,54.8,1728.0,1673.2,721.75875,785.8135252150713,1.0,16.0,15.0,11.875,4.960783708246107,2.0,4.0,2.0,2.875,0.927024810886958,0.6,1.8,1.2000000000000002,1.03125,0.4527261175368614,0.93,3.44,2.51,2.5525,0.9368531101512124,90.2,3186.0,3095.8,1384.35,1435.6735692698392,968.0,8908.0,7940.0,6923.0,3438.1208530242216,6.59,23.78,17.19,14.12375,6.178678939506406,0.02658,140.0,139.97342,51.63829,53.748138192165314,1.0,4.0,3.0,2.625,1.1110243021644486,-2.0,-1.0,1.0,-1.5,0.5,1.34e-05,7.1e-05,5.76e-05,2.78e-05,2.4941531628991837e-05,6.3,180.0,173.7,136.575,75.2143063186785,10.0,200.0,190.0,152.5,82.27241335952168,0.69,700.0,699.31,525.1725,302.8101125602479,3.3,76.0,72.7,57.825,31.480023427564344,0.5,4.0,3.5,3.125,1.5155444566227676,638.0,638.0,0.0,638.0,0.0,4.77e-08,6.93e-08,2.1600000000000008e-08,6.39e-08,9.353074360871942e-09,8.0,28.0,20.0,16.57142857142857,9.89743318610787,67.0,101.0,34.0,86.42857142857142,16.82563641638338,15.9994,58.6934,42.694,34.29682857142856,21.128050622384468,54.8,1728.0,1673.2,771.8857142857142,828.0192603497844,10.0,16.0,6.0,13.428571428571429,2.9692299558323607,2.0,4.0,2.0,2.8571428571428568,0.989743318610787,0.6,1.35,0.7500000000000001,0.9214285714285716,0.3711537444790452,1.91,3.44,1.53,2.784285714285714,0.757153638737252,90.2,3186.0,3095.8,1416.9714285714283,1532.0236828776372,8908.0,8908.0,0.0,8908.0,0.0,6.59,17.36,10.77,12.744285714285716,5.329767770719088,0.02658,91.0,90.97342,39.015188571428574,45.02016730808647,2.0,4.0,2.0,2.8571428571428568,0.989743318610787,-2.0,-1.0,1.0,-1.5714285714285714,0.4948716593053935,1.34e-05,1.34e-05,0.0,1.34e-05,0.0,180.0,180.0,0.0,180.0,0.0,200.0,200.0,0.0,200.0,0.0,700.0,700.0,0.0,700.0,0.0,76.0,76.0,0.0,76.0,0.0,4.0,4.0,0.0,4.0,0.0,638.0,638.0,0.0,638.0,0.0,6.93e-08,6.93e-08,0.0,6.93e-08,0.0,22.98976928,1.8,0.93,5.13907696,1.16,0.0,0.125,0.125,0.0,0.0,0.0,0.0,0.0,0.0,0.0,0.0,2.864911666551723
Na,Na0-1NiO2,NiO2,NaNiO2,mp-aaaablhq,8.0,28.0,20.0,13.75,8.317902379807062,11.0,101.0,90.0,70.0,36.78314831549904,15.9994,58.6934,42.694,28.42049232,17.709522586612234,54.8,1728.0,1673.2,552.1175,691.0498718752143,1.0,16.0,15.0,10.75,6.139014578904337,2.0,4.0,2.0,2.75,0.82915619758885,0.6,1.8,1.2000000000000002,1.0875,0.5128047874191504,0.93,3.44,2.51,2.43,1.067778066828496,90.2,3186.0,3095.8,1130.6,1263.94013307593,968.0,8908.0,7940.0,4938.0,3970.0,6.59,23.78,17.19,16.2725,6.174112790514926,0.02658,140.0,139.97342,57.76329,60.2797866753367,1.0,4.0,3.0,2.25,1.0897247358851685,-2.0,-1.0,1.0,-1.5,0.5,1.34e-05,7.1e-05,5.76e-05,4.22e-05,2.88e-05,6.3,180.0,173.7,93.15,86.85000000000001,10.0,200.0,190.0,105.0,95.0,0.69,700.0,699.31,350.345,349.655,3.3,76.0,72.7,39.65,36.35,0.5,4.0,3.5,2.25,1.75,638.0,638.0,0.0,638.0,0.0,4.77e-08,6.93e-08,2.1600000000000008e-08,5.85e-08,1.0800000000000004e-08,8.0,28.0,20.0,14.666666666666664,9.428090415820634,67.0,101.0,34.0,89.66666666666666,16.027753706895076,15.9994,58.6934,42.694,30.23073333333333,20.126144610652304,54.8,1728.0,1673.2,612.5333333333333,788.7540441875542,10.0,16.0,6.0,14.0,2.8284271247461903,2.0,4.0,2.0,2.6666666666666665,0.9428090415820634,0.6,1.35,0.7500000000000001,0.85,0.3535533905932738,1.91,3.44,1.53,2.93,0.7212489168102785,90.2,3186.0,3095.8,1122.1333333333334,1459.3741154648758,8908.0,8908.0,0.0,8908.0,0.0,6.59,17.36,10.77,13.77,5.07702668891941,0.02658,91.0,90.97342,30.351053333333333,42.88528145982126,2.0,4.0,2.0,2.6666666666666665,0.9428090415820634,-2.0,-1.0,1.0,-1.6666666666666663,0.4714045207910317,1.34e-05,1.34e-05,0.0,1.34e-05,0.0,180.0,180.0,0.0,180.0,0.0,200.0,200.0,0.0,200.0,0.0,700.0,700.0,0.0,700.0,0.0,76.0,76.0,0.0,76.0,0.0,4.0,4.0,0.0,4.0,0.0,638.0,638.0,0.0,638.0,0.0,6.93e-08,6.93e-08,0.0,6.93e-08,0.0,22.98976928,1.8,0.93,5.13907696,1.16,0.0,0.25,0.25,0.0,0.0,0.0,0.0,0.0,0.0,0.0,0.0,3.298787669051722
Na,Na0-1NiO2,NiO2,NaNiO2,mp-aaachhke,8.0,28.0,20.0,13.75,8.317902379807062,11.0,101.0,90.0,70.0,36.78314831549904,15.9994,58.6934,42.694,28.42049232,17.709522586612234,54.8,1728.0,1673.2,552.1175,691.0498718752143,1.0,16.0,15.0,10.75,6.139014578904337,2.0,4.0,2.0,2.75,0.82915619758885,0.6,1.8,1.2000000000000002,1.0875,0.5128047874191504,0.93,3.44,2.51,2.43,1.067778066828496,90.2,3186.0,3095.8,1130.6,1263.94013307593,968.0,8908.0,7940.0,4938.0,3970.0,6.59,23.78,17.19,16.2725,6.174112790514926,0.02658,140.0,139.97342,57.76329,60.2797866753367,1.0,4.0,3.0,2.25,1.0897247358851685,-2.0,-1.0,1.0,-1.5,0.5,1.34e-05,7.1e-05,5.76e-05,4.22e-05,2.88e-05,6.3,180.0,173.7,93.15,86.85000000000001,10.0,200.0,190.0,105.0,95.0,0.69,700.0,699.31,350.345,349.655,3.3,76.0,72.7,39.65,36.35,0.5,4.0,3.5,2.25,1.75,638.0,638.0,0.0,638.0,0.0,4.77e-08,6.93e-08,2.1600000000000008e-08,5.85e-08,1.0800000000000004e-08,8.0,28.0,20.0,14.666666666666664,9.428090415820634,67.0,101.0,34.0,89.66666666666666,16.027753706895076,15.9994,58.6934,42.694,30.23073333333333,20.126144610652304,54.8,1728.0,1673.2,612.5333333333333,788.7540441875542,10.0,16.0,6.0,14.0,2.8284271247461903,2.0,4.0,2.0,2.6666666666666665,0.9428090415820634,0.6,1.35,0.7500000000000001,0.85,0.3535533905932738,1.91,3.44,1.53,2.93,0.7212489168102785,90.2,3186.0,3095.8,1122.1333333333334,1459.3741154648758,8908.0,8908.0,0.0,8908.0,0.0,6.59,17.36,10.77,13.77,5.07702668891941,0.02658,91.0,90.97342,30.351053333333333,42.88528145982126,2.0,4.0,2.0,2.6666666666666665,0.9428090415820634,-2.0,-1.0,1.0,-1.6666666666666663,0.4714045207910317,1.34e-05,1.34e-05,0.0,1.34e-05,0.0,180.0,180.0,0.0,180.0,0.0,200.0,200.0,0.0,200.0,0.0,700.0,700.0,0.0,700.0,0.0,76.0,76.0,0.0,76.0,0.0,4.0,4.0,0.0,4.0,0.0,638.0,638.0,0.0,638.0,0.0,6.93e-08,6.93e-08,0.0,6.93e-08,0.0,22.98976928,1.8,0.93,5.13907696,1.16,0.0,0.25,0.25,0.0,0.0,0.0,0.0,0.0,0.0,0.0,0.0,3.315068876551723
Na,Na0.4-0.8NiO2,Na2(NiO2)5,Na4(NiO2)5,mp-aaabrgmz,8.0,28.0,20.0,13.894736842105264,8.509404932142374,11.0,101.0,90.0,73.10526315789474,35.09070162764235,15.9994,58.6934,42.694,28.706319848421053,18.12456722101586,54.8,1728.0,1673.2,561.6568421052632,707.7175644730827,1.0,16.0,15.0,11.263157894736842,5.865529143475803,2.0,4.0,2.0,2.736842105263157,0.8486587103472157,0.6,1.8,1.2000000000000002,1.0499999999999998,0.4986824746532765,0.93,3.44,2.51,2.5089473684210524,1.037065164357888,90.2,3186.0,3095.8,1129.2631578947369,1296.7614333247457,968.0,8908.0,7940.0,5379.111111111111,3945.417720299629,6.59,23.78,17.19,15.877368421052632,6.083041000324949,0.02658,140.0,139.97342,53.43504210526316,58.73859857741276,1.0,4.0,3.0,2.3157894736842106,1.0786263964168,-2.0,-1.0,1.0,-1.526315789473684,0.4993069989739546,1.34e-05,7.1e-05,5.76e-05,3.9e-05,2.862167011199731e-05,6.3,180.0,173.7,102.8,86.31222393149187,10.0,200.0,190.0,115.55555555555556,94.41175904999112,0.69,700.0,699.31,389.1955555555556,347.48993274341734,3.3,76.0,72.7,43.68888888888889,36.1249204364966,0.5,4.0,3.5,2.4444444444444446,1.7391639824998364,638.0,638.0,0.0,638.0,0.0,4.77e-08,6.93e-08,2.1600000000000008e-08,5.970000000000001e-08,1.0733126291998994e-08,8.0,28.0,20.0,14.235294117647062,8.93459510103156,11.0,101.0,90.0,80.41176470588235,29.479921030162828,15.9994,58.6934,42.694,29.378855209411764,19.048624678515875,54.8,1728.0,1673.2,584.1023529411765,744.9853932917028,1.0,16.0,15.0,12.470588235294118,4.960047996195952,2.0,4.0,2.0,2.7058823529411766,0.8921029934178295,0.6,1.8,1.2000000000000002,0.9617647058823532,0.4516406079554022,0.93,3.44,2.51,2.694705882352941,0.9349999537405388,90.2,3186.0,3095.8,1126.1176470588234,1370.8867067083836,968.0,8908.0,7940.0,6639.428571428572,3586.926374533848,6.59,23.78,17.19,14.947647058823527,5.757178158266492,0.02658,140.0,139.97342,43.2509294117647,53.58010926491247,1.0,4.0,3.0,2.4705882352941178,1.0356951095093534,-2.0,-1.0,1.0,-1.5882352941176472,0.4921529567847503,1.34e-05,7.1e-05,5.76e-05,2.985714285714286e-05,2.602102760367124e-05,6.3,180.0,173.7,130.3714285714286,78.46966136732107,10.0,200.0,190.0,145.71428571428572,85.83325077599886,0.69,700.0,699.31,500.19714285714286,315.91605579033563,3.3,76.0,72.7,55.22857142857143,32.84251227060589,0.5,4.0,3.5,3.0,1.5811388300841898,638.0,638.0,0.0,638.0,0.0,4.77e-08,6.93e-08,2.1600000000000008e-08,6.312857142857145e-08,9.757885351376716e-09,22.98976928,1.8,0.93,5.13907696,1.16,0.117647058823529,0.210526315789473,0.092879256965944,0.0,0.0,0.0,0.0,0.0,0.0,0.0,0.0,2.932746576551725
Na,Na0-2NiO2,NiO2,Na2NiO2,mp-aaaablhm,8.0,28.0,20.0,13.2,7.520638270785266,11.0,101.0,90.0,58.2,40.489010854798615,15.9994,58.6934,42.694,27.334347712000003,15.988139123566976,54.8,1728.0,1673.2,515.868,622.3311380093398,1.0,16.0,15.0,8.8,6.734983296193095,2.0,4.0,2.0,2.8,0.7483314773547883,0.6,1.8,1.2000000000000002,1.23,0.54,0.93,3.44,2.51,2.13,1.1278829726527482,90.2,3186.0,3095.8,1135.68,1130.548076642475,968.0,8908.0,7940.0,3614.666666666666,3742.951895080792,6.59,23.78,17.19,17.774,6.285995863823012,0.02658,140.0,139.97342,74.210632,63.15839121414617,1.0,4.0,3.0,2.0,1.0954451150103324,-2.0,-1.0,1.0,-1.4,0.4898979485566356,1.34e-05,7.1e-05,5.76e-05,5.1800000000000005e-05,2.7152900397563427e-05,6.3,180.0,173.7,64.2,81.8829652614022,10.0,200.0,190.0,73.33333333333333,89.56685895029601,0.69,700.0,699.31,233.7933333333333,329.6578954343764,3.3,76.0,72.7,27.53333333333333,34.271108661508,0.5,4.0,3.5,1.6666666666666663,1.6499158227686108,638.0,638.0,0.0,638.0,0.0,4.77e-08,6.93e-08,2.1600000000000008e-08,5.49e-08,1.0182337649086289e-08,8.0,28.0,20.0,14.666666666666664,9.428090415820634,67.0,101.0,34.0,89.66666666666666,16.027753706895076,15.9994,58.6934,42.694,30.23073333333333,20.126144610652304,54.8,1728.0,1673.2,612.5333333333333,788.7540441875542,10.0,16.0,6.0,14.0,2.8284271247461903,2.0,4.0,2.0,2.6666666666666665,0.9428090415820634,0.6,1.35,0.7500000000000001,0.85,0.3535533905932738,1.91,3.44,1.53,2.93,0.7212489168102785,90.2,3186.0,3095.8,1122.1333333333334,1459.3741154648758,8908.0,8908.0,0.0,8908.0,0.0,6.59,17.36,10.77,13.77,5.07702668891941,0.02658,91.0,90.97342,30.351053333333333,42.88528145982126,2.0,4.0,2.0,2.6666666666666665,0.9428090415820634,-2.0,-1.0,1.0,-1.6666666666666663,0.4714045207910317,1.34e-05,1.34e-05,0.0,1.34e-05,0.0,180.0,180.0,0.0,180.0,0.0,200.0,200.0,0.0,200.0,0.0,700.0,700.0,0.0,700.0,0.0,76.0,76.0,0.0,76.0,0.0,4.0,4.0,0.0,4.0,0.0,638.0,638.0,0.0,638.0,0.0,6.93e-08,6.93e-08,0.0,6.93e-08,0.0,22.98976928,1.8,0.93,5.13907696,1.16,0.0,0.4,0.4,0.0,0.0,0.0,0.0,0.0,0.0,0.0,0.0,2.891103571551724
Na,Na0-4Ni7(PO4)6,Ni7(PO4)6,Na4Ni7(PO4)6,mp-aaaabvxp,8.0,28.0,20.0,12.73170731707317,7.345230376250316,11.0,101.0,90.0,84.80487804878048,27.258670146503107,15.9994,58.6934,42.694,26.16197680780488,15.66874856410392,54.8,1728.0,1673.2,409.71902439024393,609.7892096966483,1.0,16.0,15.0,13.365853658536585,4.615752971160752,2.0,4.0,2.0,2.585365853658536,0.7643141276093852,0.6,1.8,1.2000000000000002,0.903658536585366,0.4095491637753372,0.93,3.44,2.51,2.7509756097560976,0.8764779987723281,90.2,3186.0,3095.8,790.0195121951219,1135.0342956502243,968.0,8908.0,7940.0,4539.176470588235,3669.310132873899,6.59,23.78,17.19,16.097804878048777,4.716837775043124,0.02658,140.0,139.97342,29.245217560975608,49.70664145009318,1.0,5.0,4.0,2.6829268292682924,1.2771734108864434,-3.0,-1.0,2.0,-1.8780487804878048,0.632267385210523,1.34e-05,7.1e-05,5.76e-05,3.434545454545455e-05,2.770823191224008e-05,6.3,180.0,173.7,79.48235294117646,84.11763636363568,10.0,200.0,190.0,130.9090909090909,91.39868165495858,0.69,700.0,699.31,445.7054545454545,336.4000635164689,3.3,76.0,72.7,49.56363636363636,34.97202187534468,0.5,4.0,3.5,2.727272727272727,1.6836599252229212,638.0,638.0,0.0,638.0,0.0,4.77e-08,1e-07,5.23e-08,7.505294117647058e-08,2.0231807155102225e-08,8.0,28.0,20.0,12.91891891891892,7.708816919004054,67.0,101.0,34.0,92.7837837837838,13.06974044932454,15.9994,58.6934,42.694,26.504918162162163,16.45739283249083,54.8,1728.0,1673.2,413.91891891891896,641.7642165484724,10.0,16.0,6.0,14.702702702702704,2.299998412042517,2.0,4.0,2.0,2.540540540540541,0.7916658657230708,0.6,1.35,0.7500000000000001,0.8067567567567568,0.2993601650191491,1.91,3.44,1.53,2.947837837837838,0.6738158186679926,90.2,3186.0,3095.8,750.454054054054,1188.0796375606594,1823.0,8908.0,7085.0,5638.0,3532.003680632284,6.59,17.36,10.77,15.267297297297295,4.19332136220794,0.02658,91.0,90.97342,17.27172756756757,35.61421896601302,2.0,5.0,3.0,2.864864864864865,1.2117033389978322,-3.0,-1.0,2.0,-1.972972972972973,0.5921324946001796,1.34e-05,1.34e-05,0.0,1.34e-05,0.0,11.0,180.0,169.0,102.0,84.24962907930218,200.0,200.0,0.0,200.0,0.0,700.0,700.0,0.0,700.0,0.0,76.0,76.0,0.0,76.0,0.0,4.0,4.0,0.0,4.0,0.0,638.0,638.0,0.0,638.0,0.0,6.93e-08,1e-07,3.069999999999999e-08,8.346923076923078e-08,1.5304518418547787e-08,22.98976928,1.8,0.93,5.13907696,1.16,0.0,0.097560975609756,0.097560975609756,0.0,0.0,0.0,0.0,0.0,0.0,0.0,0.0,4.37764028905173
Na,Na0-4Ni3P4O15,Ni3P4O15,Na4Ni3P4O15,mp-aaackrll,8.0,28.0,20.0,11.846153846153848,6.346969644534236,11.0,101.0,90.0,81.53846153846153,31.92808116476631,15.9994,58.6934,42.694,24.30482019692308,13.540878148829062,54.8,1728.0,1673.2,336.8723076923077,519.0722583336521,1.0,16.0,15.0,12.846153846153848,5.382966780591048,2.0,4.0,2.0,2.5384615384615383,0.6923076923076923,0.6,1.8,1.2000000000000002,0.9326923076923076,0.4476310095492259,0.93,3.44,2.51,2.685,0.9537869863783084,90.2,3186.0,3095.8,682.1153846153848,981.2052293332958,968.0,8908.0,7940.0,3444.3636363636365,3365.584570937452,6.59,23.78,17.19,17.052692307692304,4.432620823718617,0.02658,140.0,139.97342,32.09010384615385,54.23208300201218,1.0,5.0,4.0,2.5384615384615383,1.3076923076923077,-3.0,-1.0,2.0,-1.8846153846153848,0.6401275760420476,1.34e-05,7.1e-05,5.76e-05,4.631428571428572e-05,2.850460757599067e-05,6.3,180.0,173.7,55.381818181818176,76.3390501546384,10.0,200.0,190.0,91.42857142857142,94.02561526802477,0.69,700.0,699.31,300.39428571428573,346.06870006885475,3.3,76.0,72.7,34.457142857142856,35.97716963150211,0.5,4.0,3.5,2.0,1.7320508075688772,638.0,638.0,0.0,638.0,0.0,4.77e-08,1e-07,5.23e-08,7.260909090909089e-08,2.2392671469415838e-08,8.0,28.0,20.0,12.0,6.888725967444593,67.0,101.0,34.0,94.36363636363636,11.64452838556865,15.9994,58.6934,42.694,24.54392036363636,14.70785930262372,54.8,1728.0,1673.2,330.6909090909091,564.070927929757,10.0,16.0,6.0,15.0,2.0225995873897262,2.0,4.0,2.0,2.454545454545454,0.721568539381252,0.6,1.35,0.7500000000000001,0.7749999999999999,0.2741723081302241,1.91,3.44,1.53,3.004090909090909,0.6428746455704684,90.2,3186.0,3095.8,595.9545454545455,1043.8187877070654,1823.0,8908.0,7085.0,4859.428571428571,3506.165706178713,6.59,17.36,10.77,15.829545454545451,3.673682172218949,0.02658,91.0,90.97342,12.470122727272727,31.204709903179268,2.0,5.0,3.0,2.8181818181818183,1.2297953871335163,-3.0,-1.0,2.0,-2.0454545454545454,0.5622416762205901,1.34e-05,1.34e-05,0.0,1.34e-05,0.0,11.0,180.0,169.0,83.42857142857143,83.6333104226115,200.0,200.0,0.0,200.0,0.0,700.0,700.0,0.0,700.0,0.0,76.0,76.0,0.0,76.0,0.0,4.0,4.0,0.0,4.0,0.0,638.0,638.0,0.0,638.0,0.0,6.93e-08,1e-07,3.069999999999999e-08,8.684285714285715e-08,1.5192559940675577e-08,22.98976928,1.8,0.93,5.13907696,1.16,0.0,0.153846153846153,0.153846153846153,0.0,0.0,0.0,0.0,0.0,0.0,0.0,0.0,5.320454675301722
Na,Na0-1Ni(PO3)3,Ni(PO3)3,NaNi(PO3)3,mp-aaabwjaj,8.0,28.0,20.0,11.142857142857142,5.462301226944332,11.0,101.0,90.0,89.78571428571428,23.692007607836786,15.9994,58.6934,42.694,22.757075377142858,11.664999478146152,54.8,1728.0,1673.2,253.14071428571427,427.2395354977661,1.0,16.0,15.0,14.285714285714286,3.989782869648269,2.0,4.0,2.0,2.428571428571429,0.6226998490772391,0.6,1.8,1.2000000000000002,0.825,0.3559444178118665,0.93,3.44,2.51,2.883571428571429,0.8015129189125235,90.2,3186.0,3095.8,485.9857142857143,808.9281602017246,968.0,8908.0,7940.0,3069.0000000000005,2938.219528898411,6.59,23.78,17.19,16.97642857142857,3.3326986215439307,0.02658,140.0,139.97342,16.56765857142857,41.437001321210126,1.0,5.0,4.0,2.7142857142857144,1.3324827218698307,-3.0,-1.0,2.0,-2.071428571428571,0.5933302759227196,1.34e-05,7.1e-05,5.76e-05,4.22e-05,2.88e-05,6.3,180.0,173.7,43.86,68.09433456610029,10.0,200.0,190.0,105.0,95.0,0.69,700.0,699.31,350.345,349.655,3.3,76.0,72.7,39.65,36.35,0.5,4.0,3.5,2.25,1.75,638.0,638.0,0.0,638.0,0.0,4.77e-08,1e-07,5.23e-08,8.34e-08,2.144751733884367e-08,8.0,28.0,20.0,11.153846153846152,5.668348746750935,67.0,101.0,34.0,95.84615384615384,9.501790550661442,15.9994,58.6934,42.694,22.73917584615385,12.105156777772748,54.8,1728.0,1673.2,244.0846153846154,442.0706815155482,10.0,16.0,6.0,15.307692307692308,1.5876744185038687,2.0,4.0,2.0,2.3846153846153846,0.6249260311258431,0.6,1.35,0.7500000000000001,0.75,0.2401922307076307,1.91,3.44,1.53,3.033846153846154,0.6129316496156743,90.2,3186.0,3095.8,434.4461538461538,817.0140462170626,1823.0,8908.0,7085.0,3594.25,3067.894992906374,6.59,17.36,10.77,16.45307692307692,2.8507364355289093,0.02658,91.0,90.97342,7.072863076923077,24.22783419810916,2.0,5.0,3.0,2.8461538461538463,1.2917581249035897,-3.0,-1.0,2.0,-2.1538461538461537,0.5329387100211931,1.34e-05,1.34e-05,0.0,1.34e-05,0.0,11.0,180.0,169.0,53.25,73.17914661978507,200.0,200.0,0.0,200.0,0.0,700.0,700.0,0.0,700.0,0.0,76.0,76.0,0.0,76.0,0.0,4.0,4.0,0.0,4.0,0.0,638.0,638.0,0.0,638.0,0.0,6.93e-08,1e-07,3.069999999999999e-08,9.2325e-08,1.329348994809113e-08,22.98976928,1.8,0.93,5.13907696,1.16,0.0,0.071428571428571,0.071428571428571,0.0,0.0,0.0,0.0,0.0,0.0,0.0,0.0,5.285876136551725
Na,Na0-1Ni2P2O9,Ni2P2O9,NaNi2P2O9,mp-aaachksw,8.0,28.0,20.0,12.071428571428571,6.943283349645856,11.0,101.0,90.0,88.14285714285714,24.40684079415073,15.9994,58.6934,42.694,24.73704952,14.81802064428856,54.8,1728.0,1673.2,353.905,572.2397106701501,1.0,16.0,15.0,13.928571428571429,4.131141068834644,2.0,4.0,2.0,2.5,0.7319250547113999,0.6,1.8,1.2000000000000002,0.85,0.3789082059964241,0.93,3.44,2.51,2.863571428571429,0.821806434829109,90.2,3186.0,3095.8,674.2714285714285,1067.398872044006,968.0,8908.0,7940.0,4486.0,3624.020695305147,6.59,23.78,17.19,16.231428571428573,4.272854277116105,0.02658,140.0,139.97342,23.05080142857143,45.29535256787671,1.0,5.0,4.0,2.642857142857143,1.2309777099724348,-3.0,-1.0,2.0,-1.9285714285714288,0.5933302759227196,1.34e-05,7.1e-05,5.76e-05,3.26e-05,2.7152900397563427e-05,6.3,180.0,173.7,77.66000000000001,83.5778822416553,10.0,200.0,190.0,136.66666666666666,89.56685895029602,0.69,700.0,699.31,466.89666666666665,329.6578954343764,3.3,76.0,72.7,51.766666666666666,34.271108661508,0.5,4.0,3.5,2.833333333333333,1.6499158227686108,638.0,638.0,0.0,638.0,0.0,4.77e-08,1e-07,5.23e-08,7.726e-08,2.0172912531412017e-08,8.0,28.0,20.0,12.153846153846157,7.19878359218421,67.0,101.0,34.0,94.07692307692308,12.187392845834513,15.9994,58.6934,42.694,24.87145569230769,15.369161099967403,54.8,1728.0,1673.2,352.6,593.8211372769777,10.0,16.0,6.0,14.923076923076923,2.1289773081689307,2.0,4.0,2.0,2.4615384615384617,0.7457969011409736,0.6,1.35,0.7500000000000001,0.7769230769230769,0.2825810874880291,1.91,3.44,1.53,3.0123076923076924,0.6462216081685178,90.2,3186.0,3095.8,637.2153846153847,1098.9803510850436,1823.0,8908.0,7085.0,5365.5,3542.5,6.59,17.36,10.77,15.650769230769228,3.8654076539688473,0.02658,91.0,90.97342,14.054709230769232,32.80966635256761,2.0,5.0,3.0,2.769230769230769,1.186711432349347,-3.0,-1.0,2.0,-2.0,0.5547001962252291,1.34e-05,1.34e-05,0.0,1.34e-05,0.0,11.0,180.0,169.0,95.5,84.5,200.0,200.0,0.0,200.0,0.0,700.0,700.0,0.0,700.0,0.0,76.0,76.0,0.0,76.0,0.0,4.0,4.0,0.0,4.0,0.0,638.0,638.0,0.0,638.0,0.0,6.93e-08,1e-07,3.069999999999999e-08,8.465000000000002e-08,1.5349999999999995e-08,22.98976928,1.8,0.93,5.13907696,1.16,0.0,0.071428571428571,0.071428571428571,0.0,0.0,0.0,0.0,0.0,0.0,0.0,0.0,5.167370164051736
Na,Na0-1Ni4(PO4)3,Ni4(PO4)3,NaNi4(PO4)3,mp-aaabsgsl,8.0,28.0,20.0,13.2,7.79487010796203,11.0,101.0,90.0,88.05,22.060088395108483,15.9994,58.6934,42.694,27.133872764,16.633010376878175,54.8,1728.0,1673.2,444.6185,650.6090491245492,1.0,16.0,15.0,13.9,3.7669616403674726,2.0,4.0,2.0,2.6,0.8,0.6,1.8,1.2000000000000002,0.87,0.3682390527904394,0.93,3.44,2.51,2.821,0.7964916823168965,90.2,3186.0,3095.8,831.62,1206.482821924954,968.0,8908.0,7940.0,5258.625,3658.7527224964247,6.59,23.78,17.19,15.476,4.661253479483817,0.02658,140.0,139.97342,25.251348,44.705460544331,1.0,5.0,4.0,2.8,1.2489995996796797,-3.0,-1.0,2.0,-1.9,0.6244997998398398,1.34e-05,7.1e-05,5.76e-05,2.492e-05,2.3040000000000003e-05,6.3,180.0,173.7,94.9125,85.09966858778004,10.0,200.0,190.0,162.0,76.0,0.69,700.0,699.31,560.138,279.724,3.3,76.0,72.7,61.46,29.08,0.5,4.0,3.5,3.3000000000000003,1.4,638.0,638.0,0.0,638.0,0.0,4.77e-08,1e-07,5.23e-08,7.811249999999999e-08,1.827822731421184e-08,8.0,28.0,20.0,13.31578947368421,7.980585861484154,67.0,101.0,34.0,92.10526315789473,13.54095051021979,15.9994,58.6934,42.694,27.351983473684207,17.037208841252728,54.8,1728.0,1673.2,448.5,667.2850570546451,10.0,16.0,6.0,14.578947368421051,2.391119303494852,2.0,4.0,2.0,2.578947368421052,0.8153649149910351,0.6,1.35,0.7500000000000001,0.8210526315789473,0.3079284731854753,1.91,3.44,1.53,2.9205263157894734,0.6853310662447097,90.2,3186.0,3095.8,814.5473684210526,1235.4682808633293,1823.0,8908.0,7085.0,5871.571428571428,3506.165706178713,6.59,17.36,10.77,15.038947368421052,4.364690734491532,0.02658,91.0,90.97342,19.211945263157894,37.07126677861942,2.0,5.0,3.0,2.894736842105263,1.2093816097974797,-3.0,-1.0,2.0,-1.9473684210526316,0.6046908048987398,1.34e-05,1.34e-05,0.0,1.34e-05,0.0,11.0,180.0,169.0,107.57142857142856,83.6333104226115,200.0,200.0,0.0,200.0,0.0,700.0,700.0,0.0,700.0,0.0,76.0,76.0,0.0,76.0,0.0,4.0,4.0,0.0,4.0,0.0,638.0,638.0,0.0,638.0,0.0,6.93e-08,1e-07,3.069999999999999e-08,8.245714285714286e-08,1.5192559940675577e-08,22.98976928,1.8,0.93,5.13907696,1.16,0.0,0.05,0.05,0.0,0.0,0.0,0.0,0.0,0.0,0.0,0.0,4.56608707905173
Na,Na0-2Ni3(P2O7)2,Ni3(P2O7)2,Na2Ni3(P2O7)2,mp-aaaabmls,8.0,28.0,20.0,12.08695652173913,6.691415938273394,11.0,101.0,90.0,86.82608695652175,25.98603667509524,15.9994,58.6934,42.694,24.780277676521735,14.279206239141924,54.8,1728.0,1673.2,346.17999999999995,548.5739302005265,1.0,16.0,15.0,13.73913043478261,4.3958220411851725,2.0,4.0,2.0,2.5217391304347827,0.7144207271806514,0.6,1.8,1.2000000000000002,0.8717391304347827,0.3906032366338112,0.93,3.44,2.51,2.8047826086956524,0.8493571459855229,90.2,3186.0,3095.8,666.6434782608696,1026.3242439705955,968.0,8908.0,7940.0,3994.666666666667,3489.802605051212,6.59,23.78,17.19,16.45434782608696,4.232427431861477,0.02658,140.0,139.97342,24.100700869565216,46.94299303162784,1.0,5.0,4.0,2.6956521739130435,1.299992729367483,-3.0,-1.0,2.0,-1.9565217391304348,0.6240304388872749,1.34e-05,7.1e-05,5.76e-05,3.644e-05,2.8218121836862214e-05,6.3,180.0,173.7,66.28888888888889,80.42624563943242,10.0,200.0,190.0,124.0,93.08061022576076,0.69,700.0,699.31,420.276,342.5905344051409,3.3,76.0,72.7,46.92,35.61558086006741,0.5,4.0,3.5,2.6,1.7146428199482249,638.0,638.0,0.0,638.0,0.0,4.77e-08,1e-07,5.23e-08,7.814444444444444e-08,2.107937966149811e-08,8.0,28.0,20.0,12.19047619047619,6.994004559137964,67.0,101.0,34.0,94.04761904761904,11.82602533751077,15.9994,58.6934,42.694,24.95080228571428,14.932513769071432,54.8,1728.0,1673.2,343.8285714285714,574.0471153243825,10.0,16.0,6.0,14.95238095238095,2.058112646188029,2.0,4.0,2.0,2.4761904761904763,0.7315376902732008,0.6,1.35,0.7500000000000001,0.7833333333333332,0.2778888666755512,1.91,3.44,1.53,2.983333333333333,0.6507602391732987,90.2,3186.0,3095.8,620.0380952380953,1062.3939841680071,1823.0,8908.0,7085.0,4859.428571428571,3506.165706178713,6.59,17.36,10.77,15.756666666666666,3.744563466621384,0.02658,91.0,90.97342,13.062672380952382,31.81788286526005,2.0,5.0,3.0,2.8571428571428568,1.2453996981544782,-3.0,-1.0,2.0,-2.0476190476190474,0.5753831415997415,1.34e-05,1.34e-05,0.0,1.34e-05,0.0,11.0,180.0,169.0,83.42857142857143,83.6333104226115,200.0,200.0,0.0,200.0,0.0,700.0,700.0,0.0,700.0,0.0,76.0,76.0,0.0,76.0,0.0,4.0,4.0,0.0,4.0,0.0,638.0,638.0,0.0,638.0,0.0,6.93e-08,1e-07,3.069999999999999e-08,8.684285714285715e-08,1.5192559940675577e-08,22.98976928,1.8,0.93,5.13907696,1.16,0.0,0.08695652173913,0.08695652173913,0.0,0.0,0.0,0.0,0.0,0.0,0.0,0.0,4.59850816155171
Na,Na0-1NiPO4,NiPO4,NaNiPO4,mp-aaabcruz,8.0,28.0,20.0,12.285714285714285,6.860118402024553,11.0,101.0,90.0,81.71428571428571,31.106794323125364,15.9994,58.6934,42.694,25.23636161142857,14.631786324402364,54.8,1728.0,1673.2,376.4814285714285,566.1968542686134,1.0,16.0,15.0,12.857142857142856,5.248906591678239,2.0,4.0,2.0,2.571428571428571,0.7284313590846836,0.6,1.8,1.2000000000000002,0.9357142857142856,0.4429723352489615,0.93,3.44,2.51,2.684285714285714,0.9415618808714612,90.2,3186.0,3095.8,750.3999999999999,1061.0153519826456,968.0,8908.0,7940.0,3899.666666666666,3558.586642037663,6.59,23.78,17.19,16.689999999999998,4.693195682505228,0.02658,140.0,139.97342,33.048902857142856,53.76595930719354,1.0,5.0,4.0,2.571428571428571,1.2936264483053452,-3.0,-1.0,2.0,-1.857142857142857,0.6388765649999398,1.34e-05,7.1e-05,5.76e-05,4.22e-05,2.88e-05,6.3,180.0,173.7,65.76666666666667,80.7979510191248,10.0,200.0,190.0,105.0,95.0,0.69,700.0,699.31,350.345,349.655,3.3,76.0,72.7,39.65,36.35,0.5,4.0,3.5,2.25,1.75,638.0,638.0,0.0,638.0,0.0,4.77e-08,1e-07,5.23e-08,7.233333333333333e-08,2.1458849508354872e-08,8.0,28.0,20.0,12.5,7.388053419767167,67.0,101.0,34.0,93.5,12.513326229797308,15.9994,58.6934,42.694,25.610793666666662,15.773056267008004,54.8,1728.0,1673.2,377.4166666666666,611.5574936631515,10.0,16.0,6.0,14.833333333333332,2.1921577396609844,2.0,4.0,2.0,2.5,0.7637626158259734,0.6,1.35,0.7500000000000001,0.7916666666666666,0.2892759159618297,1.91,3.44,1.53,2.9766666666666666,0.6602188189448168,90.2,3186.0,3095.8,682.8,1131.9853591514925,1823.0,8908.0,7085.0,5365.5,3542.5,6.59,17.36,10.77,15.508333333333333,3.9903317183189446,0.02658,91.0,90.97342,15.22372,33.88826890964679,2.0,5.0,3.0,2.833333333333333,1.2133516482134197,-3.0,-1.0,2.0,-2.0,0.5773502691896257,1.34e-05,1.34e-05,0.0,1.34e-05,0.0,11.0,180.0,169.0,95.5,84.5,200.0,200.0,0.0,200.0,0.0,700.0,700.0,0.0,700.0,0.0,76.0,76.0,0.0,76.0,0.0,4.0,4.0,0.0,4.0,0.0,638.0,638.0,0.0,638.0,0.0,6.93e-08,1e-07,3.069999999999999e-08,8.465000000000002e-08,1.5349999999999995e-08,22.98976928,1.8,0.93,5.13907696,1.16,0.0,0.142857142857142,0.142857142857142,0.0,0.0,0.0,0.0,0.0,0.0,0.0,0.0,4.375457411551725
Na,Na0-4Ni5(P3O11)2,Ni5(P3O11)2,Na4Ni5(P3O11)2,mp-aaaabmyc,8.0,28.0,20.0,12.162162162162163,6.756432424648275,11.0,101.0,90.0,84.8918918918919,28.14324726628069,15.9994,58.6934,42.694,24.95284997621621,14.415326373568895,54.8,1728.0,1673.2,357.6454054054054,555.5022591074534,1.0,16.0,15.0,13.405405405405409,4.755988881510539,2.0,4.0,2.0,2.5405405405405403,0.7201574375391475,0.6,1.8,1.2000000000000002,0.895945945945946,0.4123725648164465,0.93,3.44,2.51,2.7591891891891893,0.8873019486010579,90.2,3186.0,3095.8,698.3351351351351,1040.380054313889,968.0,8908.0,7940.0,3956.666666666666,3517.7855092215173,6.59,23.78,17.19,16.543513513513513,4.413914250025044,0.02658,140.0,139.97342,27.48650702702703,49.82443533336722,1.0,5.0,4.0,2.648648648648649,1.2989853881835585,-3.0,-1.0,2.0,-1.918918918918919,0.6315308889485364,1.34e-05,7.1e-05,5.76e-05,3.9e-05,2.862167011199731e-05,6.3,180.0,173.7,66.08,80.57553971274409,10.0,200.0,190.0,115.55555555555556,94.41175904999112,0.69,700.0,699.31,389.1955555555556,347.48993274341734,3.3,76.0,72.7,43.68888888888889,36.1249204364966,0.5,4.0,3.5,2.4444444444444446,1.7391639824998364,638.0,638.0,0.0,638.0,0.0,4.77e-08,1e-07,5.23e-08,7.582e-08,2.1421988703199336e-08,8.0,28.0,20.0,12.303030303030305,7.14136413623857,67.0,101.0,34.0,93.84848484848484,12.083349957241342,15.9994,58.6934,42.694,25.19079915151515,15.246835019688351,54.8,1728.0,1673.2,356.0424242424242,588.1861630832605,10.0,16.0,6.0,14.909090909090908,2.1086206372260365,2.0,4.0,2.0,2.4848484848484844,0.7435057058415332,0.6,1.35,0.7500000000000001,0.7863636363636364,0.2821112845305982,1.91,3.44,1.53,2.9809090909090905,0.6542234056213595,90.2,3186.0,3095.8,642.8606060606061,1088.633711930302,1823.0,8908.0,7085.0,5043.454545454545,3527.8311999310013,6.59,17.36,10.77,15.666363636363636,3.8376159093594286,0.02658,91.0,90.97342,13.84850787878788,32.602551997829465,2.0,5.0,3.0,2.8484848484848486,1.233895337666808,-3.0,-1.0,2.0,-2.0303030303030303,0.5765544724375894,1.34e-05,1.34e-05,0.0,1.34e-05,0.0,11.0,180.0,169.0,87.81818181818181,84.15010201670279,200.0,200.0,0.0,200.0,0.0,700.0,700.0,0.0,700.0,0.0,76.0,76.0,0.0,76.0,0.0,4.0,4.0,0.0,4.0,0.0,638.0,638.0,0.0,638.0,0.0,6.93e-08,1e-07,3.069999999999999e-08,8.604545454545456e-08,1.528643865037145e-08,22.98976928,1.8,0.93,5.13907696,1.16,0.0,0.108108108108108,0.108108108108108,0.0,0.0,0.0,0.0,0.0,0.0,0.0,0.0,4.733145381551726
Na,Na0-1Ni2P3O10,Ni2P3O10,NaNi2P3O10,mp-aaaabljx,8.0,28.0,20.0,12.0,6.614378277661476,11.0,101.0,90.0,89.0625,23.04199630565893,15.9994,58.6934,42.694,24.580740955,14.117552207306812,54.8,1728.0,1673.2,332.923125,540.1490484315273,1.0,16.0,15.0,14.125,3.903123748998999,2.0,4.0,2.0,2.5,0.7071067811865476,0.6,1.8,1.2000000000000002,0.84375,0.3617988909601576,0.93,3.44,2.51,2.8575,0.8000195310115872,90.2,3186.0,3095.8,630.0,1008.5877626661944,968.0,8908.0,7940.0,4042.1666666666665,3453.9173613288563,6.59,23.78,17.19,16.35125,4.009892260086298,0.02658,140.0,139.97342,20.1858625,43.04261655256734,1.0,5.0,4.0,2.75,1.299038105676658,-3.0,-1.0,2.0,-2.0,0.6123724356957945,1.34e-05,7.1e-05,5.76e-05,3.26e-05,2.7152900397563427e-05,6.3,180.0,173.7,66.55,80.23847269234379,10.0,200.0,190.0,136.66666666666666,89.56685895029602,0.69,700.0,699.31,466.89666666666665,329.6578954343764,3.3,76.0,72.7,51.766666666666666,34.271108661508,0.5,4.0,3.5,2.833333333333333,1.6499158227686108,638.0,638.0,0.0,638.0,0.0,4.77e-08,1e-07,5.23e-08,8.105e-08,2.027171675019163e-08,8.0,28.0,20.0,12.066666666666666,6.826093725957442,67.0,101.0,34.0,94.26666666666668,11.532369901956644,15.9994,58.6934,42.694,24.68680573333333,14.57437145194225,54.8,1728.0,1673.2,330.3933333333333,557.7717543543735,10.0,16.0,6.0,15.0,2.0,2.0,4.0,2.0,2.466666666666667,0.7180219742846006,0.6,1.35,0.7500000000000001,0.78,0.2731300056749533,1.91,3.44,1.53,2.986,0.6469188511706858,90.2,3186.0,3095.8,594.9333333333333,1032.1778701152025,1823.0,8908.0,7085.0,4657.0,3470.926965523764,6.59,17.36,10.77,15.855999999999998,3.636870082914703,0.02658,91.0,90.97342,12.198253333333334,30.908697144117152,2.0,5.0,3.0,2.8666666666666663,1.2578641509408806,-3.0,-1.0,2.0,-2.0666666666666664,0.5734883511361751,1.34e-05,1.34e-05,0.0,1.34e-05,0.0,11.0,180.0,169.0,78.6,82.79275330607142,200.0,200.0,0.0,200.0,0.0,700.0,700.0,0.0,700.0,0.0,76.0,76.0,0.0,76.0,0.0,4.0,4.0,0.0,4.0,0.0,638.0,638.0,0.0,638.0,0.0,6.93e-08,1e-07,3.069999999999999e-08,8.772e-08,1.5039867020688712e-08,22.98976928,1.8,0.93,5.13907696,1.16,0.0,0.0625,0.0625,0.0,0.0,0.0,0.0,0.0,0.0,0.0,0.0,4.774255881551728
Na,Na0-1NiPO4,NiPO4,NaNiPO4,mp-aaaabllg,8.0,28.0,20.0,12.285714285714285,6.860118402024553,11.0,101.0,90.0,81.71428571428571,31.106794323125364,15.9994,58.6934,42.694,25.23636161142857,14.631786324402364,54.8,1728.0,1673.2,376.4814285714285,566.1968542686134,1.0,16.0,15.0,12.857142857142856,5.248906591678239,2.0,4.0,2.0,2.571428571428571,0.7284313590846836,0.6,1.8,1.2000000000000002,0.9357142857142856,0.4429723352489615,0.93,3.44,2.51,2.684285714285714,0.9415618808714612,90.2,3186.0,3095.8,750.3999999999999,1061.0153519826456,968.0,8908.0,7940.0,3899.666666666666,3558.586642037663,6.59,23.78,17.19,16.689999999999998,4.693195682505228,0.02658,140.0,139.97342,33.048902857142856,53.76595930719354,1.0,5.0,4.0,2.571428571428571,1.2936264483053452,-3.0,-1.0,2.0,-1.857142857142857,0.6388765649999398,1.34e-05,7.1e-05,5.76e-05,4.22e-05,2.88e-05,6.3,180.0,173.7,65.76666666666667,80.7979510191248,10.0,200.0,190.0,105.0,95.0,0.69,700.0,699.31,350.345,349.655,3.3,76.0,72.7,39.65,36.35,0.5,4.0,3.5,2.25,1.75,638.0,638.0,0.0,638.0,0.0,4.77e-08,1e-07,5.23e-08,7.233333333333333e-08,2.1458849508354872e-08,8.0,28.0,20.0,12.5,7.388053419767167,67.0,101.0,34.0,93.5,12.513326229797308,15.9994,58.6934,42.694,25.610793666666662,15.773056267008004,54.8,1728.0,1673.2,377.4166666666666,611.5574936631515,10.0,16.0,6.0,14.833333333333332,2.1921577396609844,2.0,4.0,2.0,2.5,0.7637626158259734,0.6,1.35,0.7500000000000001,0.7916666666666666,0.2892759159618297,1.91,3.44,1.53,2.9766666666666666,0.6602188189448168,90.2,3186.0,3095.8,682.8,1131.9853591514925,1823.0,8908.0,7085.0,5365.5,3542.5,6.59,17.36,10.77,15.508333333333333,3.9903317183189446,0.02658,91.0,90.97342,15.22372,33.88826890964679,2.0,5.0,3.0,2.833333333333333,1.2133516482134197,-3.0,-1.0,2.0,-2.0,0.5773502691896257,1.34e-05,1.34e-05,0.0,1.34e-05,0.0,11.0,180.0,169.0,95.5,84.5,200.0,200.0,0.0,200.0,0.0,700.0,700.0,0.0,700.0,0.0,76.0,76.0,0.0,76.0,0.0,4.0,4.0,0.0,4.0,0.0,638.0,638.0,0.0,638.0,0.0,6.93e-08,1e-07,3.069999999999999e-08,8.465000000000002e-08,1.5349999999999995e-08,22.98976928,1.8,0.93,5.13907696,1.16,0.0,0.142857142857142,0.142857142857142,0.0,0.0,0.0,0.0,0.0,0.0,0.0,0.0,4.420447996551726
Na,Na0-1Sn4(PO4)3,Sn4(PO4)3,NaSn4(PO4)3,mp-aaaabnde,8.0,50.0,42.0,17.6,16.384138671288156,11.0,101.0,90.0,91.25,19.82138996135236,15.9994,118.71,102.7106,39.137192764,40.13245578346513,54.8,505.08,450.28,200.0345,186.51623370299436,1.0,16.0,15.0,14.7,3.241913015489465,2.0,5.0,3.0,2.8,1.16619037896906,0.6,1.8,1.2000000000000002,0.89,0.3954743986657038,0.93,3.44,2.51,2.831,0.7852254453340136,90.2,2875.0,2784.8,769.42,1085.4452024860582,968.0,7310.0,6342.0,4459.625,2862.371610111972,16.29,23.78,7.490000000000002,17.415999999999997,1.5178945944959423,0.02658,140.0,139.97342,20.451348,38.20407233896324,1.0,5.0,4.0,2.8,1.2489995996796797,-4.0,-1.0,3.0,-2.5,0.8660254037844386,2.2e-05,7.1e-05,4.9000000000000005e-05,3.18e-05,1.9600000000000005e-05,6.3,58.0,51.7,33.9125,24.1304495140476,10.0,50.0,40.0,42.0,16.0,0.69,51.0,50.31,40.938,20.124,3.3,18.0,14.7,15.06,5.880000000000001,0.5,1.5,1.0,1.3000000000000005,0.4,628.0,970.0,0.0,706.0,0.0,4.77e-08,1.1e-07,6.230000000000001e-08,9.846250000000001e-08,1.9736953760649088e-08,8.0,50.0,42.0,17.94736842105263,16.737835124463963,83.0,101.0,18.0,95.4736842105263,7.534960070809803,15.9994,118.71,102.7106,39.98705715789473,40.99924116036645,54.8,505.08,450.28,191.04315789473685,187.0892413304588,14.0,16.0,2.0,15.421052631578949,0.8153649149910351,2.0,5.0,3.0,2.789473684210526,1.195559651747426,0.6,1.45,0.85,0.8421052631578947,0.3446062428393863,1.96,3.44,1.48,2.931052631578947,0.6699402544991142,90.2,2875.0,2784.8,749.0736842105263,1109.9197736973251,1823.0,7310.0,5487.0,4958.428571428571,2715.360794608694,16.29,17.36,1.0700000000000005,17.081052631578945,0.4259959814097844,0.02658,67.0,66.97342,14.159313684210526,27.28691459078127,2.0,5.0,3.0,2.894736842105263,1.2093816097974797,-4.0,-2.0,2.0,-2.578947368421052,0.8153649149910351,2.2e-05,2.2e-05,0.0,2.2e-05,0.0,11.0,58.0,47.0,37.85714285714285,23.258967987353497,50.0,50.0,0.0,50.0,0.0,51.0,51.0,0.0,51.0,0.0,18.0,18.0,0.0,18.0,0.0,1.5,1.5,0.0,1.5,0.0,628.0,970.0,0.0,716.75,0.0,1e-07,1.1e-07,1.000000000000001e-08,1.0571428571428572e-07,4.94871659305394e-09,22.98976928,1.8,0.93,5.13907696,1.16,0.0,0.05,0.05,0.0,0.0,0.0,0.0,0.0,0.0,0.0,0.0,4.348646971551719
Na,Na0-1TiP2O7,TiP2O7,NaTiP2O7,mp-aaabrhtq,8.0,22.0,14.0,10.818181818181818,4.427562058867607,11.0,101.0,90.0,86.27272727272727,27.72622948857079,15.9994,47.867,31.8676,22.254553934545456,9.920024600644906,54.8,1941.0,1886.2,302.7336363636364,532.5138680613735,1.0,16.0,15.0,13.363636363636363,5.174636171184621,2.0,4.0,2.0,2.454545454545454,0.655554777357089,0.6,1.8,1.2000000000000002,0.8545454545454545,0.3916483496097821,0.93,3.44,2.51,2.8118181818181816,0.8890425716549664,90.2,3560.0,3469.8,586.1272727272727,995.1195132343828,968.0,4507.0,3539.0,2280.25,1332.157155706488,10.64,23.78,13.14,17.270909090909093,2.8045205538897524,0.02658,140.0,139.97342,14.787096363636364,40.08953153985198,1.0,5.0,4.0,2.6363636363636367,1.2984415324623364,-3.0,-1.0,2.0,-2.0,0.6030226891555273,8.6e-06,7.1e-05,6.24e-05,3.9800000000000005e-05,3.12e-05,6.3,110.0,103.7,34.575,43.588896235165215,10.0,116.0,106.0,63.0,53.0,0.69,716.0,715.31,358.345,357.65500000000003,3.3,44.0,40.7,23.65,20.35,0.5,6.0,5.5,3.25,2.75,970.0,970.0,0.0,970.0,0.0,4.77e-08,4.2e-07,3.723e-07,1.66925e-07,1.4766471100097004e-07,8.0,22.0,14.0,10.8,4.64327470649756,51.0,101.0,50.0,93.79999999999998,14.911740341086952,15.9994,47.867,31.8676,22.1810324,10.401351705844728,54.8,1941.0,1886.2,295.9200000000001,558.0478828917819,4.0,16.0,12.0,14.6,3.555277766926236,2.0,4.0,2.0,2.4,0.6633249580710799,0.6,1.4,0.7999999999999999,0.76,0.265329983228432,1.54,3.44,1.9,3.0,0.6927481504847198,90.2,3560.0,3469.8,529.14,1026.4336746229635,1823.0,4507.0,2684.0,2717.6666666666665,1265.249733803129,10.64,17.36,6.719999999999999,16.619999999999997,1.9978388323385845,0.02658,22.0,21.97342,2.2658060000000004,6.578583199887648,2.0,5.0,3.0,2.8,1.2489995996796797,-3.0,-1.0,2.0,-2.1,0.5385164807134505,8.6e-06,8.6e-06,0.0,8.6e-06,0.0,11.0,110.0,99.0,44.0,46.66904755831214,116.0,116.0,0.0,116.0,0.0,716.0,716.0,0.0,716.0,0.0,44.0,44.0,0.0,44.0,0.0,6.0,6.0,0.0,6.0,0.0,970.0,970.0,0.0,970.0,0.0,1e-07,4.2e-07,3.2e-07,2.0666666666666666e-07,1.5084944665313014e-07,22.98976928,1.8,0.93,5.13907696,1.16,0.0,0.09090909090909,0.09090909090909,0.0,0.0,0.0,0.0,0.0,0.0,0.0,0.0,1.620052679051714
Na,Na0-1Ti3P3O13,Ti3P3O13,NaTi3P3O13,mp-aaachgga,8.0,22.0,14.0,11.3,5.129327441292864,11.0,101.0,90.0,87.35000000000001,24.73514705838637,15.9994,47.867,31.8676,23.375212764,11.576137795655754,54.8,1941.0,1886.2,392.9085,659.2997481970928,1.0,16.0,15.0,13.3,5.070502933634888,2.0,4.0,2.0,2.5,0.7416198487095662,0.6,1.8,1.2000000000000002,0.84,0.3666060555964672,0.93,3.44,2.51,2.842,0.8563153624687576,90.2,3560.0,3469.8,732.93,1217.1005879137515,968.0,4507.0,3539.0,2851.1428571428573,1461.0685354582524,10.64,23.78,13.14,16.622,2.882234549789451,0.02658,140.0,139.97342,10.352677,30.74785996709903,1.0,5.0,4.0,2.7,1.2288205727444508,-3.0,-1.0,2.0,-1.95,0.5894913061275798,8.6e-06,7.1e-05,6.24e-05,2.42e-05,2.7019992598074487e-05,6.3,110.0,103.7,52.75714285714286,49.59763407787159,10.0,116.0,106.0,89.49999999999999,45.89934640057525,0.69,716.0,715.31,537.1724999999999,309.73831579052336,3.3,44.0,40.7,33.825,17.623616967013326,0.5,6.0,5.5,4.624999999999999,2.381569860407206,970.0,970.0,0.0,970.0,0.0,4.77e-08,4.2e-07,3.723e-07,2.2967142857142858e-07,1.6571599383356126e-07,8.0,22.0,14.0,11.315789473684209,5.262105157873679,51.0,101.0,50.0,91.3684210526316,17.918559993586744,15.9994,47.867,31.8676,23.39549926315789,11.876520266789829,54.8,1941.0,1886.2,394.0684210526316,676.4073788484753,4.0,16.0,12.0,13.947368421052632,4.322203193189012,2.0,4.0,2.0,2.473684210526316,0.7517293082676685,0.6,1.4,0.7999999999999999,0.7894736842105263,0.3006917233070673,1.54,3.44,1.9,2.9426315789473683,0.7545430273055352,90.2,3560.0,3469.8,710.6631578947369,1244.7419551692026,1823.0,4507.0,2684.0,3165.0,1342.0,10.64,17.36,6.719999999999999,16.245263157894737,2.4302033019158413,0.02658,22.0,21.97342,3.529133684210526,7.998471451976711,2.0,5.0,3.0,2.7894736842105265,1.195559651747426,-3.0,-1.0,2.0,-2.0,0.5619514869490163,8.6e-06,8.6e-06,0.0,8.6e-06,0.0,11.0,110.0,99.0,60.5,49.5,116.0,116.0,0.0,116.0,0.0,716.0,716.0,0.0,716.0,0.0,44.0,44.0,0.0,44.0,0.0,6.0,6.0,0.0,6.0,0.0,970.0,970.0,0.0,970.0,0.0,1e-07,4.2e-07,3.2e-07,2.6e-07,1.6e-07,22.98976928,1.8,0.93,5.13907696,1.16,0.0,0.05,0.05,0.0,0.0,0.0,0.0,0.0,0.0,0.0,0.0,2.085293196551735
Na,Na0-1TiP2O7,TiP2O7,NaTiP2O7,mp-aaabrhuv,8.0,22.0,14.0,10.818181818181818,4.427562058867607,11.0,101.0,90.0,86.27272727272727,27.72622948857079,15.9994,47.867,31.8676,22.254553934545456,9.920024600644906,54.8,1941.0,1886.2,302.7336363636364,532.5138680613735,1.0,16.0,15.0,13.363636363636363,5.174636171184621,2.0,4.0,2.0,2.454545454545454,0.655554777357089,0.6,1.8,1.2000000000000002,0.8545454545454545,0.3916483496097821,0.93,3.44,2.51,2.8118181818181816,0.8890425716549664,90.2,3560.0,3469.8,586.1272727272727,995.1195132343828,968.0,4507.0,3539.0,2280.25,1332.157155706488,10.64,23.78,13.14,17.270909090909093,2.8045205538897524,0.02658,140.0,139.97342,14.787096363636364,40.08953153985198,1.0,5.0,4.0,2.6363636363636367,1.2984415324623364,-3.0,-1.0,2.0,-2.0,0.6030226891555273,8.6e-06,7.1e-05,6.24e-05,3.9800000000000005e-05,3.12e-05,6.3,110.0,103.7,34.575,43.588896235165215,10.0,116.0,106.0,63.0,53.0,0.69,716.0,715.31,358.345,357.65500000000003,3.3,44.0,40.7,23.65,20.35,0.5,6.0,5.5,3.25,2.75,970.0,970.0,0.0,970.0,0.0,4.77e-08,4.2e-07,3.723e-07,1.66925e-07,1.4766471100097004e-07,8.0,22.0,14.0,10.8,4.64327470649756,51.0,101.0,50.0,93.79999999999998,14.911740341086952,15.9994,47.867,31.8676,22.1810324,10.401351705844728,54.8,1941.0,1886.2,295.9200000000001,558.0478828917819,4.0,16.0,12.0,14.6,3.555277766926236,2.0,4.0,2.0,2.4,0.6633249580710799,0.6,1.4,0.7999999999999999,0.76,0.265329983228432,1.54,3.44,1.9,3.0,0.6927481504847198,90.2,3560.0,3469.8,529.14,1026.4336746229635,1823.0,4507.0,2684.0,2717.6666666666665,1265.249733803129,10.64,17.36,6.719999999999999,16.619999999999997,1.9978388323385845,0.02658,22.0,21.97342,2.2658060000000004,6.578583199887648,2.0,5.0,3.0,2.8,1.2489995996796797,-3.0,-1.0,2.0,-2.1,0.5385164807134505,8.6e-06,8.6e-06,0.0,8.6e-06,0.0,11.0,110.0,99.0,44.0,46.66904755831214,116.0,116.0,0.0,116.0,0.0,716.0,716.0,0.0,716.0,0.0,44.0,44.0,0.0,44.0,0.0,6.0,6.0,0.0,6.0,0.0,970.0,970.0,0.0,970.0,0.0,1e-07,4.2e-07,3.2e-07,2.0666666666666666e-07,1.5084944665313014e-07,22.98976928,1.8,0.93,5.13907696,1.16,0.0,0.09090909090909,0.09090909090909,0.0,0.0,0.0,0.0,0.0,0.0,0.0,0.0,1.773142271551723
Na,Na1-2.75Ti2(PO4)3,NaTi2(PO4)3,Na11Ti8(PO4)12,mp-aaabsetz,8.0,22.0,14.0,10.89873417721519,4.487944291912827,11.0,101.0,90.0,81.73417721518987,32.065877151382935,15.9994,47.867,31.8676,22.47442792506329,10.088528760363204,54.8,1941.0,1886.2,329.6907594936709,555.9591070832371,1.0,16.0,15.0,12.544303797468356,5.841357281920775,2.0,4.0,2.0,2.4936708860759493,0.6726749496499455,0.6,1.8,1.2000000000000002,0.9088607594936708,0.4407099776605355,0.93,3.44,2.51,2.708227848101266,0.9719310798789232,90.2,3560.0,3469.8,659.8177215189874,1041.6371686332784,968.0,4507.0,3539.0,2212.258064516129,1402.4741494424482,10.64,23.78,13.14,17.521772151898734,3.209888502931185,0.02658,140.0,139.97342,21.773516962025315,48.000514901388414,1.0,5.0,4.0,2.518987341772152,1.281422859224685,-3.0,-1.0,2.0,-1.9113924050632911,0.6201239855147287,8.6e-06,7.1e-05,6.24e-05,4.472631578947368e-05,3.080862562241916e-05,6.3,110.0,103.7,34.880645161290325,44.34910930738024,10.0,116.0,106.0,54.63157894736842,52.33516532013511,0.69,716.0,715.31,301.87315789473683,353.16855759571547,3.3,44.0,40.7,20.43684210526316,20.09472857103301,0.5,6.0,5.5,2.81578947368421,2.7155038609504065,970.0,970.0,0.0,970.0,0.0,4.77e-08,4.2e-07,3.723e-07,1.640225806451613e-07,1.526351938228542e-07,8.0,22.0,14.0,10.88888888888889,4.700932400290262,11.0,101.0,90.0,88.61111111111111,24.381547870125264,15.9994,47.867,31.8676,22.42432529333333,10.56622949585518,54.8,1941.0,1886.2,325.6872222222222,582.2028047740138,1.0,16.0,15.0,13.666666666666666,4.818944098266987,2.0,4.0,2.0,2.4444444444444446,0.6849348892187751,0.6,1.8,1.2000000000000002,0.8222222222222222,0.3583225665910466,0.93,3.44,2.51,2.8811111111111107,0.8361677721664932,90.2,3560.0,3469.8,611.5777777777778,1078.9958209967242,968.0,4507.0,3539.0,2575.1666666666665,1399.0597338530222,10.64,23.78,13.14,16.913333333333334,2.669673305023586,0.02658,140.0,139.97342,10.279275555555555,32.2026848940254,1.0,5.0,4.0,2.6666666666666665,1.2472191289246473,-3.0,-1.0,2.0,-2.0,0.5773502691896257,8.6e-06,7.1e-05,6.24e-05,2.9400000000000003e-05,2.941564209736038e-05,6.3,110.0,103.7,43.21666666666666,47.25217514099806,10.0,116.0,106.0,80.66666666666666,49.96887920384936,0.69,716.0,715.31,477.5633333333333,337.20036776703284,3.3,44.0,40.7,30.433333333333334,19.18616399619499,0.5,6.0,5.5,4.166666666666667,2.592724864350674,970.0,970.0,0.0,970.0,0.0,4.77e-08,4.2e-07,3.723e-07,1.9795000000000002e-07,1.580981103618889e-07,22.98976928,1.8,0.93,5.13907696,1.16,0.055555555555555,0.139240506329113,0.083684950773558,0.0,0.0,0.0,0.0,0.0,0.0,0.0,0.0,1.236566780837445
Na,Na0-3Ti2(PO4)3,Ti2(PO4)3,Na3Ti2(PO4)3,mp-aaabsbtx,8.0,22.0,14.0,10.9,4.459820624195552,11.0,101.0,90.0,80.85,32.81962065594299,15.9994,47.867,31.8676,22.480869692,10.025440668836318,54.8,1941.0,1886.2,330.20550000000003,552.4923789562622,1.0,16.0,15.0,12.4,5.944745579080739,2.0,4.0,2.0,2.5,0.6708203932499369,0.6,1.8,1.2000000000000002,0.92,0.4489988864128729,0.93,3.44,2.51,2.686,0.9858367004732578,90.2,3560.0,3469.8,666.02,1036.5733855352453,968.0,4507.0,3539.0,2173.375,1397.260081149891,10.64,23.78,13.14,17.599999999999998,3.264665373357582,0.02658,140.0,139.97342,23.251348,49.47508054041687,1.0,5.0,4.0,2.5,1.284523257866513,-3.0,-1.0,2.0,-1.9,0.6244997998398398,8.6e-06,7.1e-05,6.24e-05,4.604e-05,3.0569631989934064e-05,6.3,110.0,103.7,33.9875,43.93300119215622,10.0,116.0,106.0,52.400000000000006,51.92918254700337,0.69,716.0,715.31,286.814,350.42890158204705,3.3,44.0,40.7,19.58,19.938846506255068,0.5,6.0,5.5,2.7,2.694438717061496,970.0,970.0,0.0,970.0,0.0,4.77e-08,4.2e-07,3.723e-07,1.603875e-07,1.5158853384656114e-07,8.0,22.0,14.0,10.882352941176473,4.837140051252653,51.0,101.0,50.0,93.1764705882353,15.945625600099444,15.9994,47.867,31.8676,22.391063882352935,10.871644632595588,54.8,1941.0,1886.2,323.0294117647059,598.9756125495143,4.0,16.0,12.0,14.411764705882357,3.820360677912828,2.0,4.0,2.0,2.4117647058823533,0.6910200073218077,0.6,1.4,0.7999999999999999,0.7647058823529411,0.2764080029287231,1.54,3.44,1.9,2.9958823529411767,0.709366401827379,90.2,3560.0,3469.8,579.5529411764705,1101.9326626793422,1823.0,4507.0,2684.0,2896.6,1314.88609392601,10.64,17.36,6.719999999999999,16.50941176470588,2.1470101525506835,0.02658,22.0,21.97342,2.648644705882353,7.066553976431026,2.0,5.0,3.0,2.764705882352941,1.2141039670911935,-3.0,-1.0,2.0,-2.058823529411765,0.5391265523477459,8.6e-06,8.6e-06,0.0,8.6e-06,0.0,11.0,110.0,99.0,50.6,48.49989690710692,116.0,116.0,0.0,116.0,0.0,716.0,716.0,0.0,716.0,0.0,44.0,44.0,0.0,44.0,0.0,6.0,6.0,0.0,6.0,0.0,970.0,970.0,0.0,970.0,0.0,1e-07,4.2e-07,3.2e-07,2.2800000000000003e-07,1.567673435381234e-07,22.98976928,1.8,0.93,5.13907696,1.16,0.0,0.15,0.15,0.0,0.0,0.0,0.0,0.0,0.0,0.0,0.0,2.3060194632183992
Na,Na0-3V2(PO4)3,V2(PO4)3,Na3V2(PO4)3,mp-aaaabmqu,8.0,23.0,15.0,11.0,4.711687595755898,11.0,101.0,90.0,81.14999999999999,32.55806351735311,15.9994,50.9415,34.9421,22.788319692,10.815272611138676,54.8,2183.0,2128.2,354.4055,623.2824741678127,1.0,16.0,15.0,12.5,5.809475019311125,2.0,4.0,2.0,2.5,0.6708203932499369,0.6,1.8,1.2000000000000002,0.915,0.4438749823993237,0.93,3.44,2.51,2.6950000000000003,0.9756920620769648,90.2,3680.0,3589.8,678.02,1070.1569527877675,968.0,6110.0,5142.0,2574.125,2074.738021865652,8.32,23.78,15.46,17.368,3.7910283565280807,0.02658,140.0,139.97342,24.151348,49.5259645850612,1.0,5.0,4.0,2.6,1.42828568570857,-3.0,-1.0,2.0,-1.9,0.6244997998398398,8.4e-06,7.1e-05,6.26e-05,4.596e-05,3.066761157964539e-05,6.3,160.0,153.7,46.4875,65.56806458749564,10.0,128.0,118.0,57.2,57.807957929683,0.69,628.0,627.31,251.614,307.3178821090631,3.3,47.0,43.7,20.78,21.408540351924977,0.5,7.0,6.5,3.1,3.184336665618132,628.0,628.0,0.0,628.0,0.0,4.77e-08,1.97e-07,1.493e-07,1.046375e-07,5.793511321944578e-08,8.0,23.0,15.0,11.0,5.1105427362290525,54.0,101.0,47.0,93.52941176470588,15.014180148657209,15.9994,50.9415,34.9421,22.75276976470588,11.730451078786835,54.8,2183.0,2128.2,351.5,676.0031369575665,5.0,16.0,11.0,14.529411764705884,3.4998764189749454,2.0,4.0,2.0,2.4117647058823533,0.6910200073218077,0.6,1.35,0.7500000000000001,0.7588235294117647,0.2630339354742514,1.63,3.44,1.81,3.006470588235294,0.6879033890484622,90.2,3680.0,3589.8,593.6705882352941,1140.1334141564855,1823.0,6110.0,4287.0,3537.8,2100.1925054622966,8.32,17.36,9.04,16.236470588235292,2.8935078267135537,0.02658,31.0,30.97342,3.7074682352941175,9.96613416641179,2.0,5.0,3.0,2.882352941176471,1.3669352986614411,-3.0,-1.0,2.0,-2.058823529411765,0.5391265523477459,8.4e-06,8.4e-06,0.0,8.4e-06,0.0,11.0,160.0,149.0,70.6,72.9947943349387,128.0,128.0,0.0,128.0,0.0,628.0,628.0,0.0,628.0,0.0,47.0,47.0,0.0,47.0,0.0,7.0,7.0,0.0,7.0,0.0,628.0,628.0,0.0,628.0,0.0,1e-07,1.97e-07,9.700000000000001e-08,1.388e-07,4.7520101009993666e-08,22.98976928,1.8,0.93,5.13907696,1.16,0.0,0.15,0.15,0.0,0.0,0.0,0.0,0.0,0.0,0.0,0.0,3.125016097385055
Na,Na1-2V(PO4)2,NaV(PO4)2,Na2V(PO4)2,mp-aaabrfcs,8.0,23.0,15.0,10.692307692307692,4.356862233386552,11.0,101.0,90.0,81.84615384615385,32.67755323164665,15.9994,50.9415,34.9421,22.066443273846154,9.95616055607412,54.8,2183.0,2128.2,307.5184615384616,557.2309395138423,1.0,16.0,15.0,12.692307692307692,5.7563959796522175,2.0,4.0,2.0,2.4615384615384617,0.6343239424027171,0.6,1.8,1.2000000000000002,0.903846153846154,0.4439601240156332,0.93,3.44,2.51,2.7223076923076928,0.9729112051044286,90.2,3680.0,3589.8,601.0461538461539,968.2985113592767,968.0,6110.0,5142.0,2338.4,1924.1742748514232,8.32,23.78,15.46,17.6,3.54787910643051,0.02658,140.0,139.97342,23.975741538461538,50.14459605352288,1.0,5.0,4.0,2.5384615384615388,1.393136175098064,-3.0,-1.0,2.0,-1.9230769230769231,0.6153846153846154,8.4e-06,7.1e-05,6.26e-05,5.013333333333334e-05,2.9509923001518587e-05,6.3,160.0,153.7,38.92,60.57647728285296,10.0,128.0,118.0,49.33333333333333,55.62573345334173,0.69,628.0,627.31,209.7933333333333,295.7167699374221,3.3,47.0,43.7,17.866666666666667,20.600377558568084,0.5,7.0,6.5,2.6666666666666665,3.064129385141706,628.0,628.0,0.0,628.0,0.0,4.77e-08,1.97e-07,1.493e-07,9.848e-08,5.453077663118325e-08,8.0,23.0,15.0,10.666666666666666,4.533823502911814,11.0,101.0,90.0,87.75,26.527108775741087,15.9994,50.9415,34.9421,21.98949944,10.358986252210348,54.8,2183.0,2128.2,302.2391666666666,579.6719108320144,1.0,16.0,15.0,13.666666666666666,4.853406592853679,2.0,4.0,2.0,2.4166666666666665,0.6400954789890507,0.6,1.8,1.2000000000000002,0.8291666666666666,0.3755320299995136,0.93,3.44,2.51,2.871666666666666,0.8575724783104663,90.2,3680.0,3589.8,554.8,993.9478457142508,968.0,6110.0,5142.0,2681.0,2010.2697580175648,8.32,23.78,15.46,17.085,3.191939065834434,0.02658,140.0,139.97342,14.307053333333334,38.842433564956885,1.0,5.0,4.0,2.6666666666666665,1.3743685418725535,-3.0,-1.0,2.0,-2.0,0.5773502691896257,8.4e-06,7.1e-05,6.26e-05,3.97e-05,3.13e-05,6.3,160.0,153.7,47.075,65.2255078554395,10.0,128.0,118.0,69.0,59.0,0.69,628.0,627.31,314.345,313.65500000000003,3.3,47.0,43.7,25.15,21.85,0.5,7.0,6.5,3.75,3.25,628.0,628.0,0.0,628.0,0.0,4.77e-08,1.97e-07,1.493e-07,1.11175e-07,5.3955461957062336e-08,22.98976928,1.8,0.93,5.13907696,1.16,0.083333333333333,0.153846153846153,0.07051282051282,0.0,0.0,0.0,0.0,0.0,0.0,0.0,0.0,3.8704488865517312
Na,Na0-1VPO5,VPO5,NaVPO5,mp-aaaablhj,8.0,23.0,15.0,11.125,5.06057061999929,11.0,101.0,90.0,82.5,31.008063467427306,15.9994,50.9415,34.9421,23.11275391,11.668594075533017,54.8,2183.0,2128.2,393.14625,687.5878358242221,1.0,16.0,15.0,12.625,5.655473012931809,2.0,4.0,2.0,2.5,0.7071067811865476,0.6,1.8,1.2000000000000002,0.89375,0.4289795303974305,0.93,3.44,2.51,2.74375,0.9526664880743942,90.2,3680.0,3589.8,729.625,1170.6352482199568,968.0,6110.0,5142.0,2966.9999999999995,2249.680421748832,8.32,23.78,15.46,16.990000000000002,3.9044589894119777,0.02658,140.0,139.97342,21.4211125,45.94854015986356,1.0,5.0,4.0,2.625,1.4086784586980805,-3.0,-1.0,2.0,-1.875,0.5994789404140899,8.4e-06,7.1e-05,6.26e-05,3.97e-05,3.13e-05,6.3,160.0,153.7,59.1,71.37287066292532,10.0,128.0,118.0,69.0,59.0,0.69,628.0,627.31,314.345,313.65500000000003,3.3,47.0,43.7,25.15,21.85,0.5,7.0,6.5,3.75,3.25,628.0,628.0,0.0,628.0,0.0,4.77e-08,1.97e-07,1.493e-07,1.149e-07,6.185536893970213e-08,8.0,23.0,15.0,11.142857142857142,5.409741779646139,54.0,101.0,47.0,92.71428571428572,16.254355774150294,15.9994,50.9415,34.9421,23.130323142857144,12.47415279477468,54.8,2183.0,2128.2,396.3285714285714,735.0072044628166,5.0,16.0,11.0,14.285714285714285,3.806546455564065,2.0,4.0,2.0,2.428571428571429,0.7284313590846836,0.6,1.35,0.7500000000000001,0.7642857142857142,0.2760878298583956,1.63,3.44,1.81,3.0028571428571427,0.7072020177272906,90.2,3680.0,3589.8,668.7142857142857,1239.5464970574303,1823.0,6110.0,4287.0,3966.5,2143.5,8.32,17.36,9.04,16.02,3.1457000129428376,0.02658,31.0,30.97342,4.481271428571428,10.826466731159243,2.0,5.0,3.0,2.8571428571428568,1.3552618543578767,-3.0,-1.0,2.0,-2.0,0.5345224838248488,8.4e-06,8.4e-06,0.0,8.4e-06,0.0,11.0,160.0,149.0,85.5,74.5,128.0,128.0,0.0,128.0,0.0,628.0,628.0,0.0,628.0,0.0,47.0,47.0,0.0,47.0,0.0,7.0,7.0,0.0,7.0,0.0,628.0,628.0,0.0,628.0,0.0,1e-07,1.97e-07,9.700000000000001e-08,1.485e-07,4.85e-08,22.98976928,1.8,0.93,5.13907696,1.16,0.0,0.125,0.125,0.0,0.0,0.0,0.0,0.0,0.0,0.0,0.0,3.600908689051717
Na,Na0-1V2P2O9,V2P2O9,NaV2P2O9,mp-aaacyvul,8.0,23.0,15.0,11.357142857142858,5.339972483304477,11.0,101.0,90.0,86.28571428571428,26.3613043559483,15.9994,50.9415,34.9421,23.629635234285715,12.317647461720936,54.8,2183.0,2128.2,418.905,728.9997506637826,1.0,16.0,15.0,13.214285714285715,5.073440244879932,2.0,4.0,2.0,2.5,0.7319250547113999,0.6,1.8,1.2000000000000002,0.85,0.3789082059964241,0.93,3.44,2.51,2.823571428571429,0.8724972954756048,90.2,3680.0,3589.8,744.842857142857,1234.3965562829735,968.0,6110.0,5142.0,3366.8,2261.4672582197604,8.32,23.78,15.46,16.478571428571428,3.722652389940072,0.02658,140.0,139.97342,14.479372857142856,36.4368204800753,1.0,5.0,4.0,2.7857142857142856,1.4232042032265195,-3.0,-1.0,2.0,-1.9285714285714288,0.5933302759227196,8.4e-06,7.1e-05,6.26e-05,2.926666666666667e-05,2.9509923001518587e-05,6.3,160.0,153.7,69.66000000000001,73.78226345132006,10.0,128.0,118.0,88.66666666666666,55.62573345334173,0.69,628.0,627.31,418.89666666666665,295.7167699374221,3.3,47.0,43.7,32.43333333333333,20.600377558568084,0.5,7.0,6.5,4.833333333333333,3.064129385141705,628.0,628.0,0.0,628.0,0.0,4.77e-08,1.97e-07,1.493e-07,1.2834e-07,5.9224170741345135e-08,8.0,23.0,15.0,11.384615384615383,5.54059787857511,54.0,101.0,47.0,92.07692307692308,16.69851001396204,15.9994,50.9415,34.9421,23.67885569230769,12.781300111257991,54.8,2183.0,2128.2,422.6,756.392453080359,5.0,16.0,11.0,14.153846153846152,3.919304370109845,2.0,4.0,2.0,2.4615384615384617,0.7457969011409736,0.6,1.35,0.7500000000000001,0.7769230769230769,0.2825810874880291,1.63,3.44,1.81,2.9692307692307693,0.723032731873839,90.2,3680.0,3589.8,713.2153846153847,1275.5160028825462,1823.0,6110.0,4287.0,3966.5,2143.5,8.32,17.36,9.04,15.916923076923077,3.241584096644926,0.02658,31.0,30.97342,4.82394,11.16175678156583,2.0,5.0,3.0,2.923076923076924,1.3846153846153846,-3.0,-1.0,2.0,-2.0,0.5547001962252291,8.4e-06,8.4e-06,0.0,8.4e-06,0.0,11.0,160.0,149.0,85.5,74.5,128.0,128.0,0.0,128.0,0.0,628.0,628.0,0.0,628.0,0.0,47.0,47.0,0.0,47.0,0.0,7.0,7.0,0.0,7.0,0.0,628.0,628.0,0.0,628.0,0.0,1e-07,1.97e-07,9.700000000000001e-08,1.485e-07,4.85e-08,22.98976928,1.8,0.93,5.13907696,1.16,0.0,0.071428571428571,0.071428571428571,0.0,0.0,0.0,0.0,0.0,0.0,0.0,0.0,4.149546079051721
Na,Na0-1VP2O7,VP2O7,NaVP2O7,mp-aaaabnge,8.0,23.0,15.0,10.90909090909091,4.660365679264108,11.0,101.0,90.0,86.54545454545453,27.390654133924905,15.9994,50.9415,34.9421,22.53405393454545,10.653893557192564,54.8,2183.0,2128.2,324.7336363636364,600.4121415142151,1.0,16.0,15.0,13.454545454545457,5.01567789968499,2.0,4.0,2.0,2.454545454545454,0.655554777357089,0.6,1.8,1.2000000000000002,0.85,0.3855338683389095,0.93,3.44,2.51,2.82,0.8776414674880314,90.2,3680.0,3589.8,597.0363636363636,1027.782770887035,968.0,6110.0,5142.0,2681.0,2010.2697580175648,8.32,23.78,15.46,17.060000000000002,3.332746615030912,0.02658,140.0,139.97342,15.605278181818184,40.31956953123335,1.0,5.0,4.0,2.7272727272727275,1.4200453956193917,-3.0,-1.0,2.0,-2.0,0.6030226891555273,8.4e-06,7.1e-05,6.26e-05,3.97e-05,3.13e-05,6.3,160.0,153.7,47.075,65.2255078554395,10.0,128.0,118.0,69.0,59.0,0.69,628.0,627.31,314.345,313.65500000000003,3.3,47.0,43.7,25.15,21.85,0.5,7.0,6.5,3.75,3.25,628.0,628.0,0.0,628.0,0.0,4.77e-08,1.97e-07,1.493e-07,1.11175e-07,5.3955461957062336e-08,8.0,23.0,15.0,10.9,4.887739763939975,54.0,101.0,47.0,94.1,14.053113534018005,15.9994,50.9415,34.9421,22.4884824,11.17287556130556,54.8,2183.0,2128.2,320.12,629.5316287526784,5.0,16.0,11.0,14.7,3.2572994949804666,2.0,4.0,2.0,2.4,0.6633249580710799,0.6,1.35,0.7500000000000001,0.755,0.2534265179494838,1.63,3.44,1.81,3.009,0.6740541521272605,90.2,3680.0,3589.8,541.14,1061.886400892299,1823.0,6110.0,4287.0,3252.0,2020.9111806311528,8.32,17.36,9.04,16.387999999999998,2.6926745068797304,0.02658,31.0,30.97342,3.1658060000000003,9.278432309277468,2.0,5.0,3.0,2.9,1.374772708486752,-3.0,-1.0,2.0,-2.1,0.5385164807134505,8.4e-06,8.4e-06,0.0,8.4e-06,0.0,11.0,160.0,149.0,60.66666666666666,70.23927359786371,128.0,128.0,0.0,128.0,0.0,628.0,628.0,0.0,628.0,0.0,47.0,47.0,0.0,47.0,0.0,7.0,7.0,0.0,7.0,0.0,628.0,628.0,0.0,628.0,0.0,1e-07,1.97e-07,9.700000000000001e-08,1.3233333333333334e-07,4.5726238516730085e-08,22.98976928,1.8,0.93,5.13907696,1.16,0.0,0.09090909090909,0.09090909090909,0.0,0.0,0.0,0.0,0.0,0.0,0.0,0.0,3.607397424051729
Na,Na0-1VPO5,VPO5,NaVPO5,mp-aaaabccu,8.0,23.0,15.0,11.125,5.06057061999929,11.0,101.0,90.0,82.5,31.008063467427306,15.9994,50.9415,34.9421,23.11275391,11.668594075533017,54.8,2183.0,2128.2,393.14625,687.5878358242221,1.0,16.0,15.0,12.625,5.655473012931809,2.0,4.0,2.0,2.5,0.7071067811865476,0.6,1.8,1.2000000000000002,0.89375,0.4289795303974305,0.93,3.44,2.51,2.74375,0.9526664880743942,90.2,3680.0,3589.8,729.625,1170.6352482199568,968.0,6110.0,5142.0,2966.9999999999995,2249.680421748832,8.32,23.78,15.46,16.990000000000002,3.9044589894119777,0.02658,140.0,139.97342,21.4211125,45.94854015986356,1.0,5.0,4.0,2.625,1.4086784586980805,-3.0,-1.0,2.0,-1.875,0.5994789404140899,8.4e-06,7.1e-05,6.26e-05,3.97e-05,3.13e-05,6.3,160.0,153.7,59.1,71.37287066292532,10.0,128.0,118.0,69.0,59.0,0.69,628.0,627.31,314.345,313.65500000000003,3.3,47.0,43.7,25.15,21.85,0.5,7.0,6.5,3.75,3.25,628.0,628.0,0.0,628.0,0.0,4.77e-08,1.97e-07,1.493e-07,1.149e-07,6.185536893970213e-08,8.0,23.0,15.0,11.142857142857142,5.409741779646139,54.0,101.0,47.0,92.71428571428572,16.254355774150294,15.9994,50.9415,34.9421,23.130323142857144,12.47415279477468,54.8,2183.0,2128.2,396.3285714285714,735.0072044628166,5.0,16.0,11.0,14.285714285714285,3.806546455564065,2.0,4.0,2.0,2.428571428571429,0.7284313590846836,0.6,1.35,0.7500000000000001,0.7642857142857142,0.2760878298583956,1.63,3.44,1.81,3.0028571428571427,0.7072020177272906,90.2,3680.0,3589.8,668.7142857142857,1239.5464970574303,1823.0,6110.0,4287.0,3966.5,2143.5,8.32,17.36,9.04,16.02,3.1457000129428376,0.02658,31.0,30.97342,4.481271428571428,10.826466731159243,2.0,5.0,3.0,2.8571428571428568,1.3552618543578767,-3.0,-1.0,2.0,-2.0,0.5345224838248488,8.4e-06,8.4e-06,0.0,8.4e-06,0.0,11.0,160.0,149.0,85.5,74.5,128.0,128.0,0.0,128.0,0.0,628.0,628.0,0.0,628.0,0.0,47.0,47.0,0.0,47.0,0.0,7.0,7.0,0.0,7.0,0.0,628.0,628.0,0.0,628.0,0.0,1e-07,1.97e-07,9.700000000000001e-08,1.485e-07,4.85e-08,22.98976928,1.8,0.93,5.13907696,1.16,0.0,0.125,0.125,0.0,0.0,0.0,0.0,0.0,0.0,0.0,0.0,3.419470574051725
Na,Na0-1V3P3O13,V3P3O13,NaV3P3O13,mp-aaachqex,8.0,23.0,15.0,11.45,5.444951790420187,11.0,101.0,90.0,87.80000000000001,24.08858650896727,15.9994,50.9415,34.9421,23.836387764,12.561933226140363,54.8,2183.0,2128.2,429.2085,744.6707399064031,1.0,16.0,15.0,13.45,4.800781186432058,2.0,4.0,2.0,2.5,0.7416198487095662,0.6,1.8,1.2000000000000002,0.8325,0.3554134915840984,0.93,3.44,2.51,2.8555,0.8361547404637493,90.2,3680.0,3589.8,750.93,1258.945733977442,968.0,6110.0,5142.0,3538.1428571428573,2244.807559589872,8.32,23.78,15.46,16.274,3.6272584688714975,0.02658,140.0,139.97342,11.702676999999998,31.41983712014324,1.0,5.0,4.0,2.85,1.4239030865898143,-3.0,-1.0,2.0,-1.95,0.5894913061275798,8.4e-06,7.1e-05,6.26e-05,2.405e-05,2.710659513845293e-05,6.3,160.0,153.7,74.1857142857143,74.33327323752185,10.0,128.0,118.0,98.5,51.09549882328188,0.69,628.0,627.31,471.1725,271.6331980240081,3.3,47.0,43.7,36.075,18.922655072689984,0.5,7.0,6.5,5.374999999999999,2.8145825622994254,628.0,628.0,0.0,628.0,0.0,4.77e-08,1.97e-07,1.493e-07,1.3410000000000004e-07,5.7099687264592676e-08,8.0,23.0,15.0,11.473684210526317,5.585398454924859,54.0,101.0,47.0,91.84210526315788,16.85312139726718,15.9994,50.9415,34.9421,23.880946631578947,12.886730916031452,54.8,2183.0,2128.2,432.2789473684211,763.892652680954,5.0,16.0,11.0,14.105263157894736,3.958930435598208,2.0,4.0,2.0,2.473684210526316,0.7517293082676685,0.6,1.35,0.7500000000000001,0.781578947368421,0.2847947212309196,1.63,3.44,1.81,2.9568421052631577,0.7283872063934629,90.2,3680.0,3589.8,729.6105263157895,1288.12735636077,1823.0,6110.0,4287.0,3966.5,2143.5,8.32,17.36,9.04,15.878947368421052,3.275384902631721,0.02658,31.0,30.97342,4.950186315789473,11.280149601923313,2.0,5.0,3.0,2.947368421052632,1.394488557841239,-3.0,-1.0,2.0,-2.0,0.5619514869490163,8.4e-06,8.4e-06,0.0,8.4e-06,0.0,11.0,160.0,149.0,85.5,74.5,128.0,128.0,0.0,128.0,0.0,628.0,628.0,0.0,628.0,0.0,47.0,47.0,0.0,47.0,0.0,7.0,7.0,0.0,7.0,0.0,628.0,628.0,0.0,628.0,0.0,1e-07,1.97e-07,9.700000000000001e-08,1.485e-07,4.85e-08,22.98976928,1.8,0.93,5.13907696,1.16,0.0,0.05,0.05,0.0,0.0,0.0,0.0,0.0,0.0,0.0,0.0,4.892302771551703
Na,Na1-2V3P2O13,NaV3P2O13,Na2V3P2O13,mp-aaabsetn,8.0,23.0,15.0,11.25,5.384004086179727,11.0,101.0,90.0,83.85000000000001,29.314288324979,15.9994,50.9415,34.9421,23.437188128000003,12.455181195882435,54.8,2183.0,2128.2,431.887,744.3596777909186,1.0,16.0,15.0,12.75,5.494315243958978,2.0,4.0,2.0,2.5,0.7416198487095663,0.6,1.8,1.2000000000000002,0.8725,0.4124545429498868,0.93,3.44,2.51,2.7925000000000004,0.9265089044364334,90.2,3680.0,3589.8,781.23,1261.0359682023347,968.0,6110.0,5142.0,3416.0,2355.346926220667,8.32,23.78,15.46,16.612000000000002,3.978936541338652,0.02658,140.0,139.97342,18.690877,41.89041830530618,1.0,5.0,4.0,2.6500000000000004,1.388344337691482,-3.0,-1.0,2.0,-1.85,0.5722761571129799,8.4e-06,7.1e-05,6.26e-05,3.3440000000000005e-05,3.066761157964539e-05,6.3,160.0,153.7,73.51428571428572,74.91988918784095,10.0,128.0,118.0,80.8,57.807957929683,0.69,628.0,627.31,377.076,307.3178821090631,3.3,47.0,43.7,29.52,21.408540351924977,0.5,7.0,6.5,4.4,3.184336665618132,628.0,628.0,0.0,628.0,0.0,4.77e-08,1.97e-07,1.493e-07,1.2662857142857145e-07,6.406917498823806e-08,8.0,23.0,15.0,11.263157894736842,5.52355820923965,11.0,101.0,90.0,87.6842105263158,24.708942833631685,15.9994,50.9415,34.9421,23.46073648842105,12.77831232749135,54.8,2183.0,2128.2,435.0984210526316,763.5618602056187,1.0,16.0,15.0,13.36842105263158,4.91196740855583,2.0,4.0,2.0,2.473684210526316,0.7517293082676685,0.6,1.8,1.2000000000000002,0.8236842105263158,0.3625089548994224,0.93,3.44,2.51,2.8905263157894736,0.8434545112010333,90.2,3680.0,3589.8,761.5052631578947,1290.7849400853909,968.0,6110.0,5142.0,3824.0,2303.6972457334755,8.32,23.78,15.46,16.234736842105264,3.717343942034353,0.02658,140.0,139.97342,12.306186315789471,32.12288769652996,1.0,5.0,4.0,2.736842105263157,1.3704438490833195,-3.0,-1.0,2.0,-1.8947368421052635,0.5520046569316587,8.4e-06,7.1e-05,6.26e-05,2.405e-05,2.710659513845293e-05,6.3,160.0,153.7,84.71666666666667,75.29963294878816,10.0,128.0,118.0,98.5,51.09549882328188,0.69,628.0,627.31,471.1725,271.6331980240081,3.3,47.0,43.7,36.075,18.922655072689984,0.5,7.0,6.5,5.375,2.8145825622994254,628.0,628.0,0.0,628.0,0.0,4.77e-08,1.97e-07,1.493e-07,1.3978333333333334e-07,5.981361095566423e-08,22.98976928,1.8,0.93,5.13907696,1.16,0.052631578947368,0.1,0.047368421052632,0.0,0.0,0.0,0.0,0.0,0.0,0.0,0.0,3.6936536090517262
Na,Na0-3V2(PO4)3,V2(PO4)3,Na3V2(PO4)3,mp-aaaabmqa,8.0,23.0,15.0,11.0,4.711687595755898,11.0,101.0,90.0,81.14999999999999,32.55806351735311,15.9994,50.9415,34.9421,22.788319692,10.815272611138676,54.8,2183.0,2128.2,354.4055,623.2824741678127,1.0,16.0,15.0,12.5,5.809475019311125,2.0,4.0,2.0,2.5,0.6708203932499369,0.6,1.8,1.2000000000000002,0.915,0.4438749823993237,0.93,3.44,2.51,2.6950000000000003,0.9756920620769648,90.2,3680.0,3589.8,678.02,1070.1569527877675,968.0,6110.0,5142.0,2574.125,2074.738021865652,8.32,23.78,15.46,17.368,3.7910283565280807,0.02658,140.0,139.97342,24.151348,49.5259645850612,1.0,5.0,4.0,2.6,1.42828568570857,-3.0,-1.0,2.0,-1.9,0.6244997998398398,8.4e-06,7.1e-05,6.26e-05,4.596e-05,3.066761157964539e-05,6.3,160.0,153.7,46.4875,65.56806458749564,10.0,128.0,118.0,57.2,57.807957929683,0.69,628.0,627.31,251.614,307.3178821090631,3.3,47.0,43.7,20.78,21.408540351924977,0.5,7.0,6.5,3.1,3.184336665618132,628.0,628.0,0.0,628.0,0.0,4.77e-08,1.97e-07,1.493e-07,1.046375e-07,5.793511321944578e-08,8.0,23.0,15.0,11.0,5.1105427362290525,54.0,101.0,47.0,93.52941176470588,15.014180148657209,15.9994,50.9415,34.9421,22.75276976470588,11.730451078786835,54.8,2183.0,2128.2,351.5,676.0031369575665,5.0,16.0,11.0,14.529411764705884,3.4998764189749454,2.0,4.0,2.0,2.4117647058823533,0.6910200073218077,0.6,1.35,0.7500000000000001,0.7588235294117647,0.2630339354742514,1.63,3.44,1.81,3.006470588235294,0.6879033890484622,90.2,3680.0,3589.8,593.6705882352941,1140.1334141564855,1823.0,6110.0,4287.0,3537.8,2100.1925054622966,8.32,17.36,9.04,16.236470588235292,2.8935078267135537,0.02658,31.0,30.97342,3.7074682352941175,9.96613416641179,2.0,5.0,3.0,2.882352941176471,1.3669352986614411,-3.0,-1.0,2.0,-2.058823529411765,0.5391265523477459,8.4e-06,8.4e-06,0.0,8.4e-06,0.0,11.0,160.0,149.0,70.6,72.9947943349387,128.0,128.0,0.0,128.0,0.0,628.0,628.0,0.0,628.0,0.0,47.0,47.0,0.0,47.0,0.0,7.0,7.0,0.0,7.0,0.0,628.0,628.0,0.0,628.0,0.0,1e-07,1.97e-07,9.700000000000001e-08,1.388e-07,4.7520101009993666e-08,22.98976928,1.8,0.93,5.13907696,1.16,0.0,0.15,0.15,0.0,0.0,0.0,0.0,0.0,0.0,0.0,0.0,3.348916998218388
Na,Na0-1VP2O7,VP2O7,NaVP2O7,mp-aaaablkw,8.0,23.0,15.0,10.90909090909091,4.660365679264108,11.0,101.0,90.0,86.54545454545453,27.390654133924905,15.9994,50.9415,34.9421,22.53405393454545,10.653893557192564,54.8,2183.0,2128.2,324.7336363636364,600.4121415142151,1.0,16.0,15.0,13.454545454545457,5.01567789968499,2.0,4.0,2.0,2.454545454545454,0.655554777357089,0.6,1.8,1.2000000000000002,0.85,0.3855338683389095,0.93,3.44,2.51,2.82,0.8776414674880314,90.2,3680.0,3589.8,597.0363636363636,1027.782770887035,968.0,6110.0,5142.0,2681.0,2010.2697580175648,8.32,23.78,15.46,17.060000000000002,3.332746615030912,0.02658,140.0,139.97342,15.605278181818184,40.31956953123335,1.0,5.0,4.0,2.7272727272727275,1.4200453956193917,-3.0,-1.0,2.0,-2.0,0.6030226891555273,8.4e-06,7.1e-05,6.26e-05,3.97e-05,3.13e-05,6.3,160.0,153.7,47.075,65.2255078554395,10.0,128.0,118.0,69.0,59.0,0.69,628.0,627.31,314.345,313.65500000000003,3.3,47.0,43.7,25.15,21.85,0.5,7.0,6.5,3.75,3.25,628.0,628.0,0.0,628.0,0.0,4.77e-08,1.97e-07,1.493e-07,1.11175e-07,5.3955461957062336e-08,8.0,23.0,15.0,10.9,4.887739763939975,54.0,101.0,47.0,94.1,14.053113534018005,15.9994,50.9415,34.9421,22.4884824,11.17287556130556,54.8,2183.0,2128.2,320.12,629.5316287526784,5.0,16.0,11.0,14.7,3.2572994949804666,2.0,4.0,2.0,2.4,0.6633249580710799,0.6,1.35,0.7500000000000001,0.755,0.2534265179494838,1.63,3.44,1.81,3.009,0.6740541521272605,90.2,3680.0,3589.8,541.14,1061.886400892299,1823.0,6110.0,4287.0,3252.0,2020.9111806311528,8.32,17.36,9.04,16.387999999999998,2.6926745068797304,0.02658,31.0,30.97342,3.1658060000000003,9.278432309277468,2.0,5.0,3.0,2.9,1.374772708486752,-3.0,-1.0,2.0,-2.1,0.5385164807134505,8.4e-06,8.4e-06,0.0,8.4e-06,0.0,11.0,160.0,149.0,60.66666666666666,70.23927359786371,128.0,128.0,0.0,128.0,0.0,628.0,628.0,0.0,628.0,0.0,47.0,47.0,0.0,47.0,0.0,7.0,7.0,0.0,7.0,0.0,628.0,628.0,0.0,628.0,0.0,1e-07,1.97e-07,9.700000000000001e-08,1.3233333333333334e-07,4.5726238516730085e-08,22.98976928,1.8,0.93,5.13907696,1.16,0.0,0.09090909090909,0.09090909090909,0.0,0.0,0.0,0.0,0.0,0.0,0.0,0.0,3.586303236551732
Na,Na0-1VPO5,VPO5,NaVPO5,mp-aaaabljt,8.0,23.0,15.0,11.125,5.06057061999929,11.0,101.0,90.0,82.5,31.008063467427306,15.9994,50.9415,34.9421,23.11275391,11.668594075533017,54.8,2183.0,2128.2,393.14625,687.5878358242221,1.0,16.0,15.0,12.625,5.655473012931809,2.0,4.0,2.0,2.5,0.7071067811865476,0.6,1.8,1.2000000000000002,0.89375,0.4289795303974305,0.93,3.44,2.51,2.74375,0.9526664880743942,90.2,3680.0,3589.8,729.625,1170.6352482199568,968.0,6110.0,5142.0,2966.9999999999995,2249.680421748832,8.32,23.78,15.46,16.990000000000002,3.9044589894119777,0.02658,140.0,139.97342,21.4211125,45.94854015986356,1.0,5.0,4.0,2.625,1.4086784586980805,-3.0,-1.0,2.0,-1.875,0.5994789404140899,8.4e-06,7.1e-05,6.26e-05,3.97e-05,3.13e-05,6.3,160.0,153.7,59.1,71.37287066292532,10.0,128.0,118.0,69.0,59.0,0.69,628.0,627.31,314.345,313.65500000000003,3.3,47.0,43.7,25.15,21.85,0.5,7.0,6.5,3.75,3.25,628.0,628.0,0.0,628.0,0.0,4.77e-08,1.97e-07,1.493e-07,1.149e-07,6.185536893970213e-08,8.0,23.0,15.0,11.142857142857142,5.409741779646139,54.0,101.0,47.0,92.71428571428572,16.254355774150294,15.9994,50.9415,34.9421,23.130323142857144,12.47415279477468,54.8,2183.0,2128.2,396.3285714285714,735.0072044628166,5.0,16.0,11.0,14.285714285714285,3.806546455564065,2.0,4.0,2.0,2.428571428571429,0.7284313590846836,0.6,1.35,0.7500000000000001,0.7642857142857142,0.2760878298583956,1.63,3.44,1.81,3.0028571428571427,0.7072020177272906,90.2,3680.0,3589.8,668.7142857142857,1239.5464970574303,1823.0,6110.0,4287.0,3966.5,2143.5,8.32,17.36,9.04,16.02,3.1457000129428376,0.02658,31.0,30.97342,4.481271428571428,10.826466731159243,2.0,5.0,3.0,2.8571428571428568,1.3552618543578767,-3.0,-1.0,2.0,-2.0,0.5345224838248488,8.4e-06,8.4e-06,0.0,8.4e-06,0.0,11.0,160.0,149.0,85.5,74.5,128.0,128.0,0.0,128.0,0.0,628.0,628.0,0.0,628.0,0.0,47.0,47.0,0.0,47.0,0.0,7.0,7.0,0.0,7.0,0.0,628.0,628.0,0.0,628.0,0.0,1e-07,1.97e-07,9.700000000000001e-08,1.485e-07,4.85e-08,22.98976928,1.8,0.93,5.13907696,1.16,0.0,0.125,0.125,0.0,0.0,0.0,0.0,0.0,0.0,0.0,0.0,3.337510494051724
Na,Na0-0.25PW3O11,PW3O11,NaP4(W3O11)4,mp-aaaabrjq,8.0,74.0,66.0,21.49180327868853,26.043231996312592,11.0,101.0,90.0,89.75409836065573,20.748814493256504,15.9994,183.84,167.8406,50.113744545573766,66.28308597913946,54.8,3695.0,3640.2,793.2995081967214,1437.8942070165974,1.0,16.0,15.0,13.721311475409836,4.270106335455574,2.0,6.0,4.0,2.8688524590163933,1.573087283396086,0.6,1.8,1.2000000000000002,0.7934426229508198,0.3276187570737713,0.93,3.44,2.51,3.104426229508197,0.5679659554279004,90.2,5828.0,5737.8,1266.5704918032786,2263.882782065481,968.0,19250.0,18282.0,14074.117647058823,8020.587303436172,9.47,23.78,14.31,15.890819672131148,3.281932804719648,0.02658,170.0,169.97342,35.77235278688524,68.75245679203388,1.0,6.0,5.0,2.9672131147540988,1.678867818294047,-3.0,-1.0,2.0,-2.0491803278688527,0.2820434513784468,4.5e-06,7.1e-05,6.65e-05,9.615384615384616e-06,1.7720212108204667e-05,6.3,310.0,303.7,221.7823529411765,136.6699942768717,10.0,411.0,401.0,380.1538461538462,106.8542113592492,0.69,2570.0,2569.31,2372.360769230769,684.6423785222757,3.3,161.0,157.7,148.86923076923077,42.02221728517107,0.5,7.5,7.0,6.961538461538462,1.865285485074176,3430.0,3430.0,0.0,3430.0,0.0,4.77e-08,1e-07,5.23e-08,6.36058823529412e-08,2.0222773143988384e-08,8.0,74.0,66.0,21.666666666666668,26.223822926661335,55.0,101.0,46.0,91.06666666666666,18.23720251451838,15.9994,183.84,167.8406,50.5658108,66.7398337868631,54.8,3695.0,3640.2,800.3399999999999,1448.7839957702458,6.0,16.0,10.0,13.933333333333334,3.974362282877035,2.0,6.0,4.0,2.8666666666666667,1.586050300449376,0.6,1.35,0.7500000000000001,0.7766666666666666,0.3032417444145109,2.19,3.44,1.25,3.1406666666666663,0.4978415633735518,90.2,5828.0,5737.8,1268.4133333333336,2282.6251360707965,1823.0,19250.0,17427.0,14893.25,7546.112355875706,9.47,17.36,7.889999999999999,15.759333333333334,3.145789708306785,0.02658,170.0,169.97342,34.03522533333333,67.98240704530292,2.0,6.0,4.0,3.0,1.6733200530681511,-3.0,-2.0,1.0,-2.0666666666666664,0.2494438257849294,4.5e-06,4.5e-06,0.0,4.5e-06,0.0,11.0,310.0,299.0,235.25,129.4707978657736,411.0,411.0,0.0,411.0,0.0,2570.0,2570.0,0.0,2570.0,0.0,161.0,161.0,0.0,161.0,0.0,7.5,7.5,0.0,7.5,0.0,3430.0,3430.0,0.0,3430.0,0.0,5.28e-08,1e-07,4.719999999999999e-08,6.460000000000001e-08,2.0438199529312753e-08,22.98976928,1.8,0.93,5.13907696,1.16,0.0,0.01639344262295,0.01639344262295,0.0,0.0,0.0,0.0,0.0,0.0,0.0,0.0,2.67626452655168
Na,Na0-1PrTi2O6,PrTi2O6,NaPrTi2O6,mp-aaachlbf,8.0,59.0,51.0,16.2,15.26302722267113,11.0,101.0,90.0,75.0,33.52610922848042,15.9994,140.90765,124.90825,35.562781928,37.22198935527936,54.8,1941.0,1886.2,578.967,761.4302939869151,1.0,16.0,15.0,10.8,6.415605972938176,2.0,6.0,4.0,2.9000000000000004,1.3,0.6,1.85,1.25,1.005,0.5140282093426392,0.93,3.44,2.51,2.5780000000000003,1.068913467030891,90.2,3563.0,3472.8,1238.02,1552.4299029585843,968.0,6640.0,5672.0,4155.5,2035.9273685473163,10.64,23.78,13.14,17.002,3.769418522796321,0.02658,140.0,139.97342,19.715948000000004,41.04853003895677,1.0,4.0,3.0,2.5,1.02469507659596,-2.0,2.0,4.0,-1.3,1.1874342087037917,6.7e-06,7.1e-05,6.43e-05,2.3725e-05,2.7305253615375927e-05,6.3,110.0,103.7,63.825,46.86727936417901,10.0,116.0,106.0,69.75,47.22486103738157,0.69,716.0,715.31,478.4225,292.02787626997184,3.3,44.0,40.7,26.575,17.909267852148506,0.5,6.0,5.5,4.166666666666667,2.592724864350674,400.0,970.0,570.0,780.0,268.70057685088807,4.77e-08,7e-07,6.523e-07,3.96925e-07,2.3177438787536469e-07,8.0,59.0,51.0,16.777777777777775,15.984560451870616,31.0,101.0,70.0,82.1111111111111,27.261875880856216,15.9994,140.90765,124.90825,36.95978333333333,38.98592303249412,54.8,1941.0,1886.2,602.0888888888888,799.2805771364986,3.0,16.0,13.0,11.888888888888888,5.820355934981686,2.0,6.0,4.0,2.8888888888888884,1.3698697784375502,0.6,1.85,1.25,0.9166666666666664,0.4642796092394706,1.13,3.44,2.31,2.76111111111111,0.9665568264543124,90.2,3563.0,3472.8,1247.1333333333334,1636.151014491701,4507.0,6640.0,2133.0,5218.0,1005.5058428472706,10.64,20.8,10.16,16.24888888888889,3.180483696422585,0.02658,22.0,21.97342,6.351053333333333,9.27350666620178,2.0,4.0,2.0,2.6666666666666665,0.9428090415820634,-2.0,2.0,4.0,-1.3333333333333333,1.247219128924647,6.7e-06,8.6e-06,1.9000000000000004e-06,7.966666666666666e-06,8.956685895029604e-07,29.0,110.0,81.0,83.0,38.18376618407357,37.0,116.0,79.0,89.66666666666666,37.2409571424915,481.0,716.0,235.0,637.6666666666666,110.78006238589244,15.0,44.0,29.0,34.33333333333333,13.670731102939918,6.0,6.0,0.0,6.0,0.0,400.0,970.0,570.0,780.0,268.70057685088807,4.2e-07,7e-07,2.8e-07,5.133333333333332e-07,1.3199326582148886e-07,22.98976928,1.8,0.93,5.13907696,1.16,0.0,0.1,0.1,0.0,0.0,0.0,0.0,0.0,0.0,0.0,0.0,4.204540971551726
