Working Ion,Battery Formula,Formula (Charged State),Formula (Discharged State),Electrode_data_material_id,Average Voltage (V)
Ca,Ca0-1BiF5,BiF5,CaBiF5,mp-aaaczxmh,5.275976172500001
Mg,Mg0-2Ta2WO8,Ta2WO8,Mg2Ta2WO8,mp-aaachnwn,1.9579805425
Zn,Zn0-1SrFe(PO4)2,SrFe(PO4)2,SrZnFe(PO4)2,mp-aaachobq,2.035916725
Mg,Mg0-0.5FeO2,FeO2,Mg(FeO2)2,mp-aaacziqu,3.851714435833327
Mg,Mg0-1Mo2HO6,Mo2HO6,MgMo2HO6,mp-aaabjqet,2.142448034999998
Li,Li2-3Ti6Zn3O16,Li2Ti6Zn3O16,Li3Ti6Zn3O16,mp-aaabrgaz,1.650572793333315
Mg,Mg0-1SbN(OF3)2,SbN(OF3)2,MgSbN(OF3)2,mp-aaacjjda,2.494153529999999
Li,Li0-1V4OF11,V4OF11,LiV4OF11,mp-aaabslkj,2.991115358333336
Mg,Mg0-1TiH6(OF3)2,TiH6(OF3)2,MgTiH6(OF3)2,mp-aaacqtgl,0.031305889999996
Li,Li0-1RbCu2H3(SO5)2,RbCu2H3(SO5)2,RbLiCu2H3(SO5)2,mp-aaacrken,2.601791143333334
Zn,Zn0-1CrF6,CrF6,ZnCrF6,mp-aaadbeyq,3.352215789999999
Mg,Mg0-0.25WO2,WO2,Mg(WO2)4,mp-aaaablnz,0.6202012449999941
Mg,Mg0-0.5Be(CoO2)2,Be(CoO2)2,MgBe2(CoO2)4,mp-aaabrwmf,0.356266549999998
Al,Al1-2BiSe4,AlBiSe4,Al2BiSe4,mp-aaacudtl,1.212672184999998
Ca,Ca5.5-6Al7O16,Ca11Al14O32,Ca6Al7O16,mp-aaaabxhm,0.6185239100000101
Li,Li0-2VOF3,VOF3,Li2VOF3,mp-aaabriab,3.821254779583336
Li,Li5-6La3Nb2O12,Li5La3Nb2O12,Li6La3Nb2O12,mp-aaabrjfe,0.413482210833341
Li,Li0-1Rb2V(PO4)2,Rb2V(PO4)2,Rb2LiV(PO4)2,mp-aaaabcvh,1.2694732783333411
Mg,Mg0-1Mo2HO6,Mo2HO6,MgMo2HO6,mp-aaabjqee,2.350360974999998
Zn,Zn0-1LaCrFeO6,LaCrFeO6,LaZnCrFeO6,mp-aaadakta,1.967952797500004
Mg,Mg0-1Mn6O11F,Mn6O11F,MgMn6O11F,mp-aaabrory,2.417666005000005
Mg,Mg0-1VFeP2(O4F)2,VFeP2(O4F)2,MgVFeP2(O4F)2,mp-aaabsgai,3.073631252499997
Li,Li0-1V(PO3)4,V(PO3)4,LiV(PO3)4,mp-aaaabmyk,4.784154748333326
Li,Li0-1Co2P3O10,Co2P3O10,LiCo2P3O10,mp-aaabetdc,4.272494673333331
Li,Li0-2CrPO5,CrPO5,Li2CrPO5,mp-aaabrygz,4.068732118958334
Li,Li0-1Si6Bi9O26,Si6Bi9O26,LiSi6Bi9O26,mp-aaabrqlh,4.4233693333333735
Al,Al1.33-1.67FeO4,Al4(FeO4)3,Al5(FeO4)3,mp-aaaczkca,3.614519853333327
Zn,Zn0-1Fe3(SnS4)2,Fe3(SnS4)2,ZnFe3(SnS4)2,mp-aaabqynn,0.579635525
Mg,Mg0-1CoP2O7,CoP2O7,MgCoP2O7,mp-aaaczjdr,4.246078665000003
Li,Li0-2Co3SnO8,Co3SnO8,Li2Co3SnO8,mp-aaabrxrl,4.045099728333331
Li,Li0-8Mn7Sn(PO4)12,Mn7Sn(PO4)12,Li8Mn7Sn(PO4)12,mp-aaabsian,4.81758314708333
Mg,Mg0-0.25MnO2,MnO2,MgMn4O8,mp-aaaabcrz,1.27290261
Mg,Mg0-1Pr(WO3)2,Pr(WO3)2,PrMg(WO3)2,mp-aaachlmt,1.074894252499999
Li,Li0-2TiPO4F,TiPO4F,Li2TiPO4F,mp-aaaablqi,1.111851060833335
Li,Li1-2CoSiO4,LiCoSiO4,Li2CoSiO4,mp-aaabrkno,3.726868828333335
Li,Li0-2CoPO4F,CoPO4F,Li2CoPO4F,mp-aaaablqq,4.558548453333331
Li,Li1-2FePCO7,LiFePCO7,Li2FePCO7,mp-aaabrsyc,4.735407600833331
Mg,Mg0-0.5CrHgO4,CrHgO4,MgCr2(HgO4)2,mp-aaaabcrk,1.591713430000003
Li,Li0-2MnFe(PO4)2,MnFe(PO4)2,Li2MnFe(PO4)2,mp-aaabrmub,3.624887258333335
Mg,Mg0-1Mn(CO3)2,Mn(CO3)2,MgMn(CO3)2,mp-aaabqxkm,3.434401885000004
Mg,Mg0-0.5Sr2NiClO3,Sr2NiClO3,Sr4MgNi2(ClO3)2,mp-aaackwep,0.322223134999999
Mg,Mg0-1Mn3VCr2(PO4)6,Mn3VCr2(PO4)6,MgMn3VCr2(PO4)6,mp-aaaewabx,2.365893320000016
Mg,Mg0-0.5CoMoO4,CoMoO4,MgCo2(MoO4)2,mp-aaaabctn,1.393677019999995
Li,Li0.33-1NiO2,Li(NiO2)3,LiNiO2,mp-aaacroxp,3.7760492383333353
Li,Li0-2CrFe(PO4)2,CrFe(PO4)2,Li2CrFe(PO4)2,mp-aaabxaoy,2.943517385833336
Mg,Mg0-0.5TiO2,TiO2,MgTi2O4,mp-aaaaaapa,0.451967699999998
Y,Y0-1Sr2GaCo2O7,Sr2GaCo2O7,Sr2YGaCo2O7,mp-aaachosu,3.194553945555557
Li,Li0-1V3P3O13,V3P3O13,LiV3P3O13,mp-aaachqex,4.875956493333324
Mg,Mg0-0.5LaVO4,LaVO4,La2MgV2O8,mp-aaaabcja,0.813622935000002
Li,Li0-1V2(OF)3,V2(OF)3,LiV2(OF)3,mp-aaabqxuk,3.392066523333331
Mg,Mg0-0.5Mn2ZnS4,Mn2ZnS4,MgMn4(ZnS4)2,mp-aaackvju,0.571013195000003
Li,Li0-1Cr(PO3)4,Cr(PO3)4,LiCr(PO3)4,mp-aaabrexo,5.664740583333331
Li,Li0-4V2(PO4)3,V2(PO4)3,Li4V2(PO4)3,mp-aaaabmqu,3.163282101458333
Li,Li0-2Mn2Fe(PO4)3,Mn2Fe(PO4)3,Li2Mn2Fe(PO4)3,mp-aaabsfbj,3.741860560833335
Li,Li0-1Mo2P3O11,Mo2P3O11,LiMo2P3O11,mp-aaaabvmy,2.718938078333342
Mg,Mg0-1V4O7F5,V4O7F5,MgV4O7F5,mp-aaabqvsk,2.667626774999999
Li,Li0-2Ni(PS3)2,Ni(PS3)2,Li2Ni(PS3)2,mp-aaabrtxi,2.502047823333332
Zn,Zn0-1CoF4,CoF4,ZnCoF4,mp-aaadbmqx,2.804428305
Ca,Ca0-2MgCd,MgCd,Ca2MgCd,mp-aaachdfp,0.281552125
Mg,Mg0-0.5FeO2,FeO2,Mg(FeO2)2,mp-aaadbkav,3.860811042500001
Li,Li1-2VOF4,LiVOF4,Li2VOF4,mp-aaabrgob,4.204882200833336
Li,Li0-3MnV(P2O7)2,MnV(P2O7)2,Li3MnV(P2O7)2,mp-aaabsbax,4.033616751666665
Li,Li0-2V3Si3O10,V3Si3O10,Li2V3Si3O10,mp-aaackrbn,2.284670235833336
Li,Li0-1KNi2H3(SeO5)2,KNi2H3(SeO5)2,KLiNi2H3(SeO5)2,mp-aaacrpxo,0.64112883333333
Al,Al0.33-0.67BiO3,Al(BiO3)3,Al2(BiO3)3,mp-aaadawsh,3.459292766666666
Ca,Ca0-1V(SiO3)2,V(SiO3)2,CaV(SiO3)2,mp-aaacuatj,2.473753526250003
Mg,Mg0-0.5Fe3O5F,Fe3O5F,MgFe6(O5F)2,mp-aaabragv,2.828258129999999
Mg,Mg0-0.5RbPr(WO4)2,RbPr(WO4)2,Rb2Pr2Mg(WO4)4,mp-aaacquwq,0.582717329999998
Mg,Mg0-1YMo3O8,YMo3O8,YMgMo3O8,mp-aaaablvv,1.620101715000001
Zn,Zn0.25-0.5NiO2,Zn(NiO2)4,Zn(NiO2)2,mp-aaachrmy,1.690197759999997
Zn,Zn0-1MnF4,MnF4,MnZnF4,mp-aaadawgv,2.982375805000001
Li,Li0-9Mn7Cr12O48,Mn7Cr12O48,Li9Mn7Cr12O48,mp-aaabrznw,4.247998799999997
Ca,Ca0-0.5FeN,FeN,Ca(FeN)2,mp-aaadcqoj,1.683621594999999
Li,Li0-1Cu(PO3)3,Cu(PO3)3,LiCu(PO3)3,mp-aaabsjdy,5.622362423333332
Li,Li0.33-0.83MnBO3,LiMn3(BO3)3,Li5Mn6(BO3)6,mp-aaabskpq,3.335814563333332
Y,Y0-1BaV4O7,BaV4O7,BaYV4O7,mp-aaadainj,1.48841036888889
Li,Li0-1.5Mn2FeO6,Mn2FeO6,Li3Mn4(FeO6)2,mp-aaabqvnz,4.523036058333327
Mg,Mg0-1MnS2,MnS2,MgMnS2,mp-aaadcxpl,0.8558414950000011
Li,Li0-0.5Si(AgO)4,Si(AgO)4,LiSi2(AgO)8,mp-aaabfqsy,1.5313378433333371
Li,Li0-1Mn(PO3)4,Mn(PO3)4,LiMn(PO3)4,mp-aaaabvjm,5.404884023333329
Ca,Ca0-0.5LaFeTeO6,LaFeTeO6,CaLa2Fe2(TeO6)2,mp-aaacvvtu,0.9294676474999932
Y,Y0-1Sr2GaW2O7,Sr2GaW2O7,Sr2YGaW2O7,mp-aaachomh,1.009176447222219
Mg,Mg0-0.5ScVO4,ScVO4,MgSc2V2O8,mp-aaaabcmh,0.7946959449999981
Mg,Mg0-0.5Ti3N2O3,Ti3N2O3,MgTi6(N2O3)2,mp-aaabqyok,0.372810065
Mg,Mg0-0.5NbNO,NbNO,MgNb2(NO)2,mp-aaabqvcx,0.444599454999999
Mg,Mg0-0.5VS2Br2N3,VS2Br2N3,MgV2S4(Br2N3)2,mp-aaabfpsu,0.995485745
Li,Li1-2VPO4F,LiVPO4F,Li2VPO4F,mp-aaaablpv,2.00743891208332
Li,Li0-2MnCuF6,MnCuF6,Li2MnCuF6,mp-aaacqqdx,3.302111703333332
Mg,Mg0-1V(SbO3)4,V(SbO3)4,MgV(SbO3)4,mp-aaabrwij,2.29920566625
Li,Li3-4CrFe3O8,Li3CrFe3O8,Li4CrFe3O8,mp-aaabqynt,4.079103233333332
Mg,Mg0-1Fe3OF7,Fe3OF7,MgFe3OF7,mp-aaabsbgp,2.500446565000008
Mg,Mg0-1Cr(PO3)4,Cr(PO3)4,MgCr(PO3)4,mp-aaabncpg,3.5704060474999912
Li,Li1-2Cr(Si2O5)2,LiCr(Si2O5)2,Li2Cr(Si2O5)2,mp-aaabsktw,2.48751126333335
Mg,Mg0-0.5Cu2ClO3,Cu2ClO3,MgCu4(ClO3)2,mp-aaacksrx,3.281758689999997
Li,Li0-1Fe3P3O13,Fe3P3O13,LiFe3P3O13,mp-aaaczesc,5.070616228333312
Li,Li0-1FeCo9O20,FeCo9O20,Li10FeCo9O20,mp-aaabrwps,3.698806772333335
Li,Li0-2FePO4F,FePO4F,Li2FePO4F,mp-aaaablog,4.009289222083333
Li,Li2-3FeOF3,Li2FeOF3,Li3FeOF3,mp-aaabqvra,2.668538583333334
Mg,Mg0-0.5Co2NiO4,Co2NiO4,MgCo4(NiO4)2,mp-aaaacffv,1.264036309999999
Li,Li0-1FeCuS2,FeCuS2,LiFeCuS2,mp-aaabqwfr,1.800780143333331
Mg,Mg0-0.5Cu2AgPS4,Cu2AgPS4,MgCu4Ag2(PS4)2,mp-aaackwxh,0.271132440000006
Li,Li0-1Si6Bi9O26,Si6Bi9O26,LiSi6Bi9O26,mp-aaacubkn,4.247803598333296
Li,Li0-9Cr19O48,Cr19O48,Li9Cr19O48,mp-aaabskqb,4.068871911111113
Mg,Mg0-0.5Y7ReO14,Y7ReO14,Y14Mg(ReO14)2,mp-aaaacfkp,0.8238652500000011
Mg,Mg0-1CoCu2SnS4,CoCu2SnS4,MgCoCu2SnS4,mp-aaaaarks,0.108391899999998
Ca,Ca0-1LaFeWO6,LaFeWO6,CaLaFeWO6,mp-aaachkgt,2.543917697500002
Li,Li0-2VF5,VF5,Li2VF5,mp-aaaabokj,4.260173568333333
Mg,Mg0-1LaCrWO6,LaCrWO6,LaMgCrWO6,mp-aaachfrn,1.232515127499998
Li,Li0-1Ni6O7,Ni6O7,LiNi6O7,mp-aaabrpuw,4.042082598333342
Li,Li0-0.25ScFeO3,ScFeO3,LiSc4(FeO3)4,mp-aaabrure,0.6853425433333531
Zn,Zn0-1CuMo2O7,CuMo2O7,ZnCuMo2O7,mp-aaachhaq,0.7822368616666611
Ca,Ca0-1Ba(NiO2)4,Ba(NiO2)4,BaCa(NiO2)4,mp-aaachqbd,5.308343484999997
Al,Al0-0.5MnO2,MnO2,Mn2AlO4,mp-aaaablkd,2.128256393333333
Li,Li4-6Mn3Cr2Fe3O16,Li4Mn3Cr2Fe3O16,Li6Mn3Cr2Fe3O16,mp-aaabwipz,2.565773218333338
Mg,Mg0-1SrCr(PO4)2,SrCr(PO4)2,SrMgCr(PO4)2,mp-aaachoaa,2.978685840000002
Li,Li1-2FeSiO4,LiFeSiO4,Li2FeSiO4,mp-aaabrpyk,2.873947745833332
Li,Li0-2FePHO5,FePHO5,Li2FePHO5,mp-aaabrbxz,3.740409138333335
Li,Li0-8TiMn7(PO4)12,TiMn7(PO4)12,Li8TiMn7(PO4)12,mp-aaabsgzx,4.78983663708333
Zn,Zn0-2Fe9O13,Fe9O13,Zn2Fe9O13,mp-aaacyklg,1.316142124999999
Mg,Mg0-1Cu3(SbO3)4,Cu3(SbO3)4,MgCu3(SbO3)4,mp-aaachiln,0.7616460099999971
Li,Li0-0.5Co3OF5,Co3OF5,LiCo6(OF5)2,mp-aaabsfzd,2.261387903333333
Li,Li0-2V3(P2O7)2,V3(P2O7)2,Li2V3(P2O7)2,mp-aaabyhaq,3.038230903333332
Li,Li0-1FeF3,FeF3,LiFeF3,mp-aaaabhdm,3.461439773333332
Mg,Mg0-0.5Ni(BiO3)2,Ni(BiO3)2,MgNi2(BiO3)4,mp-aaackrjt,1.440740797500002
Li,Li1-4Sb(TeO4)3,LiSb(TeO4)3,Li4Sb(TeO4)3,mp-aaabscig,3.217259726666668
Li,Li3-4ZrNb(TeO6)2,Li3ZrNb(TeO6)2,Li4ZrNb(TeO6)2,mp-aaabqxtp,2.706314253333322
Mg,Mg0-1Pr(SnO3)2,Pr(SnO3)2,PrMg(SnO3)2,mp-aaachlcu,2.315288607500002
Li,Li7-1Sc9Fe(SiO3)20,Li7Sc9Fe(SiO3)20,Li10Sc9Fe(SiO3)20,mp-aaabwjkd,5.010498516666648
Li,Li0-1CoPO4,CoPO4,LiCoPO4,mp-aaabetkh,4.3336184258333335
Li,Li0-2Cr3SbO8,Cr3SbO8,Li2Cr3SbO8,mp-aaabrzti,4.344371253333333
Ca,Ca0-3TlN,TlN,Ca3TlN,mp-aaacqrjn,1.122096293333333
Li,Li0-1Bi(PO3)4,Bi(PO3)4,LiBi(PO3)4,mp-aaaabnic,5.240962243333347
Ca,Ca0-1RbF3,RbF3,RbCaF3,mp-aaacdmua,6.356367764999999
Li,Li1-2Mo(PO4)2,LiMo(PO4)2,Li2Mo(PO4)2,mp-aaaabntg,3.727103453333346
Al,Al0-0.67CoSiO4,CoSiO4,Al2Co3(SiO4)3,mp-aaacosgv,4.004917053333332
Mg,Mg0-1Fe3Ni2Sb(PO4)6,Fe3Ni2Sb(PO4)6,MgFe3Ni2Sb(PO4)6,mp-aaabsbmh,1.601181090000001
Mg,Mg0-2W3O8,W3O8,Mg2W3O8,mp-aaadbyem,1.700183799999998
Li,Li2-4V3CrO8,Li2V3CrO8,Li4V3CrO8,mp-aaabsmky,2.74814012833333
Li,Li0-3Cr3(CuO6)2,Cr3(CuO6)2,Li3Cr3(CuO6)2,mp-aaabrncw,4.055288961666662
Li,Li0-1CrPO4,CrPO4,LiCrPO4,mp-aaabrmrx,2.400651118333333
Li,Li2-5Nb2Fe3O10,Li2Nb2Fe3O10,Li5Nb2Fe3O10,mp-aaabqxgb,2.193807233333335
Zn,Zn0-1MoF5,MoF5,ZnMoF5,mp-aaadcawd,1.513836964999999
Ca,Ca0.5-1CuF4,CaCu2F8,CaCuF4,mp-aaadbyjg,5.229933975000001
Li,Li0-2NaCrF6,NaCrF6,NaLi2CrF6,mp-aaabfubq,4.199219588333332
Li,Li0-2Cr3(FeO6)2,Cr3(FeO6)2,Li2Cr3(FeO6)2,mp-aaabryya,3.247686925833325
Zn,Zn0-3SbN,SbN,Zn3SbN,mp-aaaddlxh,0.268388284999999
Li,Li0-4V3OF11,V3OF11,Li4V3OF11,mp-aaabsbnb,3.953126209583332
Ca,Ca0-1Mn2P2O9,Mn2P2O9,CaMn2P2O9,mp-aaachfws,4.394044323749997
Zn,Zn0-1Ba(SnO2)4,Ba(SnO2)4,BaZn(SnO2)4,mp-aaachpga,0.8706872400000021
Y,Y0-0.5CrO2,CrO2,YCr2O4,mp-aaadbsgj,2.484676143888888
Zn,Zn0-0.5CrO2,CrO2,ZnCr2O4,mp-aaachozx,3.4265462149999992
Li,Li4-7Ti11O24,Li4Ti11O24,Li7Ti11O24,mp-aaabrfzo,2.524116049999998
Li,Li0.5-1LaNb4O12,LiLa2Nb8O24,LiLaNb4O12,mp-aaacroje,3.7286557133333
Li,Li0-0.5VF3,VF3,LiV2F6,mp-aaabroqp,2.985206258333325
Li,Li1-2FeO3,LiFeO3,Li2FeO3,mp-aaabrhmv,4.099811615000005
Zn,Zn0-0.5FeO2,FeO2,Zn(FeO2)2,mp-aaadecxv,2.543338890000001
Li,Li1-3Mn(PO4)2,LiMn(PO4)2,Li3Mn(PO4)2,mp-aaabqxfz,5.499462983333335
Mg,Mg0-1Ba2Ti2CuF14,Ba2Ti2CuF14,Ba2MgTi2CuF14,mp-aaachlwo,1.803880329999995
Li,Li1-2MnF4,LiMnF4,Li2MnF4,mp-aaabqwqf,4.033669358333332
Mg,Mg0-0.5Co(NiO2)2,Co(NiO2)2,MgCo2(NiO2)4,mp-aaabqxqm,1.392648885000004
Li,Li3-4MnF7,Li3MnF7,Li4MnF7,mp-aaabrndl,4.586482888333326
Li,Li0-4Fe3Ni(PO4)4,Fe3Ni(PO4)4,Li4Fe3Ni(PO4)4,mp-aaabscmj,3.8449426983333312
Li,Li6-8FeO5F,Li6FeO5F,Li8FeO5F,mp-aaabrnnj,3.291826878333336
Mg,Mg0-1Nb3O7F,Nb3O7F,MgNb3O7F,mp-aaabqwpf,0.948289955000004
Mg,Mg0-0.5WO2,WO2,Mg(WO2)2,mp-aaabcrsw,2.043060807500002
Li,Li0-1TiV2CrO10,TiV2CrO10,LiTiV2CrO10,mp-aaabsagk,3.861078073333336
Mg,Mg0-0.25Hg2W2O7,Hg2W2O7,MgHg8(W2O7)4,mp-aaabsbox,1.586212565000001
Li,Li0-1Na2VPO6,Na2VPO6,Na2LiVPO6,mp-aaabfwfl,2.123021795833343
Mg,Mg0-0.5FeWO4,FeWO4,MgFe2(WO4)2,mp-aaaabcsz,0.413083865000001
Mg,Mg0-1Ti(SiO3)2,Ti(SiO3)2,MgTi(SiO3)2,mp-aaaablld,0.251058887499998
Y,Y0-1BaCo4O7,BaCo4O7,BaYCo4O7,mp-aaacynti,3.704880275555554
Li,Li4-5FeOF5,Li4FeOF5,Li5FeOF5,mp-aaabsima,2.754838700833329
Li,Li3-5Cr2Fe5O12,Li3Cr2Fe5O12,Li5Cr2Fe5O12,mp-aaabraxs,3.38815880333333
Li,Li0-2NaMnPCO7,NaMnPCO7,NaLi2MnPCO7,mp-aaabrulk,3.653551888333337
Y,Y0-1C,C,YC,mp-aaacevpy,0.537078585555555
Li,Li1-2FeSnO4,LiFeSnO4,Li2FeSnO4,mp-aaabraux,2.056088348333337
Li,Li0-1VS2,VS2,LiVS2,mp-aaaaaodt,1.790183303333333
Mg,Mg0.25-0.5NiO2,Mg(NiO2)4,Mg(NiO2)2,mp-aaadbsyo,2.987569299999994
Mg,Mg0-1Co(WO4)2,Co(WO4)2,MgCo(WO4)2,mp-aaaablks,3.757441730000001
Li,Li0-1VOF3,VOF3,LiVOF3,mp-aaabrmpe,4.098133787083332
Mg,Mg2-3Sn,Mg2Sn,Mg3Sn,mp-aaackhcv,0.1248059975
Li,Li0.36-0.73VO2,Li4V11O22,Li8V11O22,mp-aaabregt,2.8047321133333383
Li,Li1-2CoCuO4,LiCoCuO4,Li2CoCuO4,mp-aaabqxku,3.679298878333331
Li,Li0-4FeCu3(PO4)4,FeCu3(PO4)4,Li4FeCu3(PO4)4,mp-aaabscxd,3.894659230833331
Li,Li0-1MnVO4,MnVO4,LiMnVO4,mp-aaabrbdu,3.699111768333336
Li,Li0-2Co(WO4)2,Co(WO4)2,Li2Co(WO4)2,mp-aaaablks,4.670732028333338
Li,Li1-5Ni2(PO4)3,LiNi2(PO4)3,Li5Ni2(PO4)3,mp-aaabetcx,4.685555025833335
Mg,Mg0-0.5CrCoO4,CrCoO4,MgCr2(CoO4)2,mp-aaaabbuq,1.650526409999995
Y,Y0-3Bi,Bi,Y3Bi,mp-aaabghqr,0.15471914
Al,Al0-4Cr13Si2(SbO14)2,Cr13Si2(SbO14)2,Al4Cr13Si2(SbO14)2,mp-aaachlhn,2.2345647274999982
Mg,Mg0-0.5CrPO5,CrPO5,MgCr2(PO5)2,mp-aaabrbag,2.510262180000002
Li,Li0-3V4(OF3)3,V4(OF3)3,Li3V4(OF3)3,mp-aaackqzv,2.928905796666663
Mg,Mg0-1Eu(ReO4)2,Eu(ReO4)2,EuMg(ReO4)2,mp-aaagkrhu,0.116651649999998
Ca,Ca0-1LaFeMoO6,LaFeMoO6,CaLaFeMoO6,mp-aaachkhs,2.753381849999999
Zn,Zn0-1CrF5,CrF5,ZnCrF5,mp-aaadaetb,3.022205486249998
Ca,Ca0-1La2WO6,La2WO6,CaLa2WO6,mp-aaachgnq,1.491692435
Ca,Ca0-1V2S5,V2S5,CaV2S5,mp-aaadaike,2.179020624999999
Mg,Mg0-0.25CoOF,CoOF,MgCo4(OF)4,mp-aaabreox,2.414057785000001
Li,Li0-1Mn3(OF3)2,Mn3(OF3)2,LiMn3(OF3)2,mp-aaadphhh,4.961333068333321
Li,Li0-3MnFeCo(PO4)3,MnFeCo(PO4)3,Li3MnFeCo(PO4)3,mp-aaabrfuj,3.8804091325
Li,Li6-8CrO6,Li6CrO6,Li8CrO6,mp-aaabqxce,3.054177015833329
Li,Li0-2VF4,VF4,Li2VF4,mp-aaabqvtf,3.300219583333334
Mg,Mg0-1.5BaTl(WO3)2,BaTl(WO3)2,Ba2Mg3Tl2(WO3)4,mp-aaachosx,0.286602546666666
Li,Li0-1CoPO4,CoPO4,LiCoPO4,mp-aaabwjlh,3.5149613908333333
Li,Li4-14Co13O28,Li4Co13O28,Li14Co13O28,mp-aaabrfir,3.775021676333328
Li,Li0-1La4CuO8,La4CuO8,LiLa4CuO8,mp-aaabryin,3.922914823333333
Mg,Mg0-1Mn6O7F5,Mn6O7F5,MgMn6O7F5,mp-aaabqxyh,2.50056776
Li,Li4-6TiFe5O12,Li4TiFe5O12,Li6TiFe5O12,mp-aaabqzvh,2.806414293333337
Li,Li0-1Bi3PbWClO8,Bi3PbWClO8,LiBi3PbWClO8,mp-aaacrvyc,1.103082123333327
Li,Li0-2Mn3CoO8,Mn3CoO8,Li2Mn3CoO8,mp-aaabrdii,4.053808303333331
Zn,Zn0-1Ba(NiO2)4,Ba(NiO2)4,BaZn(NiO2)4,mp-aaachqbd,3.249328129999995
Mg,Mg0-1NaMn2O4,NaMn2O4,NaMgMn2O4,mp-aaacfbcl,2.012048255
Li,Li0-2MnSn(PO4)2,MnSn(PO4)2,Li2MnSn(PO4)2,mp-aaabsdor,2.61318692583333
Li,Li0-0.5CsTm(WO4)2,CsTm(WO4)2,Cs2LiTm2(WO4)4,mp-aaacrarx,1.226253273333332
Li,Li0-1CoPO4,CoPO4,LiCoPO4,mp-aaabxasc,4.257700939583334
Li,Li0-2NbCo3O8,NbCo3O8,Li2NbCo3O8,mp-aaabripx,4.088065480833333
Mg,Mg0-0.5MnTeMoO6,MnTeMoO6,MgMn2Te2(MoO6)2,mp-aaaabcgg,1.526830664999996
Li,Li0-2Mn4Si4O13,Mn4Si4O13,Li2Mn4Si4O13,mp-aaabrqea,3.41580771833333
Zn,Zn0-1Si4WO10,Si4WO10,ZnSi4WO10,mp-aaachkaq,0.330588204999991
Li,Li0-0.5CrO2,CrO2,LiCr2O4,mp-aaachozx,7.82456383833333
Ca,Ca0-0.25VO2,VO2,CaV4O8,mp-aaaborpw,2.863967294999997
Li,Li0-2V3(P2O7)2,V3(P2O7)2,Li2V3(P2O7)2,mp-aaaabmvi,2.655799505833333
Li,Li0-1MnO2,MnO2,LiMnO2,mp-aaaablpw,3.263265778333331
Mg,Mg0-1NbTlBr4O,NbTlBr4O,MgNbTlBr4O,mp-aaabfkic,0.6269274299999991
Mg,Mg0-0.5V(CO3)2,V(CO3)2,MgV2(CO3)4,mp-aaabrlls,2.6180662500000023
Li,Li1-3V3(CoO6)2,LiV3(CoO6)2,Li3V3(CoO6)2,mp-aaabriam,4.082444910833336
Li,Li0-3VF5,VF5,Li3VF5,mp-aaackrag,3.567569179166665
Mg,Mg0-3Ni3(AsO4)4,Ni3(AsO4)4,Mg3Ni3(AsO4)4,mp-aaacyzjd,4.329572010833336
Li,Li0-1MgSbPd,MgSbPd,LiMgSbPd,mp-aaaaapbr,0.422415413333332
Mg,Mg0-1V4O5F7,V4O5F7,MgV4O5F7,mp-aaaevzzb,2.491047219999989
Zn,Zn0-1CrAsO5,CrAsO5,ZnCrAsO5,mp-aaacycbu,2.3215600999999992
Li,Li1-2MnP2O7,LiMnP2O7,Li2MnP2O7,mp-aaabnsei,4.051171003333342
Ca,Ca0-0.5CrS2,CrS2,Ca(CrS2)2,mp-aaadecog,2.0127466325
Li,Li3-5Fe3(SnO5)2,Li3Fe3(SnO5)2,Li5Fe3(SnO5)2,mp-aaabqwck,2.661506513333333
Li,Li0-0.5Zn(FeO2)2,Zn(FeO2)2,LiZn2(FeO2)4,mp-aaaabytc,0.517882533333339
Li,Li4-6Ni2C4SO16,Li4Ni2C4SO16,Li6Ni2C4SO16,mp-aaabshpp,4.807225683333333
Li,Li2-3FeOF3,Li2FeOF3,Li3FeOF3,mp-aaabraby,2.5714668008333392
Li,Li1-2VO3,LiVO3,Li2VO3,mp-aaabrkzw,3.150589805833331
Zn,Zn0-1Cr2CuO7,Cr2CuO7,ZnCr2CuO7,mp-aaachhcj,1.541022659166664
Mg,Mg0-1Ti3(P2O7)2,Ti3(P2O7)2,MgTi3(P2O7)2,mp-aaachoxb,0.0727725675
Ca,Ca2-2.5CrN3,Ca2CrN3,Ca5(CrN3)2,mp-aaadbiks,2.4669594399999992
Al,Al0-24MnCr,MnCr,MnAl24Cr,mp-aaacrnel,0.032240662777777
Mg,Mg0-1Mn3SbO8,Mn3SbO8,MgMn3SbO8,mp-aaabqxqa,2.781893170000001
Zn,Zn0-0.5CoO2,CoO2,Zn(CoO2)2,mp-aaacyuxn,2.125852613749999
Li,Li1.5-2VO2F,Li3V2(O2F)2,Li2VO2F,mp-aaabrfqk,2.915378378333334
Mg,Mg0-0.5Co(BiO3)2,Co(BiO3)2,MgCo2(BiO3)4,mp-aaabrang,2.012121205000004
Mg,Mg0-0.5TiCdO3,TiCdO3,MgTi2Cd2O6,mp-aaaaauer,0.605635074999999
Mg,Mg0-0.5Mn3(O2F)2,Mn3(O2F)2,MgMn6(O2F)4,mp-aaabskzx,1.726116730000005
Li,Li0-1Y5(MoO6)2,Y5(MoO6)2,LiY5(MoO6)2,mp-aaaabbvx,1.588657053333354
Mg,Mg0.25-0.5MoO2,Mg(MoO2)4,Mg(MoO2)2,mp-aaachnjt,1.298642290000001
Mg,Mg0-1CrO3,CrO3,MgCrO3,mp-aaadbccs,3.2699877875
Li,Li0-0.5EuCrO4,EuCrO4,LiEu2Cr2O8,mp-aaaabhks,2.380949743333336
Li,Li0-1CrP2O7,CrP2O7,LiCrP2O7,mp-aaabocvv,4.873876513333333
Zn,Zn0-1BiF5,BiF5,ZnBiF5,mp-aaaczxmh,2.824359717500002
Mg,Mg0-0.5CuSiO3,CuSiO3,MgCu2(SiO3)2,mp-aaaaaxtl,0.6844413299999961
Li,Li0-1Co(PtO2)3,Co(PtO2)3,LiCo(PtO2)3,mp-aaaabcly,0.718896023333333
Li,Li1-2V(PO4)2,LiV(PO4)2,Li2V(PO4)2,mp-aaaabnwm,4.733139288333338
Li,Li0-2V5CoO12,V5CoO12,Li2V5CoO12,mp-aaaexgig,2.6909737133333262
Li,Li0-4Mn3Cr2Sb3O16,Mn3Cr2Sb3O16,Li4Mn3Cr2Sb3O16,mp-aaabqykf,3.336725540833332
Li,Li0-1Ti(SiO3)2,Ti(SiO3)2,LiTi(SiO3)2,mp-aaaablld,1.587675213333331
Ca,Ca0-1Mn(SiO3)2,Mn(SiO3)2,CaMn(SiO3)2,mp-aaachhxr,3.830577264374997
Li,Li0-6CoCu3(PO4)4,CoCu3(PO4)4,Li6CoCu3(PO4)4,mp-aaabscqz,3.724562991666667
Mg,Mg0-0.5Ag2GeO4,Ag2GeO4,MgAg4(GeO4)2,mp-aaabqzbj,2.368747029999999
Li,Li0-2MnVP2(HO5)2,MnVP2(HO5)2,Li2MnVP2(HO5)2,mp-aaabqwla,3.985717240833321
Mg,Mg0-1Rb2Bi2O5,Rb2Bi2O5,Rb2MgBi2O5,mp-aaacdmmc,0.645620704999999
Zn,Zn0-2CeMg,CeMg,CeMgZn2,mp-aaachdjy,0.6029378475
Li,Li0-1K2TaCl6,K2TaCl6,K2LiTaCl6,mp-aaaabukh,0.90360827333333
Li,Li0-2NiP2O7,NiP2O7,Li2NiP2O7,mp-aaaabmmi,5.694637030833332
Li,Li0-2MgCd,MgCd,Li2MgCd,mp-aaachdan,0.8267997883333331
Zn,Zn0-1Cu2GeS4,Cu2GeS4,ZnCu2GeS4,mp-aaacnhwz,1.111700055
Li,Li0-1Bi(WO4)2,Bi(WO4)2,LiBi(WO4)2,mp-aaachgum,4.827031028333342
Mg,Mg0-0.5TiFe2O5,TiFe2O5,MgTi2(Fe2O5)2,mp-aaaabcmp,1.744967184999997
Mg,Mg0-0.25FeOF,FeOF,MgFe4(OF)4,mp-aaabqynk,1.902142309999999
Ca,Ca0-1Fe4(CuO4)3,Fe4(CuO4)3,CaFe4(CuO4)3,mp-aaachjjb,4.320914519999998
Li,Li0-1NiP2O7,NiP2O7,LiNiP2O7,mp-aaaabndi,7.475387763333335
Ca,Ca0-0.12VOF,VOF,CaV8(OF)8,mp-aaackrdb,0.145996825
Y,Y2.33-3CuGeSe7,Y7Cu3(GeSe7)3,Y3CuGeSe7,mp-aaacxyin,2.231972588888891
Li,Li0-2Cu3(P2O7)2,Cu3(P2O7)2,Li2Cu3(P2O7)2,mp-aaabmhsr,4.20340947583333
Mg,Mg0-1KMn16O32,KMn16O32,KMgMn16O32,mp-aaacjlyz,2.02222377999998
Mg,Mg0-1Te2MoW3(Se2S)2,Te2MoW3(Se2S)2,MgTe2MoW3(Se2S)2,mp-aaacgooo,0.202885369999994
Mg,Mg0-0.5WO2,WO2,Mg(WO2)2,mp-aaadaobo,1.394032474166665
Li,Li0.33-0.5MnPO4,LiMn3(PO4)3,LiMn2(PO4)2,mp-aaacoyqi,3.519470478333321
Li,Li0.5-1MnPO4,LiMn2(PO4)2,LiMnPO4,mp-aaabrpvb,4.608270325833335
Li,Li0-1Cs2PdF6,Cs2PdF6,Cs2LiPdF6,mp-aaabcsqr,2.934255043333327
Ca,Ca0-1Nb2Te4Cl10O,Nb2Te4Cl10O,CaNb2Te4Cl10O,mp-aaabfpyv,2.29222126
Li,Li0-1V3OF11,V3OF11,LiV3OF11,mp-aaabqvsb,4.5732582333333385
Li,Li0-2MnF4,MnF4,Li2MnF4,mp-aaabrfhn,4.835915110833331
Mg,Mg0-1Mn3P3O13,Mn3P3O13,MgMn3P3O13,mp-aaachqey,3.3560005925
Li,Li0-1.29V2O5,V2O5,Li9V14O35,mp-aaabvhrx,3.274884940555558
Mg,Mg0-1Cr2Fe3Ni(PO4)6,Cr2Fe3Ni(PO4)6,MgCr2Fe3Ni(PO4)6,mp-aaabsdyp,2.482846659999997
Li,Li1-3Cr2(PO4)3,LiCr2(PO4)3,Li3Cr2(PO4)3,mp-aaaabnom,4.745998995833338
Mg,Mg0-1Ti4Bi2O11,Ti4Bi2O11,MgTi4Bi2O11,mp-aaaabqvy,0.390530779999996
Zn,Zn0-1Ba(FeO2)4,Ba(FeO2)4,BaZn(FeO2)4,mp-aaadcjji,2.526496994999995
Li,Li1.5-2CoSiO4,Li3Co2(SiO4)2,Li2CoSiO4,mp-aaabshpy,4.586395388333334
Ca,Ca0-1TiV(PO4)3,TiV(PO4)3,CaTiV(PO4)3,mp-aaachkud,3.490248155000005
Li,Li0-1Sn2(PO3)5,Sn2(PO3)5,LiSn2(PO3)5,mp-aaaabnwo,4.166575103333348
Al,Al0-1BaCo4O7,BaCo4O7,BaAlCo4O7,mp-aaacynti,3.033092171666669
Ca,Ca0-0.5Sr2FeSO3,Sr2FeSO3,Sr4CaFe2(SO3)2,mp-aaachohw,0.678110854999995
Li,Li0-0.5LaFeTeO6,LaFeTeO6,LiLa2Fe2(TeO6)2,mp-aaacvvtu,1.536897748333307
Li,Li2-3CrFe3O8,Li2CrFe3O8,Li3CrFe3O8,mp-aaabqyse,3.509374733333335
Li,Li0-8Mn7Sb(PO4)12,Mn7Sb(PO4)12,Li8Mn7Sb(PO4)12,mp-aaabsfee,4.706164064583338
Mg,Mg0-0.5CrO2,CrO2,MgCr2O4,mp-aaadbanf,3.2175327175
Li,Li0-3V4O7F5,V4O7F5,Li3V4O7F5,mp-aaabrhrf,3.438066266666666
Li,Li0.8-1.6MnO2,Li4Mn5O10,Li8Mn5O10,mp-aaabrlpp,1.925695590833336
Li,Li0-2CuSb(PO4)2,CuSb(PO4)2,Li2CuSb(PO4)2,mp-aaabqzce,3.081315103333328
Li,Li0-1Fe3Co7O20,Fe3Co7O20,Li10Fe3Co7O20,mp-aaabsdrm,3.937661372333336
Mg,Mg0-0.5V2O3,V2O3,MgV4O6,mp-aaachjmi,1.539272384999994
Li,Li0-1V2OF5,V2OF5,LiV2OF5,mp-aaadpugp,3.037800259999994
Mg,Mg0-1KNi2H3(SeO5)2,KNi2H3(SeO5)2,KMgNi2H3(SeO5)2,mp-aaacrpxo,0.22890876
Li,Li0-1Mn7O12,Mn7O12,LiMn7O12,mp-aaabqyao,3.342295863333338
Li,Li1.33-2CrFeO4,Li4Cr3(FeO4)3,Li2CrFeO4,mp-aaabqzwp,3.89825952333333
Li,Li0-1V(PO3)3,V(PO3)3,LiV(PO3)3,mp-aaaabmus,2.672491773333324
Mg,Mg0-0.25WO3,WO3,Mg(WO3)4,mp-aaaflmlc,0.812839430000001
Li,Li0-1VO2F,VO2F,LiVO2F,mp-aaabqvyc,3.682245778333336
Mg,Mg0-0.5CeVO4,CeVO4,Ce2MgV2O8,mp-aaaabcla,0.8634781799999981
Li,Li0-8Mn7Ni(PO4)12,Mn7Ni(PO4)12,Li8Mn7Ni(PO4)12,mp-aaabsfdk,4.963822425833332
Y,Y0-1Cu3(WO3)4,Cu3(WO3)4,YCu3(WO3)4,mp-aaachjaj,1.80684485555556
Li,Li0-1MnO2,MnO2,LiMnO2,mp-aaacujli,3.150337450833334
Li,Li4-6Ti9O20,Li4Ti9O20,Li6Ti9O20,mp-aaabrroj,2.759122998333315
Mg,Mg0-1TlV4O10,TlV4O10,MgTlV4O10,mp-aaaabbws,1.9281805949999984
Li,Li8-1Fe3Ni7O20,Li8Fe3Ni7O20,Li10Fe3Ni7O20,mp-aaabrfio,3.65688056333335
Li,Li0-1Sb(PO3)4,Sb(PO3)4,LiSb(PO3)4,mp-aaabrono,5.090863035833341
Li,Li1-2CrNiO4,LiCrNiO4,Li2CrNiO4,mp-aaabrtds,3.533949948333334
Mg,Mg0-1Ba2CuMo2F14,Ba2CuMo2F14,Ba2MgCuMo2F14,mp-aaachnbt,2.722294705
Mg,Mg0-0.5Fe3(O2F)2,Fe3(O2F)2,MgFe6(O2F)4,mp-aaabwksz,1.132073244999991
Li,Li0-1V2OF5,V2OF5,LiV2OF5,mp-aaabrmkt,2.990701723333335
Mg,Mg0-1Fe3Co5O16,Fe3Co5O16,MgFe3Co5O16,mp-aaabrxcc,3.517126514999991
Li,Li0-2VF5,VF5,Li2VF5,mp-aaabqvie,4.587971613333331
Li,Li0-1V2OF5,V2OF5,LiV2OF5,mp-aaabskzj,2.9648002733333363
Li,Li0-3Cr(CoO3)2,Cr(CoO3)2,Li3Cr(CoO3)2,mp-aaabqvcw,3.68891499
Ca,Ca0-1BaMoF7,BaMoF7,BaCaMoF7,mp-aaachqgb,3.857540163750001
Li,Li0.75-0.92MnBO3,Li3Mn4(BO3)4,Li11Mn12(BO3)12,mp-aaabsfkk,3.123069173333325
Al,Al4.33-5CuS8,Al13(CuS8)3,Al5CuS8,mp-aaactvbf,1.6616833433333311
Li,Li0-1MoP2O7,MoP2O7,LiMoP2O7,mp-aaaabnsg,3.264194468333333
Li,Li0-1CoPO4,CoPO4,LiCoPO4,mp-aaabrpfe,4.051540948333337
Ca,Ca0-1BiWO5,BiWO5,CaBiWO5,mp-aaachksp,3.447982204999998
Ca,Ca0-1Ta2Bi2O9,Ta2Bi2O9,CaTa2Bi2O9,mp-aaacyoaz,4.314655602499999
Li,Li0-1V4OF11,V4OF11,LiV4OF11,mp-aaabsbod,2.7677142333333262
Li,Li0-3Mn2CrO6,Mn2CrO6,Li3Mn2CrO6,mp-aaabscly,3.419366811666667
Li,Li0-2Mn2P2O7F2,Mn2P2O7F2,Li2Mn2P2O7F2,mp-aaabrvwv,5.092546688333333
Li,Li0-1SbPO5,SbPO5,LiSbPO5,mp-aaaaaola,2.641311488333333
Mg,Mg0-1LaFeSbO6,LaFeSbO6,LaMgFeSbO6,mp-aaachkjr,2.184987227499999
Ca,Ca0-1Cr(GeO3)2,Cr(GeO3)2,CaCr(GeO3)2,mp-aaaexhkk,3.137724488749998
Li,Li0-1Sb(PO3)4,Sb(PO3)4,LiSb(PO3)4,mp-aaabmxyx,4.727010368333329
Mg,Mg0-1Ba2Pr(CuO2)4,Ba2Pr(CuO2)4,Ba2PrMg(CuO2)4,mp-aaaaakat,0.486140955
Mg,Mg0-1MnCuO2,MnCuO2,MgMnCuO2,mp-aaabdbib,0.7219924024999971
Zn,Zn0-0.5FeO2,FeO2,Zn(FeO2)2,mp-aaacziqu,2.570451949999999
Li,Li0-1CoPO4,CoPO4,LiCoPO4,mp-aaabcrsk,4.612435505833337
Y,Y0-0.5Mo3S4,Mo3S4,Y(Mo3S4)2,mp-aaaaadfg,1.323390058888888
Ca,Ca0-0.5TiO2,TiO2,CaTi2O4,mp-aaabrbid,1.272936503749998
Mg,Mg0-0.5VCuO3,VCuO3,MgV2(CuO3)2,mp-aaabcsky,1.448442969999999
Y,Y0-1Sr2CoCu2O7,Sr2CoCu2O7,Sr2YCoCu2O7,mp-aaacxzzd,3.329042427222222
Li,Li0-1MnPO4,MnPO4,LiMnPO4,mp-aaaabnro,4.318775325833333
Mg,Mg0-0.5MnPO4F,MnPO4F,MgMn2P2(O4F)2,mp-aaaablpy,3.644829544999997
Li,Li0-0.5MnSO5,MnSO5,LiMn2(SO5)2,mp-aaaewpfd,4.66860307333332
Mg,Mg0-1LaFeWO6,LaFeWO6,LaMgFeWO6,mp-aaachkgt,1.7300474175
Li,Li1-2TiVO4,LiTiVO4,Li2TiVO4,mp-aaabryby,1.439524123333332
Li,Li0-4Cr3Fe2Sb3O16,Cr3Fe2Sb3O16,Li4Cr3Fe2Sb3O16,mp-aaabscwu,3.557846655833336
Li,Li0-1La4MnO8,La4MnO8,LiLa4MnO8,mp-aaabrbca,3.481994750833341
Li,Li0-1YMo3O8,YMo3O8,LiYMo3O8,mp-aaaablvv,2.841571263333326
Mg,Mg0-0.5FeSeO5,FeSeO5,MgFe2(SeO5)2,mp-aaackvmh,3.498964600000005
Li,Li1-3MnF5,LiMnF5,Li3MnF5,mp-aaabqwhb,4.330121463333332
Al,Al0-1Re(WO4)2,Re(WO4)2,AlRe(WO4)2,mp-aaachguz,1.173327593333333
Li,Li0-4Mn5Te3O16,Mn5Te3O16,Li4Mn5Te3O16,mp-aaabrwpo,3.40329837083333
Li,Li0.06-0.3MnO2,LiMn16O32,Li3Mn10O20,mp-aaabmzru,1.238128904912279
Ca,Ca0-1Ba2CuSn2F14,Ba2CuSn2F14,Ba2CaCuSn2F14,mp-aaaczhrx,2.758476707500004
Li,Li0-1Co(SO4)2,Co(SO4)2,LiCo(SO4)2,mp-aaabrykq,4.918742306666678
Li,Li0-1Sb(PO3)4,Sb(PO3)4,LiSb(PO3)4,mp-aaaabmru,5.051050643333331
Li,Li0-4Mn3FeO8,Mn3FeO8,Li4Mn3FeO8,mp-aaacoyom,3.259826515833333
Ca,Ca0-1PrCr2O6,PrCr2O6,CaPrCr2O6,mp-aaacyjuc,4.048359267499999
Ca,Ca1-2CoWO6,CaCoWO6,Ca2CoWO6,mp-aaadacix,4.114700269999996
Li,Li0-2V4OF12,V4OF12,Li2V4OF12,mp-aaabress,3.234398973333339
Li,Li3-5Co2Ni3O10,Li3Co2Ni3O10,Li5Co2Ni3O10,mp-aaacpafa,3.737852040833336
Li,Li0-2MnV4FeO12,MnV4FeO12,Li2MnV4FeO12,mp-aaacoygq,2.530034943333324
Mg,Mg0-1VO2F,VO2F,MgVO2F,mp-aaabqvwa,2.313864235000001
Li,Li0-1P2WO8,P2WO8,LiP2WO8,mp-aaabrpmi,3.609238855833329
Li,Li0-3P3(WO6)2,P3(WO6)2,Li3P3(WO6)2,mp-aaabrrgt,2.399222200000001
Li,Li0-3MnFeCo(PO4)3,MnFeCo(PO4)3,Li3MnFeCo(PO4)3,mp-aaacoyjn,3.882162339166668
Mg,Mg0-0.5Ti3N2O3,Ti3N2O3,MgTi6(N2O3)2,mp-aaabqyyo,0.403788690000003
Li,Li0-4Mn3VO8,Mn3VO8,Li4Mn3VO8,mp-aaabrayg,2.9265328108333333
Li,Li0-1CrP2O7,CrP2O7,LiCrP2O7,mp-aaaabnxm,4.855683173333323
Ca,Ca0-1P2W2O9,P2W2O9,CaP2W2O9,mp-aaachfwz,2.292442688750003
Mg,Mg0-1V4O7F5,V4O7F5,MgV4O7F5,mp-aaabqxvb,2.590566325000002
Mg,Mg0-0.5Fe2CoO6,Fe2CoO6,MgFe4(CoO6)2,mp-aaabqwvh,2.124541659999996
Mg,Mg0-1Ni(WO4)2,Ni(WO4)2,MgNi(WO4)2,mp-aaaablku,3.982402130000001
Mg,Mg1-149Sb,MgSb,Mg149Sb,mp-aaackmdw,0.014005450033783
Li,Li1-6Co3Sb(PO4)6,LiCo3Sb(PO4)6,Li6Co3Sb(PO4)6,mp-aaabrmte,4.271529175333335
Mg,Mg0-1FeAs2O7,FeAs2O7,MgFeAs2O7,mp-aaaabljo,2.807210189999996
Mg,Mg0-1FeCu2SnS4,FeCu2SnS4,MgFeCu2SnS4,mp-aaabjtvs,0.084590005
Mg,Mg0-1Ba2Tm(CuO2)4,Ba2Tm(CuO2)4,Ba2TmMg(CuO2)4,mp-aaaaajyc,0.482966505000004
Al,Al0-1Fe,Fe,AlFe,mp-aaabgitl,0.47172873
Li,Li0-3MnFeCo(PO4)3,MnFeCo(PO4)3,Li3MnFeCo(PO4)3,mp-aaabrmup,3.833413901666674
Zn,Zn0-1Ba2Fe2CuF14,Ba2Fe2CuF14,Ba2ZnFe2CuF14,mp-aaaczlwu,3.105025982500003
Li,Li3-4TiFe3O8,Li3TiFe3O8,Li4TiFe3O8,mp-aaabrefu,2.922943623333329
Li,Li5-8La4TiNb7O28,Li5La4TiNb7O28,Li8La4TiNb7O28,mp-aaabsmoe,1.924558619999994
Mg,Mg0-0.5NiS2,NiS2,Mg(NiS2)2,mp-aaadefhr,1.039270087499997
Li,Li0-4Mn3Cu3(TeO8)2,Mn3Cu3(TeO8)2,Li4Mn3Cu3(TeO8)2,mp-aaabreaf,3.987912588333334
Ca,Ca0-1LaTaFeO6,LaTaFeO6,CaLaTaFeO6,mp-aaachkjy,3.547922757499999
Mg,Mg0-0.5Mn4(SiO3)5,Mn4(SiO3)5,MgMn8(SiO3)10,mp-aaacywxx,2.832275435000004
Mg,Mg0-0.5VRhO4,VRhO4,MgV2(RhO4)2,mp-aaabrzpg,0.9678072049999972
Mg,Mg0-0.5Rb2V2Cu(PO6)2,Rb2V2Cu(PO6)2,Rb4MgV4Cu2(PO6)4,mp-aaabfrxa,1.047161484999994
Mg,Mg0-0.5CrO2,CrO2,MgCr2O4,mp-aaachozx,4.885848073749998
Li,Li0-4Mn3Co3(CuO8)2,Mn3Co3(CuO8)2,Li4Mn3Co3(CuO8)2,mp-aaabrwil,2.9221717658333373
Mg,Mg0-0.5Zn(AgO2)2,Zn(AgO2)2,MgZn2(AgO2)4,mp-aaachljq,2.287150924999996
Li,Li1-2FeF4,LiFeF4,Li2FeF4,mp-aaabsgcz,3.6041854233333313
Mg,Mg0-1TiMn5(PO4)6,TiMn5(PO4)6,MgTiMn5(PO4)6,mp-aaaewakr,2.8483607299999862
Li,Li0-1MnPO4,MnPO4,LiMnPO4,mp-aaaabmum,3.707587988333334
Ca,Ca0-2Cr3O8,Cr3O8,Ca2Cr3O8,mp-aaachixx,4.368858564999999
Mg,Mg0-1Mn(Si2O5)2,Mn(Si2O5)2,MgMn(Si2O5)2,mp-aaachjzk,3.397789435000004
Mg,Mg0-0.5W(ClO)2,W(ClO)2,MgW2(ClO)4,mp-aaaabpin,1.053876434999996
Ca,Ca0-1TiNiP2O9,TiNiP2O9,CaTiNiP2O9,mp-aaachjql,5.036568841250005
Mg,Mg6-7TiH16,Mg6TiH16,Mg7TiH16,mp-aaacpvcm,0.7616112700000001
Mg,Mg0-0.25FeOF,FeOF,MgFe4(OF)4,mp-aaabqvwp,1.404374534999999
Li,Li0-1Ca2Pb,Ca2Pb,LiCa2Pb,mp-aaacflsu,0.038523213333333
Li,Li0-1MnPO4,MnPO4,LiMnPO4,mp-aaabodpj,3.197402790833341
Li,Li0-3MnFeCo(PO4)3,MnFeCo(PO4)3,Li3MnFeCo(PO4)3,mp-aaacoyii,3.891001174166675
Li,Li1-2V2F7,LiV2F7,Li2V2F7,mp-aaabrgbb,2.6684367033333323
Li,Li0-2CoP2O7,CoP2O7,Li2CoP2O7,mp-aaabrpev,4.76944317833333
Li,Li0-1SnPO4,SnPO4,LiSnPO4,mp-aaabmhoc,4.429509535833337
Li,Li0-2V(PO3)5,V(PO3)5,Li2V(PO3)5,mp-aaabygzq,5.370006610833333
Li,Li0-1WCl6,WCl6,LiWCl6,mp-aaabgnlm,2.636317355833332
Ca,Ca0-1.5Fe2(MoO4)3,Fe2(MoO4)3,Ca3Fe4(MoO4)6,mp-aaachiuq,2.813388335000001
Zn,Zn0-1CrNiP2O9,CrNiP2O9,ZnCrNiP2O9,mp-aaachkmp,2.191880040000001
Ca,Ca0-0.5FeO2,FeO2,Ca(FeO2)2,mp-aaacziqu,4.020582738333327
Li,Li0-1Nd2Tl(MoO4)4,Nd2Tl(MoO4)4,LiNd2Tl(MoO4)4,mp-aaabexkw,4.874743938333329
Mg,Mg0-1CrSbO4,CrSbO4,MgCrSbO4,mp-aaabqzpl,0.8648230199999961
Li,Li1-2Mn(PO3)4,LiMn(PO3)4,Li2Mn(PO3)4,mp-aaabngrf,4.764521593333318
Mg,Mg0-0.25CuClO,CuClO,MgCu4(ClO)4,mp-aaackszy,2.857291794999999
Mg,Mg0-1Zn(NiO2)4,Zn(NiO2)4,MgZn(NiO2)4,mp-aaachgmk,3.052631185
Mg,Mg0-1Mn(ReO4)2,Mn(ReO4)2,MgMn(ReO4)2,mp-aaabjsca,0.278263817499994
Zn,Zn0-1Fe3(P2O7)2,Fe3(P2O7)2,ZnFe3(P2O7)2,mp-aaaabnxy,0.8181799324999941
Al,Al0.33-0.67CuO2,Al(CuO2)3,Al2(CuO2)3,mp-aaadbiqx,3.6268189666666633
Li,Li6-1FeNi9O20,Li6FeNi9O20,Li10FeNi9O20,mp-aaabrefv,3.795284795833329
Li,Li0-4Ti3Nb2Cr3O16,Ti3Nb2Cr3O16,Li4Ti3Nb2Cr3O16,mp-aaabsgfb,2.594836258333335
Mg,Mg0-0.5Cu(RhS2)2,Cu(RhS2)2,MgCu2(RhS2)4,mp-aaaaaxcn,0.5996534050000021
Li,Li0-1V6O7F5,V6O7F5,LiV6O7F5,mp-aaabrmbv,2.034142813333294
Li,Li0-2Ti3VO8,Ti3VO8,Li2Ti3VO8,mp-aaabrbal,2.7304851033333333
Li,Li0-1FePO4,FePO4,LiFePO4,mp-aaabrgtz,3.188486138333329
Li,Li0-1FeP2O7,FeP2O7,LiFeP2O7,mp-aaaabnhu,5.05266877583333
Mg,Mg0-1Cu3(WO3)4,Cu3(WO3)4,MgCu3(WO3)4,mp-aaachjaj,1.03167104000001
Ca,Ca0-2Mo3O8,Mo3O8,Ca2Mo3O8,mp-aaacxiel,3.49208439125
Zn,Zn0-0.5CrS2,CrS2,Zn(CrS2)2,mp-aaadecog,1.147413620000002
Li,Li0-4Mn5(P3O11)2,Mn5(P3O11)2,Li4Mn5(P3O11)2,mp-aaaabvha,3.74341100958333
Li,Li4-1Mn3Cr3(NiO8)2,Li4Mn3Cr3(NiO8)2,Li10Mn3Cr3(NiO8)2,mp-aaabrbxj,2.508690651666668
Zn,Zn0.5-1WO3,Zn(WO3)2,ZnWO3,mp-aaachmxo,0.412955627500004
Y,Y0-1BaNi4O7,BaNi4O7,BaYNi4O7,mp-aaachrak,3.703729512222222
Zn,Zn1.5-2VP2O9,V2Zn3(P2O9)2,VZn2P2O9,mp-aaadabof,2.144057314999991
Mg,Mg0-1CrAsO5,CrAsO5,MgCrAsO5,mp-aaacycbu,3.522880368749999
Li,Li0-0.5Ga2WO6,Ga2WO6,LiGa4(WO6)2,mp-aaabrwdt,2.020685323333343
Li,Li1-2VF4,LiVF4,Li2VF4,mp-aaabrrnt,2.309755798333332
Li,Li0-1Ni4P7O24,Ni4P7O24,LiNi4P7O24,mp-aaaabnau,4.677124243333314
Ca,Ca0-0.5VO2,VO2,CaV2O4,mp-aaaborqm,2.748419790000002
Li,Li0-3TiMn3O8,TiMn3O8,Li3TiMn3O8,mp-aaabrboa,3.284870983333334
Mg,Mg0-1Mn3CoO8,Mn3CoO8,MgMn3CoO8,mp-aaabrbbm,3.182558079999997
Li,Li0-1CrP2O7,CrP2O7,LiCrP2O7,mp-aaaabmrk,5.025058953333318
Li,Li0-4Cr3Co(PO4)4,Cr3Co(PO4)4,Li4Cr3Co(PO4)4,mp-aaabsbyw,3.051595750833333
Y,Y0-0.5CoS2,CoS2,Y(CoS2)2,mp-aaadbdgn,1.41732628222222
Mg,Mg0-0.25MoO3,MoO3,Mg(MoO3)4,mp-aaaabelx,2.075800744999999
Ca,Ca0-0.5CoS2,CoS2,Ca(CoS2)2,mp-aaadbdgn,1.607060332499997
Li,Li0-1NiPO4,NiPO4,LiNiPO4,mp-aaaabnay,4.925171425833331
Mg,Mg0-0.17FeOF,FeOF,MgFe6(OF)6,mp-aaabqvxf,1.828301034999992
Li,Li0-3V2OF7,V2OF7,Li3V2OF7,mp-aaabroki,4.048337948333331
Mg,Mg0-0.25CoTe2O5,CoTe2O5,MgCo4(Te2O5)4,mp-aaabrojh,0.397831735000001
Mg,Mg0-1Nb3O7F,Nb3O7F,MgNb3O7F,mp-aaabrgwf,0.8539084449999991
Mg,Mg0-0.5NaNbO3,NaNbO3,Na2MgNb2O6,mp-aaacjjcx,0.480300125000003
Li,Li0-4Cr3Fe3(TeO8)2,Cr3Fe3(TeO8)2,Li4Cr3Fe3(TeO8)2,mp-aaabrdfy,3.635634853333333
Ca,Ca0-0.5MoO2,MoO2,Ca(MoO2)2,mp-aaaborqv,2.659607997499999
Mg,Mg0-0.5VAuS2,VAuS2,MgV2(AuS2)2,mp-aaaaaqon,0.436874405000002
Mg,Mg0-0.5K2VAgS4,K2VAgS4,K4MgV2(AgS4)2,mp-aaaaanei,0.224679640000002
Ca,Ca0-1BiF5,BiF5,CaBiF5,mp-aaaedaug,5.289820532500001
Ca,Ca0-1Co(GeO3)2,Co(GeO3)2,CaCo(GeO3)2,mp-aaaczatj,4.234865615000007
Li,Li0-2Co3NiO8,Co3NiO8,Li2Co3NiO8,mp-aaabqwqd,2.919701055833333
Zn,Zn0-0.5Cr2O3,Cr2O3,ZnCr4O6,mp-aaachjlz,0.349991355
Ca,Ca0-1Mn2Be3(SiO4)3,Mn2Be3(SiO4)3,CaMn2Be3(SiO4)3,mp-aaactenh,4.420395581249994
Ca,Ca0-1MnO2,MnO2,CaMnO2,mp-aaaablpw,2.556695429999997
Al,Al1.67-2BiS4,Al5(BiS4)3,Al2BiS4,mp-aaaczsln,2.119838189166667
Mg,Mg0-1Ba2YCu3S7,Ba2YCu3S7,Ba2YMgCu3S7,mp-aaackkom,0.356358199999999
Li,Li0-1Na5Fe6(SiO3)12,Na5Fe6(SiO3)12,Na5LiFe6(SiO3)12,mp-aaabrpsz,4.730190923333344
Li,Li0-1NiPO4,NiPO4,LiNiPO4,mp-aaabetfc,5.007095733333334
Ca,Ca0-7Ge,Ge,Ca7Ge,mp-aaaaarxd,0.027683639285714
Li,Li0-2Mn2FeO6,Mn2FeO6,Li2Mn2FeO6,mp-aaabqxbv,3.705493993333331
Li,Li2-3FeOF3,Li2FeOF3,Li3FeOF3,mp-aaabrnqf,2.668171378333331
Mg,Mg0-0.5Mn3O5F,Mn3O5F,MgMn6(O5F)2,mp-aaabrhte,2.245041155
Mg,Mg0-1MnO2,MnO2,MgMnO2,mp-aaabdbbc,2.03645359
Li,Li0-0.17C,C,LiC6,mp-aaabgjle,0.084404763333332
Y,Y0-1Ba2Ti3O8,Ba2Ti3O8,Ba2YTi3O8,mp-aaadbrqd,1.530995958888892
Li,Li1-2FeF6,LiFeF6,Li2FeF6,mp-aaacrofn,6.230379483333334
Li,Li12-13Nb14ZnO42,Li12Nb14ZnO42,Li13Nb14ZnO42,mp-aaabrrng,1.716465703333374
Mg,Mg0-1Na3Mo(OF)3,Na3Mo(OF)3,Na3MgMo(OF)3,mp-aaaabbth,1.152554164999995
Mg,Mg5-149Ca,CaMg5,CaMg149,mp-aaachdkb,0.013217838055555
Ca,Ca1-4Ba(CoN2)2,BaCa(CoN2)2,BaCa4(CoN2)2,mp-aaaczgpv,1.5440862112499991
Li,Li0-2TiVO4,TiVO4,Li2TiVO4,mp-aaacuqfp,2.070466623333332
Ca,Ca0-1SrNbFeO6,SrNbFeO6,SrCaNbFeO6,mp-aaaacheh,4.025259715
Li,Li0-1Ti(SiO3)2,Ti(SiO3)2,LiTi(SiO3)2,mp-aaabrqam,1.609472835833334
Li,Li8.5-10.5Co4O9,Li17(Co4O9)2,Li21(Co4O9)2,mp-aaabreqz,1.810947870833322
Li,Li2-4Fe3NiO8,Li2Fe3NiO8,Li4Fe3NiO8,mp-aaabqwdx,4.279928578333338
Ca,Ca0-0.5BiO2,BiO2,Ca(BiO2)2,mp-aaadbdvy,3.312334452499999
Mg,Mg0-0.5Mn3O5F,Mn3O5F,MgMn6(O5F)2,mp-aaabsgzg,2.418973509999991
Li,Li0-3Fe3(PO4)4,Fe3(PO4)4,Li3Fe3(PO4)4,mp-aaackrno,5.296846869999999
Mg,Mg0-0.5CrO2,CrO2,MgCr2O4,mp-aaacytxy,3.019702995
Li,Li5-7Mn5O12,Li5Mn5O12,Li7Mn5O12,mp-aaabreku,3.519498403333334
Ca,Ca0-1VP2O7,VP2O7,CaVP2O7,mp-aaabetjf,3.3628552774999982
Ca,Ca0-1CrAs2O7,CrAs2O7,CaCrAs2O7,mp-aaachiob,4.020413981250004
Li,Li0-1MnP2HO7,MnP2HO7,LiMnP2HO7,mp-aaabpuzt,3.443145730833326
Li,Li3-9V3P8O29,Li3V3P8O29,Li9V3P8O29,mp-aaacozzq,4.142220825833329
Li,Li0-1RbVPO5,RbVPO5,RbLiVPO5,mp-aaabfykj,1.423565363333343
Mg,Mg0-0.5Cu2SO5,Cu2SO5,MgCu4(SO5)2,mp-aaaaagms,1.412346184999994
Mg,Mg0-2CrIrO6,CrIrO6,Mg2CrIrO6,mp-aaachoxn,3.199078803749999
Li,Li0.5-2Fe(CO3)2,LiFe2(CO3)4,Li2Fe(CO3)2,mp-aaabrlgl,3.866276533333323
Mg,Mg0-0.5Zn(FeO2)2,Zn(FeO2)2,MgZn2(FeO2)4,mp-aaachpwf,0.367288759999998
Li,Li5-1CoNi9O20,Li5CoNi9O20,Li10CoNi9O20,mp-aaacluar,3.774462743333326
Li,Li0-4V4(OF3)3,V4(OF3)3,Li4V4(OF3)3,mp-aaadbbmo,5.323887243333332
Li,Li0-1Cs2MoBr6,Cs2MoBr6,Cs2LiMoBr6,mp-aaacqrvx,2.035040893333335
Mg,Mg0-0.25VOF2,VOF2,MgV4(OF2)4,mp-aaabreov,2.261687650000003
Li,Li0.5-0.75MnBO3,LiMn2(BO3)2,Li3Mn4(BO3)4,mp-aaabshmp,3.308953346666674
Li,Li0-1VP2O7,VP2O7,LiVP2O7,mp-aaaabmvs,3.883292353333336
Al,Al0-1Sr2YCr2O7,Sr2YCr2O7,Sr2YAlCr2O7,mp-aaachlwt,2.120486566666668
Li,Li3-4Cr3CuO8,Li3Cr3CuO8,Li4Cr3CuO8,mp-aaabrtii,3.285255933333322
Li,Li0-1Co(PO3)3,Co(PO3)3,LiCo(PO3)3,mp-aaaabnds,5.370706193333338
Mg,Mg0-0.5La2CrO6,La2CrO6,La4MgCr2O12,mp-aaabfqqq,0.962240365000004
Li,Li0-1CsTa(PO4)2,CsTa(PO4)2,CsLiTa(PO4)2,mp-aaabfvco,0.056556913333343
Li,Li0.17-0.89MnO2,LiMn6O12,Li8Mn9O18,mp-aaacoypv,3.204278048717946
Li,Li2-4MnNi3O8,Li2MnNi3O8,Li4MnNi3O8,mp-aaabqvfm,3.810892753333338
Li,Li1-5Mn2(PO4)3,LiMn2(PO4)3,Li5Mn2(PO4)3,mp-aaaabmqo,3.86162499770833
Mg,Mg0-0.5AgBrO2,AgBrO2,MgAg2(BrO2)2,mp-aaacesxz,1.588476584999996
Li,Li0-2MnCo3O8,MnCo3O8,Li2MnCo3O8,mp-aaabqwst,4.355584248333334
Li,Li0-3V3(PO4)4,V3(PO4)4,Li3V3(PO4)4,mp-aaabnnon,4.332005802222222
Li,Li0-1TiS2,TiS2,LiTiS2,mp-aaaaanjf,1.807198780833333
Mg,Mg0-0.5MnCrO4,MnCrO4,MgMn2Cr2O8,mp-aaabqxuq,1.956351114999994
Ca,Ca0-1NiP2O7,NiP2O7,CaNiP2O7,mp-aaaabndi,6.065884337499997
Mg,Mg0-0.5Mn2FeO4,Mn2FeO4,MgMn4(FeO4)2,mp-aaabqyis,0.706951399999998
Li,Li0-1V2OF5,V2OF5,LiV2OF5,mp-aaabrgaf,3.393185218333333
Li,Li0-1VP2O7,VP2O7,LiVP2O7,mp-aaaabnue,3.601397705833325
Y,Y0.67-1MnO3,Y2Mn3O9,YMnO3,mp-aaacybua,4.16942380055555
Zn,Zn0-0.5NiN,NiN,Zn(NiN)2,mp-aaaddkqj,0.8551687249999991
Li,Li0.5-1.25FeO2,Li(FeO2)2,Li5(FeO2)4,mp-aaacpatu,2.770255365000001
Li,Li0-1Sb(PO3)4,Sb(PO3)4,LiSb(PO3)4,mp-aaabcsbt,4.472202453333357
Li,Li0-1TiTe2,TiTe2,LiTiTe2,mp-aaaaacvj,1.209791013333331
Li,Li1-2NiP2O7,LiNiP2O7,Li2NiP2O7,mp-aaabrpgx,4.709062583333339
Li,Li0-1MnPO4,MnPO4,LiMnPO4,mp-aaabngrt,4.020357123333345
Mg,Mg0-1Mn(SiO3)2,Mn(SiO3)2,MgMn(SiO3)2,mp-aaacnakn,2.9427399675
Ca,Ca0-2Rh,Rh,Ca2Rh,mp-aaaaaacw,0.190442177499999
Li,Li2-3FeBPO7,Li2FeBPO7,Li3FeBPO7,mp-aaabsgme,5.488448513333329
Mg,Mg0-0.5VO2,VO2,MgV2O4,mp-aaadehdd,1.644592078749998
Li,Li0-1Co(PO3)4,Co(PO3)4,LiCo(PO3)4,mp-aaabcsby,5.514096693333333
Ca,Ca0-0.5VCuO4,VCuO4,CaV2(CuO4)2,mp-aaacyurc,4.388626292499995
Li,Li0-1Ba2Eu(CuO2)4,Ba2Eu(CuO2)4,Ba2LiEu(CuO2)4,mp-aaacrcxp,1.019880263333339
Li,Li0-1V3OF11,V3OF11,LiV3OF11,mp-aaabrgul,4.261071178333329
Zn,Zn0-1SbAsO5,SbAsO5,ZnSbAsO5,mp-aaacyggt,1.230425158749998
Mg,Mg0-1Ti3CuO8,Ti3CuO8,MgTi3CuO8,mp-aaacktrs,2.575640430000004
Mg,Mg0-1InNi2SbO6,InNi2SbO6,MgInNi2SbO6,mp-aaacjjfr,0.635485280000002
Mg,Mg0-1TiS2,TiS2,MgTiS2,mp-aaabftpu,0.461899514999999
Li,Li1-4V(TeO4)3,LiV(TeO4)3,Li4V(TeO4)3,mp-aaabriea,3.349824710000002
Li,Li0-5V6O5F19,V6O5F19,Li5V6O5F19,mp-aaabrfom,4.248524661333334
Y,Y0-1Sb,Sb,YSb,mp-aaacpczl,0.619496703888888
Mg,Mg0-1Rb2Cu4H5(SO5)4,Rb2Cu4H5(SO5)4,Rb2MgCu4H5(SO5)4,mp-aaacotwx,2.723818280000008
Zn,Zn0-1Ba(SbO2)4,Ba(SbO2)4,BaZn(SbO2)4,mp-aaachplu,0.102051750000001
Li,Li0-1V2OF5,V2OF5,LiV2OF5,mp-aaabratx,2.976639940833334
Mg,Mg0-1MnZn2WO6,MnZn2WO6,MgMnZn2WO6,mp-aaachphk,1.189669464999998
Li,Li0-2FeCo3O8,FeCo3O8,Li2FeCo3O8,mp-aaabripn,4.19884804083333
Li,Li0-0.5LuWClO4,LuWClO4,LiLu2W2(ClO4)2,mp-aaackurq,1.784234963333337
Li,Li0-1V6P7O24,V6P7O24,LiV6P7O24,mp-aaaabnpm,2.455224193333326
Mg,Mg0-1Ta2CuO6,Ta2CuO6,MgTa2CuO6,mp-aaaewiwb,1.159833299999999
Mg,Mg0-0.5MnCoO4,MnCoO4,MgMn2(CoO4)2,mp-aaabqwuw,3.294716160000004
Li,Li0.11-0.67MnO2,Li3Mn28O56,Li2Mn3O6,mp-aaacpajg,3.413455173971626
Mg,Mg0-0.5VSO5,VSO5,MgV2(SO5)2,mp-aaaabcnl,1.723740815000004
Ca,Ca0-2Cu9O13,Cu9O13,Ca2Cu9O13,mp-aaachmxa,3.763643797499998
Mg,Mg0-0.5FeSO4F,FeSO4F,MgFe2S2(O4F)2,mp-aaackvck,2.588791327500001
Li,Li1-2VSiO5,LiVSiO5,Li2VSiO5,mp-aaabqyet,3.389559458333342
Y,Y0-1Sr2Cu2SbO7,Sr2Cu2SbO7,Sr2YCu2SbO7,mp-aaachnpo,3.111237022222224
Ca,Ca0-0.5TiO2,TiO2,CaTi2O4,mp-aaacyiat,1.623754757500001
Li,Li0-1BiP2O7,BiP2O7,LiBiP2O7,mp-aaabmhmn,5.327481390833345
Li,Li0-1V5(BO5)2,V5(BO5)2,LiV5(BO5)2,mp-aaabrxtm,1.964519548333332
Mg,Mg0.25-1WO3,Mg(WO3)4,MgWO3,mp-aaaewvlc,1.585397196666666
Mg,Mg0-2Cr9O13,Cr9O13,Mg2Cr9O13,mp-aaachncc,1.730488497499995
Mg,Mg0-0.5FeSO5,FeSO5,MgFe2(SO5)2,mp-aaackwsc,3.762248724999996
Zn,Zn0-1Fe3P3O13,Fe3P3O13,ZnFe3P3O13,mp-aaaczesc,2.336388849999999
Zn,Zn0-1V(Si2O5)2,V(Si2O5)2,VZn(Si2O5)2,mp-aaachjwm,0.5737919099999901
Ca,Ca0-0.5TaO3,TaO3,CaTa2O6,mp-aaaftrdu,4.091721834999997
Mg,Mg0-0.5TiTlWO5F,TiTlWO5F,MgTi2Tl2W2(O5F)2,mp-aaabnhoa,0.433024685000011
Li,Li0.5-0.88MnBO3,LiMn2(BO3)2,Li7Mn8(BO3)8,mp-aaabsicx,3.343617493333326
Li,Li0-1Co2C2O7,Co2C2O7,LiCo2C2O7,mp-aaabqwhu,4.527208838333341
Li,Li1-2Mn(SO4)2,LiMn(SO4)2,Li2Mn(SO4)2,mp-aaabskqa,4.422175728333333
Mg,Mg0-0.5VCoO4,VCoO4,MgV2(CoO4)2,mp-aaabrayv,3.389259155000002
Li,Li4-5V5(FeO6)2,Li4V5(FeO6)2,Li5V5(FeO6)2,mp-aaabwjoh,2.509468978333335
Li,Li0-1RbAgO2,RbAgO2,RbLiAgO2,mp-aaaceszk,1.7337728633333331
Mg,Mg0-0.5V2O5,V2O5,MgV4O10,mp-aaabexaq,2.339440950000001
Ca,Ca0-0.5MnP2O7,MnP2O7,CaMn2(P2O7)2,mp-aaabrbxr,6.121570934999997
Al,Al0-12Mn,Mn,MnAl12,mp-aaacibzw,0.039730814722222
Ca,Ca0-0.5SbO2,SbO2,Ca(SbO2)2,mp-aaadbrgu,2.033407965000001
Mg,Mg0-1Y2Mn2S2O5,Y2Mn2S2O5,Y2MgMn2S2O5,mp-aaabljsq,2.25605353
Mg,Mg0-1Ba2TmCu3O7,Ba2TmCu3O7,Ba2TmMgCu3O7,mp-aaabjkhg,0.059879354999997
Li,Li0-1V4O5F7,V4O5F7,LiV4O5F7,mp-aaabwijc,3.312712543333337
Li,Li0-1V6O7F5,V6O7F5,LiV6O7F5,mp-aaabsjsn,1.75303121333332
Mg,Mg0-0.5CuGeO3,CuGeO3,MgCu2(GeO3)2,mp-aaabfyfg,0.481721502499998
Ca,Ca0-0.5VPO5,VPO5,CaV2(PO5)2,mp-aaadabxi,4.228452195000005
Li,Li0-2V4Si4O13,V4Si4O13,Li2V4Si4O13,mp-aaabrqly,2.23085413583333
Li,Li0-1Ca9Co(PO4)7,Ca9Co(PO4)7,LiCa9Co(PO4)7,mp-aaabsksb,3.038166738333307
Ca,Ca0-0.5Ti2O3,Ti2O3,CaTi4O6,mp-aaachonh,1.349777927500002
Li,Li0-4CrTe(WO6)2,CrTe(WO6)2,Li4CrTe(WO6)2,mp-aaabralv,3.782646525833336
Mg,Mg0-0.25TiO2,TiO2,MgTi4O8,mp-aaabfnyk,0.385220059999999
Li,Li0-0.25MnO2,MnO2,LiMn4O8,mp-aaaabcrz,3.331042120833335
Li,Li0-1La8Cu3O16,La8Cu3O16,LiLa8Cu3O16,mp-aaabsekc,3.312582793333324
Mg,Mg0-0.5TiTlPS5,TiTlPS5,MgTi2Tl2(PS5)2,mp-aaadjulw,0.469601545
Li,Li0-1VF4,VF4,LiVF4,mp-aaabfosl,4.253298993333336
Al,Al0-1Sr2GaCo2O7,Sr2GaCo2O7,Sr2AlGaCo2O7,mp-aaachosu,2.580955463333341
Mg,Mg0-1Ti(CoO3)2,Ti(CoO3)2,MgTi(CoO3)2,mp-aaabqwdq,2.808142479999998
Li,Li0.5-1.25NiO2,Li(NiO2)2,Li5(NiO2)4,mp-aaabqyth,3.101379809999997
Mg,Mg0-1Fe(SbO3)4,Fe(SbO3)4,MgFe(SbO3)4,mp-aaabqyup,3.235827310000001
Li,Li0-1CoP2O7,CoP2O7,LiCoP2O7,mp-aaabetfi,4.913334703333324
Li,Li0-6V3Fe(PO4)6,V3Fe(PO4)6,Li6V3Fe(PO4)6,mp-aaabrzjj,3.503242440000002
Li,Li0-4Ni7(PO4)6,Ni7(PO4)6,Li4Ni7(PO4)6,mp-aaabrxzt,4.347283045833326
Li,Li0-1Na2CuP2O7,Na2CuP2O7,Na2LiCuP2O7,mp-aaaaajot,2.038119293333328
Li,Li0-4Cu3Sb(PO4)4,Cu3Sb(PO4)4,Li4Cu3Sb(PO4)4,mp-aaabsjxr,3.637513603333336
Li,Li0-1TiP2O7,TiP2O7,LiTiP2O7,mp-aaabrhuv,1.598925693333332
Mg,Mg0-0.5Cr2O3,Cr2O3,MgCr4O6,mp-aaachjlz,1.724868842499998
Li,Li0-5Na2Ti3Fe(PO4)6,Na2Ti3Fe(PO4)6,Na2Li5Ti3Fe(PO4)6,mp-aaabrzhj,2.525168405333334
Li,Li0-4Mn3Cr2Sn(PO4)6,Mn3Cr2Sn(PO4)6,Li4Mn3Cr2Sn(PO4)6,mp-aaacoyjf,3.111972105833335
Li,Li2-3Ti(FeO3)2,Li2Ti(FeO3)2,Li3Ti(FeO3)2,mp-aaabresy,2.305804499999998
Li,Li0-1Mg2Mn3O8,Mg2Mn3O8,LiMg2Mn3O8,mp-aaabrbjs,3.689018643333331
Mg,Mg0-0.5VS2,VS2,Mg(VS2)2,mp-aaacfrht,0.5948386049999971
Li,Li0-0.5SrVSi2O7,SrVSi2O7,Sr2LiV2(Si2O7)2,mp-aaaabcoe,0.8407320233333491
Mg,Mg0-0.5ErMoClO4,ErMoClO4,Er2MgMo2(ClO4)2,mp-aaabfuye,0.97464698
Mg,Mg0-1Cr2CuO7,Cr2CuO7,MgCr2CuO7,mp-aaachhcj,2.99648414166666
Li,Li0-2Mn3SnO8,Mn3SnO8,Li2Mn3SnO8,mp-aaabqwys,3.690944910833335
Li,Li0-1Si2BiO6,Si2BiO6,LiSi2BiO6,mp-aaacosih,4.039647758333335
Al,Al0-0.5CrO2,CrO2,AlCr2O4,mp-aaadbsgj,2.133671953333333
Mg,Mg0-0.5Cu(NiO2)2,Cu(NiO2)2,MgCu2(NiO2)4,mp-aaabratj,1.657551414999997
Zn,Zn0-1LaCrCoO6,LaCrCoO6,LaZnCrCoO6,mp-aaachfse,0.615609794999997
Li,Li0-3Ti4VO8,Ti4VO8,Li3Ti4VO8,mp-aaabrtel,1.641090300000001
Li,Li1-1.5FeSiO4,LiFeSiO4,Li3Fe2(SiO4)2,mp-aaabrebi,2.030992473333332
Li,Li0-8Mn15NiO32,Mn15NiO32,Li8Mn15NiO32,mp-aaabwkzy,4.020916359583336
Zn,Zn0-2Mg(CoS2)4,Mg(CoS2)4,MgZn2(CoS2)4,mp-aaaewhhu,0.6006408525000001
Li,Li0-1MnPHO5,MnPHO5,LiMnPHO5,mp-aaabtvip,1.856592283333332
Mg,Mg0-0.5CuWO3F2,CuWO3F2,MgCu2W2(O3F2)2,mp-aaabfpip,2.197894030000005
Zn,Zn0-1Cr3P3O13,Cr3P3O13,ZnCr3P3O13,mp-aaachqea,1.7885614375
Zn,Zn0-1Mn2P2O9,Mn2P2O9,Mn2ZnP2O9,mp-aaachfws,1.826553269999998
Ca,Ca0-1Sr2Ti6N2O11,Sr2Ti6N2O11,Sr2CaTi6N2O11,mp-aaabqyzm,0.066175680000003
Mg,Mg0-1PrMn2O6,PrMn2O6,PrMgMn2O6,mp-aaacztxg,3.476190009999993
Li,Li1-2CoP2O7,LiCoP2O7,Li2CoP2O7,mp-aaabqxqo,4.084572525833342
Mg,Mg0-1Cu6OF11,Cu6OF11,MgCu6OF11,mp-aaabqvuz,2.759707979999999
Li,Li0-8Mn7Cr(PO4)12,Mn7Cr(PO4)12,Li8Mn7Cr(PO4)12,mp-aaabsgzy,4.8985391620833285
Li,Li0-1CrP2O7,CrP2O7,LiCrP2O7,mp-aaaabndq,4.725379695833316
Mg,Mg0-0.5RbFeS2,RbFeS2,Rb2Mg(FeS2)2,mp-aaacjjll,0.13064614
Li,Li0-2Ni(WO4)2,Ni(WO4)2,Li2Ni(WO4)2,mp-aaaablku,4.936968248333334
Mg,Mg0-1V4O5F7,V4O5F7,MgV4O5F7,mp-aaabrngy,2.452864029999991
Li,Li1-3Cr2(PO4)3,LiCr2(PO4)3,Li3Cr2(PO4)3,mp-aaackrpi,4.124801530833328
Mg,Mg0-1Ba2YNi3O8,Ba2YNi3O8,Ba2YMgNi3O8,mp-aaachqmt,0.922295500000001
Mg,Mg0-1Mn6O5F7,Mn6O5F7,MgMn6O5F7,mp-aaabqzie,2.303762050000007
Li,Li0-2Mn(PO3)4,Mn(PO3)4,Li2Mn(PO3)4,mp-aaaabnxw,4.569194618333346
Li,Li1-2MnPCO7,LiMnPCO7,Li2MnPCO7,mp-aaabrvkn,3.869353735833333
Li,Li0-1CoPO4,CoPO4,LiCoPO4,mp-aaabwjbm,4.225425048333332
Li,Li5-6CuF8,Li5CuF8,Li6CuF8,mp-aaabqwfi,4.133573043333333
Mg,Mg0-0.5Zn2Co3O8,Zn2Co3O8,MgZn4(Co3O8)2,mp-aaachiqt,1.445513729999992
Mg,Mg0-1ScNi2SbO6,ScNi2SbO6,MgScNi2SbO6,mp-aaacjjay,0.5782470349999941
Mg,Mg0-1MnCu2SnS4,MnCu2SnS4,MgMnCu2SnS4,mp-aaaabdeo,0.109755364999999
Zn,Zn0-1MoO3,MoO3,ZnMoO3,mp-aaabosom,0.7637746912499991
Zn,Zn0-2Mn9O13,Mn9O13,Mn9Zn2O13,mp-aaachncj,1.409512694999997
Mg,Mg0-0.5TbCrO4,TbCrO4,Tb2MgCr2O8,mp-aaaabcng,1.810431475000006
Al,Al0-0.5FeO2,FeO2,Al(FeO2)2,mp-aaadbkav,2.884921741666666
Li,Li0.67-0.83MnBO3,Li2Mn3(BO3)3,Li5Mn6(BO3)6,mp-aaabseun,3.851255043333369
Ca,Ca0-1SrCr(PO4)2,SrCr(PO4)2,SrCaCr(PO4)2,mp-aaachoaa,3.6066464949999952
Ca,Ca2-3Zn,Ca2Zn,Ca3Zn,mp-aaachdho,0.214841535
Mg,Mg0-0.5VZnSiO5,VZnSiO5,MgV2Zn2(SiO5)2,mp-aaachoki,1.581873562499997
Li,Li0-2AgAsF6,AgAsF6,Li2AgAsF6,mp-aaaaccyz,1.689714708333331
Li,Li3-5V2Fe3O10,Li3V2Fe3O10,Li5V2Fe3O10,mp-aaabqwan,2.564797153333335
Mg,Mg0-1CrF4,CrF4,MgCrF4,mp-aaaefnjk,4.036393792500001
Mg,Mg0-0.5Mn3(O2F)2,Mn3(O2F)2,MgMn6(O2F)4,mp-aaabrlcs,2.099493915000001
Mg,Mg0-0.5AgGeO3,AgGeO3,MgAg2(GeO3)2,mp-aaabrgel,2.037356144999997
Li,Li0-2Fe(PS3)2,Fe(PS3)2,Li2Fe(PS3)2,mp-aaabqwve,2.3785368483333342
Mg,Mg0-0.5Mn(SbO3)2,Mn(SbO3)2,MgMn2(SbO3)4,mp-aaabrlne,0.521704187499996
Li,Li2-3Fe(PO4)2,Li2Fe(PO4)2,Li3Fe(PO4)2,mp-aaabrdqu,5.011994878333344
Li,Li2-3Mo(PO4)2,Li2Mo(PO4)2,Li3Mo(PO4)2,mp-aaaabmzk,3.486961403333315
Li,Li0.5-1.75MnP2O7,LiMn2(P2O7)2,Li7Mn4(P2O7)4,mp-aaabwiwf,4.754846747333335
Li,Li0-1La3MnO7,La3MnO7,LiLa3MnO7,mp-aaacpaxo,4.675377400833331
Mg,Mg0-0.5Bi2WO6,Bi2WO6,MgBi4(WO6)2,mp-aaabfogy,0.6584405750000041
Mg,Mg0-0.5MnFe(PO4)2,MnFe(PO4)2,MgMn2Fe2(PO4)4,mp-aaabrmuc,2.422215154999993
Mg,Mg0-0.5Fe(NiO2)2,Fe(NiO2)2,MgFe2(NiO2)4,mp-aaabkkzb,1.396108035000002
Zn,Zn0-0.5FeS2,FeS2,Zn(FeS2)2,mp-aaadbgvo,0.7729703925
Ca,Ca1-2MnWO6,CaMnWO6,Ca2MnWO6,mp-aaacvliv,3.4769150324999982
Li,Li0-4Ti3Mn2Cr3O16,Ti3Mn2Cr3O16,Li4Ti3Mn2Cr3O16,mp-aaabsect,3.909648073333334
Mg,Mg0-0.5ZnTeMoO6,ZnTeMoO6,MgZn2Te2(MoO6)2,mp-aaabfurm,1.539799595000002
Y,Y0-0.67SiNiO4,SiNiO4,Y2Si3(NiO4)3,mp-aaaczqid,4.16085171972222
Zn,Zn0-1FeP2O7,FeP2O7,ZnFeP2O7,mp-aaabngus,2.156104282499996
Ca,Ca0-0.25MnO2,MnO2,CaMn4O8,mp-aaaabcrz,2.694968009999999
Li,Li0-1Mn2OF3,Mn2OF3,LiMn2OF3,mp-aaabqxms,3.052508810833335
Al,Al0-1Cs2AgF6,Cs2AgF6,Cs2AlAgF6,mp-aaacqqvq,3.792430756666666
Li,Li3-5Fe5O12,Li3Fe5O12,Li5Fe5O12,mp-aaabredj,4.353848283333339
Li,Li0-4MnCr2Fe3(PO4)6,MnCr2Fe3(PO4)6,Li4MnCr2Fe3(PO4)6,mp-aaabseam,2.925434958333331
Y,Y0-1Cs2CuF6,Cs2CuF6,Cs2YCuF6,mp-aaaabqlo,3.6605033522222232
Mg,Mg0-1Cr3InO8,Cr3InO8,MgCr3InO8,mp-aaabfwrl,2.210975684999998
Li,Li0-8Mn13Fe3O32,Mn13Fe3O32,Li8Mn13Fe3O32,mp-aaabrwvc,4.227073517083331
Mg,Mg0-0.5Dy(CuO2)2,Dy(CuO2)2,Dy2Mg(CuO2)4,mp-aaaaanyi,0.084128760000003
Mg,Mg0-1SbF5,SbF5,MgSbF5,mp-aaaeaezl,2.956845597500002
Li,Li0-1V2OF5,V2OF5,LiV2OF5,mp-aaabrhyg,3.37544322083333
Mg,Mg1-15Cd,MgCd,Mg15Cd,mp-aaachcsz,0.001328081428571
Li,Li1-3V4CuO12,LiV4CuO12,Li3V4CuO12,mp-aaabrasv,3.739597373333343
Y,Y0-1Re(WO4)2,Re(WO4)2,YRe(WO4)2,mp-aaachguz,2.192074537222223
Mg,Mg0-1FeCuO2,FeCuO2,MgFeCuO2,mp-aaabdawf,0.6054101275
Li,Li0-2NiP2O7,NiP2O7,Li2NiP2O7,mp-aaabngmc,5.027659912083327
Y,Y0-1Ba2Ni3O8,Ba2Ni3O8,Ba2YNi3O8,mp-aaadbtxk,4.243743745555555
Al,Al0-0.67FeSiO4,FeSiO4,Al2Fe3(SiO4)3,mp-aaacnbbf,3.5458582237500043
Li,Li0-1SnP2O7,SnP2O7,LiSnP2O7,mp-aaabrbyi,1.712555533333334
Li,Li6-7Fe5O12,Li6Fe5O12,Li7Fe5O12,mp-aaabskdg,3.870906793333351
Li,Li2-4Mn2P4H3O16,Li2Mn2P4H3O16,Li4Mn2P4H3O16,mp-aaabrleq,4.351617578333337
Mg,Mg0-0.5VOF2,VOF2,MgV2(OF2)2,mp-aaacuwum,2.031100592500004
Mg,Mg0-2Mn9O13,Mn9O13,Mg2Mn9O13,mp-aaachncj,2.747080129999997
Li,Li3.5-4CoO3,Li7(CoO3)2,Li4CoO3,mp-aaabrnie,2.589447803333333
Li,Li0-0.5MnF3,MnF3,LiMn2F6,mp-aaabrqhx,4.505115863333342
Mg,Mg0-1Mn(SbO3)2,Mn(SbO3)2,MgMn(SbO3)2,mp-aaacjjdu,0.741932331249995
Li,Li0-1MnAs,MnAs,LiMnAs,mp-aaacfkut,1.221144383333333
Li,Li1-3Cr(CoO3)2,LiCr(CoO3)2,Li3Cr(CoO3)2,mp-aaacwguo,3.497531378333332
Mg,Mg0-0.5V(GeO3)2,V(GeO3)2,MgV2(GeO3)4,mp-aaachjex,2.474678740000005
Li,Li0-7Cr4P9O32,Cr4P9O32,Li7Cr4P9O32,mp-aaabcseg,4.786344701904768
Li,Li0-1CrPO5,CrPO5,LiCrPO5,mp-aaachokq,4.450076668333328
Li,Li2-5Mg11(WO4)12,Li2Mg11(WO4)12,Li5Mg11(WO4)12,mp-aaabwktg,2.823112279999998
Li,Li0-3Ag,Ag,Li3Ag,mp-aaaaaaeu,0.210565436666666
Mg,Mg0-0.5Mo3S4,Mo3S4,Mg(Mo3S4)2,mp-aaaaadfg,0.9846792149999972
Mg,Mg0-0.5KGd(MoO4)2,KGd(MoO4)2,K2Gd2Mg(MoO4)4,mp-aaacqycl,0.753322040000004
Li,Li2-3VBPO7,Li2VBPO7,Li3VBPO7,mp-aaabrxov,3.100710723333326
Ca,Ca0-1Mn3(P2O7)2,Mn3(P2O7)2,CaMn3(P2O7)2,mp-aaabnnlq,3.956246074999984
Li,Li2-3V(FeO3)2,Li2V(FeO3)2,Li3V(FeO3)2,mp-aaabrezv,2.73139486333334
Mg,Mg0-1Ti2Nb2(CuO4)3,Ti2Nb2(CuO4)3,MgTi2Nb2(CuO4)3,mp-aaabrbnr,1.494325109999995
Mg,Mg0-1VAsO5,VAsO5,MgVAsO5,mp-aaadaish,2.824224262500001
Li,Li1-3Bi(PO4)2,LiBi(PO4)2,Li3Bi(PO4)2,mp-aaackrnb,4.651876331666668
Li,Li1-4Co3CuO8,LiCo3CuO8,Li4Co3CuO8,mp-aaabrivi,3.767762079999996
Li,Li0-1La4CoO8,La4CoO8,LiLa4CoO8,mp-aaaablim,3.689821343333325
Al,Al0-1Sb,Sb,AlSb,mp-aaaaapsw,0.279782196666667
Ca,Ca0-0.25FeSb3,FeSb3,Ca(FeSb3)4,mp-aaacdhjx,1.115058664999995
Zn,Zn0-0.5SbO2,SbO2,Zn(SbO2)2,mp-aaadbrgu,0.2147660125
Li,Li0-1CuO2,CuO2,LiCuO2,mp-aaaabloc,3.94104168333333
Mg,Mg0.12-0.17FeOF,MgFe8(OF)8,MgFe6(OF)6,mp-aaaewjcl,2.573908159999979
Li,Li6-8VNi3(PO4)6,Li6VNi3(PO4)6,Li8VNi3(PO4)6,mp-aaabrezl,4.188687993333336
Ca,Ca0-1Fe(GeO3)2,Fe(GeO3)2,CaFe(GeO3)2,mp-aaachlil,3.816526803750001
Li,Li1-2Fe2Si2O7,LiFe2Si2O7,Li2Fe2Si2O7,mp-aaabsldi,2.686688168333337
Mg,Mg0-1Co5NiO12,Co5NiO12,MgCo5NiO12,mp-aaabsagl,2.614206565
Mg,Mg0-1Tm6WO12,Tm6WO12,Tm6MgWO12,mp-aaabranr,0.107461744999999
Li,Li4-5V(CO3)4,Li4V(CO3)4,Li5V(CO3)4,mp-aaabrfoj,3.530774573333336
Ca,Ca0-4Ni5(TeO6)3,Ni5(TeO6)3,Ca4Ni5(TeO6)3,mp-aaachohk,4.444184311249997
Li,Li1-2CuF4,LiCuF4,Li2CuF4,mp-aaabqwhl,4.725122928333339
Al,Al0-1Rb2CuF6,Rb2CuF6,Rb2AlCuF6,mp-aaacqqrm,3.149980659999999
Ca,Ca0-1.5Bi,Bi,Ca3Bi2,mp-aaabgjdq,0.43576784
Zn,Zn0-1Zr5Sn3,Zr5Sn3,Zr5ZnSn3,mp-aaabdbfm,0.365014777500001
Li,Li3-4Fe3TeO8,Li3Fe3TeO8,Li4Fe3TeO8,mp-aaabryne,2.221538383333329
Li,Li0-1Ti2P2O9,Ti2P2O9,LiTi2P2O9,mp-aaachlpn,2.645816788333325
Mg,Mg0-0.5NiN,NiN,Mg(NiN)2,mp-aaaddkqj,1.672856799999999
Li,Li8-1CoNi9O20,Li8CoNi9O20,Li10CoNi9O20,mp-aaacoyyd,3.7683985283333112
Li,Li0-1MnF3,MnF3,LiMnF3,mp-aaabropl,4.253022903333332
Al,Al0-1Ti3C2,Ti3C2,Ti3AlC2,mp-aaackgkg,0.389458330000001
Li,Li0-1BiP2O7,BiP2O7,LiBiP2O7,mp-aaaabmjs,4.52483093583334
Ca,Ca0-0.5Si(AgO)4,Si(AgO)4,CaSi2(AgO)8,mp-aaabfqsy,0.9583296350000012
Li,Li1-4NbTe2WO12,LiNbTe2WO12,Li4NbTe2WO12,mp-aaabqvip,3.06065849333333
Li,Li0-3MnFeCo(PO4)3,MnFeCo(PO4)3,Li3MnFeCo(PO4)3,mp-aaacoyjs,3.858969595833338
Li,Li0-2MnO2,MnO2,Li2MnO2,mp-aaaablid,2.376154228333332
Li,Li1-2Sn(PO3)4,LiSn(PO3)4,Li2Sn(PO3)4,mp-aaaabnsy,3.868773603333328
Li,Li0-1Mn5O3F5,Mn5O3F5,LiMn5O3F5,mp-aaacusbh,2.651703563333333
Li,Li0-4Mn5Sb3O16,Mn5Sb3O16,Li4Mn5Sb3O16,mp-aaabrxcx,3.647356953333333
Mg,Mg0-0.5TlFeS2,TlFeS2,MgTl2(FeS2)2,mp-aaaaafsb,0.32701234
Li,Li0-1Na5Fe2P2(CO7)2,Na5Fe2P2(CO7)2,Na5LiFe2P2(CO7)2,mp-aaabrbux,3.102241723333354
Li,Li0.33-0.67TiO2,LiTi3O6,Li2Ti3O6,mp-aaabqvtj,1.413359963333318
Mg,Mg0-1PrCr2O6,PrCr2O6,PrMgCr2O6,mp-aaacyjuc,3.264350992499996
Mg,Mg1-15Sn,MgSn,Mg15Sn,mp-aaackhns,0.005467641428571
Li,Li0-4Cr3Co3(SbO8)2,Cr3Co3(SbO8)2,Li4Cr3Co3(SbO8)2,mp-aaabrddf,4.367181173333333
Li,Li0-2Ti13O22,Ti13O22,Li2Ti13O22,mp-aaabljro,0.763753848333327
Li,Li0-2MgCr3(SO4)6,MgCr3(SO4)6,Li2MgCr3(SO4)6,mp-aaabrxnu,3.666027593333329
Li,Li2-3Mn(BO3)2,Li2Mn(BO3)2,Li3Mn(BO3)2,mp-aaabrpvm,3.717526005833339
Mg,Mg0-0.5Sr2MnSO3,Sr2MnSO3,Sr4MgMn2(SO3)2,mp-aaachogn,1.918042509999996
Ca,Ca0-2Mn9O13,Mn9O13,Ca2Mn9O13,mp-aaachncj,3.340953119999997
Zn,Zn0-1SrV(PO4)2,SrV(PO4)2,SrVZn(PO4)2,mp-aaachnyz,0.9625743937500032
Mg,Mg0-0.5VCrO4,VCrO4,MgV2Cr2O8,mp-aaaabcsw,1.174314309999997
Al,Al0-2MnO4,MnO4,MnAl2O4,mp-aaacrnck,3.077943707499999
Li,Li3-4VAs2O9,Li3VAs2O9,Li4VAs2O9,mp-aaacozvm,3.726356205833345
Li,Li0-2MnP2O7,MnP2O7,Li2MnP2O7,mp-aaaabnog,4.027959809583334
Li,Li1-2CuPCO7,LiCuPCO7,Li2CuPCO7,mp-aaaablrm,4.624989623333339
Li,Li0-1P(WO4)2,P(WO4)2,LiP(WO4)2,mp-aaaabpky,2.325715218333333
Mg,Mg0-4Cr5(TeO6)3,Cr5(TeO6)3,Mg4Cr5(TeO6)3,mp-aaachodb,2.625542603124995
Mg,Mg0-1MnO2,MnO2,MgMnO2,mp-aaacujwn,1.9398826649999992
Ca,Ca0-1LaVFeO6,LaVFeO6,CaLaVFeO6,mp-aaachkio,3.750964677499996
Zn,Zn0-1MgV4O10,MgV4O10,MgV4ZnO10,mp-aaachrhr,1.175896914999996
Mg,Mg0-1V4ZnO10,V4ZnO10,MgV4ZnO10,mp-aaacwhsk,2.567968605000001
Mg,Mg0-1Co4OF11,Co4OF11,MgCo4OF11,mp-aaabrleu,3.970872390000001
Mg,Mg0-1VCr2Fe3(PO4)6,VCr2Fe3(PO4)6,MgVCr2Fe3(PO4)6,mp-aaabscin,2.21888091499999
Li,Li0-2V3FeO8,V3FeO8,Li2V3FeO8,mp-aaabrwvn,2.360165378333332
Al,Al0-1Ba2Ni3O8,Ba2Ni3O8,Ba2AlNi3O8,mp-aaadbtxk,2.78664303
Ca,Ca0-2CrIrO6,CrIrO6,Ca2CrIrO6,mp-aaachoxn,3.761337211249997
Mg,Mg0-0.5Mo(RhO3)2,Mo(RhO3)2,MgMo2(RhO3)4,mp-aaaabgrx,1.003961650000012
Li,Li3-4NbV3O8,Li3NbV3O8,Li4NbV3O8,mp-aaabrvad,1.417898163333338
Zn,Zn0.25-1FeO2,Zn(FeO2)4,ZnFeO2,mp-aaachmus,0.6757414433333341
Li,Li0-1VOF3,VOF3,LiVOF3,mp-aaabqvqu,4.051239330833337
Mg,Mg0-3NaCa3Fe(SiO3)8,NaCa3Fe(SiO3)8,NaCa3Mg3Fe(SiO3)8,mp-aaacrmmu,4.667578668333343
Li,Li1.5-2MnSiO4,Li3Mn2(SiO4)2,Li2MnSiO4,mp-aaacwrwr,3.961143553333333
Li,Li0-1CoPO4,CoPO4,LiCoPO4,mp-aaabesyv,4.334888140833333
Mg,Mg0-2Sn,Sn,Mg2Sn,mp-aaaaaaen,0.049098168749999
Mg,Mg0-0.5FeN,FeN,Mg(FeN)2,mp-aaadcqoj,1.432817174999999
Li,Li1-2CuPO4,LiCuPO4,Li2CuPO4,mp-aaabmhto,3.782470303333331
Li,Li1-2CrPO4F,LiCrPO4F,Li2CrPO4F,mp-aaabsexq,2.75603156708333
Ca,Ca0-1Pr(MoO3)2,Pr(MoO3)2,CaPr(MoO3)2,mp-aaachlmm,2.6932511349999992
Li,Li0-4Co5(P3O11)2,Co5(P3O11)2,Li4Co5(P3O11)2,mp-aaaabnhg,4.093662863333333
Li,Li0-7Cr3Co(PO4)6,Cr3Co(PO4)6,Li7Cr3Co(PO4)6,mp-aaabrdcn,4.286054431904757
Mg,Mg0-0.5Mn2S3,Mn2S3,Mg(Mn2S3)2,mp-aaacdljf,0.8218743649999961
Mg,Mg0-1Ho(BiO3)2,Ho(BiO3)2,HoMg(BiO3)2,mp-aaachfsg,2.516350212499998
Mg,Mg0-0.5Fe2CoO4,Fe2CoO4,MgFe4(CoO4)2,mp-aaabqwgc,0.493361075
Li,Li0-1Na5Fe2P2(CO7)2,Na5Fe2P2(CO7)2,Na5LiFe2P2(CO7)2,mp-aaacoyeb,2.933016733333322
Li,Li1-2CrAsCO7,LiCrAsCO7,Li2CrAsCO7,mp-aaabrtaa,4.493169558333339
Li,Li2-8Ti7Nb6O30,Li2Ti7Nb6O30,Li8Ti7Nb6O30,mp-aaabrfja,1.634336758333333
Li,Li4-5Mn5(NiO6)2,Li4Mn5(NiO6)2,Li5Mn5(NiO6)2,mp-aaabreoc,2.97703724833335
Li,Li0.29-1.57Y2Ti2S2O5,Li2Y14Ti14(S2O5)7,Li11Y14Ti14(S2O5)7,mp-aaabsbuo,0.63421575111112
Y,Y0-0.5TiS2,TiS2,Y(TiS2)2,mp-aaaaanjf,1.166932377222222
Zn,Zn0-1Cr4(CuO4)3,Cr4(CuO4)3,ZnCr4(CuO4)3,mp-aaachjcq,1.23122261999999
Y,Y0.67-1.33Mo2O7,Y2(Mo2O7)3,Y4(Mo2O7)3,mp-aaaczqmx,3.616899288888883
Ca,Ca0-1V3(P2O7)2,V3(P2O7)2,CaV3(P2O7)2,mp-aaaabmvi,2.647277074999993
Li,Li0-1Na5Mn2P2(CO7)2,Na5Mn2P2(CO7)2,Na5LiMn2P2(CO7)2,mp-aaabrugr,3.246949258333335
Mg,Mg0-1TiCrO4,TiCrO4,MgTiCrO4,mp-aaabqztk,1.583354725
Zn,Zn0-1BiWO5,BiWO5,ZnBiWO5,mp-aaachksp,1.44132457125
Li,Li0-3CrF6,CrF6,Li3CrF6,mp-aaadbeyq,5.021094306666666
Li,Li0-1VPO4,VPO4,LiVPO4,mp-aaaabmqg,2.408275798333332
Mg,Mg0-0.5Mn2ZnO4,Mn2ZnO4,MgMn4Zn2O8,mp-aaachrpj,1.340463520000004
Li,Li0-1Sn2(SO4)3,Sn2(SO4)3,LiSn2(SO4)3,mp-aaabrtkl,3.265358058333338
Li,Li0-0.5MnS2,MnS2,Li(MnS2)2,mp-aaadawjk,1.912960288333335
Li,Li1-2CoPO4F,LiCoPO4F,Li2CoPO4F,mp-aaabrequ,4.519475752083328
Al,Al0-0.67SiNiO4,SiNiO4,Al2Si3(NiO4)3,mp-aaaczqid,4.08883888833333
Ca,Ca0.12-0.25MnO2,CaMn8O16,CaMn4O8,mp-aaacfcff,2.7373437175000133
Li,Li3-5Cr2P5O18,Li3Cr2P5O18,Li5Cr2P5O18,mp-aaacbgfx,6.048912540833324
Y,Y0-1Ba2Ni2F11,Ba2Ni2F11,Ba2YNi2F11,mp-aaachggd,5.37723310444445
Mg,Mg0-0.5NiO2,NiO2,Mg(NiO2)2,mp-aaachgii,3.786314004999998
Li,Li3-5Mn3O5F3,Li3Mn3O5F3,Li5Mn3O5F3,mp-aaabqwnr,2.654713108333329
Mg,Mg0-0.25TiO2,TiO2,MgTi4O8,mp-aaackqta,0.023104290000003
Mg,Mg0-1SrTi(PO4)2,SrTi(PO4)2,SrMgTi(PO4)2,mp-aaachnps,0.981673794999996
Li,Li0-1In2CuSe4,In2CuSe4,LiIn2CuSe4,mp-aaacjiya,2.528926413333331
Mg,Mg0-0.17FeOF,FeOF,MgFe6(OF)6,mp-aaabrdyw,2.184491514999998
Li,Li1-2FeP2O7,LiFeP2O7,Li2FeP2O7,mp-aaabocxv,4.57292265833333
Li,Li0-1Cu4(PO4)3,Cu4(PO4)3,LiCu4(PO4)3,mp-aaaabnoo,3.897436908333337
Mg,Mg0-0.33TiNbO4,TiNbO4,MgTi3Nb3O12,mp-aaabrawk,0.446087000000013
Mg,Mg0-1VF5,VF5,MgVF5,mp-aaadedha,3.844226412499996
Li,Li1-2CoGeO4,LiCoGeO4,Li2CoGeO4,mp-aaabraqx,3.8504769558333343
Li,Li0-1CoPO4,CoPO4,LiCoPO4,mp-aaaabmkg,4.654103609999997
Li,Li0-0.12FeOF,FeOF,LiFe8(OF)8,mp-aaabrkta,2.077915153333326
Mg,Mg0-2Ni9O13,Ni9O13,Mg2Ni9O13,mp-aaachneu,3.839676337499999
Li,Li0-0.5CuO2,CuO2,Li(CuO2)2,mp-aaabcrsm,4.528884603333332
Mg,Mg0-1TiNbS4,TiNbS4,MgTiNbS4,mp-aaaabysv,0.9688162949999972
Mg,Mg0-0.5Ag3O4,Ag3O4,Mg(Ag3O4)2,mp-aaaaacjt,1.983877109999995
Mg,Mg0-1TiZn2WO6,TiZn2WO6,MgTiZn2WO6,mp-aaachpfm,0.385067679999996
Mg,Mg0-1Ba2Ho(CuO2)4,Ba2Ho(CuO2)4,Ba2HoMg(CuO2)4,mp-aaaaajer,0.49047285
Li,Li0-1.25VO2,VO2,Li5V4O8,mp-aaaborqm,2.391421021333333
Li,Li3-6Fe3O8,Li3Fe3O8,Li6Fe3O8,mp-aaaculzx,2.929959300000002
Li,Li0-1Fe3(OF3)2,Fe3(OF3)2,LiFe3(OF3)2,mp-aaabsgpv,5.605890898333333
Mg,Mg0-0.5FeSO5,FeSO5,MgFe2(SO5)2,mp-aaackvxy,3.574862604999996
Y,Y0-1BaMn4O7,BaMn4O7,BaYMn4O7,mp-aaachrbg,3.274711383888892
Li,Li0-1V2OF5,V2OF5,LiV2OF5,mp-aaabqyhl,3.015203390000001
Ca,Ca0.5-2Nb2O7,CaNb4O14,Ca2Nb2O7,mp-aaacrvgh,4.695906618333332
Li,Li0-3V3(PO4)4,V3(PO4)4,Li3V3(PO4)4,mp-aaaabwdd,4.404106558333329
Ca,Ca0-0.5CrO2,CrO2,CaCr2O4,mp-aaachfxf,3.443418215833335
Ca,Ca2-3CuRhO6,Ca2CuRhO6,Ca3CuRhO6,mp-aaacybyn,3.3513330775
Li,Li4-5Co7O16,Li4Co7O16,Li5Co7O16,mp-aaabrwvl,4.557680973333338
Li,Li0-3Cu2(SO4)3,Cu2(SO4)3,Li3Cu2(SO4)3,mp-aaabrstv,4.024735674999997
Y,Y0-1Ba2Cr3O7,Ba2Cr3O7,Ba2YCr3O7,mp-aaachrcl,3.184550640555559
Li,Li1-2CoNiO4,LiCoNiO4,Li2CoNiO4,mp-aaabqydp,3.371941503333329
Mg,Mg0-0.5SnO2,SnO2,Mg(SnO2)2,mp-aaaczjoo,1.390534578333334
Mg,Mg2-3Sb,Mg2Sb,Mg3Sb,mp-aaackhey,0.142193744999999
Li,Li0-4MnV3O8,MnV3O8,Li4MnV3O8,mp-aaabscjp,2.363222448333332
Mg,Mg0-1Zn2FeWO6,Zn2FeWO6,MgZn2FeWO6,mp-aaachple,1.167930062499995
Li,Li0-1Mn(PO3)3,Mn(PO3)3,LiMn(PO3)3,mp-aaabfsgk,4.989347755833326
Mg,Mg0-1Pr(CoO3)2,Pr(CoO3)2,PrMg(CoO3)2,mp-aaadaixq,3.349605542499997
Li,Li0-1CrPO4,CrPO4,LiCrPO4,mp-aaaaboac,2.958391203333332
Ca,Ca0-1LaCrSnO6,LaCrSnO6,CaLaCrSnO6,mp-aaachfsu,3.5412989749999992
Y,Y0-1Sr2Cu2NiO7,Sr2Cu2NiO7,Sr2YCu2NiO7,mp-aaachkoe,3.4629879605555542
Mg,Mg0-0.5CrPO4,CrPO4,MgCr2(PO4)2,mp-aaacyxrp,2.685843693749998
Li,Li0-4Cr3Co5O16,Cr3Co5O16,Li4Cr3Co5O16,mp-aaabrbeh,3.870839365833337
Li,Li2-4MgCo3O8,Li2MgCo3O8,Li4MgCo3O8,mp-aaacpamy,3.365441028333333
Mg,Mg0-1NaV4O10,NaV4O10,NaMgV4O10,mp-aaabridj,1.8890211150000031
Al,Al0-0.5VO2,VO2,AlV2O4,mp-aaaborqm,1.813854571666667
Ca,Ca0-0.5VO2,VO2,CaV2O4,mp-aaadehdd,2.726785615
Mg,Mg0-1NbVO4,NbVO4,MgNbVO4,mp-aaaftytw,0.7234048200000001
Y,Y0-1Mn4(CuO4)3,Mn4(CuO4)3,YMn4(CuO4)3,mp-aaacupfi,3.3297932522222142
Ca,Ca0-1Ti5O7,Ti5O7,CaTi5O7,mp-aaachmzn,1.322276845
Mg,Mg0-1Sr2TlCuO5,Sr2TlCuO5,Sr2MgTlCuO5,mp-aaabjhpi,0.991735494999997
Mg,Mg0-1Fe6O11F,Fe6O11F,MgFe6O11F,mp-aaabqzgo,2.826622335
Li,Li3-4Fe3SbO8,Li3Fe3SbO8,Li4Fe3SbO8,mp-aaabryfj,2.618652813333345
Mg,Mg0-1Co3TeO8,Co3TeO8,MgCo3TeO8,mp-aaabrimy,3.903953294999998
Mg,Mg0-1V3Zn2O8,V3Zn2O8,MgV3Zn2O8,mp-aaabragw,2.259462312499995
Li,Li0-1FePO4F,FePO4F,LiFePO4F,mp-aaabryuv,6.838748730833328
Mg,Mg0-1Y5(MoO6)2,Y5(MoO6)2,Y5Mg(MoO6)2,mp-aaaabbvx,0.7916017750000081
Ca,Ca1-2NiWO6,CaNiWO6,Ca2NiWO6,mp-aaacynsx,4.68653163
Li,Li1-3VCrP2(HO5)2,LiVCrP2(HO5)2,Li3VCrP2(HO5)2,mp-aaadawpd,4.930915438333334
Zn,Zn0-0.5MoO2,MoO2,Zn(MoO2)2,mp-aaaborqv,0.8504761300000011
Mg,Mg0-0.5PrCrO4,PrCrO4,Pr2MgCr2O8,mp-aaaabbxn,1.830719704999997
Zn,Zn0-3Si3(MoO6)2,Si3(MoO6)2,Zn3Si3(MoO6)2,mp-aaacnbup,0.813667040416663
Ca,Ca0-0.5NiO2,NiO2,Ca(NiO2)2,mp-aaachhmr,4.746306189999998
Li,Li0-4V2P4H3O16,V2P4H3O16,Li4V2P4H3O16,mp-aaabqzmv,3.708165963333333
Li,Li1-2VGeO5,LiVGeO5,Li2VGeO5,mp-aaabwkbe,3.305298013333332
Mg,Mg0-0.33Cr(SO4)2,Cr(SO4)2,MgCr3(SO4)6,mp-aaabrcmi,5.016193120000023
Mg,Mg0-1V3FeO8,V3FeO8,MgV3FeO8,mp-aaabrwvn,1.646530684999999
Mg,Mg0-0.5BaCuO2,BaCuO2,Ba2Mg(CuO2)2,mp-aaacesxm,0.36215876
Ca,Ca0-1Pr(SbO3)2,Pr(SbO3)2,CaPr(SbO3)2,mp-aaachlau,2.136944792499998
Li,Li0-1Co(CO3)2,Co(CO3)2,LiCo(CO3)2,mp-aaacprvn,9.32297333083334
Ca,Ca0-0.5SrVSi2O7,SrVSi2O7,Sr2CaV2(Si2O7)2,mp-aaaabcoe,0.035246415000005
Li,Li1-2CoSiO4,LiCoSiO4,Li2CoSiO4,mp-aaabrlbx,3.914207908333336
Ca,Ca0-0.5BaTlCuO4,BaTlCuO4,Ba2CaTl2(CuO4)2,mp-aaadaxej,3.768816375000002
Li,Li0-1Co(PO3)3,Co(PO3)3,LiCo(PO3)3,mp-aaaabnye,5.357530630833328
Mg,Mg0-0.5Mn6O7F5,Mn6O7F5,MgMn12(O7F5)2,mp-aaabshyc,1.653992365000012
Li,Li0-6Mn3Cr(PO4)6,Mn3Cr(PO4)6,Li6Mn3Cr(PO4)6,mp-aaabrxvs,4.259802988333324
Li,Li2-4Co(PO4)2,Li2Co(PO4)2,Li4Co(PO4)2,mp-aaabhfwh,4.667262029583331
Li,Li2-14MgCo13O28,Li2MgCo13O28,Li14MgCo13O28,mp-aaabrgpf,3.73865790916667
Al,Al0-1CrO3,CrO3,AlCrO3,mp-aaaddjem,1.049507863333334
Mg,Mg0-0.5MnO2,MnO2,MgMn2O4,mp-aaachgba,3.112213556666671
Li,Li0.5-2Fe(CO3)2,LiFe2(CO3)4,Li2Fe(CO3)2,mp-aaabrdjj,3.640839159999998
Ca,Ca0-1W5O7,W5O7,CaW5O7,mp-aaacynxj,1.704101387499998
Y,Y0-1Cr(WO4)2,Cr(WO4)2,YCr(WO4)2,mp-aaachgzd,2.9185619088888872
Li,Li2-3FePO5,Li2FePO5,Li3FePO5,mp-aaabrpvi,2.679945040833336
Ca,Ca0-0.5SnO2,SnO2,Ca(SnO2)2,mp-aaadbtbi,1.7973191025
Li,Li1-4Co3NiO8,LiCo3NiO8,Li4Co3NiO8,mp-aaacuovp,3.374196011666673
Li,Li0.58-0.92NiO2,Li7(NiO2)12,Li11(NiO2)12,mp-aaabrenk,3.711697078333336
Al,Al0-4Mn13Si2(SbO14)2,Mn13Si2(SbO14)2,Mn13Al4Si2(SbO14)2,mp-aaaefxsa,2.924427474166665
Ca,Ca0-1Co(Si2O5)2,Co(Si2O5)2,CaCo(Si2O5)2,mp-aaachjxd,4.183918322499994
Li,Li0-7TiFe3(PO4)6,TiFe3(PO4)6,Li7TiFe3(PO4)6,mp-aaabscwe,4.012802456190469
Li,Li0.33-0.83MnBO3,LiMn3(BO3)3,Li5Mn6(BO3)6,mp-aaabwjzn,3.366735466666685
Li,Li0.6-1NiO2,Li3(NiO2)5,LiNiO2,mp-aaabrkpm,3.790215558333333
Li,Li0-0.5NbPO5,NbPO5,LiNb2(PO5)2,mp-aaaaahga,1.113788783333324
Mg,Mg0-0.25WO3,WO3,Mg(WO3)4,mp-aaagkqat,1.272357827500006
Li,Li2-3FeF6,Li2FeF6,Li3FeF6,mp-aaabsgcl,5.475817033333333
Zn,Zn0-0.5NiO2,NiO2,Zn(NiO2)2,mp-aaaczxuy,2.018527464999998
Mg,Mg0-0.33TiSnO4,TiSnO4,MgTi3(SnO4)3,mp-aaabqvzk,0.5769008800000041
Li,Li0.67-1FeO2,Li2(FeO2)3,LiFeO2,mp-aaacpasa,4.053925838333324
Li,Li0-5Mn3Cr(PO4)4,Mn3Cr(PO4)4,Li5Mn3Cr(PO4)4,mp-aaabsbsu,2.740350369333332
Mg,Mg0-1SbS2NCl6,SbS2NCl6,MgSbS2NCl6,mp-aaabfpci,2.075376884999998
Mg,Mg0-1AlSbO4,AlSbO4,MgAlSbO4,mp-aaabmnhd,0.6864545750000001
Mg,Mg0-0.5CoO2,CoO2,Mg(CoO2)2,mp-aaacymgj,2.996944742499999
Mg,Mg1-3Cd,MgCd,Mg3Cd,mp-aaachdei,0.012064479999999
Mg,Mg0-1Ba2Fe2CuF14,Ba2Fe2CuF14,Ba2MgFe2CuF14,mp-aaaczlwu,4.907663255
Mg,Mg0-1V2Pb(OF4)2,V2Pb(OF4)2,MgV2Pb(OF4)2,mp-aaackwmu,2.829658365000004
Mg,Mg0-0.5Ti2CrO5,Ti2CrO5,MgTi4Cr2O10,mp-aaaabcqz,0.170304577499995
Li,Li0-1ScMo3O8,ScMo3O8,LiScMo3O8,mp-aaaevzvf,2.395774813333337
Li,Li0-1.5V3Fe2CuO12,V3Fe2CuO12,Li3V6Fe4(CuO12)2,mp-aaabtzgq,4.968244016666674
Li,Li1-3SbF6,LiSbF6,Li3SbF6,mp-aaaaafxc,1.7060240933333342
Al,Al0-1Ni(WO4)2,Ni(WO4)2,AlNi(WO4)2,mp-aaachhwq,3.066423846666668
Li,Li0.67-1MnO2,Li2Mn3O6,LiMnO2,mp-aaabrdsj,3.324037740833329
Li,Li2-3TiFe3O8,Li2TiFe3O8,Li3TiFe3O8,mp-aaabrxtk,3.442740968333344
Mg,Mg0-2CrWO6,CrWO6,Mg2CrWO6,mp-aaadbyty,3.095249182499998
Li,Li0.5-2VP2HO8,LiV2P4(HO8)2,Li2VP2HO8,mp-aaabseqo,4.109640574999999
Li,Li2-3V(OF)2,Li2V(OF)2,Li3V(OF)2,mp-aaacuwja,2.30192013333333
Mg,Mg0-0.5Sb2O5,Sb2O5,Mg(Sb2O5)2,mp-aaachjmb,2.179832105
Ca,Ca0-1Pr(FeO3)2,Pr(FeO3)2,CaPr(FeO3)2,mp-aaacxijr,4.338629010000001
Mg,Mg0-1Co3BiO8,Co3BiO8,MgCo3BiO8,mp-aaabrbhj,3.173355574999999
Li,Li3-4MnP2O9,Li3MnP2O9,Li4MnP2O9,mp-aaabxjur,4.732444263333325
Zn,Zn0-1Ni(GeO3)2,Ni(GeO3)2,ZnNi(GeO3)2,mp-aaachjjo,3.033971694999999
Li,Li3-5Cu(PO4)2,Li3Cu(PO4)2,Li5Cu(PO4)2,mp-aaaabnqo,3.754330863333334
Mg,Mg0-1Ba(SnO2)4,Ba(SnO2)4,BaMg(SnO2)4,mp-aaachpga,2.285979049999999
Li,Li0-0.5Fe4O7F,Fe4O7F,LiFe8(O7F)2,mp-aaabqwdn,3.170032603333315
Li,Li1-2CoSiO4,LiCoSiO4,Li2CoSiO4,mp-aaabrdba,3.445609338333338
Li,Li4-5VP2(O4F)2,Li4VP2(O4F)2,Li5VP2(O4F)2,mp-aaabsnuq,3.823998078333336
Mg,Mg0-1BaMn2O5,BaMn2O5,BaMgMn2O5,mp-aaackhyw,2.574455739999994
Al,Al0-1Cr(WO4)2,Cr(WO4)2,AlCr(WO4)2,mp-aaachgzd,2.417719426666671
Mg,Mg0-0.5FeO2,FeO2,Mg(FeO2)2,mp-aaadecxv,3.8932313575
Mg,Mg0-1Ho(MoO3)2,Ho(MoO3)2,HoMg(MoO3)2,mp-aaachggc,1.982915412499996
Mg,Mg0-1Fe(CO3)2,Fe(CO3)2,MgFe(CO3)2,mp-aaabqvuv,3.470914050000002
Mg,Mg0-1YAg(WO4)2,YAg(WO4)2,YMgAg(WO4)2,mp-aaachozm,0.470590519999999
Mg,Mg0-0.5KFe2P3(O4F3)2,KFe2P3(O4F3)2,K2MgFe4P6(O4F3)4,mp-aaacqovf,2.581898750000012
Li,Li0-1V4OF11,V4OF11,LiV4OF11,mp-aaabrhpy,2.574711928333333
Mg,Mg0-1FeSbO4,FeSbO4,MgFeSbO4,mp-aaabmjty,1.007181405000001
Li,Li0-1Co6P7O24,Co6P7O24,LiCo6P7O24,mp-aaabodkt,4.286675008333309
Mg,Mg0-1Tb2Cu(GeO3)4,Tb2Cu(GeO3)4,Tb2MgCu(GeO3)4,mp-aaaaaqfu,0.28497903500001
Li,Li2.25-3K2CrO4,K8Li9Cr4O16,K2Li3CrO4,mp-aaabwktw,1.272919906666671
Li,Li0.2-1VO2,LiV5O10,LiVO2,mp-aaabrjus,2.55168825833334
Mg,Mg0-0.5FeOF,FeOF,MgFe2(OF)2,mp-aaabqvvh,1.803737469999998
Li,Li4-6Fe5NiO12,Li4Fe5NiO12,Li6Fe5NiO12,mp-aaacozxx,3.95228533833333
Li,Li0-1Mn(PO3)3,Mn(PO3)3,LiMn(PO3)3,mp-aaaablir,4.327931088333334
Li,Li0-2V4CuNiO12,V4CuNiO12,Li2V4CuNiO12,mp-aaabrapj,2.674010633333343
Y,Y0-0.67VSiO4,VSiO4,Y2V3(SiO4)3,mp-aaacncdg,2.50017100388889
Li,Li0-2MnP2O7,MnP2O7,Li2MnP2O7,mp-aaabrvww,3.880422472083336
Y,Y0-4Mn13Si2(SbO14)2,Mn13Si2(SbO14)2,Y4Mn13Si2(SbO14)2,mp-aaaefxsa,3.009106018055554
Li,Li0-4Ti5Mn3O16,Ti5Mn3O16,Li4Ti5Mn3O16,mp-aaabseca,3.531012653333332
Mg,Mg1-2V3CrS8,MgV3CrS8,Mg2V3CrS8,mp-aaacsxuz,0.890585679999998
Ca,Ca0-1CrO3,CrO3,CaCrO3,mp-aaadbccs,3.8364995812499982
Li,Li0-1Mo(PO3)4,Mo(PO3)4,LiMo(PO3)4,mp-aaabocyt,4.163988285833345
Li,Li1-3Ti2V3O12,LiTi2V3O12,Li3Ti2V3O12,mp-aaabrnik,2.353501049583333
Li,Li1-2FeSiO4,LiFeSiO4,Li2FeSiO4,mp-aaabrmsa,2.821536255833334
Al,Al1.67-2NiO4,Al5(NiO4)3,Al2NiO4,mp-aaactslc,3.690718435000004
Mg,Mg0-1TiVO4,TiVO4,MgTiVO4,mp-aaabnhli,0.977552467499998
Li,Li0-1VF5,VF5,LiVF5,mp-aaabqwov,4.35258805083333
Li,Li2-3VFe3O8,Li2VFe3O8,Li3VFe3O8,mp-aaacpahi,2.694591148333335
Ca,Ca1-2FeMoO6,CaFeMoO6,Ca2FeMoO6,mp-aaaczwtu,3.593723472499998
Y,Y0-1Ba2Ni3O7,Ba2Ni3O7,Ba2YNi3O7,mp-aaachrda,4.305773205555556
Li,Li0-1CrO3,CrO3,LiCrO3,mp-aaaddjem,3.713144153333336
Li,Li2-3Sn(BO3)2,Li2Sn(BO3)2,Li3Sn(BO3)2,mp-aaabrgef,1.921587510833338
Li,Li0-3V4(OF3)3,V4(OF3)3,Li3V4(OF3)3,mp-aaabsbnz,2.931791001666668
Li,Li0-3Mn3(PO4)4,Mn3(PO4)4,Li3Mn3(PO4)4,mp-aaabnsdu,4.816141371666669
Li,Li0-1WO2,WO2,LiWO2,mp-aaaablnz,1.694168393333332
Ca,Ca0-0.5MnO2,MnO2,CaMn2O4,mp-aaachgba,3.330847089166669
Mg,Mg0-0.5TaFeO4,TaFeO4,MgTa2(FeO4)2,mp-aaabqyui,1.448669509999999
Li,Li0-3Cr3(PO4)4,Cr3(PO4)4,Li3Cr3(PO4)4,mp-aaabodnd,5.105570794444441
Li,Li0-2MnCu(PO4)2,MnCu(PO4)2,Li2MnCu(PO4)2,mp-aaabscmr,3.864876450833333
Li,Li0-3Fe3OF7,Fe3OF7,Li3Fe3OF7,mp-aaacpbce,3.57038111333333
Li,Li3-4La5Ti6Nb2O26,Li3La5Ti6Nb2O26,Li4La5Ti6Nb2O26,mp-aaabrhzg,1.984379983333331
Ca,Ca0-0.5WO2,WO2,Ca(WO2)2,mp-aaachpee,1.402246158750006
Li,Li0-2VPO5,VPO5,Li2VPO5,mp-aaabrlks,3.106591852083338
Li,Li1-4TiV3O8,LiTiV3O8,Li4TiV3O8,mp-aaabsnwq,2.508448786666666
Mg,Mg0-0.25NbO2F,NbO2F,MgNb4(O2F)4,mp-aaabrphe,0.927816179999998
Li,Li0-3VFeP2(HO5)2,VFeP2(HO5)2,Li3VFeP2(HO5)2,mp-aaabqwwk,2.833137093333329
Mg,Mg0-0.25RbUCrO6,RbUCrO6,Rb4MgU4Cr4O24,mp-aaaabaco,1.621689744999988
Li,Li0-4Mn3Nb2Co3O16,Mn3Nb2Co3O16,Li4Mn3Nb2Co3O16,mp-aaabwket,3.790248475833334
Li,Li0-1Ni(SO4)2,Ni(SO4)2,LiNi(SO4)2,mp-aaabrytt,5.297736993333335
Mg,Mg0-1Na(CoO2)3,Na(CoO2)3,NaMg(CoO2)3,mp-aaaewabc,2.549664805
Li,Li0-1Cr2P3O10,Cr2P3O10,LiCr2P3O10,mp-aaaabmqm,3.182670688333336
Mg,Mg0-1Sr2GdCu2RuO8,Sr2GdCu2RuO8,Sr2GdMgCu2RuO8,mp-aaackvkf,0.010928029999999
Mg,Mg0-0.5Mn2NiO4,Mn2NiO4,MgMn4(NiO4)2,mp-aaaaccnb,0.9420603699999972
Mg,Mg0-0.17FeOF,FeOF,MgFe6(OF)6,mp-aaabxarz,1.872363260000004
Ca,Ca0-1W2O5,W2O5,CaW2O5,mp-aaachjqk,1.0994986325
Mg,Mg0-0.5Mn3(O2F)2,Mn3(O2F)2,MgMn6(O2F)4,mp-aaabsgab,2.710162820000012
Ca,Ca0-1Fe2P2O9,Fe2P2O9,CaFe2P2O9,mp-aaachgaw,5.018524015
Li,Li0-3ClO,ClO,Li3ClO,mp-aaacigyc,4.29934582
Li,Li0.33-0.5MnPO4,LiMn3(PO4)3,LiMn2(PO4)2,mp-aaacoyst,3.799085253333391
Mg,Mg0-0.5CoS2,CoS2,Mg(CoS2)2,mp-aaadbdgn,1.434327914999998
Li,Li0-1V2(OF)3,V2(OF)3,LiV2(OF)3,mp-aaackrbe,3.344198996666673
Li,Li0-1V2O2F3,V2O2F3,LiV2O2F3,mp-aaabrmtf,3.208217503333334
Li,Li3-4Cu(PO4)2,Li3Cu(PO4)2,Li4Cu(PO4)2,mp-aaaabmuq,4.488490435833332
Li,Li0-1Cr(PO3)4,Cr(PO3)4,LiCr(PO3)4,mp-aaabobtv,5.979089130833335
Ca,Ca0-0.5CrO2,CrO2,CaCr2O4,mp-aaachptz,3.680661340000003
Ca,Ca0-1Ba(FeO2)4,Ba(FeO2)4,BaCa(FeO2)4,mp-aaadcjji,4.603124914999998
Mg,Mg0-0.5CuN,CuN,Mg(CuN)2,mp-aaaddcdd,2.118881545
Mg,Mg0-1Co(Si2O5)2,Co(Si2O5)2,MgCo(Si2O5)2,mp-aaachjxd,3.2434690799999952
Li,Li0-2Cr5(PO4)4,Cr5(PO4)4,Li2Cr5(PO4)4,mp-aaabcsbo,2.260967883333326
Li,Li0-2MnP2O7,MnP2O7,Li2MnP2O7,mp-aaabhhug,4.247790099583331
Zn,Zn0-1Co3(P2O7)2,Co3(P2O7)2,ZnCo3(P2O7)2,mp-aaaabnyw,1.656712002500008
Li,Li0-4Ni3P4O15,Ni3P4O15,Li4Ni3P4O15,mp-aaackrll,5.449055136458332
Li,Li0.33-0.83MnBO3,LiMn3(BO3)3,Li5Mn6(BO3)6,mp-aaabskvp,3.320173443333334
Zn,Zn0-3Cr2(SiO4)3,Cr2(SiO4)3,Zn3Cr2(SiO4)3,mp-aaacosks,2.461529868333332
Li,Li1-1.5V(OF)2,LiV(OF)2,Li3V2(OF)4,mp-aaabrope,3.024187388333335
Mg,Mg0-0.5Na2Fe2O5,Na2Fe2O5,Na4Mg(Fe2O5)2,mp-aaabqvhu,2.332863254999997
Mg,Mg0-0.5Ga2CuO4,Ga2CuO4,MgGa4(CuO4)2,mp-aaaabzlv,0.089231349999996
Li,Li2.5-5Mn3O8,Li5Mn6O16,Li5Mn3O8,mp-aaabremz,3.621451063333334
Mg,Mg0-1CrO2,CrO2,MgCrO2,mp-aaacfllb,0.425721285
Al,Al0-0.67SiSnO4,SiSnO4,Al2Si3(SnO4)3,mp-aaacnams,1.835916119166667
Li,Li0-4Mn3V2Co3O16,Mn3V2Co3O16,Li4Mn3V2Co3O16,mp-aaabrswr,4.044357108333334
Ca,Ca0-3BiN,BiN,Ca3BiN,mp-aaadcvwk,1.289684443333333
Li,Li0-4Mn3Fe3(SbO8)2,Mn3Fe3(SbO8)2,Li4Mn3Fe3(SbO8)2,mp-aaabsdtz,4.016509958333335
Mg,Mg0-0.5MnO2,MnO2,MgMn2O4,mp-aaaczbqy,2.9786118216666653
Li,Li0-9Mn21O40,Mn21O40,Li9Mn21O40,mp-aaabwiuu,3.8565676177777832
Mg,Mg0-1Tb5(MoO6)2,Tb5(MoO6)2,Tb5Mg(MoO6)2,mp-aaackxhs,1.297322870000006
Mg,Mg0-1MnRe2(HO5)2,MnRe2(HO5)2,MgMnRe2(HO5)2,mp-aaackwpc,3.416401904999998
Li,Li1-2CrP4O13,LiCrP4O13,Li2CrP4O13,mp-aaackrmh,5.183528413333339
Li,Li0-2VOF3,VOF3,Li2VOF3,mp-aaabrgtu,3.759691019583337
Mg,Mg0-0.5ZnCoO3,ZnCoO3,MgZn2(CoO3)2,mp-aaabregy,2.551780169999998
Li,Li1-2CoSiO4,LiCoSiO4,Li2CoSiO4,mp-aaabrfej,3.882312670833333
Li,Li0-1RbV(PO4)2,RbV(PO4)2,RbLiV(PO4)2,mp-aaabfvit,3.002796268333331
Li,Li0.5-1.17FeSiO4,LiFe2(SiO4)2,Li7Fe6(SiO4)6,mp-aaabrdmf,4.238209680833337
Li,Li0-4Mn3CoCu2(PO4)6,Mn3CoCu2(PO4)6,Li4Mn3CoCu2(PO4)6,mp-aaabrdtd,3.983277855833326
Li,Li0-1CuCO3,CuCO3,LiCuCO3,mp-aaabrhbk,3.312257166666666
Mg,Mg0-0.5CrFe2O5,CrFe2O5,MgCr2(Fe2O5)2,mp-aaabqzem,2.344349904999991
Li,Li0-4Mn3Sn(PO4)4,Mn3Sn(PO4)4,Li4Mn3Sn(PO4)4,mp-aaabramt,3.209132739583336
Ca,Ca0.5-1Cu(Si2O5)2,CaCu2(Si2O5)4,CaCu(Si2O5)2,mp-aaacxsql,4.061294474999999
Zn,Zn0-2Cu9O13,Cu9O13,Zn2Cu9O13,mp-aaachmxa,1.93411257
Li,Li0-2Mn3OF6,Mn3OF6,Li2Mn3OF6,mp-aaabrgit,3.575332700833333
Mg,Mg0-0.5Mn2HO4,Mn2HO4,MgMn4(HO4)2,mp-aaabjpdp,2.043649585000001
Li,Li0-1V(CO3)2,V(CO3)2,LiV(CO3)2,mp-aaabqvfx,4.034132813333334
Li,Li0-1VFeO4,VFeO4,LiVFeO4,mp-aaabwkvy,3.397234863333328
Mg,Mg0-0.5PrVO4,PrVO4,Pr2MgV2O8,mp-aaaabcjh,0.800278334999999
Mg,Mg0-0.5ScMn2O5,ScMn2O5,MgSc2Mn4O10,mp-aaabrvrg,1.664452739999991
Al,Al0-1Ba2V3O7,Ba2V3O7,Ba2AlV3O7,mp-aaadbgyz,0.5688897433333361
Li,Li1-2AlVO4,LiAlVO4,Li2AlVO4,mp-aaabruky,2.8414990516666783
Mg,Mg0-0.5CrO2,CrO2,MgCr2O4,mp-aaachhjl,2.46138946
Mg,Mg0-0.5Ga2WO6,Ga2WO6,MgGa4(WO6)2,mp-aaabrwdt,0.8951477050000041
Li,Li1-3VSi4(HO6)2,LiVSi4(HO6)2,Li3VSi4(HO6)2,mp-aaabrhzi,3.561756173333326
Ca,Ca1-3Pb,CaPb,Ca3Pb,mp-aaaabdqo,0.110491465
Li,Li0-2MoP4O13,MoP4O13,Li2MoP4O13,mp-aaabnsdy,4.88869704083334
Mg,Mg0-0.5Mn(CO3)2,Mn(CO3)2,MgMn2(CO3)4,mp-aaabrjox,3.115072999999999
Mg,Mg0-0.5TiO2,TiO2,MgTi2O4,mp-aaabrbid,0.643394346249999
Li,Li0-1VOF3,VOF3,LiVOF3,mp-aaabqvys,4.157885925833331
Li,Li1-3NiPCO7,LiNiPCO7,Li3NiPCO7,mp-aaaablpk,4.956460857083341
Li,Li0-2Mn3CrO8,Mn3CrO8,Li2Mn3CrO8,mp-aaabrakp,4.162324638333328
Li,Li2-4Mn5(FeO6)2,Li2Mn5(FeO6)2,Li4Mn5(FeO6)2,mp-aaabrdtp,3.234838450833341
Li,Li0-1FeP2O7,FeP2O7,LiFeP2O7,mp-aaaabnhs,6.073482713333324
Li,Li0-1TiPO4,TiPO4,LiTiPO4,mp-aaaablqh,0.8504367008333321
Li,Li0-6Mn3P6WO24,Mn3P6WO24,Li6Mn3P6WO24,mp-aaacoyih,3.673914541666661
Mg,Mg0-1FeCuS2,FeCuS2,MgFeCuS2,mp-aaabqwfr,0.670468629999999
Ca,Ca0-1TiSb(PO4)3,TiSb(PO4)3,CaTiSb(PO4)3,mp-aaachjyl,2.457177744999998
Ca,Ca0-0.5CoO2,CoO2,Ca(CoO2)2,mp-aaacziyu,3.179526296666664
Mg,Mg0-0.5Mn3O5F,Mn3O5F,MgMn6(O5F)2,mp-aaabqydd,2.286025769999999
Mg,Mg0-4Mn5(TeO6)3,Mn5(TeO6)3,Mg4Mn5(TeO6)3,mp-aaachocj,2.998582314375004
Y,Y0-1Sr2TaCu2O7,Sr2TaCu2O7,Sr2YTaCu2O7,mp-aaacyodk,2.640657572222222
Li,Li4-5Fe2Cu3O10,Li4Fe2Cu3O10,Li5Fe2Cu3O10,mp-aaabwinw,3.920631173333337
Mg,Mg0-0.5MnZnO3,MnZnO3,MgMn2Zn2O6,mp-aaabqxwg,1.865865609999997
Li,Li0-3V4(OF3)3,V4(OF3)3,Li3V4(OF3)3,mp-aaabsgsm,2.9457897800000032
Mg,Mg0-0.5Co2CuO4,Co2CuO4,MgCo4(CuO4)2,mp-aaabrilk,0.849466024999995
Mg,Mg0-0.33V2OF5,V2OF5,MgV6(OF5)3,mp-aaadlpwr,1.767716634999996
Y,Y0-1Ba2W3O8,Ba2W3O8,Ba2YW3O8,mp-aaachqpe,0.933319058888886
Li,Li0-1Mo(PO4)2,Mo(PO4)2,LiMo(PO4)2,mp-aaabobta,4.514129451666652
Ca,Ca0-1MnF4,MnF4,CaMnF4,mp-aaadawgv,5.524477400000001
Mg,Mg0-1Ba2SmCu3O7,Ba2SmCu3O7,Ba2SmMgCu3O7,mp-aaaabftb,0.115312679999999
Mg,Mg2-3Cd,Mg2Cd,Mg3Cd,mp-aaackhjt,0.066686794999999
Li,Li1-3V(PO4)2,LiV(PO4)2,Li3V(PO4)2,mp-aaaabwax,3.697573206666672
Li,Li0-1Bi(PO3)4,Bi(PO3)4,LiBi(PO3)4,mp-aaabmxzk,5.22502400833334
Mg,Mg0-0.5V2(OF)3,V2(OF)3,MgV4(OF)6,mp-aaaewarl,2.496893324999999
Mg,Mg0-1Cu3AsS4,Cu3AsS4,MgCu3AsS4,mp-aaaabekf,0.363697294999998
Li,Li2-3Cr(FeO3)2,Li2Cr(FeO3)2,Li3Cr(FeO3)2,mp-aaabsntf,4.051966429999998
Zn,Zn0-0.5CuTeO4,CuTeO4,ZnCu2(TeO4)2,mp-aaachfyl,1.694734727499999
Mg,Mg0-0.5NaSbO3,NaSbO3,Na2Mg(SbO3)2,mp-aaaaagqk,0.507877049999998
Mg,Mg0-1NaMn4O8,NaMn4O8,NaMgMn4O8,mp-aaacfvex,2.114847689999995
Li,Li2-4Fe3CoO8,Li2Fe3CoO8,Li4Fe3CoO8,mp-aaabrcop,3.768779103333327
Li,Li0-1MgSnAu,MgSnAu,LiMgSnAu,mp-aaaaaifl,0.300841183333333
Zn,Zn2-11Ce,CeZn2,CeZn11,mp-aaacjhgi,0.083497031388888
Mg,Mg0-0.5Sr2FeSO3,Sr2FeSO3,Sr4MgFe2(SO3)2,mp-aaachohw,2.307949859999998
Mg,Mg0-1Ba(NiO2)4,Ba(NiO2)4,BaMg(NiO2)4,mp-aaaabccl,1.630166270000001
Mg,Mg0-1Mo(WO4)2,Mo(WO4)2,MgMo(WO4)2,mp-aaachgvz,2.261949524999996
Li,Li1-2NiSnO4,LiNiSnO4,Li2NiSnO4,mp-aaabrdzr,3.852479748333334
Zn,Zn0-1Ti(BiO3)2,Ti(BiO3)2,TiZn(BiO3)2,mp-aaadbevu,2.693917160000002
Li,Li3-5Cr2P5O18,Li3Cr2P5O18,Li5Cr2P5O18,mp-aaaabnmi,5.039170618333334
Mg,Mg0-1V3CoSn2(PO4)6,V3CoSn2(PO4)6,MgV3CoSn2(PO4)6,mp-aaabsccr,2.459355594999995
Li,Li0-2ZnFe(PO4)2,ZnFe(PO4)2,Li2ZnFe(PO4)2,mp-aaackqyj,4.203928567083335
Li,Li1.5-2MnSiO4,Li3Mn2(SiO4)2,Li2MnSiO4,mp-aaabrujq,4.239418978333338
Ca,Ca2.5-3MnN3,Ca5(MnN3)2,Ca3MnN3,mp-aaadborv,1.223623594999995
Li,Li0-1NiPO4,NiPO4,LiNiPO4,mp-aaabcruz,4.954485295833335
Li,Li2-3Fe2NiO6,Li2Fe2NiO6,Li3Fe2NiO6,mp-aaabrdpl,4.646636516666665
Li,Li1.5-2VO2F,Li3V2(O2F)2,Li2VO2F,mp-aaabreyg,3.21946023833333
Li,Li0-1FePO4,FePO4,LiFePO4,mp-aaabeszn,3.310712410833329
Li,Li0-2.5TiMn4O10,TiMn4O10,Li5Ti2Mn8O20,mp-aaabsguz,3.875351341333332
Mg,Mg0-1Ho5(MoO6)2,Ho5(MoO6)2,Ho5Mg(MoO6)2,mp-aaackwxm,1.322446755000005
Y,Y0-1V3Se2ClO8,V3Se2ClO8,YV3Se2ClO8,mp-aaachrcs,1.808806075555559
Mg,Mg0-0.5TiSiO4,TiSiO4,MgTi2(SiO4)2,mp-aaackinx,1.056362849999996
Li,Li6-9Co3P8O29,Li6Co3P8O29,Li9Co3P8O29,mp-aaabodlt,4.938065421666659
Li,Li0-1CrP2O7,CrP2O7,LiCrP2O7,mp-aaaabnzw,5.046225483333335
Li,Li0-1MoP2O7,MoP2O7,LiMoP2O7,mp-aaaablje,3.349467478333342
Li,Li3-4FeP2O9,Li3FeP2O9,Li4FeP2O9,mp-aaaabnus,4.625162528333338
Ca,Ca0-0.5Sm2Mo2O7,Sm2Mo2O7,CaSm4(Mo2O7)2,mp-aaabfori,0.491088965000005
Li,Li0.5-1VSiO4,LiV2(SiO4)2,LiVSiO4,mp-aaabsgyi,3.372263413333333
Li,Li0-4Mn2Fe3Sn(PO4)6,Mn2Fe3Sn(PO4)6,Li4Mn2Fe3Sn(PO4)6,mp-aaabwkfa,2.872942075833326
Zn,Zn0-1VAsO5,VAsO5,VZnAsO5,mp-aaadaish,1.542056867500001
Ca,Ca0-1Pr(CoO3)2,Pr(CoO3)2,CaPr(CoO3)2,mp-aaadaixq,4.059182747499991
Ca,Ca0-0.5TiO2,TiO2,CaTi2O4,mp-aaadaxgi,1.647955177500001
Al,Al0-0.5FeS2,FeS2,Al(FeS2)2,mp-aaadbgvo,0.5827683
Y,Y0.33-0.67CuO2,Y(CuO2)3,Y2(CuO2)3,mp-aaadbbkb,4.074805745555557
Li,Li0-1P3W2O13,P3W2O13,LiP3W2O13,mp-aaabrcha,3.293049355833322
Ca,Ca0-1Ba2Cu2HgO6,Ba2Cu2HgO6,Ba2CaCu2HgO6,mp-aaadbmwh,3.7427938
Mg,Mg0-1Sr3Mn2O7,Sr3Mn2O7,Sr3MgMn2O7,mp-aaaabcfm,0.651185965
Al,Al0-12W,W,Al12W,mp-aaaaaadn,0.029234101388888
Mg,Mg0-0.5Mn2CoO6,Mn2CoO6,MgMn4(CoO6)2,mp-aaabqvjl,3.089600350000002
Li,Li0-3Mn5Cr2O12,Mn5Cr2O12,Li3Mn5Cr2O12,mp-aaabrafi,3.414352073333328
Mg,Mg0-1Ba(FeO2)4,Ba(FeO2)4,BaMg(FeO2)4,mp-aaadcjji,4.019066579999998
Mg,Mg0-0.5TiS2,TiS2,Mg(TiS2)2,mp-aaacjhpf,0.7088257950000001
Li,Li0-3TiCo3O8,TiCo3O8,Li3TiCo3O8,mp-aaackrcy,3.683614426666664
Li,Li1.5-2.5CrPCO7,Li3Cr2P2(CO7)2,Li5Cr2P2(CO7)2,mp-aaabrlbl,3.262815258333352
Zn,Zn0-1La2MoO6,La2MoO6,La2ZnMoO6,mp-aaadaxvl,0.7193976000000011
Li,Li0-4FeNi3(PO4)4,FeNi3(PO4)4,Li4FeNi3(PO4)4,mp-aaabqzrt,4.589749423333335
Li,Li1-3VPCO7,LiVPCO7,Li3VPCO7,mp-aaabqxcn,2.725833880833332
Li,Li0-4Fe3Co3(SbO8)2,Fe3Co3(SbO8)2,Li4Fe3Co3(SbO8)2,mp-aaabrbwx,4.521835540833334
Li,Li0-6Mn9(PO4)8,Mn9(PO4)8,Li6Mn9(PO4)8,mp-aaabobtr,3.700166015000002
Mg,Mg0-1Mn6O7F5,Mn6O7F5,MgMn6O7F5,mp-aaabraaf,2.462297499999995
Mg,Mg0-0.5ErTl(WO4)2,ErTl(WO4)2,Er2MgTl2(WO4)4,mp-aaacrakk,0.8441122049999921
Mg,Mg0-1Nb4VO12,Nb4VO12,MgNb4VO12,mp-aaabqxhd,1.897335349999996
Mg,Mg0-1KBiO3,KBiO3,KMgBiO3,mp-aaacdwsu,0.275825904999998
Li,Li0-1Fe(PO3)4,Fe(PO3)4,LiFe(PO3)4,mp-aaaabmkq,5.745952458333339
Zn,Zn0-1Pr(MoO3)2,Pr(MoO3)2,PrZn(MoO3)2,mp-aaachlmm,0.59138093
Y,Y0-1Ti4(CuO4)3,Ti4(CuO4)3,YTi4(CuO4)3,mp-aaacyosg,2.9521737422222163
Li,Li1-3Fe2(PO4)3,LiFe2(PO4)3,Li3Fe2(PO4)3,mp-aaabnuoe,5.039994360833337
Mg,Mg0-1RbBiO3,RbBiO3,RbMgBiO3,mp-aaacdmwu,0.38043594
Li,Li0-3MnV4O12,MnV4O12,Li3MnV4O12,mp-aaabreeo,3.586949089999994
Li,Li0-1NbO2,NbO2,LiNbO2,mp-aaaablhu,2.902760528333332
Mg,Mg0-0.5P4WO12,P4WO12,MgP8(WO12)2,mp-aaabrpjj,2.303801009999991
Li,Li1-3Ni2(PO4)3,LiNi2(PO4)3,Li3Ni2(PO4)3,mp-aaaabnme,4.834790620833336
Li,Li0-1CrO2,CrO2,LiCrO2,mp-aaaborph,4.045066633333332
Mg,Mg0-2Ba2Tl2Co3O10,Ba2Tl2Co3O10,Ba2Mg2Tl2Co3O10,mp-aaachocb,2.8467110699999982
Mg,Mg0-0.5Zr2CuS4,Zr2CuS4,MgZr4(CuS4)2,mp-aaaaautl,0.080079944999998
Li,Li0-2Ni2(SO4)3,Ni2(SO4)3,Li2Ni2(SO4)3,mp-aaabshgc,5.203199792708337
Li,Li0-1Na2MnPCO7,Na2MnPCO7,Na2LiMnPCO7,mp-aaabrses,3.204740440833338
Li,Li0-1V2OF5,V2OF5,LiV2OF5,mp-aaabrmvw,3.442548990000004
Li,Li0-12Mn7V(PO4)12,Mn7V(PO4)12,Li12Mn7V(PO4)12,mp-aaabryfo,4.475340059999993
Li,Li0-1La20Cu9O40,La20Cu9O40,LiLa20Cu9O40,mp-aaabwjka,3.246507393333336
Li,Li0-4Mn5Ni(PO4)6,Mn5Ni(PO4)6,Li4Mn5Ni(PO4)6,mp-aaabryln,3.675396595833324
Ca,Ca0.5-1V2CuO7,CaV4(CuO7)2,CaV2CuO7,mp-aaacxruq,4.527557858333327
Li,Li0-1V2O5,V2O5,LiV2O5,mp-aaaablkq,3.497991530833336
Li,Li0-1V4O5F7,V4O5F7,LiV4O5F7,mp-aaaevzzb,3.40521180333332
Zn,Zn0-2CrWO6,CrWO6,Zn2CrWO6,mp-aaadyoox,1.655626621249997
Li,Li0-1Na5Fe2P2(CO7)2,Na5Fe2P2(CO7)2,Na5LiFe2P2(CO7)2,mp-aaabrvqo,2.902156358333347
Zn,Zn0-1BaWF7,BaWF7,BaZnWF7,mp-aaachqfp,0.7239592725
Mg,Mg0-0.5VOF3,VOF3,MgV2(OF3)2,mp-aaabrgux,3.488037275000001
Zn,Zn0-1Bi6P2O15,Bi6P2O15,ZnBi6P2O15,mp-aaacyzlt,2.699984060000013
Li,Li0-2Mn3(P2O7)2,Mn3(P2O7)2,Li2Mn3(P2O7)2,mp-aaabofbx,4.239662735833325
Ca,Ca0-1MnNiP2O9,MnNiP2O9,CaMnNiP2O9,mp-aaachjuh,4.945968158749994
Y,Y0-0.67CrSiO4,CrSiO4,Y2Cr3(SiO4)3,mp-aaacnbev,3.117184623472222
Mg,Mg0-0.5FeO2,FeO2,Mg(FeO2)2,mp-aaacywgv,3.958045042500001
Li,Li0-2Cr5O12,Cr5O12,Li2Cr5O12,mp-aaabsawe,3.305657543333343
Li,Li0-3Fe5OF11,Fe5OF11,Li3Fe5OF11,mp-aaacypsh,3.662172166666668
Mg,Mg0-1BaMn4O8,BaMn4O8,BaMgMn4O8,mp-aaacphbz,1.658832814999994
Y,Y0-1Ba2Ti3O7,Ba2Ti3O7,Ba2YTi3O7,mp-aaachqpt,1.336210275555556
Li,Li0-4TiCu3(PO4)4,TiCu3(PO4)4,Li4TiCu3(PO4)4,mp-aaackrct,3.450589888333337
Li,Li0-1NiP2O7,NiP2O7,LiNiP2O7,mp-aaaabnqg,5.014135900833328
Li,Li0-1V2P3O11,V2P3O11,LiV2P3O11,mp-aaacsvfn,3.203968088333316
Y,Y0-0.5MnS2,MnS2,Y(MnS2)2,mp-aaadawjk,1.319757082222222
Al,Al0-0.5CoS2,CoS2,Al(CoS2)2,mp-aaadbdgn,0.786678469999998
Mg,Mg0-1Sr2Ti6N2O11,Sr2Ti6N2O11,Sr2MgTi6N2O11,mp-aaabqyzm,0.340972850000004
Li,Li1-1.5CuO2,LiCuO2,Li3(CuO2)2,mp-aaabrzom,2.8554134833333342
Li,Li0-4V3Ni(PO4)4,V3Ni(PO4)4,Li4V3Ni(PO4)4,mp-aaackqzi,2.774079743333335
Li,Li0-1Mn5Fe3O16,Mn5Fe3O16,Li10Mn5Fe3O16,mp-aaabrzuk,3.031810886333333
Li,Li4-6Mn5Ni3O16,Li4Mn5Ni3O16,Li6Mn5Ni3O16,mp-aaabrbdm,3.201150853333335
Li,Li0-1Ba2Ti11O24,Ba2Ti11O24,Ba2LiTi11O24,mp-aaabrsqf,2.399042253333339
Li,Li0-4Mn5Cr3O16,Mn5Cr3O16,Li4Mn5Cr3O16,mp-aaabrwsz,3.893607538333332
Mg,Mg0-1.5Cr3(FeO6)2,Cr3(FeO6)2,Mg3Cr6(FeO6)4,mp-aaachixe,2.582501963333328
Li,Li0-1TiS2,TiS2,LiTiS2,mp-aaaaadey,1.885966963333332
Li,Li1-2PWCO7,LiPWCO7,Li2PWCO7,mp-aaaablpm,2.387301633333327
Mg,Mg0-1Mn3TeO8,Mn3TeO8,MgMn3TeO8,mp-aaabrboz,2.9294020949999973
Zn,Zn0-1Cr3O7,Cr3O7,ZnCr3O7,mp-aaachlbj,1.118501858750001
Li,Li0-2Mn2Cr3O12,Mn2Cr3O12,Li2Mn2Cr3O12,mp-aaabryyp,4.046285558333328
Mg,Mg0-0.5Tl2MoO4,Tl2MoO4,MgTl4(MoO4)2,mp-aaaabcak,0.182261844999996
Mg,Mg0-1V(CO3)2,V(CO3)2,MgV(CO3)2,mp-aaabqvfx,2.527757830000003
Li,Li0-1Mn2OF3,Mn2OF3,LiMn2OF3,mp-aaabqvoe,3.002682963333332
Zn,Zn0-1CrBiO5,CrBiO5,ZnCrBiO5,mp-aaachkrv,2.032841976249998
Mg,Mg0-1SnBiO4,SnBiO4,MgSnBiO4,mp-aaabqyqh,1.073107319999999
Li,Li0-1Mn(PO3)3,Mn(PO3)3,LiMn(PO3)3,mp-aaabcscd,3.676581288333342
Li,Li0-2Fe2(MoO4)3,Fe2(MoO4)3,Li2Fe2(MoO4)3,mp-aaaabglh,3.12444551708332
Li,Li0-2FeP2O7,FeP2O7,Li2FeP2O7,mp-aaabnsdx,4.150864134583334
Ca,Ca0-1TaTi(PO4)3,TaTi(PO4)3,CaTaTi(PO4)3,mp-aaachjzr,1.231265252499997
Mg,Mg0-0.5Zn(SbO3)2,Zn(SbO3)2,MgZn2(SbO3)4,mp-aaaaaesq,0.6637575599999981
Ca,Ca0-2Bi2O5,Bi2O5,Ca2Bi2O5,mp-aaadawfl,3.3940670424999992
Mg,Mg0-1MoO3,MoO3,MgMoO3,mp-aaabosom,2.091999447499998
Li,Li0-1V(PO3)4,V(PO3)4,LiV(PO3)4,mp-aaaabnsc,4.467424198333338
Li,Li1-2TiVO5,LiTiVO5,Li2TiVO5,mp-aaabrapu,3.289108493333334
Mg,Mg0-0.5Nb(SCl)2,Nb(SCl)2,MgNb2(SCl)4,mp-aaaabomk,0.508273649999997
Li,Li0-1CsAcO3,CsAcO3,CsLiAcO3,mp-aaacpjjn,2.147050163333337
Li,Li1-3V2CrO6,LiV2CrO6,Li3V2CrO6,mp-aaabsktn,2.985936183333333
Mg,Mg0-0.5Zn2Fe2O5,Zn2Fe2O5,MgZn4(Fe2O5)2,mp-aaadajev,1.052549564999997
Li,Li1.33-2CoNiO4,Li4Co3(NiO4)3,Li2CoNiO4,mp-aaabsgri,3.222655598333332
Li,Li1-2CoSiO4,LiCoSiO4,Li2CoSiO4,mp-aaabsgjx,3.817750715833331
Mg,Mg0-1FeCuAs2PbO10,FeCuAs2PbO10,MgFeCuAs2PbO10,mp-aaackvqt,3.760114720000002
Ca,Ca0-0.5CoO2,CoO2,Ca(CoO2)2,mp-aaacutxx,3.358120819999999
Mg,Mg0-0.5Ti(PS3)2,Ti(PS3)2,MgTi2(PS3)4,mp-aaaaaufq,0.62566558
Li,Li3-4Cu3TeO8,Li3Cu3TeO8,Li4Cu3TeO8,mp-aaabrzfy,2.7089608733333432
Li,Li1-1.5La7(CuO7)2,LiLa7(CuO7)2,Li3La14(CuO7)4,mp-aaabsdwp,3.492479408333342
Li,Li0-4NbV3Cr2(PO4)6,NbV3Cr2(PO4)6,Li4NbV3Cr2(PO4)6,mp-aaabschp,1.857661768333334
Zn,Zn0-0.5MnO2,MnO2,Mn2ZnO4,mp-aaadaboj,1.601440779999997
Al,Al0-1Zr5Sb3,Zr5Sb3,Zr5AlSb3,mp-aaaaadxx,0.356858516666664
Mg,Mg0-0.5Fe(SbO3)2,Fe(SbO3)2,MgFe2(SbO3)4,mp-aaabctbl,0.400412607500006
Li,Li2-3MnF6,Li2MnF6,Li3MnF6,mp-aaabrgpp,4.72301335166667
Ca,Ca0.5-1NdTiMnO6,CaNd2Ti2Mn2O12,CaNdTiMnO6,mp-aaaczumz,1.781921459999995
Li,Li4-6Mn2C4SO16,Li4Mn2C4SO16,Li6Mn2C4SO16,mp-aaabsely,3.88564301833333
Mg,Mg0-0.5MnPHO5,MnPHO5,MgMn2P2(HO5)2,mp-aaabraru,3.331215554999997
Mg,Mg0-0.5V2CrO6,V2CrO6,MgV4Cr2O12,mp-aaacwicl,1.701380515000001
Li,Li1-2CrCSO7,LiCrCSO7,Li2CrCSO7,mp-aaabrzsy,2.310693358333343
Li,Li2-3TiV3O8,Li2TiV3O8,Li3TiV3O8,mp-aaabshjp,1.886046228333332
Zn,Zn0-0.25MoO2,MoO2,Zn(MoO2)4,mp-aaabornn,0.065558760000002
Li,Li0-1Mn2F5,Mn2F5,LiMn2F5,mp-aaabqwfv,4.316374028333333
Li,Li0.5-1CoPO4,LiCo2(PO4)2,LiCoPO4,mp-aaabqxox,4.381445333333336
Li,Li0-2V(CO3)2,V(CO3)2,Li2V(CO3)2,mp-aaabreft,2.8716647508333373
Zn,Zn0-1BaMg(FeO2)4,BaMg(FeO2)4,BaMgZn(FeO2)4,mp-aaacsefg,0.8108378900000021
Li,Li0-4CrNi5(PO4)6,CrNi5(PO4)6,Li4CrNi5(PO4)6,mp-aaabrxya,4.270554878333333
Li,Li1-2Ti(PO3)5,LiTi(PO3)5,Li2Ti(PO3)5,mp-aaabmxxz,3.800237403333317
Li,Li0-5Fe2Co3O10,Fe2Co3O10,Li5Fe2Co3O10,mp-aaabshfl,3.963004908333332
Li,Li1-2V2F7,LiV2F7,Li2V2F7,mp-aaabrror,2.297227853333329
Mg,Mg0-0.5VPO4F,VPO4F,MgV2P2(O4F)2,mp-aaackwli,2.518591594999994
Li,Li0-2Cr3WO8,Cr3WO8,Li2Cr3WO8,mp-aaabrztt,3.537951798333329
Mg,Mg0-1V(Si2O5)2,V(Si2O5)2,MgV(Si2O5)2,mp-aaachjwm,2.035137337499994
Li,Li1-2TiNiO4,LiTiNiO4,Li2TiNiO4,mp-aaacvlmk,3.65246461833333
Zn,Zn0-1Mg(MnS2)4,Mg(MnS2)4,MgMn4ZnS8,mp-aaaewguy,0.428757660000002
Mg,Mg0-1Cr2P2O9,Cr2P2O9,MgCr2P2O9,mp-aaachfxu,3.649400828750001
Mg,Mg0-0.5Nb2CoO6,Nb2CoO6,MgNb4(CoO6)2,mp-aaabrlkr,0.429786052499996
Mg,Mg0-0.5V2(OF)3,V2(OF)3,MgV4(OF)6,mp-aaabqxtk,2.659898090000003
Ca,Ca0-1Si2NiO6,Si2NiO6,CaSi2NiO6,mp-aaactygq,4.703886601250001
Li,Li0-1Fe(Se2O5)2,Fe(Se2O5)2,LiFe(Se2O5)2,mp-aaaabljn,5.158822208333338
Mg,Mg0-0.5Ba2Co2O5,Ba2Co2O5,Ba4Mg(Co2O5)2,mp-aaacjgjn,1.222133375000003
Li,Li1-2Mn(PO3)4,LiMn(PO3)4,Li2Mn(PO3)4,mp-aaabnnlt,4.9129216308333294
Li,Li1.5-2MnSiO4,Li3Mn2(SiO4)2,Li2MnSiO4,mp-aaabsbmy,4.022318893333339
Li,Li0-1Mo3P3O16,Mo3P3O16,LiMo3P3O16,mp-aaaablnj,3.998809448333308
Li,Li2-3Ni(PO4)2,Li2Ni(PO4)2,Li3Ni(PO4)2,mp-aaaabnmq,4.940689533333331
Mg,Mg0-0.5CdWO4,CdWO4,MgCd2(WO4)2,mp-aaaabcrr,0.532167919999996
Li,Li0.5-2MnCrO4,LiMn2Cr2O8,Li2MnCrO4,mp-aaabslas,3.497715996666665
Ca,Ca1-2FeWO6,CaFeWO6,Ca2FeWO6,mp-aaadbefw,3.613818837500001
Mg,Mg0-0.25NbIO2,NbIO2,MgNb4(IO2)4,mp-aaabfszl,0.361439375
Zn,Zn0-1Pr(SbO3)2,Pr(SbO3)2,PrZn(SbO3)2,mp-aaachlau,0.288086342500002
Mg,Mg0-0.5V2OF6,V2OF6,MgV4(OF6)2,mp-aaackrbs,3.052278974999997
Mg,Mg0-1Co6O7F5,Co6O7F5,MgCo6O7F5,mp-aaabslcy,2.229739509999999
Mg,Mg0-1NdCu(WO4)2,NdCu(WO4)2,NdMgCu(WO4)2,mp-aaabctaz,1.344674855000005
Li,Li0-2Co3WO8,Co3WO8,Li2Co3WO8,mp-aaabqwmp,3.510014330833333
Li,Li2-5V5Cr2O12,Li2V5Cr2O12,Li5V5Cr2O12,mp-aaabsnuk,2.090797828333341
Li,Li0-1Si6BiO14,Si6BiO14,LiSi6BiO14,mp-aaabwjsu,4.278306403333322
Mg,Mg0-1Mn3FeO8,Mn3FeO8,MgMn3FeO8,mp-aaabrbeo,3.010906225000004
Li,Li0-2FeP2O7,FeP2O7,Li2FeP2O7,mp-aaaabnkc,4.685062900833334
Al,Al1.33-2CoO4,Al4(CoO4)3,Al2CoO4,mp-aaaczien,3.199762320000003
Mg,Mg0-1V2CdO6,V2CdO6,MgV2CdO6,mp-aaabetvp,1.785883170000002
Li,Li0-1Mn5O7F,Mn5O7F,LiMn5O7F,mp-aaabqwuy,3.704208283333333
Li,Li0-2Cr3Ni(SO4)6,Cr3Ni(SO4)6,Li2Cr3Ni(SO4)6,mp-aaabscik,3.652284303333336
Li,Li0-4Mn2Co5O12,Mn2Co5O12,Li4Mn2Co5O12,mp-aaabrbwg,3.597688579583331
Mg,Mg0-0.5NiPO4,NiPO4,MgNi2(PO4)2,mp-aaaabllg,3.525372434999998
Mg,Mg0-1Ba3LaIn(WO6)2,Ba3LaIn(WO6)2,Ba3LaMgIn(WO6)2,mp-aaabmzhn,0.69054902999999
Li,Li0-1Mn2O2F3,Mn2O2F3,LiMn2O2F3,mp-aaaewmsd,4.525997473333338
Li,Li0.5-1MnPO5,LiMn2(PO5)2,LiMnPO5,mp-aaabrpul,5.078652138333345
Li,Li0-1Fe(PO3)3,Fe(PO3)3,LiFe(PO3)3,mp-aaabrlwe,3.774391343333325
Li,Li0-0.5VZnSiO5,VZnSiO5,LiV2Zn2(SiO5)2,mp-aaachoki,2.214200378333335
Li,Li0-1V4O5F7,V4O5F7,LiV4O5F7,mp-aaackrar,3.338086983333345
Mg,Mg0-1V4O7F5,V4O7F5,MgV4O7F5,mp-aaabrfpr,2.656623170000007
Mg,Mg0-1CuBi(WO4)2,CuBi(WO4)2,MgCuBi(WO4)2,mp-aaabfrlg,1.5107615099999991
Mg,Mg0-0.5BaNb3NO7,BaNb3NO7,Ba2MgNb6(NO7)2,mp-aaabsepx,0.780414275000002
Li,Li1-2MnH4(SO5)2,LiMnH4(SO5)2,Li2MnH4(SO5)2,mp-aaacoywq,3.772593368333337
Zn,Zn0-0.5CoO2,CoO2,Zn(CoO2)2,mp-aaaczfbx,1.9177648699999992
Ca,Ca0-1MoF5,MoF5,CaMoF5,mp-aaadamrh,4.044480178749999
Li,Li0-1V2CoO6,V2CoO6,LiV2CoO6,mp-aaabraid,2.654171328333338
Li,Li0-4Mn2Fe3P6WO24,Mn2Fe3P6WO24,Li4Mn2Fe3P6WO24,mp-aaabrbxk,2.467452428333322
Li,Li0-1V3O5F3,V3O5F3,LiV3O5F3,mp-aaabrfta,3.95945522833333
Li,Li2-5MnCr3O8,Li2MnCr3O8,Li5MnCr3O8,mp-aaabscxb,2.136611576666666
Mg,Mg0-1NaCaFe(SiO3)4,NaCaFe(SiO3)4,NaCaMgFe(SiO3)4,mp-aaacrmjd,4.768105848749987
Li,Li0-0.2VO2,VO2,LiV5O10,mp-aaabwirn,2.490982693333312
Mg,Mg0-1V4O9,V4O9,MgV4O9,mp-aaaczyxd,2.8378894375
Li,Li0-1V3OF11,V3OF11,LiV3OF11,mp-aaabsesv,4.437728173333331
Li,Li0-1MgCr3Se2(SO6)4,MgCr3Se2(SO6)4,LiMgCr3Se2(SO6)4,mp-aaabrujw,4.778282163333306
Li,Li0-4V3Co3(TeO8)2,V3Co3(TeO8)2,Li4V3Co3(TeO8)2,mp-aaabscry,3.477113773333333
Zn,Zn0-1V(SiO3)2,V(SiO3)2,VZn(SiO3)2,mp-aaacuatj,0.469524861250001
Ca,Ca0-1SbF5,SbF5,CaSbF5,mp-aaaeaezl,3.8875087374999993
Mg,Mg0-0.5NaV(OF)2,NaV(OF)2,Na2MgV2(OF)4,mp-aaaabcaz,2.085960960000005
Mg,Mg0-1.5V2(PO4)3,V2(PO4)3,Mg3V4(PO4)6,mp-aaaczjgg,3.588135634999994
Li,Li0-2MnP2O7,MnP2O7,Li2MnP2O7,mp-aaabrxng,4.001296423333334
Mg,Mg0-2Cr3O8,Cr3O8,Mg2Cr3O8,mp-aaadaztq,3.824114325000001
Li,Li4-6Ba4Ti19O44,Ba4Li4Ti19O44,Ba4Li6Ti19O44,mp-aaabrjgy,1.924906933333322
Li,Li0-1.33MnFe(PO4)2,MnFe(PO4)2,Li4Mn3Fe3(PO4)6,mp-aaabsamq,3.5440157033333373
Y,Y1-2TlCd,YTlCd,Y2TlCd,mp-aaacctew,0.567760828888889
Li,Li0-3Mn5OF11,Mn5OF11,Li3Mn5OF11,mp-aaacynyp,9.279628206666668
Al,Al0-1Ba2Mn3O7,Ba2Mn3O7,Ba2Mn3AlO7,mp-aaachrbj,1.371681339999997
Mg,Mg0-0.5CrO2,CrO2,MgCr2O4,mp-aaadbqjl,3.332704204999999
Zn,Zn0-1SrNi(PO4)2,SrNi(PO4)2,SrZnNi(PO4)2,mp-aaacynrv,5.949257537499999
Li,Li0-3Cu(TeO3)4,Cu(TeO3)4,Li3Cu(TeO3)4,mp-aaabrbez,3.471248049999999
Mg,Mg0-0.5TeWO6,TeWO6,MgTe2(WO6)2,mp-aaadaxns,2.243850474999992
Li,Li0-2Mn4OF8,Mn4OF8,Li2Mn4OF8,mp-aaabqxko,3.598358860833333
Li,Li2-4TiCr3O8,Li2TiCr3O8,Li4TiCr3O8,mp-aaacpajz,2.587910008333328
Li,Li1-4Mn3(OF3)2,LiMn3(OF3)2,Li4Mn3(OF3)2,mp-aaabqwom,3.359990069999999
Li,Li0-1Bi,Bi,LiBi,mp-aaabghqr,0.7967957133333331
Li,Li1-2MnF4,LiMnF4,Li2MnF4,mp-aaacoyos,4.092699433333334
Li,Li0-2MnP2O7,MnP2O7,Li2MnP2O7,mp-aaaabnxu,4.109094549583337
Li,Li0-4MnCo5O12,MnCo5O12,Li4MnCo5O12,mp-aaabqzui,4.214901258333339
Ca,Ca5.5-6MnN5,Ca11(MnN5)2,Ca6MnN5,mp-aaadafex,1.296793019999998
Mg,Mg0-0.25BaCuO2,BaCuO2,Ba4Mg(CuO2)4,mp-aaabqzoq,0.5831860000000021
Li,Li2-3Fe(CuO3)2,Li2Fe(CuO3)2,Li3Fe(CuO3)2,mp-aaabrane,4.044285213333329
Ca,Ca0-1Ba(CoO2)4,Ba(CoO2)4,BaCa(CoO2)4,mp-aaachgjs,3.9704938399999983
Li,Li0-1Cr4GaS8,Cr4GaS8,LiCr4GaS8,mp-aaacruaa,2.422677183333324
Li,Li0-1CrPO4,CrPO4,LiCrPO4,mp-aaaablqy,2.718822045833332
Li,Li0-1Ti3O4,Ti3O4,LiTi3O4,mp-aaabraed,1.088049963333337
Ca,Ca1.5-2GaFeO5,Ca3Ga2(FeO5)2,Ca2GaFeO5,mp-aaaczmxj,3.865527737499998
Li,Li0-5TiV3O8,TiV3O8,Li5TiV3O8,mp-aaacwzfv,1.857053013333332
Li,Li0-4MnV3(PO4)4,MnV3(PO4)4,Li4MnV3(PO4)4,mp-aaabscqw,2.769210095833334
Li,Li1-3Ni2(PO4)3,LiNi2(PO4)3,Li3Ni2(PO4)3,mp-aaaabmic,4.916421169583335
Mg,Mg0-0.25MoO2,MoO2,Mg(MoO2)4,mp-aaabornn,1.501802689999995
Zn,Zn0-0.5Bi19O30,Bi19O30,Zn(Bi19O30)2,mp-aaabsauu,2.36985508999998
Zn,Zn0-0.25FeO2,FeO2,Zn(FeO2)4,mp-aaaabliq,2.035166185000002
Mg,Mg0-0.5YVO4,YVO4,Y2MgV2O8,mp-aaaabchx,0.773409415
Li,Li0-2NaMoF6,NaMoF6,NaLi2MoF6,mp-aaabcsso,2.421319623333329
Mg,Mg0-1Mn5O7F,Mn5O7F,MgMn5O7F,mp-aaabqwuy,2.639588575000001
Li,Li1-2CoSnO4,LiCoSnO4,Li2CoSnO4,mp-aaabqwqq,2.814268028333335
Mg,Mg0-1Mn6O7F5,Mn6O7F5,MgMn6O7F5,mp-aaabqypp,2.671620635
Mg,Mg0-1Mn2CoO6,Mn2CoO6,MgMn2CoO6,mp-aaabrimn,2.506404195000006
Li,Li7-8VO5F,Li7VO5F,Li8VO5F,mp-aaabrnil,1.356853368333337
Li,Li0-0.75TiO2,TiO2,Li3Ti4O8,mp-aaaaanov,1.443941676666663
Li,Li6-7Fe3Co(PO4)6,Li6Fe3Co(PO4)6,Li7Fe3Co(PO4)6,mp-aaabrcjj,3.456640123333334
Li,Li0.67-0.83MnBO3,Li2Mn3(BO3)3,Li5Mn6(BO3)6,mp-aaabwkwa,3.369056593333328
Mg,Mg0-1VP2O7,VP2O7,MgVP2O7,mp-aaaabmvs,2.283893267500002
Li,Li0-1Mn(PO3)3,Mn(PO3)3,LiMn(PO3)3,mp-aaabrxwr,3.492629453333326
Mg,Mg0-1Mn12O17F7,Mn12O17F7,MgMn12O17F7,mp-aaabshei,1.565222580000029
Li,Li0-0.5TiO2,TiO2,LiTi2O4,mp-aaabrbfn,2.098045070833334
Li,Li0-1NbFeO4,NbFeO4,LiNbFeO4,mp-aaabqxso,3.176276870833338
Mg,Mg0-0.5TiO2,TiO2,MgTi2O4,mp-aaaabljq,1.306029144999997
Li,Li1-2FeSiO4,LiFeSiO4,Li2FeSiO4,mp-aaabqwlm,2.8148486308333363
Li,Li0-1.5MnCoO4,MnCoO4,Li3Mn2(CoO4)2,mp-aaabraqa,3.013799849999998
Li,Li0-0.5BiIO,BiIO,LiBi2(IO)2,mp-aaaabiad,0.655929993333331
Li,Li1-4V3CoO10,LiV3CoO10,Li4V3CoO10,mp-aaabqxwb,3.390205559999998
Li,Li2-5Cr3FeO8,Li2Cr3FeO8,Li5Cr3FeO8,mp-aaabsgjt,2.504053240833333
Zn,Zn0-1Si2NiO6,Si2NiO6,ZnSi2NiO6,mp-aaactygq,2.7009116274999982
Li,Li2-3Fe(PO4)2,Li2Fe(PO4)2,Li3Fe(PO4)2,mp-aaabngrl,4.650400668333337
Ca,Ca0-2CrWO6,CrWO6,Ca2CrWO6,mp-aaadyoox,3.555097733749998
Li,Li0-6Mn3Nb(PO4)6,Mn3Nb(PO4)6,Li6Mn3Nb(PO4)6,mp-aaabscsr,3.885424353333334
Mg,Mg0-1Ti4(CuO4)3,Ti4(CuO4)3,MgTi4(CuO4)3,mp-aaacyosg,2.389717469999998
Mg,Mg0-0.5Zn(FeO2)2,Zn(FeO2)2,MgZn2(FeO2)4,mp-aaaabcov,0.521154175000004
Li,Li0-1Fe3(P3O10)2,Fe3(P3O10)2,LiFe3(P3O10)2,mp-aaaabmho,4.476146758333333
Zn,Zn0-2TbFe2,TbFe2,Tb(Zn10Fe)2,mp-aaaaaawr,0.072891226124999
Li,Li0.5-1NiPO4,LiNi2(PO4)2,LiNiPO4,mp-aaabrphh,4.924767253333333
Mg,Mg0-0.5Nb2CoO6,Nb2CoO6,MgNb4(CoO6)2,mp-aaabnuow,0.5727689675000011
Ca,Ca0-1NiF4,NiF4,CaNiF4,mp-aaadcabr,6.3605322375
Li,Li0-1Bi2(SO4)3,Bi2(SO4)3,LiBi2(SO4)3,mp-aaabrsva,1.469238773333335
Li,Li0-3V4(OF3)3,V4(OF3)3,Li3V4(OF3)3,mp-aaadcecy,4.11406206333333
Zn,Zn0-1Cu3(NiO3)4,Cu3(NiO3)4,ZnCu3(NiO3)4,mp-aaachjjs,1.88552387
Li,Li0-1K(WO3)3,K(WO3)3,KLi(WO3)3,mp-aaacpavt,1.716712118333338
Li,Li12-17Ni11O28,Li12Ni11O28,Li17Ni11O28,mp-aaabrfvj,3.548907773333342
Mg,Mg0-1Bi2O5,Bi2O5,MgBi2O5,mp-aaachjlt,3.347435062499997
Mg,Mg0-0.5TiMnO3,TiMnO3,MgTi2Mn2O6,mp-aaaabcfy,0.030345149999999
Li,Li0-0.5Tb2AlFeO6,Tb2AlFeO6,LiTb4Al2(FeO6)2,mp-aaacrhji,0.426823223333348
Mg,Mg0-1V3P3O13,V3P3O13,MgV3P3O13,mp-aaachqex,2.821153904999993
Li,Li0-1Al2Cu,Al2Cu,LiAl2Cu,mp-aaacechq,0.212144053333333
Ca,Ca1.5-2Ta2O6F,Ca3Ta4(O6F)2,Ca2Ta2O6F,mp-aaacrwcs,0.389287279999993
Li,Li0-1MnPO4,MnPO4,LiMnPO4,mp-aaabnsez,4.307593643333338
Li,Li0-6Mn5FeO12,Mn5FeO12,Li6Mn5FeO12,mp-aaabqzhc,3.133320163333332
Al,Al0.67-1FePO5,Al2Fe3(PO5)3,AlFePO5,mp-aaactrry,3.324273199999995
Zn,Zn0-0.5MnO2,MnO2,Mn2ZnO4,mp-aaaablkd,1.61943973
Li,Li0-1NbF5,NbF5,LiNbF5,mp-aaaabbqt,2.275217103333337
Mg,Mg0.5-1VO3,MgV2O6,MgVO3,mp-aaadbviv,3.595683219999995
Li,Li2-3V2FeO6,Li2V2FeO6,Li3V2FeO6,mp-aaabreit,3.417397566666669
Li,Li0-2CoH8(CO5)2,CoH8(CO5)2,Li2CoH8(CO5)2,mp-aaabryqx,3.431611315833341
Mg,Mg0-0.5VS2N3Cl2,VS2N3Cl2,MgV2S4(N3Cl2)2,mp-aaabfuzh,0.9016106649999972
Ca,Ca0-1MnO2,MnO2,CaMnO2,mp-aaabdbno,2.794198236250001
Li,Li1-2CoSiO4,LiCoSiO4,Li2CoSiO4,mp-aaabrlbz,3.798029073333329
Ca,Ca0-3Ge3(WO6)2,Ge3(WO6)2,Ca3Ge3(WO6)2,mp-aaacxlmr,2.588152350416666
Mg,Mg0-1WF5,WF5,MgWF5,mp-aaaczvjd,2.50985854375
Mg,Mg0-0.5CuO2,CuO2,Mg(CuO2)2,mp-aaabcrsm,3.351374252499996
Ca,Ca0-2Fe3Sb(PO4)6,Fe3Sb(PO4)6,Ca2Fe3Sb(PO4)6,mp-aaabscqq,4.877408432499993
Li,Li0-1Cr(PO3)3,Cr(PO3)3,LiCr(PO3)3,mp-aaabrfnj,2.757125870833339
Li,Li2-2.75U(WO5)2,Li2U(WO5)2,Li11U4(WO5)8,mp-aaabrfhu,2.354271090000002
Li,Li0-2FeCo3O8,FeCo3O8,Li2FeCo3O8,mp-aaacpazr,4.639780237083333
Mg,Mg0-1Cu3(SnO3)4,Cu3(SnO3)4,MgCu3(SnO3)4,mp-aaadagzh,1.9200084399999944
Ca,Ca0-1Cr4(CuO4)3,Cr4(CuO4)3,CaCr4(CuO4)3,mp-aaachjcq,3.870545594999998
Li,Li0.36-0.55NiO2,Li4(NiO2)11,Li6(NiO2)11,mp-aaabrehw,3.93364748833334
Mg,Mg0.5-1SbO3,Mg(SbO3)2,MgSbO3,mp-aaachrld,1.713961029999997
Mg,Mg0-1P2W2O9,P2W2O9,MgP2W2O9,mp-aaachfwz,1.127845695000002
Li,Li0-2FeNi(PO4)2,FeNi(PO4)2,Li2FeNi(PO4)2,mp-aaabqyfm,4.231796610833332
Li,Li2-3FeBAsO7,Li2FeBAsO7,Li3FeBAsO7,mp-aaacpanw,4.017984108333327
Li,Li0-0.5Mo2P2O11,Mo2P2O11,LiMo4(P2O11)2,mp-aaabcrwe,3.364947953333346
Li,Li0-4MnFe3(PO4)4,MnFe3(PO4)4,Li4MnFe3(PO4)4,mp-aaabrptm,3.4882419683333312
Ca,Ca0-1CrBiO5,CrBiO5,CaCrBiO5,mp-aaachkrv,4.025664164999998
Zn,Zn0-1VP2O7,VP2O7,VZnP2O7,mp-aaaabmgg,1.173708740000002
Ca,Ca0-1V5O7,V5O7,CaV5O7,mp-aaachnkh,2.299386457500001
Ca,Ca2-2.5VN3,Ca2VN3,Ca5(VN3)2,mp-aaadbfpq,2.597285084999998
Mg,Mg0-0.5MnO2,MnO2,MgMn2O4,mp-aaadccfz,3.31078497375
Mg,Mg0-0.5Fe3O5F,Fe3O5F,MgFe6(O5F)2,mp-aaabrajy,2.948423809999999
Li,Li1-2TiMnO4,LiTiMnO4,Li2TiMnO4,mp-aaacwbbd,2.201534298333333
Li,Li0.67-0.83MnBO3,Li2Mn3(BO3)3,Li5Mn6(BO3)6,mp-aaabwite,3.9530556283332894
Li,Li0.33-0.83MnBO3,LiMn3(BO3)3,Li5Mn6(BO3)6,mp-aaabsmfv,3.417985669999982
Mg,Mg0-1VBiO5,VBiO5,MgVBiO5,mp-aaadacsi,4.193332503750001
Mg,Mg0-0.5Zn(NiO2)2,Zn(NiO2)2,MgZn2(NiO2)4,mp-aaachpna,1.709358575
Zn,Zn0-1BaBiF7,BaBiF7,BaZnBiF7,mp-aaachglx,2.896450412500002
Zn,Zn0.5-1SbO3,Zn(SbO3)2,ZnSbO3,mp-aaachmia,0.34665051
Ca,Ca0-1Co(GeO3)2,Co(GeO3)2,CaCo(GeO3)2,mp-aaachjgv,4.3214077450000055
Mg,Mg0-0.12MnOF,MnOF,MgMn8(OF)8,mp-aaabrmtn,1.6055540599999931
Li,Li2-3Fe(PO4)2,Li2Fe(PO4)2,Li3Fe(PO4)2,mp-aaaabnie,4.779760743333331
Li,Li0-1Mn6P7O24,Mn6P7O24,LiMn6P7O24,mp-aaabcrvc,3.967335698333333
Y,Y0-1MoO3,MoO3,YMoO3,mp-aaaczxol,3.290074934444445
Mg,Mg0-1CrF6,CrF6,MgCrF6,mp-aaadbeyq,5.25015577
Mg,Mg0-0.5Mo(HO2)2,Mo(HO2)2,MgMo2(HO2)4,mp-aaabjqvs,1.559345300000001
Li,Li4-5FeOF5,Li4FeOF5,Li5FeOF5,mp-aaabscrr,2.826265503333344
Mg,Mg0-1V4O7F5,V4O7F5,MgV4O7F5,mp-aaaewadh,2.53647637
Ca,Ca0-0.5Mo3S4,Mo3S4,Ca(Mo3S4)2,mp-aaaaadfg,1.823058289999994
Ca,Ca0-1Mn(Si2O5)2,Mn(Si2O5)2,CaMn(Si2O5)2,mp-aaachjzk,4.185991686250001
Y,Y0-1Sr2GaNi2O7,Sr2GaNi2O7,Sr2YGaNi2O7,mp-aaachkfo,3.815900062222224
Mg,Mg0-3Cr2(SiO4)3,Cr2(SiO4)3,Mg3Cr2(SiO4)3,mp-aaacosks,4.021288741666666
Li,Li0.5-0.75MnBO3,LiMn2(BO3)2,Li3Mn4(BO3)4,mp-aaadljaf,3.150046953333348
Zn,Zn0-1NiP2WO9,NiP2WO9,ZnNiP2WO9,mp-aaachjmj,0.5724590499999991
Mg,Mg0-1Sr2FeCoO6,Sr2FeCoO6,Sr2MgFeCoO6,mp-aaackgla,1.319749644999999
Li,Li0-0.5CuBH4ClO4,CuBH4ClO4,LiCu2B2H8(ClO4)2,mp-aaacpube,2.321201403333337
Ca,Ca0-1.5BaTl(WO3)2,BaTl(WO3)2,Ba2Ca3Tl2(WO3)4,mp-aaachosx,1.521635063333332
Li,Li1-3Cr2CoO6,LiCr2CoO6,Li3Cr2CoO6,mp-aaabrlfz,3.685072813333332
Li,Li0-1Mn7O7F,Mn7O7F,LiMn7O7F,mp-aaabqxgi,2.228983773333373
Li,Li0-3Co3(PO4)4,Co3(PO4)4,Li3Co3(PO4)4,mp-aaabhhlm,5.178266513333336
Mg,Mg0-1Fe6O7F5,Fe6O7F5,MgFe6O7F5,mp-aaabrajc,2.029480664999998
Ca,Ca0-0.5AlV2O4,AlV2O4,CaAl2V4O8,mp-aaachmra,0.386363634999997
Ca,Ca0-1Ti3V5O16,Ti3V5O16,CaTi3V5O16,mp-aaabsefr,2.613701460000004
Li,Li0-6VFe3(PO4)6,VFe3(PO4)6,Li6VFe3(PO4)6,mp-aaabsbfp,4.215075326666668
Li,Li0-1Ni(PO3)3,Ni(PO3)3,LiNi(PO3)3,mp-aaabrpxs,5.751060565833332
Li,Li0-1CuO,CuO,LiCuO,mp-aaaablij,3.592066195833334
Ca,Ca0-2Cr3O8,Cr3O8,Ca2Cr3O8,mp-aaadaztq,4.482058322500001
Li,Li0-1.5Y2Ti2S2O5,Y2Ti2S2O5,Li3Y4Ti4(S2O5)2,mp-aaaabllh,0.7343992300000031
Mg,Mg0-0.5Sb2WO6,Sb2WO6,MgSb4(WO6)2,mp-aaaabqug,0.8077364100000081
Mg,Mg0-0.5Co3O5F,Co3O5F,MgCo6(O5F)2,mp-aaabqwjo,2.245618430000005
Mg,Mg0-0.33Ag,Ag,MgAg3,mp-aaaceicv,0.10977936
Zn,Zn0-0.5WO2,WO2,Zn(WO2)2,mp-aaadaobo,0.105442690000004
Mg,Mg0-1TiCr(PO4)3,TiCr(PO4)3,MgTiCr(PO4)3,mp-aaachkyo,3.908754217499994
Li,Li0-0.5BaMnO3,BaMnO3,Ba2LiMn2O6,mp-aaacqpbc,0.373689893333339
Mg,Mg0-1Mn3VO8,Mn3VO8,MgMn3VO8,mp-aaabrayg,2.676832929999999
Mg,Mg0-1Pr(BiO3)2,Pr(BiO3)2,PrMg(BiO3)2,mp-aaachlca,2.511075042499997
Mg,Mg0-1Sr2HfFeO6,Sr2HfFeO6,Sr2HfMgFeO6,mp-aaacjkaq,0.366300847499997
Ca,Ca0-1Ti(SiO3)2,Ti(SiO3)2,CaTi(SiO3)2,mp-aaaablld,0.919817367500004
Mg,Mg0-1Ti(WO4)2,Ti(WO4)2,MgTi(WO4)2,mp-aaachhbi,2.017643574999998
Mg,Mg0-0.5Mn(FeO2)2,Mn(FeO2)2,MgMn2(FeO2)4,mp-aaaabxwm,1.066199834999996
Li,Li0-4Mn3NbFe2(PO4)6,Mn3NbFe2(PO4)6,Li4Mn3NbFe2(PO4)6,mp-aaabsege,2.91073086083333
Li,Li0-2MnFe2(PO4)3,MnFe2(PO4)3,Li2MnFe2(PO4)3,mp-aaabwirh,3.401287198333325
Li,Li0-4VFe3(PO4)4,VFe3(PO4)4,Li4VFe3(PO4)4,mp-aaacrfji,3.21590019333333
Li,Li1-2NbVO4,LiNbVO4,Li2NbVO4,mp-aaacwiuv,1.24519863583333
Ca,Ca0-2Mn2O5,Mn2O5,Ca2Mn2O5,mp-aaackvok,3.782159869999998
Mg,Mg0-0.5FeClO,FeClO,MgFe2(ClO)2,mp-aaabeubc,1.326539489999999
Li,Li0-2MnCoO4,MnCoO4,Li2MnCoO4,mp-aaabqvvl,3.432672168333333
Li,Li0-5V6O5F19,V6O5F19,Li5V6O5F19,mp-aaabsgrr,4.327268909333337
Li,Li0-3Fe(SbO3)4,Fe(SbO3)4,Li3Fe(SbO3)4,mp-aaabqyup,3.827047448333331
Li,Li0-1Ti(PO3)4,Ti(PO3)4,LiTi(PO3)4,mp-aaabqvmf,2.928506388333351
Mg,Mg0-0.5NiBiO3,NiBiO3,MgNi2(BiO3)2,mp-aaacevcx,1.632080719999998
Mg,Mg0-1Cu2Ag(SeO5)2,Cu2Ag(SeO5)2,MgCu2Ag(SeO5)2,mp-aaackvjp,3.314064120000002
Mg,Mg0-0.25NbO2F,NbO2F,MgNb4(O2F)4,mp-aaaacfsz,1.211302915000009
Mg,Mg0-1V2CoO6,V2CoO6,MgV2CoO6,mp-aaabraid,2.461357567499999
Li,Li0-1NiAsO4,NiAsO4,LiNiAsO4,mp-aaabdbof,5.032981518333333
Ca,Ca0-0.5Ga2WO6,Ga2WO6,CaGa4(WO6)2,mp-aaabrwdt,0.015799645000003
Mg,Mg0-0.5La2MoO6,La2MoO6,La4Mg(MoO6)2,mp-aaaablhi,1.932021414999998
Li,Li0-2NaCoPCO7,NaCoPCO7,NaLi2CoPCO7,mp-aaackrry,4.187993579583339
Ca,Ca0-1Mo2O5,Mo2O5,CaMo2O5,mp-aaachjoa,2.070210952500004
Mg,Mg0-1Mn5Cr(PO4)6,Mn5Cr(PO4)6,MgMn5Cr(PO4)6,mp-aaabrxop,2.9672261600000143
Y,Y0-1CrO3,CrO3,YCrO3,mp-aaaddjem,3.286870615555557
Mg,Mg0-1BaV4O8,BaV4O8,BaMgV4O8,mp-aaachgix,2.13619614
Mg,Mg0-1PrTi2O6,PrTi2O6,PrMgTi2O6,mp-aaachlbf,2.159013627499999
Ca,Ca0-1V4(CuO4)3,V4(CuO4)3,CaV4(CuO4)3,mp-aaaczuws,3.101637539999987
Ca,Ca0-0.5TiO2,TiO2,CaTi2O4,mp-aaaabljq,1.450642114999999
Mg,Mg0-1BiF5,BiF5,MgBiF5,mp-aaaedaug,4.577120697500001
Mg,Mg0-1TiCo3O8,TiCo3O8,MgTiCo3O8,mp-aaacvlgu,2.8530543149999983
Mg,Mg0-1Sc2V2O7,Sc2V2O7,MgSc2V2O7,mp-aaabrief,0.9788983949999992
Mg,Mg0-0.25V2O5,V2O5,MgV8O20,mp-aaaablkq,2.455193455000004
Mg,Mg0-0.5VPO5,VPO5,MgV2(PO5)2,mp-aaackqoo,2.320283229999998
Mg,Mg0-0.5Na2BiO3,Na2BiO3,Na4Mg(BiO3)2,mp-aaabsgvs,1.537949309999999
Li,Li0-2Ba6Ti7Nb9O42,Ba6Ti7Nb9O42,Ba6Li2Ti7Nb9O42,mp-aaabrzpd,1.506274298333328
Li,Li1-4Sn2P4H3O16,LiSn2P4H3O16,Li4Sn2P4H3O16,mp-aaabrexz,2.554750473333328
Li,Li0-1SbPHO5,SbPHO5,LiSbPHO5,mp-aaabqzqv,2.806526983333332
Zn,Zn0-1TiCr(PO4)3,TiCr(PO4)3,TiZnCr(PO4)3,mp-aaachkyo,2.284987304999994
Mg,Mg0-1CrF5,CrF5,MgCrF5,mp-aaadazwp,4.915985875000001
Li,Li0-1Bi(PO3)4,Bi(PO3)4,LiBi(PO3)4,mp-aaabcsch,5.646601353333328
Li,Li0-4Mn5Fe(PO4)6,Mn5Fe(PO4)6,Li4Mn5Fe(PO4)6,mp-aaabrxyh,3.457182658333328
Ca,Ca0-2W3O8,W3O8,Ca2W3O8,mp-aaadbyem,2.265647812500002
Li,Li0.67-1NiO2,Li2(NiO2)3,LiNiO2,mp-aaabqzmg,4.099164658333326
Li,Li0-2FeSiO4,FeSiO4,Li2FeSiO4,mp-aaackssp,4.048538149583334
Li,Li2-4V2SiGeO10,Li2V2SiGeO10,Li4V2SiGeO10,mp-aaabrapq,3.355243983333328
Li,Li1-2MnSnO4,LiMnSnO4,Li2MnSnO4,mp-aaabragk,2.035936613333338
Mg,Mg0-1Cr3AgO8,Cr3AgO8,MgCr3AgO8,mp-aaabfbwh,1.821216590000003
Mg,Mg0-1Fe6O11F,Fe6O11F,MgFe6O11F,mp-aaabqyhi,2.074648205000007
Li,Li0-1CsMnP3HO10,CsMnP3HO10,CsLiMnP3HO10,mp-aaaabjid,2.612493850833336
Zn,Zn0.5-1VO3,V2ZnO6,VZnO3,mp-aaachmxe,1.160778237500004
Mg,Mg0-1Si4NiO10,Si4NiO10,MgSi4NiO10,mp-aaacxlfy,3.808670366249996
Li,Li0-1Fe5Co3O16,Fe5Co3O16,Li10Fe5Co3O16,mp-aaabrwzr,3.344390270333333
Li,Li0-1V(PO3)4,V(PO3)4,LiV(PO3)4,mp-aaabnsgj,4.568068373333323
Li,Li0-2Co3(SeO3)4,Co3(SeO3)4,Li2Co3(SeO3)4,mp-aaabscwi,5.04306379083332
Li,Li3-5Fe7O12,Li3Fe7O12,Li5Fe7O12,mp-aaabqvtp,3.088935448333335
Li,Li0-1Ni(PO3)3,Ni(PO3)3,LiNi(PO3)3,mp-aaaabmmc,5.831597953333334
Li,Li1.5-2Ni(CO3)2,Li3Ni2(CO3)4,Li2Ni(CO3)2,mp-aaabrodg,4.800974803333337
Li,Li1-3VF6,LiVF6,Li3VF6,mp-aaabrcbr,3.854477983333333
Al,Al1.33-1.67FeO4,Al4(FeO4)3,Al5(FeO4)3,mp-aaacthou,3.330742623333336
Li,Li5-6NiO4,Li5NiO4,Li6NiO4,mp-aaabsbsm,2.716354020833333
Li,Li0-2Mn3SnO8,Mn3SnO8,Li2Mn3SnO8,mp-aaabrwir,3.824538182083334
Li,Li0-1Mn(SO4)2,Mn(SO4)2,LiMn(SO4)2,mp-aaabrwxb,5.108003853333348
Ca,Ca1-3SrHf4O12,SrCaHf4O12,SrCa3Hf4O12,mp-aaadilgp,4.390628742499994
Li,Li1-2CoP2O7,LiCoP2O7,Li2CoP2O7,mp-aaabetaj,4.7914651508333375
Y,Y0.67-1CuS2,Y2(CuS2)3,YCuS2,mp-aaacyyuu,2.363301846388891
Zn,Zn0-1Mo3P3O13,Mo3P3O13,ZnMo3P3O13,mp-aaachqeq,0.346373559999996
Li,Li1-4Ti3VO8,LiTi3VO8,Li4Ti3VO8,mp-aaabqwrz,1.7856782074999982
Li,Li0-4Cr(WO4)3,Cr(WO4)3,Li4Cr(WO4)3,mp-aaacpbgu,3.700469580833332
Mg,Mg0-0.5Cr(ClO)2,Cr(ClO)2,MgCr2(ClO)4,mp-aaacjlbw,2.566601099999997
Mg,Mg0-0.5Na2Ni2O5,Na2Ni2O5,Na4Mg(Ni2O5)2,mp-aaabqyxv,2.530992389999999
Zn,Zn0-1V2S5,V2S5,V2ZnS5,mp-aaadaike,0.275886294999999
Li,Li0.33-1CuCO3,LiCu3(CO3)3,LiCuCO3,mp-aaabrdiq,2.9192686033333333
Mg,Mg0-0.25FeOF,FeOF,MgFe4(OF)4,mp-aaabqzkh,1.8344404799999952
Li,Li0-1PWO4F,PWO4F,LiPWO4F,mp-aaaablqe,2.344290088333328
Li,Li0.33-0.67FeO2,Li(FeO2)3,Li2(FeO2)3,mp-aaabqwdm,3.934414568333328
Li,Li2-3Cu2(SO4)3,Li2Cu2(SO4)3,Li3Cu2(SO4)3,mp-aaabrunk,3.310289265833337
Li,Li7-8Mn(O2F)2,Li7Mn(O2F)2,Li8Mn(O2F)2,mp-aaabqwma,1.401244110833336
Ca,Ca0-1La2CrO6,La2CrO6,CaLa2CrO6,mp-aaadbirz,3.519919075
Zn,Zn0-1Ba2Mn2CuF14,Ba2Mn2CuF14,Ba2Mn2ZnCuF14,mp-aaachmzx,2.079573060000001
Ca,Ca0-1VCu3Se4,VCu3Se4,CaVCu3Se4,mp-aaaabgip,0.551149434999998
Zn,Zn0-2Ta2WO8,Ta2WO8,Ta2Zn2WO8,mp-aaachnwn,0.633392517500003
Zn,Zn0-1V3P3O13,V3P3O13,V3ZnP3O13,mp-aaachqex,1.325882547499994
Li,Li0-2NiGe3O8,NiGe3O8,Li2NiGe3O8,mp-aaabexkp,5.022759379583332
Y,Y0-1Ba2W3O7,Ba2W3O7,Ba2YW3O7,mp-aaachraz,0.804677908888889
Li,Li0-1V3OF11,V3OF11,LiV3OF11,mp-aaackqzh,4.105842908333334
Li,Li4-1Cr2Fe3Co3O16,Li4Cr2Fe3Co3O16,Li10Cr2Fe3Co3O16,mp-aaabscha,2.669002409999999
Al,Al0-5W,W,Al5W,mp-aaafupri,0.097376757333333
Li,Li0-1Ti4Mn(PO4)6,Ti4Mn(PO4)6,LiTi4Mn(PO4)6,mp-aaaabcrn,2.277860873333343
Zn,Zn0-0.5VO2,VO2,V2ZnO4,mp-aaaczmim,1.242086374999996
Li,Li0-1Cr3O8,Cr3O8,LiCr3O8,mp-aaaewivk,4.722374733333344
Mg,Mg0-0.5NaMn2O4,NaMn2O4,Na2MgMn4O8,mp-aaabsbfy,1.611797409999998
Al,Al0-1Sb,Sb,AlSb,mp-aaaaaadc,0.261579931666666
Li,Li0-1Ti(PO3)4,Ti(PO3)4,LiTi(PO3)4,mp-aaaabmqk,2.944444275833324
Li,Li4-6MnF8,Li4MnF8,Li6MnF8,mp-aaabroba,4.31951728333333
Mg,Mg0-0.5KFeS2,KFeS2,K2Mg(FeS2)2,mp-aaaaafrf,0.100096719999997
Li,Li0-2Mn3(P2O7)2,Mn3(P2O7)2,Li2Mn3(P2O7)2,mp-aaabnnlq,3.994505840833317
Ca,Ca0-1Mn(GeO3)2,Mn(GeO3)2,CaMn(GeO3)2,mp-aaachkzf,3.6602708362500014
Ca,Ca0-3Hg,Hg,Ca3Hg,mp-aaacdxyu,0.135151418333333
Li,Li0-1P4WO12,P4WO12,LiP4WO12,mp-aaabrpgr,3.386715633333328
Ca,Ca0-0.5Cu3O4,Cu3O4,Ca(Cu3O4)2,mp-aaacnhth,3.940032394999998
Li,Li0-3V4(OF3)3,V4(OF3)3,Li3V4(OF3)3,mp-aaackras,2.9972125833333263
Li,Li0-1Rb2CoF6,Rb2CoF6,Rb2LiCoF6,mp-aaabfxsg,4.849443663333337
Li,Li0-2MnPHO5,MnPHO5,Li2MnPHO5,mp-aaabraru,3.519108802083328
Li,Li2-3MnP2HO8,Li2MnP2HO8,Li3MnP2HO8,mp-aaabsjap,3.131206683333336
Mg,Mg0-0.5V2FeO6,V2FeO6,MgV4(FeO6)2,mp-aaacwrdm,1.566596734999994
Mg,Mg0-0.5Tb2WO6,Tb2WO6,Tb4Mg(WO6)2,mp-aaabqzcr,1.172631970000002
Li,Li2-2.5FePCO7,Li2FePCO7,Li5Fe2P2(CO7)2,mp-aaabrsvj,2.7176558683333423
Li,Li0-1ScSn,ScSn,LiScSn,mp-aaacflsl,1.039233483333333
Mg,Mg0-1AlTe(WO4)2,AlTe(WO4)2,MgAlTe(WO4)2,mp-aaachhcd,1.810601389999992
Zn,Zn0-1Cr(GeO3)2,Cr(GeO3)2,ZnCr(GeO3)2,mp-aaaexhkk,1.152681781250003
Li,Li0-2Ni(PO3)4,Ni(PO3)4,Li2Ni(PO3)4,mp-aaabcryz,5.626220163333333
Li,Li0-2Mn(PO3)4,Mn(PO3)4,Li2Mn(PO3)4,mp-aaabrfpl,4.704670653333328
Li,Li0-1Sn2P3O10,Sn2P3O10,LiSn2P3O10,mp-aaabmhtd,4.572717048333321
Li,Li2-4VF7,Li2VF7,Li4VF7,mp-aaabrcbf,4.628506113333334
Mg,Mg0-1Bi(WO4)2,Bi(WO4)2,MgBi(WO4)2,mp-aaachhea,2.77088056
Li,Li0-1MoO2,MoO2,LiMoO2,mp-aaabornn,2.412900513333331
Mg,Mg0-0.5Mn(GeO3)2,Mn(GeO3)2,MgMn2(GeO3)4,mp-aaachjmd,3.252743900000003
Li,Li0-4VCr2Ni3(PO4)6,VCr2Ni3(PO4)6,Li4VCr2Ni3(PO4)6,mp-aaabsknx,3.391094908333348
Mg,Mg0-1Mn8O13F3,Mn8O13F3,MgMn8O13F3,mp-aaabsfjc,2.402152359999992
Ca,Ca0-0.5C,C,CaC2,mp-aaaaaaco,0.05492121
Mg,Mg0-0.5Mn2Si4O11,Mn2Si4O11,MgMn4(Si4O11)2,mp-aaabrsfw,2.886167765
Li,Li0-3Mn2P5O16,Mn2P5O16,Li3Mn2P5O16,mp-aaaabnzm,4.053939513333332
Mg,Mg0-1Ba2CoMoO6,Ba2CoMoO6,Ba2MgCoMoO6,mp-aaaabcbn,0.094776815
Li,Li0-2Ni(PO3)4,Ni(PO3)4,Li2Ni(PO3)4,mp-aaaabnaa,6.023974763333332
Mg,Mg0-0.25FePO4,FePO4,MgFe4(PO4)4,mp-aaaabedd,2.199419100000004
Zn,Zn0-0.5NiO2,NiO2,Zn(NiO2)2,mp-aaachhlr,2.764460449999998
Li,Li0-4Mn5Sb(PO4)6,Mn5Sb(PO4)6,Li4Mn5Sb(PO4)6,mp-aaabryil,3.076132053333329
Y,Y0-1WO3,WO3,YWO3,mp-aaadawxy,2.97394233388889
Mg,Mg2-3Ce,CeMg2,CeMg3,mp-aaachdts,0.0908172625
Li,Li0-1Mn4(PO4)3,Mn4(PO4)3,LiMn4(PO4)3,mp-aaabodla,4.095810958333321
Li,Li4-1Fe3Co3(NiO8)2,Li4Fe3Co3(NiO8)2,Li10Fe3Co3(NiO8)2,mp-aaabrgsk,2.703796169999998
Mg,Mg0-2Mo3O8,Mo3O8,Mg2Mo3O8,mp-aaadbhef,2.534962964999999
Li,Li3-5Fe5(NiO6)2,Li3Fe5(NiO6)2,Li5Fe5(NiO6)2,mp-aaabqwer,3.888333513333326
Li,Li0-1FeO2,FeO2,LiFeO2,mp-aaadbkav,4.281442048333333
Li,Li0-5Co7O12,Co7O12,Li5Co7O12,mp-aaabrbro,3.061722057333331
Ca,Ca0-1LaCrFeO6,LaCrFeO6,CaLaCrFeO6,mp-aaadakta,4.221207612499998
Mg,Mg0-1Mn6O11F,Mn6O11F,MgMn6O11F,mp-aaabqzbi,2.113699074999989
Li,Li0-4Ti3Mn3(TeO8)2,Ti3Mn3(TeO8)2,Li4Ti3Mn3(TeO8)2,mp-aaabrbad,3.244866485833331
Li,Li0-3Mn5O8,Mn5O8,Li3Mn5O8,mp-aaabqvfs,2.824517153333332
Mg,Mg0-0.5MoPO5,MoPO5,MgMo2(PO5)2,mp-aaachkqe,2.195214675
Ca,Ca0-0.5AlO2,AlO2,CaAl2O4,mp-aaackkmp,4.348296104999998
Li,Li0-1Cr2P3O11,Cr2P3O11,LiCr2P3O11,mp-aaaabmfa,4.01718268333335
Mg,Mg0-0.5Fe3O5F,Fe3O5F,MgFe6(O5F)2,mp-aaabracd,2.82435688
Mg,Mg0-0.5Fe4O7F,Fe4O7F,MgFe8(O7F)2,mp-aaabqwdn,2.329954934999993
Mg,Mg0-1Ba2La2Mn(WO6)2,Ba2La2Mn(WO6)2,Ba2La2MgMn(WO6)2,mp-aaabfxqf,0.8705836274999871
Li,Li3-5Cr2Fe3O10,Li3Cr2Fe3O10,Li5Cr2Fe3O10,mp-aaacpagy,3.483857388333324
Mg,Mg0-3Bi,Bi,Mg3Bi,mp-aaabghqr,0.077167855
Mg,Mg0-0.17FeOF,FeOF,MgFe6(OF)6,mp-aaabqvyf,1.248812754999993
Zn,Zn0-0.5MnO2,MnO2,Mn2ZnO4,mp-aaaczbgg,0.93996615875
Li,Li1-2VOF4,LiVOF4,Li2VOF4,mp-aaabwjro,4.500772758333331
Li,Li0-2Sn(SO4)2,Sn(SO4)2,Li2Sn(SO4)2,mp-aaabrfcx,3.286601863958329
Ca,Ca0-3N2,N2,Ca3N2,mp-aaaaarxn,2.437214353333333
Li,Li5-6MnO4,Li5MnO4,Li6MnO4,mp-aaabsbxd,1.963783213333333
Ca,Ca0-1Ni(GeO3)2,Ni(GeO3)2,CaNi(GeO3)2,mp-aaachjjo,5.04226532
Mg,Mg0-0.5BaMoO4,BaMoO4,Ba2Mg(MoO4)2,mp-aaaabcnk,0.247992035
Li,Li0-4Mn3Fe2Sn(PO4)6,Mn3Fe2Sn(PO4)6,Li4Mn3Fe2Sn(PO4)6,mp-aaabsexg,3.417082510833329
Li,Li0-1SbP2O7,SbP2O7,LiSbP2O7,mp-aaabevhk,2.95361584583333
Li,Li0-12Mn11Fe(PO4)12,Mn11Fe(PO4)12,Li12Mn11Fe(PO4)12,mp-aaabwjci,3.771389591666666
Li,Li0-1V2OF5,V2OF5,LiV2OF5,mp-aaabrhqo,2.9916453833333323
Li,Li0-3TiMn3O8,TiMn3O8,Li3TiMn3O8,mp-aaabqzih,3.133525914999997
Mg,Mg0-0.5MnP2O7,MnP2O7,MgMn2(P2O7)2,mp-aaabrbxr,5.205545305000005
Li,Li0-1CuS2,CuS2,LiCuS2,mp-aaabwibe,1.788751978333333
Li,Li1.5-2Co(CO3)2,Li3Co2(CO3)4,Li2Co(CO3)2,mp-aaadpjoc,3.094986098333327
Al,Al0-1Mo(WO4)2,Mo(WO4)2,AlMo(WO4)2,mp-aaachgta,1.560872183333333
Zn,Zn0-1Co(SiO3)2,Co(SiO3)2,ZnCo(SiO3)2,mp-aaacyizf,2.213650308750005
Li,Li0-3Sb2(PO4)3,Sb2(PO4)3,Li3Sb2(PO4)3,mp-aaabrylz,3.273391006666666
Al,Al0-0.5CoO2,CoO2,Al(CoO2)2,mp-aaacutxx,2.527604855
Y,Y0-1Co(WO4)2,Co(WO4)2,YCo(WO4)2,mp-aaachpsz,3.4804738705555582
Mg,Mg0-0.5SmMoI4O15,SmMoI4O15,Sm2MgMo2(I4O15)2,mp-aaacqmqq,3.926563050000003
Mg,Mg0-1Mn3CuO8,Mn3CuO8,MgMn3CuO8,mp-aaabrbdd,3.060045069999998
Li,Li0-4Mn3Nb2Cr3O16,Mn3Nb2Cr3O16,Li4Mn3Nb2Cr3O16,mp-aaabrxur,3.782514600833335
Mg,Mg0-0.5CrFeO3,CrFeO3,MgCr2(FeO3)2,mp-aaacjjje,1.202387935000001
Ca,Ca0-1BaWF7,BaWF7,BaCaWF7,mp-aaachqfp,2.996003828750005
Mg,Mg0-0.5FeCuO2,FeCuO2,MgFe2(CuO2)2,mp-aaabctfi,0.452175399999999
Li,Li0-3Bi2(PO4)3,Bi2(PO4)3,Li3Bi2(PO4)3,mp-aaaabmow,4.486409069999998
Ca,Ca0-1Ti2Be3(SiO4)3,Ti2Be3(SiO4)3,CaTi2Be3(SiO4)3,mp-aaachgev,1.484112325
Mg,Mg0-1Sb3O7F,Sb3O7F,MgSb3O7F,mp-aaabqwqp,2.241680195000005
Li,Li0.92-1VCuO4,Li11V12(CuO4)12,LiVCuO4,mp-aaabsbya,3.996038413333283
Al,Al0-1Ta(WO4)2,Ta(WO4)2,TaAl(WO4)2,mp-aaachhdp,1.636686101666666
Li,Li0-1V5F11,V5F11,LiV5F11,mp-aaabrghy,2.349577605833336
Li,Li0-1V6O7F5,V6O7F5,LiV6O7F5,mp-aaabsgia,1.962030893333353
Mg,Mg0-0.25CrO3,CrO3,MgCr4O12,mp-aaabryvm,3.050556804999989
Li,Li0-1Fe5O8,Fe5O8,LiFe5O8,mp-aaacrsdr,3.820130203333325
Li,Li4-5Co2Ni3O10,Li4Co2Ni3O10,Li5Co2Ni3O10,mp-aaabsjse,4.322343343333334
Li,Li1-2CrP2O7,LiCrP2O7,Li2CrP2O7,mp-aaabetnu,4.350243368333342
Mg,Mg0-1LaVFeO6,LaVFeO6,LaMgVFeO6,mp-aaachkio,2.831876587500003
Mg,Mg0-0.5DyWClO4,DyWClO4,Dy2MgW2(ClO4)2,mp-aaackuuo,0.7007409550000051
Mg,Mg0-1Fe3Co2Sb(PO4)6,Fe3Co2Sb(PO4)6,MgFe3Co2Sb(PO4)6,mp-aaabrdoe,1.990643859999996
Mg,Mg0-0.33TiS2,TiS2,Mg(TiS2)3,mp-aaackrcc,0.696042039999999
Li,Li0-1NiP2O7,NiP2O7,LiNiP2O7,mp-aaaabmuy,5.481116533333325
Y,Y0-1BiRu2O7,BiRu2O7,YBiRu2O7,mp-aaabqwwe,3.058324828888887
Li,Li1-2NiN,LiNiN,Li2NiN,mp-aaaabrzb,1.209197143333335
Zn,Zn0-1V4(CuO4)3,V4(CuO4)3,V4Zn(CuO4)3,mp-aaaczuws,0.7285170899999901
Ca,Ca1-3SmMn4O12,CaSmMn4O12,Ca3SmMn4O12,mp-aaadiqri,4.654367669999995
Ca,Ca0-0.5NiO2,NiO2,Ca(NiO2)2,mp-aaachpyo,4.254337392499997
Mg,Mg0-0.5VO2,VO2,MgV2O4,mp-aaadcjqc,2.584448752499999
Li,Li1-2Co(SiO3)2,LiCo(SiO3)2,Li2Co(SiO3)2,mp-aaabrais,3.757577073333327
Li,Li0-1V2P3O10,V2P3O10,LiV2P3O10,mp-aaaabnkm,2.647418473333336
Ca,Ca0-1Fe(PO3)4,Fe(PO3)4,CaFe(PO3)4,mp-aaaabmwk,4.808279457499995
Li,Li0-1CoPO4,CoPO4,LiCoPO4,mp-aaabngqe,4.30184314833333
Li,Li0-1Sb2P5O16,Sb2P5O16,LiSb2P5O16,mp-aaaabmjy,3.393597388333323
Mg,Mg0-1Co3NiO8,Co3NiO8,MgCo3NiO8,mp-aaabqwqd,3.414816352500001
Li,Li0-2V2Sn(PO4)3,V2Sn(PO4)3,Li2V2Sn(PO4)3,mp-aaabwkoi,2.522546725833327
Al,Al0-0.25VS2,VS2,Al(VS2)4,mp-aaadbypi,1.128519566666665
Li,Li1-3Cr2(PO4)3,LiCr2(PO4)3,Li3Cr2(PO4)3,mp-aaabnsgz,4.868894020833328
Li,Li0.5-0.75MnBO3,LiMn2(BO3)2,Li3Mn4(BO3)4,mp-aaabsfzb,3.229155983333361
Mg,Mg0-1Ho6WO12,Ho6WO12,Ho6MgWO12,mp-aaaabcfh,0.6805631200000061
Li,Li0-2CrWO6,CrWO6,Li2CrWO6,mp-aaadyoox,4.295765100833326
Li,Li4.5-5Cu(HO2)2,Li9Cu2(HO2)4,Li5Cu(HO2)2,mp-aaabsmof,2.855293473333324
Li,Li0-3Bi2(PO4)3,Bi2(PO4)3,Li3Bi2(PO4)3,mp-aaaabmpw,4.572135908333331
Li,Li0-4Fe3Sb(PO4)4,Fe3Sb(PO4)4,Li4Fe3Sb(PO4)4,mp-aaacpbbd,2.90379491833333
Li,Li0-6Mn3Sn(PO4)6,Mn3Sn(PO4)6,Li6Mn3Sn(PO4)6,mp-aaabshqz,4.116925795
Mg,Mg0-1LaFeMoO6,LaFeMoO6,LaMgFeMoO6,mp-aaachkhs,0.977515667499998
Y,Y0-1Sr2Cu2SnO7,Sr2Cu2SnO7,Sr2YCu2SnO7,mp-aaachnqx,2.941484577222219
Li,Li2-3Na2CoO4,Na2Li2CoO4,Na2Li3CoO4,mp-aaabxalx,3.18593919333333
Mg,Mg0-0.5VO2,VO2,MgV2O4,mp-aaaczmim,2.519368855
Ca,Ca0-1Fe(Si2O5)2,Fe(Si2O5)2,CaFe(Si2O5)2,mp-aaachjyi,4.311220677499992
Li,Li0-0.5BaNiO3,BaNiO3,Ba2Li(NiO3)2,mp-aaaabcmb,0.8029967033333321
Li,Li0-0.5Fe3(OF2)2,Fe3(OF2)2,LiFe6(OF2)4,mp-aaabqxus,2.570995223333345
Mg,Mg0-0.17MnOF,MnOF,MgMn6(OF)6,mp-aaabqzgj,1.601603639999994
Mg,Mg0-1KMn2(MoO5)2,KMn2(MoO5)2,KMgMn2(MoO5)2,mp-aaackwaa,2.7716783749999983
Li,Li0-1FeMoClO4,FeMoClO4,LiFeMoClO4,mp-aaaabifj,3.429463618333334
Li,Li4-1Mn3Co2Ni3O16,Li4Mn3Co2Ni3O16,Li10Mn3Co2Ni3O16,mp-aaabxjiz,2.837011994999997
Li,Li0-3MnFeCo(PO4)3,MnFeCo(PO4)3,Li3MnFeCo(PO4)3,mp-aaabrmtj,3.860079399166669
Ca,Ca0-1.5Cr3(FeO6)2,Cr3(FeO6)2,Ca3Cr6(FeO6)4,mp-aaachixe,3.217637478333328
Li,Li0-1CrP2S7,CrP2S7,LiCrP2S7,mp-aaabrtcq,1.94756167333333
Mg,Mg0-0.5LaFeTeO6,LaFeTeO6,La2MgFe2(TeO6)2,mp-aaacvvtu,1.235843202499997
Li,Li0-1Cr(PO3)4,Cr(PO3)4,LiCr(PO3)4,mp-aaabncpg,5.860501283333325
Li,Li0.5-2V(CO3)2,LiV2(CO3)4,Li2V(CO3)2,mp-aaabrdop,2.503060608333331
Mg,Mg0-0.5Fe3(O2F)2,Fe3(O2F)2,MgFe6(O2F)4,mp-aaabqzsh,1.781834669999999
Li,Li0-2Fe2Cu(PO4)3,Fe2Cu(PO4)3,Li2Fe2Cu(PO4)3,mp-aaabscuy,3.331431138333319
Li,Li2-5FeNi3O8,Li2FeNi3O8,Li5FeNi3O8,mp-aaabryxg,3.101581335
Li,Li0-4Cr3P4O15,Cr3P4O15,Li4Cr3P4O15,mp-aaabreyf,3.163598613333339
Li,Li0-1V6O7F5,V6O7F5,LiV6O7F5,mp-aaabraka,1.879442763333377
Mg,Mg0-0.5Ti3H2O7,Ti3H2O7,MgTi6(H2O7)2,mp-aaaewdev,0.290843790000001
Li,Li0-1Sn(PO3)3,Sn(PO3)3,LiSn(PO3)3,mp-aaackrmc,2.786469153333333
Ca,Ca0-0.5TiS2,TiS2,Ca(TiS2)2,mp-aaaaanjf,1.158329534999999
Li,Li0-2CuPO4,CuPO4,Li2CuPO4,mp-aaabmhph,3.894207785833331
Li,Li1-3VSiCO7,LiVSiCO7,Li3VSiCO7,mp-aaabrwak,3.360515679583334
Li,Li6-8NbNi3(PO4)6,Li6NbNi3(PO4)6,Li8NbNi3(PO4)6,mp-aaacozbm,3.00355375333334
Y,Y0-0.5Mo3Se4,Mo3Se4,Y(Mo3Se4)2,mp-aaaabfcn,1.09639388888889
Mg,Mg0-0.5PWO5,PWO5,MgP2(WO5)2,mp-aaachkqc,1.331794212499997
Li,Li4-1Fe9CoO20,Li4Fe9CoO20,Li10Fe9CoO20,mp-aaabrnsd,4.19254645333333
Al,Al0-1W3O8,W3O8,AlW3O8,mp-aaachike,1.662394503333334
Mg,Mg0-0.5DyMoClO4,DyMoClO4,Dy2MgMo2(ClO4)2,mp-aaabfqal,1.145124979999995
Li,Li1-2SnP2O7,LiSnP2O7,Li2SnP2O7,mp-aaabmhue,4.529398400833334
Mg,Mg0-2Fe9O13,Fe9O13,Mg2Fe9O13,mp-aaacyklg,2.704449492499994
Ca,Ca0-1BaTi4O8,BaTi4O8,BaCaTi4O8,mp-aaachpll,1.055070565000003
Li,Li0-8TiMn3(PO4)6,TiMn3(PO4)6,Li8TiMn3(PO4)6,mp-aaabsbqz,3.876779854583338
Mg,Mg0-0.5TaFeO4,TaFeO4,MgTa2(FeO4)2,mp-aaabqzuq,1.213807990000003
Li,Li1-3Mn5(CuO6)2,LiMn5(CuO6)2,Li3Mn5(CuO6)2,mp-aaabrbqa,3.275343688333341
Mg,Mg0-1TiP3WO12,TiP3WO12,MgTiP3WO12,mp-aaachkxb,1.4755231650000031
Li,Li0-8VFe7(PO4)12,VFe7(PO4)12,Li8VFe7(PO4)12,mp-aaackrcm,5.005458034583317
Mg,Mg0-0.5WOF4,WOF4,MgW2(OF4)2,mp-aaabqwyq,2.459033195000001
Zn,Zn0-1Mn(Si2O5)2,Mn(Si2O5)2,MnZn(Si2O5)2,mp-aaachjzk,1.9599538962499992
Mg,Mg0-0.5FeO2,FeO2,Mg(FeO2)2,mp-aaachpgf,3.759904998749999
Li,Li0-2MnP2O7,MnP2O7,Li2MnP2O7,mp-aaabnseg,4.000639058333339
Li,Li1-3Bi2(PO4)3,LiBi2(PO4)3,Li3Bi2(PO4)3,mp-aaabesvt,4.731703450833334
Li,Li0-2Fe(CoO3)2,Fe(CoO3)2,Li2Fe(CoO3)2,mp-aaabqwbg,4.004752400833337
Mg,Mg0-1Ba(WO2)4,Ba(WO2)4,BaMg(WO2)4,mp-aaachgpy,1.239941390000003
Li,Li1-2Fe2C2O7,LiFe2C2O7,Li2Fe2C2O7,mp-aaabrdfx,3.072785998333321
Ca,Ca0-0.5FeO2,FeO2,Ca(FeO2)2,mp-aaachpgf,4.502335843749999
Li,Li0-4Ti2Mn3Cr3O16,Ti2Mn3Cr3O16,Li4Ti2Mn3Cr3O16,mp-aaabrwun,4.01006557833333
Li,Li0-1Sb(PO3)4,Sb(PO3)4,LiSb(PO3)4,mp-aaabmhnf,4.7075938208333294
Li,Li0-1Sr2Ti6N2O11,Sr2Ti6N2O11,Sr2LiTi6N2O11,mp-aaabqyzm,0.933241293333343
Li,Li0-4Mn3Cr3(TeO8)2,Mn3Cr3(TeO8)2,Li4Mn3Cr3(TeO8)2,mp-aaabrycr,3.497267433333332
Mg,Mg0-1Fe(SiO3)2,Fe(SiO3)2,MgFe(SiO3)2,mp-aaaabliu,3.118114135000003
Zn,Zn0-2Mg(MnS2)4,Mg(MnS2)4,MgMn4(ZnS4)2,mp-aaadbrrq,0.204097577500001
Ca,Ca0-1Sn(GeO3)2,Sn(GeO3)2,CaSn(GeO3)2,mp-aaachisn,2.167678813749996
Li,Li0-11V6O5F19,V6O5F19,Li11V6O5F19,mp-aaabrnab,3.701016766969695
Li,Li0-1CrP2O7,CrP2O7,LiCrP2O7,mp-aaachqwl,5.289534683333334
Li,Li0-2Cr3(CuO6)2,Cr3(CuO6)2,Li2Cr3(CuO6)2,mp-aaabrynh,4.587537433333336
Li,Li1-5Bi2P5O18,LiBi2P5O18,Li5Bi2P5O18,mp-aaabmhoj,5.003675554583329
Mg,Mg0-1Ba2La2Zn(WO6)2,Ba2La2Zn(WO6)2,Ba2La2MgZn(WO6)2,mp-aaaacjaa,0.344630174999996
Li,Li0-3Ni2P5O16,Ni2P5O16,Li3Ni2P5O16,mp-aaaabvxx,5.065938405000002
Zn,Zn0-1Mg(NiO2)4,Mg(NiO2)4,MgZn(NiO2)4,mp-aaadbsyo,1.316392884999999
Li,Li3-5V2P5O18,Li3V2P5O18,Li5V2P5O18,mp-aaabnsfk,4.26271734833333
Mg,Mg0-0.5Fe(SiO3)2,Fe(SiO3)2,MgFe2(SiO3)4,mp-aaacthpb,3.904876753749993
Li,Li0-3V3(PO4)4,V3(PO4)4,Li3V3(PO4)4,mp-aaackrlu,4.039884624999999
Mg,Mg0-0.25V2(PO4)3,V2(PO4)3,MgV8(PO4)12,mp-aaaabmqu,2.885835709999999
Mg,Mg0-0.5HoAg(WO4)2,HoAg(WO4)2,Ho2MgAg2(WO4)4,mp-aaacqzfd,0.7125510699999941
Mg,Mg0-0.17FeOF,FeOF,MgFe6(OF)6,mp-aaabrafo,1.96639454999999
Li,Li0-1NaMnP2O7,NaMnP2O7,NaLiMnP2O7,mp-aaacpvra,3.35283063333333
Li,Li0-4Fe5(P3O11)2,Fe5(P3O11)2,Li4Fe5(P3O11)2,mp-aaaabvdw,3.233901318333328
Li,Li0-4Co5Te3O16,Co5Te3O16,Li4Co5Te3O16,mp-aaabrwoq,3.932885010833321
Li,Li0.5-1CrPO4,LiCr2(PO4)2,LiCrPO4,mp-aaabrptk,3.046695470000007
Li,Li0-1MoO2,MoO2,LiMoO2,mp-aaabdbga,1.680403058333334
Ca,Ca0-0.5PWO5,PWO5,CaP2(WO5)2,mp-aaachkqc,2.618097462499999
Li,Li0-2FeO2,FeO2,Li2FeO2,mp-aaacilzg,2.841710690833333
Li,Li0.33-0.83MnBO3,LiMn3(BO3)3,Li5Mn6(BO3)6,mp-aaabskip,3.366902846666679
Ca,Ca0-3Ge3(MoO6)2,Ge3(MoO6)2,Ca3Ge3(MoO6)2,mp-aaaczqfs,3.278232838333336
Mg,Mg0-0.25TaMnNbO6,TaMnNbO6,MgTa4Mn4Nb4O24,mp-aaacrhse,0.035743694999998
Li,Li0-2Mn3NiO8,Mn3NiO8,Li2Mn3NiO8,mp-aaabsdqw,4.714856519583333
Li,Li0-1MgCr7(SO4)12,MgCr7(SO4)12,LiMgCr7(SO4)12,mp-aaabsdbq,4.780451983333369
Mg,Mg0-0.5NbVO5,NbVO5,MgNb2V2O10,mp-aaaexgqu,1.605773265000001
Mg,Mg0-1BaSr(FeO2)4,BaSr(FeO2)4,BaSrMg(FeO2)4,mp-aaaabhep,0.609573074999997
Li,Li1-2V(OF)2,LiV(OF)2,Li2V(OF)2,mp-aaabrokr,3.743696788333336
Li,Li0-4MnCo3O8,MnCo3O8,Li4MnCo3O8,mp-aaabsajy,3.390423123333336
Mg,Mg0-1Mn6O7F5,Mn6O7F5,MgMn6O7F5,mp-aaabqypw,1.967189275
Mg,Mg0-0.5WOF4,WOF4,MgW2(OF4)2,mp-aaabqxkd,2.381159354999998
Y,Y0-1Sr2CrCu2O7,Sr2CrCu2O7,Sr2YCrCu2O7,mp-aaachjnh,3.024016577222229
Zn,Zn0-0.25CrO2,CrO2,ZnCr4O8,mp-aaaborph,1.845323289999996
Mg,Mg0-0.5Fe(NiS2)2,Fe(NiS2)2,MgFe2(NiS2)4,mp-aaabctve,0.003735715000002
Li,Li0-1VS2,VS2,LiVS2,mp-aaacfrhu,1.721756393333334
Ca,Ca0-1FeF4,FeF4,CaFeF4,mp-aaadbmck,5.1599178475
Li,Li0-0.75TiO2,TiO2,Li3Ti4O8,mp-aaaaadyf,1.026649449999998
Ca,Ca0-1Cr3P3O13,Cr3P3O13,CaCr3P3O13,mp-aaachqea,4.538164767499995
Li,Li0-1Cs2MnO4,Cs2MnO4,Cs2LiMnO4,mp-aaabqzas,3.164047273333342
Mg,Mg5-149Sn,Mg5Sn,Mg149Sn,mp-aaackgqf,0.015023903958333
Ca,Ca0-2Ta2WO8,Ta2WO8,Ca2Ta2WO8,mp-aaachnwn,2.2327677325
Li,Li0-3Sb,Sb,Li3Sb,mp-aaaaapsw,1.015952616666667
Li,Li1.5-2MnSiO4,Li3Mn2(SiO4)2,Li2MnSiO4,mp-aaabrujv,3.961298523333316
Ca,Ca0-0.25WO2,WO2,Ca(WO2)4,mp-aaadeglt,0.6453162600000041
Li,Li0-2Fe3(P2O7)2,Fe3(P2O7)2,Li2Fe3(P2O7)2,mp-aaaabnxy,3.626634613333327
Mg,Mg0-0.25FeHO2,FeHO2,MgFe4(HO2)4,mp-aaabilqb,0.7715654899999971
Y,Y0-1Ni(WO4)2,Ni(WO4)2,YNi(WO4)2,mp-aaachhwq,3.358635570555556
Li,Li4-6Co2C4SO16,Li4Co2C4SO16,Li6Co2C4SO16,mp-aaabrwls,4.517149250833332
Mg,Mg0-0.12CuO,CuO,Mg(CuO)8,mp-aaabdboi,2.065426380000002
Li,Li1-2Co3(SiO4)2,LiCo3(SiO4)2,Li2Co3(SiO4)2,mp-aaabwirw,3.757831299999982
Li,Li0-1Ni2(SO4)3,Ni2(SO4)3,LiNi2(SO4)3,mp-aaabsjna,5.026555798333338
Mg,Mg0-1VSbO4,VSbO4,MgVSbO4,mp-aaackqok,0.306617033750002
Mg,Mg0-1Co5CuO8,Co5CuO8,MgCo5CuO8,mp-aaabriiu,0.579934267499998
Mg,Mg0-149Ni,Ni,Mg149Ni,mp-aaacsxkg,0.01365467328859
Ca,Ca0-1.5BaTl(CoO3)2,BaTl(CoO3)2,Ba2Ca3Tl2(CoO3)4,mp-aaachood,3.578009081666667
Li,Li0-2Fe(PO3)4,Fe(PO3)4,Li2Fe(PO3)4,mp-aaabcruc,4.703430993333332
Ca,Ca0-1Cr(PO3)4,Cr(PO3)4,CaCr(PO3)4,mp-aaabncpg,4.190227802499993
Mg,Mg0-0.5Cu2AsClO4,Cu2AsClO4,MgCu4As2(ClO4)2,mp-aaabjddr,2.615100289999998
Mg,Mg0-0.5TiSCl6O,TiSCl6O,MgTi2S2(Cl6O)2,mp-aaabfoby,1.502668694999994
Ca,Ca0-1Cs2SnCl6,Cs2SnCl6,Cs2CaSnCl6,mp-aaabiqfz,2.404675740000001
Mg,Mg6-7NbH16,Mg6NbH16,Mg7NbH16,mp-aaacptfq,0.913132854999998
Li,Li0-1Ni2(PO3)5,Ni2(PO3)5,LiNi2(PO3)5,mp-aaabocwy,5.435916183333323
Zn,Zn0-2ZrFe2,ZrFe2,Zr(Zn10Fe)2,mp-aaaaacoc,0.055579583749999
Mg,Mg0-1V4O7F5,V4O7F5,MgV4O7F5,mp-aaabqyjc,2.504278029999999
Mg,Mg0-1V4CoNiO12,V4CoNiO12,MgV4CoNiO12,mp-aaabrain,1.51447062
Li,Li0-2Co3(P2O7)2,Co3(P2O7)2,Li2Co3(P2O7)2,mp-aaabhgkp,4.965138348333345
Mg,Mg0-1PrV2O6,PrV2O6,PrMgV2O6,mp-aaachllx,2.168540787500004
Mg,Mg0-1Ni3P3O13,Ni3P3O13,MgNi3P3O13,mp-aaachqiv,4.042536650000007
Mg,Mg0-0.5TiO2,TiO2,MgTi2O4,mp-aaadcdgv,1.2250285975
Li,Li0-1Ba4Y2Cu5O14,Ba4Y2Cu5O14,Ba4LiY2Cu5O14,mp-aaabrzft,3.688700613333314
Mg,Mg0-1FeAgO2,FeAgO2,MgFeAgO2,mp-aaaabcll,1.012273223749999
Li,Li1.5-2MnSiO4,Li3Mn2(SiO4)2,Li2MnSiO4,mp-aaabsbfv,3.998338128333334
Li,Li0-1Mn(SO4)2,Mn(SO4)2,LiMn(SO4)2,mp-aaabrzni,5.296113933333335
Li,Li0-1Nb(PO3)4,Nb(PO3)4,LiNb(PO3)4,mp-aaaabvul,2.538882638333324
Mg,Mg0-1Cr2O5,Cr2O5,MgCr2O5,mp-aaadbnfk,2.5653333725
Li,Li0-3V4(OF3)3,V4(OF3)3,Li3V4(OF3)3,mp-aaabsivl,2.960397039999994
Li,Li0-1Fe5(OF2)4,Fe5(OF2)4,LiFe5(OF2)4,mp-aaabqxvy,4.668649563333337
Al,Al0-1BaMn4O7,BaMn4O7,BaMn4AlO7,mp-aaachrbg,2.53165508833333
Li,Li0-2Mn3FeO8,Mn3FeO8,Li2Mn3FeO8,mp-aaabrwxx,4.371535495833332
Li,Li0-2MnCSO7,MnCSO7,Li2MnCSO7,mp-aaabqyiz,4.264617193333334
Li,Li0-1Cr(SO4)2,Cr(SO4)2,LiCr(SO4)2,mp-aaabrcmi,5.324006900000019
Li,Li0-1FeP2O7,FeP2O7,LiFeP2O7,mp-aaabetme,5.367907433333333
Mg,Mg0-0.5Bi2WO6,Bi2WO6,MgBi4(WO6)2,mp-aaaabinh,0.727925919999994
Li,Li0-3Mn3CrO8,Mn3CrO8,Li3Mn3CrO8,mp-aaabrzrk,3.226870689999998
Mg,Mg0-0.5VFeO4,VFeO4,MgV2(FeO4)2,mp-aaaabcav,1.9089125650000047
Zn,Zn0-2Mg(NiS2)4,Mg(NiS2)4,MgZn2(NiS2)4,mp-aaadbjfp,0.2930229125
Li,Li0-2Mn3NiO8,Mn3NiO8,Li2Mn3NiO8,mp-aaabrbxc,4.6047918833333314
Li,Li0-3Mn2FeO6,Mn2FeO6,Li3Mn2FeO6,mp-aaabqyva,3.421964729999999
Mg,Mg0-1V5O12,V5O12,MgV5O12,mp-aaabsggy,2.790450459999992
Li,Li0-3V2P5O16,V2P5O16,Li3V2P5O16,mp-aaaabnzi,2.701183733333336
Li,Li0-6Mn15O32,Mn15O32,Li6Mn15O32,mp-aaabsevj,4.515828204999996
Mg,Mg0-0.25MnAgO4,MnAgO4,MgMn4(AgO4)4,mp-aaabipyj,2.588224794999992
Ca,Ca0-1Sr3Co2S2O5,Sr3Co2S2O5,Sr3CaCo2S2O5,mp-aaachoge,2.895109989999997
Mg,Mg0-0.5Na3VS3O,Na3VS3O,Na6MgV2(S3O)2,mp-aaaabcta,0.9431343399999972
Ca,Ca0-1VBiO5,VBiO5,CaVBiO5,mp-aaadacsi,4.738932246250001
Li,Li0-1MnP2O7,MnP2O7,LiMnP2O7,mp-aaaabnki,4.439181300833344
Li,Li1-2VP4O13,LiVP4O13,Li2VP4O13,mp-aaaabmka,4.420369633333341
Li,Li0-3Sb2(PO4)3,Sb2(PO4)3,Li3Sb2(PO4)3,mp-aaabfolz,3.254626501666668
Mg,Mg0-0.5Ag2O3,Ag2O3,Mg(Ag2O3)2,mp-aaaaaroq,0.429073329999998
Ca,Ca0-0.5NiS2,NiS2,Ca(NiS2)2,mp-aaadefhr,1.528864805
Li,Li4-5Cu2Ni5O12,Li4Cu2Ni5O12,Li5Cu2Ni5O12,mp-aaabwinl,3.804458318333336
Zn,Zn0-1BaSbF7,BaSbF7,BaZnSbF7,mp-aaachglp,1.195237111250002
Ca,Ca0-0.5BiO2,BiO2,Ca(BiO2)2,mp-aaaczjcb,3.309772022500001
Ca,Ca0-0.5FeS2,FeS2,Ca(FeS2)2,mp-aaadbgvo,1.7143427350000011
Mg,Mg0-1V4O7F5,V4O7F5,MgV4O7F5,mp-aaabrmds,2.470893829999998
Li,Li1-2CuCSO7,LiCuCSO7,Li2CuCSO7,mp-aaabrszn,4.101987503333338
Ca,Ca0-1Cu3(SnO3)4,Cu3(SnO3)4,CaCu3(SnO3)4,mp-aaadagzh,3.219312404999999
Mg,Mg0-1Mn6O7F5,Mn6O7F5,MgMn6O7F5,mp-aaabqypy,2.173691609999996
Zn,Zn0-1Ni2P2O9,Ni2P2O9,ZnNi2P2O9,mp-aaachksw,2.576590290000006
Li,Li0-2Mn2CrO6,Mn2CrO6,Li2Mn2CrO6,mp-aaabqwzu,3.51681135583333
Li,Li0-1VAsO5,VAsO5,LiVAsO5,mp-aaabdbot,3.847255803333337
Li,Li0-4V3Cr3(TeO8)2,V3Cr3(TeO8)2,Li4V3Cr3(TeO8)2,mp-aaabrlyh,3.192742925833334
Zn,Zn0-1CrO3,CrO3,ZnCrO3,mp-aaadbccs,1.888961026249998
Ca,Ca0-0.5MoO2,MoO2,Ca(MoO2)2,mp-aaacyxml,2.220651301875
Ca,Ca0-1Co(SiO3)2,Co(SiO3)2,CaCo(SiO3)2,mp-aaacyizf,4.193764542500001
Mg,Mg0-1Co(NiO2)4,Co(NiO2)4,MgCo(NiO2)4,mp-aaabrbfu,2.919679449999993
Y,Y0-1Fe(WO4)2,Fe(WO4)2,YFe(WO4)2,mp-aaachgvm,3.211055405555557
Li,Li0-1Co3(P3O10)2,Co3(P3O10)2,LiCo3(P3O10)2,mp-aaaabnhw,4.435946928333356
Ca,Ca0-0.25FeO2,FeO2,Ca(FeO2)4,mp-aaaabliq,4.112289990000003
Ca,Ca0-1Cr2O5,Cr2O5,CaCr2O5,mp-aaadbnfk,3.428400922500002
Li,Li4-5Ti2Mn5O12,Li4Ti2Mn5O12,Li5Ti2Mn5O12,mp-aaabrfqz,2.714783668333329
Mg,Mg0-1V2Zn2O7,V2Zn2O7,MgV2Zn2O7,mp-aaabkclh,1.412416484999998
Al,Al0-1WO3,WO3,AlWO3,mp-aaadawxy,1.871966930000001
Li,Li0-4Mn3CrO8,Mn3CrO8,Li4Mn3CrO8,mp-aaabrbfb,3.384424950833332
Li,Li0-1LuZnFeO4,LuZnFeO4,LiLuZnFeO4,mp-aaacroch,0.846077313333336
Mg,Mg0-1LaCrFeO6,LaCrFeO6,LaMgCrFeO6,mp-aaadakta,2.563719199999998
Li,Li0-1TiSiO4,TiSiO4,LiTiSiO4,mp-aaackinx,2.027175640833332
Mg,Mg0-0.25CdCuAsHO5,CdCuAsHO5,MgCd4Cu4As4(HO5)4,mp-aaacpzzx,1.366229344999998
Mg,Mg0-0.25CrPO4,CrPO4,MgCr4(PO4)4,mp-aaabcsas,1.769545440000006
Zn,Zn0-2Mg(CoO2)4,Mg(CoO2)4,MgZn2(CoO2)4,mp-aaaexcdz,0.963042235
Li,Li0-1MoP2O7,MoP2O7,LiMoP2O7,mp-aaaabmxi,3.435459333333331
Li,Li2-3Sn(BO3)2,Li2Sn(BO3)2,Li3Sn(BO3)2,mp-aaabqzzp,2.311871773333341
Mg,Mg0-1Sr4Mn2Ga2O11,Sr4Mn2Ga2O11,Sr4MgMn2Ga2O11,mp-aaacritf,0.555461710000007
Mg,Mg0-0.5MnPO4,MnPO4,MgMn2(PO4)2,mp-aaaabmky,2.769717164999993
Li,Li0-1VCoO4,VCoO4,LiVCoO4,mp-aaabrwzs,4.222642800833332
Li,Li0-1Na2CaVP2O9,Na2CaVP2O9,Na2LiCaVP2O9,mp-aaabfxxe,1.317348900833342
Li,Li1-2FeF4,LiFeF4,Li2FeF4,mp-aaabramu,3.735470313333327
Mg,Mg0-1Mn6O7F5,Mn6O7F5,MgMn6O7F5,mp-aaabwiso,2.110900529999999
Li,Li0-1.33MnNi(PO4)2,MnNi(PO4)2,Li4Mn3Ni3(PO4)6,mp-aaabsagh,4.107401003333345
Li,Li4-5Mn2Cu3O10,Li4Mn2Cu3O10,Li5Mn2Cu3O10,mp-aaabwiqx,3.981817878333335
Li,Li0-6Cr3Ni(PO4)6,Cr3Ni(PO4)6,Li6Cr3Ni(PO4)6,mp-aaabsbow,4.548315673333334
Ca,Ca0-2Nb2WO8,Nb2WO8,Ca2Nb2WO8,mp-aaachoth,2.168523011249998
Li,Li0-4Mn5NiO12,Mn5NiO12,Li4Mn5NiO12,mp-aaabqzwt,3.462582658333336
Mg,Mg0-1Zn2Mo3O8,Zn2Mo3O8,MgZn2Mo3O8,mp-aaadavvj,1.420814789999998
Zn,Zn0-1.5Cr3(FeO6)2,Cr3(FeO6)2,Zn3Cr6(FeO6)4,mp-aaachixe,1.131190556666669
Li,Li0-2V2Si4O11,V2Si4O11,Li2V2Si4O11,mp-aaabxjvb,2.43101675583333
Li,Li0-3MnV3O8,MnV3O8,Li3MnV3O8,mp-aaabramh,2.5117263233333342
Li,Li0-1V4OF11,V4OF11,LiV4OF11,mp-aaacwdgw,2.487966563333334
Mg,Mg0-0.5MoO2,MoO2,Mg(MoO2)2,mp-aaachptd,1.815004394999999
Ca,Ca1.5-3FeRhO6,Ca3Fe2(RhO6)2,Ca3FeRhO6,mp-aaacyrew,3.568452275000001
Mg,Mg0-0.25Co3BO5,Co3BO5,MgCo12(BO5)4,mp-aaabewab,0.530628085000008
Mg,Mg0-1Ni3(P2O7)2,Ni3(P2O7)2,MgNi3(P2O7)2,mp-aaaabmls,3.759696982499993
Li,Li0-1CuPO4,CuPO4,LiCuPO4,mp-aaabcryv,4.134247705833329
Li,Li0-1P4WO13,P4WO13,LiP4WO13,mp-aaabrpip,5.209955310833327
Li,Li0-1Na5Fe2P2(CO7)2,Na5Fe2P2(CO7)2,Na5LiFe2P2(CO7)2,mp-aaabrugm,3.221984448333335
Mg,Mg0-1V4O7F5,V4O7F5,MgV4O7F5,mp-aaabrhrf,2.681414280000003
Mg,Mg0-1Bi,Bi,MgBi,mp-aaabgkgk,0.3885507425
Li,Li0-1K2BaCo(NO2)6,K2BaCo(NO2)6,K2BaLiCo(NO2)6,mp-aaaabbvz,0.912806873333328
Mg,Mg0-0.5SmCrO4,SmCrO4,Sm2MgCr2O8,mp-aaaabcbc,1.8597121400000032
Li,Li0-1V3(OF3)2,V3(OF3)2,LiV3(OF3)2,mp-aaadlgsv,3.866034328333346
Mg,Mg0-0.25TiO2,TiO2,MgTi4O8,mp-aaaaanov,0.7973602750000001
Li,Li6-9Sn3P8O29,Li6Sn3P8O29,Li9Sn3P8O29,mp-aaabsequ,1.880977653333336
Mg,Mg0-1Mn3(CuO4)2,Mn3(CuO4)2,MgMn3(CuO4)2,mp-aaabcskl,2.3519672949999992
Mg,Mg0-0.5V2ZnO6,V2ZnO6,MgV4Zn2O12,mp-aaachmxe,2.451293205000003
Li,Li0-1Ni4(PO4)3,Ni4(PO4)3,LiNi4(PO4)3,mp-aaabsgsl,4.307069493333306
Li,Li0-2Cr(PO3)5,Cr(PO3)5,Li2Cr(PO3)5,mp-aaabocyd,5.379477678333336
Mg,Mg0-0.5VPO4F,VPO4F,MgV2P2(O4F)2,mp-aaaablqm,2.7153958900000013
Zn,Zn0-1PrV2O6,PrV2O6,PrV2ZnO6,mp-aaachllx,0.8118075949999981
Li,Li0-4Mn3Co3(SnO8)2,Mn3Co3(SnO8)2,Li4Mn3Co3(SnO8)2,mp-aaabrvws,4.040260089583332
Li,Li0-2Mn7F16,Mn7F16,Li2Mn7F16,mp-aaabxjkh,3.640529033333327
Li,Li0-1V2OF5,V2OF5,LiV2OF5,mp-aaabralg,2.99076164333334
Li,Li0-1La8Cu3O16,La8Cu3O16,LiLa8Cu3O16,mp-aaabyoox,1.130118613333313
Li,Li0-1Mn2F5,Mn2F5,LiMn2F5,mp-aaabqweb,4.290090963333339
Li,Li1-2CuPO4,LiCuPO4,Li2CuPO4,mp-aaaaboay,3.020763838333335
Mg,Mg0-0.5NiO2,NiO2,Mg(NiO2)2,mp-aaachhmr,4.235775951249999
Li,Li0-1Mn4(PO4)3,Mn4(PO4)3,LiMn4(PO4)3,mp-aaaabnbe,4.447853668333356
Li,Li0-3Fe2(AsO4)3,Fe2(AsO4)3,Li3Fe2(AsO4)3,mp-aaabexkt,5.085863810833331
Li,Li0-1FeP2O7,FeP2O7,LiFeP2O7,mp-aaaabnjq,5.228175245833346
Li,Li0-1Ti(PO3)4,Ti(PO3)4,LiTi(PO3)4,mp-aaabetfe,3.235353588333343
Zn,Zn0-0.5MnO2,MnO2,Mn2ZnO4,mp-aaadccfz,1.918632797499999
Zn,Zn0-1BaCr4O8,BaCr4O8,BaZnCr4O8,mp-aaachgjo,0.7450748500000021
Li,Li0-4MnNi3(PO4)4,MnNi3(PO4)4,Li4MnNi3(PO4)4,mp-aaabscmq,4.603012318333332
Li,Li1-2Cu2C2O7,LiCu2C2O7,Li2Cu2C2O7,mp-aaacoyup,3.608843395833337
Zn,Zn0-0.5CoO2,CoO2,Zn(CoO2)2,mp-aaacutxx,1.8919991349999992
Li,Li0-0.75TiO2,TiO2,Li3Ti4O8,mp-aaaaacsu,1.266085764999999
Li,Li0-1V4OF11,V4OF11,LiV4OF11,mp-aaabrnby,2.853136523333323
Mg,Mg0-0.5Na2CrO4,Na2CrO4,Na4MgCr2O8,mp-aaaabbuh,1.179842610000006
Li,Li0-2P5WO15,P5WO15,Li2P5WO15,mp-aaabrbme,4.294596535833327
Li,Li0-0.5Mn3(OF2)2,Mn3(OF2)2,LiMn6(OF2)4,mp-aaabrhse,2.880597843333338
Y,Y0-1Cu3(SbO3)4,Cu3(SbO3)4,YCu3(SbO3)4,mp-aaachiln,1.6190905355555552
Li,Li1-3Cr2(PO4)3,LiCr2(PO4)3,Li3Cr2(PO4)3,mp-aaaabuwj,4.419891930833335
Ca,Ca0-1Co4(CuO4)3,Co4(CuO4)3,CaCo4(CuO4)3,mp-aaachizz,4.276297067499999
Mg,Mg0-1Ba2Er(CuO2)4,Ba2Er(CuO2)4,Ba2ErMg(CuO2)4,mp-aaaaajtf,0.479897945000002
Ca,Ca0-1Fe3Co5O16,Fe3Co5O16,CaFe3Co5O16,mp-aaabrxcc,2.998520304999988
Ca,Ca2-3CuIrO6,Ca2CuIrO6,Ca3CuIrO6,mp-aaadaexp,3.0579784524999982
Zn,Zn0-0.25VS2,VS2,V4ZnS8,mp-aaacfrhu,0.150550600000002
Mg,Mg0-1CeTi2O6,CeTi2O6,CeMgTi2O6,mp-aaacjkee,0.499389269999999
Mg,Mg0-0.5Co3OF5,Co3OF5,MgCo6(OF5)2,mp-aaabsfzd,1.578382089999995
Li,Li0-1Ni(PO3)4,Ni(PO3)4,LiNi(PO3)4,mp-aaabesyh,5.927386015833339
Li,Li0-3Fe3(PO4)4,Fe3(PO4)4,Li3Fe3(PO4)4,mp-aaaabmew,5.193776308333331
Li,Li0-7TiCr3(PO4)6,TiCr3(PO4)6,Li7TiCr3(PO4)6,mp-aaabrzrr,3.612151441904762
Li,Li1-2NiP2O7,LiNiP2O7,Li2NiP2O7,mp-aaabqxbs,4.725953423333327
Li,Li2-3MnSiCO7,Li2MnSiCO7,Li3MnSiCO7,mp-aaabrszu,3.700962993333324
Mg,Mg0-1ReO3,ReO3,MgReO3,mp-aaaaaahi,0.062309139999997
Li,Li6-9Cr3P8O29,Li6Cr3P8O29,Li9Cr3P8O29,mp-aaaabnxo,4.9263211299999865
Zn,Zn0-1Ba2Cr2CuF14,Ba2Cr2CuF14,Ba2ZnCr2CuF14,mp-aaadalzj,2.571436525000003
Mg,Mg0-1FeCu2SnS4,FeCu2SnS4,MgFeCu2SnS4,mp-aaaabhnc,0.084747284999999
Li,Li0-4Mn3Nb2Fe3O16,Mn3Nb2Fe3O16,Li4Mn3Nb2Fe3O16,mp-aaabrair,3.918219785833334
Li,Li0-2Co2(SO4)3,Co2(SO4)3,Li2Co2(SO4)3,mp-aaacpbhi,5.123416517083332
Ca,Ca0-1BaV4O8,BaV4O8,BaCaV4O8,mp-aaachgix,2.753722405
Ca,Ca0-1TiP3WO12,TiP3WO12,CaTiP3WO12,mp-aaachkxb,2.356877990000003
Mg,Mg0-1Cr(CoO3)2,Cr(CoO3)2,MgCr(CoO3)2,mp-aaabqvcw,2.6430083499999992
Li,Li0-3Sb17S27,Sb17S27,Li3Sb17S27,mp-aaabrqya,2.86129032
Ca,Ca0-1BaSbF7,BaSbF7,BaCaSbF7,mp-aaachglp,3.454142200000002
Li,Li0-3Co2P5O16,Co2P5O16,Li3Co2P5O16,mp-aaaabnzk,4.61160822666667
Li,Li0-4Ti2Mn3Fe3O16,Ti2Mn3Fe3O16,Li4Ti2Mn3Fe3O16,mp-aaabqzet,4.230379848333333
Li,Li0.5-1CrPO4,LiCr2(PO4)2,LiCrPO4,mp-aaabqxfq,2.922433528333333
Li,Li0-1CrPO5,CrPO5,LiCrPO5,mp-aaaabnvo,4.210486925833327
Mg,Mg0-1Y2V2O7,Y2V2O7,Y2MgV2O7,mp-aaabqxln,1.075709980000003
Li,Li2-4Fe3CoO8,Li2Fe3CoO8,Li4Fe3CoO8,mp-aaabrfbg,3.8163664533333272
Mg,Mg0-1TiNiP2O9,TiNiP2O9,MgTiNiP2O9,mp-aaachjql,4.008946558750002
Li,Li0-1Ba2TbSnO6,Ba2TbSnO6,Ba2LiTbSnO6,mp-aaacrxan,1.919811713333335
Li,Li3-4TiNi3O8,Li3TiNi3O8,Li4TiNi3O8,mp-aaacwdvz,3.652731923333338
Li,Li0-1VF5,VF5,LiVF5,mp-aaabrooz,4.625774213333327
Mg,Mg0-1.5BaTl(NiO3)2,BaTl(NiO3)2,Ba2Mg3Tl2(NiO3)4,mp-aaachosq,3.060424194999995
Li,Li0-1Ni9S10,Ni9S10,LiNi9S10,mp-aaabrrib,1.480381053333322
Li,Li2-3MnF6,Li2MnF6,Li3MnF6,mp-aaabralz,4.257353543333335
Li,Li0.5-2Mn(CO3)2,LiMn2(CO3)4,Li2Mn(CO3)2,mp-aaabrlns,4.055691703333332
Li,Li0-4VNi3(PO4)4,VNi3(PO4)4,Li4VNi3(PO4)4,mp-aaabsctc,3.965149778333331
Li,Li1-4Nb(TeO4)3,LiNb(TeO4)3,Li4Nb(TeO4)3,mp-aaabqydz,3.147598126666669
Mg,Mg0-0.5WO2,WO2,Mg(WO2)2,mp-aaachpee,0.48221026125
Li,Li0-2MgCr3Se3(SO8)3,MgCr3Se3(SO8)3,Li2MgCr3Se3(SO8)3,mp-aaabrzov,3.6724759133333342
Li,Li0-1V4O5F7,V4O5F7,LiV4O5F7,mp-aaabriav,3.352467548333327
Li,Li0-1Cr3O8,Cr3O8,LiCr3O8,mp-aaabfbke,4.716005218333341
Zn,Zn0-1CuW2O7,CuW2O7,ZnCuW2O7,mp-aaachiap,0.588306798333328
Li,Li0-1Mn6O5F7,Mn6O5F7,LiMn6O5F7,mp-aaabqzie,2.9436797033333493
Ca,Ca0.5-1BaCrF7,Ba2CaCr2F14,BaCaCrF7,mp-aaaczkxk,5.56046750750001
Li,Li0-1La4Ti3O12,La4Ti3O12,LiLa4Ti3O12,mp-aaabrvtq,2.293484823333334
Mg,Mg0-1K3MnO4,K3MnO4,K3MgMnO4,mp-aaaabcie,0.848932032499999
Mg,Mg0-0.5CoPO4F,CoPO4F,MgCo2P2(O4F)2,mp-aaaablqq,4.1875632799999964
Li,Li0-8Mn7Cu(PO4)12,Mn7Cu(PO4)12,Li8Mn7Cu(PO4)12,mp-aaacoylg,4.905423368333334
Li,Li0-2Mn2(SO4)3,Mn2(SO4)3,Li2Mn2(SO4)3,mp-aaabrsxj,4.586267418333333
Ca,Ca0-1Mn3P3O13,Mn3P3O13,CaMn3P3O13,mp-aaachqey,4.451734935000007
Mg,Mg0-1Cu6PbO8,Cu6PbO8,MgCu6PbO8,mp-aaabfvwj,0.6422179399999991
Li,Li0-3MnFeCo(PO4)3,MnFeCo(PO4)3,Li3MnFeCo(PO4)3,mp-aaacoyja,3.821406282500006
Li,Li0-4NbFe5(PO4)6,NbFe5(PO4)6,Li4NbFe5(PO4)6,mp-aaabrxak,2.265703170833323
Li,Li1-3VF6,LiVF6,Li3VF6,mp-aaabrgoo,4.245166073333334
Ca,Ca0-1Fe(SiO3)2,Fe(SiO3)2,CaFe(SiO3)2,mp-aaaabliu,3.751152751249999
Mg,Mg0-5Cd,Cd,Mg5Cd,mp-aaackkoz,0.018048242999999
Li,Li0-3Mn4FeO8,Mn4FeO8,Li3Mn4FeO8,mp-aaabrbxt,2.9316822266666698
Li,Li0.5-2Fe(CO3)2,LiFe2(CO3)4,Li2Fe(CO3)2,mp-aaabrlmi,3.996685070000007
Li,Li0-4Mn3Ni(PO4)4,Mn3Ni(PO4)4,Li4Mn3Ni(PO4)4,mp-aaabraxz,4.036426480833332
Mg,Mg0-0.25NaFeO2,NaFeO2,Na4Mg(FeO2)4,mp-aaaabgjo,0.443099919999999
Ca,Ca0-2Si,Si,Ca2Si,mp-aaaaaabb,0.4486265825
Mg,Mg0-1V3O7,V3O7,MgV3O7,mp-aaadamgd,2.6353549175
Y,Y0-0.67CoSiO4,CoSiO4,Y2Co3(SiO4)3,mp-aaacosgv,4.077819350138884
Li,Li0-1Cu5P3O13,Cu5P3O13,LiCu5P3O13,mp-aaaabnqq,3.746435298333328
Y,Y1.33-1.67Be2Fe(SiO5)2,Y4Be6Fe3(SiO5)6,Y5Be6Fe3(SiO5)6,mp-aaactzuc,5.353762262222232
Li,Li1-2Cu(PO3)4,LiCu(PO3)4,Li2Cu(PO3)4,mp-aaabmhni,5.297668323333346
Li,Li0-3Sn,Sn,Li3Sn,mp-aaacgexp,0.531624186666666
Mg,Mg1.5-2BiPO6,Mg3Bi2(PO6)2,Mg2BiPO6,mp-aaadabqx,4.431231485000002
Li,Li0-1Sn2P3O10,Sn2P3O10,LiSn2P3O10,mp-aaabmypa,4.131818248333336
Ca,Ca0-0.25VO2,VO2,CaV4O8,mp-aaacujhr,2.358114304999996
Y,Y0-1Cu3(MoO3)4,Cu3(MoO3)4,YCu3(MoO3)4,mp-aaachjby,2.131020995555552
Li,Li0-1Fe3(SnS4)2,Fe3(SnS4)2,LiFe3(SnS4)2,mp-aaabqynn,2.032004003333331
Li,Li0-1KMnPCO7,KMnPCO7,KLiMnPCO7,mp-aaabsadk,3.911643493333334
Li,Li1.5-2SiNiO4,Li3Si2(NiO4)2,Li2SiNiO4,mp-aaabskhc,4.628999493333343
Li,Li0-0.12VO2,VO2,LiV8O16,mp-aaadehdd,2.783306743333331
Li,Li0-1FeP2O7,FeP2O7,LiFeP2O7,mp-aaachqwy,5.292931158333336
Mg,Mg0-0.5CoO2,CoO2,Mg(CoO2)2,mp-aaaablio,2.455062860000002
Li,Li0-0.5MnO2,MnO2,LiMn2O4,mp-aaadccfz,4.577147888333333
Mg,Mg0-0.5ScAgO3,ScAgO3,MgSc2(AgO3)2,mp-aaabsedy,1.985599804999997
Li,Li0-1MnF4,MnF4,LiMnF4,mp-aaadawgv,6.952880303333336
Li,Li0-2Mn2Si2O7,Mn2Si2O7,Li2Mn2Si2O7,mp-aaabrbkw,3.196446490833335
Mg,Mg0-0.5TlSbO3,TlSbO3,MgTl2(SbO3)2,mp-aaaabsmc,0.5605642499999991
Li,Li0-1MnPO4F,MnPO4F,LiMnPO4F,mp-aaadbscn,4.0724446983333324
Li,Li1-9Nb7V12O48,LiNb7V12O48,Li9Nb7V12O48,mp-aaabsbqv,3.043945247083333
Mg,Mg0-1BaMo(PO4)2,BaMo(PO4)2,BaMgMo(PO4)2,mp-aaadjulv,0.152388089999992
Li,Li2-5Cr3FeO8,Li2Cr3FeO8,Li5Cr3FeO8,mp-aaabsbpf,2.081988573333333
Li,Li0-2Mn3TeO8,Mn3TeO8,Li2Mn3TeO8,mp-aaabrboz,3.985719340833332
Li,Li0-4CrCo5O12,CrCo5O12,Li4CrCo5O12,mp-aaabrbtm,4.019933678333328
Li,Li0-2SbSO4F3,SbSO4F3,Li2SbSO4F3,mp-aaabrudl,4.29673047708333
Li,Li0-2Mn3FeO8,Mn3FeO8,Li2Mn3FeO8,mp-aaabrbeo,4.209583463333335
Ca,Ca0-0.5WO2,WO2,Ca(WO2)2,mp-aaabcrsw,2.601215197499999
Li,Li0-4Mn3Fe2Sb3O16,Mn3Fe2Sb3O16,Li4Mn3Fe2Sb3O16,mp-aaabrbmk,3.424569425833337
Li,Li3-5Co2Cu3O10,Li3Co2Cu3O10,Li5Co2Cu3O10,mp-aaabqvgx,3.581572773333332
Li,Li3-9Fe3P8O29,Li3Fe3P8O29,Li9Fe3P8O29,mp-aaabodof,5.122848177500018
Ca,Ca0-0.5NiN,NiN,Ca(NiN)2,mp-aaaddkqj,2.026210339999999
Mg,Mg0-1La2WO6,La2WO6,La2MgWO6,mp-aaachgnq,1.332972640000005
Li,Li0-1.5MnO2,MnO2,Li3Mn2O4,mp-aaaablkd,2.167213594999999
Li,Li0-1Fe(PO3)3,Fe(PO3)3,LiFe(PO3)3,mp-aaabpfmr,4.379253335833316
Li,Li0-5TiMn3O8,TiMn3O8,Li5TiMn3O8,mp-aaabsbkw,2.764535799833332
Li,Li0-1Ni(SO4)2,Ni(SO4)2,LiNi(SO4)2,mp-aaabryqp,5.3185460566666665
Li,Li0-8MnFe7(PO4)8,MnFe7(PO4)8,Li8MnFe7(PO4)8,mp-aaabrptq,3.525724815833332
Mg,Mg0-0.5NbO2F,NbO2F,MgNb2(O2F)2,mp-aaaacaat,0.8668606049999961
Li,Li2-3Fe(PO4)2,Li2Fe(PO4)2,Li3Fe(PO4)2,mp-aaabrkmq,4.819381000833336
Mg,Mg0-1SrFe2(SeO3)4,SrFe2(SeO3)4,SrMgFe2(SeO3)4,mp-aaabfwqf,1.652692939999998
Ca,Ca0.5-1FeO2,Ca(FeO2)2,CaFeO2,mp-aaadawfi,3.514692837499999
Li,Li0-4NbFe3Cu2(PO4)6,NbFe3Cu2(PO4)6,Li4NbFe3Cu2(PO4)6,mp-aaabsedq,2.849131690833336
Li,Li0.5-1MnPO4,LiMn2(PO4)2,LiMnPO4,mp-aaabqwnv,4.163795528333343
Li,Li0-1Co3P3O11,Co3P3O11,LiCo3P3O11,mp-aaaabmhi,4.125282103333338
Li,Li0.83-1NbO3,Li5Nb6O18,LiNbO3,mp-aaabegow,4.955458718333296
Mg,Mg0-1Fe6O11F,Fe6O11F,MgFe6O11F,mp-aaabqzhw,1.9073753649999967
Li,Li0-1CoPO4,CoPO4,LiCoPO4,mp-aaabobue,4.343385253333335
Mg,Mg0-0.5Zn(SbO3)2,Zn(SbO3)2,MgZn2(SbO3)4,mp-aaachmia,1.844166560000002
Al,Al0-2CeCo2,CeCo2,Ce(Al10Co)2,mp-aaaaabqu,0.053297254166666
Li,Li0-5Mn3Cu(PO4)4,Mn3Cu(PO4)4,Li5Mn3Cu(PO4)4,mp-aaabrawj,3.523564547333329
Zn,Zn0-1Pr(FeO3)2,Pr(FeO3)2,PrZn(FeO3)2,mp-aaacxijr,2.127741332500001
Ca,Ca0-3SbN,SbN,Ca3SbN,mp-aaaddlxh,1.411538428333333
Li,Li0-0.25VO2,VO2,LiV4O8,mp-aaabeuxg,2.231662093333331
Li,Li0-4Co5SbO12,Co5SbO12,Li4Co5SbO12,mp-aaabqwca,3.817008133333332
Li,Li7-8BiO6,Li7BiO6,Li8BiO6,mp-aaaaceyh,1.8402251133333367
Mg,Mg0-1Co6O7F5,Co6O7F5,MgCo6O7F5,mp-aaabwija,2.6212773750000022
Mg,Mg0-0.5NbCoO4,NbCoO4,MgNb2(CoO4)2,mp-aaaabuqg,2.248384969999994
Mg,Mg0-0.5NaBiO3,NaBiO3,Na2Mg(BiO3)2,mp-aaaabics,2.10442526
Li,Li0-2MnV4CoO12,MnV4CoO12,Li2MnV4CoO12,mp-aaabrbrh,2.625510498333331
Mg,Mg0-1Co5(P2O7)4,Co5(P2O7)4,MgCo5(P2O7)4,mp-aaacpbgs,3.749234689999999
Li,Li0-1V(GeO3)2,V(GeO3)2,LiV(GeO3)2,mp-aaabscue,3.464248095833331
Mg,Mg0-0.25AuSeClO3,AuSeClO3,MgAu4Se4(ClO3)4,mp-aaabfxfp,1.603665259999997
Mg,Mg0-0.5CuO2F,CuO2F,MgCu2(O2F)2,mp-aaacetah,2.43940232
Li,Li0-5Fe7O3F13,Fe7O3F13,Li5Fe7O3F13,mp-aaabqygv,3.522053267333335
Ca,Ca0.5-1LaTiMnO6,CaLa2Ti2Mn2O12,CaLaTiMnO6,mp-aaacuwip,3.240184139999999
Mg,Mg0-0.5VO2,VO2,MgV2O4,mp-aaacptgr,1.8580805299999992
Li,Li3-4TiFe3O8,Li3TiFe3O8,Li4TiFe3O8,mp-aaabqzct,2.551506103333328
Mg,Mg0-1V6O5F19,V6O5F19,MgV6O5F19,mp-aaabrfom,3.483532484999988
Ca,Ca0-0.5MnO2,MnO2,CaMn2O4,mp-aaadccfz,3.486971626250002
Mg,Mg0-1BaCrF7,BaCrF7,BaMgCrF7,mp-aaachqmc,4.958050383749997
Li,Li0-3V6O13,V6O13,Li3V6O13,mp-aaabxnli,2.587638883333335
Li,Li0-2CoO2,CoO2,Li2CoO2,mp-aaaabwje,2.747919590833333
Zn,Zn1-2MnNb2O8,MnNb2ZnO8,MnNb2Zn2O8,mp-aaaczwxu,1.6657026225
Mg,Mg0-1Fe4O5F3,Fe4O5F3,MgFe4O5F3,mp-aaabqvsv,2.645406594999994
Li,Li0-1CrPO4F,CrPO4F,LiCrPO4F,mp-aaabrwcf,4.377261550833329
Mg,Mg0-1Ba(SbO3)2,Ba(SbO3)2,BaMg(SbO3)2,mp-aaaaannb,0.708268760000003
Li,Li2-4VGa3O8,Li2VGa3O8,Li4VGa3O8,mp-aaabqzsl,2.873106460833331
Li,Li1-2Ca2Ta3O10,LiCa2Ta3O10,Li2Ca2Ta3O10,mp-aaabsbrr,1.561903153333337
Zn,Zn0-1Ho(BiO3)2,Ho(BiO3)2,HoZn(BiO3)2,mp-aaachfsg,1.632719324999997
Li,Li0-2Co3SbO8,Co3SbO8,Li2Co3SbO8,mp-aaabrcpu,4.445311720833328
Zn,Zn0-0.5SnO2,SnO2,Zn(SnO2)2,mp-aaaczegf,0.351559173333335
Mg,Mg0-1KMn4O8,KMn4O8,KMgMn4O8,mp-aaacfcey,1.288137594999999
Mg,Mg0-1LaCrCoO6,LaCrCoO6,LaMgCrCoO6,mp-aaachfse,2.642422244999996
Li,Li0-1V3(OF3)2,V3(OF3)2,LiV3(OF3)2,mp-aaabrfaj,3.344410088333323
Mg,Mg0-1Co5SbO8,Co5SbO8,MgCo5SbO8,mp-aaaabxia,0.067963324999998
Li,Li2-2.75Ti3NiO8,Li2Ti3NiO8,Li11Ti12(NiO8)4,mp-aaabscyg,0.9278179566666572
Li,Li1-2FeP2O7,LiFeP2O7,Li2FeP2O7,mp-aaabnnkw,4.569880425833337
Mg,Mg0-0.5Mn2ZnO4,Mn2ZnO4,MgMn4Zn2O8,mp-aaachhhd,1.232189314999996
Zn,Zn0-0.5Ni2O3,Ni2O3,Zn(Ni2O3)2,mp-aaachkfb,2.503435912499996
Li,Li0-5V6O5F19,V6O5F19,Li5V6O5F19,mp-aaabrgsw,4.129229161333335
Li,Li1-2MnPO4F,LiMnPO4F,Li2MnPO4F,mp-aaacoypt,3.960994844583344
Mg,Mg0-0.5NiO2,NiO2,Mg(NiO2)2,mp-aaachpyo,3.861004947499997
Li,Li0-1VF4,VF4,LiVF4,mp-aaabrgqj,3.8857354683333343
Li,Li0-3Mo4P5O24,Mo4P5O24,Li3Mo4P5O24,mp-aaabodta,3.627473006666666
Mg,Mg0-1Mn6O7F5,Mn6O7F5,MgMn6O7F5,mp-aaabroow,2.530423000000003
Mg,Mg0-0.5Sr2MnGaO5,Sr2MnGaO5,Sr4MgMn2(GaO5)2,mp-aaacuzsr,0.779581189999992
Ca,Ca0-1MoO4,MoO4,CaMoO4,mp-aaacrmxn,5.335583362500002
Li,Li0-1Co(PO3)3,Co(PO3)3,LiCo(PO3)3,mp-aaackros,5.529354370833322
Li,Li3-4MnV(PO4)3,Li3MnV(PO4)3,Li4MnV(PO4)3,mp-aaabsgqa,3.479948228333318
Li,Li0-5Mn3V2O10,Mn3V2O10,Li5Mn3V2O10,mp-aaabryex,3.115283914333334
Mg,Mg0-1Te3WO12,Te3WO12,MgTe3WO12,mp-aaabrbij,2.866287295000004
Ca,Ca0-0.5WO2,WO2,Ca(WO2)2,mp-aaachfsc,2.310643352500004
Mg,Mg0.5-1FeO2,Mg(FeO2)2,MgFeO2,mp-aaadazwf,1.161017737499997
Y,Y0-1Fe4(CuO4)3,Fe4(CuO4)3,YFe4(CuO4)3,mp-aaachjjb,3.858361972222219
Ca,Ca0.5-1.5BaTl(CuO3)2,Ba2CaTl2(CuO3)4,Ba2Ca3Tl2(CuO3)4,mp-aaadyyrz,3.823403330000004
Zn,Zn0-0.5NiO2,NiO2,Zn(NiO2)2,mp-aaadcbxt,2.486052649999998
Li,Li0-11V6O5F19,V6O5F19,Li11V6O5F19,mp-aaabsknz,3.682069039696967
Li,Li0-2Mn7F18,Mn7F18,Li2Mn7F18,mp-aaabqwux,3.907815993333348
Li,Li0-1Mo4P7O24,Mo4P7O24,LiMo4P7O24,mp-aaaabnoq,2.892505878333344
Li,Li0-1VF3,VF3,LiVF3,mp-aaabreyb,2.302313145833328
Li,Li4-6Cu2C4SO16,Li4Cu2C4SO16,Li6Cu2C4SO16,mp-aaabsekw,3.9946198033333262
Ca,Ca0-2N2,N2,CaN,mp-aaabpbrz,2.71693253
Li,Li3-4MoP2O9,Li3MoP2O9,Li4MoP2O9,mp-aaaabmla,3.363105178333332
Mg,Mg0-0.5TiO2,TiO2,MgTi2O4,mp-aaadaxgi,1.119666955
Li,Li0-2Ti3NbO8,Ti3NbO8,Li2Ti3NbO8,mp-aaabsebi,1.858578728333339
Zn,Zn1-3Mn,MnZn,MnZn3,mp-aaaaaral,0.062307727499999
Mg,Mg0-0.5CrS2,CrS2,Mg(CrS2)2,mp-aaadecog,1.6980833475
Zn,Zn0-1.5BaTl(CoO3)2,BaTl(CoO3)2,Ba2Tl2Zn3(CoO3)4,mp-aaachood,1.57358603333333
Mg,Mg0-0.5NbO2F,NbO2F,MgNb2(O2F)2,mp-aaabqvdb,0.775646585000001
Zn,Zn0-0.5VO2,VO2,V2ZnO4,mp-aaachfva,1.144022718333336
Zn,Zn0-3Mo3O8,Mo3O8,Zn3Mo3O8,mp-aaacotfo,1.0866983875
Mg,Mg0-2W3O8,W3O8,Mg2W3O8,mp-aaachiwo,2.467980668750002
Mg,Mg0-1Mn4NiO8,Mn4NiO8,MgMn4NiO8,mp-aaabrbxs,2.569693974999997
Li,Li0-1Bi3(PO5)2,Bi3(PO5)2,LiBi3(PO5)2,mp-aaabhgca,4.727226083333339
Ca,Ca0-1V2CoO7,V2CoO7,CaV2CoO7,mp-aaacyash,4.496499098750003
Li,Li0-1LaTi2O6,LaTi2O6,LiLaTi2O6,mp-aaacrouj,3.681587303333334
Li,Li0-2CoH8(SO6)2,CoH8(SO6)2,Li2CoH8(SO6)2,mp-aaacpbgj,4.4375595833333294
Al,Al0-1BaV4O7,BaV4O7,BaAlV4O7,mp-aaadainj,0.7364236983333421
Mg,Mg0-0.17FeOF,FeOF,MgFe6(OF)6,mp-aaabqyrv,1.797958374999997
Zn,Zn0-0.5NiO2,NiO2,Zn(NiO2)2,mp-aaaablqa,2.284120312500001
Zn,Zn0-1Cu2GeSe4,Cu2GeSe4,ZnCu2GeSe4,mp-aaadcbyf,0.866964974999997
Li,Li0-2FeCu(PO4)2,FeCu(PO4)2,Li2FeCu(PO4)2,mp-aaabscsd,3.732133335833336
Li,Li0-2Mn3NbO8,Mn3NbO8,Li2Mn3NbO8,mp-aaacoyip,3.679167843333336
Mg,Mg0-1FeCoO4,FeCoO4,MgFeCoO4,mp-aaabqzyq,3.362862505
Li,Li0.5-0.75MnBO3,LiMn2(BO3)2,Li3Mn4(BO3)4,mp-aaadleki,3.246165253333349
Ca,Ca0-2Pb,Pb,Ca2Pb,mp-aaaabehv,0.386196917499999
Li,Li3-4MnCu3O8,Li3MnCu3O8,Li4MnCu3O8,mp-aaabraxy,3.329249773333335
Li,Li0-1Cr4(PO4)3,Cr4(PO4)3,LiCr4(PO4)3,mp-aaabcscj,3.740704845833339
Ca,Ca0-1Ho(MoO3)2,Ho(MoO3)2,CaHo(MoO3)2,mp-aaachggc,2.687562464999994
Li,Li1-2VF6,LiVF6,Li2VF6,mp-aaabqwtp,4.793945038333338
Zn,Zn0-2Cr2O5,Cr2O5,Zn2Cr2O5,mp-aaadbulq,1.30971803125
Li,Li0-3Bi2(PO4)3,Bi2(PO4)3,Li3Bi2(PO4)3,mp-aaaabmxa,4.553372516666669
Mg,Mg0-1Sr(SbO3)2,Sr(SbO3)2,SrMg(SbO3)2,mp-aaaaanna,0.7706060949999981
Li,Li0-4Mo3O8,Mo3O8,Li4Mo3O8,mp-aaacotfo,2.992617352083333
Mg,Mg0-0.17MnPO4,MnPO4,MgMn6(PO4)6,mp-aaabnnlj,2.998507245000003
Mg,Mg0-1V3CoO8,V3CoO8,MgV3CoO8,mp-aaabqyxd,1.7570075400000011
Al,Al0-1Cu3(NiO3)4,Cu3(NiO3)4,AlCu3(NiO3)4,mp-aaachjjs,2.089163773333337
Li,Li0-3.5Fe2(PO4)3,Fe2(PO4)3,Li7Fe4(PO4)6,mp-aaaabnik,4.521604664761903
Ca,Ca0-1CrP2O7,CrP2O7,CaCrP2O7,mp-aaabetfn,3.833054432499994
Li,Li4-1V5Cr3O16,Li4V5Cr3O16,Li10V5Cr3O16,mp-aaabsfks,1.553112971666663
Al,Al4.33-5CuSe8,Al13(CuSe8)3,Al5CuSe8,mp-aaactyax,1.196037241666667
Li,Li0.5-1CrPO4,LiCr2(PO4)2,LiCrPO4,mp-aaabrptr,2.950312588333337
Zn,Zn0-0.5VO2,VO2,V2ZnO4,mp-aaachpta,0.72730198
Mg,Mg0-1TiVO4,TiVO4,MgTiVO4,mp-aaacuqfp,1.2748845487499991
Li,Li0-1FePO4,FePO4,LiFePO4,mp-aaaabllf,3.404879943333331
Mg,Mg0-3Ge3(MoO6)2,Ge3(MoO6)2,Mg3Ge3(MoO6)2,mp-aaaczqfs,2.369103934999998
Ca,Ca0-0.5CrO2,CrO2,CaCr2O4,mp-aaadbayy,2.792777207500001
Ca,Ca0-0.25SbO2,SbO2,Ca(SbO2)4,mp-aaadctjr,2.134563684999999
Mg,Mg0-1TaTi(PO4)3,TaTi(PO4)3,MgTaTi(PO4)3,mp-aaachjzr,0.318234632499998
Mg,Mg0-0.5V2O5,V2O5,MgV4O10,mp-aaabdbhg,2.496200915
Y,Y2.33-3CuSiSe7,Y7Cu3(SiSe7)3,Y3CuSiSe7,mp-aaacuabx,2.203537091388896
Mg,Mg0-0.5VInO4,VInO4,MgV2In2O8,mp-aaackset,1.268723509999998
Li,Li1-2NiPO4F,LiNiPO4F,Li2NiPO4F,mp-aaacoypd,4.692829077083336
Li,Li0-1Sb3TeClO6,Sb3TeClO6,LiSb3TeClO6,mp-aaacrkaa,0.208778633333343
Li,Li0-1MoP2O7,MoP2O7,LiMoP2O7,mp-aaaabnke,4.124307223333337
Li,Li1-2VSiO5,LiVSiO5,Li2VSiO5,mp-aaabskak,3.39869590583334
Li,Li0-1V4O5F7,V4O5F7,LiV4O5F7,mp-aaaewamk,3.098642993333332
Li,Li0-4MnFe3(PO4)4,MnFe3(PO4)4,Li4MnFe3(PO4)4,mp-aaabrpuh,3.48642522958333
Li,Li0-1V(SO4)2,V(SO4)2,LiV(SO4)2,mp-aaabrxae,4.68184435000001
Mg,Mg0-2Ti9O13,Ti9O13,Mg2Ti9O13,mp-aaachmvb,0.721272015000001
Li,Li0-2MnV(PO4)2,MnV(PO4)2,Li2MnV(PO4)2,mp-aaacoyhh,3.118112198333333
Mg,Mg0-1Sb,Sb,MgSb,mp-aaabjzis,0.305211099999999
Ca,Ca0-0.5WO2,WO2,Ca(WO2)2,mp-aaachpsy,2.113341882500004
Li,Li0-1Fe2P2O9,Fe2P2O9,LiFe2P2O9,mp-aaachgaw,5.222903275833322
Li,Li0-4Co3TeO8,Co3TeO8,Li4Co3TeO8,mp-aaabqvyb,3.410411903333334
Mg,Mg0-1V4O5F7,V4O5F7,MgV4O5F7,mp-aaaevzzc,2.446956450000006
Li,Li3-9Mn3P8O29,Li3Mn3P8O29,Li9Mn3P8O29,mp-aaacpacl,4.897374787499998
Li,Li0-1Fe5(OF2)4,Fe5(OF2)4,LiFe5(OF2)4,mp-aaabqvpy,4.889853933333332
Li,Li0-3MnFeCo(PO4)3,MnFeCo(PO4)3,Li3MnFeCo(PO4)3,mp-aaacoyis,3.893744978333334
Mg,Mg0-0.5Fe2CuO4,Fe2CuO4,MgFe4(CuO4)2,mp-aaaabxqg,0.863959474999998
Mg,Mg0-0.5Mn2CuO4,Mn2CuO4,MgMn4(CuO4)2,mp-aaabmkyy,0.960234320000002
Mg,Mg0-0.5Fe2O3,Fe2O3,Mg(Fe2O3)2,mp-aaaabdgk,1.122809649999998
Li,Li6-7MnNi3(PO4)6,Li6MnNi3(PO4)6,Li7MnNi3(PO4)6,mp-aaabrprz,4.575442473333344
Li,Li0-1Co(PO3)4,Co(PO3)4,LiCo(PO3)4,mp-aaaabnnw,5.28965848333333
Mg,Mg0.25-0.5CuO2,Mg(CuO2)4,Mg(CuO2)2,mp-aaaewgms,5.103255260000002
Li,Li0-1Cu2P3O10,Cu2P3O10,LiCu2P3O10,mp-aaaabngm,4.5977199933333335
Zn,Zn0-0.5Mn2O3,Mn2O3,Mn4ZnO6,mp-aaachjlj,1.411161947499998
Li,Li0-1Ni9O10,Ni9O10,LiNi9O10,mp-aaabljsu,3.947005963333314
Mg,Mg0-0.5Sr2CrSO3,Sr2CrSO3,Sr4MgCr2(SO3)2,mp-aaachohy,2.357383785
Mg,Mg0-1LaTa2CuClO7,LaTa2CuClO7,LaMgTa2CuClO7,mp-aaacktgj,0.944648585
Mg,Mg0-1Er5(MoO6)2,Er5(MoO6)2,Er5Mg(MoO6)2,mp-aaackwwk,1.388937465000002
Li,Li0-1V(SiO3)2,V(SiO3)2,LiV(SiO3)2,mp-aaabqxgl,3.24831098333333
Li,Li2-3K2NiO4,K2Li2NiO4,K2Li3NiO4,mp-aaabrzmy,3.421978100833333
Li,Li0-1Co2C2O7,Co2C2O7,LiCo2C2O7,mp-aaacpbkj,3.933058480000004
Ca,Ca0-1Cu3(GeO3)4,Cu3(GeO3)4,CaCu3(GeO3)4,mp-aaadamyu,3.537245015000005
Li,Li1-2FeSiO4,LiFeSiO4,Li2FeSiO4,mp-aaabqyqk,2.86456514833333
Zn,Zn0-1Co(Si2O5)2,Co(Si2O5)2,ZnCo(Si2O5)2,mp-aaachjxd,1.8396356237499991
Li,Li0-2Mn3SbO8,Mn3SbO8,Li2Mn3SbO8,mp-aaabsbyk,3.903640515833328
Mg,Mg0-0.5BaVSi2O7,BaVSi2O7,Ba2MgV2(Si2O7)2,mp-aaacpsxx,0.5840787850000071
Li,Li0-1Mo(PO4)2,Mo(PO4)2,LiMo(PO4)2,mp-aaaabnjc,4.070416788333351
Mg,Mg0-1VOF2,VOF2,MgVOF2,mp-aaabqvwo,1.552039352500002
Li,Li0-2Cu(PO3)3,Cu(PO3)3,Li2Cu(PO3)3,mp-aaabrpni,3.53300560833333
Li,Li0-1SbP2O7,SbP2O7,LiSbP2O7,mp-aaabetjv,3.876963588333329
Li,Li0.75-3.25K2FeO4,K8Li3(FeO4)4,K8Li13(FeO4)4,mp-aaabrecv,2.579035872333331
Mg,Mg0-1BiWO5,BiWO5,MgBiWO5,mp-aaachksp,2.918349435
Y,Y0-1Ba2TlNi2O7,Ba2TlNi2O7,Ba2YTlNi2O7,mp-aaadciak,3.842458848888888
Li,Li0-0.12FeOF,FeOF,LiFe8(OF)8,mp-aaabrfbs,3.636648303333321
Mg,Mg0-1Mn3TeO8,Mn3TeO8,MgMn3TeO8,mp-aaabryvd,2.547479990000004
Ca,Ca0-0.5WO2,WO2,Ca(WO2)2,mp-aaadaobo,1.900275442500002
Ca,Ca0.5-1BaVP2O9,Ba2CaV2(P2O9)2,BaCaVP2O9,mp-aaaczomj,3.756416440000011
Li,Li0-6Co5(P2O7)4,Co5(P2O7)4,Li6Co5(P2O7)4,mp-aaabobtq,4.841337163333335
Ca,Ca0-1CrAsO5,CrAsO5,CaCrAsO5,mp-aaacycbu,4.311320195000003
Zn,Zn0-1NiSnP2O9,NiSnP2O9,ZnNiSnP2O9,mp-aaachktj,2.965100864999997
Li,Li1-2TiCoO4,LiTiCoO4,Li2TiCoO4,mp-aaacoymy,3.036109050833336
Mg,Mg0-0.5FeHO2,FeHO2,MgFe2(HO2)2,mp-aaabjqei,0.517458505000001
Mg,Mg0-0.5CoWO4,CoWO4,MgCo2(WO4)2,mp-aaaabcgi,0.281541125000001
Li,Li0-1V(PO3)3,V(PO3)3,LiV(PO3)3,mp-aaabrrsm,2.760444800833331
Li,Li0-1Na2Mn(PO3)5,Na2Mn(PO3)5,Na2LiMn(PO3)5,mp-aaabfnnp,2.908053188333331
Mg,Mg0-0.5KTiPS5,KTiPS5,K2MgTi2(PS5)2,mp-aaabfxwb,0.391975689999999
Li,Li0-1MnP2O7,MnP2O7,LiMnP2O7,mp-aaaabmri,4.689458235833332
Ca,Ca1.5-2MnGaO5,Ca3Mn2(GaO5)2,Ca2MnGaO5,mp-aaadbknt,3.499298844999987
Li,Li1-3Sn2(PO4)3,LiSn2(PO4)3,Li3Sn2(PO4)3,mp-aaabrgpr,2.438786678333334
Li,Li3-4CrFe3O8,Li3CrFe3O8,Li4CrFe3O8,mp-aaabqyud,3.914091363333331
Li,Li1.5-3.5K2MnO4,K4Li3Mn2O8,K4Li7Mn2O8,mp-aaabreda,1.708667713333338
Li,Li1.2-1.6CoO2,Li6(CoO2)5,Li8(CoO2)5,mp-aaabrhuh,2.462268273333337
Li,Li0-3Fe3(PO4)4,Fe3(PO4)4,Li3Fe3(PO4)4,mp-aaaabveu,5.228370930000006
Mg,Mg0-1Co3NiO8,Co3NiO8,MgCo3NiO8,mp-aaabqvnm,3.161019022500004
Li,Li0-3VFeP2(O4F)2,VFeP2(O4F)2,Li3VFeP2(O4F)2,mp-aaabsgai,4.54309631
Li,Li0-3MnFeCo(PO4)3,MnFeCo(PO4)3,Li3MnFeCo(PO4)3,mp-aaabriaa,3.88765814666667
Mg,Mg0-1Mn3V2O10,Mn3V2O10,MgMn3V2O10,mp-aaabryex,2.813483509999995
Zn,Zn0-1Ca2Pb,Ca2Pb,Ca2ZnPb,mp-aaacflsu,0.122144255
Li,Li0-0.5BiAsPbO5,BiAsPbO5,LiBi2As2(PbO5)2,mp-aaabfogr,0.8994778333333261
Li,Li4-6Fe5SbO12,Li4Fe5SbO12,Li6Fe5SbO12,mp-aaacozsy,2.989814803333321
Mg,Mg5-149Ti,Mg5Ti,Mg149Ti,mp-aaackhcc,0.014052085694444
Li,Li0-4Co3Sn(PO4)4,Co3Sn(PO4)4,Li4Co3Sn(PO4)4,mp-aaabscqt,3.083323130833332
Mg,Mg0-0.33TiO2,TiO2,MgTi3O6,mp-aaabrpva,0.8885203650000021
Ca,Ca0.5-1SbO3,Ca(SbO3)2,CaSbO3,mp-aaachmhp,2.309931395000002
Mg,Mg0-1NiP2O7,NiP2O7,MgNiP2O7,mp-aaaabmuy,4.35193386
Mg,Mg0-1Ba2Cr2CuF14,Ba2Cr2CuF14,Ba2MgCr2CuF14,mp-aaadalzj,4.302216644999992
Mg,Mg0-0.5YCrO4,YCrO4,Y2MgCr2O8,mp-aaacvdsv,1.831182792499999
Li,Li0-3Cu2(SO4)3,Cu2(SO4)3,Li3Cu2(SO4)3,mp-aaabrswe,4.1813858125
Li,Li0-7Mo4P9O32,Mo4P9O32,Li7Mo4P9O32,mp-aaabcryp,3.656939134047617
Li,Li0.33-0.83MnBO3,LiMn3(BO3)3,Li5Mn6(BO3)6,mp-aaabsepm,3.256433986666653
Al,Al0.33-0.67CuSe2,Al(CuSe2)3,Al2(CuSe2)3,mp-aaacypfj,1.1332984600000011
Mg,Mg0-1TiMnO4,TiMnO4,MgTiMnO4,mp-aaabscxc,1.840867559999996
Mg,Mg0-0.12VOF,VOF,MgV8(OF)8,mp-aaabrlaz,0.259528500000006
Mg,Mg0-1V5CuO12,V5CuO12,MgV5CuO12,mp-aaabsftr,1.629438545000003
Mg,Mg0-1La4Ti3O12,La4Ti3O12,La4MgTi3O12,mp-aaabrvtq,1.288098629999997
Li,Li3-4MnV3O8,Li3MnV3O8,Li4MnV3O8,mp-aaabrccd,2.547217723333337
Li,Li1-4Na2Ti3Al(PO4)6,Na2LiTi3Al(PO4)6,Na2Li4Ti3Al(PO4)6,mp-aaabrtru,1.009212783333344
Li,Li1-3Co2CuO6,LiCo2CuO6,Li3Co2CuO6,mp-aaabrqis,3.348008803333325
Zn,Zn0-1Cu2SnSe4,Cu2SnSe4,ZnCu2SnSe4,mp-aaadbbsq,0.922631205
Mg,Mg0-1Ti2Be3(SiO4)3,Ti2Be3(SiO4)3,MgTi2Be3(SiO4)3,mp-aaachgev,0.467119215000001
Li,Li0.5-1FeSiO4,LiFe2(SiO4)2,LiFeSiO4,mp-aaabwkvi,4.710699348333326
Li,Li0-6Mn3Co(PO4)6,Mn3Co(PO4)6,Li6Mn3Co(PO4)6,mp-aaabrdcl,4.44513590166666
Li,Li0-2CuMoF6,CuMoF6,Li2CuMoF6,mp-aaaabdjv,1.763873608333331
Li,Li0-2MnP2O7,MnP2O7,Li2MnP2O7,mp-aaabqzsb,3.660773034583333
Li,Li0-2Cu(PO3)3,Cu(PO3)3,Li2Cu(PO3)3,mp-aaabetoi,3.624041698333333
Li,Li1-2Co(PO3)4,LiCo(PO3)4,Li2Co(PO3)4,mp-aaabngsq,5.31174754333333
Li,Li3-4NbNi3O8,Li3NbNi3O8,Li4NbNi3O8,mp-aaabrckc,3.835749133333341
Li,Li0-0.5Fe4O7F,Fe4O7F,LiFe8(O7F)2,mp-aaabsleh,3.579382033333336
Zn,Zn0-2Cr3O8,Cr3O8,Zn2Cr3O8,mp-aaadaztq,2.3555848925000022
Mg,Mg0-1CrCo3O8,CrCo3O8,MgCrCo3O8,mp-aaabqyhz,3.214069315
Ca,Ca0-0.5MoO2,MoO2,Ca(MoO2)2,mp-aaachoyd,2.18807060625
Ca,Ca0.5-1LaMnFeO6,CaLa2Mn2(FeO6)2,CaLaMnFeO6,mp-aaadagcy,4.38352936
Mg,Mg0-0.5VPO5,VPO5,MgV2(PO5)2,mp-aaackvzj,2.8673786349999992
Li,Li0-3Fe(CoO3)2,Fe(CoO3)2,Li3Fe(CoO3)2,mp-aaabrinq,3.882968336666668
Zn,Zn0-2Co9O13,Co9O13,Zn2Co9O13,mp-aaacymda,1.808763442500002
Ca,Ca0-1Ti4(CuO4)3,Ti4(CuO4)3,CaTi4(CuO4)3,mp-aaacyosg,3.545842944999992
Li,Li1-4SrLa15(CoO8)4,SrLiLa15(CoO8)4,SrLi4La15(CoO8)4,mp-aaabrpll,3.768148813333316
Li,Li0-1Mn(Si2O5)2,Mn(Si2O5)2,LiMn(Si2O5)2,mp-aaachjzk,5.04008284083334
Mg,Mg0-0.5AgBrO2,AgBrO2,MgAg2(BrO2)2,mp-aaacesya,1.9913724200000031
Mg,Mg0-0.5CoO2,CoO2,Mg(CoO2)2,mp-aaadbsja,2.438847544999999
Li,Li0-4Ti3Mn3(SnO8)2,Ti3Mn3(SnO8)2,Li4Ti3Mn3(SnO8)2,mp-aaabsewy,3.602476883333335
Li,Li0-6Cr3P6WO24,Cr3P6WO24,Li6Cr3P6WO24,mp-aaabscud,3.441415546666666
Li,Li0-1P4WO12,P4WO12,LiP4WO12,mp-aaabrrtw,3.507538313333332
Li,Li0-3Mn(CoO2)4,Mn(CoO2)4,Li3Mn(CoO2)4,mp-aaabrcbl,3.30075598333334
Li,Li0-4Mn2CrNi3(PO4)6,Mn2CrNi3(PO4)6,Li4Mn2CrNi3(PO4)6,mp-aaabrgpt,4.109621445833331
Li,Li0-1FeS2,FeS2,LiFeS2,mp-aaadbgvo,1.846232270833334
Mg,Mg0-0.5CrBiO4,CrBiO4,MgCr2(BiO4)2,mp-aaacvapz,2.177620077499999
Mg,Mg0-0.5TiOF2,TiOF2,MgTi2(OF2)2,mp-aaaacdlh,0.165944189999998
Al,Al0-5Mo,Mo,Al5Mo,mp-aaaaamuf,0.122756845
Li,Li0-1Mo2P2O11,Mo2P2O11,LiMo2P2O11,mp-aaaablju,3.795660613333329
Li,Li0-2CoP2O7,CoP2O7,Li2CoP2O7,mp-aaaabnqa,4.72837373083333
Li,Li0.5-1.5Mn(CO3)2,LiMn2(CO3)4,Li3Mn2(CO3)4,mp-aaabreiy,3.744187183333328
Li,Li0-1Ti(SO4)2,Ti(SO4)2,LiTi(SO4)2,mp-aaabskry,2.787166603333337
Ca,Ca0-1Ni3(P2O7)2,Ni3(P2O7)2,CaNi3(P2O7)2,mp-aaaabmls,4.99440634999998
Zn,Zn0-4Mn5(TeO6)3,Mn5(TeO6)3,Mn5Zn4(TeO6)3,mp-aaachocj,1.680896976250004
Mg,Mg0-1Ni(PO3)3,Ni(PO3)3,MgNi(PO3)3,mp-aaaabnsk,1.391631174999997
Li,Li0-1V(PO3)3,V(PO3)3,LiV(PO3)3,mp-aaabodjd,3.398709913333339
Li,Li0-2Fe3TeO8,Fe3TeO8,Li2Fe3TeO8,mp-aaacpbbt,3.885621998333331
Li,Li0-0.5KTiAsO5,KTiAsO5,K2LiTi2(AsO5)2,mp-aaaaajpo,0.8555944883333281
Al,Al0-1Ba2TlNi2O7,Ba2TlNi2O7,Ba2AlTlNi2O7,mp-aaadciak,2.413950023333335
Li,Li0-4Mn3NiO8,Mn3NiO8,Li4Mn3NiO8,mp-aaacoymq,3.603389043333334
Ca,Ca1-2CoO3,CaCoO3,Ca2CoO3,mp-aaadbpze,3.305541635
Li,Li0-3Co4NiO8,Co4NiO8,Li3Co4NiO8,mp-aaaewauz,3.269185533333332
Mg,Mg0-0.5VCr2O6,VCr2O6,MgV2Cr4O12,mp-aaackrcf,1.46550473000001
Li,Li0-4VCo3(PO4)4,VCo3(PO4)4,Li4VCo3(PO4)4,mp-aaabrbxp,4.508190578333331
Mg,Mg0-0.5TbVO4,TbVO4,Tb2MgV2O8,mp-aaaabchl,0.771819384999998
Ca,Ca0-1CoF4,CoF4,CaCoF4,mp-aaadbmqx,5.420824712499997
Mg,Mg0-1Ba2Dy(CuO2)4,Ba2Dy(CuO2)4,Ba2DyMg(CuO2)4,mp-aaaaajxj,0.481550839999994
Mg,Mg0-0.17FeOF,FeOF,MgFe6(OF)6,mp-aaabrfpy,1.604700714999993
Li,Li2-3VCr2O6,Li2VCr2O6,Li3VCr2O6,mp-aaabwijx,2.939355150000001
Y,Y0-1Ti(WO4)2,Ti(WO4)2,YTi(WO4)2,mp-aaachhbi,1.920020035555555
Li,Li2-3Mn3NiO8,Li2Mn3NiO8,Li3Mn3NiO8,mp-aaabrxzf,1.404447148333323
Li,Li0-0.5NiS2,NiS2,Li(NiS2)2,mp-aaadefhr,1.895683458333335
Li,Li0-4TiCo5O12,TiCo5O12,Li4TiCo5O12,mp-aaabrbly,3.808862595833329
Li,Li0.33-0.5MnPO4,LiMn3(PO4)3,LiMn2(PO4)2,mp-aaabrsxh,3.584467748333356
Zn,Zn0-1MnNiP2O9,MnNiP2O9,MnZnNiP2O9,mp-aaachjuh,2.468614284999994
Li,Li0-1Sb(PO3)4,Sb(PO3)4,LiSb(PO3)4,mp-aaabmhrh,4.691081915833327
Mg,Mg0-0.5Cr2WO6,Cr2WO6,MgCr4(WO6)2,mp-aaaabdle,0.5131639799999921
Mg,Mg0-1Fe(CoO3)2,Fe(CoO3)2,MgFe(CoO3)2,mp-aaabrinq,2.977196905000004
Mg,Mg0-0.5Hg(SbO3)2,Hg(SbO3)2,MgHg2(SbO3)4,mp-aaabrsnr,1.029068560000003
Mg,Mg0-0.5TiGa2O5,TiGa2O5,MgTi2(Ga2O5)2,mp-aaabqvnh,0.199368769999996
Ca,Ca0-1Mn(SiO3)2,Mn(SiO3)2,CaMn(SiO3)2,mp-aaacnakn,3.545761497500005
Mg,Mg0-1Cu2SnHgS4,Cu2SnHgS4,MgCu2SnHgS4,mp-aaacgizb,0.314494945
Ca,Ca0-2Ni9O13,Ni9O13,Ca2Ni9O13,mp-aaachneu,4.153303889999999
Li,Li0-1V2OF5,V2OF5,LiV2OF5,mp-aaadlpwr,2.91873418333334
Mg,Mg0-1La4MnO8,La4MnO8,La4MgMnO8,mp-aaabrbca,1.841490034999997
Li,Li0-1V4OF11,V4OF11,LiV4OF11,mp-aaabsiwx,2.726724448333333
Li,Li0-1FePO4,FePO4,LiFePO4,mp-aaabqxaq,3.173812358333333
Mg,Mg0-1SbAsO5,SbAsO5,MgSbAsO5,mp-aaacyggt,2.660940685000001
Al,Al0-1Mn4(CuO4)3,Mn4(CuO4)3,Mn4Al(CuO4)3,mp-aaacupfi,1.2819072133333331
Mg,Mg0-0.5Ni(SbO3)2,Ni(SbO3)2,MgNi2(SbO3)4,mp-aaabctln,0.186307360000005
Li,Li0-8Fe7P12WO48,Fe7P12WO48,Li8Fe7P12WO48,mp-aaabrwfn,4.920630242083338
Li,Li0-2.5Cu3(P2O7)2,Cu3(P2O7)2,Li5Cu6(P2O7)4,mp-aaabrzko,4.597614239333329
Mg,Mg5-7Bi,Mg5Bi,Mg7Bi,mp-aaackhkk,0.011223024999999
Mg,Mg0-2Nb2WO8,Nb2WO8,Mg2Nb2WO8,mp-aaachoth,1.803857557499999
Li,Li2-3Co(NiO3)2,Li2Co(NiO3)2,Li3Co(NiO3)2,mp-aaabrcze,3.612522723333346
Zn,Zn0-0.5MoO2,MoO2,Zn(MoO2)2,mp-aaadasxh,0.20230381
Li,Li0-1SbP2O7,SbP2O7,LiSbP2O7,mp-aaaabmkc,3.654302953333332
Ca,Ca0-1VBiO5,VBiO5,CaVBiO5,mp-aaaczoyi,4.995071523125001
Mg,Mg0-0.5Mn2O2F3,Mn2O2F3,MgMn4(O2F3)2,mp-aaaewmsd,3.514723460000003
Mg,Mg0-0.5VO2,VO2,MgV2O4,mp-aaachfva,2.4539815375
Li,Li0-2Fe2(CO3)3,Fe2(CO3)3,Li2Fe2(CO3)3,mp-aaabrdmn,3.27774806583334
Li,Li0-2Mn3(SeO3)4,Mn3(SeO3)4,Li2Mn3(SeO3)4,mp-aaabrzpn,3.830800208333333
Li,Li0-4Mn3CoO8,Mn3CoO8,Li4Mn3CoO8,mp-aaabrxze,3.310602730833332
Mg,Mg0-0.5Mo2O5,Mo2O5,Mg(Mo2O5)2,mp-aaadcjvg,1.713243215000003
Mg,Mg0-1MoWO6,MoWO6,MgMoWO6,mp-aaadbnaa,2.139051995
Li,Li0-1Ni(PO3)3,Ni(PO3)3,LiNi(PO3)3,mp-aaackrlg,5.815260435833342
Zn,Zn0.25-0.5CoO2,Zn(CoO2)4,Zn(CoO2)2,mp-aaachmsr,0.792441535000002
Mg,Mg0-0.5NiAgO2,NiAgO2,MgNi2(AgO2)2,mp-aaaabcns,1.319241264999999
Li,Li0.5-1.5VP2HO8,LiV2P4(HO8)2,Li3V2P4(HO8)2,mp-aaabskol,4.110077793333336
Mg,Mg0-0.5CrPO5,CrPO5,MgCr2(PO5)2,mp-aaachokq,3.509000735000005
Li,Li1-3Mo(PO4)2,LiMo(PO4)2,Li3Mo(PO4)2,mp-aaaabnsa,3.455284078333325
Li,Li0-3Bi5(PO4)6,Bi5(PO4)6,Li3Bi5(PO4)6,mp-aaabmhtc,5.414909803333344
Li,Li0-0.75K2CrO4,K2CrO4,K8Li3Cr4O16,mp-aaabscwg,1.727267886666666
Li,Li1-3Cu2P5O16,LiCu2P5O16,Li3Cu2P5O16,mp-aaabhhxb,4.369800118333335
Li,Li1-2FeH8(SO6)2,LiFeH8(SO6)2,Li2FeH8(SO6)2,mp-aaabsmii,3.260944888333346
Mg,Mg0-0.25FeOF,FeOF,MgFe4(OF)4,mp-aaabqyly,1.659743654999997
Mg,Mg0-0.5Cu(IrS2)2,Cu(IrS2)2,MgCu2(IrS2)4,mp-aaaaawhl,0.363122274999999
Li,Li0-3P3(WO6)2,P3(WO6)2,Li3P3(WO6)2,mp-aaabsksa,2.441938096666674
Y,Y0-1Ba2TlSn2O7,Ba2TlSn2O7,Ba2YTlSn2O7,mp-aaachnkv,2.333222048888887
Mg,Mg0-1HoCr2O6,HoCr2O6,HoMgCr2O6,mp-aaachghd,3.395694977499997
Mg,Mg0-0.5DyVO4,DyVO4,Dy2MgV2O8,mp-aaaabbum,0.7778023299999971
Zn,Zn0-0.5Fe2O3,Fe2O3,Zn(Fe2O3)2,mp-aaadales,1.235497089999996
Li,Li0-1Ba2LaCu3O7,Ba2LaCu3O7,Ba2LiLaCu3O7,mp-aaacrxit,1.063341673333345
Mg,Mg0-0.5TmCrO4,TmCrO4,Tm2MgCr2O8,mp-aaaabhnb,1.854643565
Li,Li0.5-0.75MnBO3,LiMn2(BO3)2,Li3Mn4(BO3)4,mp-aaabwjao,3.346317276666672
Zn,Zn0-2Nb2WO8,Nb2WO8,Nb2Zn2WO8,mp-aaachoth,0.475245153749999
Li,Li0-1V2OF5,V2OF5,LiV2OF5,mp-aaabqvof,3.541409188333337
Li,Li0-7Mn3Fe(PO4)6,Mn3Fe(PO4)6,Li7Mn3Fe(PO4)6,mp-aaabsbmp,4.110562959047623
Li,Li2.5-3CoSiO5,Li5Co2(SiO5)2,Li3CoSiO5,mp-aaabwixr,5.091243358333321
Li,Li0-3TiMn2O6,TiMn2O6,Li3TiMn2O6,mp-aaabsdrr,3.085393151666665
Mg,Mg0-1Cu2GeS4,Cu2GeS4,MgCu2GeS4,mp-aaacnhwz,1.709884710000001
Ca,Ca9-9.5Mg(PO4)7,Ca9Mg(PO4)7,Ca19Mg2(PO4)14,mp-aaabplqs,4.376778470000022
Li,Li0.2-1MnO2,LiMn5O10,LiMnO2,mp-aaabrezo,3.215432392083333
Li,Li0-1La2Ti2CrO9,La2Ti2CrO9,LiLa2Ti2CrO9,mp-aaabrpsg,3.590478445833317
Li,Li0-1CuP4O11,CuP4O11,LiCuP4O11,mp-aaabctrw,1.981381168333333
Li,Li1-3MnPCO7,LiMnPCO7,Li3MnPCO7,mp-aaabrbdh,3.676844190833332
Mg,Mg0-1Fe5CuO8,Fe5CuO8,MgFe5CuO8,mp-aaaabxgu,1.212527009999992
Zn,Zn0-1PrCr2O6,PrCr2O6,PrZnCr2O6,mp-aaacyjuc,1.880904792499997
Zn,Zn0-1Ni9O10,Ni9O10,ZnNi9O10,mp-aaabljsu,1.753528459999998
Mg,Mg0-1WOF4,WOF4,MgWOF4,mp-aaabqvvv,2.265111999999999
Mg,Mg0-1Rb3NbO8,Rb3NbO8,Rb3MgNbO8,mp-aaaaaong,0.337254245000001
Li,Li0-1MnPO4,MnPO4,LiMnPO4,mp-aaaabmwy,4.546071956666669
Li,Li1-2SbAu,LiSbAu,Li2SbAu,mp-aaaaaspg,1.185891043333334
Ca,Ca0-1IrO3,IrO3,CaIrO3,mp-aaackkvx,3.229240609999999
Li,Li1.62-2MnO3,Li13Mn8O24,Li2MnO3,mp-aaabreis,4.666702540000003
Li,Li0-1Fe(PO3)4,Fe(PO3)4,LiFe(PO3)4,mp-aaabhiac,5.371385828333307
Li,Li0-4Ti3Co3(SbO8)2,Ti3Co3(SbO8)2,Li4Ti3Co3(SbO8)2,mp-aaabrjzd,4.300809392083335
Mg,Mg0-0.5Mn3(O2F)2,Mn3(O2F)2,MgMn6(O2F)4,mp-aaabsmin,2.189292645000013
Zn,Zn0.5-1MnO2,Mn2ZnO4,MnZnO2,mp-aaaexggq,0.23756595
Ca,Ca0-1V(GeO3)2,V(GeO3)2,CaV(GeO3)2,mp-aaachjex,2.602380652500005
Li,Li0-4Mn3Cr3(WO8)2,Mn3Cr3(WO8)2,Li4Mn3Cr3(WO8)2,mp-aaabrahl,3.384493700833329
Mg,Mg0-0.5Na(FeO2)2,Na(FeO2)2,Na2Mg(FeO2)4,mp-aaabrmfy,2.398463484999998
Li,Li0-1V(PO3)4,V(PO3)4,LiV(PO3)4,mp-aaaabnvg,4.761070423333312
Li,Li1.5-2.5FePCO7,Li3Fe2P2(CO7)2,Li5Fe2P2(CO7)2,mp-aaabrtag,3.831658245833343
Li,Li0-1Rb3TbV2O8,Rb3TbV2O8,Rb3LiTbV2O8,mp-aaacquxs,0.183399983333335
Li,Li0-2V3CoO8,V3CoO8,Li2V3CoO8,mp-aaabxakk,3.512317765833335
Zn,Zn0-2Ta2CrO8,Ta2CrO8,Ta2Zn2CrO8,mp-aaachobm,2.033449489999999
Li,Li0-2Co3TeO8,Co3TeO8,Li2Co3TeO8,mp-aaabxjnh,4.523163175833337
Mg,Mg0-3Ca,Ca,CaMg3,mp-aaaaapux,0.086325066666666
Li,Li2-4Cr3FeO8,Li2Cr3FeO8,Li4Cr3FeO8,mp-aaabrval,3.743414175833327
Mg,Mg0-2Bi,Bi,Mg2Bi,mp-aaaabigm,0.022819138749999
Al,Al0-1BaFe4O7,BaFe4O7,BaAlFe4O7,mp-aaachqwt,1.833335478333332
Li,Li0-1La3Ti3CrO12,La3Ti3CrO12,LiLa3Ti3CrO12,mp-aaabqzlg,1.394546480833331
Mg,Mg0-0.5Co3(O2F)2,Co3(O2F)2,MgCo6(O2F)4,mp-aaabridu,2.6986066299999982
Li,Li2.25-7La3(SnO6)2,Li9La12(SnO6)8,Li7La3(SnO6)2,mp-aaacrple,3.842117716491224
Li,Li0-2VFe(PO4)2,VFe(PO4)2,Li2VFe(PO4)2,mp-aaabsbxc,2.954241255833335
Y,Y0-1W3O8,W3O8,YW3O8,mp-aaachike,2.184471317222221
Li,Li0.25-1FeBO3,LiFe4(BO3)4,LiFeBO3,mp-aaabsbnx,3.020091366666666
Zn,Zn0-1Ni(PO3)4,Ni(PO3)4,ZnNi(PO3)4,mp-aaabnphw,3.3914627825
Li,Li0-4Ti3Mn3(SbO8)2,Ti3Mn3(SbO8)2,Li4Ti3Mn3(SbO8)2,mp-aaabrldk,3.155272040833329
Li,Li2-3FeSiCO7,Li2FeSiCO7,Li3FeSiCO7,mp-aaabrydc,2.168791773333329
Mg,Mg0-0.5Fe3O5F,Fe3O5F,MgFe6(O5F)2,mp-aaabqymd,2.845213044999998
Li,Li0-1Mn2OF3,Mn2OF3,LiMn2OF3,mp-aaabqvnl,3.10596746833333
Li,Li0-4Ti3Nb2V3O16,Ti3Nb2V3O16,Li4Ti3Nb2V3O16,mp-aaabrwjy,2.4703194908333312
Mg,Mg0-1Co3(P2O7)2,Co3(P2O7)2,MgCo3(P2O7)2,mp-aaaabnyw,3.275194382500008
Mg,Mg0-1Na3(NiO2)5,Na3(NiO2)5,Na3Mg(NiO2)5,mp-aaabrgdv,2.375075915000001
Li,Li1-2MnNiO4,LiMnNiO4,Li2MnNiO4,mp-aaabraxa,3.324719718333331
Li,Li0-1VFeO4,VFeO4,LiVFeO4,mp-aaaabcav,3.073568223333336
Li,Li0-3YSb2,YSb2,Li3YSb2,mp-aaacfyce,1.4419300333333331
Mg,Mg0-0.5Ta2CuO6,Ta2CuO6,MgTa4(CuO6)2,mp-aaaabgoo,1.60276588999999
Li,Li0-2V2Si4O11,V2Si4O11,Li2V2Si4O11,mp-aaabxapt,0.622644533333333
Zn,Zn0-1Mg(NiO2)4,Mg(NiO2)4,MgZn(NiO2)4,mp-aaaexcqf,1.9981773350000007
Li,Li0-2V3CuO8,V3CuO8,Li2V3CuO8,mp-aaabsdkm,3.48175238833333
Li,Li4-5Ti3O8,Li4Ti3O8,Li5Ti3O8,mp-aaabqzgs,1.927368303333343
Mg,Mg0-0.5La(CuO2)2,La(CuO2)2,La2Mg(CuO2)4,mp-aaaaanye,0.595654274999998
Zn,Zn0-1NiP2O7,NiP2O7,ZnNiP2O7,mp-aaaabvvq,2.898742008749999
Li,Li0-2V3(OF)4,V3(OF)4,Li2V3(OF)4,mp-aaabrglf,3.72040813833333
Zn,Zn0-1CrF5,CrF5,ZnCrF5,mp-aaadazwp,3.068945700000001
Zn,Zn0-2CrWO6,CrWO6,Zn2CrWO6,mp-aaadbyty,1.720815575
Mg,Mg0-1MnCoO4,MnCoO4,MgMnCoO4,mp-aaabqvvl,2.8401412899999983
Li,Li2.25-3FeSiO5,Li9Fe4(SiO5)4,Li3FeSiO5,mp-aaabrexf,4.67958152333334
Mg,Mg0-1Sr3Cr2S2O5,Sr3Cr2S2O5,Sr3MgCr2S2O5,mp-aaacsnja,2.007589580000005
Al,Al0-1CrO3,CrO3,AlCrO3,mp-aaadayrm,3.374466933333335
Li,Li0-1Sr4Mn2Ga2O11,Sr4Mn2Ga2O11,Sr4LiMn2Ga2O11,mp-aaacritf,1.533470033333349
Li,Li0-0.33TiS2,TiS2,Li(TiS2)3,mp-aaackrcc,1.979588493333328
Li,Li0-1.5CoSiO4,CoSiO4,Li3Co2(SiO4)2,mp-aaaabljw,4.176416345000002
Li,Li0-1FeP2O7,FeP2O7,LiFeP2O7,mp-aaaabnow,4.980471823333336
Li,Li0.67-0.83MnBO3,Li2Mn3(BO3)3,Li5Mn6(BO3)6,mp-aaabwivh,3.957408918333387
Mg,Mg0-0.17FeOF,FeOF,MgFe6(OF)6,mp-aaabrbnz,1.676078910000005
Mg,Mg0-1Hg(SbO3)2,Hg(SbO3)2,MgHg(SbO3)2,mp-aaabqxmn,1.024234304999997
Mg,Mg0-1Na2MnP2O7F3,Na2MnP2O7F3,Na2MgMnP2O7F3,mp-aaackvrg,3.357398954999998
Al,Al0-1Ti(WO4)2,Ti(WO4)2,TiAl(WO4)2,mp-aaachgre,1.625225361666667
Li,Li0-2Sb(PO3)5,Sb(PO3)5,Li2Sb(PO3)5,mp-aaackrkv,4.81502730083334
Li,Li1.5-2CoSiO4,Li3Co2(SiO4)2,Li2CoSiO4,mp-aaacpafk,4.32322742333334
Li,Li0-4Co3Ni3(TeO8)2,Co3Ni3(TeO8)2,Li4Co3Ni3(TeO8)2,mp-aaabwkes,4.223693268333325
Li,Li1-2Sr2Nb3O10,Sr2LiNb3O10,Sr2Li2Nb3O10,mp-aaabrbpu,2.2374575433333392
Ca,Ca0-1Fe5O7,Fe5O7,CaFe5O7,mp-aaacxlyp,3.064646723749997
Li,Li2-3CuP2O7,Li2CuP2O7,Li3CuP2O7,mp-aaaaajmq,1.849812583333336
Li,Li2-3CuSbO5,Li2CuSbO5,Li3CuSbO5,mp-aaabqwsz,3.575054178333329
Mg,Mg0-0.5Mn2FeO6,Mn2FeO6,MgMn4(FeO6)2,mp-aaabqxbv,3.295097549999998
Li,Li2-3VSi2O7,Li2VSi2O7,Li3VSi2O7,mp-aaacpahb,3.316359190000004
Li,Li0-1CuO2,CuO2,LiCuO2,mp-aaabizdd,4.576391703333331
Mg,Mg0-1Eu2CuO4,Eu2CuO4,Eu2MgCuO4,mp-aaaabgzy,0.6087262950000041
Mg,Mg0-1Mn3CrO8,Mn3CrO8,MgMn3CrO8,mp-aaabrakp,3.080755714999999
Ca,Ca0-0.5SbO2,SbO2,Ca(SbO2)2,mp-aaachpgu,2.137037422499999
Zn,Zn0-1Ba(BiO2)4,Ba(BiO2)4,BaZn(BiO2)4,mp-aaachpnf,1.452529335000001
Li,Li1-2Nb(PO4)2,LiNb(PO4)2,Li2Nb(PO4)2,mp-aaabmhri,2.589915228333329
Mg,Mg0-3Ge3(WO6)2,Ge3(WO6)2,Mg3Ge3(WO6)2,mp-aaacxlmr,1.662674532916667
Ca,Ca0-1BiAsO5,BiAsO5,CaBiAsO5,mp-aaacyreg,4.244732465000001
Ca,Ca0-1BiWO5,BiWO5,CaBiWO5,mp-aaachiky,3.682414704375001
Li,Li0-1Sn(PO3)3,Sn(PO3)3,LiSn(PO3)3,mp-aaaabmsq,4.156778673333325
Li,Li0-1Co2(PO3)5,Co2(PO3)5,LiCo2(PO3)5,mp-aaackroh,4.859139428333326
Li,Li0-4FeCo3O8,FeCo3O8,Li4FeCo3O8,mp-aaabqwpu,3.54914584083333
Li,Li0-1Ni3O4,Ni3O4,LiNi3O4,mp-aaabljsx,3.51241752333333
Mg,Mg0-0.5TiVO4,TiVO4,MgTi2V2O8,mp-aaabrigj,1.571571107500003
Mg,Mg0-0.5FeCoO4,FeCoO4,MgFe2(CoO4)2,mp-aaabrinm,2.093422575000002
Y,Y0-1MoO3,MoO3,YMoO3,mp-aaabosom,2.265677053888889
Ca,Ca0-2Ta2O7,Ta2O7,Ca2Ta2O7,mp-aaabpiby,4.843963351249999
Li,Li0.5-1FePO4,LiFe2(PO4)2,LiFePO4,mp-aaabqxbx,3.817032748333336
Li,Li0-1FePO4,FePO4,LiFePO4,mp-aaaabnjo,3.847418561666669
Li,Li0-1La4FeO8,La4FeO8,LiLa4FeO8,mp-aaabqxub,3.367874135833323
Li,Li0-1VPO5,VPO5,LiVPO5,mp-aaabrwjs,3.648990778333339
Mg,Mg0-0.17CuS,CuS,Mg(CuS)6,mp-aaabfpxf,0.9022794699999972
Li,Li0-3Mo3(PO4)4,Mo3(PO4)4,Li3Mo3(PO4)4,mp-aaaabnko,4.134637978333335
Li,Li0-0.5CuO,CuO,Li(CuO)2,mp-aaabdboh,3.106870914583333
Li,Li0-2Ba6Ta9Ti7O42,Ba6Ta9Ti7O42,Ba6Li2Ta9Ti7O42,mp-aaabrzpc,1.137226298333364
Li,Li0-1Mn2P3O11,Mn2P3O11,LiMn2P3O11,mp-aaaabmfm,4.240917493333318
Li,Li0-1Co(PO3)4,Co(PO3)4,LiCo(PO3)4,mp-aaaabusi,5.59688006833331
Mg,Mg0-0.25CrO2,CrO2,MgCr4O8,mp-aaaborph,3.347184695
Mg,Mg0-0.5Zn(CoO2)2,Zn(CoO2)2,MgZn2(CoO2)4,mp-aaabqwqj,1.123945715000002
Li,Li0-2MnV5O12,MnV5O12,Li2MnV5O12,mp-aaabranu,2.467122138333342
Mg,Mg0-0.17YMnO3,YMnO3,Y6MgMn6O18,mp-aaaabcrp,0.515069765000025
Mg,Mg0-0.5VBiO4,VBiO4,MgV2(BiO4)2,mp-aaabfbmg,1.059197800000004
Zn,Zn0-1Bi2P2O9,Bi2P2O9,ZnBi2P2O9,mp-aaachlrl,1.695268043750005
Mg,Mg0-0.5V2CoO6,V2CoO6,MgV4(CoO6)2,mp-aaabqzuk,1.543971515
Mg,Mg0-0.5BaFeBP2O9,BaFeBP2O9,Ba2MgFe2B2(P2O9)2,mp-aaacpxbt,2.4355446400000083
Li,Li1-3VF6,LiVF6,Li3VF6,mp-aaafyfwv,2.703357988333334
Mg,Mg0-0.5K2V3O8,K2V3O8,K4MgV6O16,mp-aaaaayvr,0.064778589999993
Li,Li0-2Mn3SbO8,Mn3SbO8,Li2Mn3SbO8,mp-aaabsbog,3.900845125833339
Mg,Mg0-0.5ErVO4,ErVO4,Er2MgV2O8,mp-aaaabcbg,0.790770554999999
Ca,Ca0-1FeP2O7,FeP2O7,CaFeP2O7,mp-aaabngus,4.277546660000001
Li,Li0-1V3O5F3,V3O5F3,LiV3O5F3,mp-aaabrfos,3.989346498333337
Li,Li2-3V(OF)2,Li2V(OF)2,Li3V(OF)2,mp-aaabrgcj,2.280202230833329
Li,Li3-5V2P5O18,Li3V2P5O18,Li5V2P5O18,mp-aaabutqc,6.5545421333333325
Li,Li1-2Sn(PO3)4,LiSn(PO3)4,Li2Sn(PO3)4,mp-aaackrmj,4.099924683333346
Mg,Mg0-1V4FeCoO12,V4FeCoO12,MgV4FeCoO12,mp-aaabrbif,1.70892381500001
Li,Li0-2Mn3CuO8,Mn3CuO8,Li2Mn3CuO8,mp-aaabrbcr,4.251077828333334
Mg,Mg0-149Fe,Fe,Mg149Fe,mp-aaackksk,0.00884901862416
Zn,Zn0-1V4O9,V4O9,V4ZnO9,mp-aaaczyxd,1.262151784999993
Li,Li0-1Fe4P7O24,Fe4P7O24,LiFe4P7O24,mp-aaaabnpc,4.05246368833338
Li,Li0-2Mn2Co(PO4)3,Mn2Co(PO4)3,Li2Mn2Co(PO4)3,mp-aaabrbvv,4.088257593333343
Ca,Ca0-0.25CrPO4,CrPO4,CaCr4(PO4)4,mp-aaabcsas,2.8126337100000023
Li,Li0.5-1.5VP2HO8,LiV2P4(HO8)2,Li3V2P4(HO8)2,mp-aaabsijq,4.149480028333333
Li,Li0-3Mn2CoO6,Mn2CoO6,Li3Mn2CoO6,mp-aaabrimn,3.279952326666668
Li,Li0-1VPO5,VPO5,LiVPO5,mp-aaaablhj,3.815353475833331
Li,Li1-2Ni(CO3)2,LiNi(CO3)2,Li2Ni(CO3)2,mp-aaabrell,4.825231265833328
Li,Li4.5-5.88NiO4,Li9(NiO4)2,Li47(NiO4)8,mp-aaabsdnv,2.976023002424239
Li,Li0-2V3CrO8,V3CrO8,Li2V3CrO8,mp-aaacsyei,3.946023313333332
Mg,Mg0-1NbOF3,NbOF3,MgNbOF3,mp-aaackrjm,1.030766655000001
Y,Y0.33-0.5CuS,Y(CuS)3,Y(CuS)2,mp-aaacrfci,0.040247152222223
Zn,Zn0-2Ba2Tl2Co3O10,Ba2Tl2Co3O10,Ba2Tl2Zn2Co3O10,mp-aaachocb,1.5251778825
Al,Al0-0.67TiSiO4,TiSiO4,Ti3Al2(SiO4)3,mp-aaaczqpt,1.109152268750004
Mg,Mg0-1Mn3CoO8,Mn3CoO8,MgMn3CoO8,mp-aaabrxze,2.900583099999996
Y,Y0-1Ba2TlFe2O7,Ba2TlFe2O7,Ba2YTlFe2O7,mp-aaachnvy,3.127537655555554
Mg,Mg0-0.5ReWO6,ReWO6,MgRe2(WO6)2,mp-aaadedes,1.340314050000008
Mg,Mg0-1V3NiO8,V3NiO8,MgV3NiO8,mp-aaabqzxo,1.392356859999996
Mg,Mg0-1BiAsO5,BiAsO5,MgBiAsO5,mp-aaacyreg,3.626778069999997
Al,Al0-1Ba2Mn3O8,Ba2Mn3O8,Ba2Mn3AlO8,mp-aaachqoi,2.0741759299999982
Al,Al0-1BaNi4O7,BaNi4O7,BaAlNi4O7,mp-aaachrak,3.128957396666666
Zn,Zn0-2ZrCo2,ZrCo2,Zr(Zn10Co)2,mp-aaaaabjt,0.074587283749999
Li,Li4-7Ti11O24,Li4Ti11O24,Li7Ti11O24,mp-aaabrpyq,1.825967073333349
Li,Li1-2TiFeO4,LiTiFeO4,Li2TiFeO4,mp-aaabrahp,2.159298630833331
Li,Li1-3MnVP2(HO5)2,LiMnVP2(HO5)2,Li3MnVP2(HO5)2,mp-aaacsiaw,3.324273198333334
Li,Li0-6Cu9(PO4)8,Cu9(PO4)8,Li6Cu9(PO4)8,mp-aaaabmxs,4.207897683333333
Li,Li0-5Mn2(PO4)3,Mn2(PO4)3,Li5Mn2(PO4)3,mp-aaaabmok,4.017643297333335
Li,Li0-6Mn3(PO4)4,Mn3(PO4)4,Li6Mn3(PO4)4,mp-aaaabmoi,4.150598373888897
Mg,Mg0-1Co3SbO8,Co3SbO8,MgCo3SbO8,mp-aaabqvry,2.783420024999995
Li,Li0-1Ni(PO3)4,Ni(PO3)4,LiNi(PO3)4,mp-aaabnphw,6.052737923333344
Li,Li0-2V5CuO12,V5CuO12,Li2V5CuO12,mp-aaabsftr,2.59489247833334
Mg,Mg0-1Pr(MoO3)2,Pr(MoO3)2,PrMg(MoO3)2,mp-aaachlmm,1.863348159999998
Ca,Ca0-1Ga,Ga,CaGa,mp-aaaaaovl,0.4835827475
Ca,Ca0-2Ba2Tl2Co3O10,Ba2Tl2Co3O10,Ba2Ca2Tl2Co3O10,mp-aaachocb,3.592854074999997
Li,Li0-0.5RbNd(WO4)2,RbNd(WO4)2,Rb2LiNd2(WO4)4,mp-aaabfusg,1.177542803333328
Ca,Ca0-1.5BaTl(NiO3)2,BaTl(NiO3)2,Ba2Ca3Tl2(NiO3)4,mp-aaachosq,3.928670959999998
Li,Li0-1Co(PO3)4,Co(PO3)4,LiCo(PO3)4,mp-aaabhgzn,5.725157078333315
Zn,Zn0-0.5VO2,VO2,V2ZnO4,mp-aaacptgr,0.424538967499998
Mg,Mg0-0.5Si2MoO6,Si2MoO6,MgSi4(MoO6)2,mp-aaacnaxk,2.163497165
Ca,Ca0-1SrMn(PO4)2,SrMn(PO4)2,SrCaMn(PO4)2,mp-aaachoao,4.030366034999996
Zn,Zn0-1NiF4,NiF4,ZnNiF4,mp-aaadcabr,3.6945893599999993
Li,Li0-4MnH6(S2O9)2,MnH6(S2O9)2,Li4MnH6(S2O9)2,mp-aaabsjrj,4.629674714583328
Mg,Mg0-1Na2W4O13,Na2W4O13,Na2MgW4O13,mp-aaaabwdh,0.905114645000002
Ca,Ca0-0.25MoO2,MoO2,Ca(MoO2)4,mp-aaabornn,2.357605070000001
Ca,Ca1.5-2FeSbO6,Ca3Fe2(SbO6)2,Ca2FeSbO6,mp-aaaczvwa,4.615233967500006
Li,Li1-4V(TeO4)3,LiV(TeO4)3,Li4V(TeO4)3,mp-aaabrnbz,3.636997131666665
Li,Li0-1TaNb(AgO3)2,TaNb(AgO3)2,LiTaNb(AgO3)2,mp-aaacrhqp,0.7235468433333421
Mg,Mg0-1NaFe(SO4)2,NaFe(SO4)2,NaMgFe(SO4)2,mp-aaacksie,0.449797416249997
Mg,Mg0-1CrBiO5,CrBiO5,MgCrBiO5,mp-aaachkrv,3.4816676849999952
Zn,Zn0-1SrSn(PO4)2,SrSn(PO4)2,SrZnSn(PO4)2,mp-aaachnpw,0.747296097499998
Li,Li0-4CrCo3(PO4)4,CrCo3(PO4)4,Li4CrCo3(PO4)4,mp-aaabsdxv,3.939129250833336
Li,Li0-1Mn5O3F5,Mn5O3F5,LiMn5O3F5,mp-aaabqvfb,2.728072323333326
Li,Li0-1Fe2P3O13,Fe2P3O13,LiFe2P3O13,mp-aaabnshf,4.609630938333315
Ca,Ca0-1Fe3P3O13,Fe3P3O13,CaFe3P3O13,mp-aaaczesc,4.9615032900000005
Mg,Mg0-0.5RbNbTeO6,RbNbTeO6,Rb2MgNb2(TeO6)2,mp-aaacrkcu,0.480711500000002
Mg,Mg0-0.5Mn3Nb2O9,Mn3Nb2O9,MgMn6Nb4O18,mp-aaadakjr,2.7799872600000173
Li,Li2-3Cr(CO3)3,Li2Cr(CO3)3,Li3Cr(CO3)3,mp-aaabskwi,4.193080858333322
Ca,Ca0-0.25CrO2,CrO2,CaCr4O8,mp-aaaborph,4.095560084999998
Al,Al0-1Bi(WO4)2,Bi(WO4)2,AlBi(WO4)2,mp-aaachgum,2.042725291666668
Li,Li0-1Ti3Mn5O16,Ti3Mn5O16,Li10Ti3Mn5O16,mp-aaackrdk,2.610091980333333
Li,Li0-1SnPHO5,SnPHO5,LiSnPHO5,mp-aaabsdgp,2.31432435333333
Li,Li0-0.5Mo4O5,Mo4O5,Li(Mo4O5)2,mp-aaabexiz,4.430885403333325
Mg,Mg0-1Na3(CoO2)5,Na3(CoO2)5,Na3Mg(CoO2)5,mp-aaabxamt,0.7139271850000001
Li,Li0-2Cr(PO3)4,Cr(PO3)4,Li2Cr(PO3)4,mp-aaacpbgo,4.244246139583329
Li,Li0-1CoO2,CoO2,LiCoO2,mp-aaabqymu,3.409718970833332
Ca,Ca0-1Ho(BiO3)2,Ho(BiO3)2,CaHo(BiO3)2,mp-aaachfsg,3.280366787499995
Mg,Mg0-0.5CrO2,CrO2,MgCr2O4,mp-aaadbsgj,3.647358347499999
Mg,Mg0-1Ti(Si2O5)2,Ti(Si2O5)2,MgTi(Si2O5)2,mp-aaachjna,0.9329074437500012
Li,Li0-6NbV3(PO4)6,NbV3(PO4)6,Li6NbV3(PO4)6,mp-aaabscui,2.745027495000002
Li,Li1-2FeF4,LiFeF4,Li2FeF4,mp-aaabqzhz,3.153068693333328
Al,Al0-1BaTi4O7,BaTi4O7,BaTi4AlO7,mp-aaachqpj,0.7397915566666661
Mg,Mg0-1Nb3SiO10,Nb3SiO10,MgNb3SiO10,mp-aaachffs,2.215275209999999
Zn,Zn0-1Fe4(CuO4)3,Fe4(CuO4)3,ZnFe4(CuO4)3,mp-aaachjjb,1.630939684999987
Mg,Mg0-1Pr(ReO4)2,Pr(ReO4)2,PrMg(ReO4)2,mp-aaabqyii,0.662534954999995
Li,Li0-8Fe7Te(PO4)12,Fe7Te(PO4)12,Li8Fe7Te(PO4)12,mp-aaabsfkt,5.024749633333348
Li,Li0-2Sn2(SO4)3,Sn2(SO4)3,Li2Sn2(SO4)3,mp-aaabrtmt,3.890633424583332
Li,Li6-8Fe3Sn(PO4)6,Li6Fe3Sn(PO4)6,Li8Fe3Sn(PO4)6,mp-aaabshzi,1.966528243333305
Li,Li0-6Ni5(P2O7)4,Ni5(P2O7)4,Li6Ni5(P2O7)4,mp-aaabodoe,5.472516511666664
Li,Li0-5V3Bi2(PO4)6,V3Bi2(PO4)6,Li5V3Bi2(PO4)6,mp-aaabryrd,3.051783667333341
Ca,Ca0-1VF5,VF5,CaVF5,mp-aaadedha,4.614110079999999
Li,Li0-0.5MnPO4,MnPO4,LiMn2(PO4)2,mp-aaabetaw,4.06187906833333
Mg,Mg0-0.25NiOF2,NiOF2,MgNi4(OF2)4,mp-aaabrsbt,2.311548194999997
Li,Li0-2P2WO8,P2WO8,Li2P2WO8,mp-aaabqxtu,3.99255456083333
Li,Li1-6NbCo3(PO4)6,LiNbCo3(PO4)6,Li6NbCo3(PO4)6,mp-aaacoyoe,4.369007479333327
Y,Y0-3TlC,TlC,Y3TlC,mp-aaacigkl,0.7997890522222221
Mg,Mg0-1Sr3Fe2S2O5,Sr3Fe2S2O5,Sr3MgFe2S2O5,mp-aaachogh,2.123506405000005
Al,Al0-0.67CrSiO4,CrSiO4,Al2Cr3(SiO4)3,mp-aaacnbev,2.932545750416667
Li,Li0-2VCu(PO4)2,VCu(PO4)2,Li2VCu(PO4)2,mp-aaabqyxl,3.244210575833333
Li,Li0-3Sb,Sb,Li3Sb,mp-aaaaaadc,0.99933241
Ca,Ca0-1MnP2O7,MnP2O7,CaMnP2O7,mp-aaabhgbe,4.549765997499999
Li,Li0-1CuP4(RuO7)2,CuP4(RuO7)2,LiCuP4(RuO7)2,mp-aaacrbao,2.595427523333346
Li,Li1-1.5VF6,LiVF6,Li3V2F12,mp-aaabrhzs,3.654544198333329
Li,Li0-1CuHCO4,CuHCO4,LiCuHCO4,mp-aaabruyx,3.420445794999996
Mg,Mg0-0.5ZnCuH3ClO3,ZnCuH3ClO3,MgZn2Cu2H6(ClO3)2,mp-aaackwxo,0.9294606399999992
Mg,Mg0-0.5TiPO4F,TiPO4F,MgTi2P2(O4F)2,mp-aaaablqi,1.012490995000004
Zn,Zn0-1Ti4(CuO4)3,Ti4(CuO4)3,Ti4Zn(CuO4)3,mp-aaacyosg,0.8199458349999921
Li,Li0-1FeF3,FeF3,LiFeF3,mp-aaacpfqk,3.246644476666664
Li,Li0-1Cs2MoCl6,Cs2MoCl6,Cs2LiMoCl6,mp-aaabgmre,2.201821813333336
Ca,Ca0-0.5SrCuBiO4,SrCuBiO4,Sr2CaCu2(BiO4)2,mp-aaacyjja,3.341376480000003
Li,Li0-0.25VGeO4,VGeO4,LiV4(GeO4)4,mp-aaabrbkn,1.378517543333321
Ca,Ca0-1Ta2CoO7,Ta2CoO7,CaTa2CoO7,mp-aaaczsvj,4.002934974375004
Ca,Ca0-1Si4WO10,Si4WO10,CaSi4WO10,mp-aaachkaq,2.5402736174999943
Mg,Mg0-1BaZn(FeO2)4,BaZn(FeO2)4,BaMgZn(FeO2)4,mp-aaachkzj,0.300066545000004
Li,Li0-0.67V2O5,V2O5,Li2V6O15,mp-aaaablhn,3.531303618333344
Mg,Mg0-1La2MoO6,La2MoO6,La2MgMoO6,mp-aaabfbsh,0.737259540000001
Li,Li6-13Mg(Ni6O13)2,Li6Mg(Ni6O13)2,Li13Mg(Ni6O13)2,mp-aaabrfcp,3.784667343333334
Mg,Mg0-1Ti6AgS12,Ti6AgS12,MgTi6AgS12,mp-aaabmlwy,1.080438254999994
Mg,Mg0-0.5Fe2CuO4,Fe2CuO4,MgFe4(CuO4)2,mp-aaabrvfn,1.348412065000002
Zn,Zn0-0.5TiS2,TiS2,Ti2ZnS4,mp-aaaaanjf,0.396904670000001
Li,Li2-3CrO4,Li2CrO4,Li3CrO4,mp-aaabrbud,2.965592918333333
Li,Li2-4Ni(PO4)2,Li2Ni(PO4)2,Li4Ni(PO4)2,mp-aaabocyp,4.973678315833331
Mg,Mg0-1SrNi(PO4)2,SrNi(PO4)2,SrMgNi(PO4)2,mp-aaadqjmm,4.233755784999997
Mg,Mg0-1Ba(BiO2)4,Ba(BiO2)4,BaMg(BiO2)4,mp-aaachpnf,2.876824764999999
Mg,Mg0-1Mn3BiO8,Mn3BiO8,MgMn3BiO8,mp-aaabrtdt,2.932381515
Li,Li0-1Fe(PO3)4,Fe(PO3)4,LiFe(PO3)4,mp-aaaabmwk,5.964160693333331
Mg,Mg0-1FeNiP2O9,FeNiP2O9,MgFeNiP2O9,mp-aaachjvf,4.142899002499999
Mg,Mg0-1LaNb2CuClO7,LaNb2CuClO7,LaMgNb2CuClO7,mp-aaacrpce,1.2428602299999951
Mg,Mg0-1Sr2TiFeO6,Sr2TiFeO6,Sr2MgTiFeO6,mp-aaackgku,0.38895818
Mg,Mg0-1Cu3(MoO3)4,Cu3(MoO3)4,MgCu3(MoO3)4,mp-aaachjby,1.354317524999989
Li,Li0-4Ti3V5O16,Ti3V5O16,Li4Ti3V5O16,mp-aaabsefr,2.780888373333331
Li,Li0-0.5TiO2,TiO2,LiTi2O4,mp-aaabfnyk,1.359812448333327
Li,Li0-1CoAsO4,CoAsO4,LiCoAsO4,mp-aaacrbnr,4.520946918333334
Zn,Zn0-1Ni3P3O13,Ni3P3O13,ZnNi3P3O13,mp-aaachqiv,2.415071967500005
Li,Li0-3Cr3(PO4)4,Cr3(PO4)4,Li3Cr3(PO4)4,mp-aaabnpnk,4.87632506333333
Ca,Ca1-2MnFeO5,CaMnFeO5,Ca2MnFeO5,mp-aaaczcwg,3.747230596250002
Li,Li0-4Cr3Ni(PO4)4,Cr3Ni(PO4)4,Li4Cr3Ni(PO4)4,mp-aaabscqx,3.132446093333333
Li,Li0.75-2FeP2O7,Li3Fe4(P2O7)4,Li2FeP2O7,mp-aaabwiof,4.055408742333343
Mg,Mg0-1YMo(WO4)2,YMo(WO4)2,YMgMo(WO4)2,mp-aaachpmu,1.365618975000001
Zn,Zn0-0.5NiS2,NiS2,Zn(NiS2)2,mp-aaadefhr,0.6334801249999981
Mg,Mg0-0.5VCl2O,VCl2O,MgV2(Cl2O)2,mp-aaaaccnu,1.436129650000002
Li,Li0-1Sr2ZrCrO6,Sr2ZrCrO6,Sr2LiZrCrO6,mp-aaacjmta,0.982954025833327
Li,Li0-4Mn3Fe(PO4)4,Mn3Fe(PO4)4,Li4Mn3Fe(PO4)4,mp-aaabrpsk,3.712838715833332
Li,Li0-2Fe3(P2O7)2,Fe3(P2O7)2,Li2Fe3(P2O7)2,mp-aaaabntc,3.974167163333338
Li,Li0-1Mn4(P2O7)3,Mn4(P2O7)3,LiMn4(P2O7)3,mp-aaabsiwo,9.739165803333384
Li,Li1-2CdSb,LiCdSb,Li2CdSb,mp-aaackpwb,0.947536923333334
Mg,Mg0-1Ho2Cu(GeO3)4,Ho2Cu(GeO3)4,Ho2MgCu(GeO3)4,mp-aaaaaxto,0.233969840000004
Li,Li3-4Ti3CrO8,Li3Ti3CrO8,Li4Ti3CrO8,mp-aaabqzzu,1.219706813333336
Mg,Mg0-0.5Co(NiS2)2,Co(NiS2)2,MgCo2(NiS2)4,mp-aaabmjot,0.061963495000005
Ca,Ca0-0.25CoO2,CoO2,Ca(CoO2)4,mp-aaadbsja,3.233779334999996
Zn,Zn0-0.5CrCuO4,CrCuO4,ZnCr2(CuO4)2,mp-aaachgqo,1.4763134137499991
Li,Li0-1Co2(SO4)3,Co2(SO4)3,LiCo2(SO4)3,mp-aaabrsvt,6.23150629333333
Li,Li0-1NiPO4,NiPO4,LiNiPO4,mp-aaaabmku,5.069874553333325
Li,Li0-1Bi(PO3)4,Bi(PO3)4,LiBi(PO3)4,mp-aaabmyot,5.565198173333332
Li,Li0-1Ni6P7O24,Ni6P7O24,LiNi6P7O24,mp-aaabcscy,4.829746068333354
Mg,Mg0-1Mn6O7F5,Mn6O7F5,MgMn6O7F5,mp-aaabqyzo,2.441586875000003
Li,Li0.12-0.88FeBO3,LiFe8(BO3)8,Li7Fe8(BO3)8,mp-aaabwjap,3.069231903333336
Li,Li4-5CoO4,Li4CoO4,Li5CoO4,mp-aaabrfvi,2.79196788083333
Ca,Ca0-0.5Sr2CoSO3,Sr2CoSO3,Sr4CaCo2(SO3)2,mp-aaachohc,2.665764140000002
Mg,Mg0-1CrNiP2O9,CrNiP2O9,MgCrNiP2O9,mp-aaachkmp,3.931689163749998
Li,Li0-2V2Cr(PO4)3,V2Cr(PO4)3,Li2V2Cr(PO4)3,mp-aaabrxoq,2.616126278333329
Li,Li1-2NiCSO7,LiNiCSO7,Li2NiCSO7,mp-aaabrvpp,4.436482293333332
Li,Li3-4CrF6,Li3CrF6,Li4CrF6,mp-aaabfyme,1.630059861666663
Li,Li0-0.5HoAg(WO4)2,HoAg(WO4)2,LiHo2Ag2(WO4)4,mp-aaacqzfd,0.6373623433333411
Li,Li0-3Ni3(PO4)4,Ni3(PO4)4,Li3Ni3(PO4)4,mp-aaaabmwe,5.147823918333334
Ca,Ca0-0.5VO2,VO2,CaV2O4,mp-aaachpta,2.7183687050000023
Mg,Mg0-0.5Mn3(O2F)2,Mn3(O2F)2,MgMn6(O2F)4,mp-aaabrlam,2.510196530000006
Li,Li0-1V2O5,V2O5,LiV2O5,mp-aaabseea,3.6379150808333423
Mg,Mg0-0.5KReO4,KReO4,K2Mg(ReO4)2,mp-aaaaahaz,0.013372324999996
Mg,Mg0-1Ti3Nb(CuO4)3,Ti3Nb(CuO4)3,MgTi3Nb(CuO4)3,mp-aaabrbxd,1.967782009999997
Li,Li0-1SbP2O7,SbP2O7,LiSbP2O7,mp-aaabmyou,4.815684818333343
Li,Li0-1Ti8O13,Ti8O13,LiTi8O13,mp-aaabqvxd,0.53742122333333
Li,Li0.5-1BC,Li(BC)2,LiBC,mp-aaacrosg,2.254960033333337
Li,Li0-1Fe23O32,Fe23O32,LiFe23O32,mp-aaabsedj,4.901250173333328
Li,Li1-3Al2FeO6,LiAl2FeO6,Li3Al2FeO6,mp-aaabqyzd,4.128403602083336
Li,Li2-3Fe(PO3)8,Li2Fe(PO3)8,Li3Fe(PO3)8,mp-aaabnnma,5.642344833333372
Ca,Ca0-1CoP2O7,CoP2O7,CaCoP2O7,mp-aaaczjdr,4.780278013750002
Li,Li0-1V2OF7,V2OF7,LiV2OF7,mp-aaabrfvl,4.522259203333339
Li,Li3-5Cu(PO4)2,Li3Cu(PO4)2,Li5Cu(PO4)2,mp-aaabcsca,3.766329345833331
Li,Li2-4MnCr3O8,Li2MnCr3O8,Li4MnCr3O8,mp-aaabqyaj,3.300581798333337
Li,Li0-1Mn2O3F,Mn2O3F,LiMn2O3F,mp-aaabrrnm,4.049938293333338
Ca,Ca0-1Ba2Ti2CuF14,Ba2Ti2CuF14,Ba2CaTi2CuF14,mp-aaachlwo,2.80697246
Li,Li1-3Ti2(PO4)3,LiTi2(PO4)3,Li3Ti2(PO4)3,mp-aaabsbvn,1.285129602083335
Mg,Mg0-1Mn5O8,Mn5O8,MgMn5O8,mp-aaabqvfs,2.382221435000002
Li,Li0-2Ni4P4O15,Ni4P4O15,Li2Ni4P4O15,mp-aaabhhru,4.44047234333333
Li,Li0-2VF4,VF4,Li2VF4,mp-aaabqxat,3.347107588333334
Li,Li2-4Cr3FeO8,Li2Cr3FeO8,Li4Cr3FeO8,mp-aaabrale,3.740291728333329
Li,Li0-0.5Cu2H4CO5,Cu2H4CO5,LiCu4H8(CO5)2,mp-aaacpwmd,1.972052863333322
Li,Li0-1MnPO4,MnPO4,LiMnPO4,mp-aaabravp,3.840762836666667
Li,Li0-3Ni3(PO4)4,Ni3(PO4)4,Li3Ni3(PO4)4,mp-aaackrmr,5.121817229999999
Mg,Mg0-0.5Mn3(O2F)2,Mn3(O2F)2,MgMn6(O2F)4,mp-aaabqyyc,1.9352908650000031
Li,Li1-5Ni2(PO4)3,LiNi2(PO4)3,Li5Ni2(PO4)3,mp-aaaabncw,4.61391850645833
Mg,Mg0-1Mn6O7F5,Mn6O7F5,MgMn6O7F5,mp-aaabqzmu,2.524815914999995
Li,Li0-4Co3NiO8,Co3NiO8,Li4Co3NiO8,mp-aaabqvnm,3.812674747083332
Mg,Mg0-0.5Ti3N2O3,Ti3N2O3,MgTi6(N2O3)2,mp-aaabwikt,0.435904899999987
Mg,Mg7-149Cd,Mg7Cd,Mg149Cd,mp-aaacfvir,0.014660327887323
Li,Li0-1Mo2P3O13,Mo2P3O13,LiMo2P3O13,mp-aaabhhrc,3.491818433333326
Mg,Mg0-1Ti2P2O9,Ti2P2O9,MgTi2P2O9,mp-aaachlpn,1.141390084999995
Li,Li0-0.67MnPO4,MnPO4,Li2Mn3(PO4)3,mp-aaabrykr,3.588491035833333
Li,Li0-3Mo3(PO4)4,Mo3(PO4)4,Li3Mo3(PO4)4,mp-aaaabnhq,4.034618058888881
Al,Al0-12Re,Re,Al12Re,mp-aaafuptd,0.060625359999999
Li,Li0-2V(CO3)2,V(CO3)2,Li2V(CO3)2,mp-aaabrcpo,3.042650575833332
Zn,Zn0-7Mo,Mo,Zn7Mo,mp-aaaaamuf,0.043870427142857
Li,Li1-5Co2(PO4)3,LiCo2(PO4)3,Li5Co2(PO4)3,mp-aaabxdfj,4.2357706089583385
Zn,Zn0-1Mg(CoS2)4,Mg(CoS2)4,MgZn(CoS2)4,mp-aaadeeqk,0.276768150000002
Li,Li1-2VCoO4,LiVCoO4,Li2VCoO4,mp-aaabqxil,3.704200043333334
Li,Li0-1BaYCu2O5,BaYCu2O5,BaLiYCu2O5,mp-aaachhre,0.105792583333337
Li,Li1.5-3Mn2(PO4)3,Li3Mn4(PO4)6,Li3Mn2(PO4)3,mp-aaabrplr,3.4066562333333312
Li,Li2-4MnFe3O8,Li2MnFe3O8,Li4MnFe3O8,mp-aaabrsfc,3.581336318333332
Li,Li1-2Mn2F7,LiMn2F7,Li2Mn2F7,mp-aaabrgns,4.542527619583329
Li,Li4-1Fe3Co2Ni3O16,Li4Fe3Co2Ni3O16,Li10Fe3Co2Ni3O16,mp-aaabqxas,3.987319799999999
Li,Li0-1Sm3Bi(Ru2O7)2,Sm3Bi(Ru2O7)2,LiSm3Bi(Ru2O7)2,mp-aaacrjor,1.347872483333337
Li,Li0-3.5Mn5Cr3O16,Mn5Cr3O16,Li7Mn10Cr6O32,mp-aaabrwpx,4.561429463333335
Li,Li0-4Ti3Cu3(TeO8)2,Ti3Cu3(TeO8)2,Li4Ti3Cu3(TeO8)2,mp-aaabrhdb,3.652500228333335
Li,Li0-1Na3SbP2O9,Na3SbP2O9,Na3LiSbP2O9,mp-aaabfxje,1.643641445833343
Li,Li6-8VO5F,Li6VO5F,Li8VO5F,mp-aaabrokt,1.232423665833328
Li,Li0-1Ta2CuO6,Ta2CuO6,LiTa2CuO6,mp-aaaewiwb,3.217477353333326
Mg,Mg0-0.5Fe5(O4F)2,Fe5(O4F)2,MgFe10(O4F)4,mp-aaabrajj,2.796571920000009
Li,Li0-4Fe3Co5O16,Fe3Co5O16,Li4Fe3Co5O16,mp-aaabrxcc,3.922357025833325
Li,Li0-1Fe(SiO3)2,Fe(SiO3)2,LiFe(SiO3)2,mp-aaacthpb,5.099306877083326
Li,Li0-1V2OF5,V2OF5,LiV2OF5,mp-aaabqvup,3.080653173333328
Li,Li1-2FeF4,LiFeF4,Li2FeF4,mp-aaabseem,3.307909273333333
Al,Al1.33-1.67NiO4,Al4(NiO4)3,Al5(NiO4)3,mp-aaactaop,3.219907803333335
Li,Li0-1Sn(PO3)4,Sn(PO3)4,LiSn(PO3)4,mp-aaabrcbk,3.09975277833333
Mg,Mg0-1FeAuO2,FeAuO2,MgFeAuO2,mp-aaacesvy,1.113663988749999
Li,Li0-2Ti4Ni(PO5)4,Ti4Ni(PO5)4,Li2Ti4Ni(PO5)4,mp-aaabrpsq,5.059151570833341
Ca,Ca0-1Co(SiO3)2,Co(SiO3)2,CaCo(SiO3)2,mp-aaachhvy,3.824019416249998
Li,Li4-1Ti2Fe3Co3O16,Li4Ti2Fe3Co3O16,Li10Ti2Fe3Co3O16,mp-aaabrevu,2.505873736666666
Li,Li3-4Mn3CoO8,Li3Mn3CoO8,Li4Mn3CoO8,mp-aaacvyhh,3.253045693333338
Mg,Mg0-0.5CoAgO3,CoAgO3,MgCo2(AgO3)2,mp-aaaculrg,2.782204559999994
Li,Li0-1V2CoO6,V2CoO6,LiV2CoO6,mp-aaadayst,2.005938733333331
Y,Y0-0.67TiSiO4,TiSiO4,Y2Ti3(SiO4)3,mp-aaaczqpt,1.3468586347222231
Ca,Ca0-2V2O5,V2O5,Ca2V2O5,mp-aaadcgoi,2.368476171249997
Li,Li0-4Mn3Cr3(SbO8)2,Mn3Cr3(SbO8)2,Li4Mn3Cr3(SbO8)2,mp-aaabrbpe,3.9347235658333273
Li,Li0-4TiFe2Ni3(PO4)6,TiFe2Ni3(PO4)6,Li4TiFe2Ni3(PO4)6,mp-aaabsdym,3.87339455833332
Li,Li4-1Ti2Mn3Ni3O16,Li4Ti2Mn3Ni3O16,Li10Ti2Mn3Ni3O16,mp-aaabrrrr,2.457406735000001
Li,Li0-4Al3Cr3(SbO8)2,Al3Cr3(SbO8)2,Li4Al3Cr3(SbO8)2,mp-aaabrbik,4.556347028333332
Mg,Mg0-1Sb2PbO6,Sb2PbO6,MgSb2PbO6,mp-aaaaberf,0.882781639999998
Mg,Mg0-0.5CrO2,CrO2,MgCr2O4,mp-aaaabcjp,1.944453929999999
Li,Li0-1Ba2SmCoCu2O7,Ba2SmCoCu2O7,Ba2LiSmCoCu2O7,mp-aaacrcsw,0.5860346433333391
Mg,Mg0-0.5MnNiO3,MnNiO3,MgMn2(NiO3)2,mp-aaaabcpn,1.372290660000001
Mg,Mg0-0.5MnO2,MnO2,MgMn2O4,mp-aaadaboj,3.1947088425
Li,Li0-4Mn5Sn(PO4)6,Mn5Sn(PO4)6,Li4Mn5Sn(PO4)6,mp-aaabsbmm,3.344648333333329
Mg,Mg0-1Cr4O9,Cr4O9,MgCr4O9,mp-aaachgpn,2.678430807500004
Li,Li4.25-5Fe(CO3)4,Li17Fe4(CO3)16,Li5Fe(CO3)4,mp-aaabygbr,4.196211706666688
Li,Li0-4Ni3Sn(PO4)4,Ni3Sn(PO4)4,Li4Ni3Sn(PO4)4,mp-aaabsbjd,3.720390370833333
Zn,Zn0-0.5MoPO5,MoPO5,ZnMo2(PO5)2,mp-aaachkqe,0.266689280000001
Li,Li0-3Ge3(MoO6)2,Ge3(MoO6)2,Li3Ge3(MoO6)2,mp-aaaczqfs,3.371984699166674
Li,Li0-1SbP2O7,SbP2O7,LiSbP2O7,mp-aaabfxzd,3.013042998333337
Li,Li0-6Ti3Fe(PO4)6,Ti3Fe(PO4)6,Li6Ti3Fe(PO4)6,mp-aaabsdcm,3.25173819166666
Mg,Mg0-1SrSn(PO4)2,SrSn(PO4)2,SrMgSn(PO4)2,mp-aaachnpw,2.158323139999997
Mg,Mg0-1V5O12,V5O12,MgV5O12,mp-aaabqybj,2.687154595
Li,Li4-9Mn7O16,Li4Mn7O16,Li9Mn7O16,mp-aaabrdfg,3.219012367333333
Mg,Mg0-1Mn2V2O7,Mn2V2O7,MgMn2V2O7,mp-aaaabcig,1.291062975
Li,Li0-1Mo2P3O13,Mo2P3O13,LiMo2P3O13,mp-aaaabmtm,3.826386038333344
Mg,Mg0-0.5MnPO4,MnPO4,MgMn2(PO4)2,mp-aaabrbiq,3.154642464999999
Li,Li0-3MnFeCo(PO4)3,MnFeCo(PO4)3,Li3MnFeCo(PO4)3,mp-aaacoyiz,5.692489526666667
Mg,Mg0-1MnP2O7,MnP2O7,MgMnP2O7,mp-aaaabnzs,2.992671964999997
Y,Y0-4Fe13Si2(SbO14)2,Fe13Si2(SbO14)2,Y4Fe13Si2(SbO14)2,mp-aaacxwuy,4.788002943055552
Mg,Mg0-1MoAsO5,MoAsO5,MgMoAsO5,mp-aaaczvom,2.526862200000001
Li,Li0-2Mn(PO3)5,Mn(PO3)5,Li2Mn(PO3)5,mp-aaabwjae,5.409895708333342
Li,Li1-2VFeO4,LiVFeO4,Li2VFeO4,mp-aaacoylr,2.778103846666664
Li,Li0-2V2OF5,V2OF5,Li2V2OF5,mp-aaabrnhg,2.577372018333332
Zn,Zn1-3Ti,TiZn,TiZn3,mp-aaacfsiw,0.103682094999999
Mg,Mg0-1TiO2,TiO2,MgTiO2,mp-aaaablqf,0.609763135
Mg,Mg0-1Cr(WO4)2,Cr(WO4)2,MgCr(WO4)2,mp-aaachhqh,2.868018504999999
Ca,Ca0-1S,S,CaS,mp-aaabmyvp,3.050573945
Mg,Mg0-1Cr(SiO3)2,Cr(SiO3)2,MgCr(SiO3)2,mp-aaaablis,2.3622539225
Li,Li0-2FeP2O7,FeP2O7,Li2FeP2O7,mp-aaabrpea,3.932408963333327
Li,Li0-1VF5,VF5,LiVF5,mp-aaabrbho,4.551242648333333
Mg,Mg0-1Cr(Si2O5)2,Cr(Si2O5)2,MgCr(Si2O5)2,mp-aaacnapl,3.272950423750001
Mg,Mg0-1MnCd6O8,MnCd6O8,MgMnCd6O8,mp-aaabqvlj,1.7256323025
Ca,Ca0-1V(PO3)4,V(PO3)4,CaV(PO3)4,mp-aaaabwdb,3.817402349999997
Li,Li1-3TiPCO7,LiTiPCO7,Li3TiPCO7,mp-aaaablpq,1.083587045833338
Li,Li0-1CuPO4,CuPO4,LiCuPO4,mp-aaabmhql,4.594594686666672
Ca,Ca0-2Ge,Ge,Ca2Ge,mp-aaacfkfl,0.543238787499999
Ca,Ca0-0.5CrPO5,CrPO5,CaCr2(PO5)2,mp-aaachkqk,4.913819507499998
Mg,Mg0-0.5Al2CrO5,Al2CrO5,MgAl4Cr2O10,mp-aaabqyll,1.941044162499996
Li,Li0-4Mn5V(PO4)6,Mn5V(PO4)6,Li4Mn5V(PO4)6,mp-aaabryfw,3.325250495833335
Li,Li0.5-1CuF3,LiCu2F6,LiCuF3,mp-aaabrdsb,4.283968123333335
Li,Li1-5Mn3(PO4)4,LiMn3(PO4)4,Li5Mn3(PO4)4,mp-aaabrecb,4.291784965833334
Li,Li4-5Mn3Cr2O10,Li4Mn3Cr2O10,Li5Mn3Cr2O10,mp-aaabqyvb,3.382690123333337
Mg,Mg0-0.25VOF2,VOF2,MgV4(OF2)4,mp-aaacvjdk,2.143125644999995
Li,Li0.5-2Co(CO3)2,LiCo2(CO3)4,Li2Co(CO3)2,mp-aaabrejl,4.613743533333333
Mg,Mg0-1CoAgO2,CoAgO2,MgCoAgO2,mp-aaabqvxp,1.337737565
Li,Li0-0.5AlV2O4,AlV2O4,LiAl2V4O8,mp-aaachmra,1.585040253333337
Y,Y0-0.5CuO2,CuO2,Y(CuO2)2,mp-aaabcrsm,3.084350127222221
Ca,Ca0-1HoCr2O6,HoCr2O6,CaHoCr2O6,mp-aaachghd,4.0259643075
Li,Li0-3Mn4NiO8,Mn4NiO8,Li3Mn4NiO8,mp-aaabrbxs,3.228568393333333
Mg,Mg1-2VCr3S8,MgVCr3S8,Mg2VCr3S8,mp-aaacsxsn,1.147462720000004
Li,Li0-4Cr3Co3(TeO8)2,Cr3Co3(TeO8)2,Li4Cr3Co3(TeO8)2,mp-aaabrdhf,3.937513540833333
Li,Li0-1Mo(PO3)4,Mo(PO3)4,LiMo(PO3)4,mp-aaaabmlo,4.444580570833328
Mg,Mg0-0.5SbO2F,SbO2F,MgSb2(O2F)2,mp-aaabqvgr,2.4861823
Ca,Ca0-1Ba(WO2)4,Ba(WO2)4,BaCa(WO2)4,mp-aaachgpy,1.7462369649999971
Zn,Zn0-1La2WO6,La2WO6,La2ZnWO6,mp-aaachgnq,0.093012035000001
Li,Li0-1NbPO5,NbPO5,LiNbPO5,mp-aaabryfd,1.732906935833331
Mg,Mg0-1NiP2O7,NiP2O7,MgNiP2O7,mp-aaaabvvq,4.457155202499995
Ca,Ca0-1V2P2O9,V2P2O9,CaV2P2O9,mp-aaacyvul,3.685840647500003
Ca,Ca0-1Cr(SiO3)2,Cr(SiO3)2,CaCr(SiO3)2,mp-aaaablis,2.952911246249999
Mg,Mg0-0.5V2(OF)3,V2(OF)3,MgV4(OF)6,mp-aaaewaep,2.524719585000004
Ca,Ca0-1MoF5,MoF5,CaMoF5,mp-aaadcawd,4.103958445000003
Ca,Ca0-1Cr2P2O9,Cr2P2O9,CaCr2P2O9,mp-aaachfxu,4.61051377875
Mg,Mg0-0.5Zn(FeO2)2,Zn(FeO2)2,MgZn2(FeO2)4,mp-aaaabzju,0.7522459249999941
Ca,Ca0.5-1CuO2,Ca(CuO2)2,CaCuO2,mp-aaadbocw,2.893473755000001
Li,Li2-3VO3F,Li2VO3F,Li3VO3F,mp-aaabrfyq,3.038589350833331
Li,Li2-4Cr3CoO8,Li2Cr3CoO8,Li4Cr3CoO8,mp-aaabrlfc,3.56566410333333
Ca,Ca0-0.5CrO2,CrO2,CaCr2O4,mp-aaacytxy,3.065292232499998
Li,Li0-4Mn7(PO4)6,Mn7(PO4)6,Li4Mn7(PO4)6,mp-aaabrwce,3.324190938333321
Li,Li0-1Bi(PO3)4,Bi(PO3)4,LiBi(PO3)4,mp-aaaabmkm,5.537404483333337
Mg,Mg0-1HoV2O6,HoV2O6,HoMgV2O6,mp-aaacylkn,2.319858135000001
Ca,Ca0-1Cr4O9,Cr4O9,CaCr4O9,mp-aaachgpn,3.511667595000001
Ca,Ca0-1Ba(MoO2)4,Ba(MoO2)4,BaCa(MoO2)4,mp-aaachqbq,2.283181399999999
Li,Li1-3Sn2P5O16,LiSn2P5O16,Li3Sn2P5O16,mp-aaabmhpt,3.476176095833342
Mg,Mg0-1Cs2MnV2(BrO3)2,Cs2MnV2(BrO3)2,Cs2MgMnV2(BrO3)2,mp-aaabgpiu,0.248407697500003
Li,Li2-3VOF5,Li2VOF5,Li3VOF5,mp-aaabrgti,4.109644583333332
Li,Li1-2Ni(CO3)2,LiNi(CO3)2,Li2Ni(CO3)2,mp-aaabrlmy,4.3980102208333465
Li,Li1-2MnP2O7,LiMnP2O7,Li2MnP2O7,mp-aaabetcr,4.052284408333326
Y,Y0-1WO3,WO3,YWO3,mp-aaaflmlc,0.670976573055554
Li,Li0.67-1NiBO3,Li2Ni3(BO3)3,LiNiBO3,mp-aaacpalo,4.763462073333347
Li,Li1-2CoCSO7,LiCoCSO7,Li2CoCSO7,mp-aaabrzui,4.224635900833339
Li,Li1-2FePCO7,LiFePCO7,Li2FePCO7,mp-aaacoyro,4.688630308333335
Mg,Mg0-0.5FeS2,FeS2,Mg(FeS2)2,mp-aaadbgvo,1.181939082500002
Zn,Zn0-1Fe5O8,Fe5O8,ZnFe5O8,mp-aaacrsdr,2.303984335000003
Mg,Mg0-0.5Ge2BiO6,Ge2BiO6,MgGe4(BiO6)2,mp-aaachitk,2.940580099999995
Mg,Mg0-2Cr2O5,Cr2O5,Mg2Cr2O5,mp-aaadbulq,2.623365987499998
Zn,Zn0-1LaFeWO6,LaFeWO6,LaZnFeWO6,mp-aaachkgt,0.444453600000003
Li,Li1-2.5FePCO7,LiFePCO7,Li5Fe2P2(CO7)2,mp-aaacoysg,4.136623180000001
Li,Li0-8Mn13Cr3O32,Mn13Cr3O32,Li8Mn13Cr3O32,mp-aaabsdth,4.2334136645833365
Mg,Mg0-0.25VO2,VO2,MgV4O8,mp-aaaabfas,1.971360730000005
Li,Li2-3VO3F,Li2VO3F,Li3VO3F,mp-aaabrhxd,2.930213423333332
Li,Li0-1V4OF11,V4OF11,LiV4OF11,mp-aaabrark,2.812121548333327
Zn,Zn0-1MoF5,MoF5,ZnMoF5,mp-aaadamrh,1.477197766249997
Ca,Ca0-1Cr3(P2O7)2,Cr3(P2O7)2,CaCr3(P2O7)2,mp-aaaabmuk,2.640525787499998
Mg,Mg0-1MnV4O12,MnV4O12,MgMnV4O12,mp-aaabqvpo,3.689971454999996
Li,Li1-2VO3,LiVO3,Li2VO3,mp-aaabqxnu,3.272292910833333
Li,Li0.67-1.33CrCoO4,Li2Cr3(CoO4)3,Li4Cr3(CoO4)3,mp-aaabqvyz,3.7742428583333454
Zn,Zn0-1Sn2P2O9,Sn2P2O9,ZnSn2P2O9,mp-aaachlpt,0.1239303025
Li,Li1-2MnP2O7,LiMnP2O7,Li2MnP2O7,mp-aaaabvhg,3.943506073333329
Li,Li0-1VSe2,VSe2,LiVSe2,mp-aaaaabas,1.451843393333331
Mg,Mg0-0.5TmVO4,TmVO4,Tm2MgV2O8,mp-aaaabcfk,0.73569074
Ca,Ca0-1SrNi(PO4)2,SrNi(PO4)2,SrCaNi(PO4)2,mp-aaadqjmm,4.708086977499998
Zn,Zn0-1BaCrF7,BaCrF7,BaZnCrF7,mp-aaachqmc,3.150503507499998
Mg,Mg0-0.17Mn2ZnO4,Mn2ZnO4,MgMn12Zn6O24,mp-aaachglo,1.109344469999979
Ca,Ca0-2Mo3O8,Mo3O8,Ca2Mo3O8,mp-aaadbhef,2.738588607500001
Mg,Mg0-0.5K2HoNb5O15,K2HoNb5O15,K4Ho2MgNb10O30,mp-aaacqyzi,1.005782430000001
Mg,Mg0-1Zn(FeO2)4,Zn(FeO2)4,MgZn(FeO2)4,mp-aaachmus,3.113177125000004
Ca,Ca0-1CrF5,CrF5,CaCrF5,mp-aaadaetb,5.662301613749999
Ca,Ca0-1NiBiP2O9,NiBiP2O9,CaNiBiP2O9,mp-aaachjzx,4.633728616249999
Mg,Mg0-0.5VS2,VS2,Mg(VS2)2,mp-aaadbypi,1.113920517499999
Li,Li2-4Mn2Si3O10,Li2Mn2Si3O10,Li4Mn2Si3O10,mp-aaabrpym,3.345647345833332
Li,Li0-2NiP2O7,NiP2O7,Li2NiP2O7,mp-aaabngta,5.720078012083324
Mg,Mg0-2NdNi2,NdNi2,Nd(Mg10Ni)2,mp-aaaaabzr,0.016723540375
Ca,Ca1-2Sb2S5,CaSb2S5,Ca2Sb2S5,mp-aaaczlob,3.184510907500001
Mg,Mg0-0.5MoS2,MoS2,Mg(MoS2)2,mp-aaadbymz,0.21015821
Mg,Mg0.25-1VO2,MgV4O8,MgVO2,mp-aaadbujf,0.616470996666667
Li,Li2-5MnV3O8,Li2MnV3O8,Li5MnV3O8,mp-aaabsdeq,1.762360661666666
Mg,Mg0-0.5WO3,WO3,Mg(WO3)2,mp-aaabgfry,0.531511259999999
Li,Li3-5Fe2Ni3O10,Li3Fe2Ni3O10,Li5Fe2Ni3O10,mp-aaabqvwv,4.090492618333333
Y,Y0-1MoO3,MoO3,YMoO3,mp-aaadbler,3.218227825555554
Ca,Ca0-0.5BiPO5,BiPO5,CaBi2(PO5)2,mp-aaachjtk,4.224319359999998
Li,Li0-6V3P6WO24,V3P6WO24,Li6V3P6WO24,mp-aaabsdcn,2.8523138683333342
Li,Li0-3Ti(CoO3)2,Ti(CoO3)2,Li3Ti(CoO3)2,mp-aaabqwdq,3.479630436666667
Li,Li0-1MoPO5,MoPO5,LiMoPO5,mp-aaabcseo,3.778906323333335
Li,Li2-3MnF5,Li2MnF5,Li3MnF5,mp-aaabrrma,3.669284325833328
Li,Li0-1P3W2O13,P3W2O13,LiP3W2O13,mp-aaabrrgu,3.454162300833336
Mg,Mg0-1Mn(SbO3)4,Mn(SbO3)4,MgMn(SbO3)4,mp-aaabrbxx,3.099445155000003
Li,Li0-2MnCr(PO4)2,MnCr(PO4)2,Li2MnCr(PO4)2,mp-aaabscmi,3.219440843333335
Mg,Mg0-1W4O9,W4O9,MgW4O9,mp-aaachqio,0.063851037499998
Zn,Zn0-1V2O5,V2O5,V2ZnO5,mp-aaaablin,1.115705684999998
Li,Li0-2.5CoCu(PO4)2,CoCu(PO4)2,Li5Co2Cu2(PO4)4,mp-aaabriqw,3.999562447333328
Li,Li0-4Mn3Cr2Co3O16,Mn3Cr2Co3O16,Li4Mn3Cr2Co3O16,mp-aaabryyt,4.491751610833323
Y,Y0-3Sn,Sn,Y3Sn,mp-aaacgexp,0.110548516666666
Li,Li0-2CrCo(PO4)2,CrCo(PO4)2,Li2CrCo(PO4)2,mp-aaacpbfo,3.569762055833334
Mg,Mg0-1V3OF11,V3OF11,MgV3OF11,mp-aaabqvsb,3.3505082950000022
Mg,Mg0-0.5BaNiO3,BaNiO3,Ba2Mg(NiO3)2,mp-aaaabcmb,0.595345379999998
Y,Y0-1CrO3,CrO3,YCrO3,mp-aaadbccs,3.526427633055554
Li,Li0-1CrP2O7,CrP2O7,LiCrP2O7,mp-aaaabnsw,5.29517127583333
Mg,Mg0-1BaWF7,BaWF7,BaMgWF7,mp-aaachqfp,2.525042998750003
Mg,Mg0-0.5GeWO4,GeWO4,MgGe2(WO4)2,mp-aaabrajg,0.9366345249999992
Ca,Ca0.5-1TiFe(PO4)3,CaTi2Fe2(PO4)6,CaTiFe(PO4)3,mp-aaaczcsn,4.877429975000001
Li,Li0-2P4WO13,P4WO13,Li2P4WO13,mp-aaabqvmo,4.324098218333323
Ca,Ca0-1SrV(PO4)2,SrV(PO4)2,SrCaV(PO4)2,mp-aaachnyz,2.954687726250002
Mg,Mg0-0.5SmMoClO4,SmMoClO4,Sm2MgMo2(ClO4)2,mp-aaabfuxx,1.045369675
Li,Li0-2MnPO4F,MnPO4F,Li2MnPO4F,mp-aaaablpy,4.036170075833337
Y,Y0-0.5CrS2,CrS2,Y(CrS2)2,mp-aaadecog,1.5273116538888891
Li,Li1-2CoSiO4,LiCoSiO4,Li2CoSiO4,mp-aaabsgzl,3.713920558333332
Mg,Mg0-1Ni(PO3)4,Ni(PO3)4,MgNi(PO3)4,mp-aaabnphw,5.070646552500007
Li,Li0-1BiP2O7,BiP2O7,LiBiP2O7,mp-aaabmhnx,4.802757833333335
Ca,Ca0.5-1VO3,CaV2O6,CaVO3,mp-aaacykoe,3.125972364999998
Li,Li0-4Mn5Cr(PO4)6,Mn5Cr(PO4)6,Li4Mn5Cr(PO4)6,mp-aaabrxop,3.460040498333332
Mg,Mg0-0.5Mn3(O2F)2,Mn3(O2F)2,MgMn6(O2F)4,mp-aaabqzgl,2.560392999999995
Ca,Ca0-2Fe9O13,Fe9O13,Ca2Fe9O13,mp-aaacyklg,3.2224751
Li,Li0-4CrCo3O8,CrCo3O8,Li4CrCo3O8,mp-aaabqwrb,3.405803155833333
Mg,Mg0-0.5Sr2Mn2O5,Sr2Mn2O5,Sr4MgMn4O10,mp-aaacjgug,0.8589102700000141
Li,Li0-3Nb4VO12,Nb4VO12,Li3Nb4VO12,mp-aaabqxhd,2.386320643333329
Li,Li0-2V2Cu(PO4)3,V2Cu(PO4)3,Li2V2Cu(PO4)3,mp-aaabrckr,2.782789813333342
Li,Li0.6-0.8CrO2,Li3Cr5O10,Li4Cr5O10,mp-aaabrjqo,3.867568693333346
Mg,Mg0-1Nb2Te4Cl10O,Nb2Te4Cl10O,MgNb2Te4Cl10O,mp-aaabfpyv,1.317127054999997
Li,Li3-5Mn2(PO4)3,Li3Mn2(PO4)3,Li5Mn2(PO4)3,mp-aaabwzoq,3.479499762083326
Li,Li0-1Sb(PO3)4,Sb(PO3)4,LiSb(PO3)4,mp-aaaabnwq,4.992434318333342
Li,Li0-1Ti3Nb(CuO4)3,Ti3Nb(CuO4)3,LiTi3Nb(CuO4)3,mp-aaabrbxd,3.361940703333322
Li,Li1-3P2WO8,LiP2WO8,Li3P2WO8,mp-aaabrczu,2.74946201833333
Mg,Mg0-1Y2Cr3O9,Y2Cr3O9,Y2MgCr3O9,mp-aaadblji,3.21422806499999
Mg,Mg7-149Cr,Mg7Cr,Mg149Cr,mp-aaacfvlm,0.014074193239436
Mg,Mg0-0.25VO2,VO2,MgV4O8,mp-aaabeuxg,1.403951580000002
Li,Li1-2CoSiO4,LiCoSiO4,Li2CoSiO4,mp-aaabrlbk,3.70397912333333
Li,Li2-4Mn5O12,Li2Mn5O12,Li4Mn5O12,mp-aaabreho,4.81353371083333
Li,Li1-3Fe2(PO4)3,LiFe2(PO4)3,Li3Fe2(PO4)3,mp-aaabetlk,4.84617474333334
Ca,Ca0-1.5Sb,Sb,Ca3Sb2,mp-aaaaalmn,0.6398108383333331
Li,Li0-4V3Cr3(SbO8)2,V3Cr3(SbO8)2,Li4V3Cr3(SbO8)2,mp-aaabsesu,3.466022953333333
Mg,Mg0-0.5CuMoO4,CuMoO4,MgCu2(MoO4)2,mp-aaachpzy,2.519591994999996
Li,Li0-1FePO4,FePO4,LiFePO4,mp-aaabrpvg,3.33574072583333
Al,Al0-0.5NiO2,NiO2,Al(NiO2)2,mp-aaaablqa,3.112661836666667
Al,Al0-0.25MoS2,MoS2,Al(MoS2)4,mp-aaadbymz,1.210356843333331
Li,Li0-1Mg2Ni,Mg2Ni,LiMg2Ni,mp-aaacjhlx,0.6131556933333321
Li,Li0-3Cr2P5O16,Cr2P5O16,Li3Cr2P5O16,mp-aaaabmre,3.081063499999994
Mg,Mg0-1NbV3O8,NbV3O8,MgNbV3O8,mp-aaabrabu,1.3657049149999991
Li,Li0-2MnV4NiO12,MnV4NiO12,Li2MnV4NiO12,mp-aaabwkal,2.578682458333337
Li,Li1-2.5MnPCO7,LiMnPCO7,Li5Mn2P2(CO7)2,mp-aaabrtdh,3.742693225000005
Li,Li0-3Mn3CoO8,Mn3CoO8,Li3Mn3CoO8,mp-aaabrztf,3.767608755000001
Mg,Mg0-0.5Cu(SbO3)2,Cu(SbO3)2,MgCu2(SbO3)4,mp-aaaaaiqh,1.213446424999998
Li,Li0-1Ni(PO3)3,Ni(PO3)3,LiNi(PO3)3,mp-aaabqxbw,5.18405965333334
Li,Li0-4Mn3Fe(PO4)4,Mn3Fe(PO4)4,Li4Mn3Fe(PO4)4,mp-aaabrbne,3.715208905833333
Zn,Zn0-1Co5O7,Co5O7,ZnCo5O7,mp-aaachnly,2.681548617499999
Li,Li0-1La4MnO8,La4MnO8,LiLa4MnO8,mp-aaabruly,3.5251575358333342
Li,Li0-4Mn3Fe3(TeO8)2,Mn3Fe3(TeO8)2,Li4Mn3Fe3(TeO8)2,mp-aaabsdwy,3.512807935833334
Li,Li4-5Mn3(SnO5)2,Li4Mn3(SnO5)2,Li5Mn3(SnO5)2,mp-aaabrduy,3.010889218333351
Li,Li0-2.5MnCo(PO4)2,MnCo(PO4)2,Li5Mn2Co2(PO4)4,mp-aaabscwc,3.346500027333336
Y,Y0-1BaTi4O7,BaTi4O7,BaYTi4O7,mp-aaachqpj,1.3000141638888911
Y,Y0.33-0.67Cu(WO4)2,YCu3(WO4)6,Y2Cu3(WO4)6,mp-aaadzgil,4.009528585555546
Mg,Mg0-1V2NiO6,V2NiO6,MgV2NiO6,mp-aaabrawf,2.429027967500002
Mg,Mg0-0.5DyCrO4,DyCrO4,Dy2MgCr2O8,mp-aaaabbti,1.804296390000002
Li,Li0-1BiP2O7,BiP2O7,LiBiP2O7,mp-aaaabniw,4.571734543333339
Li,Li0-2Mn(CO3)2,Mn(CO3)2,Li2Mn(CO3)2,mp-aaabrjox,3.902936863333335
Li,Li1.5-2MnCO5,Li3Mn2(CO5)2,Li2MnCO5,mp-aaabrdxn,4.789042105833322
Li,Li0-8Mn7Nb(PO4)12,Mn7Nb(PO4)12,Li8Mn7Nb(PO4)12,mp-aaabsfba,4.6994655033333474
Li,Li1-2FeP2HO8,LiFeP2HO8,Li2FeP2HO8,mp-aaabrelc,5.147194610833329
Mg,Mg0-0.5Sb2O5,Sb2O5,Mg(Sb2O5)2,mp-aaaaacnp,2.116784759999999
Mg,Mg0-1Ti5NbO12,Ti5NbO12,MgTi5NbO12,mp-aaabreom,0.500017374999989
Li,Li4-5Cr2Ni5O12,Li4Cr2Ni5O12,Li5Cr2Ni5O12,mp-aaabskob,3.912725383333343
Li,Li1-2Fe(SO4)2,LiFe(SO4)2,Li2Fe(SO4)2,mp-aaabskqd,3.908987278333332
Li,Li0-3VCrP2(HO5)2,VCrP2(HO5)2,Li3VCrP2(HO5)2,mp-aaabqwum,3.216157959999998
Li,Li0.5-1MnPO4,LiMn2(PO4)2,LiMnPO4,mp-aaabqwns,4.124118988333355
Li,Li0-1MnF4,MnF4,LiMnF4,mp-aaabeulr,5.613607248333328
Mg,Mg1-3V2(SiO4)3,MgV2(SiO4)3,Mg3V2(SiO4)3,mp-aaacttvv,2.843930415
Li,Li0-1MoP2O7,MoP2O7,LiMoP2O7,mp-aaaabnjs,3.252101548333333
Li,Li0-3Mo3(PO4)4,Mo3(PO4)4,Li3Mo3(PO4)4,mp-aaaabvnk,3.34891097499999
Mg,Mg0-0.5CuH2SeO5,CuH2SeO5,MgCu2H4(SeO5)2,mp-aaaabjlj,1.603484394999999
Li,Li0-1VCuO4,VCuO4,LiVCuO4,mp-aaaablhc,3.7300482533333272
Li,Li0-4Fe5Ni(PO4)6,Fe5Ni(PO4)6,Li4Fe5Ni(PO4)6,mp-aaabrtmj,3.550336818333339
Li,Li0-4Cr3Sn3(SbO8)2,Cr3Sn3(SbO8)2,Li4Cr3Sn3(SbO8)2,mp-aaabrxel,3.038073665833335
Mg,Mg0-1Co(ReO4)2,Co(ReO4)2,MgCo(ReO4)2,mp-aaaabuqe,0.422024130000001
Li,Li2-4Fe(PO4)2,Li2Fe(PO4)2,Li4Fe(PO4)2,mp-aaabreym,4.275677054583331
Mg,Mg0-0.5Zn(CuO2)2,Zn(CuO2)2,MgZn2(CuO2)4,mp-aaachllj,1.970329019999998
Li,Li0-0.25CdTcO3,CdTcO3,LiCd4(TcO3)4,mp-aaacprxy,0.514988933333346
Y,Y0-0.5FeO2,FeO2,Y(FeO2)2,mp-aaadbkav,2.922725842222223
Y,Y0-1CrO3,CrO3,YCrO3,mp-aaadayrm,4.149003968888889
Li,Li0-2V3O7,V3O7,Li2V3O7,mp-aaabrmjb,3.257947202500003
Zn,Zn0-1BaMoF7,BaMoF7,BaZnMoF7,mp-aaachqgb,1.580477531249997
Li,Li3-5Mn2V5O12,Li3Mn2V5O12,Li5Mn2V5O12,mp-aaabrctd,2.465762598333332
Li,Li0-1MnAsO4,MnAsO4,LiMnAsO4,mp-aaabdbol,3.76744912833333
Li,Li0-4Mn2Cr3Sb3O16,Mn2Cr3Sb3O16,Li4Mn2Cr3Sb3O16,mp-aaacoyjv,3.587113140833328
Li,Li0-2MnFe(PO4)2,MnFe(PO4)2,Li2MnFe(PO4)2,mp-aaabrbrn,3.632983723333329
Li,Li0-1Sn2(SO4)3,Sn2(SO4)3,LiSn2(SO4)3,mp-aaabrtmp,2.54129316333334
Mg,Mg0-1Co5SbO12,Co5SbO12,MgCo5SbO12,mp-aaabqwca,1.898882149999995
Ca,Ca0-2Ta2CrO8,Ta2CrO8,Ca2Ta2CrO8,mp-aaachobm,3.740271203749997
Li,Li0-1Ni2P3O10,Ni2P3O10,LiNi2P3O10,mp-aaaabljx,5.268361598333333
Ca,Ca1-2.5CoN2,CaCoN2,Ca5(CoN2)2,mp-aaaczlai,1.58534419125
Zn,Zn1.5-2BiPO6,Zn3Bi2(PO6)2,Zn2BiPO6,mp-aaaczfcl,2.673041447500005
Li,Li0-4Mn2Cr3Co3O16,Mn2Cr3Co3O16,Li4Mn2Cr3Co3O16,mp-aaacoyku,4.009209343333336
Ca,Ca0.5-1FeF5,CaFe2F10,CaFeF5,mp-aaacysjp,6.242252670000002
Ca,Ca0-5Mg,Mg,Ca5Mg,mp-aaacicbs,0.019097951999999
Li,Li0-1V(PO3)4,V(PO3)4,LiV(PO3)4,mp-aaaabwcj,4.284778378333304
Mg,Mg0-1CrP2O7,CrP2O7,MgCrP2O7,mp-aaaabnsw,3.263454587499997
Li,Li0-1CoPO4,CoPO4,LiCoPO4,mp-aaabngqh,4.403851713333336
Li,Li0-2Cr5(Si2O7)2,Cr5(Si2O7)2,Li2Cr5(Si2O7)2,mp-aaabrcev,2.976786365833338
Li,Li0-5MnCr3O8,MnCr3O8,Li5MnCr3O8,mp-aaabrghv,3.046982229333333
Ca,Ca0-1Ba(SbO2)4,Ba(SbO2)4,BaCa(SbO2)4,mp-aaachplu,2.347176469999996
Li,Li3-5Mn2Ni5O12,Li3Mn2Ni5O12,Li5Mn2Ni5O12,mp-aaabreok,3.887119683333329
Mg,Mg0-1Mn5Cr2O12,Mn5Cr2O12,MgMn5Cr2O12,mp-aaabrafi,2.765363914999999
Li,Li0-1Cr(SiO3)2,Cr(SiO3)2,LiCr(SiO3)2,mp-aaaablis,4.483505285833336
Li,Li0-2Co21O40,Co21O40,Li20Co21O40,mp-aaabwjli,3.631684728833334
Mg,Mg0-1Ho(SbO3)2,Ho(SbO3)2,HoMg(SbO3)2,mp-aaachfqd,1.302135482500003
Li,Li1-1.75Ca2Nb3O10,LiCa2Nb3O10,Li7Ca8Nb12O40,mp-aaabrqpj,1.978938180000004
Mg,Mg0-1DyCu(WO4)2,DyCu(WO4)2,DyMgCu(WO4)2,mp-aaacpfzg,1.353518355000002
Zn,Zn0-0.5W2O3,W2O3,Zn(W2O3)2,mp-aaadabsw,0.459906085
Zn,Zn0-3Ni3(AsO4)4,Ni3(AsO4)4,Zn3Ni3(AsO4)4,mp-aaacyzjd,2.954942934166669
Ca,Ca0.5-1TiF5,CaTi2F10,CaTiF5,mp-aaadcjgj,2.371252784999998
Li,Li0-2Cr(CoO3)2,Cr(CoO3)2,Li2Cr(CoO3)2,mp-aaabqzbg,3.843018160833328
Li,Li7-12Fe5O16,Li7Fe5O16,Li12Fe5O16,mp-aaacoyyt,3.625505245333333
Li,Li0-1V4OF11,V4OF11,LiV4OF11,mp-aaabqybt,2.9457807433333203
Mg,Mg0-0.5TlCoO3,TlCoO3,MgTl2(CoO3)2,mp-aaabraau,2.195377694999995
Li,Li0-1Nb2Te4Cl10O,Nb2Te4Cl10O,LiNb2Te4Cl10O,mp-aaabfpyv,2.519474983333329
Mg,Mg0-0.5Bi2MoO6,Bi2MoO6,MgBi4(MoO6)2,mp-aaabfpzm,1.165383355000007
Mg,Mg0-0.5Cu(RhO2)2,Cu(RhO2)2,MgCu2(RhO2)4,mp-aaaaagnp,0.8673238750000011
Zn,Zn0-0.25VO2,VO2,V4ZnO8,mp-aaaborpw,0.614312414999993
Li,Li0-1Na2SrVP2O9,Na2SrVP2O9,Na2SrLiVP2O9,mp-aaabfqjo,1.436019345833334
Al,Al0-1Ba2TlFe2O7,Ba2TlFe2O7,Ba2AlTlFe2O7,mp-aaachnvy,1.559721876666664
Mg,Mg0-1V(CO3)2,V(CO3)2,MgV(CO3)2,mp-aaabrcpo,2.2192136
Li,Li1-3Cr(Si2O5)3,LiCr(Si2O5)3,Li3Cr(Si2O5)3,mp-aaabwkfb,3.866116679583332
Li,Li0-1CrS2,CrS2,LiCrS2,mp-aaabqzgp,2.403157863333331
Zn,Zn0-1PrTi2O6,PrTi2O6,PrTi2ZnO6,mp-aaachlbf,0.832623765000001
Ca,Ca0-1Co5O7,Co5O7,CaCo5O7,mp-aaachnly,2.6437496875
Mg,Mg0-0.5NbGaO4,NbGaO4,MgNb2(GaO4)2,mp-aaaaalgj,0.290578264999998
Mg,Mg0-1VBr2O,VBr2O,MgVBr2O,mp-aaaabozx,1.32073573
Mg,Mg7-149V,Mg7V,Mg149V,mp-aaacfvkk,0.014197351901408
Li,Li0-1Nb(PO3)4,Nb(PO3)4,LiNb(PO3)4,mp-aaabrcbj,2.737482648333331
Li,Li1-2Cu(PO3)4,LiCu(PO3)4,Li2Cu(PO3)4,mp-aaabrche,4.407747668333319
Zn,Zn0-0.5FeO2,FeO2,Zn(FeO2)2,mp-aaaczcsu,2.553742007499999
Y,Y0.47-0.5Ni,Y15Ni32,YNi2,mp-aaacqhqw,0.066707858888873
Li,Li1-5Mn7O12,LiMn7O12,Li5Mn7O12,mp-aaabqwgo,2.8579076608333382
Y,Y0-0.5NiO2,NiO2,Y(NiO2)2,mp-aaaablqa,3.280958553888889
Mg,Mg0-0.5TiZnSiO5,TiZnSiO5,MgTi2Zn2(SiO5)2,mp-aaachofo,0.041965859999995
Ca,Ca0-1SrFe(PO4)2,SrFe(PO4)2,SrCaFe(PO4)2,mp-aaachobq,4.053555424999994
Li,Li0-1NiP2O7,NiP2O7,LiNiP2O7,mp-aaaabmue,5.193559003333324
Li,Li0-5VCr3O8,VCr3O8,Li5VCr3O8,mp-aaacsyph,2.794746761333332
Li,Li0-2CoPHO5,CoPHO5,Li2CoPHO5,mp-aaabqzff,4.050468950833328
Ca,Ca0-1LaCrCoO6,LaCrCoO6,CaLaCrCoO6,mp-aaachfse,3.361655989999998
Li,Li0-1Sn6P7O24,Sn6P7O24,LiSn6P7O24,mp-aaabmxxt,3.871429943333287
Mg,Mg0-0.25CrPbO4,CrPbO4,MgCr4(PbO4)4,mp-aaaabcik,1.713941205000002
Li,Li0-1VPO5,VPO5,LiVPO5,mp-aaackqoo,3.161477798333334
Mg,Mg0-0.5Fe2TeO6,Fe2TeO6,MgFe4(TeO6)2,mp-aaaabfsn,0.934138370000004
Ca,Ca0-1Sn2P2O9,Sn2P2O9,CaSn2P2O9,mp-aaachlpt,2.507203642500005
Li,Li0-1VF4,VF4,LiVF4,mp-aaabwkuj,4.339818750833335
Li,Li0-1Rb2MoBr6,Rb2MoBr6,Rb2LiMoBr6,mp-aaacqprh,2.080080543333328
Y,Y0-1Ba2Sb3O8,Ba2Sb3O8,Ba2YSb3O8,mp-aaachhsf,1.163629222222224
Li,Li0-1AuC2,AuC2,LiAuC2,mp-aaacrczu,3.71962168333333
Mg,Mg0-1Ba2TbBiO6,Ba2TbBiO6,Ba2TbMgBiO6,mp-aaabfkwd,0.13660131
Li,Li2-3MnBPO7,Li2MnBPO7,Li3MnBPO7,mp-aaabrxpa,3.607138743333327
Li,Li1-3Fe(Si2O5)3,LiFe(Si2O5)3,Li3Fe(Si2O5)3,mp-aaabsdoo,4.541901675833334
Li,Li0-3V4(OF3)3,V4(OF3)3,Li3V4(OF3)3,mp-aaabsfxu,2.920530183333335
Li,Li0-1Mn(CO3)2,Mn(CO3)2,LiMn(CO3)2,mp-aaabqxkm,4.428726200833343
Y,Y0-0.5Sb,Sb,YSb2,mp-aaaaaadc,0.5347299388888881
Li,Li0-1Cr2(SO4)3,Cr2(SO4)3,LiCr2(SO4)3,mp-aaabrtmq,2.671860050833335
Mg,Mg0-1Cr3CuO8,Cr3CuO8,MgCr3CuO8,mp-aaabfbtj,2.022468749999999
Mg,Mg0-0.5GdVO4,GdVO4,Gd2MgV2O8,mp-aaaabgpc,0.8059969249999991
Li,Li0-1VOF3,VOF3,LiVOF3,mp-aaabrggd,4.096341103333335
Zn,Zn0-1Cr2P2O9,Cr2P2O9,ZnCr2P2O9,mp-aaachfxu,2.061072543750001
Li,Li0-2Mo2P2O11,Mo2P2O11,Li2Mo2P2O11,mp-aaacrncj,3.085521598333334
Li,Li0-9Mn21O40,Mn21O40,Li9Mn21O40,mp-aaabrpwn,3.228756005555553
Mg,Mg0-0.5Fe2O3F,Fe2O3F,MgFe4(O3F)2,mp-aaabraft,3.212300235999994
Li,Li0.5-1CuCO3,LiCu2(CO3)2,LiCuCO3,mp-aaabrhbu,2.9474720533333323
Ca,Ca0-0.5BaVSi2O7,BaVSi2O7,Ba2CaV2(Si2O7)2,mp-aaacpsxx,0.592892980000004
Li,Li0-1Fe7(OF3)3,Fe7(OF3)3,LiFe7(OF3)3,mp-aaabsliw,3.197354023333337
Al,Al0-1Ba2Cr3O8,Ba2Cr3O8,Ba2AlCr3O8,mp-aaachqmm,1.845013733333334
Mg,Mg0-0.5MnTlO3,MnTlO3,MgMn2Tl2O6,mp-aaabrstc,0.467464984999996
Mg,Mg0-1Mn4ZnS8,Mn4ZnS8,MgMn4ZnS8,mp-aaadaube,0.8914367299999991
Zn,Zn0-1WF5,WF5,ZnWF5,mp-aaadawpi,0.7077383124999981
Li,Li0-4FeCo3(PO4)4,FeCo3(PO4)4,Li4FeCo3(PO4)4,mp-aaabrxym,4.122311360833334
Zn,Zn0-1Cu3(P2O7)2,Cu3(P2O7)2,ZnCu3(P2O7)2,mp-aaabmhsr,1.620726087499996
Li,Li2-3Ni(PO4)2,Li2Ni(PO4)2,Li3Ni(PO4)2,mp-aaabesxn,4.980682230833343
Mg,Mg0-0.5Fe2S3,Fe2S3,Mg(Fe2S3)2,mp-aaaccfdf,0.334565539999997
Ca,Ca0-1FeNiP2O9,FeNiP2O9,CaFeNiP2O9,mp-aaachjvf,5.092517453750001
Ca,Ca0-1BaMn4O8,BaMn4O8,BaCaMn4O8,mp-aaachgkm,3.625333020000001
Mg,Mg0-1CrPtO2,CrPtO2,MgCrPtO2,mp-aaabqzsy,0.9328962737499972
Li,Li0-2V(SO4)2,V(SO4)2,Li2V(SO4)2,mp-aaabwikh,3.681827723333332
Ca,Ca0-0.5Cu2O3,Cu2O3,Ca(Cu2O3)2,mp-aaachooi,3.797781760000002
Li,Li1-4Mn3OF8,LiMn3OF8,Li4Mn3OF8,mp-aaabrfxf,3.625441481666664
Ca,Ca0-3Si3(WO6)2,Si3(WO6)2,Ca3Si3(WO6)2,mp-aaacnbqt,2.5434768395833323
Mg,Mg0-1V4O5F7,V4O5F7,MgV4O5F7,mp-aaackrar,2.360092235
Li,Li0-1V3OF11,V3OF11,LiV3OF11,mp-aaabwipf,4.063836243333331
Mg,Mg0-0.5Cr3O8,Cr3O8,MgCr6O16,mp-aaaewivk,3.620888520000012
Li,Li0-1FeWClO4,FeWClO4,LiFeWClO4,mp-aaabfrjv,3.3897662183333392
Ca,Ca0-3In,In,Ca3In,mp-aaacicde,0.151183811666666
Mg,Mg0-1Co5O8,Co5O8,MgCo5O8,mp-aaabrilj,2.644927150000005
Li,Li0-2MnPO4F,MnPO4F,Li2MnPO4F,mp-aaabxacc,4.12730612708333
Li,Li0-4Fe2Co3Sb3O16,Fe2Co3Sb3O16,Li4Fe2Co3Sb3O16,mp-aaacpber,3.776648810833333
Y,Y0-1Ba2V2F11,Ba2V2F11,Ba2YV2F11,mp-aaachfqk,2.607194871111107
Mg,Mg0-0.5Co2O3,Co2O3,Mg(Co2O3)2,mp-aaachjnm,3.335308070000001
Mg,Mg0-1MnV4O12,MnV4O12,MgMnV4O12,mp-aaabreeo,2.987367149999987
Li,Li0.2-1NiO2,Li(NiO2)5,LiNiO2,mp-aaacrped,3.876486978333333
Y,Y0.33-0.67CuO2,Y(CuO2)3,Y2(CuO2)3,mp-aaadacig,4.019848568888888
Mg,Mg0-0.5CrO3,CrO3,MgCr2O6,mp-aaabdbbp,2.6595335349999982
Y,Y0-1Mo(WO4)2,Mo(WO4)2,YMo(WO4)2,mp-aaachgta,2.459523288888886
Zn,Zn0-0.5CuMoO4,CuMoO4,ZnCu2(MoO4)2,mp-aaachpzy,1.012876124999998
Mg,Mg0-0.5MnO2,MnO2,MgMn2O4,mp-aaabqzwh,1.895922859999999
Mg,Mg0-1Mn6O7F5,Mn6O7F5,MgMn6O7F5,mp-aaabrfxa,2.587555415000001
Mg,Mg0-0.5Fe2NiO4,Fe2NiO4,MgFe4(NiO4)2,mp-aaaacarc,0.072074640000001
Ca,Ca0-1VFe(P2O7)2,VFe(P2O7)2,CaVFe(P2O7)2,mp-aaabrrru,3.679423537500002
Li,Li1-3V(PO4)2,LiV(PO4)2,Li3V(PO4)2,mp-aaabrrou,3.9467562133333343
Li,Li0-1MnP2O7,MnP2O7,LiMnP2O7,mp-aaaabnzs,4.879427273333339
Mg,Mg0-1La3Ti3CrO12,La3Ti3CrO12,La3MgTi3CrO12,mp-aaabqzlg,0.462369778749992
Mg,Mg0-1CuPO4,CuPO4,MgCuPO4,mp-aaabetge,2.331127760000002
Li,Li2-3Fe(BO3)2,Li2Fe(BO3)2,Li3Fe(BO3)2,mp-aaabrpvh,4.390224110833334
Li,Li0-4V5(P3O11)2,V5(P3O11)2,Li4V5(P3O11)2,mp-aaabrrdn,2.199291855833327
Zn,Zn0-1Ti2Al,Ti2Al,Ti2AlZn,mp-aaacfkgf,0.8874231600000011
Mg,Mg0-1Sn2P2O9,Sn2P2O9,MgSn2P2O9,mp-aaachlpt,1.608138219999998
Li,Li0-3MnVP2(O4F)2,MnVP2(O4F)2,Li3MnVP2(O4F)2,mp-aaabsfmm,3.725089764999997
Al,Al0-1Sr2YMn2O7,Sr2YMn2O7,Sr2YMn2AlO7,mp-aaachpin,2.427652671666666
Mg,Mg0-1MnV4CoO12,MnV4CoO12,MgMnV4CoO12,mp-aaabrbrh,1.660637744999992
Mg,Mg0-0.5Zn(CoS2)2,Zn(CoS2)2,MgZn2(CoS2)4,mp-aaachmmx,0.747876049999999
Li,Li1-2.5FePCO7,LiFePCO7,Li5Fe2P2(CO7)2,mp-aaabrtar,4.105291463333329
Ca,Ca0-0.5CoO2,CoO2,Ca(CoO2)2,mp-aaabrbbs,3.148818794999999
Mg,Mg0-1BaMn4O8,BaMn4O8,BaMgMn4O8,mp-aaachgkm,3.079216220000003
Mg,Mg0-1V2CoO6,V2CoO6,MgV2CoO6,mp-aaaabcot,1.806546637499995
Li,Li0-0.5ScAgO2,ScAgO2,LiSc2(AgO2)2,mp-aaaaaqhy,1.316682863333338
Li,Li0-1VOF3,VOF3,LiVOF3,mp-aaabrfwf,4.461479440833334
Li,Li3-3.5Fe2(PO4)3,Li3Fe2(PO4)3,Li7Fe4(PO4)6,mp-aaabrzcs,3.079887863333288
Li,Li1-2NiP2O7,LiNiP2O7,Li2NiP2O7,mp-aaaabmsg,6.065936645833337
Mg,Mg0-0.5AgBiO3,AgBiO3,MgAg2(BiO3)2,mp-aaaabivs,2.477958845
Li,Li3-5.5Mn3O8,Li3Mn3O8,Li11Mn6O16,mp-aaabrvyu,2.866596321333331
Li,Li0-3Mn5OF11,Mn5OF11,Li3Mn5OF11,mp-aaabqxql,3.779215990000005
Li,Li1-2NiSnO4,LiNiSnO4,Li2NiSnO4,mp-aaabrbnp,3.418978985833331
Li,Li1-3TiV2O6,LiTiV2O6,Li3TiV2O6,mp-aaabwizz,2.249222745833333
Li,Li0-3Mn3TeO8,Mn3TeO8,Li3Mn3TeO8,mp-aaabryvd,3.196099295
Ca,Ca0-1TiCr(PO4)3,TiCr(PO4)3,CaTiCr(PO4)3,mp-aaachkyo,4.70352962499999
Li,Li0-2Fe4OF8,Fe4OF8,Li2Fe4OF8,mp-aaabqyld,3.590762195833332
Li,Li1-4VTe(WO6)2,LiVTe(WO6)2,Li4VTe(WO6)2,mp-aaabqvya,3.202911608333328
Li,Li0-7V4P9O32,V4P9O32,Li7V4P9O32,mp-aaabocxs,4.106068513333336
Li,Li0-1TiO2,TiO2,LiTiO2,mp-aaaabljq,1.8364684058333312
Li,Li2-4MnF6,Li2MnF6,Li4MnF6,mp-aaabqvvc,4.014909765
Li,Li0-1CoF3,CoF3,LiCoF3,mp-aaacpbgb,4.648034383333333
Li,Li0-2Cr3TeO8,Cr3TeO8,Li2Cr3TeO8,mp-aaabrvip,3.569911663333333
Li,Li0-7V3Ni(PO4)6,V3Ni(PO4)6,Li7V3Ni(PO4)6,mp-aaabsbyf,3.478982757619044
Li,Li0-1FePO4,FePO4,LiFePO4,mp-aaabrpuo,3.313778293333333
Li,Li3-5Fe5(CoO6)2,Li3Fe5(CoO6)2,Li5Fe5(CoO6)2,mp-aaabranj,3.357821203333335
Li,Li0-1Cu4(PO4)3,Cu4(PO4)3,LiCu4(PO4)3,mp-aaabmhul,3.825006468333346
Li,Li1.5-2.5FePCO7,Li3Fe2P2(CO7)2,Li5Fe2P2(CO7)2,mp-aaabrsxx,3.731561593333343
Li,Li0-2VPO4F,VPO4F,Li2VPO4F,mp-aaackwli,2.813267343333334
Li,Li0-2MnNi(PO4)2,MnNi(PO4)2,Li2MnNi(PO4)2,mp-aaabsctk,4.259741828333337
Li,Li0-2Nb2(PO4)3,Nb2(PO4)3,Li2Nb2(PO4)3,mp-aaaaazne,1.370884925833342
Mg,Mg0-0.5CrO2,CrO2,MgCr2O4,mp-aaachptz,3.196348977500002
Li,Li0-2VP2O7,VP2O7,Li2VP2O7,mp-aaaabnoa,2.780152095833334
Zn,Zn0-3Ca,Ca,CaZn3,mp-aaacpirn,0.097300493333333
Mg,Mg0-1MnO2,MnO2,MgMnO2,mp-aaaabcpi,2.1370615775
Li,Li0-1Sn(PO3)4,Sn(PO3)4,LiSn(PO3)4,mp-aaabrcol,3.256758358333319
Li,Li4-5Mn2Co3O10,Li4Mn2Co3O10,Li5Mn2Co3O10,mp-aaabshpq,2.359776373333322
Li,Li1-2Co(PO3)4,LiCo(PO3)4,Li2Co(PO3)4,mp-aaabpmpr,5.140374305833323
Li,Li0-1Mn2PO5,Mn2PO5,LiMn2PO5,mp-aaabrvwc,2.386426878333329
Mg,Mg0-0.33MnO2,MnO2,MgMn3O6,mp-aaabkrla,2.489175994999999
Li,Li1-2TiVO4,LiTiVO4,Li2TiVO4,mp-aaabrukz,1.837429213333334
Li,Li0-1Fe(SeO3)2,Fe(SeO3)2,LiFe(SeO3)2,mp-aaaabljp,5.054418733333333
Mg,Mg0-0.5CoO2,CoO2,Mg(CoO2)2,mp-aaaczfbx,3.187598672499999
Mg,Mg0-1FeCu5S4,FeCu5S4,MgFeCu5S4,mp-aaabrhsm,0.305461235
Al,Al0-0.5MnS2,MnS2,Mn2AlS4,mp-aaadawjk,0.466876891666667
Li,Li0-3Fe5OF11,Fe5OF11,Li3Fe5OF11,mp-aaacpazj,3.129595030000004
Zn,Zn0-2Mg(CoS2)4,Mg(CoS2)4,MgZn2(CoS2)4,mp-aaadcazz,0.24022656
Mg,Mg0-1NaFe5O8,NaFe5O8,NaMgFe5O8,mp-aaabrgfu,1.173073355000004
Li,Li0-3V4(OF3)3,V4(OF3)3,Li3V4(OF3)3,mp-aaabsiej,2.950748483333328
Li,Li0-2FeSiO4,FeSiO4,Li2FeSiO4,mp-aaacpuyu,3.9825005970833343
Mg,Mg0-0.5TaReO6,TaReO6,MgTa2(ReO6)2,mp-aaadcfxj,2.001170550000002
Li,Li2-5Cr3NiO8,Li2Cr3NiO8,Li5Cr3NiO8,mp-aaacpark,2.830299709166667
Mg,Mg0-0.5Sm2Mo2O7,Sm2Mo2O7,Sm4Mg(Mo2O7)2,mp-aaabfori,0.467715189999997
Li,Li0-13Co15O28,Co15O28,Li13Co15O28,mp-aaabrqdt,3.387363767179487
Li,Li0-1Bi(PdO2)2,Bi(PdO2)2,LiBi(PdO2)2,mp-aaaablhh,4.135455683333338
Li,Li0.33-1CuCO3,LiCu3(CO3)3,LiCuCO3,mp-aaabrdwp,3.018798304999993
Mg,Mg0-1LaCrMoO6,LaCrMoO6,LaMgCrMoO6,mp-aaachfqx,4.383681084999996
Zn,Zn0-1VNiP2O9,VNiP2O9,VZnNiP2O9,mp-aaacywjg,1.953906716250003
Li,Li0.5-2FeCoO4,LiFe2(CoO4)2,Li2FeCoO4,mp-aaacoytm,3.290969179999999
Ca,Ca0-2Cr2O5,Cr2O5,Ca2Cr2O5,mp-aaadbulq,3.379347290000001
Li,Li0-3Cr3(CoO6)2,Cr3(CoO6)2,Li3Cr3(CoO6)2,mp-aaabxabl,3.681102613333341
Y,Y0-1Ba2V3O8,Ba2V3O8,Ba2YV3O8,mp-aaachqma,2.55645675222222
Mg,Mg0-1V3SnO8,V3SnO8,MgV3SnO8,mp-aaabshxh,1.60787109
Li,Li0-1K2CrF6,K2CrF6,K2LiCrF6,mp-aaacqyvm,5.506705943333333
Li,Li0-1SrLa3MnO8,SrLa3MnO8,SrLiLa3MnO8,mp-aaabqwtu,4.52768294833334
Li,Li0-3Cr2(GeO4)3,Cr2(GeO4)3,Li3Cr2(GeO4)3,mp-aaacxrav,5.020352822499996
Li,Li0-1Fe7O7F,Fe7O7F,LiFe7O7F,mp-aaacpazm,3.125666943333333
Zn,Zn0-1Ca2Rh,Ca2Rh,Ca2ZnRh,mp-aaacimys,0.196732304999999
Ca,Ca0-2Mo2O5,Mo2O5,Ca2Mo2O5,mp-aaadcfjt,2.049060678750002
Mg,Mg0-0.5Co(CO3)2,Co(CO3)2,MgCo2(CO3)4,mp-aaabqvte,3.366704015
Mg,Mg0-1TiNbO4,TiNbO4,MgTiNbO4,mp-aaabqzic,0.420393014999999
Zn,Zn0-3Si3(WO6)2,Si3(WO6)2,Zn3Si3(WO6)2,mp-aaacnbqt,0.083866341666666
Ca,Ca0-1VP2O7,VP2O7,CaVP2O7,mp-aaaabmgg,3.275076897500002
Li,Li1-2VF6,LiVF6,Li2VF6,mp-aaabqwtj,4.201744988333336
Li,Li0-2V4CrCuO12,V4CrCuO12,Li2V4CrCuO12,mp-aaabrbbn,2.592849188333335
Li,Li0.5-1VSiO4,LiV2(SiO4)2,LiVSiO4,mp-aaabraud,3.902004828333337
Mg,Mg0-0.5NiO2,NiO2,Mg(NiO2)2,mp-aaaczxuy,3.461009657500001
Mg,Mg0-0.5Zn(FeO2)2,Zn(FeO2)2,MgZn2(FeO2)4,mp-aaaabytc,0.437959360000005
Li,Li2-3VO3F,Li2VO3F,Li3VO3F,mp-aaabrgox,2.888693448333332
Al,Al0-1Ba2Cr3O7,Ba2Cr3O7,Ba2AlCr3O7,mp-aaachrcl,1.541180430000004
Li,Li0-1CuCO3,CuCO3,LiCuCO3,mp-aaabrejv,3.293678609999997
Mg,Mg0-1TlV4FeS8,TlV4FeS8,MgTlV4FeS8,mp-aaackwgq,0.242958104999997
Mg,Mg0-1V3(OF)4,V3(OF)4,MgV3(OF)4,mp-aaabrglf,2.962810795
Li,Li0-1V2(OF)3,V2(OF)3,LiV2(OF)3,mp-aaabrmhz,3.344771296666676
Li,Li0-3MnFeCo(PO4)3,MnFeCo(PO4)3,Li3MnFeCo(PO4)3,mp-aaabrgjt,3.915466160000008
Li,Li0-0.5BaVSi2O7,BaVSi2O7,Ba2LiV2(Si2O7)2,mp-aaacpsxx,0.8567181233333411
Li,Li0-1FePO4,FePO4,LiFePO4,mp-aaaabnqm,3.400948843333336
Ca,Ca0.5-1Ba2V2CuF14,Ba4CaV4Cu2F28,Ba2CaV2CuF14,mp-aaaczcsj,4.18695276
Li,Li3-4MnV(PO4)3,Li3MnV(PO4)3,Li4MnV(PO4)3,mp-aaabsbkr,3.4087186483333523
Mg,Mg0-0.5CuSeO4,CuSeO4,MgCu2(SeO4)2,mp-aaabfnrx,1.9164317249999991
Li,Li0-1V2OF5,V2OF5,LiV2OF5,mp-aaabsixp,2.989419333333334
Li,Li0-1Na5Fe2P2(CO7)2,Na5Fe2P2(CO7)2,Na5LiFe2P2(CO7)2,mp-aaabruhs,2.913314633333333
Mg,Mg0-0.12FeO2,FeO2,Mg(FeO2)8,mp-aaacqper,2.474590414999999
Li,Li0-7Ti12Fe5O32,Ti12Fe5O32,Li7Ti12Fe5O32,mp-aaabrznu,3.136112813333329
Li,Li0-1V6F13,V6F13,LiV6F13,mp-aaabrgng,2.17403118833332
Li,Li1-2CoCO4,LiCoCO4,Li2CoCO4,mp-aaabrdwy,3.481595108333334
Li,Li0-4Co3Ni(PO4)4,Co3Ni(PO4)4,Li4Co3Ni(PO4)4,mp-aaabscxn,4.490021620833336
Ca,Ca0-1Ti4(FeO4)3,Ti4(FeO4)3,CaTi4(FeO4)3,mp-aaacybwb,3.735736912500004
Li,Li0-4Ti3Cr3(SbO8)2,Ti3Cr3(SbO8)2,Li4Ti3Cr3(SbO8)2,mp-aaabrwjr,3.080378533333335
Mg,Mg0-0.5Co2SbO6,Co2SbO6,MgCo4(SbO6)2,mp-aaabwwww,2.5225979600000032
Li,Li0-2NbV3O8,NbV3O8,Li2NbV3O8,mp-aaackrjl,3.13650689333333
Mg,Mg0-0.2VO2,VO2,MgV5O10,mp-aaabwirn,1.956322990000001
Y,Y0-1BaFe4O7,BaFe4O7,BaYFe4O7,mp-aaachqwt,2.814671310555555
Ca,Ca0-0.5NiO2,NiO2,Ca(NiO2)2,mp-aaaczxuy,3.9850832424999982
Ca,Ca0-0.2Mg,Mg,CaMg5,mp-aaacsyym,0.376791999999999
Li,Li2-8Zr7Fe(PO4)12,Li2Zr7Fe(PO4)12,Li8Zr7Fe(PO4)12,mp-aaabrfwd,3.041144999999995
Ca,Ca0-1Cr2CuO7,Cr2CuO7,CaCr2CuO7,mp-aaachhcj,3.688089409166667
Li,Li0-1CrP2O7,CrP2O7,LiCrP2O7,mp-aaaabnfa,4.636678618333325
Li,Li0-2Mn3VO8,Mn3VO8,Li2Mn3VO8,mp-aaabrwzz,3.545538465833329
Li,Li0-2NiSn(PO4)2,NiSn(PO4)2,Li2NiSn(PO4)2,mp-aaabrdek,2.506699007083338
Ca,Ca0-1BaFe4O7,BaFe4O7,BaCaFe4O7,mp-aaachqwt,3.39901344
Li,Li3-5Sb2P5O18,Li3Sb2P5O18,Li5Sb2P5O18,mp-aaaabnio,3.589833520833328
Li,Li0-0.67CoO2,CoO2,Li2(CoO2)3,mp-aaabqyls,4.300732415833328
Ca,Ca0-1CrF5,CrF5,CaCrF5,mp-aaadazwp,5.7027806325000014
Mg,Mg0-1Ba2Y(CuO2)4,Ba2Y(CuO2)4,Ba2YMg(CuO2)4,mp-aaaaakbe,0.488914034999997
Li,Li0-2MgSn,MgSn,Li2MgSn,mp-aaackgrw,0.7578930733333331
Li,Li0-3Fe5OF11,Fe5OF11,Li3Fe5OF11,mp-aaacpazi,3.516374020000005
Li,Li0-3P5(WO6)4,P5(WO6)4,Li3P5(WO6)4,mp-aaabrpyj,3.359644376666669
Li,Li2-4Ni5O9,Li2Ni5O9,Li4Ni5O9,mp-aaacpaku,3.654861770833332
Li,Li0-1FeP2O7,FeP2O7,LiFeP2O7,mp-aaaabmta,5.2778281133333325
Li,Li0-1MnP2O7,MnP2O7,LiMnP2O7,mp-aaaabmzc,4.536827918333333
Zn,Zn0-1Fe(Si2O5)2,Fe(Si2O5)2,ZnFe(Si2O5)2,mp-aaachjyi,1.9823068574999991
Ca,Ca0-0.5MnS2,MnS2,Ca(MnS2)2,mp-aaadawjk,1.5819923750000011
Li,Li0-2NiPO4F,NiPO4F,Li2NiPO4F,mp-aaaablro,5.057702658333331
Mg,Mg0-0.5WOF4,WOF4,MgW2(OF4)2,mp-aaafhwdk,2.114183115
Li,Li4-6CoO4,Li4CoO4,Li6CoO4,mp-aaabsdyi,2.671426739583335
Mg,Mg0-0.5Ti2O3,Ti2O3,MgTi4O6,mp-aaachonh,0.7509093200000021
Mg,Mg0-0.5K2MoSO3,K2MoSO3,K4MgMo2(SO3)2,mp-aaackvma,0.244718790000004
Mg,Mg0-0.5Mn2CrO6,Mn2CrO6,MgMn4Cr2O12,mp-aaabqwzu,2.9926842999999983
Li,Li2-5TiV3O8,Li2TiV3O8,Li5TiV3O8,mp-aaabsdhk,1.152329806666666
Mg,Mg0-0.5LaFeTeO6,LaFeTeO6,La2MgFe2(TeO6)2,mp-aaachkcl,2.269373989999995
Li,Li0-1Cr(GeO3)2,Cr(GeO3)2,LiCr(GeO3)2,mp-aaaexhkk,4.539998115833332
Li,Li0-1VFeP2(O4F)2,VFeP2(O4F)2,LiVFeP2(O4F)2,mp-aaabtxui,0.6175924833333301
Li,Li0-4Fe3Co(PO4)4,Fe3Co(PO4)4,Li4Fe3Co(PO4)4,mp-aaabsbyx,3.7308980308333273
Ca,Ca0-2Si,Si,Ca2Si,mp-aaaaaptp,0.4540726868749999
Mg,Mg0-1V6O5F19,V6O5F19,MgV6O5F19,mp-aaabskua,3.453434275000011
Li,Li1-2VCrO4,LiVCrO4,Li2VCrO4,mp-aaabseau,2.6650029466666583
Ca,Ca0-0.5Ni2O3,Ni2O3,Ca(Ni2O3)2,mp-aaachkfb,4.252496922499996
Li,Li0-1VF5,VF5,LiVF5,mp-aaabrdqc,4.306923195833332
Ca,Ca0-1WO3,WO3,CaWO3,mp-aaaflmlc,1.729841581249998
Mg,Mg0-1BiSbO5,BiSbO5,MgBiSbO5,mp-aaachhzw,4.164007521875001
Mg,Mg0-1TiFeO4,TiFeO4,MgTiFeO4,mp-aaabqysq,2.3513661525
Mg,Mg0-1.5Fe2(MoO4)3,Fe2(MoO4)3,Mg3Fe4(MoO4)6,mp-aaachiuq,2.228762718333333
Mg,Mg0-0.5Mn3(O2F)2,Mn3(O2F)2,MgMn6(O2F)4,mp-aaabraar,2.432367654999997
Mg,Mg0-1YCu(WO4)2,YCu(WO4)2,YMgCu(WO4)2,mp-aaabcsvw,1.354841664999999
Li,Li0-8Fe7(PO4)8,Fe7(PO4)8,Li8Fe7(PO4)8,mp-aaacpazp,4.060776314583333
Li,Li0-4Ni3Sb(PO4)4,Ni3Sb(PO4)4,Li4Ni3Sb(PO4)4,mp-aaabsdgq,3.320146145833331
Li,Li0-1Ca3Fe5Sn3O16,Ca3Fe5Sn3O16,LiCa3Fe5Sn3O16,mp-aaabrbzu,2.575724103333333
Zn,Zn0-0.5CrO2,CrO2,ZnCr2O4,mp-aaadbsgj,2.401393285000001
Mg,Mg0-0.5AgBiO3,AgBiO3,MgAg2(BiO3)2,mp-aaabsdpm,1.995014199999997
Li,Li0-0.5MnF3,MnF3,LiMn2F6,mp-aaabreez,4.51957263333333
Li,Li0-2VF4,VF4,Li2VF4,mp-aaabrgej,3.175471751458333
Ca,Ca0-1Fe(SiO3)2,Fe(SiO3)2,CaFe(SiO3)2,mp-aaacthpb,3.753874981249995
Mg,Mg0-0.5HoCrO4,HoCrO4,Ho2MgCr2O8,mp-aaaabcfs,1.797587820000001
Li,Li1-2AgF4,LiAgF4,Li2AgF4,mp-aaabrdjy,5.052496508333335
Li,Li0-3Mn4CrO8,Mn4CrO8,Li3Mn4CrO8,mp-aaabqxrs,2.799587843333332
Li,Li0-1WF6,WF6,LiWF6,mp-aaabfpah,3.604207023333335
Li,Li1-2VF6,LiVF6,Li2VF6,mp-aaabqwfs,4.372935763333335
Mg,Mg0-1FeHO2,FeHO2,MgFeHO2,mp-aaabqzhl,0.279311763750001
Al,Al0-1V(WO4)2,V(WO4)2,AlV(WO4)2,mp-aaachpwv,2.033616386666667
Y,Y0-1Ba2Cr3O8,Ba2Cr3O8,Ba2YCr3O8,mp-aaachqmm,3.407213712222223
Mg,Mg0-1NaFe(SeO4)2,NaFe(SeO4)2,NaMgFe(SeO4)2,mp-aaabfyqx,1.343297744999998
Li,Li0-1Fe(SiO3)2,Fe(SiO3)2,LiFe(SiO3)2,mp-aaaablil,5.06306346833333
Li,Li0-1Cr(PO3)4,Cr(PO3)4,LiCr(PO3)4,mp-aaabetlo,5.227604518333326
Mg,Mg0-0.5BiO2,BiO2,Mg(BiO2)2,mp-aaaczjcb,2.667761339999999
Mg,Mg0-1Si4SnO10,Si4SnO10,MgSi4SnO10,mp-aaachjmx,2.38316013375
Li,Li0-1Rb2VF6,Rb2VF6,Rb2LiVF6,mp-aaacquwh,3.268977223333334
Ca,Ca0-0.5V2NiO6,V2NiO6,CaV4(NiO6)2,mp-aaabrbck,2.330143030000004
Li,Li0-1V4OF11,V4OF11,LiV4OF11,mp-aaackrai,2.5726056683333423
Li,Li3-4MnF7,Li3MnF7,Li4MnF7,mp-aaabrfwe,4.610570633333336
Li,Li6-8TiNi7O16,Li6TiNi7O16,Li8TiNi7O16,mp-aaabrduk,3.810261408333336
Ca,Ca0-0.5TiO2,TiO2,CaTi2O4,mp-aaadanxv,1.4033586724999971
Li,Li0-2NaFePCO7,NaFePCO7,NaLi2FePCO7,mp-aaabrunh,3.720026075833336
Zn,Zn1-2Mg(FeO2)4,MgZn(FeO2)4,MgZn2(FeO2)4,mp-aaaewuot,0.8031710899999991
Mg,Mg0-0.5Cr(CoO3)2,Cr(CoO3)2,MgCr2(CoO3)4,mp-aaabqzbg,2.320048829999995
Li,Li0-1V2P2O9,V2P2O9,LiV2P2O9,mp-aaacyvul,4.13852687583334
Mg,Mg0-0.5SmTiClO3,SmTiClO3,Sm2MgTi2(ClO3)2,mp-aaabfphg,0.024415354999999
Li,Li0-4FeCo5O12,FeCo5O12,Li4FeCo5O12,mp-aaabrbbb,3.788066720833328
Mg,Mg0-0.5WSCl4,WSCl4,MgW2(SCl4)2,mp-aaaaboqt,0.986529375
Li,Li0-5Mo15S19,Mo15S19,Li5Mo15S19,mp-aaaabugf,1.792864195333338
Mg,Mg0-1Mn5O9F,Mn5O9F,MgMn5O9F,mp-aaabrqla,2.923753485000003
Mg,Mg0-0.25WO3,WO3,Mg(WO3)4,mp-aaabfvcs,1.281947334999988
Al,Al1.33-2FeO4,Al4(FeO4)3,Al2FeO4,mp-aaaczlht,2.793078554166667
Li,Li7-8Ni(O2F)2,Li7Ni(O2F)2,Li8Ni(O2F)2,mp-aaabridz,2.265348888333339
Al,Al0-12Mo,Mo,Al12Mo,mp-aaaaaaez,0.043121563333333
Li,Li0-4MnCo3(PO4)4,MnCo3(PO4)4,Li4MnCo3(PO4)4,mp-aaabscsp,4.210763150833334
Al,Al0-1MoO3,MoO3,AlMoO3,mp-aaadbler,2.12504243
Mg,Mg0-0.33TiO2,TiO2,MgTi3O6,mp-aaabfmrw,0.153333990000006
Li,Li0-1V6O7F5,V6O7F5,LiV6O7F5,mp-aaabqzgu,1.986113113333322
Li,Li1-2CoSiO4,LiCoSiO4,Li2CoSiO4,mp-aaabreix,3.870546415833336
Li,Li0.25-0.75MnBO3,LiMn4(BO3)4,Li3Mn4(BO3)4,mp-aaabralf,3.380494713333324
Li,Li0-1Sb(PO3)4,Sb(PO3)4,LiSb(PO3)4,mp-aaaabngw,4.444165668333331
Mg,Mg0-1CrSbO4,CrSbO4,MgCrSbO4,mp-aaabqyvm,1.44498968
Li,Li0.75-1MnO2,Li3Mn4O8,LiMnO2,mp-aaacpaaz,2.747755983333339
Li,Li1.33-2TiVO4,Li4Ti3V3O12,Li2TiVO4,mp-aaabqwcb,1.930250697083331
Li,Li1-3La5Ti8O24,LiLa5Ti8O24,Li3La5Ti8O24,mp-aaabrsou,0.916514308333323
Mg,Mg1-2Ca,CaMg,CaMg2,mp-aaachdna,0.010047052499999
Li,Li1-2CrP2O7,LiCrP2O7,Li2CrP2O7,mp-aaabodlh,3.376979578333338
Ca,Ca0-0.5TiO2,TiO2,CaTi2O4,mp-aaachlqr,1.367562520000002
Ca,Ca0-0.25TiO2,TiO2,CaTi4O8,mp-aaaablqf,1.932518750000002
Li,Li3-5Mn2Fe(BO3)4,Li3Mn2Fe(BO3)4,Li5Mn2Fe(BO3)4,mp-aaabrpwj,2.95696950333333
Al,Al1-2MnTc,MnAlTc,MnAl2Tc,mp-aaabjygl,0.8743090900000001
Li,Li0-1VF5,VF5,LiVF5,mp-aaabrooe,4.711835235833331
Li,Li0-0.33TiO2,TiO2,LiTi3O6,mp-aaabrpva,1.982179073333328
Al,Al0-1Sr2YFe2O7,Sr2YFe2O7,Sr2YAlFe2O7,mp-aaachper,2.277566271666664
Li,Li0-1Zn(CoO2)4,Zn(CoO2)4,LiZn(CoO2)4,mp-aaachmsr,1.962375303333336
Li,Li0-6Mn3V(PO4)6,Mn3V(PO4)6,Li6Mn3V(PO4)6,mp-aaabsbxu,3.965019638333335
Mg,Mg0-0.5MnS2,MnS2,Mg(MnS2)2,mp-aaacfzcu,1.002842195
Ca,Ca0-1Mo2P2O9,Mo2P2O9,CaMo2P2O9,mp-aaachfvu,3.168324374999999
Mg,Mg0-1Ag6Mo2ClO7F3,Ag6Mo2ClO7F3,MgAg6Mo2ClO7F3,mp-aaabfnkp,1.066483930000008
Li,Li0-4Mn2Co3Te3O16,Mn2Co3Te3O16,Li4Mn2Co3Te3O16,mp-aaabraeq,3.610461670833328
Mg,Mg0-1K2Cr2Cd(H2O5)2,K2Cr2Cd(H2O5)2,K2MgCr2Cd(H2O5)2,mp-aaaabksm,0.9392512300000012
Ca,Ca0-0.5Ti3H2O7,Ti3H2O7,CaTi6(H2O7)2,mp-aaaewdev,1.346740630000002
Mg,Mg0-0.5ZnWO4,ZnWO4,MgZn2(WO4)2,mp-aaabfbdm,1.609834335000006
Li,Li0-4Fe3Cu(PO4)4,Fe3Cu(PO4)4,Li4Fe3Cu(PO4)4,mp-aaabsctb,3.693901858333331
Li,Li0-4Mn2V3O12,Mn2V3O12,Li4Mn2V3O12,mp-aaabwitm,3.9242272520833312
Li,Li2-3V3O3F5,Li2V3O3F5,Li3V3O3F5,mp-aaabrmmj,2.026866663333341
Li,Li3-4Mn(PO4)2,Li3Mn(PO4)2,Li4Mn(PO4)2,mp-aaabydri,4.041787503333329
Al,Al0-1Ba2TlSn2O7,Ba2TlSn2O7,Ba2AlTlSn2O7,mp-aaachnkv,0.61894122333333
Zn,Zn0-2Mn2Nb2O9,Mn2Nb2O9,Mn2Nb2Zn2O9,mp-aaaczxmk,1.8131235262499992
Zn,Zn0-1Fe(SiO3)2,Fe(SiO3)2,ZnFe(SiO3)2,mp-aaaabliu,1.769910767500001
Ca,Ca0-0.5Zr2(PO4)3,Zr2(PO4)3,CaZr4(PO4)6,mp-aaabsbuv,4.614993154999996
Ca,Ca0-1Ho2Cu(SiO3)4,Ho2Cu(SiO3)4,CaHo2Cu(SiO3)4,mp-aaacqzlp,0.167389285000001
Ca,Ca0-1TaBiO5,TaBiO5,CaTaBiO5,mp-aaachiar,5.179136741249997
Li,Li0-1VP2O7,VP2O7,LiVP2O7,mp-aaaabnrm,3.480475828333344
Li,Li0.62-0.88MnBO3,Li5Mn8(BO3)8,Li7Mn8(BO3)8,mp-aaabseum,3.388955188333345
Mg,Mg0-1Fe3PO7,Fe3PO7,MgFe3PO7,mp-aaaabbud,1.390385994999999
Li,Li0-4TiMn2Ni3(PO4)6,TiMn2Ni3(PO4)6,Li4TiMn2Ni3(PO4)6,mp-aaabseyi,4.100766288333337
Mg,Mg0-0.5Si(AgO)4,Si(AgO)4,MgSi2(AgO)8,mp-aaabfqsy,0.7133899950000041
Ca,Ca0-0.5CuMoO4,CuMoO4,CaCu2(MoO4)2,mp-aaachpzy,3.195864341249996
Zn,Zn0-1Cr(SiO3)2,Cr(SiO3)2,ZnCr(SiO3)2,mp-aaaablis,1.036185530000005
Li,Li0-0.5KNbPCO7,KNbPCO7,K2LiNb2P2(CO7)2,mp-aaabrrfz,1.7546238233333091
Li,Li1-2CeSn,LiCeSn,Li2CeSn,mp-aaaaarna,0.417976833333333
Ca,Ca9-9.5Co(PO4)7,Ca9Co(PO4)7,Ca19Co2(PO4)14,mp-aaabsksb,3.385784404999969
Mg,Mg0-2Nb2MoO8,Nb2MoO8,Mg2Nb2MoO8,mp-aaachota,2.235490851249996
Mg,Mg0-0.5TiS2,TiS2,Mg(TiS2)2,mp-aaaaanjf,0.91066746
Li,Li0-1Rb2SbCl6,Rb2SbCl6,Rb2LiSbCl6,mp-aaacqrtg,3.049761093333328
Li,Li0-1Fe(PO3)4,Fe(PO3)4,LiFe(PO3)4,mp-aaabesya,5.693091208333333
Li,Li0-1Fe2C2O7,Fe2C2O7,LiFe2C2O7,mp-aaabrfce,2.535584836666689
Li,Li0-2Fe(PO3)5,Fe(PO3)5,Li2Fe(PO3)5,mp-aaabetav,5.317063760833325
Ca,Ca0-1WF5,WF5,CaWF5,mp-aaaczvjd,3.252734338750001
Li,Li0-2MnH4(SO5)2,MnH4(SO5)2,Li2MnH4(SO5)2,mp-aaabryzu,4.312993505833337
Li,Li0-1CrF4,CrF4,LiCrF4,mp-aaabfoup,5.337790772083332
Mg,Mg0-1K3NbO8,K3NbO8,K3MgNbO8,mp-aaaaauzf,0.364703754999998
Li,Li2-3MnF6,Li2MnF6,Li3MnF6,mp-aaabqvgn,3.814576093333334
Li,Li0-0.5MnO2,MnO2,LiMn2O4,mp-aaabkrla,3.327431433333328
Li,Li0-1V4O5F7,V4O5F7,LiV4O5F7,mp-aaabrngy,3.528290003333329
Li,Li0-14V9(P2O7)8,V9(P2O7)8,Li14V9(P2O7)8,mp-aaackrgf,2.97214028904762
Mg,Mg0-0.5TiS2,TiS2,Mg(TiS2)2,mp-aaacizye,1.043688319999998
Li,Li1-2MnNbO4,LiMnNbO4,Li2MnNbO4,mp-aaabrukj,1.296598040833321
Li,Li0-1VO2,VO2,LiVO2,mp-aaaborpw,2.948688788333332
Li,Li0-2Mo3S4,Mo3S4,Li2Mo3S4,mp-aaaaadfg,1.774407688333331
Mg,Mg0-1Co6O7F5,Co6O7F5,MgCo6O7F5,mp-aaabqvdt,2.36256499
Li,Li0-3Cd,Cd,Li3Cd,mp-aaackkoz,0.241328356666665
Li,Li2-5VCr3O8,Li2VCr3O8,Li5VCr3O8,mp-aaabrxyy,1.800871570000002
Li,Li1.5-2MnSiO4,Li3Mn2(SiO4)2,Li2MnSiO4,mp-aaabskhb,3.999739583333341
Li,Li2-4CrO4,Li2CrO4,Li4CrO4,mp-aaabrehl,2.645894980833334
Mg,Mg0-0.5FeCuS2,FeCuS2,MgFe2(CuS2)2,mp-aaaaafen,0.560969584999999
Zn,Zn0-1.5Fe2(WO4)3,Fe2(WO4)3,Zn3Fe4(WO4)6,mp-aaachisa,0.738180045
Li,Li2-4CoNi3O8,Li2CoNi3O8,Li4CoNi3O8,mp-aaacpaqt,3.645088278333337
Li,Li0-1Sb(PO3)4,Sb(PO3)4,LiSb(PO3)4,mp-aaabcscc,4.24669951333333
Li,Li0-1Sb(PO3)4,Sb(PO3)4,LiSb(PO3)4,mp-aaabmymc,5.055100173333334
Mg,Mg0-1VCrP2(O4F)2,VCrP2(O4F)2,MgVCrP2(O4F)2,mp-aaabrnwl,3.117627525
Li,Li0-1La2MoO6,La2MoO6,LiLa2MoO6,mp-aaaablhi,2.586974783333336
Mg,Mg0-0.5VO2,VO2,MgV2O4,mp-aaacyznr,2.2501100225
Li,Li0-1Co(CO)4,Co(CO)4,LiCo(CO)4,mp-aaabdbnx,3.327131083333332
Mg,Mg0-0.5HoVO4,HoVO4,Ho2MgV2O8,mp-aaaabbso,0.756012160000001
Li,Li0-2ReO3,ReO3,Li2ReO3,mp-aaabqyxh,1.550919148333332
Li,Li4-5Fe3(NiO5)2,Li4Fe3(NiO5)2,Li5Fe3(NiO5)2,mp-aaabqvwe,3.793926473333347
Ca,Ca0-0.5Fe2O3,Fe2O3,Ca(Fe2O3)2,mp-aaadales,3.244625389999998
Mg,Mg0-0.5WSCl4,WSCl4,MgW2(SCl4)2,mp-aaacdsvu,1.090259865000004
Li,Li2-3Mo(PO3)8,Li2Mo(PO3)8,Li3Mo(PO3)8,mp-aaabncpx,5.77852072333332
Li,Li0-2Mn2F7,Mn2F7,Li2Mn2F7,mp-aaabrggh,4.913294818333335
Li,Li0.33-0.83MnBO3,LiMn3(BO3)3,Li5Mn6(BO3)6,mp-aaabwirq,3.4234136666666792
Li,Li0-2Mn3F10,Mn3F10,Li2Mn3F10,mp-aaabqwog,4.869729543333332
Li,Li2-3Mg3Ti6O16,Li2Mg3Ti6O16,Li3Mg3Ti6O16,mp-aaabrelm,1.540960283333338
Mg,Mg0-1Nb2PdS6,Nb2PdS6,MgNb2PdS6,mp-aaacjmik,0.909906085
Ca,Ca0-2IrWO6,IrWO6,Ca2IrWO6,mp-aaachpbc,2.8633720175
Mg,Mg0-1V(PO3)4,V(PO3)4,MgV(PO3)4,mp-aaaabwdb,3.164299142500003
Mg,Mg0-0.5Cu3OF5,Cu3OF5,MgCu6(OF5)2,mp-aaacetpo,3.05722149
Mg,Mg0-1V(TeO3)4,V(TeO3)4,MgV(TeO3)4,mp-aaabrkfv,2.428610904999996
Li,Li0-1Mo2(PO4)3,Mo2(PO4)3,LiMo2(PO4)3,mp-aaaabmga,2.819854748333317
Mg,Mg0-1Er2Cu(GeO3)4,Er2Cu(GeO3)4,Er2MgCu(GeO3)4,mp-aaaaaxtp,0.215150595000001
Ca,Ca0-0.5Sr2CrSO3,Sr2CrSO3,Sr4CaCr2(SO3)2,mp-aaachohy,2.8209258625
Mg,Mg0-0.25VO2F,VO2F,MgV4(O2F)4,mp-aaabshuu,2.7177755499999963
Li,Li2-4Fe3CuO8,Li2Fe3CuO8,Li4Fe3CuO8,mp-aaabqzjz,3.7747406783333273
Li,Li0-1SiBi3O7,SiBi3O7,LiSiBi3O7,mp-aaabqxeq,3.68470822833334
Li,Li0.92-1.17V(OF)2,Li11V12(OF)24,Li7V6(OF)12,mp-aaabsekj,4.463737356666657
Ca,Ca0-1BaCrF7,BaCrF7,BaCaCrF7,mp-aaachqmc,5.422759084999998
Mg,Mg0-1Na2(NiO2)5,Na2(NiO2)5,Na2Mg(NiO2)5,mp-aaabrgmz,2.507703850000003
Li,Li0-1V(SiO3)2,V(SiO3)2,LiV(SiO3)2,mp-aaacuatj,3.232427735833345
Mg,Mg0-0.5CrSe2,CrSe2,Mg(CrSe2)2,mp-aaadccnr,1.2808821625
Mg,Mg0-0.5VPO5,VPO5,MgV2(PO5)2,mp-aaaabccu,2.841468350000003
Mg,Mg0-1Mn2FeWO6,Mn2FeWO6,MgMn2FeWO6,mp-aaacjjcf,0.92582336
Y,Y1.33-1.67BaNiO5,Ba3Y4(NiO5)3,Ba3Y5(NiO5)3,mp-aaadahnt,3.424394012222222
Mg,Mg0-0.25CrO3,CrO3,MgCr4O12,mp-aaabrakn,2.092032359999995
Li,Li0-0.5FeO2,FeO2,Li(FeO2)2,mp-aaadecxv,4.805567533333336
Mg,Mg0-0.5NbInO4,NbInO4,MgNb2In2O8,mp-aaaaaofb,0.231184775
Mg,Mg0-0.5Fe4O7F,Fe4O7F,MgFe8(O7F)2,mp-aaabsleh,2.987997565000005
Ca,Ca0-2Pb,Pb,Ca2Pb,mp-aaaaberx,0.416772074999999
Mg,Mg0-1WCl4O,WCl4O,MgWCl4O,mp-aaaabpbm,2.013784760000001
Zn,Zn0-0.5CoO2,CoO2,Zn(CoO2)2,mp-aaacziyu,1.92894767833333
Li,Li7-9Ti12NbO30,Li7Ti12NbO30,Li9Ti12NbO30,mp-aaabrqvq,2.009731478333354
Li,Li0-1Mn(PO3)3,Mn(PO3)3,LiMn(PO3)3,mp-aaabrlwo,4.50240873333333
Al,Al0-1Fe4(CuO4)3,Fe4(CuO4)3,AlFe4(CuO4)3,mp-aaachjjb,1.55990213
Mg,Mg0-0.5Na2CoO3,Na2CoO3,Na4Mg(CoO3)2,mp-aaabsgow,1.524133632499993
Li,Li0-1SnP2O7,SnP2O7,LiSnP2O7,mp-aaabrccu,1.697240438333343
Mg,Mg0-0.5Cd(CoO2)2,Cd(CoO2)2,MgCd2(CoO2)4,mp-aaabraun,0.642495435000005
Li,Li0-1Na5Ni2P2(CO7)2,Na5Ni2P2(CO7)2,Na5LiNi2P2(CO7)2,mp-aaabsbwj,4.15788013833333
Li,Li2-3Mn(NiO3)2,Li2Mn(NiO3)2,Li3Mn(NiO3)2,mp-aaabrkds,3.670270228333327
Li,Li0-1MnO2,MnO2,LiMnO2,mp-aaabdbno,3.665036873333335
Li,Li1-2CrFeO4,LiCrFeO4,Li2CrFeO4,mp-aaabqyhc,3.477482518333337
Ca,Ca0.25-0.5TiO2,CaTi4O8,CaTi2O4,mp-aaadedqj,0.436387869999999
Mg,Mg0-0.5CdTeMoO6,CdTeMoO6,MgCd2Te2(MoO6)2,mp-aaabfpvs,1.514066345
Mg,Mg0-1Co4NiO8,Co4NiO8,MgCo4NiO8,mp-aaaewauz,2.938654525000001
Li,Li0-2MnP2O7,MnP2O7,Li2MnP2O7,mp-aaabrxcu,3.965911017083333
Mg,Mg0-1BaBiF7,BaBiF7,BaMgBiF7,mp-aaachglx,4.677247001250003
Ca,Ca0-0.5CuTeO4,CuTeO4,CaCu2(TeO4)2,mp-aaachfyl,3.634963362499998
Mg,Mg0-1Co2NiO6,Co2NiO6,MgCo2NiO6,mp-aaabqwpp,3.0149806925
Li,Li0-0.5Y(FeO2)2,Y(FeO2)2,LiY2(FeO2)4,mp-aaadcegt,1.9226859533333327
Mg,Mg0-0.25BiO2,BiO2,Mg(BiO2)4,mp-aaadbvcn,2.091530940000003
Li,Li0-1FePO4,FePO4,LiFePO4,mp-aaaabcgz,2.9296060616666733
Li,Li0-3Cr10Fe5O24,Cr10Fe5O24,Li3Cr10Fe5O24,mp-aaabrwuy,4.820463003333339
Li,Li1-2CoGeO4,LiCoGeO4,Li2CoGeO4,mp-aaabrllr,3.840042648333328
Li,Li0-6V3Cr(PO4)6,V3Cr(PO4)6,Li6V3Cr(PO4)6,mp-aaabscma,3.494505699999995
Mg,Mg0-0.5ReSbO6,ReSbO6,MgRe2(SbO6)2,mp-aaadeftj,1.963891870000002
Ca,Ca0-0.5CoO2,CoO2,Ca(CoO2)2,mp-aaachhkm,3.383236352499998
Ca,Ca0-1IrO3,IrO3,CaIrO3,mp-aaacgdcb,2.752612175
Mg,Mg0-0.5MnAlO3,MnAlO3,MgMn2Al2O6,mp-aaabsbiw,1.8568837849999984
Li,Li0-1MnH8(SO6)2,MnH8(SO6)2,LiMnH8(SO6)2,mp-aaabshfb,4.294891955833326
Li,Li3-4V3FeO8,Li3V3FeO8,Li4V3FeO8,mp-aaabrahh,2.879556903333328
Li,Li0-1CuAuO2,CuAuO2,LiCuAuO2,mp-aaabqxow,2.037580983333332
Mg,Mg0-0.5Na2FeO3,Na2FeO3,Na4Mg(FeO3)2,mp-aaabqzup,2.279773735000003
Li,Li0-4TiFe3Cu2(PO4)6,TiFe3Cu2(PO4)6,Li4TiFe3Cu2(PO4)6,mp-aaabsdya,3.188895230833314
Mg,Mg0-1Co6O7F5,Co6O7F5,MgCo6O7F5,mp-aaabwiim,2.767800810000001
Mg,Mg0-0.5NdCrO4,NdCrO4,Nd2MgCr2O8,mp-aaaabchq,1.860980110000004
Li,Li0-1Ni3P3O11,Ni3P3O11,LiNi3P3O11,mp-aaabhhzc,4.690572925833327
Mg,Mg0-1FeCo3O8,FeCo3O8,MgFeCo3O8,mp-aaabqwpu,3.566134049999999
Li,Li7-9Ti7Nb5O30,Li7Ti7Nb5O30,Li9Ti7Nb5O30,mp-aaabrrfc,1.660490643333337
Mg,Mg0-0.5Ho2(WO4)3,Ho2(WO4)3,Ho4Mg(WO4)6,mp-aaabryyl,1.299478060000002
Al,Al0-1Ba2Fe3O8,Ba2Fe3O8,Ba2AlFe3O8,mp-aaadcizz,2.221401293333331
Ca,Ca0-0.5FeO2,FeO2,Ca(FeO2)2,mp-aaaczcsu,3.999257291666668
Li,Li0-6MnV3(PO4)6,MnV3(PO4)6,Li6MnV3(PO4)6,mp-aaabsbpd,3.768422948333338
Mg,Mg0-0.5V2Sb(PO4)3,V2Sb(PO4)3,MgV4Sb2(PO4)6,mp-aaabrzfm,1.789123005000012
Mg,Mg0-0.5K4CoMo4O15,K4CoMo4O15,K8MgCo2(Mo4O15)2,mp-aaabfzyk,1.14311246500002
Li,Li0-1Cr4P7O24,Cr4P7O24,LiCr4P7O24,mp-aaabhhwl,4.064203288333378
Mg,Mg0-1VRhO4,VRhO4,MgVRhO4,mp-aaackqol,1.065669274999998
Mg,Mg0-1Fe2Si2BiO9,Fe2Si2BiO9,MgFe2Si2BiO9,mp-aaaewadk,2.405667025000004
Ca,Ca5.5-6FeN5,Ca11(FeN5)2,Ca6FeN5,mp-aaaczzyv,1.064723680000002
Mg,Mg0-0.12VOF,VOF,MgV8(OF)8,mp-aaackrdb,0.466669354999997
Li,Li0-1CoPO4,CoPO4,LiCoPO4,mp-aaaaboag,4.069050723333331
Zn,Zn0-2Mg(NiO2)4,Mg(NiO2)4,MgZn2(NiO2)4,mp-aaaewgkd,1.444152497499999
Li,Li0-1NiPO4,NiPO4,LiNiPO4,mp-aaabcrzl,4.954802378333331
Li,Li0-4Cr3Cu(PO4)4,Cr3Cu(PO4)4,Li4Cr3Cu(PO4)4,mp-aaabrawr,3.140120223333331
Mg,Mg0-0.5Mn2OF4,Mn2OF4,MgMn4(OF4)2,mp-aaacvrvx,2.796811049999999
Li,Li3-4CrP2O9,Li3CrP2O9,Li4CrP2O9,mp-aaabcsbv,4.536536193333338
Li,Li2-3Fe2CoO6,Li2Fe2CoO6,Li3Fe2CoO6,mp-aaabrfhh,3.970202473333334
Ca,Ca0-1MnO2,MnO2,CaMnO2,mp-aaacrnak,3.143674727500001
Al,Al0-0.5SnO2,SnO2,Al(SnO2)2,mp-aaadbtbi,0.8288047616666651
Mg,Mg0-0.12FeOF,FeOF,MgFe8(OF)8,mp-aaabrfbs,2.752195215000005
Mg,Mg0-1Ba2Mn2CuF14,Ba2Mn2CuF14,Ba2MgMn2CuF14,mp-aaachmzx,3.887682542499999
Li,Li0-1Fe2(SO4)3,Fe2(SO4)3,LiFe2(SO4)3,mp-aaabetyt,3.149304093333332
Li,Li0-0.5RbNbTeO6,RbNbTeO6,Rb2LiNb2(TeO6)2,mp-aaacrkcu,1.174597743333327
Li,Li0-1V6O7F5,V6O7F5,LiV6O7F5,mp-aaabsmgc,2.060561153333371
Mg,Mg0-1V2H2O5,V2H2O5,MgV2H2O5,mp-aaacjkys,1.830160785000001
Li,Li0-1V3(O2F)2,V3(O2F)2,LiV3(O2F)2,mp-aaabrokq,2.754705713333341
Li,Li0-2TiMn3O8,TiMn3O8,Li2TiMn3O8,mp-aaabrbfp,3.6671511283333342
Ca,Ca0-1BiSbO5,BiSbO5,CaBiSbO5,mp-aaachjwl,4.18830408375
Ca,Ca0-1SrNi(PO4)2,SrNi(PO4)2,SrCaNi(PO4)2,mp-aaacynrv,8.810330450000002
Li,Li0-1MnO2,MnO2,LiMnO2,mp-aaabdbbc,3.15127609333333
Li,Li0-0.5SrPrFeRuO6,SrPrFeRuO6,Sr2LiPr2Fe2(RuO6)2,mp-aaacrhwt,4.195978793333329
Mg,Mg0-0.5CsMoO2F3,CsMoO2F3,Cs2MgMo2(O2F3)2,mp-aaackved,1.390018014999999
Li,Li0.5-0.88MnBO3,LiMn2(BO3)2,Li7Mn8(BO3)8,mp-aaabwjjy,3.367643939999997
Li,Li0-4Mn3V2Cr3O16,Mn3V2Cr3O16,Li4Mn3V2Cr3O16,mp-aaabrzsi,3.731875370833333
Li,Li0-1La3Ti4O12,La3Ti4O12,LiLa3Ti4O12,mp-aaabqyoy,1.122824583333345
Mg,Mg0-1CsSb(PO4)2,CsSb(PO4)2,CsMgSb(PO4)2,mp-aaabfoti,1.694552499999997
Zn,Zn0-3Cr2(GeO4)3,Cr2(GeO4)3,Zn3Cr2(GeO4)3,mp-aaacxrav,2.448057337916668
Mg,Mg0-1Co6O7F5,Co6O7F5,MgCo6O7F5,mp-aaabrguh,2.399019369999995
Ca,Ca0-1Pr(BiO3)2,Pr(BiO3)2,CaPr(BiO3)2,mp-aaachlca,3.329408620000001
Li,Li0-1VFeP2(O4F)2,VFeP2(O4F)2,LiVFeP2(O4F)2,mp-aaadbzrs,1.993467733333337
Mg,Mg0-0.5K2RuCl5O,K2RuCl5O,K4MgRu2(Cl5O)2,mp-aaackycl,1.976455429999999
Li,Li1-2VFeO4,LiVFeO4,Li2VFeO4,mp-aaabscsl,2.336102378333334
Zn,Zn0-1SrCo(PO4)2,SrCo(PO4)2,SrZnCo(PO4)2,mp-aaachoag,2.306475931249999
Mg,Mg0-1Ba2HoCu3O7,Ba2HoCu3O7,Ba2HoMgCu3O7,mp-aaaaajum,0.084001685000001
Zn,Zn0-2GdCo2,GdCo2,Gd(Zn10Co)2,mp-aaabewsn,0.212037376624999
Li,Li0-1La6Mn3O14,La6Mn3O14,LiLa6Mn3O14,mp-aaabryko,3.233920903333289
Ca,Ca0-1V2O5,V2O5,CaV2O5,mp-aaaablin,3.06292209
Li,Li0.33-0.83MnBO3,LiMn3(BO3)3,Li5Mn6(BO3)6,mp-aaabwihf,3.359480459999989
Li,Li0-4Co3Cu3(TeO8)2,Co3Cu3(TeO8)2,Li4Co3Cu3(TeO8)2,mp-aaabrddh,4.144303423333331
Zn,Zn0-1Ti2(PO4)3,Ti2(PO4)3,Ti2Zn(PO4)3,mp-aaabsbtx,0.9746727975000132
Li,Li0-1TiNCl,TiNCl,LiTiNCl,mp-aaaabpfe,1.337883748333333
Mg,Mg0-0.33Fe2O3F,Fe2O3F,MgFe6(O3F)3,mp-aaabqvdu,2.963447065000022
Li,Li0-1Cr(PO3)4,Cr(PO3)4,LiCr(PO3)4,mp-aaaabmzs,5.865637343333337
Ca,Ca0-1Pr(WO3)2,Pr(WO3)2,CaPr(WO3)2,mp-aaachlmt,1.4760271400000011
Li,Li0.5-0.75MnBO3,LiMn2(BO3)2,Li3Mn4(BO3)4,mp-aaabsmfw,3.211087583333328
Al,Al0-1Ti4(CuO4)3,Ti4(CuO4)3,Ti4Al(CuO4)3,mp-aaacyosg,0.7951507666666681
Li,Li0-1V(SiO3)2,V(SiO3)2,LiV(SiO3)2,mp-aaabrqeb,3.374197618333331
Li,Li1.5-2MnSiO4,Li3Mn2(SiO4)2,Li2MnSiO4,mp-aaabqxir,4.175312823333319
Li,Li1-2Co(PO3)4,LiCo(PO3)4,Li2Co(PO3)4,mp-aaabesxs,5.153203818333343
Mg,Mg0-1NiAgO2,NiAgO2,MgNiAgO2,mp-aaaabcfl,1.4377546900000011
Li,Li0-0.67KNb2PO8,KNb2PO8,K3Li2Nb6(PO8)3,mp-aaabrzop,1.99899552333336
Li,Li1.5-2.5MnPCO7,Li3Mn2P2(CO7)2,Li5Mn2P2(CO7)2,mp-aaacpacc,3.541382243333335
Ca,Ca0-1Cr2O5,Cr2O5,CaCr2O5,mp-aaachjiy,3.2497115725
Mg,Mg0-0.5ZnNi2S5,ZnNi2S5,MgZn2(Ni2S5)2,mp-aaadaftm,0.595010275000004
Ca,Ca0-1Pr(SnO3)2,Pr(SnO3)2,CaPr(SnO3)2,mp-aaachlcu,3.133239512500004
Mg,Mg0-0.5Mo(BrO)2,Mo(BrO)2,MgMo2(BrO)4,mp-aaacjmie,1.871280080000002
Li,Li0-4TiCr2Ni3(PO4)6,TiCr2Ni3(PO4)6,Li4TiCr2Ni3(PO4)6,mp-aaabseaj,3.440588923333327
Mg,Mg0-0.5CoAgO2,CoAgO2,MgCo2(AgO2)2,mp-aaaabcjq,0.50623911
Mg,Mg0-1Ag3(AsO4)2,Ag3(AsO4)2,MgAg3(AsO4)2,mp-aaaacagm,3.107069679999999
Li,Li1-3MnAsCO7,LiMnAsCO7,Li3MnAsCO7,mp-aaabrwkf,3.629206873333335
Li,Li0-0.5MnPH2O5,MnPH2O5,LiMn2P2(H2O5)2,mp-aaaabjjb,3.094365248333337
Li,Li0-3Ti6Co3O16,Ti6Co3O16,Li3Ti6Co3O16,mp-aaabreqk,3.535915004999997
Li,Li0-2Mn2Ni(PO4)3,Mn2Ni(PO4)3,Li2Mn2Ni(PO4)3,mp-aaabrfmx,3.675562125833342
Li,Li0-1TiO2,TiO2,LiTiO2,mp-aaaablqf,1.782461443333333
Mg,Mg0-1Ti3Zn2O8,Ti3Zn2O8,MgTi3Zn2O8,mp-aaaacefj,1.535267620000003
Zn,Zn0-2W3O8,W3O8,Zn2W3O8,mp-aaachiwo,0.9009306499999992
Li,Li0-2VF4,VF4,Li2VF4,mp-aaabrosy,3.2563135475
Mg,Mg0-1V4O7F5,V4O7F5,MgV4O7F5,mp-aaabqwkk,2.651064330000001
Li,Li1-1.5FeNiO4,LiFeNiO4,Li3Fe2(NiO4)2,mp-aaabqzhb,3.492839623333329
Mg,Mg0-0.25CrO2,CrO2,MgCr4O8,mp-aaacksum,1.679377684999996
Li,Li0-4Fe3P4O15,Fe3P4O15,Li4Fe3P4O15,mp-aaabodmp,3.789180579583334
Li,Li3-4TiNi3O8,Li3TiNi3O8,Li4TiNi3O8,mp-aaacwiyo,3.674954188333335
Mg,Mg0-1SrCo(PO4)2,SrCo(PO4)2,SrMgCo(PO4)2,mp-aaachoag,3.767023957499999
Ca,Ca0-1SnF4,SnF4,CaSnF4,mp-aaadbtws,3.625794939999999
Zn,Zn0-1VO2,VO2,VZnO2,mp-aaacujhr,0.0570741275
Ca,Ca0-1Ti(Si2O5)2,Ti(Si2O5)2,CaTi(Si2O5)2,mp-aaachjna,1.8045149374999911
Zn,Zn0-1Co(GeO3)2,Co(GeO3)2,ZnCo(GeO3)2,mp-aaachjgv,2.303782758750003
Mg,Mg0.5-1.5V3(FeO6)2,MgV6(FeO6)4,Mg3V6(FeO6)4,mp-aaaczdck,4.205543704999987
Li,Li0-4Ti3Ni3(TeO8)2,Ti3Ni3(TeO8)2,Li4Ti3Ni3(TeO8)2,mp-aaabrwxf,3.8811237945833352
Li,Li0-9Cr19O48,Cr19O48,Li9Cr19O48,mp-aaabwkry,4.254333978888886
Mg,Mg0-0.5TiO2,TiO2,MgTi2O4,mp-aaacyiat,0.95799083875
Li,Li0-1V2O5,V2O5,LiV2O5,mp-aaaablki,3.112703815833332
Ca,Ca0-0.5Cr2HgO4,Cr2HgO4,CaCr4(HgO4)2,mp-aaaabfeo,0.127183034999997
Mg,Mg0-0.5NaV2O5,NaV2O5,Na2MgV4O10,mp-aaabqwfy,0.7526773999999999
Mg,Mg0-1V3CrO10,V3CrO10,MgV3CrO10,mp-aaabqzts,2.832330244999998
Zn,Zn0-2MgMn4O8,MgMn4O8,MgMn4Zn2O8,mp-aaaexmvx,0.8729258874999991
Li,Li0-2MgCu2(SiO3)4,MgCu2(SiO3)4,Li2MgCu2(SiO3)4,mp-aaabrbow,3.667690723333327
Li,Li0-0.5FeClO,FeClO,LiFe2(ClO)2,mp-aaabeubc,2.241965373333333
Li,Li1.5-2SiNiO4,Li3Si2(NiO4)2,Li2SiNiO4,mp-aaabsgoh,4.501480338333327
Y,Y0-1Ba2Mn3O7,Ba2Mn3O7,Ba2YMn3O7,mp-aaachrbj,2.976390128888887
Li,Li0-1Mo2P3O13,Mo2P3O13,LiMo2P3O13,mp-aaaabvnd,3.877521798333338
Mg,Mg0-1Fe10O9F11,Fe10O9F11,MgFe10O9F11,mp-aaabqyrh,1.502793205000007
Li,Li0.5-1CrPO4,LiCr2(PO4)2,LiCrPO4,mp-aaabqxjz,3.023021308333331
Zn,Zn0-1PrMn2O6,PrMn2O6,PrMn2ZnO6,mp-aaacztxg,2.067438884999994
Li,Li0-0.67FePO4,FePO4,Li2Fe3(PO4)3,mp-aaabryua,3.144997068333343
Li,Li0-4V3OF11,V3OF11,Li4V3OF11,mp-aaabrhts,3.946133312083334
Mg,Mg0-1Mn(CoO2)4,Mn(CoO2)4,MgMn(CoO2)4,mp-aaabrcbl,2.502301830000012
Li,Li0-0.5MnF3,MnF3,LiMn2F6,mp-aaabrcco,4.5437946883333264
Mg,Mg0-1Mn(Ni3O4)2,Mn(Ni3O4)2,MgMn(Ni3O4)2,mp-aaaabctu,1.162202810000001
Zn,Zn0-0.5NiO2,NiO2,Zn(NiO2)2,mp-aaachgii,2.53450781583333
Li,Li0-3Co3NiO8,Co3NiO8,Li3Co3NiO8,mp-aaabrzse,3.552453611666668
Li,Li0-4Mn3Ni3(TeO8)2,Mn3Ni3(TeO8)2,Li4Mn3Ni3(TeO8)2,mp-aaabrazu,4.182798375833333
Li,Li0-0.5VS2,VS2,Li(VS2)2,mp-aaadbypi,1.860350628333333
Zn,Zn0.5-1BaFeF7,Ba2ZnFe2F14,BaZnFeF7,mp-aaaczexb,3.866946692500001
Li,Li0-6Fe5(P2O7)4,Fe5(P2O7)4,Li6Fe5(P2O7)4,mp-aaabodob,3.210455832499997
Mg,Mg0-0.5CoSbO4,CoSbO4,MgCo2(SbO4)2,mp-aaabrdmp,2.671156874999998
Mg,Mg0-0.5V2ZnO5,V2ZnO5,MgV4Zn2O10,mp-aaachjil,0.9057932350000092
Li,Li3-3.5Mn7O16,Li3Mn7O16,Li7Mn14O32,mp-aaabrwcs,4.5267607633333045
Mg,Mg0-0.5ZnFeO3,ZnFeO3,MgZn2(FeO3)2,mp-aaabqzah,3.166098290000005
Al,Al0-1Co4(CuO4)3,Co4(CuO4)3,AlCo4(CuO4)3,mp-aaachizz,1.574902103333331
Mg,Mg0-0.5SbRhO4,SbRhO4,MgSb2(RhO4)2,mp-aaabqynd,0.972877064999996
Al,Al0.67-1.33Rb2Sb2O7,Rb6Al2(Sb2O7)3,Rb6Al4(Sb2O7)3,mp-aaaczcmm,3.949793261666672
Li,Li0-3Cr2(PO4)3,Cr2(PO4)3,Li3Cr2(PO4)3,mp-aaaabnjm,4.668038734999995
Li,Li0-3V12O29,V12O29,Li3V12O29,mp-aaabrznn,3.60359976333333
Mg,Mg0-0.07V2O5,V2O5,MgV28O70,mp-aaabvhrx,2.696278254999971
Li,Li0-2Ni2(SO4)3,Ni2(SO4)3,Li2Ni2(SO4)3,mp-aaabrsws,5.207700085833329
Mg,Mg0-1CoCuO2,CoCuO2,MgCoCuO2,mp-aaabcspz,1.078933225000001
Li,Li1-3MnF5,LiMnF5,Li3MnF5,mp-aaabrrmz,4.370529585833332
Li,Li0-2Co(CO3)2,Co(CO3)2,Li2Co(CO3)2,mp-aaabqvte,4.36558580458333
Li,Li0-1Mn4P7O24,Mn4P7O24,LiMn4P7O24,mp-aaabetle,4.367286768333376
Li,Li0-3Mo2(PO4)3,Mo2(PO4)3,Li3Mo2(PO4)3,mp-aaaabvlt,3.2489993333333342
Mg,Mg0-1V(SiO3)2,V(SiO3)2,MgV(SiO3)2,mp-aaacuatj,1.822409140000002
Li,Li1-2.5VCrO4,LiVCrO4,Li5V2Cr2O8,mp-aaabrari,1.441186686666663
Mg,Mg0-0.5FeMoClO4,FeMoClO4,MgFe2Mo2(ClO4)2,mp-aaaabifj,2.542761275000001
Y,Y0-1Sr2Ti2GaO7,Sr2Ti2GaO7,Sr2YTi2GaO7,mp-aaachqjv,1.215937818888887
Y,Y0-1Sr2V2GaO7,Sr2V2GaO7,Sr2YV2GaO7,mp-aaachoou,1.561632002222223
Mg,Mg0-1NbV3O10,NbV3O10,MgNbV3O10,mp-aaabsexp,1.705510184999998
Li,Li0-2Mo(PO3)5,Mo(PO3)5,Li2Mo(PO3)5,mp-aaabcrws,3.606084213333323
Li,Li0.5-1CrPO4,LiCr2(PO4)2,LiCrPO4,mp-aaabqxfd,2.891021798333332
Y,Y0-0.5MnO2,MnO2,YMn2O4,mp-aaaablkd,2.507789037222222
Mg,Mg0-0.5RbNd(WO4)2,RbNd(WO4)2,Rb2Nd2Mg(WO4)4,mp-aaabfusg,0.570937180000005
Li,Li0-1V6O7F5,V6O7F5,LiV6O7F5,mp-aaabrfok,3.428695483333347
Ca,Ca0-1TiH6(OF3)2,TiH6(OF3)2,CaTiH6(OF3)2,mp-aaacqtgl,1.148196059999999
Li,Li0-2Cu2(SO4)3,Cu2(SO4)3,Li2Cu2(SO4)3,mp-aaabwlbr,4.823529525208333
Zn,Zn0-1SrCr(PO4)2,SrCr(PO4)2,SrZnCr(PO4)2,mp-aaachoaa,1.5306279424999971
Mg,Mg0-1Ba2GdCu3O7,Ba2GdCu3O7,Ba2GdMgCu3O7,mp-aaaabdib,0.116484499999996
Mg,Mg0-0.5GdCrO4,GdCrO4,Gd2MgCr2O8,mp-aaaabgxo,1.291352999999998
Mg,Mg0-5Sn,Sn,Mg5Sn,mp-aaacgexp,0.033024100999999
Ca,Ca0-1CrP2O7,CrP2O7,CaCrP2O7,mp-aaacyfvo,4.108381761250004
Ca,Ca1-3SrTi4O12,SrCaTi4O12,SrCa3Ti4O12,mp-aaadijxu,4.349831212500002
Mg,Mg0-1VBO4,VBO4,MgVBO4,mp-aaabqygw,1.995242174999998
Ca,Ca0.5-1Cu(GeO3)2,CaCu2(GeO3)4,CaCu(GeO3)2,mp-aaaczwyh,3.849141454999997
Mg,Mg0-1Mo2P2O9,Mo2P2O9,MgMo2P2O9,mp-aaachfvu,2.010743846249998
Li,Li1-3V(PO4)2,LiV(PO4)2,Li3V(PO4)2,mp-aaabrpfm,3.885769387083333
Ca,Ca0-0.5CoO2,CoO2,Ca(CoO2)2,mp-aaachptv,3.750001100000001
Li,Li0-1V6O7F5,V6O7F5,LiV6O7F5,mp-aaabrkzx,2.190456173333364
Li,Li0-1Nb3O7F,Nb3O7F,LiNb3O7F,mp-aaabrgwf,2.328470173333333
Li,Li0-4Fe3Co3(TeO8)2,Fe3Co3(TeO8)2,Li4Fe3Co3(TeO8)2,mp-aaabrjdc,4.10154535833333
Zn,Zn0-1LaVFeO6,LaVFeO6,LaVZnFeO6,mp-aaachkio,1.442364914999999
Ca,Ca0-0.5NiO2,NiO2,Ca(NiO2)2,mp-aaachhlr,3.9231109275
Mg,Mg0-1CsFe(SO4)2,CsFe(SO4)2,CsMgFe(SO4)2,mp-aaabfxiq,0.562670138749998
Li,Li0-1Co(SO4)2,Co(SO4)2,LiCo(SO4)2,mp-aaabrxrk,4.884270373333327
Li,Li0-8Ti16CuS32,Ti16CuS32,Li8Ti16CuS32,mp-aaabrqwb,2.006932327083331
Ca,Ca0-0.25YBiO3,YBiO3,CaY4(BiO3)4,mp-aaaczxye,0.345264029999998
Ca,Ca0-1Cr(GeO3)2,Cr(GeO3)2,CaCr(GeO3)2,mp-aaaczjtl,3.146556977499993
Mg,Mg0-1Zn(ReO4)2,Zn(ReO4)2,MgZn(ReO4)2,mp-aaaaaphe,0.5689432749999991
Mg,Mg0-0.5VO2,VO2,MgV2O4,mp-aaacykra,2.073075037500002
Li,Li0-1Rb2MnF6,Rb2MnF6,Rb2LiMnF6,mp-aaabftpv,3.3816160733333382
Li,Li4-1Ti3Co3(NiO8)2,Li4Ti3Co3(NiO8)2,Li10Ti3Co3(NiO8)2,mp-aaabrlmb,2.602947593333336
Ca,Ca1-3Sr(SnO3)4,SrCa(SnO3)4,SrCa3(SnO3)4,mp-aaadikxh,4.641322972500002
Li,Li1-2FeSiO4,LiFeSiO4,Li2FeSiO4,mp-aaabrexr,2.457523452083334
Li,Li0-1Mo2P2O9,Mo2P2O9,LiMo2P2O9,mp-aaachfvu,3.450910178333335
Ca,Ca0-2W2O5,W2O5,Ca2W2O5,mp-aaadbill,1.430910162500002
Li,Li0-1Rb2SbBr6,Rb2SbBr6,Rb2LiSbBr6,mp-aaabxibk,2.5248188133333342
Ca,Ca1.5-2Ru2O7,Ca3(Ru2O7)2,Ca2Ru2O7,mp-aaacrwex,4.254008760000008
Li,Li1-4Sb(TeO4)3,LiSb(TeO4)3,Li4Sb(TeO4)3,mp-aaabriyz,3.22961835
Li,Li1-3Mn2(PO4)3,LiMn2(PO4)3,Li3Mn2(PO4)3,mp-aaaabvjr,4.497210830833329
Ca,Ca1.5-2MnGaO5,Ca3Mn2(GaO5)2,Ca2MnGaO5,mp-aaaczjbk,3.515586644999994
Ca,Ca0-0.5SbO2,SbO2,Ca(SbO2)2,mp-aaachllk,2.4202679199999992
Li,Li0-4Ni5(P3O11)2,Ni5(P3O11)2,Li4Ni5(P3O11)2,mp-aaaabmyc,4.835588507083334
Ca,Ca0-1TiMo(PO4)3,TiMo(PO4)3,CaTiMo(PO4)3,mp-aaachkwh,3.157875339999992
Mg,Mg0-1Ba3Cr2O8,Ba3Cr2O8,Ba3MgCr2O8,mp-aaacuxwo,0.886493432499993
Mg,Mg0-0.5Cu2GeO4,Cu2GeO4,MgCu4(GeO4)2,mp-aaaaaofg,1.289213635
Li,Li0-3Fe5OF11,Fe5OF11,Li3Fe5OF11,mp-aaacxusv,1.9156629000000047
Mg,Mg0-1NaCo2(MoO5)2,NaCo2(MoO5)2,NaMgCo2(MoO5)2,mp-aaackvad,3.012078104999998
Li,Li0-2V3CoO8,V3CoO8,Li2V3CoO8,mp-aaabqyxd,2.425232038333338
Al,Al0-1Sr2YCo2O7,Sr2YCo2O7,Sr2YAlCo2O7,mp-aaachpbr,2.566741996666671
Li,Li0-1CoPO4,CoPO4,LiCoPO4,mp-aaabrpgm,3.994422962499993
Li,Li0-7Cr3Fe(PO4)6,Cr3Fe(PO4)6,Li7Cr3Fe(PO4)6,mp-aaabsctl,4.168557229047618
Li,Li0-1Mo2PO8,Mo2PO8,LiMo2PO8,mp-aaaabmja,3.266083978333331
Mg,Mg0-1NiMoP2O9,NiMoP2O9,MgNiMoP2O9,mp-aaachjpo,2.593580468750002
Y,Y0-1Sr2GaFe2O7,Sr2GaFe2O7,Sr2YGaFe2O7,mp-aaadaavl,3.03227024888889
Al,Al0.33-0.67BiO3,Al(BiO3)3,Al2(BiO3)3,mp-aaactuzv,2.671186971666662
Li,Li0-1P4WO12,P4WO12,LiP4WO12,mp-aaabrpst,3.321323933333336
Y,Y0-1Ba2TlV2O7,Ba2TlV2O7,Ba2YTlV2O7,mp-aaachnwp,2.074345995555554
Li,Li4-5MnF8,Li4MnF8,Li5MnF8,mp-aaabrbto,4.519855233333335
Li,Li0-2V2F7,V2F7,Li2V2F7,mp-aaabrgfd,2.7961834083333352
Li,Li0-1SbP2O7,SbP2O7,LiSbP2O7,mp-aaaabmia,4.577101773333344
Li,Li2-3MnBAsO7,Li2MnBAsO7,Li3MnBAsO7,mp-aaabryhi,3.519553073333331
Zn,Zn0.25-0.5CrO2,ZnCr4O8,ZnCr2O4,mp-aaadatxw,1.149849039999999
Mg,Mg0-1Mn6O7F5,Mn6O7F5,MgMn6O7F5,mp-aaabrmez,2.713046910000006
Y,Y0-1Sr2Mn2GaO7,Sr2Mn2GaO7,Sr2YMn2GaO7,mp-aaachoyn,2.636641525555558
Li,Li0-1Sn(PO3)3,Sn(PO3)3,LiSn(PO3)3,mp-aaabronz,3.522574895833334
Y,Y0-0.5SnO2,SnO2,Y(SnO2)2,mp-aaadbtbi,1.390053098888887
Li,Li0-1V4O5F7,V4O5F7,LiV4O5F7,mp-aaaevzzc,3.411820933333335
Li,Li0-6V3Cu(PO4)6,V3Cu(PO4)6,Li6V3Cu(PO4)6,mp-aaabsbpn,3.685651848333335
Li,Li0-1V2O5,V2O5,LiV2O5,mp-aaaablkh,3.203716033333326
Li,Li0-1V3(P3O10)2,V3(P3O10)2,LiV3(P3O10)2,mp-aaaabnng,1.973715813333347
Li,Li0-1NbS2,NbS2,LiNbS2,mp-aaaaaovx,2.172169343333334
Al,Al0-1Cr4(CuO4)3,Cr4(CuO4)3,AlCr4(CuO4)3,mp-aaachjcq,1.374003253333334
Li,Li1-3MnF6,LiMnF6,Li3MnF6,mp-aaabqvoa,4.422996118333335
Li,Li0-1CoPO4,CoPO4,LiCoPO4,mp-aaabobsf,4.028777480833331
Mg,Mg0-0.5Cr2CuS4,Cr2CuS4,MgCr4(CuS4)2,mp-aaaabhtb,0.62526204
Y,Y0-1V(WO4)2,V(WO4)2,YV(WO4)2,mp-aaachpwv,2.5579368405555583
Li,Li0-3Cr2(PS4)3,Cr2(PS4)3,Li3Cr2(PS4)3,mp-aaabshog,2.909581414166666
Zn,Zn0-1Mg(NiO2)4,Mg(NiO2)4,MgZn(NiO2)4,mp-aaabrbee,1.546144240000004
Y,Y0-0.5CoO2,CoO2,Y(CoO2)2,mp-aaacutxx,2.608366393888889
Ca,Ca0-1FeP2O7,FeP2O7,CaFeP2O7,mp-aaaabnhs,4.657181641250001
Li,Li0-3MnFeCo(PO4)3,MnFeCo(PO4)3,Li3MnFeCo(PO4)3,mp-aaacoyka,3.771642185000004
Mg,Mg0-1V3CuO8,V3CuO8,MgV3CuO8,mp-aaabqzld,2.081597034999999
Mg,Mg0-0.5Zn(MoO3)2,Zn(MoO3)2,MgZn2(MoO3)4,mp-aaachmyq,2.343262314999994
Mg,Mg0-0.17FeOF,FeOF,MgFe6(OF)6,mp-aaabrkth,1.651354735000009
Li,Li0-1V2O5,V2O5,LiV2O5,mp-aaaablin,3.205333038333333
Mg,Mg0-1V3FeO8,V3FeO8,MgV3FeO8,mp-aaabsclt,1.676107200000001
Li,Li0-1CoSbO4,CoSbO4,LiCoSbO4,mp-aaabrdmp,4.02669763083333
Li,Li0-4CrNi3(PO4)4,CrNi3(PO4)4,Li4CrNi3(PO4)4,mp-aaabqyiu,4.358844675833329
Al,Al0-1V4(CuO4)3,V4(CuO4)3,AlV4(CuO4)3,mp-aaaczuws,1.427347986666663
Li,Li0-2Ni3(P2O7)2,Ni3(P2O7)2,Li2Ni3(P2O7)2,mp-aaaabmls,5.060933100833329
Mg,Mg0-1Fe2CuAs2(HO5)2,Fe2CuAs2(HO5)2,MgFe2CuAs2(HO5)2,mp-aaabkqsi,2.108736234999999
Mg,Mg0-0.5VGa2O5,VGa2O5,MgV2(Ga2O5)2,mp-aaabrbav,0.965442295
Mg,Mg0-1Co(SiO3)2,Co(SiO3)2,MgCo(SiO3)2,mp-aaacyizf,3.568544501250006
Ca,Ca0-2Ba2Tl2Ni3O10,Ba2Tl2Ni3O10,Ba2Ca2Tl2Ni3O10,mp-aaachofn,3.9645487024999992
Mg,Mg7-149Mn,Mg7Mn,Mg149Mn,mp-aaacfvju,0.009480604683098
Li,Li2-3Nb4ZnO12,Li2Nb4ZnO12,Li3Nb4ZnO12,mp-aaabrbnl,1.778082363333316
Ca,Ca0-1NiP2O7,NiP2O7,CaNiP2O7,mp-aaaabvvq,4.982341908749997
Li,Li4-5CoO4,Li4CoO4,Li5CoO4,mp-aaabrfhj,2.844212110833337
Mg,Mg0-1FeAg2SnS4,FeAg2SnS4,MgFeAg2SnS4,mp-aaaabdpi,0.471620179999999
Mg,Mg0-1RbCr3O8,RbCr3O8,RbMgCr3O8,mp-aaaabtex,1.197967525
Li,Li0-2Cr(PO3)5,Cr(PO3)5,Li2Cr(PO3)5,mp-aaabodiy,5.545836435833327
Ca,Ca0.5-1MnF5,CaMn2F10,CaMnF5,mp-aaadcjdm,5.314492394999998
Li,Li0-4Mn3Co2Te3O16,Mn3Co2Te3O16,Li4Mn3Co2Te3O16,mp-aaabraem,3.369766950833328
Li,Li3-4Cr3NiO8,Li3Cr3NiO8,Li4Cr3NiO8,mp-aaabrtcm,3.779084815833333
Li,Li0-6Ti3Cr(PO4)6,Ti3Cr(PO4)6,Li6Ti3Cr(PO4)6,mp-aaabsbpg,3.115055693333341
Li,Li0-1Fe(GeO3)2,Fe(GeO3)2,LiFe(GeO3)2,mp-aaachjqr,5.02722746333333
Li,Li1-1.33FeSiO4,LiFeSiO4,Li4Fe3(SiO4)3,mp-aaabrdyq,1.9058497633333271
Li,Li0-1FeAs2O7,FeAs2O7,LiFeAs2O7,mp-aaaabljo,5.443386683333334
Li,Li0-4TiNi5(PO4)6,TiNi5(PO4)6,Li4TiNi5(PO4)6,mp-aaabrykz,4.277841093333326
Li,Li0-1Fe3OF5,Fe3OF5,LiFe3OF5,mp-aaabsjsr,2.315727533333334
Y,Y0-1Ti(WO4)2,Ti(WO4)2,YTi(WO4)2,mp-aaachgre,2.294579497222223
Ca,Ca0-0.5SnO2,SnO2,Ca(SnO2)2,mp-aaachpjx,1.936496304999997
Li,Li0-1KMnO2,KMnO2,KLiMnO2,mp-aaaablum,2.435533045833332
Li,Li0-2MgCr3(SO4)6,MgCr3(SO4)6,Li2MgCr3(SO4)6,mp-aaabrukl,3.679442053333336
Li,Li0-1FePO4,FePO4,LiFePO4,mp-aaabsejg,3.321968453333338
Li,Li0-1VBO4,VBO4,LiVBO4,mp-aaabqygw,2.7949190533333352
Li,Li0-1NiO2,NiO2,LiNiO2,mp-aaaablhq,3.938574663333332
Li,Li0-1Mn2Fe3Co3O16,Mn2Fe3Co3O16,Li10Mn2Fe3Co3O16,mp-aaabrymy,3.197116280333333
Ca,Ca0-1Ba,Ba,BaCa,mp-aaabkkjr,0.107243259999999
Li,Li0-1P2WO8,P2WO8,LiP2WO8,mp-aaabrpmo,3.731651703333331
Li,Li0-4Mn3CrCo2(PO4)6,Mn3CrCo2(PO4)6,Li4Mn3CrCo2(PO4)6,mp-aaabrcgi,3.775932283333337
Mg,Mg0-1SrNi(PO4)2,SrNi(PO4)2,SrMgNi(PO4)2,mp-aaacynrv,6.811473812500002
Li,Li0-1Cr2(PO4)3,Cr2(PO4)3,LiCr2(PO4)3,mp-aaacbgai,4.575910268333336
Li,Li0-4Mn3Co3(SbO8)2,Mn3Co3(SbO8)2,Li4Mn3Co3(SbO8)2,mp-aaabxdxh,3.900253165833338
Li,Li2-3Cr(Si2O5)3,Li2Cr(Si2O5)3,Li3Cr(Si2O5)3,mp-aaabscxi,3.489491773333331
Li,Li0-2Cu5(Si2O7)2,Cu5(Si2O7)2,Li2Cu5(Si2O7)2,mp-aaaablhl,3.956962868333339
Mg,Mg0-0.5Hg2MoO4,Hg2MoO4,MgHg4(MoO4)2,mp-aaabfuqk,1.053050619999997
Zn,Zn0.5-1.5V3(FeO6)2,V6Zn(FeO6)4,V6Zn3(FeO6)4,mp-aaaczmxf,2.812863432500002
Li,Li0.5-2MnCrO4,LiMn2Cr2O8,Li2MnCrO4,mp-aaabslcr,3.353503085833333
Zn,Zn0-0.5VCuO4,VCuO4,V2Zn(CuO4)2,mp-aaacyurc,2.346625519999997
Mg,Mg0-1SrFe(PO4)2,SrFe(PO4)2,SrMgFe(PO4)2,mp-aaachobq,3.478282777499996
Mg,Mg0-0.5AlCoO3,AlCoO3,MgAl2(CoO3)2,mp-aaacpblw,1.9849177650000032
Li,Li0-1VF5,VF5,LiVF5,mp-aaabrgtc,4.589655722083326
Ca,Ca1.5-2CoTeO6,Ca3Co2(TeO6)2,Ca2CoTeO6,mp-aaaczxtv,4.492510370000001
Ca,Ca0-0.5CrPO4,CrPO4,CaCr2(PO4)2,mp-aaacyxrp,3.606140787500005
Li,Li0.95-1FeAs,Li19(FeAs)20,LiFeAs,mp-aaabeetc,1.7028558533333191
Mg,Mg0-0.5HoMoClO4,HoMoClO4,Ho2MgMo2(ClO4)2,mp-aaabftlt,0.970324569999999
Ca,Ca2-3Fe2(SiO4)3,Ca2Fe2(SiO4)3,Ca3Fe2(SiO4)3,mp-aaactfzu,4.741086927500009
Mg,Mg0-1V4As2O13,V4As2O13,MgV4As2O13,mp-aaaabpxx,2.081670270000008
Mg,Mg0-0.5VS2N3Cl2,VS2N3Cl2,MgV2S4(N3Cl2)2,mp-aaabfuxf,1.066940100000001
Ca,Ca0-0.5NiO2,NiO2,Ca(NiO2)2,mp-aaaablqa,3.603743440000001
Zn,Zn0-1LaFeMoO6,LaFeMoO6,LaZnFeMoO6,mp-aaachkhs,0.7548857399999991
Mg,Mg0-0.5BiSbO4,BiSbO4,MgBi2(SbO4)2,mp-aaaabibi,0.351408060000001
Y,Y0-2MgCd,MgCd,Y2MgCd,mp-aaachdfp,0.200519328888889
Mg,Mg0-0.5LuVO4,LuVO4,Lu2MgV2O8,mp-aaaabccn,0.824073699999997
Mg,Mg0-0.5Mn3(O2F)2,Mn3(O2F)2,MgMn6(O2F)4,mp-aaabreyo,2.292087325000001
Ca,Ca0-1Ho(WO3)2,Ho(WO3)2,CaHo(WO3)2,mp-aaachgjv,1.961787782499999
Li,Li2-3MnOF3,Li2MnOF3,Li3MnOF3,mp-aaacuohc,2.865469915833334
Mg,Mg0-1V2CdO6,V2CdO6,MgV2CdO6,mp-aaabfinu,1.920633095000003
Li,Li0-1Co(PO3)3,Co(PO3)3,LiCo(PO3)3,mp-aaabhgob,4.571968950833342
Li,Li0-1MoP4O13,MoP4O13,LiMoP4O13,mp-aaaabnbm,5.623618168333341
Li,Li0-1CrPO4,CrPO4,LiCrPO4,mp-aaaabbze,2.403661015833333
Mg,Mg0-0.5MoO2,MoO2,Mg(MoO2)2,mp-aaaborqv,2.16925448
Li,Li0-1CrP2O7,CrP2O7,LiCrP2O7,mp-aaabetfn,5.270360383333332
Li,Li1-2Cu(PO3)4,LiCu(PO3)4,Li2Cu(PO3)4,mp-aaaabmwc,4.701168628333339
Li,Li0-1SbWO7,SbWO7,LiSbWO7,mp-aaacrjyp,5.468979158333337
Li,Li0-2Ba6Ti7(Sb3O14)3,Ba6Ti7(Sb3O14)3,Ba6Li2Ti7(Sb3O14)3,mp-aaabrzpa,1.51240237333332
Li,Li0-1V6O7F5,V6O7F5,LiV6O7F5,mp-aaabqyqe,1.9259309833333351
Li,Li0-3V3CrO8,V3CrO8,Li3V3CrO8,mp-aaabqzly,2.3957092166666683
Li,Li0-1Ni4(PO4)3,Ni4(PO4)3,LiNi4(PO4)3,mp-aaaabnfs,4.545262138333361
Ca,Ca0-3Cr2(GeO4)3,Cr2(GeO4)3,Ca3Cr2(GeO4)3,mp-aaacxrav,4.746795054583333
Li,Li3-5Mo2P5O18,Li3Mo2P5O18,Li5Mo2P5O18,mp-aaabhhqv,3.801658305833332
Mg,Mg0-1SbRhO4,SbRhO4,MgSbRhO4,mp-aaabmkon,1.071348570000002
Mg,Mg0-0.5VMoO5,VMoO5,MgV2(MoO5)2,mp-aaaabgok,1.142709485000002
Mg,Mg0-1La4NiO8,La4NiO8,La4MgNiO8,mp-aaabdbod,2.864648450000001
Li,Li0-4Mn3V(PO4)4,Mn3V(PO4)4,Li4Mn3V(PO4)4,mp-aaabrbdb,3.465227093333329
Ca,Ca0-2Ti9O13,Ti9O13,Ca2Ti9O13,mp-aaachmvb,1.317633675000006
Li,Li0-3Mn4CoO8,Mn4CoO8,Li3Mn4CoO8,mp-aaabqznm,3.177038253333336
Li,Li0-3Mo2(PO4)3,Mo2(PO4)3,Li3Mo2(PO4)3,mp-aaabesyk,3.231729919166662
Li,Li0-1NbO2F,NbO2F,LiNbO2F,mp-aaaacaat,1.69391529333333
Mg,Mg1.5-2BiAsO6,Mg3Bi2(AsO6)2,Mg2BiAsO6,mp-aaacykgv,4.49452207
Mg,Mg0-1NaCr3O8,NaCr3O8,NaMgCr3O8,mp-aaaabcno,1.815227957499996
Ca,Ca0-1V(GeO3)2,V(GeO3)2,CaV(GeO3)2,mp-aaachjgl,2.6169912262500032
Ca,Ca1.5-2Nd2Nb3FeO14,Ca3Nd4Nb6(FeO14)2,Ca2Nd2Nb3FeO14,mp-aaaczrjs,4.881421875000018
Li,Li1-4MnV(PO4)3,LiMnV(PO4)3,Li4MnV(PO4)3,mp-aaabrsxk,3.706104261666671
Ca,Ca1.5-2MnSbO6,Ca3Mn2(SbO6)2,Ca2MnSbO6,mp-aaadafwx,3.82459036750001
Li,Li3-4VO3F2,Li3VO3F2,Li4VO3F2,mp-aaabwjsk,2.595430178333335
Zn,Zn0-1Si4SnO10,Si4SnO10,ZnSi4SnO10,mp-aaachjmx,0.9945243462500032
Mg,Mg0-0.5Fe(CoO3)2,Fe(CoO3)2,MgFe2(CoO3)4,mp-aaabqwbg,2.97171714
Mg,Mg0-0.5Nd(CuO2)2,Nd(CuO2)2,Nd2Mg(CuO2)4,mp-aaaaagmd,0.434995104999996
Li,Li2-4FeNi3O8,Li2FeNi3O8,Li4FeNi3O8,mp-aaabqvff,3.655905198333333
Mg,Mg0-0.5NdBiO4,NdBiO4,Nd2Mg(BiO4)2,mp-aaabrayi,1.734955255
Zn,Zn0-1Fe(GeO3)2,Fe(GeO3)2,ZnFe(GeO3)2,mp-aaachjqr,1.8837001462500031
Mg,Mg0-0.12FeOF,FeOF,MgFe8(OF)8,mp-aaabrkta,1.642548705
Li,Li2-4Ti(TeO4)3,Li2Ti(TeO4)3,Li4Ti(TeO4)3,mp-aaabreqg,3.487985610833331
Li,Li0-1TbSn2,TbSn2,LiTbSn2,mp-aaacjbeg,0.018506648333333
Li,Li1-2FeF4,LiFeF4,Li2FeF4,mp-aaabrbdn,3.366988983333333
Mg,Mg0-1Fe2Si2SbO9,Fe2Si2SbO9,MgFe2Si2SbO9,mp-aaackvbx,2.449700155000006
Zn,Zn0-1HoV2O6,HoV2O6,HoV2ZnO6,mp-aaacylkn,0.9172038574999992
Li,Li0-1VP2O7,VP2O7,LiVP2O7,mp-aaaabmuu,3.946934458333335
Mg,Mg2-3Bi,Mg2Bi,Mg3Bi,mp-aaachdgo,0.1032629575
Mg,Mg0-0.5NiO2,NiO2,Mg(NiO2)2,mp-aaaczbej,3.57095873416667
Mg,Mg1-3Sn,MgSn,Mg3Sn,mp-aaackhir,0.096565099999999
Li,Li0.67-1FeBO3,Li2Fe3(BO3)3,LiFeBO3,mp-aaabrffo,7.960389798333321
Ca,Ca0-0.5CuO2,CuO2,Ca(CuO2)2,mp-aaabcrsm,3.58594041
Li,Li0-1VOF3,VOF3,LiVOF3,mp-aaabrgnq,4.482620663333333
Ca,Ca0-2MoWO6,MoWO6,Ca2MoWO6,mp-aaadbihf,2.619560008750002
Zn,Zn0-2MgMn4O8,MgMn4O8,MgMn4Zn2O8,mp-aaaewgly,0.688419987499998
Zn,Zn0-0.5Cu2O3,Cu2O3,Zn(Cu2O3)2,mp-aaachooi,1.965585337500002
Mg,Mg0-0.5TiO2,TiO2,MgTi2O4,mp-aaadanxv,1.240001525833332
Ca,Ca0-0.5VO2,VO2,CaV2O4,mp-aaaczmim,2.704039505000003
Li,Li0-1VPO4,VPO4,LiVPO4,mp-aaaabbwl,2.292511645833326
Li,Li0-2NiO2,NiO2,Li2NiO2,mp-aaaacbdt,3.076690683333331
Li,Li2-5Mn2CoO8,Li2Mn2CoO8,Li5Mn2CoO8,mp-aaacroyq,3.942484643333334
Li,Li0-2Mn2CoO6,Mn2CoO6,Li2Mn2CoO6,mp-aaabqvjl,3.925563678333337
Li,Li0-0.67VPO4,VPO4,Li2V3(PO4)3,mp-aaabxaim,2.402976733333333
Mg,Mg0-1Mn3Cu3O8,Mn3Cu3O8,MgMn3Cu3O8,mp-aaaabxxp,1.318961874999996
Li,Li0-1MnPO4,MnPO4,LiMnPO4,mp-aaabwjgb,3.888288163333333
Li,Li0-4Mn3Co5O16,Mn3Co5O16,Li4Mn3Co5O16,mp-aaabrblg,4.034897215833337
Mg,Mg0-1MnV5O12,MnV5O12,MgMnV5O12,mp-aaabranu,1.629747765000009
Mg,Mg0-1Co7O12,Co7O12,MgCo7O12,mp-aaabrbro,2.516765514999993
Y,Y0-1Sr2Cu2MoO7,Sr2Cu2MoO7,Sr2YCu2MoO7,mp-aaachjbs,2.774843645555556
Li,Li0-3Cr3(PO4)4,Cr3(PO4)4,Li3Cr3(PO4)4,mp-aaaabuyy,5.050816038333338
Mg,Mg0-0.5CrSbO4,CrSbO4,MgCr2(SbO4)2,mp-aaabxanh,1.873911224999997
Mg,Mg0-1MoF5,MoF5,MgMoF5,mp-aaadamrh,3.28763183
Li,Li1-3V(SO4)3,LiV(SO4)3,Li3V(SO4)3,mp-aaabryqu,4.042805750833335
Zn,Zn0-0.5VO2,VO2,V2ZnO4,mp-aaacykra,0.6624027599999991
Ca,Ca1-3SrV4O12,SrCaV4O12,SrCa3V4O12,mp-aaadirjt,3.320073132500002
Ca,Ca0-2MoWO6,MoWO6,Ca2MoWO6,mp-aaadbnaa,2.5255940525
Ca,Ca0-1SrCo(PO4)2,SrCo(PO4)2,SrCaCo(PO4)2,mp-aaachoag,4.304882730000005
Mg,Mg0-0.5MnAgO2,MnAgO2,MgMn2(AgO2)2,mp-aaacuuqy,1.029108547500002
Ca,Ca0-1VF4,VF4,CaVF4,mp-aaaecqdr,3.9936467149999992
Mg,Mg0-0.25Fe(PO3)3,Fe(PO3)3,MgFe4(PO3)12,mp-aaaabllm,2.364010419999961
Mg,Mg0-0.5Y(CuO2)2,Y(CuO2)2,Y2Mg(CuO2)4,mp-aaaabhly,0.110665689999995
Li,Li0-3Mn3(PO4)4,Mn3(PO4)4,Li3Mn3(PO4)4,mp-aaaabmro,5.3289678600000014
Li,Li1-3Mn(PO4)2,LiMn(PO4)2,Li3Mn(PO4)2,mp-aaabqxqx,4.595243854583328
Ca,Ca0-1HoV2O6,HoV2O6,CaHoV2O6,mp-aaacylkn,3.002782194999997
Li,Li0-3Na2FeO4,Na2FeO4,Na2Li3FeO4,mp-aaabqyex,3.364612883333331
Mg,Mg0-1TiV2CrO10,TiV2CrO10,MgTiV2CrO10,mp-aaabsagk,3.011778785000001
Mg,Mg0-1TiMn3O8,TiMn3O8,MgTiMn3O8,mp-aaabrboa,2.524759020000001
Mg,Mg0-0.5Cr(SbO3)2,Cr(SbO3)2,MgCr2(SbO3)4,mp-aaabrajw,0.492211082499996
Li,Li0-0.25AuSeClO3,AuSeClO3,LiAu4Se4(ClO3)4,mp-aaabfxfp,2.648988873333327
Al,Al1.33-1.67CoO4,Al4(CoO4)3,Al5(CoO4)3,mp-aaactiap,3.425539399999991
Mg,Mg0-0.5TaFeO4,TaFeO4,MgTa2(FeO4)2,mp-aaabriig,1.483632754999999
Li,Li1-2Cu(HO)4,LiCu(HO)4,Li2Cu(HO)4,mp-aaabrfmm,2.896567945833337
Mg,Mg0-1VFe(P2O7)2,VFe(P2O7)2,MgVFe(P2O7)2,mp-aaabrrru,2.963643207500003
Zn,Zn0-0.5NiO2,NiO2,Zn(NiO2)2,mp-aaachhmr,2.739494814375
Li,Li0-1Mo(PO3)4,Mo(PO3)4,LiMo(PO3)4,mp-aaabnpgm,4.459960423333347
Li,Li3-5Mo2P5O18,Li3Mo2P5O18,Li5Mo2P5O18,mp-aaabutom,4.998774048333321
Li,Li0-1Mn4(PO4)3,Mn4(PO4)3,LiMn4(PO4)3,mp-aaaabmkw,3.363426568333328
Li,Li2.83-3CrSi2O7,Li17Cr6(Si2O7)6,Li3CrSi2O7,mp-aaacpato,4.528867653333276
Li,Li0-2VP2O7,VP2O7,Li2VP2O7,mp-aaabocyi,3.075299818333331
Li,Li1-2CoP2O7,LiCoP2O7,Li2CoP2O7,mp-aaabodiz,4.706997928333327
Li,Li0.67-0.83MnBO3,Li2Mn3(BO3)3,Li5Mn6(BO3)6,mp-aaabwitq,3.995948943333362
Li,Li0-3Mn(SbO3)4,Mn(SbO3)4,Li3Mn(SbO3)4,mp-aaabrbxx,3.617242846666674
Li,Li1-3Fe2(PO4)3,LiFe2(PO4)3,Li3Fe2(PO4)3,mp-aaackrmi,4.4613581970833325
Mg,Mg0-0.5Ti2CuS4,Ti2CuS4,MgTi4(CuS4)2,mp-aaaaafvz,0.245304289999997
Mg,Mg0-0.5Cr2Hg2H2O9,Cr2Hg2H2O9,MgCr4Hg4(H2O9)2,mp-aaabptlr,1.579803244999998
Li,Li0-2Cr(SO4)2,Cr(SO4)2,Li2Cr(SO4)2,mp-aaabsktg,4.123830350208334
Zn,Zn0-3Ge3(WO6)2,Ge3(WO6)2,Zn3Ge3(WO6)2,mp-aaacxlmr,0.166718366666664
Li,Li0.5-1.25CrO2,LiCr2O4,Li5Cr4O8,mp-aaabrxhz,2.105119911666667
Li,Li0-2MnF4,MnF4,Li2MnF4,mp-aaabqwtq,4.841234435833333
Li,Li0-0.33CuO,CuO,Li(CuO)3,mp-aaacltws,4.066457303333327
Li,Li7-8Mn(O2F)2,Li7Mn(O2F)2,Li8Mn(O2F)2,mp-aaabrpmh,4.533579683333333
Li,Li0-1MoP2O7,MoP2O7,LiMoP2O7,mp-aaabetfq,4.167374118333332
Li,Li5-6La3(SbO6)2,Li5La3(SbO6)2,Li6La3(SbO6)2,mp-aaabsdjw,0.8552971958333491
Li,Li0-1Fe2P3O10,Fe2P3O10,LiFe2P3O10,mp-aaaabnyu,3.886222098333339
Li,Li1-2CuPO4,LiCuPO4,Li2CuPO4,mp-aaabcsai,3.176260728333337
Mg,Mg0-1V4(CuO4)3,V4(CuO4)3,MgV4(CuO4)3,mp-aaaczuws,2.221690219999989
Li,Li0-1Co(PO3)4,Co(PO3)4,LiCo(PO3)4,mp-aaaabnyk,6.078896553333341
Mg,Mg0-1Na4Ti3O8,Na4Ti3O8,Na4MgTi3O8,mp-aaabqyio,0.220679439999995
Mg,Mg0-1Cu3(TeO5)2,Cu3(TeO5)2,MgCu3(TeO5)2,mp-aaabqyxs,3.224596424999998
Li,Li0-1P4WO12,P4WO12,LiP4WO12,mp-aaabwjba,3.569931093333314
Y,Y0-1V(WO4)2,V(WO4)2,YV(WO4)2,mp-aaachhee,2.273385495555556
Mg,Mg0-0.25YWO5,YWO5,Y4Mg(WO5)4,mp-aaacqsmj,3.557029565000012
Li,Li2-3MnCo3O8,Li2MnCo3O8,Li3MnCo3O8,mp-aaacwjav,3.193511393333342
Li,Li0-2MnCo3O8,MnCo3O8,Li2MnCo3O8,mp-aaabrbwn,4.032006620833333
Ca,Ca0-1CuP4(RuO7)2,CuP4(RuO7)2,CaCuP4(RuO7)2,mp-aaacrbao,1.951387280000008
Zn,Zn0-0.5SrCuSO,SrCuSO,Sr2ZnCu2(SO)2,mp-aaadbhgq,1.738290039999999
Li,Li0-2FeCoO4,FeCoO4,Li2FeCoO4,mp-aaabqzyq,3.800156808333334
Li,Li0-3Co3(PO4)4,Co3(PO4)4,Li3Co3(PO4)4,mp-aaaabmti,5.291712258333334
Mg,Mg0-1CuS,CuS,MgCuS,mp-aaacgfnc,0.080591104999999
Ca,Ca0-0.5FeO2,FeO2,Ca(FeO2)2,mp-aaacywgv,3.993784855625
Ca,Ca0-0.5MnO2,MnO2,CaMn2O4,mp-aaacywke,3.461510046874997
Li,Li1-2VF6,LiVF6,Li2VF6,mp-aaabqwvs,4.384454303333332
Li,Li2-3Fe(PO4)2,Li2Fe(PO4)2,Li3Fe(PO4)2,mp-aaabnshc,4.764306250833333
Al,Al0-1Sn(WO4)2,Sn(WO4)2,AlSn(WO4)2,mp-aaachgur,1.558621521666663
Li,Li0-1.25FeO2,FeO2,Li5(FeO2)4,mp-aaaabliq,3.526588973333334
Zn,Zn0-2Mg(CoS2)4,Mg(CoS2)4,MgZn2(CoS2)4,mp-aaaewgwd,0.1236809625
Li,Li0-3V5O12,V5O12,Li3V5O12,mp-aaabqybj,3.110199269999995
Li,Li0-3MnNb4O12,MnNb4O12,Li3MnNb4O12,mp-aaabsdqt,3.000005838333327
Ca,Ca0-1VNiP2O9,VNiP2O9,CaVNiP2O9,mp-aaacywjg,4.554808133750004
Mg,Mg0-0.5Fe2O3,Fe2O3,Mg(Fe2O3)2,mp-aaadales,2.640936530000002
Ca,Ca0-0.25FePO4,FePO4,CaFe4(PO4)4,mp-aaabqvsq,3.15446019999999
Mg,Mg5-149Ag,Mg5Ag,Mg149Ag,mp-aaacpmdt,0.013563235173611
Mg,Mg0-0.5Fe3O5F,Fe3O5F,MgFe6(O5F)2,mp-aaabraji,2.869550109999996
Mg,Mg0-1Mn3CuO8,Mn3CuO8,MgMn3CuO8,mp-aaabrbcr,3.180677094999997
Al,Al0-0.5TiO2,TiO2,Ti2AlO4,mp-aaaabljq,0.7530239699999981
Zn,Zn0-1BiSbO5,BiSbO5,ZnBiSbO5,mp-aaachjwl,2.170244109999999
Li,Li4-6Na3Mn5O9,Na3Li4Mn5O9,Na3Li6Mn5O9,mp-aaabqwcl,1.137442738333324
Mg,Mg0-0.5Zn(NiO2)2,Zn(NiO2)2,MgZn2(NiO2)4,mp-aaachrqu,2.110547800000003
Mg,Mg0-1Mo3O7,Mo3O7,MgMo3O7,mp-aaachlbg,1.372692116249997
Mg,Mg0-0.5Nb2O5,Nb2O5,MgNb4O10,mp-aaackrro,1.05520838
Li,Li1.5-2FeSiO4,Li3Fe2(SiO4)2,Li2FeSiO4,mp-aaabwktu,3.42389415833333
Ca,Ca0-2CrWO6,CrWO6,Ca2CrWO6,mp-aaadbyty,3.7053596675
Li,Li0.5-1MnPO5,LiMn2(PO5)2,LiMnPO5,mp-aaabrpim,4.633391458333325
Mg,Mg0-0.25CoP2O7,CoP2O7,MgCo4(P2O7)4,mp-aaaabnno,4.052603160000008
Li,Li0-1Cr(PO3)3,Cr(PO3)3,LiCr(PO3)3,mp-aaaabuww,3.560388010833326
Ca,Ca0.5-1AlF5,CaAl2F10,CaAlF5,mp-aaacrvqh,6.635897590000002
Mg,Mg0-0.5FeO2,FeO2,Mg(FeO2)2,mp-aaaczdhr,3.84365596333333
Zn,Zn0-1BaMn4O8,BaMn4O8,BaMn4ZnO8,mp-aaachgkm,1.665372695000002
Li,Li1-2Mo(PO4)2,LiMo(PO4)2,Li2Mo(PO4)2,mp-aaaabmjq,3.762922580833337
Ca,Ca0-1Mn(PO3)4,Mn(PO3)4,CaMn(PO3)4,mp-aaaabvis,4.938846217500003
Li,Li1-3Ti2(PO4)3,LiTi2(PO4)3,Li3Ti2(PO4)3,mp-aaaabmfw,1.625119957083332
Y,Y0-1Ba2Co2F11,Ba2Co2F11,Ba2YCo2F11,mp-aaachfzt,4.670039965555553
Mg,Mg0-1La4CoO8,La4CoO8,La4MgCoO8,mp-aaaablim,2.296263799999995
Mg,Mg0-0.5Ti3N2O3,Ti3N2O3,MgTi6(N2O3)2,mp-aaabqyyh,0.38007137499999
Li,Li5-9Fe5O12,Li5Fe5O12,Li9Fe5O12,mp-aaabrxoh,3.225624043333337
Li,Li2-3Cr(PO4)2,Li2Cr(PO4)2,Li3Cr(PO4)2,mp-aaaabnju,4.462743378333333
Li,Li0-0.5CuO,CuO,Li(CuO)2,mp-aaabdboi,3.000944633333334
Li,Li2-4Cr3CoO8,Li2Cr3CoO8,Li4Cr3CoO8,mp-aaabranw,3.655575148333331
Li,Li0-4Mn3Sb(PO4)4,Mn3Sb(PO4)4,Li4Mn3Sb(PO4)4,mp-aaabrbat,3.106594598333328
Ca,Ca0-1NiMoP2O9,NiMoP2O9,CaNiMoP2O9,mp-aaachjpo,3.680435380000001
Li,Li0-1Cr(PO3)3,Cr(PO3)3,LiCr(PO3)3,mp-aaabhgwb,2.177492603333324
Mg,Mg0-1Sr2YCrO6,Sr2YCrO6,Sr2YMgCrO6,mp-aaacjlnp,0.939867204999996
Li,Li0.5-1V(CO3)2,LiV2(CO3)4,LiV(CO3)2,mp-aaabrehp,3.016375198333326
Li,Li3-4Na5Ti5O14,Na5Li3Ti5O14,Na5Li4Ti5O14,mp-aaabsbwr,0.98234783333334
Li,Li4-1V3Cr5O16,Li4V3Cr5O16,Li10V3Cr5O16,mp-aaabsdre,1.566328898333329
Mg,Mg0-1ScMo3O8,ScMo3O8,MgScMo3O8,mp-aaaevzvf,1.414308095
Li,Li0-0.33KNb2O5,KNb2O5,K3LiNb6O15,mp-aaabrzpm,1.399390608333353
Li,Li0-4Mn5Co(PO4)6,Mn5Co(PO4)6,Li4Mn5Co(PO4)6,mp-aaabrxmn,3.673781190833343
Mg,Mg0-2IrWO6,IrWO6,Mg2IrWO6,mp-aaachpbc,2.267211910000001
Zn,Zn0-1MgMn4O8,MgMn4O8,MgMn4ZnO8,mp-aaadbdkd,1.007310225000005
Li,Li0-1Sn(PO3)3,Sn(PO3)3,LiSn(PO3)3,mp-aaabmyog,4.358611948333338
Mg,Mg0-0.5CuTeO4,CuTeO4,MgCu2(TeO4)2,mp-aaabrwlf,2.374267559999997
Mg,Mg0-0.5PrMnGeO5,PrMnGeO5,Pr2MgMn2(GeO5)2,mp-aaabjfue,0.003143510000005
Li,Li0.75-1NiO2,Li3(NiO2)4,LiNiO2,mp-aaabretm,3.70597174333334
Ca,Ca0-1TiBi(PO4)3,TiBi(PO4)3,CaTiBi(PO4)3,mp-aaachkau,3.8911651950000152
Li,Li2-3Mn(PO4)2,Li2Mn(PO4)2,Li3Mn(PO4)2,mp-aaabreng,4.475758013333338
Mg,Mg0-0.5FeO2,FeO2,Mg(FeO2)2,mp-aaaczcsu,3.9504449883333352
Ca,Ca0-0.5CoN,CoN,Ca(CoN)2,mp-aaadbycg,1.907182665000001
Li,Li0-1SnPHO5,SnPHO5,LiSnPHO5,mp-aaabsuwr,5.334166028333333
Li,Li0-3VF5,VF5,Li3VF5,mp-aaabrnpn,3.581036401666667
Zn,Zn0-2CrIrO6,CrIrO6,Zn2CrIrO6,mp-aaachoxn,1.835179334999999
Li,Li0-1FePO4,FePO4,LiFePO4,mp-aaabobtk,3.446270226666667
Li,Li0-1Mn(PO3)4,Mn(PO3)4,LiMn(PO3)4,mp-aaaabvjw,5.113220223333319
Li,Li0-2Mn2NiO6,Mn2NiO6,Li2Mn2NiO6,mp-aaaablkn,3.978176190833328
Li,Li0-5TiMn9O20,TiMn9O20,Li5TiMn9O20,mp-aaabrwyb,3.827004702333333
Mg,Mg0-0.5MnS2,MnS2,Mg(MnS2)2,mp-aaadawjk,0.9841867275
Li,Li0-1SnS2,SnS2,LiSnS2,mp-aaaaabta,1.5603050533333331
Li,Li0-0.5WO2,WO2,Li(WO2)2,mp-aaabcrsw,3.356560958333337
Li,Li0-4Mn5P6WO24,Mn5P6WO24,Li4Mn5P6WO24,mp-aaabrxrg,3.070848658333337
Mg,Mg0-0.5NbFeO4,NbFeO4,MgNb2(FeO4)2,mp-aaaabuzp,1.3785146200000011
Al,Al0-0.5CuO2,CuO2,Al(CuO2)2,mp-aaabcrsm,2.852080401666665
Mg,Mg0-0.5MnOF,MnOF,MgMn2(OF)2,mp-aaacuyel,2.138543839999998
Ca,Ca0-0.5PdN,PdN,Ca(PdN)2,mp-aaacitjg,2.454798075
Li,Li0-1V2OF5,V2OF5,LiV2OF5,mp-aaackrax,3.43901020333333
Li,Li0-4Mn3Sn3(TeO8)2,Mn3Sn3(TeO8)2,Li4Mn3Sn3(TeO8)2,mp-aaabrysw,3.292506694583328
Li,Li1-3V(PO4)2,LiV(PO4)2,Li3V(PO4)2,mp-aaabqwyi,3.990402845833335
Li,Li0-1Co2P3O10,Co2P3O10,LiCo2P3O10,mp-aaaabljy,4.794025123333331
Li,Li0.12-0.88FeBO3,LiFe8(BO3)8,Li7Fe8(BO3)8,mp-aaabrmxa,3.023072698333336
Ca,Ca0-1BiMoO5,BiMoO5,CaBiMoO5,mp-aaachijd,3.778426958124998
Mg,Mg0-1SbOF3,SbOF3,MgSbOF3,mp-aaackrgv,2.149089840000001
Li,Li0-1Ba4Nb3O12,Ba4Nb3O12,Ba4LiNb3O12,mp-aaabscax,4.622247368333324
Li,Li0.67-1.33Cr(CO3)2,Li2Cr3(CO3)6,Li4Cr3(CO3)6,mp-aaabrdgn,3.350905183333314
Y,Y0-1Ba2TlCo2O7,Ba2TlCo2O7,Ba2YTlCo2O7,mp-aaachnwc,3.287781532222219
Zn,Zn0-1WF5,WF5,ZnWF5,mp-aaaczvjd,0.6939780575000011
Mg,Mg0-0.17MnOF,MnOF,MgMn6(OF)6,mp-aaabrlcm,2.026210579999998
Mg,Mg0-1V4O5F7,V4O5F7,MgV4O5F7,mp-aaaewamk,2.41871101
Li,Li0-1Mn(PO3)3,Mn(PO3)3,LiMn(PO3)3,mp-aaabobua,4.965640293333328
Mg,Mg0-1Ba4Co(ReO6)2,Ba4Co(ReO6)2,Ba4MgCo(ReO6)2,mp-aaackymb,0.875354059999996
Li,Li1-3Sb(PO4)2,LiSb(PO4)2,Li3Sb(PO4)2,mp-aaabsbbs,3.412130130833337
Zn,Zn0-0.5Mo4O5,Mo4O5,Zn(Mo4O5)2,mp-aaabexiz,2.599806892499991
Mg,Mg0-0.5MoH2Cl2O3,MoH2Cl2O3,MgMo2H4(Cl2O3)2,mp-aaabpqjf,1.87876047
Li,Li0-4V3Cu(PO4)4,V3Cu(PO4)4,Li4V3Cu(PO4)4,mp-aaabscyo,2.804097548333328
Li,Li0-5V6O5F19,V6O5F19,Li5V6O5F19,mp-aaabrgif,4.134294411333331
Mg,Mg0-0.5CoO2,CoO2,Mg(CoO2)2,mp-aaacutxx,3.393782079999998
Li,Li0.1-0.45MnO2,LiMn10O20,Li9Mn20O40,mp-aaabrqoa,3.9120125833333472
Mg,Mg0-1CrBiO5,CrBiO5,MgCrBiO5,mp-aaachijs,3.282820945625002
Ca,Ca0.5-1BiO3,Ca(BiO3)2,CaBiO3,mp-aaachmix,3.673728269999997
Mg,Mg0-0.5TiFe2O5,TiFe2O5,MgTi2(Fe2O5)2,mp-aaaabdtt,1.308687624999994
Mg,Mg0-0.25VO2F,VO2F,MgV4(O2F)4,mp-aaabqyzl,3.093769859999992
Li,Li0-4Ti3Mn3Cr2O16,Ti3Mn3Cr2O16,Li4Ti3Mn3Cr2O16,mp-aaabrbmy,3.792199145833334
Li,Li0-1VF5,VF5,LiVF5,mp-aaabrgsu,4.68927737333333
Y,Y0-1Sr2TiCu2O7,Sr2TiCu2O7,Sr2YTiCu2O7,mp-aaachnqb,2.858051453888888
Y,Y0-1Sr2FeCu2O7,Sr2FeCu2O7,Sr2YFeCu2O7,mp-aaachjjc,3.404866117222225
Li,Li0-3Co2NiO6,Co2NiO6,Li3Co2NiO6,mp-aaabqwpp,3.821463788333331
Mg,Mg0-0.25FeO2,FeO2,Mg(FeO2)4,mp-aaabthzw,2.552473719999999
Ca,Ca0-0.25Al,Al,CaAl4,mp-aaacsndk,1.091227075
Mg,Mg0-0.5MnFeO4,MnFeO4,MgMn2(FeO4)2,mp-aaabrifj,2.541349174999998
Li,Li0-1Fe5O8,Fe5O8,LiFe5O8,mp-aaacrsdl,4.007807863333345
Zn,Zn0-0.5FeO2,FeO2,Zn(FeO2)2,mp-aaadbkav,2.614401874999998
Zn,Zn0-1LaFeBiO6,LaFeBiO6,LaZnFeBiO6,mp-aaachkky,3.0739730825
Ca,Ca0-0.25VPO5,VPO5,CaV4(PO5)4,mp-aaaabnco,3.47410882499999
Y,Y0-1Ba2Mn3O8,Ba2Mn3O8,Ba2YMn3O8,mp-aaachqoi,3.6465556322222192
Li,Li0-2Ni3(P2O7)2,Ni3(P2O7)2,Li2Ni3(P2O7)2,mp-aaackrnf,4.930101610833336
Zn,Zn0-0.5CoN,CoN,Zn(CoN)2,mp-aaadbycg,0.845356505
Li,Li0-3Co3(PO4)4,Co3(PO4)4,Li3Co3(PO4)4,mp-aaaaburq,4.783189751666673
Li,Li1-2V(PO4)2,LiV(PO4)2,Li2V(PO4)2,mp-aaaabwar,3.778100145833325
Li,Li0-1V4O5F7,V4O5F7,LiV4O5F7,mp-aaabqzdl,3.43849284333334
Ca,Ca0-1NiSbP2O9,NiSbP2O9,CaNiSbP2O9,mp-aaachjpd,3.811423081250001
Li,Li1-2TiFe2O5,LiTiFe2O5,Li2TiFe2O5,mp-aaabqwgf,2.644786933333326
Li,Li0-0.5MoO2,MoO2,Li(MoO2)2,mp-aaaborqv,3.175817193333334
Li,Li0-11V6O5F19,V6O5F19,Li11V6O5F19,mp-aaabskua,3.675043085151513
Ca,Ca0-1Mo3O7,Mo3O7,CaMo3O7,mp-aaachlbg,2.101972988750009
Mg,Mg0-0.5W(BrO)2,W(BrO)2,MgW2(BrO)4,mp-aaabqzbw,1.670764835000004
Mg,Mg0-0.5NiMoO4,NiMoO4,MgNi2(MoO4)2,mp-aaaabcdn,0.962336220000002
Li,Li0-1CoPO4,CoPO4,LiCoPO4,mp-aaabqxdv,4.362226118333329
Mg,Mg0-0.5TbWClO4,TbWClO4,Tb2MgW2(ClO4)2,mp-aaackuvy,0.6956722900000021
Li,Li1-3Sb2(PO4)3,LiSb2(PO4)3,Li3Sb2(PO4)3,mp-aaabmypg,3.225564713333345
Li,Li0-1Ni9O13,Ni9O13,LiNi9O13,mp-aaachneu,4.717965313333342
Li,Li0-1FePO4,FePO4,LiFePO4,mp-aaabqwwa,3.552719033333336
Mg,Mg0-0.5Ni2O3,Ni2O3,Mg(Ni2O3)2,mp-aaachkfb,3.852618967499997
Mg,Mg0-0.5CrNiO4,CrNiO4,MgCr2(NiO4)2,mp-aaaabbsg,1.730526834999996
Zn,Zn0-0.5CrO2,CrO2,ZnCr2O4,mp-aaacytxy,1.6288605825
Li,Li2-5V3CrO8,Li2V3CrO8,Li5V3CrO8,mp-aaabsgkg,1.4976418749999991
Li,Li0-1Ti2Mn3Co3O16,Ti2Mn3Co3O16,Li10Ti2Mn3Co3O16,mp-aaabrxww,2.8068868163333303
Li,Li2-3MnV3O8,Li2MnV3O8,Li3MnV3O8,mp-aaacvcpy,1.813716853333337
Li,Li3-4Cr3NiO8,Li3Cr3NiO8,Li4Cr3NiO8,mp-aaabrbgp,3.60351943833334
Ca,Ca0-1NiP2WO9,NiP2WO9,CaNiP2WO9,mp-aaachjmj,3.125134712500002
Mg,Mg0-1V2O5,V2O5,MgV2O5,mp-aaaablin,2.581288170000001
Zn,Zn0-1ScMo3O8,ScMo3O8,ScZnMo3O8,mp-aaadajdm,1.703581632499997
Mg,Mg0-0.17FeOF,FeOF,MgFe6(OF)6,mp-aaabrliy,1.388226684999996
Ca,Ca0-0.5Sb5S3O5,Sb5S3O5,CaSb10(S3O5)2,mp-aaaebdil,4.167260372499999
Ca,Ca0-1CrBiO5,CrBiO5,CaCrBiO5,mp-aaachijs,4.094006675000005
Al,Al0-1Cu3(SnO3)4,Cu3(SnO3)4,AlCu3(SnO3)4,mp-aaadagzh,0.338186859999995
Mg,Mg0-0.25CrO3,CrO3,MgCr4O12,mp-aaabqzep,2.754556349999991
Zn,Zn0-1VPO5,VPO5,VZnPO5,mp-aaacrfgx,1.327638476249998
Ca,Ca8-9Cr(PO4)7,Ca8Cr(PO4)7,Ca9Cr(PO4)7,mp-aaacxygm,4.84894905499998
Li,Li0-1Mn2P2O9,Mn2P2O9,LiMn2P2O9,mp-aaachfws,4.71563363333333
Al,Al0-0.5NiO2,NiO2,Al(NiO2)2,mp-aaachhlr,3.542889736666666
Li,Li4-5.88CoO4,Li4CoO4,Li47(CoO4)8,mp-aaabrfht,2.545292454666666
Mg,Mg0-1Fe(Si2O5)2,Fe(Si2O5)2,MgFe(Si2O5)2,mp-aaachjyi,3.40944680249999
Li,Li0.67-1CrO2,Li2Cr3O6,LiCrO2,mp-aaabqxht,3.961170205833333
Li,Li0-0.5Sm2Mo2O7,Sm2Mo2O7,LiSm4(Mo2O7)2,mp-aaabfori,1.594363883333362
Li,Li0-1Cr2P3O13,Cr2P3O13,LiCr2P3O13,mp-aaaaboci,4.576399585833319
Li,Li0.67-1.33V(CO3)2,Li2V3(CO3)6,Li4V3(CO3)6,mp-aaabrdsq,2.861822603333334
Mg,Mg0-0.5CrS2,CrS2,Mg(CrS2)2,mp-aaachhpf,1.193832075
Zn,Zn0-1Mn(SiO3)2,Mn(SiO3)2,MnZn(SiO3)2,mp-aaacnakn,1.598031242499999
Li,Li0-1Ti2Ni(PO5)2,Ti2Ni(PO5)2,LiTi2Ni(PO5)2,mp-aaabrxkt,1.786805593333331
Mg,Mg0-0.5TbMoClO4,TbMoClO4,Tb2MgMo2(ClO4)2,mp-aaabftud,0.959699245
Zn,Zn0-1V3O7,V3O7,V3ZnO7,mp-aaadamgd,1.162738922499997
Mg,Mg0-0.5CsTm(WO4)2,CsTm(WO4)2,Cs2Tm2Mg(WO4)4,mp-aaacrarx,0.7249695449999971
Li,Li3-5V7O12,Li3V7O12,Li5V7O12,mp-aaabqvjs,1.813055793333338
Mg,Mg0-0.5Co2NiS4,Co2NiS4,MgCo4(NiS4)2,mp-aaaabhnm,0.065719840000004
Li,Li0-1Cu6OF11,Cu6OF11,LiCu6OF11,mp-aaabqvuz,3.611493333333333
Mg,Mg0-1V4O5F7,V4O5F7,MgV4O5F7,mp-aaabwijc,2.375187435000005
Ca,Ca0-0.5Ti2(PO4)3,Ti2(PO4)3,CaTi4(PO4)6,mp-aaabsbtx,4.772605545000021
Ca,Ca0-0.25CoO2,CoO2,Ca(CoO2)4,mp-aaaablio,3.693774970000002
Li,Li2-3MnCo3O8,Li2MnCo3O8,Li3MnCo3O8,mp-aaacwifx,3.323602568333332
Ca,Ca0-1CrF4,CrF4,CaCrF4,mp-aaaefnjk,4.962554234999998
Li,Li0-4Mn3Cr3(SnO8)2,Mn3Cr3(SnO8)2,Li4Mn3Cr3(SnO8)2,mp-aaabrwrn,4.12442784833333
Mg,Mg0-1KSb(PO4)2,KSb(PO4)2,KMgSb(PO4)2,mp-aaabfntr,1.868910285000003
Mg,Mg0-1Zn(CoS2)4,Zn(CoS2)4,MgZn(CoS2)4,mp-aaadbtno,1.044599965
Li,Li1-5Ti2V3O10,LiTi2V3O10,Li5Ti2V3O10,mp-aaabqxky,2.282388664583327
Ca,Ca0-0.5WO2,WO2,Ca(WO2)2,mp-aaachgji,1.7904401450000071
Li,Li0-2Mn3CoO8,Mn3CoO8,Li2Mn3CoO8,mp-aaabrbbm,4.3857285333333325
Ca,Ca0-0.5NiO2,NiO2,Ca(NiO2)2,mp-aaadcbxt,3.867787337499996
Mg,Mg0-1V3(P2O7)2,V3(P2O7)2,MgV3(P2O7)2,mp-aaaabmvi,1.344991609999998
Mg,Mg0-0.5WO2,WO2,Mg(WO2)2,mp-aaachfsc,1.4379463525000031
Li,Li6-7FeCo3(PO4)6,Li6FeCo3(PO4)6,Li7FeCo3(PO4)6,mp-aaabrtan,2.533133643333319
Li,Li0-2Co2(CO3)3,Co2(CO3)3,Li2Co2(CO3)3,mp-aaabqvou,4.13734773833333
Al,Al0-1BaCu4O7,BaCu4O7,BaAlCu4O7,mp-aaachqop,3.069979428333333
Mg,Mg0-0.5CrPO5,CrPO5,MgCr2(PO5)2,mp-aaachkqk,3.8401298374999913
Li,Li0-1CoO2,CoO2,LiCoO2,mp-aaaablio,3.789750783333332
Li,Li0.12-0.88FeBO3,LiFe8(BO3)8,Li7Fe8(BO3)8,mp-aaabscsx,3.021255741666669
Li,Li0-2KMn2O4,KMn2O4,KLi2Mn2O4,mp-aaabrlmz,1.7126599058333352
Li,Li0-2Ni5(PO4)4,Ni5(PO4)4,Li2Ni5(PO4)4,mp-aaaabnvm,4.157002860833335
Mg,Mg0-0.5CrAg3ClO4,CrAg3ClO4,MgCr2Ag6(ClO4)2,mp-aaabfqmj,1.560118215000007
Li,Li0-1Fe5P3O13,Fe5P3O13,LiFe5P3O13,mp-aaabrlvr,2.881223538333334
Mg,Mg0-0.5Cu(IO3)2,Cu(IO3)2,MgCu2(IO3)4,mp-aaabfrja,1.751615615000003
Mg,Mg0-0.5Mn3(O2F)2,Mn3(O2F)2,MgMn6(O2F)4,mp-aaabqvji,1.868142074999998
Li,Li0-1V2OF5,V2OF5,LiV2OF5,mp-aaabrmsj,3.500136470000005
Mg,Mg0-0.5Zn(BiO3)2,Zn(BiO3)2,MgZn2(BiO3)4,mp-aaachmiw,3.155269885
Li,Li0-2CoP2O7,CoP2O7,Li2CoP2O7,mp-aaaabnkw,4.688218982083332
Li,Li0-1Na5Mn2P2(CO7)2,Na5Mn2P2(CO7)2,Na5LiMn2P2(CO7)2,mp-aaabqxxs,3.465166133333359
Li,Li0-2Mn2F7,Mn2F7,Li2Mn2F7,mp-aaabrgsr,4.688098608333335
Ca,Ca0-1Mn4(SiO3)5,Mn4(SiO3)5,CaMn4(SiO3)5,mp-aaacywxx,3.672704327500002
Mg,Mg0-1Cs2MnV2(ClO3)2,Cs2MnV2(ClO3)2,Cs2MgMnV2(ClO3)2,mp-aaabgpzh,0.7366774674999921
Mg,Mg0-0.5MnPO4,MnPO4,MgMn2(PO4)2,mp-aaaabmum,2.503712075
Mg,Mg0-1MnSbO4,MnSbO4,MgMnSbO4,mp-aaacuqey,1.099840587500002
Mg,Mg0-0.5CoO2,CoO2,Mg(CoO2)2,mp-aaacyuxn,3.505783285
Li,Li0-3MnFeCo(PO4)3,MnFeCo(PO4)3,Li3MnFeCo(PO4)3,mp-aaacoyla,2.044967240833334
Li,Li0-2FeSn(PO4)2,FeSn(PO4)2,Li2FeSn(PO4)2,mp-aaacpaxv,2.635876797083331
Li,Li0-1P4WO12,P4WO12,LiP4WO12,mp-aaabrpjj,3.640418583333319
Li,Li0.33-0.67CuCO3,LiCu3(CO3)3,Li2Cu3(CO3)3,mp-aaabrdze,3.295100668333337
Mg,Mg0-1V4SnO12,V4SnO12,MgV4SnO12,mp-aaabrbpx,1.892681705000005
Mg,Mg0-1VO2,VO2,MgVO2,mp-aaadcvwx,1.363370369999999
Ca,Ca0.5-1Cu(GeO3)2,CaCu2(GeO3)4,CaCu(GeO3)2,mp-aaaczkvy,4.086551792499992
Li,Li5-14Ni9(P2O7)8,Li5Ni9(P2O7)8,Li14Ni9(P2O7)8,mp-aaaaboaj,5.066215665555551
Mg,Mg0-1Ti(PO3)4,Ti(PO3)4,MgTi(PO3)4,mp-aaabetfe,1.5328574225000051
Li,Li0-1VP2O7,VP2O7,LiVP2O7,mp-aaaabnge,3.487044063333333
Li,Li0.83-0.92MnBO3,Li5Mn6(BO3)6,Li11Mn12(BO3)12,mp-aaabsoam,3.638246673333308
Li,Li0-1CoP2O7,CoP2O7,LiCoP2O7,mp-aaabnsha,5.159492045833336
Mg,Mg0-0.5FeCuS2,FeCuS2,MgFe2(CuS2)2,mp-aaabkkwf,0.042081969999999
Li,Li0-3Mg(NiO2)4,Mg(NiO2)4,Li3Mg(NiO2)4,mp-aaabrbee,3.645868066666669
Li,Li5-14Co9(P2O7)8,Li5Co9(P2O7)8,Li14Co9(P2O7)8,mp-aaabodlz,4.576242114444443
Y,Y0-1BaCuSbO5,BaCuSbO5,BaYCuSbO5,mp-aaachhth,2.671277912222223
Li,Li1-4.75V3O8,LiV3O8,Li19V12O32,mp-aaaaborv,2.755531666666669
Li,Li0-1MnP2O7,MnP2O7,LiMnP2O7,mp-aaabnsga,5.407387925833338
Mg,Mg0-0.5Ba5Mn3O12F,Ba5Mn3O12F,Ba10MgMn6(O12F)2,mp-aaacqnjh,0.706776100000003
Mg,Mg0-1BaCr4O8,BaCr4O8,BaMgCr4O8,mp-aaachgjo,2.216978399999999
Li,Li0-1SrVPO6,SrVPO6,SrLiVPO6,mp-aaaaazxe,2.557258880833335
Li,Li0-1Cr2(SO4)3,Cr2(SO4)3,LiCr2(SO4)3,mp-aaaabcqr,2.006413453333327
Li,Li0-1Na2Fe(Si2O5)3,Na2Fe(Si2O5)3,Na2LiFe(Si2O5)3,mp-aaabsksd,5.44851338333331
Li,Li1-2CrCoO4,LiCrCoO4,Li2CrCoO4,mp-aaabrjgd,3.051329638333333
Zn,Zn0-1CrP2O7,CrP2O7,ZnCrP2O7,mp-aaaabnsw,1.709648025
Mg,Mg0-0.5BaMo2Se2O11,BaMo2Se2O11,Ba2MgMo4(Se2O11)2,mp-aaabfoiu,1.347445975000003
Zn,Zn0-2IrWO6,IrWO6,Zn2IrWO6,mp-aaachpbc,0.8917913187500021
Li,Li0-1V(PO3)4,V(PO3)4,LiV(PO3)4,mp-aaabrpcm,4.797773008333313
Mg,Mg0-0.5SmVO4,SmVO4,Sm2MgV2O8,mp-aaaabcpf,0.7914256849999971
Mg,Mg0-0.5FeWClO4,FeWClO4,MgFe2W2(ClO4)2,mp-aaabfrjv,2.507129905000003
Li,Li1-2CrP2O7,LiCrP2O7,Li2CrP2O7,mp-aaaabuwx,4.397781578333341
Ca,Ca0-0.5VS2,VS2,Ca(VS2)2,mp-aaadbypi,1.409280040000001
Li,Li0-1V4P7O24,V4P7O24,LiV4P7O24,mp-aaabcrzo,3.303525773333381
Mg,Mg1.5-2VO4,Mg3V2O8,Mg2VO4,mp-aaadbtls,1.771756414999996
Li,Li0-4Mn3NbCr2(PO4)6,Mn3NbCr2(PO4)6,Li4Mn3NbCr2(PO4)6,mp-aaabsdwx,2.65510019333333
Y,Y0-0.67SiWO4,SiWO4,Y2Si3(WO4)3,mp-aaactcbi,0.7318664168055581
Zn,Zn0-1NiBiP2O9,NiBiP2O9,ZnNiBiP2O9,mp-aaachjzx,2.028932903749997
Mg,Mg0-3C,C,Mg3C,mp-aaacevpy,0.003173729999999
Mg,Mg0-0.5CoN,CoN,Mg(CoN)2,mp-aaadbycg,1.6784371699999971
Zn,Zn0-1Cr2O5,Cr2O5,ZnCr2O5,mp-aaachjiy,1.243917669999998
Li,Li0-1Cs2SbBr6,Cs2SbBr6,Cs2LiSbBr6,mp-aaaabpvh,2.546855383333331
Li,Li2-4Fe2P4H3O16,Li2Fe2P4H3O16,Li4Fe2P4H3O16,mp-aaabqvfe,4.275043868333332
Ca,Ca0-0.5AlSi3O8,AlSi3O8,CaAl2(Si3O8)2,mp-aaacrwya,4.6551365350000005
Mg,Mg0-1NbCrO4,NbCrO4,MgNbCrO4,mp-aaabqysy,0.7885270400000021
Ca,Ca0-1SrSn(PO4)2,SrSn(PO4)2,SrCaSn(PO4)2,mp-aaachnpw,2.8952877849999963
Li,Li1-4SbTe2WO12,LiSbTe2WO12,Li4SbTe2WO12,mp-aaabqxxb,3.169327583333327
Zn,Zn0-1.5V2(PO4)3,V2(PO4)3,V4Zn3(PO4)6,mp-aaaczjgg,2.036855834999995
Mg,Mg0-0.17FeOF,FeOF,MgFe6(OF)6,mp-aaabqyeh,1.666116914999993
Al,Al0-1Re(WO4)2,Re(WO4)2,AlRe(WO4)2,mp-aaadxiei,1.434069839999999
Li,Li12-14Mn2O9,Li12Mn2O9,Li14Mn2O9,mp-aaabqwal,1.817730463333338
Mg,Mg0-1TiMn3O8,TiMn3O8,MgTiMn3O8,mp-aaabrbfp,2.850578985000003
Zn,Zn0-2Mg(FeS2)4,Mg(FeS2)4,MgZn2(FeS2)4,mp-aaadeewg,0.222368620000001
Li,Li0.67-2MnFeO4,Li2Mn3(FeO4)3,Li2MnFeO4,mp-aaabqxjy,3.352561378333344
Li,Li0-1Ba6Nb2Ir(ClO6)2,Ba6Nb2Ir(ClO6)2,Ba6LiNb2Ir(ClO6)2,mp-aaabftpx,0.8058420233333311
Li,Li0-1CoPO4,CoPO4,LiCoPO4,mp-aaabseio,4.769965208333329
Li,Li0-2MnV4CuO12,MnV4CuO12,Li2MnV4CuO12,mp-aaabqyot,3.730421058333324
Mg,Mg0-1Mn4ZnO8,Mn4ZnO8,MgMn4ZnO8,mp-aaadbgka,2.510791829999999
Li,Li2-3Cr2FeO6,Li2Cr2FeO6,Li3Cr2FeO6,mp-aaabsntk,4.068852769999997
Zn,Zn0-4Ni5(TeO6)3,Ni5(TeO6)3,Zn4Ni5(TeO6)3,mp-aaachohk,2.858228361249996
Zn,Zn0-1SrMn(PO4)2,SrMn(PO4)2,SrMnZn(PO4)2,mp-aaachoao,2.000253807499995
Zn,Zn0-1BiSbO5,BiSbO5,ZnBiSbO5,mp-aaachhzw,2.713755591875
Li,Li0.5-1VSiO4,LiV2(SiO4)2,LiVSiO4,mp-aaabrklg,3.441094628333336
Mg,Mg0-0.5CoO2,CoO2,Mg(CoO2)2,mp-aaachptv,3.1763870775
Li,Li0-1V2OF5,V2OF5,LiV2OF5,mp-aaabrmst,3.468754218333335
Li,Li0-1Ba14Y7(Cu10O21)2,Ba14Y7(Cu10O21)2,Ba14LiY7(Cu10O21)2,mp-aaabscao,2.800556113333305
Ca,Ca0-1V3P3O13,V3P3O13,CaV3P3O13,mp-aaachqex,3.91032711
Zn,Zn0-0.5CrPO4,CrPO4,ZnCr2(PO4)2,mp-aaacyxrp,1.145081211250002
Mg,Mg0-3Cr2(GeO4)3,Cr2(GeO4)3,Mg3Cr2(GeO4)3,mp-aaacxrav,3.964873050833332
Li,Li0-3Mn3FeO8,Mn3FeO8,Li3Mn3FeO8,mp-aaabrbng,3.303442371666666
Li,Li0-8NbFe7(PO4)12,NbFe7(PO4)12,Li8NbFe7(PO4)12,mp-aaackruf,4.959120639583337
Li,Li0.5-1MnPO4,LiMn2(PO4)2,LiMnPO4,mp-aaabqwpw,3.9772598383333433
Li,Li0-1Ni(PO3)3,Ni(PO3)3,LiNi(PO3)3,mp-aaabcruk,5.069943593333339
Li,Li0-1Mn5O5F,Mn5O5F,LiMn5O5F,mp-aaabqwss,2.151560173333341
Mg,Mg0-0.25MnHO2,MnHO2,MgMn4(HO2)4,mp-aaaabrdn,1.318424010000005
Li,Li0-1Fe(WO4)2,Fe(WO4)2,LiFe(WO4)2,mp-aaaablhd,3.439212333333334
Ca,Ca0-3Sr,Sr,SrCa3,mp-aaabkkks,0.053680109999999
Li,Li0-1Cr6P7O24,Cr6P7O24,LiCr6P7O24,mp-aaabcscl,2.734278973333294
Mg,Mg0-0.5CrAgO4,CrAgO4,MgCr2(AgO4)2,mp-aaabqyux,2.786178579999995
Al,Al1.67-2CuO4,Al5(CuO4)3,Al2CuO4,mp-aaacznfg,3.050088840000004
Li,Li1-3VF6,LiVF6,Li3VF6,mp-aaacoylc,4.212237958333334
Ca,Ca0-1CuMo2O7,CuMo2O7,CaCuMo2O7,mp-aaachhaq,2.8323315474999933
Ca,Ca0-1MnO2,MnO2,CaMnO2,mp-aaaablkd,2.57542190125
Li,Li0-2Na2V3P2O13,Na2V3P2O13,Na2Li2V3P2O13,mp-aaabftnl,2.682646933333321
Li,Li0-1C2S2N(O2F3)2,C2S2N(O2F3)2,LiC2S2N(O2F3)2,mp-aaacqngh,6.246201878333342
Li,Li1.5-2SiNiO4,Li3Si2(NiO4)2,Li2SiNiO4,mp-aaabrajr,4.612755223333328
Li,Li0.5-2V(CO3)2,LiV2(CO3)4,Li2V(CO3)2,mp-aaabqvon,2.72730550333333
Li,Li0-1Mo(PO4)2,Mo(PO4)2,LiMo(PO4)2,mp-aaaabmgy,3.979740985833335
Li,Li1.33-2VCrO4,Li4V3Cr3O12,Li2VCrO4,mp-aaabwiky,2.818198328333331
Mg,Mg0-0.5Na2Mo2O5,Na2Mo2O5,Na4Mg(Mo2O5)2,mp-aaackpax,0.42669054
Li,Li0-1V4O5F7,V4O5F7,LiV4O5F7,mp-aaadcirt,4.115400143333322
Zn,Zn0-1Ti(BiO3)2,Ti(BiO3)2,TiZn(BiO3)2,mp-aaadbnjp,2.698359445000001
Mg,Mg0-0.33VO2,VO2,MgV3O6,mp-aaacurrw,1.896041440000009
Mg,Mg0-1VCl2O,VCl2O,MgVCl2O,mp-aaacrfku,1.335320768749999
Mg,Mg0-0.5NaCuO2,NaCuO2,Na2Mg(CuO2)2,mp-aaacesxt,0.585277975000001
Ca,Ca0-1Cu3(SbO3)4,Cu3(SbO3)4,CaCu3(SbO3)4,mp-aaachiln,2.073606199999996
Mg,Mg0-0.5TiO2,TiO2,MgTi2O4,mp-aaachlqr,1.238458807499999
Mg,Mg2-3Mn2(SiO4)3,Mg2Mn2(SiO4)3,Mg3Mn2(SiO4)3,mp-aaactzea,2.958580487499991
Ca,Ca0-0.5CuN,CuN,Ca(CuN)2,mp-aaaddcdd,2.39735008
Mg,Mg0-0.25KMnO2,KMnO2,K4MgMn4O8,mp-aaacfczu,1.296230475000006
Zn,Zn0-0.5MnS2,MnS2,Mn2ZnS4,mp-aaadawjk,0.451449742499999
Zn,Zn0-2UCo2,UCo2,U(Zn10Co)2,mp-aaaaacbf,0.037390397749999
Al,Al0-2Cu,Cu,Al2Cu,mp-aaaaaabe,0.089033115
Ca,Ca0-0.08BH,BH,Ca(BH)12,mp-aaacsmpp,4.289754720000008
Zn,Zn0-0.5CrO2,CrO2,ZnCr2O4,mp-aaachfxf,2.021970694166665
Li,Li0-4Fe5P6WO24,Fe5P6WO24,Li4Fe5P6WO24,mp-aaabsklp,2.506536440833319
Mg,Mg0-1VPO5,VPO5,MgVPO5,mp-aaacrfgx,2.738849926249998
Li,Li0-1La4NiO8,La4NiO8,LiLa4NiO8,mp-aaabdbod,4.298855493333339
Li,Li0-1V3Zn2O8,V3Zn2O8,LiV3Zn2O8,mp-aaabragw,3.594559968333333
Mg,Mg0-1Cr3O7,Cr3O7,MgCr3O7,mp-aaachlbj,2.516615961250001
Li,Li0-1Mo2P3O13,Mo2P3O13,LiMo2P3O13,mp-aaabetpw,3.061772493333341
Mg,Mg0-1Mn4FeO8,Mn4FeO8,MgMn4FeO8,mp-aaabrbxt,2.124788100000001
Mg,Mg0-1TiCrS4,TiCrS4,MgTiCrS4,mp-aaacszud,1.261477097499999
Li,Li1-4TiMn3O8,LiTiMn3O8,Li4TiMn3O8,mp-aaabrfgf,3.022588838888888
Mg,Mg0-1TiS2,TiS2,MgTiS2,mp-aaaaadey,0.6206071949999991
Zn,Zn0-0.5BiO2,BiO2,Zn(BiO2)2,mp-aaadbdvy,1.392652847499999
Li,Li0.4-1FeO2,Li2(FeO2)5,LiFeO2,mp-aaabrkab,4.070285803333331
Li,Li0-1Bi(PO3)4,Bi(PO3)4,LiBi(PO3)4,mp-aaaabmik,4.94876443083334
Li,Li0-1TiP2O7,TiP2O7,LiTiP2O7,mp-aaaabnkg,1.9430905483333352
Li,Li0-1VOF3,VOF3,LiVOF3,mp-aaabrgux,4.452488713333335
Ca,Ca0-1MnO2,MnO2,CaMnO2,mp-aaaabcpi,2.269730132499998
Mg,Mg0-1Ba2Mn3Tl2O10,Ba2Mn3Tl2O10,Ba2MgMn3Tl2O10,mp-aaacynbb,2.730004264999995
Li,Li0-3V4FeO12,V4FeO12,Li3V4FeO12,mp-aaabrlbs,3.76525303
Zn,Zn0-1Pr(SnO3)2,Pr(SnO3)2,PrZn(SnO3)2,mp-aaachlcu,1.2529840075
Zn,Zn0-1LaTiCrO6,LaTiCrO6,LaTiZnCrO6,mp-aaacypzz,1.342418384999995
Li,Li0-4V3OF11,V3OF11,Li4V3OF11,mp-aaabshlh,3.936860830833333
Li,Li0-2FeCo3O8,FeCo3O8,Li2FeCo3O8,mp-aaabrwxh,4.027106103333335
Mg,Mg0-0.5CoPO4,CoPO4,MgCo2(PO4)2,mp-aaabwjbm,2.791764574999999
Li,Li1-2Mn(PO3)4,LiMn(PO3)4,Li2Mn(PO3)4,mp-aaabobsa,5.41454916583334
Mg,Mg0-0.5VOF3,VOF3,MgV2(OF3)2,mp-aaabrgsv,3.493509530000001
Mg,Mg0-1VZn2WO6,VZn2WO6,MgVZn2WO6,mp-aaachpcy,1.006998315000001
Mg,Mg1-149Bi,MgBi,Mg149Bi,mp-aaachdck,0.013863587263513
Li,Li0-2CrNi(PO4)2,CrNi(PO4)2,Li2CrNi(PO4)2,mp-aaabscyn,3.683689068333333
Mg,Mg0-0.25VGeO4,VGeO4,MgV4(GeO4)4,mp-aaabrbkn,0.187231369999996
Al,Al0-1Fe(WO4)2,Fe(WO4)2,AlFe(WO4)2,mp-aaachgvm,2.457920810000002
Mg,Mg0-2Mo3O8,Mo3O8,Mg2Mo3O8,mp-aaacxiel,2.977940444999999
Mg,Mg0-3SbN,SbN,Mg3SbN,mp-aaaddlxh,1.012604968333333
Li,Li0-1La4CoO8,La4CoO8,LiLa4CoO8,mp-aaabshfs,3.724501480833344
Y,Y0-1Cd3Pd,Cd3Pd,Y10Cd3Pd,mp-aaacpiyy,0.113355836722221
Ca,Ca1-2VBiO6,CaVBiO6,Ca2VBiO6,mp-aaadaexy,4.103673797500003
Mg,Mg0-0.5Mn3(O2F)2,Mn3(O2F)2,MgMn6(O2F)4,mp-aaabqxyp,2.4519379500000062
Li,Li1-2Mo(PO4)2,LiMo(PO4)2,Li2Mo(PO4)2,mp-aaackrlt,3.818591233333312
Mg,Mg0-1RbMn4O8,RbMn4O8,RbMgMn4O8,mp-aaabqvuy,1.597873054999998
Mg,Mg0-6AlSn,AlSn,Mg6AlSn,mp-aaaaalmm,0.042631250416666
Li,Li3-9Nb3P8O29,Li3Nb3P8O29,Li9Nb3P8O29,mp-aaabsgnn,1.987120456666668
Li,Li3-4CuNi3O8,Li3CuNi3O8,Li4CuNi3O8,mp-aaabxayc,3.681126523333337
Li,Li0-1MnPO4,MnPO4,LiMnPO4,mp-aaabnnlj,4.206166843333325
Y,Y0-0.67SiSnO4,SiSnO4,Y2Si3(SnO4)3,mp-aaacnams,2.568237146388891
Li,Li0-1AgF3,AgF3,LiAgF3,mp-aaaabbky,5.103887114999998
Zn,Zn0-1Mo2P2O9,Mo2P2O9,ZnMo2P2O9,mp-aaachfvu,0.433554911249999
Li,Li0-1Fe2O2F3,Fe2O2F3,LiFe2O2F3,mp-aaabqzkz,4.665271138333336
Zn,Zn0-1Ba(MoO2)4,Ba(MoO2)4,BaZn(MoO2)4,mp-aaachqbq,0.378698060000005
Al,Al0-1CrO3,CrO3,AlCrO3,mp-aaacxses,3.211509198888887
Mg,Mg0-1Sr4Re2NiO12,Sr4Re2NiO12,Sr4MgRe2NiO12,mp-aaaabvur,0.653357243749998
Ca,Ca0-0.5CsTm(WO4)2,CsTm(WO4)2,Cs2CaTm2(WO4)4,mp-aaacrarx,0.6175536650000051
Mg,Mg0.5-1VO3,MgV2O6,MgVO3,mp-aaachmyo,2.466700857500005
Ca,Ca0-1Cr(Si2O5)2,Cr(Si2O5)2,CaCr(Si2O5)2,mp-aaacnapl,4.147956572500003
Zn,Zn0-1HoCr2O6,HoCr2O6,HoZnCr2O6,mp-aaachghd,2.002024657500002
Li,Li3-4FeOF4,Li3FeOF4,Li4FeOF4,mp-aaabqxvj,2.750019168333328
Mg,Mg0-0.5KSbO3,KSbO3,K2Mg(SbO3)2,mp-aaabfeiy,0.54562812
Li,Li0-1Mn2(SO4)3,Mn2(SO4)3,LiMn2(SO4)3,mp-aaabrsuq,4.341158590833349
Li,Li0-1Fe(SO4)2,Fe(SO4)2,LiFe(SO4)2,mp-aaabrwzw,5.37251290666666
Ca,Ca0-0.5VO2,VO2,CaV2O4,mp-aaachfva,2.624687555833332
Mg,Mg2-3Fe2(SiO4)3,Mg2Fe2(SiO4)3,Mg3Fe2(SiO4)3,mp-aaactcjk,4.218053048749998
Li,Li1-2FeP2O7,LiFeP2O7,Li2FeP2O7,mp-aaabnpie,3.75695153333334
Ca,Ca0-1Cu3(MoO3)4,Cu3(MoO3)4,CaCu3(MoO3)4,mp-aaachjby,2.667492644999998
Ca,Ca0-0.5MoO2,MoO2,Ca(MoO2)2,mp-aaachptd,2.55415044
Zn,Zn0-0.5FeN,FeN,Zn(FeN)2,mp-aaadcqoj,0.632063184999998
Ca,Ca0.25-0.5CrO2,CaCr4O8,CaCr2O4,mp-aaadbwhf,4.516205600000002
Li,Li0-1MoPO5,MoPO5,LiMoPO5,mp-aaaabnai,3.014858348333331
Li,Li0-2Co3(P2O7)2,Co3(P2O7)2,Li2Co3(P2O7)2,mp-aaaabnyw,4.622614545833334
Mg,Mg0-1Ti4Pb2O9F2,Ti4Pb2O9F2,MgTi4Pb2O9F2,mp-aaackxbb,0.330181435000004
Y,Y0-4Cr13Si2(SbO14)2,Cr13Si2(SbO14)2,Y4Cr13Si2(SbO14)2,mp-aaachlhn,2.277785748888886
Li,Li5-6FeS4,Li5FeS4,Li6FeS4,mp-aaabrapp,1.436271618333333
Li,Li0.5-2Cr(CO3)2,LiCr2(CO3)4,Li2Cr(CO3)2,mp-aaabqxel,2.098752479999997
Mg,Mg0-0.5Mn2ZnO4,Mn2ZnO4,MgMn4Zn2O8,mp-aaaabbtf,0.909893899999997
Y,Y0-1VO2,VO2,YVO2,mp-aaaborqm,1.033525343055555
Li,Li1-3Mn2F9,LiMn2F9,Li3Mn2F9,mp-aaabqwgy,4.920488153333335
Li,Li0.5-0.75MnBO3,LiMn2(BO3)2,Li3Mn4(BO3)4,mp-aaabwksw,3.524345443333349
Li,Li0-0.5CrO2,CrO2,LiCr2O4,mp-aaaabcjp,2.359274233333335
Li,Li0-2Fe5(PO4)4,Fe5(PO4)4,Li2Fe5(PO4)4,mp-aaaabnta,2.958649803333334
Li,Li0-1V4O5F7,V4O5F7,LiV4O5F7,mp-aaabwsnv,2.410235713333333
Li,Li0-1Ba2(CuO2)3,Ba2(CuO2)3,Ba2Li(CuO2)3,mp-aaaablif,2.868148813333339
Zn,Zn0-0.5FeO2,FeO2,Zn(FeO2)2,mp-aaachpgf,2.248906327499999
Mg,Mg0-1Fe4As2O11,Fe4As2O11,MgFe4As2O11,mp-aaaabrpo,1.597001914999997
Zn,Zn0-1Cr4O9,Cr4O9,ZnCr4O9,mp-aaachgpn,1.305709147500004
Mg,Mg0-1Cu2Ag(SO5)2,Cu2Ag(SO5)2,MgCu2Ag(SO5)2,mp-aaackwas,3.292846325000003
Ca,Ca2.5-3ScCoO6,Ca5Sc2(CoO6)2,Ca3ScCoO6,mp-aaacybtm,3.474194424999996
Ca,Ca0.5-1CuP2O7,CaCu2(P2O7)2,CaCuP2O7,mp-aaaczjpt,4.612194437500011
Li,Li0-2Mo15Se19,Mo15Se19,Li2Mo15Se19,mp-aaabgiyy,1.208739840833321
Li,Li0-4V3OF11,V3OF11,Li4V3OF11,mp-aaabsgml,3.781374412083331
Li,Li0-5Mn5O9F,Mn5O9F,Li5Mn5O9F,mp-aaabrqla,3.203716945333337
Li,Li1-2VOF3,LiVOF3,Li2VOF3,mp-aaabwktl,3.076697253333333
Li,Li0-0.67MnPO4,MnPO4,Li2Mn3(PO4)3,mp-aaabrsto,3.613919270833325
Mg,Mg0-0.5Cd(NiO2)2,Cd(NiO2)2,MgCd2(NiO2)4,mp-aaabrawb,0.442470394999998
Li,Li0-0.5CrS2,CrS2,Li(CrS2)2,mp-aaadecog,2.559675703333337
Li,Li2-5Nb6NiO18,Li2Nb6NiO18,Li5Nb6NiO18,mp-aaabrfyi,3.536261751666666
Y,Y0-1Sr2Cr2GaO7,Sr2Cr2GaO7,Sr2YCr2GaO7,mp-aaachomk,2.733082273888885
Zn,Zn0-2Mn2O5,Mn2O5,Mn2Zn2O5,mp-aaackvok,1.71844048875
Li,Li1-2V2F7,LiV2F7,Li2V2F7,mp-aaabrfxg,2.340058373333325
Mg,Mg0-0.5Ag7(PbO3)3,Ag7(PbO3)3,MgAg14(PbO3)6,mp-aaabrcsy,1.359570104999993
Li,Li0-2MnCoO4,MnCoO4,Li2MnCoO4,mp-aaabqwuw,3.416357878333333
Mg,Mg0-0.25YBiO3,YBiO3,Y4Mg(BiO3)4,mp-aaaczxye,0.121229509999996
Li,Li0.5-1VSiO4,LiV2(SiO4)2,LiVSiO4,mp-aaabqyit,3.453059493333332
Zn,Zn1.5-2Ta2MnO8,Ta4Mn2Zn3O16,Ta2MnZn2O8,mp-aaadalel,1.510183050000002
Li,Li1-3Sn2(PO4)3,LiSn2(PO4)3,Li3Sn2(PO4)3,mp-aaaabocc,2.332615709583327
Ca,Ca0-0.5VO2,VO2,CaV2O4,mp-aaadcjqc,2.687495186249999
Li,Li2.5-4Co2Si3O10,Li5Co4(Si3O10)2,Li4Co2Si3O10,mp-aaabwixc,3.752549143333306
Zn,Zn0-1V(GeO3)2,V(GeO3)2,VZn(GeO3)2,mp-aaabscue,0.574557065
Li,Li1-2FeP2O7,LiFeP2O7,Li2FeP2O7,mp-aaackrmg,4.5530003633333305
Mg,Mg0-1MnCo3O8,MnCo3O8,MgMnCo3O8,mp-aaabqwst,2.889055994999997
Li,Li0-1Mn4(PO4)3,Mn4(PO4)3,LiMn4(PO4)3,mp-aaabcsdy,3.600855243333318
Mg,Mg0-0.25FeOF,FeOF,MgFe4(OF)4,mp-aaabmknu,1.386512550000003
Li,Li0-1Co(SiO3)2,Co(SiO3)2,LiCo(SiO3)2,mp-aaacyizf,4.851233068333347
Li,Li0-1Ca2Rh,Ca2Rh,LiCa2Rh,mp-aaacimys,0.185141763333333
Mg,Mg0-0.25FeO2,FeO2,Mg(FeO2)4,mp-aaabthxj,3.240059315
Mg,Mg0-0.25VO2F,VO2F,MgV4(O2F)4,mp-aaabrako,2.491632779999993
Li,Li0-7V5O12,V5O12,Li7V5O12,mp-aaaewaft,3.013763847619048
Zn,Zn0-0.5MnO2,MnO2,Mn2ZnO4,mp-aaachgba,1.808051835000004
Li,Li1-4V3OF11,LiV3OF11,Li4V3OF11,mp-aaabqvql,4.052507453333334
Mg,Mg0-0.5SbO2,SbO2,Mg(SbO2)2,mp-aaadbrgu,1.9297496824999991
Mg,Mg0-1MnNbO4,MnNbO4,MgMnNbO4,mp-aaabqypd,1.3418850324999991
Li,Li0-1VP2O7,VP2O7,LiVP2O7,mp-aaaabmgg,4.387062008333335
Li,Li0-2VOF3,VOF3,Li2VOF3,mp-aaabrgsv,3.797813423333335
Li,Li0-1Ni2P3O11,Ni2P3O11,LiNi2P3O11,mp-aaaabnui,5.959006788333346
Li,Li0.83-0.92MnBO3,Li5Mn6(BO3)6,Li11Mn12(BO3)12,mp-aaabyvid,4.960860693333398
Zn,Zn0-2Mg(MoO3)4,Mg(MoO3)4,MgZn2(MoO3)4,mp-aaaewvnw,0.735198839999995
Mg,Mg0-1Fe(PO3)4,Fe(PO3)4,MgFe(PO3)4,mp-aaaabmwk,4.194604357500002
Ca,Ca2-3MnNiO6,Ca2MnNiO6,Ca3MnNiO6,mp-aaacxlzt,4.204908564999999
Li,Li0-1Sn(PO3)3,Sn(PO3)3,LiSn(PO3)3,mp-aaaabnpi,3.470468128333341
Mg,Mg0-1FeP2O7,FeP2O7,MgFeP2O7,mp-aaaabmta,2.218406059999997
Li,Li0-4TiMn5O12,TiMn5O12,Li4TiMn5O12,mp-aaabrbxw,3.1113901558333312
Li,Li0-0.25Fe2O3,Fe2O3,Li(Fe2O3)4,mp-aaabdaom,0.54057900333331
Li,Li1-2VF6,LiVF6,Li2VF6,mp-aaabqwyg,4.278420943333335
Ca,Ca1-1.5MnSi2O7,CaMnSi2O7,Ca3Mn2(Si2O7)2,mp-aaactsyu,4.179207129999997
Li,Li0.5-1MnBO3,LiMn2(BO3)2,LiMnBO3,mp-aaabrfit,3.377766573333322
Mg,Mg0-1La2MoO6,La2MoO6,La2MgMoO6,mp-aaadaxvl,2.250323764999994
Li,Li0-1Fe(SO4)2,Fe(SO4)2,LiFe(SO4)2,mp-aaabryiz,5.321085920000006
Mg,Mg0-1Sr(NiO2)4,Sr(NiO2)4,SrMg(NiO2)4,mp-aaaabbyw,1.9224676875
Mg,Mg0-1V4O7F5,V4O7F5,MgV4O7F5,mp-aaabrlip,2.407024075
Zn,Zn0-1TiMo(PO4)3,TiMo(PO4)3,TiZnMo(PO4)3,mp-aaachkwh,0.6606517674999921
Mg,Mg0-0.5NiO2,NiO2,Mg(NiO2)2,mp-aaadcbxt,3.868026289999997
Mg,Mg0-0.5SnO2,SnO2,Mg(SnO2)2,mp-aaadbtbi,1.122837272499997
Li,Li0-4Fe7(OF7)2,Fe7(OF7)2,Li4Fe7(OF7)2,mp-aaabsgcd,3.467460820833328
Li,Li2-6Mn(FeO3)2,Li2Mn(FeO3)2,Li6Mn(FeO3)2,mp-aaabrfft,1.8995794862500024
Mg,Mg0-0.5Co3(O2F)2,Co3(O2F)2,MgCo6(O2F)4,mp-aaabqwje,2.282715909999997
Li,Li1-2CuP2O7,LiCuP2O7,Li2CuP2O7,mp-aaabmyai,4.623748413333335
Ca,Ca0-1Ba2Cr2CuF14,Ba2Cr2CuF14,Ba2CaCr2CuF14,mp-aaadalzj,5.2949598525000034
Ca,Ca1.5-3Cu3(PO4)4,Ca3Cu6(PO4)8,Ca3Cu3(PO4)4,mp-aaacyvzf,4.617203468333332
Ca,Ca0-0.5FeO2,FeO2,Ca(FeO2)2,mp-aaadbkav,4.0119839675
Zn,Zn0-2UFe2,UFe2,U(Zn10Fe)2,mp-aaaabfdq,0.021543360124999
Li,Li0-1K2VPO6,K2VPO6,K2LiVPO6,mp-aaabfuwi,1.902612973333338
Li,Li0-2Ni5(PO4)4,Ni5(PO4)4,Li2Ni5(PO4)4,mp-aaacbgna,8.234363788333331
Y,Y0-0.5VS2,VS2,Y(VS2)2,mp-aaadbypi,1.065731227222223
Mg,Mg0-1V4P2O13,V4P2O13,MgV4P2O13,mp-aaabqwxc,1.933450214999998
Li,Li0-1Mn3P3O13,Mn3P3O13,LiMn3P3O13,mp-aaachqey,4.711667403333341
Ca,Ca0-1Sr4Mn2Ga2O11,Sr4Mn2Ga2O11,Sr4CaMn2Ga2O11,mp-aaacritf,1.233848785000009
Li,Li0-1Mn2P3O10,Mn2P3O10,LiMn2P3O10,mp-aaaabnxq,4.38721299333334
Li,Li0-2Mn3Si3O10,Mn3Si3O10,Li2Mn3Si3O10,mp-aaabxabi,3.25969762583333
Li,Li4-6Co5Ni3O16,Li4Co5Ni3O16,Li6Co5Ni3O16,mp-aaabryyq,2.603898333333338
Mg,Mg0-1MnV4NiO12,MnV4NiO12,MgMnV4NiO12,mp-aaabwkal,0.38700759499999
Zn,Zn0-1V2P2O9,V2P2O9,V2ZnP2O9,mp-aaacyvul,1.094157452499999
Li,Li0-1MgSbPt,MgSbPt,LiMgSbPt,mp-aaaaapbs,0.279580573333334
Ca,Ca0-2Sn,Sn,Ca2Sn,mp-aaacgexp,0.476574279999999
Li,Li0-1Sn4(PO4)3,Sn4(PO4)3,LiSn4(PO4)3,mp-aaabetkl,3.790424333333339
Li,Li0-1VF5,VF5,LiVF5,mp-aaabrdcg,4.916328983333334
Zn,Zn0-1NiMoP2O9,NiMoP2O9,ZnNiMoP2O9,mp-aaachjpo,1.026481584999999
Mg,Mg0-0.5MoO2,MoO2,Mg(MoO2)2,mp-aaacyxml,1.736719558125
Ca,Ca0-0.5BiO2,BiO2,Ca(BiO2)2,mp-aaachpkc,3.223306194999998
Mg,Mg0-1KMn4O8,KMn4O8,KMgMn4O8,mp-aaacfcfc,1.434699579999997
Li,Li0-1MnPO4,MnPO4,LiMnPO4,mp-aaabsgci,3.517563238333328
Ca,Ca0-0.5BiO2,BiO2,Ca(BiO2)2,mp-aaachgnr,3.019994392499998
Li,Li0-1Sr4Mn2Cu3(SO)4,Sr4Mn2Cu3(SO)4,Sr4LiMn2Cu3(SO)4,mp-aaacrimn,0.89861959833333
Mg,Mg0-1Co4(CuO4)3,Co4(CuO4)3,MgCo4(CuO4)3,mp-aaachizz,3.176027835000003
Zn,Zn0-3Co3(AsO4)4,Co3(AsO4)4,Zn3Co3(AsO4)4,mp-aaachpsq,2.470400284999999
Mg,Mg0-0.5CoHO2,CoHO2,MgCo2(HO2)2,mp-aaabpjyh,1.122301620000002
Mg,Mg0-0.5V2CuS4,V2CuS4,MgV4(CuS4)2,mp-aaaewkgp,0.474654830000003
Li,Li0-1Ni(PO3)3,Ni(PO3)3,LiNi(PO3)3,mp-aaaabnsk,5.066259283333328
Li,Li2-4VCr3O8,Li2VCr3O8,Li4VCr3O8,mp-aaabruld,3.112872958333338
Li,Li0-4Ti3Mn2Co3O16,Ti3Mn2Co3O16,Li4Ti3Mn2Co3O16,mp-aaabrcci,4.108025203333331
Li,Li3-4Mn3WO8,Li3Mn3WO8,Li4Mn3WO8,mp-aaabrbjx,2.126393193333332
Li,Li4-5V5O9F,Li4V5O9F,Li5V5O9F,mp-aaabrehz,1.62719986333335
Li,Li1.5-2VNiO4,Li3V2(NiO4)2,Li2VNiO4,mp-aaacozxa,3.298424103333308
Zn,Zn0-1Cu3(SnO3)4,Cu3(SnO3)4,ZnCu3(SnO3)4,mp-aaadagzh,0.478986449999994
Mg,Mg0-0.25MoO2,MoO2,Mg(MoO2)4,mp-aaadasxh,0.5788811149999991
Li,Li0-3Mn5OF11,Mn5OF11,Li3Mn5OF11,mp-aaabqxqw,3.790152600000003
Mg,Mg0-0.75Mo3Se4,Mo3Se4,Mg3(Mo3Se4)4,mp-aaaabfcn,0.7863136033333351
Mg,Mg0-0.25FeO2,FeO2,Mg(FeO2)4,mp-aaaabliq,3.531887530000002
Mg,Mg0-0.5CeTi2O6,CeTi2O6,Ce2MgTi4O12,mp-aaackxru,1.302421470000003
Li,Li0-2MnP2O7,MnP2O7,Li2MnP2O7,mp-aaabrvvv,3.8615735220833294
Mg,Mg0-0.08FeOF,FeOF,MgFe12(OF)12,mp-aaabrdnz,2.217972509999986
Li,Li0-2Fe2(SO4)3,Fe2(SO4)3,Li2Fe2(SO4)3,mp-aaabeudq,3.668856170833334
Li,Li0-4Mn3CuO8,Mn3CuO8,Li4Mn3CuO8,mp-aaabrbdd,3.316603785833334
Li,Li0-11V6O5F19,V6O5F19,Li11V6O5F19,mp-aaabsknc,3.701609544242422
Li,Li0-2ZnCr3(SO4)6,ZnCr3(SO4)6,Li2ZnCr3(SO4)6,mp-aaabrpma,3.720638113333341
Mg,Mg0-0.5Fe(CoO2)2,Fe(CoO2)2,MgFe2(CoO2)4,mp-aaabqwky,1.139093469999996
Li,Li0-1BiP2O7,BiP2O7,LiBiP2O7,mp-aaabrpic,4.534812228333327
Li,Li0-1Na2CuP2O7,Na2CuP2O7,Na2LiCuP2O7,mp-aaabfrsg,2.045860248333331
Li,Li0-2.5V9O22,V9O22,Li5V18O44,mp-aaabwiuf,3.548118865333326
Zn,Zn2-11Ca,CaZn2,CaZn11,mp-aaaaacoj,0.059492113055555
Mg,Mg0-0.5Mn2InO5,Mn2InO5,MgMn4In2O10,mp-aaabqxre,1.920971114999997
Al,Al0-1BaCr4O7,BaCr4O7,BaAlCr4O7,mp-aaachqvz,1.147195680000003
Li,Li0.38-0.69VO2,Li3V8O16,Li11V16O32,mp-aaacpane,2.649366319333334
Li,Li0-1Na3CuPCO7,Na3CuPCO7,Na3LiCuPCO7,mp-aaabrrkg,1.836051948333339
Li,Li1-3MnCr2O6,LiMnCr2O6,Li3MnCr2O6,mp-aaabwkuu,3.4006161533333352
Li,Li0-4MnCu3(PO4)4,MnCu3(PO4)4,Li4MnCu3(PO4)4,mp-aaabscse,4.128801940833331
Mg,Mg0-1Te3WO12,Te3WO12,MgTe3WO12,mp-aaabsagp,2.472900990000004
Li,Li1-3Mo2(PO4)3,LiMo2(PO4)3,Li3Mo2(PO4)3,mp-aaaabvlx,3.532482913333344
Mg,Mg0-0.5NbI3O,NbI3O,MgNb2(I3O)2,mp-aaabfccz,0.654668565000002
Li,Li0-3Mn5OF11,Mn5OF11,Li3Mn5OF11,mp-aaadaaop,3.994886966666669
Y,Y0-0.67MnSiO4,MnSiO4,Y2Mn3(SiO4)3,mp-aaactcje,3.921831571388888
Mg,Mg0-0.5Co(SbO3)2,Co(SbO3)2,MgCo2(SbO3)4,mp-aaaabgkq,0.270626449999999
Li,Li1-8VCo3(PO4)6,LiVCo3(PO4)6,Li8VCo3(PO4)6,mp-aaabrtme,4.056825139047618
Li,Li6-7Fe3Ni(PO4)6,Li6Fe3Ni(PO4)6,Li7Fe3Ni(PO4)6,mp-aaabrwvb,4.394681173333315
Li,Li0-4Mn3CuNi2(PO4)6,Mn3CuNi2(PO4)6,Li4Mn3CuNi2(PO4)6,mp-aaabrytk,3.753400058333331
Li,Li0-4Mn5Co3O16,Mn5Co3O16,Li4Mn5Co3O16,mp-aaabrbub,3.9685372258333342
Ca,Ca0-0.5NiO2,NiO2,Ca(NiO2)2,mp-aaaczbej,3.724015502500001
Li,Li3-4Cr3GaO8,Li3Cr3GaO8,Li4Cr3GaO8,mp-aaabrtbd,3.866836003333337
Li,Li0-1P4WO12,P4WO12,LiP4WO12,mp-aaabrcct,3.078843903333312
Mg,Mg0-1VMoO5,VMoO5,MgVMoO5,mp-aaabmklo,2.046887542499999
Li,Li0-1Cr4(PO4)3,Cr4(PO4)3,LiCr4(PO4)3,mp-aaaabnve,2.6409069533333183
Mg,Mg0-1Ti3P3O13,Ti3P3O13,MgTi3P3O13,mp-aaachgga,0.673471277500003
Li,Li0-4Mn3V3(TeO8)2,Mn3V3(TeO8)2,Li4Mn3V3(TeO8)2,mp-aaabrylg,3.340922408333338
Mg,Mg0-0.5SrCuBiO4,SrCuBiO4,Sr2MgCu2(BiO4)2,mp-aaacyjja,2.514861635
Li,Li4-1Mn3Cr3(FeO8)2,Li4Mn3Cr3(FeO8)2,Li10Mn3Cr3(FeO8)2,mp-aaabrikn,2.189703181666667
Li,Li0-1CoPO4,CoPO4,LiCoPO4,mp-aaacpbgw,4.247482669583332
Li,Li0-1CoP2O7,CoP2O7,LiCoP2O7,mp-aaaabnno,5.081063063333336
Mg,Mg0-1BiSbO5,BiSbO5,MgBiSbO5,mp-aaachjwl,3.645354043749997
Mg,Mg0-0.5CoO2,CoO2,Mg(CoO2)2,mp-aaacziyu,3.132688951666666
Li,Li7-8NbO6,Li7NbO6,Li8NbO6,mp-aaaacdil,0.166616133333325
Mg,Mg0-1MnV3O8,MnV3O8,MgMnV3O8,mp-aaabscjp,1.59699023
Li,Li1-2MnF4,LiMnF4,Li2MnF4,mp-aaabqzdv,4.01926013333333
Li,Li3-4V3CoO8,Li3V3CoO8,Li4V3CoO8,mp-aaacozxu,2.536734053333337
Mg,Mg0-0.25NaMnO2,NaMnO2,Na4MgMn4O8,mp-aaabrfov,0.024190560000005
Li,Li0-1Mn5(P2O7)4,Mn5(P2O7)4,LiMn5(P2O7)4,mp-aaabesww,4.485987513333332
Ca,Ca0-1Bi3P3O13,Bi3P3O13,CaBi3P3O13,mp-aaachgin,4.174941455000012
Mg,Mg0-1Fe2Cu6SnS8,Fe2Cu6SnS8,MgFe2Cu6SnS8,mp-aaablbku,0.247590585000002
Mg,Mg0-1.5BaTl(CoO3)2,BaTl(CoO3)2,Ba2Mg3Tl2(CoO3)4,mp-aaachood,2.47726674333333
Li,Li0-1Na5Mn2O8,Na5Mn2O8,Na5LiMn2O8,mp-aaabskto,4.07378834083335
Li,Li0-3Sb11S18,Sb11S18,Li3Sb11S18,mp-aaabqxgz,2.842033053333338
Li,Li0-2Na3Fe5(SiO3)10,Na3Fe5(SiO3)10,Na3Li2Fe5(SiO3)10,mp-aaacoyfo,4.848313538333319
Li,Li0-3MnFeCo(PO4)3,MnFeCo(PO4)3,Li3MnFeCo(PO4)3,mp-aaabrmuk,3.775161862500003
Zn,Zn0-0.5VO2,VO2,V2ZnO4,mp-aaadcjqc,1.238992418749998
Ca,Ca0-1PrMn2O6,PrMn2O6,CaPrMn2O6,mp-aaacztxg,4.271270499999995
Li,Li1-4Co3NiO8,LiCo3NiO8,Li4Co3NiO8,mp-aaacxawo,3.41704247666666
Mg,Mg0-0.5Hg(BiO3)2,Hg(BiO3)2,MgHg2(BiO3)4,mp-aaabradh,2.328974675000002
Ca,Ca0-1Pt3O4,Pt3O4,CaPt3O4,mp-aaaaacjs,2.721778355
Al,Al1-3Ti,TiAl,TiAl3,mp-aaacijsl,0.160013368333333
Mg,Mg0-0.5Mn2O3,Mn2O3,MgMn4O6,mp-aaachjlj,2.762624445000004
Ca,Ca0-0.5CrO2,CrO2,CaCr2O4,mp-aaadbsgj,3.789960447500003
Mg,Mg0-0.5VO2,VO2,MgV2O4,mp-aaachpta,2.1166757775
Li,Li0-2MnP2O7,MnP2O7,Li2MnP2O7,mp-aaabetlg,4.026647520833333
Mg,Mg0-1VP2O7,VP2O7,MgVP2O7,mp-aaaabmgg,2.7377407525
Li,Li0-1V4O5F7,V4O5F7,LiV4O5F7,mp-aaabqzyd,3.376796693333323
Li,Li0-4V4(OF3)3,V4(OF3)3,Li4V4(OF3)3,mp-aaabqzfh,2.731576360833331
Li,Li0-4Co3P4O15,Co3P4O15,Li4Co3P4O15,mp-aaabwizt,4.846628273958336
Mg,Mg0-0.5NiO2,NiO2,Mg(NiO2)2,mp-aaachhlr,4.050947417499999
Al,Al0.33-0.67CuO2,Al(CuO2)3,Al2(CuO2)3,mvc-aaaaarpa,3.606958900000004
Mg,Mg0-1RbV4O10,RbV4O10,RbMgV4O10,mp-aaabqwjw,1.965312995000002
Li,Li0-1Cs2SbCl6,Cs2SbCl6,Cs2LiSbCl6,mp-aaacpjuf,3.033420073333336
Mg,Mg0-1KMn2O4,KMn2O4,KMgMn2O4,mp-aaacfcfa,1.391278529999998
Mg,Mg0-0.17CoOF,CoOF,MgCo6(OF)6,mp-aaabrhqp,1.513604084999998
Ca,Ca2-3Nb2CoO9,Ca2Nb2CoO9,Ca3Nb2CoO9,mp-aaaczqbp,3.848830143749995
Li,Li0-1Ni3P3O13,Ni3P3O13,LiNi3P3O13,mp-aaachqiv,5.233454993333344
Li,Li0-2Co3(P2O7)2,Co3(P2O7)2,Li2Co3(P2O7)2,mp-aaabnshn,6.351212275833338
Mg,Mg0-0.5W(OF)2,W(OF)2,MgW2(OF)4,mp-aaabrgbg,2.022444529999998
Ca,Ca0-2Ba2Tl2W3O10,Ba2Tl2W3O10,Ba2Ca2Tl2W3O10,mp-aaachofg,1.6406185649999991
Ca,Ca0-1Si4NiO10,Si4NiO10,CaSi4NiO10,mp-aaacxlfy,4.21177227
Mg,Mg0-1Ti3Fe2Co(PO4)6,Ti3Fe2Co(PO4)6,MgTi3Fe2Co(PO4)6,mp-aaabrdxu,0.364414695000012
Li,Li0-8Fe3Co5O16,Fe3Co5O16,Li8Fe3Co5O16,mp-aaabraza,3.9647908358333313
Li,Li0-2VF5,VF5,Li2VF5,mp-aaabropy,4.418341634583329
Y,Y0-0.5WO2,WO2,Y(WO2)2,mp-aaabcrsw,1.4185894738888891
Mg,Mg0-0.5VPO5,VPO5,MgV2(PO5)2,mp-aaachojw,2.614498100000003
Ca,Ca0-0.5CoO2,CoO2,Ca(CoO2)2,mp-aaacymgj,3.43355422
Ca,Ca0-2Nb2CrO8,Nb2CrO8,Ca2Nb2CrO8,mp-aaachoup,3.614340345000001
Li,Li0-4V5O12,V5O12,Li4V5O12,mp-aaabshgu,2.880517924583328
Li,Li0-2Co3TeO8,Co3TeO8,Li2Co3TeO8,mp-aaabrimy,4.670871303333333
Zn,Zn0-1TiNiP2O9,TiNiP2O9,TiZnNiP2O9,mp-aaachjql,2.431842395000004
Li,Li0-1Cr(PO4)2,Cr(PO4)2,LiCr(PO4)2,mp-aaabnshb,5.273146070833325
Li,Li0-1V3OF11,V3OF11,LiV3OF11,mp-aaabsgbo,4.511330113333334
Li,Li1-1.5FeCuO4,LiFeCuO4,Li3Fe2(CuO4)2,mp-aaabsddm,2.976155723333325
Li,Li0-1Rb2VCl6,Rb2VCl6,Rb2LiVCl6,mp-aaacqrvq,2.620128923333336
Y,Y0-1Ba2Sn3O7,Ba2Sn3O7,Ba2YSn3O7,mp-aaachqoy,1.406491755555557
Li,Li0-1Ba2VP2O9,Ba2VP2O9,Ba2LiVP2O9,mp-aaabfosw,1.194740178333338
Al,Al0-1Mn(WO4)2,Mn(WO4)2,MnAl(WO4)2,mp-aaachgud,2.482539553333332
Ca,Ca0-0.5V2O3,V2O3,CaV4O6,mp-aaachjmi,2.391851384999998
Mg,Mg0-0.5SmBiO4,SmBiO4,Sm2Mg(BiO4)2,mp-aaabrsrf,1.681851895000005
Li,Li0-4TiMn3(PO4)4,TiMn3(PO4)4,Li4TiMn3(PO4)4,mp-aaabrxyj,2.607301638333336
Li,Li0-8Mn7Co(PO4)12,Mn7Co(PO4)12,Li8Mn7Co(PO4)12,mp-aaabrdjr,4.827141599583332
Mg,Mg0-1Fe2P2O9,Fe2P2O9,MgFe2P2O9,mp-aaachgaw,4.053696907500002
Li,Li2-4V2SiGeO10,Li2V2SiGeO10,Li4V2SiGeO10,mp-aaabrphq,3.465082243333339
Li,Li0-1Pr2Ta2Cl2O7,Pr2Ta2Cl2O7,LiPr2Ta2Cl2O7,mp-aaabfvza,0.95966188333333
Ca,Ca0-1Co(PO3)4,Co(PO3)4,CaCo(PO3)4,mp-aaabhgzn,5.477974854999994
Li,Li0-1Bi(PO3)4,Bi(PO3)4,LiBi(PO3)4,mp-aaabmhpk,5.247425593333337
Mg,Mg0-1Al(Bi3O5)4,Al(Bi3O5)4,MgAl(Bi3O5)4,mp-aaacrdfr,1.14492838
Zn,Zn0-1Co4(CuO4)3,Co4(CuO4)3,ZnCo4(CuO4)3,mp-aaachizz,1.597698420000008
Mg,Mg0-1V2(OF)3,V2(OF)3,MgV2(OF)3,mp-aaabqxuk,2.334398139999995
Y,Y0-1Co4(CuO4)3,Co4(CuO4)3,YCo4(CuO4)3,mp-aaachizz,3.768903172222226
Mg,Mg0-1Cr2O5,Cr2O5,MgCr2O5,mp-aaachjiy,2.659341769999998
Li,Li0-2MnFe(PO4)2,MnFe(PO4)2,Li2MnFe(PO4)2,mp-aaabrmuc,3.648223253333332
Li,Li3-4V3(FeO6)2,Li3V3(FeO6)2,Li4V3(FeO6)2,mp-aaabscus,2.652260705833332
Li,Li0-1CuPO4F,CuPO4F,LiCuPO4F,mp-aaaabloe,5.134152133333335
Zn,Zn0-2ZrNi2,ZrNi2,Zr(Zn10Ni)2,mp-aaaaadio,0.074153565749999
Li,Li2.83-3FeSi2O7,Li17Fe6(Si2O7)6,Li3FeSi2O7,mp-aaabrgkc,5.932806643333333
Mg,Mg0-1BaYCuAgO5,BaYCuAgO5,BaYMgCuAgO5,mp-aaachhqv,0.8918404400000001
Zn,Zn0-0.5FeO2,FeO2,Zn(FeO2)2,mp-aaaczdhr,2.527154384166664
Li,Li0-1VP2O7,VP2O7,LiVP2O7,mp-aaabetjf,4.476897383333328
Li,Li0-1FePO4,FePO4,LiFePO4,mp-aaabcruj,3.047521681666656
Li,Li1-2CoH8(CO5)2,LiCoH8(CO5)2,Li2CoH8(CO5)2,mp-aaabrfed,4.671780723333346
Li,Li0-1.25CoO2,CoO2,Li5(CoO2)4,mp-aaabqzqa,3.198778157333331
Zn,Zn0-1Pr(BiO3)2,Pr(BiO3)2,PrZn(BiO3)2,mp-aaachlca,1.6225300975
Li,Li0-2TiCrO4,TiCrO4,Li2TiCrO4,mp-aaabqztk,2.507495562083332
Li,Li0-2CrF4,CrF4,Li2CrF4,mp-aaaabeia,3.839053890833333
Li,Li1-2V(OF)2,LiV(OF)2,Li2V(OF)2,mp-aaadjpxd,3.220165580833328
Mg,Mg0-1Si2NiO6,Si2NiO6,MgSi2NiO6,mp-aaactygq,4.07140697625
Zn,Zn0-1TaBiO5,TaBiO5,TaZnBiO5,mp-aaachiar,3.029713646249999
Ca,Ca0-1WF5,WF5,CaWF5,mp-aaadawpi,3.3005293225
Li,Li7-8FeO6,Li7FeO6,Li8FeO6,mp-aaabqvdf,3.20506030333333
Mg,Mg1.5-2BiPO6,Mg3Bi2(PO6)2,Mg2BiPO6,mp-aaadanzx,4.376203949999994
Zn,Zn0-1Ni3(P2O7)2,Ni3(P2O7)2,ZnNi3(P2O7)2,mp-aaaabmls,2.123214664999999
Al,Al0-1Te(WO4)2,Te(WO4)2,AlTe(WO4)2,mp-aaachhfo,1.3284931216666651
Zn,Zn0-1FeF4,FeF4,ZnFeF4,mp-aaadbmck,2.610888017499999
Li,Li0-1Mn6PO12,Mn6PO12,LiMn6PO12,mp-aaaabmoo,4.869061945833356
Mg,Mg0-0.5Fe2HgO4,Fe2HgO4,MgFe4(HgO4)2,mp-aaabqycx,0.9273883800000012
Mg,Mg0-0.5Mn2O3,Mn2O3,MgMn4O6,mp-aaacwihk,1.914893619999998
Mg,Mg0-1FePO4,FePO4,MgFePO4,mp-aaabrgtz,0.9789021599999972
Li,Li0-1VCoO4,VCoO4,LiVCoO4,mp-aaabrayv,4.31046450333334
Mg,Mg0-1V2ZnO6,V2ZnO6,MgV2ZnO6,mp-aaabeugn,1.8366465950000024
Li,Li0-2Mn(CoO3)2,Mn(CoO3)2,Li2Mn(CoO3)2,mp-aaabrfyf,3.458701575833335
Zn,Zn0-1Mn4(CuO4)3,Mn4(CuO4)3,Mn4Zn(CuO4)3,mp-aaacupfi,1.170860589999997
Mg,Mg0-1La6WO12,La6WO12,La6MgWO12,mp-aaabqzbr,0.5396544049999971
Li,Li0-2MnCo3O8,MnCo3O8,Li2MnCo3O8,mp-aaabxkai,4.518617037083335
Li,Li4-1Mn2Fe3Ni3O16,Li4Mn2Fe3Ni3O16,Li10Mn2Fe3Ni3O16,mp-aaabropo,2.985538178333333
Li,Li0-0.5CoO2,CoO2,Li(CoO2)2,mp-aaabrbbs,4.5314597383333375
Li,Li1-3Ti2VO6,LiTi2VO6,Li3Ti2VO6,mp-aaabqviw,1.625750133333338
Li,Li1-1.5VF6,LiVF6,Li3V2F12,mp-aaabrgog,4.623386763333333
Li,Li0.12-0.88FeBO3,LiFe8(BO3)8,Li7Fe8(BO3)8,mp-aaabrmyo,3.057566636666663
Mg,Mg0-1Fe4Si2Sn7O16,Fe4Si2Sn7O16,MgFe4Si2Sn7O16,mp-aaabjtwm,0.045545785000006
Li,Li2-4CrF6,Li2CrF6,Li4CrF6,mp-aaabfpem,3.401522633333333
Li,Li2.5-3.5CoO3,Li5(CoO3)2,Li7(CoO3)2,mp-aaabqwhf,2.310801113333331
Mg,Mg0-0.25V2Ge(O2F)2,V2Ge(O2F)2,MgV8Ge4(O2F)8,mp-aaabftqh,0.041911750000015
Li,Li0-1Rb2Pu(Cl2O)2,Rb2Pu(Cl2O)2,Rb2LiPu(Cl2O)2,mp-aaackhxu,2.770976893333331
Mg,Mg0-1AgPdO2,AgPdO2,MgAgPdO2,mp-aaacesxr,0.942117829999998
Mg,Mg0-1Ti4(FeO4)3,Ti4(FeO4)3,MgTi4(FeO4)3,mp-aaacybwb,2.274277865000006
Mg,Mg0-0.5CrO2,CrO2,MgCr2O4,mp-aaaczhsu,3.471399224166664
Ca,Ca0-1CuW2O7,CuW2O7,CaCuW2O7,mp-aaachiap,2.676410097499999
Li,Li0-2Mn3TeO8,Mn3TeO8,Li2Mn3TeO8,mp-aaabrwkw,3.646107943333338
Li,Li0-1SnPHO5,SnPHO5,LiSnPHO5,mp-aaadcgmn,3.131276643333334
Mg,Mg0-0.5Cu5P3O13,Cu5P3O13,MgCu10(P3O13)2,mp-aaaabnqq,2.307713419999989
Mg,Mg0-0.17FeOF,FeOF,MgFe6(OF)6,mp-aaabqwdd,1.805752605000003
Ca,Ca0-0.5Sr2MnSO3,Sr2MnSO3,Sr4CaMn2(SO3)2,mp-aaachogn,2.394528897499998
Li,Li0-1P3W2O13,P3W2O13,LiP3W2O13,mp-aaabrrtr,3.300361713333306
Mg,Mg0-1V4O5F7,V4O5F7,MgV4O5F7,mp-aaabqzdl,2.393963525000008
Mg,Mg0-0.5CuPO4,CuPO4,MgCu2(PO4)2,mp-aaaabmhq,3.399110774999994
Li,Li0-2CoP2O7,CoP2O7,Li2CoP2O7,mp-aaaabnyi,4.802537245833332
Li,Li0-2Mn3OF6,Mn3OF6,Li2Mn3OF6,mp-aaabrfbc,3.6848593133333374
Mg,Mg0-0.5VInO4,VInO4,MgV2In2O8,mp-aaaabhff,1.275111385
Li,Li0-1TiP2O7,TiP2O7,LiTiP2O7,mp-aaabrhtq,1.485666168333329
Zn,Zn0-1LaFeSbO6,LaFeSbO6,LaZnFeSbO6,mp-aaachkjr,0.6679120125000041
Li,Li0-2Cr3(P2O7)2,Cr3(P2O7)2,Li2Cr3(P2O7)2,mp-aaaabmuk,2.743773183333322
Li,Li3-5Fe3O8,Li3Fe3O8,Li5Fe3O8,mp-aaacpaei,3.791891220833333
Zn,Zn0-1Fe5O7,Fe5O7,ZnFe5O7,mp-aaacxlyp,1.147220597499995
Li,Li1-4VF6,LiVF6,Li4VF6,mp-aaabqwup,3.433147001666666
Mg,Mg0-0.5MoPb2O5,MoPb2O5,MgMo2(Pb2O5)2,mp-aaaabfha,0.339440479999997
Li,Li0-2VSn(PO4)2,VSn(PO4)2,Li2VSn(PO4)2,mp-aaabqwsl,2.615450627083338
Li,Li0-0.5Ti2O3,Ti2O3,LiTi4O6,mp-aaackrdn,1.20776282333333
Mg,Mg0-1NaNiIO6,NaNiIO6,NaMgNiIO6,mp-aaabfaux,3.187985995000002
Mg,Mg0-1KMn2Cr2O10,KMn2Cr2O10,KMgMn2Cr2O10,mp-aaackvwz,2.050439659999999
Li,Li0-2VF4,VF4,Li2VF4,mp-aaabrgfs,3.297042695833334
Li,Li0-4MnCr3(PO4)4,MnCr3(PO4)4,Li4MnCr3(PO4)4,mp-aaabscqe,2.921545058333327
Ca,Ca0-0.5W2O3,W2O3,Ca(W2O3)2,mp-aaadabsw,1.9489514525
Mg,Mg0-2Nb2CrO8,Nb2CrO8,Mg2Nb2CrO8,mp-aaachoup,3.281848655000002
Li,Li1-2NiP2O7,LiNiP2O7,Li2NiP2O7,mp-aaabodit,5.141733410833329
Li,Li0-2FeP2O7,FeP2O7,Li2FeP2O7,mp-aaaabnku,4.021490484583336
Li,Li0-1SbP2O7,SbP2O7,LiSbP2O7,mp-aaaabmze,3.939632253333333
Li,Li0-3Co4TeO8,Co4TeO8,Li3Co4TeO8,mp-aaacvgvq,2.723031096666668
Li,Li1-2V2F7,LiV2F7,Li2V2F7,mp-aaabrrre,2.757146028333328
Li,Li0-1VPO5,VPO5,LiVPO5,mp-aaaabljt,3.832105108333334
Mg,Mg0-2Ta2CrO8,Ta2CrO8,Mg2Ta2CrO8,mp-aaachobm,3.404542898749998
Li,Li1-3VF6,LiVF6,Li3VF6,mp-aaabqwuu,4.043736850833331
Zn,Zn0-1Mn3Nb2O9,Mn3Nb2O9,Mn3Nb2ZnO9,mp-aaadakjr,1.447809625000005
Mg,Mg0-0.33FePO4,FePO4,MgFe3(PO4)3,mp-aaaabcgz,1.804392914999998
Li,Li0-1Sb(SO4)2,Sb(SO4)2,LiSb(SO4)2,mp-aaabrgjc,4.415403159583339
Li,Li0-1K(WO3)6,K(WO3)6,KLi(WO3)6,mp-aaaabysk,1.427904593333328
Zn,Zn0-1NiO2,NiO2,ZnNiO2,mp-aaaablhq,1.815893704999999
Y,Y0-1Ba2Co3O7,Ba2Co3O7,Ba2YCo3O7,mp-aaadbvkq,2.9027078788888883
Y,Y0-1CrO3,CrO3,YCrO3,mp-aaacxses,4.040148288333333
Li,Li1.5-2.5MnPCO7,Li3Mn2P2(CO7)2,Li5Mn2P2(CO7)2,mp-aaabrtiq,3.638080258333336
Mg,Mg0-1V2O5,V2O5,MgV2O5,mp-aaaablkh,2.241503887499999
Mg,Mg0-1NbVO4,NbVO4,MgNbVO4,mp-aaabqwxr,0.4374810375
Mg,Mg0-0.5SrVSi2O7,SrVSi2O7,Sr2MgV2(Si2O7)2,mp-aaaabcoe,0.062844325000004
Li,Li0-1CoP2O7,CoP2O7,LiCoP2O7,mp-aaaabnlm,4.389878085833321
Mg,Mg0-0.25VO2,VO2,MgV4O8,mp-aaabsgcr,1.241282160000001
Ca,Ca3-4Ba(CuN2)2,BaCa3(CuN2)2,BaCa4(CuN2)2,mp-aaacyvnh,1.9270992462500007
Li,Li3-5V3(FeO5)2,Li3V3(FeO5)2,Li5V3(FeO5)2,mp-aaabqweo,2.264412493333329
Y,Y0-1Ta(WO4)2,Ta(WO4)2,YTa(WO4)2,mp-aaachhdp,2.395761442222221
Li,Li0-4Cr2(PO4)3,Cr2(PO4)3,Li4Cr2(PO4)3,mp-aaabcrzv,3.889024805208333
Li,Li0-2MnV2(PO4)3,MnV2(PO4)3,Li2MnV2(PO4)3,mp-aaabsctw,2.409143143333328
Mg,Mg0-0.5MnVO4,MnVO4,MgMn2V2O8,mp-aaaabllx,2.456753869999997
Li,Li4-4.5Cr2C4SO16,Li4Cr2C4SO16,Li9Cr4C8(SO16)2,mp-aaabrxwy,2.124115273333363
Li,Li0-1VP2O7,VP2O7,LiVP2O7,mp-aaachqup,4.406634853333334
Ca,Ca0-0.5MnO2,MnO2,CaMn2O4,mp-aaaczbgg,3.05528457875
Li,Li0-4Mn3Nb(PO4)4,Mn3Nb(PO4)4,Li4Mn3Nb(PO4)4,mp-aaabscth,2.250773760833337
Li,Li0-1MnPO4,MnPO4,LiMnPO4,mp-aaaabnxs,3.797607483333341
Zn,Zn0-2MoWO6,MoWO6,Zn2MoWO6,mp-aaadbihf,0.666914622500002
Mg,Mg0-0.5MoIrO6,MoIrO6,MgMo2(IrO6)2,mp-aaachoyo,2.610911990000009
Zn,Zn0-1.5Fe2(MoO4)3,Fe2(MoO4)3,Zn3Fe4(MoO4)6,mp-aaachiuq,0.754154740000002
Li,Li6-7CuO4,Li6CuO4,Li7CuO4,mp-aaabqveu,1.589156428333336
Mg,Mg0-0.25VOF2,VOF2,MgV4(OF2)4,mp-aaabqxef,2.322582125000001
Li,Li0-0.5CrO2,CrO2,LiCr2O4,mp-aaadbayy,3.880802458333332
Y,Y0-1Ba2V3O7,Ba2V3O7,Ba2YV3O7,mp-aaadbgyz,2.170053542222223
Li,Li0-11V6O5F19,V6O5F19,Li11V6O5F19,mp-aaabwins,3.6940999224242432
Ca,Ca0-1TiP2O7,TiP2O7,CaTiP2O7,mp-aaacyjib,1.542479812499999
Li,Li0-2NbV3O8,NbV3O8,Li2NbV3O8,mp-aaabrabu,2.091732388333338
Li,Li0-6NbCr3(PO4)6,NbCr3(PO4)6,Li6NbCr3(PO4)6,mp-aaabsktq,3.56281792
Li,Li0-1TiH6(OF3)2,TiH6(OF3)2,LiTiH6(OF3)2,mp-aaacqtgl,1.699900333333322
Li,Li0-1.75Mo3Se4,Mo3Se4,Li7(Mo3Se4)4,mp-aaaabfcn,1.627855414761906
Mg,Mg0-149Mo,Mo,Mg149Mo,mp-aaacicdo,0.009968125268456
Li,Li2-3Cr(PO4)2,Li2Cr(PO4)2,Li3Cr(PO4)2,mp-aaabnsfm,4.642824145833335
Li,Li4-1Mn2V3Cr3O16,Li4Mn2V3Cr3O16,Li10Mn2V3Cr3O16,mp-aaabrzmu,2.008455756666667
Li,Li0-0.25ZrNCl,ZrNCl,LiZr4(NCl)4,mp-aaabgjcy,0.548860393333332
Mg,Mg0-1Mo3P3O13,Mo3P3O13,MgMo3P3O13,mp-aaachqeq,1.892701652499998
Li,Li2-4VCr3O8,Li2VCr3O8,Li4VCr3O8,mp-aaacpaib,3.15165943833333
Li,Li0.33-0.5MnPO4,LiMn3(PO4)3,LiMn2(PO4)2,mp-aaabrsyl,3.4329829233333022
Zn,Zn0-1BiF5,BiF5,ZnBiF5,mp-aaaedaug,2.811050242500002
Li,Li0-6Co5(P2O7)4,Co5(P2O7)4,Li6Co5(P2O7)4,mp-aaacpbgs,4.848867404999997
Mg,Mg0-1Mn6O7F5,Mn6O7F5,MgMn6O7F5,mp-aaabsggp,2.5700079199999992
Zn,Zn0-2Ni9O13,Ni9O13,Zn2Ni9O13,mp-aaachneu,2.490220002499996
Li,Li0-1Fe2OF3,Fe2OF3,LiFe2OF3,mp-aaabsgfl,3.240461655833333
Mg,Mg0-1CuTeO4,CuTeO4,MgCuTeO4,mp-aaabqznz,1.721094039999997
Mg,Mg0-1Mn2P2O9,Mn2P2O9,MgMn2P2O9,mp-aaachfws,3.425450161250002
Li,Li0-2MnP2O7,MnP2O7,Li2MnP2O7,mp-aaabrbxr,5.059318233333333
Ca,Ca0-0.25VS2,VS2,Ca(VS2)4,mp-aaacfrhu,1.763414910000004
Mg,Mg1.5-2VBiO6,Mg3V2(BiO6)2,Mg2VBiO6,mp-aaadaklr,4.454207490000006
Li,Li0-1NiPO4,NiPO4,LiNiPO4,mp-aaabodvx,7.05553710895833
Li,Li0-1MnBO3,MnBO3,LiMnBO3,mp-aaaablky,4.069228861666677
Li,Li0-1Sn(PO3)4,Sn(PO3)4,LiSn(PO3)4,mp-aaaabmim,2.771616150833329
Mg,Mg0-0.5VAg3O4,VAg3O4,MgV2(Ag3O4)2,mp-aaaabbyn,0.5707641600000001
Zn,Zn0-1Bi2O5,Bi2O5,ZnBi2O5,mp-aaachjlt,1.970586564999998
Mg,Mg0-1V(WO4)2,V(WO4)2,MgV(WO4)2,mp-aaachhee,2.395927350000005
Mg,Mg0-0.17MnOF,MnOF,MgMn6(OF)6,mp-aaabwkwe,1.707340289999991
Li,Li2-4Cr2P4H3O16,Li2Cr2P4H3O16,Li4Cr2P4H3O16,mp-aaabrlbi,3.690413353333331
Li,Li1-3NbF6,LiNbF6,Li3NbF6,mp-aaacjjwh,0.366518403333335
Li,Li0-2V3NiO8,V3NiO8,Li2V3NiO8,mp-aaabqzxo,2.856987448333332
Li,Li0-1Na5Fe2P2(CO7)2,Na5Fe2P2(CO7)2,Na5LiFe2P2(CO7)2,mp-aaabsghd,2.8762683283333152
Li,Li0-5Fe2(PO4)3,Fe2(PO4)3,Li5Fe2(PO4)3,mp-aaaabnbw,4.047701873833331
Li,Li0-1Mg(Fe5O8)2,Mg(Fe5O8)2,LiMg(Fe5O8)2,mp-aaabrbvs,2.71874485333331
Zn,Zn0-0.5CuN,CuN,Zn(CuN)2,mp-aaaddcdd,1.40817564
Li,Li0-3Co3(PO4)4,Co3(PO4)4,Li3Co3(PO4)4,mp-aaabetbt,5.164530476666664
Mg,Mg0-2Cu9O13,Cu9O13,Mg2Cu9O13,mp-aaachmxa,3.282595967499998
Mg,Mg0-0.5LuCrO4,LuCrO4,Lu2MgCr2O8,mp-aaaabcqq,1.86694914
Li,Li0-8Mn15CrO32,Mn15CrO32,Li8Mn15CrO32,mp-aaabrwve,3.92352143083333
Li,Li0-3VF5,VF5,Li3VF5,mp-aaabropc,3.586400563333332
Li,Li0.5-0.75MnBO3,LiMn2(BO3)2,Li3Mn4(BO3)4,mp-aaacoyql,3.535761893333306
Li,Li0-0.25LuCoO3,LuCoO3,LiLu4(CoO3)4,mp-aaabfjak,0.798600353333317
Mg,Mg0-0.5V2WO6,V2WO6,MgV4(WO6)2,mp-aaaabebg,0.292684639999994
Li,Li0-4Mn3Co3(TeO8)2,Mn3Co3(TeO8)2,Li4Mn3Co3(TeO8)2,mp-aaabryro,4.048236063333332
Mg,Mg0-1Fe4(CuO4)3,Fe4(CuO4)3,MgFe4(CuO4)3,mp-aaachjjb,3.134959689999999
Mg,Mg0-0.17MnOF,MnOF,MgMn6(OF)6,mp-aaabqytb,1.839394265000003
Mg,Mg0-0.5TiO2,TiO2,MgTi2O4,mp-aaacyvrp,1.149994550625
Ca,Ca0-1CrP2O7,CrP2O7,CaCrP2O7,mp-aaaabnsw,3.795063854999997
Y,Y0-1Mn(WO4)2,Mn(WO4)2,YMn(WO4)2,mp-aaachgud,3.195011197222217
Li,Li0-1V3(P3O10)2,V3(P3O10)2,LiV3(P3O10)2,mp-aaaabmiq,3.205888788333316
Mg,Mg0-0.5Al2CrO5,Al2CrO5,MgAl4Cr2O10,mp-aaabsagf,2.204671004999999
Ca,Ca0.5-1CuAs2O7,CaCu2(As2O7)2,CaCuAs2O7,mp-aaaczcky,4.5986944799999945
Li,Li0-1CrPO4,CrPO4,LiCrPO4,mp-aaaabnii,2.921560348333334
Mg,Mg0-1CrWO6,CrWO6,MgCrWO6,mp-aaadyoox,3.346332314999995
Li,Li0-1Cr(SO4)2,Cr(SO4)2,LiCr(SO4)2,mp-aaabrzmv,5.335018966666671
Mg,Mg0-0.5MnVBiO5,MnVBiO5,MgMn2V2(BiO5)2,mp-aaabfutw,0.768922270000009
Mg,Mg0-1Mn4ZnS8,Mn4ZnS8,MgMn4ZnS8,mp-aaadchfa,0.848062865
Ca,Ca0.25-1MnS2,Ca(MnS2)4,CaMnS2,mp-aaadbjwu,1.709518763333333
Mg,Mg0-0.5CoO2,CoO2,Mg(CoO2)2,mp-aaacupmn,3.011097549999999
Li,Li0-3Ni3(PO4)4,Ni3(PO4)4,Li3Ni3(PO4)4,mp-aaabnsgs,6.098538643333327
Mg,Mg0-1Cr4(CuO4)3,Cr4(CuO4)3,MgCr4(CuO4)3,mp-aaachjcq,2.707770994999994
Al,Al0-5Mo,Mo,Al5Mo,mp-aaafupsf,0.125643175333333
Al,Al0.67-1CuS2,Al2(CuS2)3,AlCuS2,mp-aaactzbd,1.396432456666664
Li,Li0-1CrPHO5,CrPHO5,LiCrPHO5,mp-aaabqyor,4.66829378333333
Li,Li0-0.5WO3,WO3,Li(WO3)2,mp-aaabrbbi,2.276754113333329
Li,Li0-2Sr3Nb4O13,Sr3Nb4O13,Sr3Li2Nb4O13,mp-aaabrazr,2.372356998333335
Li,Li0-4Fe5Sb(PO4)6,Fe5Sb(PO4)6,Li4Fe5Sb(PO4)6,mp-aaabrxvx,2.660579385833334
Mg,Mg0-0.5EuVO4,EuVO4,Eu2MgV2O8,mp-aaaabhsu,2.062486240000003
Li,Li1.5-2MnSiO4,Li3Mn2(SiO4)2,Li2MnSiO4,mp-aaabshpx,3.830646998333326
Mg,Mg0-0.5Mn3(O2F)2,Mn3(O2F)2,MgMn6(O2F)4,mp-aaabreqf,1.882839675000004
Mg,Mg0-1V2Cu3O8,V2Cu3O8,MgV2Cu3O8,mp-aaabcsrj,1.918651719999997
Li,Li0-1Rb5Si2NiO8,Rb5Si2NiO8,Rb5LiSi2NiO8,mp-aaabexjr,3.378373523333327
Mg,Mg0-0.5CsFeS2,CsFeS2,Cs2Mg(FeS2)2,mp-aaabctzk,0.110065299999999
Zn,Zn0-1Pr(NiO3)2,Pr(NiO3)2,PrZn(NiO3)2,mp-aaadalbd,2.586059390000003
Mg,Mg0-1NiBiP2O9,NiBiP2O9,MgNiBiP2O9,mp-aaachjzx,3.5915374324999942
Li,Li0-1NiPO4,NiPO4,LiNiPO4,mp-aaaabllg,4.971688053333335
Mg,Mg0-0.25AgRuO3,AgRuO3,MgAg4(RuO3)4,mp-aaabseeq,1.584813175000005
Y,Y0-1Sr2Cu2BiO7,Sr2Cu2BiO7,Sr2YCu2BiO7,mp-aaachntg,3.266374947222218
Li,Li0-2Ti3MnO8,Ti3MnO8,Li2Ti3MnO8,mp-aaabsnum,3.496692439583332
Ca,Ca0-1Ba(BiO2)4,Ba(BiO2)4,BaCa(BiO2)4,mp-aaachpnf,3.68238622
Y,Y0-0.5TiO2,TiO2,YTi2O4,mp-aaaabljq,0.9114425405555552
Li,Li0-1V3O5F,V3O5F,LiV3O5F,mp-aaabqvye,2.989195053333337
Mg,Mg0-0.5NaMnO4,NaMnO4,Na2MgMn2O8,mp-aaabrfyw,2.458758089999993
Ca,Ca0-1LaFeBiO6,LaFeBiO6,CaLaFeBiO6,mp-aaachkky,5.006818604999998
Ca,Ca0-1Mn(GeO3)2,Mn(GeO3)2,CaMn(GeO3)2,mp-aaachjmd,3.675114437500001
Li,Li0-1V2O2F3,V2O2F3,LiV2O2F3,mp-aaabqvzo,3.284075548333338
Zn,Zn0-1Mn3P3O13,Mn3P3O13,Mn3ZnP3O13,mp-aaachqey,1.75839556750001
Mg,Mg0-1Fe6O11F,Fe6O11F,MgFe6O11F,mp-aaabwkug,2.5314177699999942
Li,Li4-6NbFe5O12,Li4NbFe5O12,Li6NbFe5O12,mp-aaabraon,2.586613498333325
Mg,Mg0-1Ni(TeO3)4,Ni(TeO3)4,MgNi(TeO3)4,mp-aaabrccw,2.801583982499996
Mg,Mg0-1Cu3(GeO3)4,Cu3(GeO3)4,MgCu3(GeO3)4,mp-aaadamyu,2.376736560000002
Mg,Mg0-1SrMn(PO4)2,SrMn(PO4)2,SrMgMn(PO4)2,mp-aaachoao,3.432676732499997
Li,Li0-2MgCd,MgCd,Li2MgCd,mp-aaachdfp,0.498585583333333
Li,Li0-0.6MnF3,MnF3,Li3Mn5F15,mp-aaabrfon,4.078614366666664
Y,Y0-1BiTe3,BiTe3,YBiTe3,mp-aaaacacm,1.410069258888888
Mg,Mg0-1MnO2,MnO2,MgMnO2,mp-aaaablkd,2.343926479999999
Li,Li0-1V2O3F,V2O3F,LiV2O3F,mp-aaabqvxl,2.461882260833339
Mg,Mg0-0.5CrCu(WO4)2,CrCu(WO4)2,MgCr2Cu2(WO4)4,mp-aaacrbmm,0.836369365000014
Li,Li1-2MnVO4,LiMnVO4,Li2MnVO4,mp-aaabqxib,2.506070413333337
Li,Li1-3FeAsCO7,LiFeAsCO7,Li3FeAsCO7,mp-aaabrwkc,3.79779738333333
Ca,Ca0-2W3O8,W3O8,Ca2W3O8,mp-aaachiwo,3.091811035000002
Li,Li0-11V6O5F19,V6O5F19,Li11V6O5F19,mp-aaabrhpx,3.640369928787877
Li,Li2-3VO3F,Li2VO3F,Li3VO3F,mp-aaabrhwu,3.081427800833336
Li,Li0-2Fe3(SiO4)2,Fe3(SiO4)2,Li2Fe3(SiO4)2,mp-aaabwkmy,2.962059718333347
Li,Li0-1V6O11F,V6O11F,LiV6O11F,mp-aaabrmei,1.811443333333334
Ca,Ca0-0.5Zn(FeO2)2,Zn(FeO2)2,CaZn2(FeO2)4,mp-aaaabytc,0.216617120000004
Ca,Ca0-0.25NiO2,NiO2,Ca(NiO2)4,mp-aaadavfy,3.831392704999994
Mg,Mg0-0.25NbNO,NbNO,MgNb4(NO)4,mp-aaabqymy,1.050356934999986
Ca,Ca1-2MnIrO6,CaMnIrO6,Ca2MnIrO6,mp-aaacyknc,3.565982517500006
Mg,Mg0-0.5YMoClO4,YMoClO4,Y2MgMo2(ClO4)2,mp-aaabfwpa,0.952593770000004
Li,Li0-1CrP2O7,CrP2O7,LiCrP2O7,mp-aaaabnpy,5.508993368333339
Zn,Zn0-3Ca,Ca,CaZn3,mp-aaaaaabt,0.105286626666666
Li,Li0-4Ni5Te(PO4)6,Ni5Te(PO4)6,Li4Ni5Te(PO4)6,mp-aaabwjyj,3.9228222908333272
Li,Li6-7Mn2N3,Li6Mn2N3,Li7Mn2N3,mp-aaacrojw,0.132985433333329
Li,Li1-2FePCO7,LiFePCO7,Li2FePCO7,mp-aaacoyrp,4.40748721333333
Li,Li0-0.25VO2,VO2,LiV4O8,mp-aaabsgcr,2.190126183333338
Ca,Ca0-1Ni(PO3)4,Ni(PO3)4,CaNi(PO3)4,mp-aaabnphw,5.668589285000006
Zn,Zn0-1MoAsO5,MoAsO5,ZnMoAsO5,mp-aaaczvom,1.33404825125
Li,Li0-1CrB3(HO3)3,CrB3(HO3)3,LiCrB3(HO3)3,mp-aaabsigx,4.06632266583333
Mg,Mg0-0.5GdTl(WO4)2,GdTl(WO4)2,Gd2MgTl2(WO4)4,mp-aaacqzse,0.6939581249999991
Ca,Ca0-3Cr2(SiO4)3,Cr2(SiO4)3,Ca3Cr2(SiO4)3,mp-aaacosks,4.761259247500001
Li,Li0-1Na9Fe10(SiO3)20,Na9Fe10(SiO3)20,Na9LiFe10(SiO3)20,mp-aaabscwz,4.703034463333329
Li,Li0-1VPO4,VPO4,LiVPO4,mp-aaabrroi,2.176045970833333
Li,Li0-6Fe3Sb(PO4)6,Fe3Sb(PO4)6,Li6Fe3Sb(PO4)6,mp-aaabscqq,3.9572313316666654
Zn,Zn1.5-4Cu5(TeO6)3,Zn3Cu10(TeO6)6,Zn4Cu5(TeO6)3,mp-aaacywcr,1.9842247509999984
Mg,Mg0-1Mn6O11F,Mn6O11F,MgMn6O11F,mp-aaabrfdy,2.392195030000015
Li,Li0-1Cr2P2O9,Cr2P2O9,LiCr2P2O9,mp-aaachfxu,5.052966770833327
Al,Al0-1Sr2YNi2O7,Sr2YNi2O7,Sr2YAlNi2O7,mp-aaachppi,3.287750436666667
Li,Li0-14Mn9(P2O7)8,Mn9(P2O7)8,Li14Mn9(P2O7)8,mp-aaabcrtd,4.188218449761909
Mg,Mg0-1MnV4CuO12,MnV4CuO12,MgMnV4CuO12,mp-aaabqyot,2.9507782300000023
Li,Li0-4Mn3Fe2Co3O16,Mn3Fe2Co3O16,Li4Mn3Fe2Co3O16,mp-aaacoykd,4.155083928333338
Mg,Mg0-1Mn4(CuO4)3,Mn4(CuO4)3,MgMn4(CuO4)3,mp-aaacupfi,2.6834920150000032
Li,Li0-1Fe5O8,Fe5O8,LiFe5O8,mp-aaabdboc,4.754017003333335
Zn,Zn0-1CoO2,CoO2,ZnCoO2,mp-aaaablio,1.260966238750001
Ca,Ca0-1Ti2P2O9,Ti2P2O9,CaTi2P2O9,mp-aaachlpn,2.164933879999995
Li,Li1-2CuPO4,LiCuPO4,Li2CuPO4,mp-aaaaboai,3.280276973333333
Ca,Ca0-1Ba(SnO2)4,Ba(SnO2)4,BaCa(SnO2)4,mp-aaachpga,2.844697044999999
Li,Li0-4Mn2VNi3(PO4)6,Mn2VNi3(PO4)6,Li4Mn2VNi3(PO4)6,mp-aaabrfci,3.974795380833332
Mg,Mg7-149Nb,Mg7Nb,Mg149Nb,mp-aaacfvlr,0.01306277197183
Li,Li0-0.25ZnSnO2,ZnSnO2,LiZn4(SnO2)4,mp-aaaczxnf,0.564751973333334
Li,Li0-1Mn(PO3)4,Mn(PO3)4,LiMn(PO3)4,mp-aaaabmwo,5.438288473333335
Li,Li0-0.25ReO3,ReO3,Li(ReO3)4,mp-aaacskft,2.043466723333357
Mg,Mg0-1Mn8O13F3,Mn8O13F3,MgMn8O13F3,mp-aaabwksb,2.061794295000003
Mg,Mg0-0.5Nb2O5,Nb2O5,MgNb4O10,mp-aaaaaaxg,1.056629210000001
Mg,Mg0-0.5Rb2VAgS4,Rb2VAgS4,Rb4MgV2(AgS4)2,mp-aaaaanej,0.139448455000004
Mg,Mg0-1V4O5F7,V4O5F7,MgV4O5F7,mp-aaabqzvc,2.393534249999992
Zn,Zn0-1Cr2O5,Cr2O5,ZnCr2O5,mp-aaadbnfk,1.0955182075
Mg,Mg0-0.17FeOF,FeOF,MgFe6(OF)6,mp-aaabqzzq,2.090781615000002
Ca,Ca0-1Cu3(NiO3)4,Cu3(NiO3)4,CaCu3(NiO3)4,mp-aaachjjs,4.522905584999999
Mg,Mg0.5-1BiO3,Mg(BiO3)2,MgBiO3,mp-aaachrlr,2.766332702499999
Zn,Zn0-13Ca,Ca,CaZn13,mp-aaaaapux,0.093648687115384
Li,Li0-2Co(PO3)4,Co(PO3)4,Li2Co(PO3)4,mp-aaaabncq,5.298443423333329
Ca,Ca1.5-2TaMnO6,Ca3Ta2Mn2O12,Ca2TaMnO6,mp-aaacyokv,3.477231900000009
Y,Y0-1Sb,Sb,YSb,mp-aaaaapsw,0.946217212222222
Li,Li0-4TiMn3Cr2(PO4)6,TiMn3Cr2(PO4)6,Li4TiMn3Cr2(PO4)6,mp-aaabsecj,3.021410403333324
Li,Li0-0.5SmCrO4,SmCrO4,LiSm2Cr2O8,mp-aaaabcbc,2.49710162333334
Li,Li0-2V(PO3)5,V(PO3)5,Li2V(PO3)5,mp-aaaabmrw,5.093885785833341
Mg,Mg0-0.5AgSnO3,AgSnO3,MgAg2(SnO3)2,mp-aaabraco,1.444970954999999
Li,Li2-4MnV(PO4)3,Li2MnV(PO4)3,Li4MnV(PO4)3,mp-aaabrsxn,3.37340196833333
Mg,Mg0-0.5Mn(FeO2)2,Mn(FeO2)2,MgMn2(FeO2)4,mp-aaaabbte,0.16409105
Mg,Mg0-0.5NiO2,NiO2,Mg(NiO2)2,mp-aaaablqa,3.465109630000001
Y,Y0.33-1Cu(WO4)2,YCu3(WO4)6,YCu(WO4)2,mp-aaacxrll,3.595671253888883
Li,Li2-3K2CoO4,K2Li2CoO4,K2Li3CoO4,mp-aaabricr,2.559162840833335
Li,Li0-1NaFe2(SiO3)4,NaFe2(SiO3)4,NaLiFe2(SiO3)4,mp-aaabqzuy,4.853935323333336
Li,Li0-2Ni(SO4)2,Ni(SO4)2,Li2Ni(SO4)2,mp-aaabwjkb,5.483738657708334
Ca,Ca0-1Mo3P3O13,Mo3P3O13,CaMo3P3O13,mp-aaachqeq,3.11886863999999
Zn,Zn0-0.33Cr(SO4)2,Cr(SO4)2,ZnCr3(SO4)6,mp-aaabrcmi,3.308867805000013
Li,Li0-1K2MnF6,K2MnF6,K2LiMnF6,mp-aaabfsoj,3.722619053333336
Li,Li1.5-2.5FeBO4,Li3Fe2(BO4)2,Li5Fe2(BO4)2,mp-aaabrfsj,3.118528430833334
Li,Li0-1MnPO4,MnPO4,LiMnPO4,mp-aaaaboba,3.900206260833333
Li,Li1-4TiV3O10,LiTiV3O10,Li4TiV3O10,mp-aaabrbtc,3.093052181666668
Li,Li0-1K11Mn4O16,K11Mn4O16,K11LiMn4O16,mp-aaabsdgl,3.477184883333341
Li,Li0-1FePO4,FePO4,LiFePO4,mp-aaabcrzg,3.33833296833333
Li,Li0-3Mn(CoO3)2,Mn(CoO3)2,Li3Mn(CoO3)2,mp-aaabrkuj,3.33804975
Mg,Mg0-1Zn2Bi6Ru8O27,Zn2Bi6Ru8O27,MgZn2Bi6Ru8O27,mp-aaacresa,0.8558421149999921
Y,Y0-1Ta(WO4)2,Ta(WO4)2,YTa(WO4)2,mp-aaachhwm,1.7979300122222222
Ca,Ca0-0.25MnAgO4,MnAgO4,CaMn4(AgO4)4,mp-aaabipyj,3.210683245000001
Li,Li0-1V3OF11,V3OF11,LiV3OF11,mp-aaabtpxh,5.628901943333337
Mg,Mg0-0.5Nb2SnO6,Nb2SnO6,MgNb4(SnO6)2,mp-aaaaaexw,0.228848504999992
Li,Li0-1V3F10,V3F10,LiV3F10,mp-aaabrsmo,4.477156073333337
Mg,Mg0-1CrTe(WO6)2,CrTe(WO6)2,MgCrTe(WO6)2,mp-aaabralv,3.148359545000002
Li,Li2-2.75V3CoO8,Li2V3CoO8,Li11V12(CoO8)4,mp-aaabscju,1.729457803333317
Mg,Mg0-0.5CrCuO4,CrCuO4,MgCr2(CuO4)2,mp-aaachgqo,2.934386917499997
Mg,Mg0-1TiMo(PO4)3,TiMo(PO4)3,MgTiMo(PO4)3,mp-aaachkwh,2.285673039999996
Y,Y0-1V4(CuO4)3,V4(CuO4)3,YV4(CuO4)3,mp-aaaczuws,2.907673128888881
Ca,Ca0-1BaCr4O8,BaCr4O8,BaCaCr4O8,mp-aaachgjo,2.692261180000005
Ca,Ca0-1CoP2O7,CoP2O7,CaCoP2O7,mp-aaabetfi,4.699605262499996
Ca,Ca0-1PrTi2O6,PrTi2O6,CaPrTi2O6,mp-aaachlbf,3.029066362499999
Li,Li4-5Fe2Ni5O12,Li4Fe2Ni5O12,Li5Fe2Ni5O12,mp-aaabregn,3.9638383083333553
Li,Li0-1Na2MnPCO7,Na2MnPCO7,Na2LiMnPCO7,mp-aaabskqk,3.114832883333325
Mg,Mg0-1Zn(CoS2)4,Zn(CoS2)4,MgZn(CoS2)4,mp-aaadbxwy,1.076695349999998
Li,Li0-3V4(OF3)3,V4(OF3)3,Li3V4(OF3)3,mp-aaabwjxc,3.004427062499994
Li,Li3-5VF8,Li3VF8,Li5VF8,mp-aaabqwsb,4.425258018333335
Li,Li0-1V2NiO6,V2NiO6,LiV2NiO6,mp-aaabrbck,2.319858578333328
Ca,Ca0-1Ba2CuMo2F14,Ba2CuMo2F14,Ba2CaCuMo2F14,mp-aaachnbt,3.612223474999996
Mg,Mg0-1La4FeO8,La4FeO8,La4MgFeO8,mp-aaabqxub,2.082333351249997
Li,Li0-6MnCr3(PO4)6,MnCr3(PO4)6,Li6MnCr3(PO4)6,mp-aaabsbpj,4.33996152666667
Mg,Mg0-2Cr3O8,Cr3O8,Mg2Cr3O8,mp-aaachixx,4.06640517
Li,Li0-1VF5,VF5,LiVF5,mp-aaabqvtz,4.558441795833336
Li,Li0-1Mn3Cr5O16,Mn3Cr5O16,Li10Mn3Cr5O16,mp-aaabrbta,2.915700934333331
Li,Li4-5Mn2Ni3O10,Li4Mn2Ni3O10,Li5Mn2Ni3O10,mp-aaabreik,4.354066903333352
Li,Li0-1NiP2O7,NiP2O7,LiNiP2O7,mp-aaaabvvq,5.36230047833333
Zn,Zn0-2Cr3O8,Cr3O8,Zn2Cr3O8,mp-aaachixx,2.703451465000001
Ca,Ca0-1Ba2Mn2CuF14,Ba2Mn2CuF14,Ba2CaMn2CuF14,mp-aaachmzx,4.853321722500001
Li,Li0-2V(PO3)4,V(PO3)4,Li2V(PO3)4,mp-aaaabnqw,4.091716760833326
Mg,Mg0-1Ba2CuTeO6,Ba2CuTeO6,Ba2MgCuTeO6,mp-aaaaaphn,0.5923077049999971
Li,Li1-3Mn2NiO6,LiMn2NiO6,Li3Mn2NiO6,mp-aaabrkeb,3.379426958333331
Li,Li8-9TiMn3(PO4)6,Li8TiMn3(PO4)6,Li9TiMn3(PO4)6,mp-aaabrsvk,0.8312120333333199
Mg,Mg0-0.5MoO3,MoO3,Mg(MoO3)2,mp-aaabgaez,2.05308869
Li,Li0.5-2VO2,LiV2O4,Li2VO2,mp-aaabqvge,1.119152501666668
Ca,Ca0-1Ni(GeO3)2,Ni(GeO3)2,CaNi(GeO3)2,mp-aaachjom,4.74983709625
Li,Li2-3V(CO3)3,Li2V(CO3)3,Li3V(CO3)3,mp-aaabredo,3.533908578333329
Mg,Mg0-0.5MoCl4O,MoCl4O,MgMo2(Cl4O)2,mp-aaaabhzq,2.780625675000001
Li,Li0-1NiF3,NiF3,LiNiF3,mp-aaabfynk,5.910340333333331
Mg,Mg0-0.25FePO4,FePO4,MgFe4(PO4)4,mp-aaabqvsq,2.669234054999994
Mg,Mg0-1Ba(MoO2)4,Ba(MoO2)4,BaMg(MoO2)4,mp-aaachqbq,1.860083355000004
Ca,Ca0-1BiMoO5,BiMoO5,CaBiMoO5,mp-aaachkri,3.554604717499997
Ca,Ca0-1Mn4(CuO4)3,Mn4(CuO4)3,CaMn4(CuO4)3,mp-aaacupfi,3.8440782899999872
Li,Li0-2TiFeO4,TiFeO4,Li2TiFeO4,mp-aaabqysq,3.207187718333334
Li,Li0-1K2NiF6,K2NiF6,K2LiNiF6,mp-aaabilao,4.9501593633333325
Ca,Ca0-0.25MoO2,MoO2,Ca(MoO2)4,mp-aaadasxh,1.459997225000004
Mg,Mg0-0.5V2PbO6,V2PbO6,MgV4(PbO6)2,mp-aaaabfgo,1.698245064999999
Mg,Mg0-0.5CrO2,CrO2,MgCr2O4,mp-aaachfxf,3.328446300000001
Li,Li0-1Ba2TmCu3O7,Ba2TmCu3O7,Ba2LiTmCu3O7,mp-aaabjkhg,0.7468272533333261
Mg,Mg0-0.5CrWO4,CrWO4,MgCr2(WO4)2,mp-aaabiqhm,0.929586459999986
Li,Li2-5MnCr3O8,Li2MnCr3O8,Li5MnCr3O8,mp-aaacpamm,2.187093339999998
Li,Li0-2CoSn(PO4)2,CoSn(PO4)2,Li2CoSn(PO4)2,mp-aaabxddy,2.5749900783333333
Mg,Mg0-0.5VCuO4,VCuO4,MgV2(CuO4)2,mp-aaacyurc,3.844711001249995
Mg,Mg0-0.25Co(PO3)3,Co(PO3)3,MgCo4(PO3)12,mp-aaaabnye,4.202202285000017
Mg,Mg0-1.5Fe2(WO4)3,Fe2(WO4)3,Mg3Fe4(WO4)6,mp-aaachisa,2.164506479999999
Ca,Ca2-3La5Mn7NiO24,Ca2La5Mn7NiO24,Ca3La5Mn7NiO24,mp-aaaczfto,3.724356770000002
Ca,Ca0-1SrTi(PO4)2,SrTi(PO4)2,SrCaTi(PO4)2,mp-aaachnps,1.56914026
Li,Li1-3Co2(PO4)3,LiCo2(PO4)3,Li3Co2(PO4)3,mp-aaabrdto,4.381303445833343
Mg,Mg0-0.5Co3O5F,Co3O5F,MgCo6(O5F)2,mp-aaabsikc,2.294634634999998
Li,Li1.5-2MnSiO4,Li3Mn2(SiO4)2,Li2MnSiO4,mp-aaabqxla,4.104373148333342
Mg,Mg0-0.5MnO2,MnO2,MgMn2O4,mp-aaaczbgg,2.38241528875
Li,Li0-1Fe3P3O11,Fe3P3O11,LiFe3P3O11,mp-aaabesxe,3.123346320833325
Li,Li2.25-3Cr(BO3)2,Li9Cr4(BO3)8,Li3Cr(BO3)2,mp-aaabrffb,3.916154996666652
Li,Li3-9Bi3P8O29,Li3Bi3P8O29,Li9Bi3P8O29,mp-aaabshbj,4.609777187500001
Li,Li2-3CuAsCO7,Li2CuAsCO7,Li3CuAsCO7,mp-aaabrvtt,3.642890948333336
Li,Li2-3Cr(PO3)8,Li2Cr(PO3)8,Li3Cr(PO3)8,mp-aaabetdr,5.7911895133332845
Mg,Mg0-2Ba2Tl2W3O10,Ba2Tl2W3O10,Ba2Mg2Tl2W3O10,mp-aaachofg,0.861100595
Y,Y0-0.5NiO2,NiO2,Y(NiO2)2,mp-aaachhlr,3.6806764355555552
Li,Li0-1V4OF11,V4OF11,LiV4OF11,mp-aaabrguo,2.98965057833333
Li,Li0-3MnV4O12,MnV4O12,Li3MnV4O12,mp-aaabqvpo,3.663346419999996
Y,Y0-1Ba2Co3O8,Ba2Co3O8,Ba2YCo3O8,mp-aaachqme,3.908261692222224
Li,Li0-2SbP(OF3)2,SbP(OF3)2,Li2SbP(OF3)2,mp-aaabfoor,3.196905335833329
Li,Li1-1.33LaNb4O12,LiLaNb4O12,Li4La3Nb12O36,mp-aaabrjep,2.08672927333331
Mg,Mg0-0.5TiZnO3,TiZnO3,MgTi2Zn2O6,mp-aaacjjjq,0.144013505000001
Mg,Mg0-0.5VO2,VO2,MgV2O4,mp-aaaborqm,2.225807992500002
Li,Li0.5-0.83MnBO3,LiMn2(BO3)2,Li5Mn6(BO3)6,mp-aaabsntq,3.303371018333312
Mg,Mg0.5-1VO3,MgV2O6,MgVO3,mp-aaadbtjt,2.594136784999993
Mg,Mg0-1Ba(CoO2)4,Ba(CoO2)4,BaMg(CoO2)4,mp-aaachgjs,3.393985980000001
Li,Li0.67-2MnCrO4,Li2Mn3Cr3O12,Li2MnCrO4,mp-aaabwkvc,3.252980979583334
Ca,Ca0-0.5Cr2O3,Cr2O3,CaCr4O6,mp-aaachjlz,2.399979422499998
Mg,Mg0-0.33BaMnO3,BaMnO3,Ba3MgMn3O9,mp-aaaabbwq,0.8643481100000021
Li,Li0-3Ti2(PO4)3,Ti2(PO4)3,Li3Ti2(PO4)3,mp-aaabsbtx,2.642043108333339
Mg,Mg0-3Si3(WO6)2,Si3(WO6)2,Mg3Si3(WO6)2,mp-aaacnbqt,1.621376601666663
Li,Li0-1NaCu(PO3)3,NaCu(PO3)3,NaLiCu(PO3)3,mp-aaabrhuw,2.31218372583334
Mg,Mg0-1MnO2,MnO2,MgMnO2,mp-aaaablpw,2.3178994449999992
Li,Li0-4Co5NiO12,Co5NiO12,Li4Co5NiO12,mp-aaabsagl,3.621380722083338
Mg,Mg0-0.5TiS2,TiS2,Mg(TiS2)2,mp-aaacjhfx,0.988671534999999
Li,Li0-1V4OF11,V4OF11,LiV4OF11,mp-aaadbgtd,6.392781773333329
Mg,Mg0-3Sb,Sb,Mg3Sb,mp-aaacpczl,0.152770749166666
Li,Li0-6Fe9(PO4)8,Fe9(PO4)8,Li6Fe9(PO4)8,mp-aaabobsw,3.485911999999999
Li,Li0-1FePO4,FePO4,LiFePO4,mp-aaabnnld,3.491658535833328
Li,Li0-1MnF3,MnF3,LiMnF3,mp-aaacoyhp,3.97970241083333
Li,Li4-1Mn3V5O16,Li4Mn3V5O16,Li10Mn3V5O16,mp-aaabrztz,1.779459646666666
Mg,Mg0-1Co4OF11,Co4OF11,MgCo4OF11,mp-aaabqvdx,3.973870854999998
Li,Li0-1CuPO4,CuPO4,LiCuPO4,mp-aaaabmhq,4.465714708333334
Ca,Ca0-0.25NiO2,NiO2,Ca(NiO2)4,mp-aaaablhq,4.102031012499995
Mg,Mg0-1LaTiCrO6,LaTiCrO6,LaMgTiCrO6,mp-aaacypzz,2.6981677025
Ca,Ca0-1LaTiCrO6,LaTiCrO6,CaLaTiCrO6,mp-aaacypzz,4.052649268749998
Mg,Mg0-1VSnO4,VSnO4,MgVSnO4,mp-aaabqvem,0.9957708124999992
Mg,Mg0-0.33FeOF,FeOF,MgFe3(OF)3,mp-aaabqxyz,2.263385674999997
Li,Li0.25-0.75MnBO3,LiMn4(BO3)4,Li3Mn4(BO3)4,mp-aaabwkts,3.385678368333335
Li,Li0-2V2(SO4)3,V2(SO4)3,Li2V2(SO4)3,mp-aaaablkg,3.139078588333324
Mg,Mg0-1WBr4O,WBr4O,MgWBr4O,mp-aaaabwdk,1.9194577199999991
Li,Li0-1Nb(PO3)4,Nb(PO3)4,LiNb(PO3)4,mp-aaaabnhe,2.546903535833341
Li,Li0-1Cr4(PO4)3,Cr4(PO4)3,LiCr4(PO4)3,mp-aaaabnsi,2.233531908333337
Mg,Mg0-4Sn5(TeO6)3,Sn5(TeO6)3,Mg4Sn5(TeO6)3,mp-aaachnqe,1.9172365674999992
Li,Li1-3Ni2(PO4)3,LiNi2(PO4)3,Li3Ni2(PO4)3,mp-aaaabmge,4.947565368333335
Mg,Mg0-0.5KSm(MoO4)2,KSm(MoO4)2,K2Sm2Mg(MoO4)4,mp-aaacqxws,0.7334529699999921
Zn,Zn0.5-1BiO3,Zn(BiO3)2,ZnBiO3,mp-aaachmiw,1.8179938675
Ca,Ca0-0.5Bi3(PO5)2,Bi3(PO5)2,CaBi6(PO5)4,mp-aaadafay,4.937561904999999
Li,Li1-4Ti2Mn3O10,LiTi2Mn3O10,Li4Ti2Mn3O10,mp-aaabqwwt,3.171232440000005
Mg,Mg0-1TiV(PO4)3,TiV(PO4)3,MgTiV(PO4)3,mp-aaachkud,2.6767325675
Li,Li0-2CrPO4F,CrPO4F,Li2CrPO4F,mp-aaabqyzj,3.376453978333335
Li,Li0-1Ni2P2O9,Ni2P2O9,LiNi2P2O9,mp-aaachksw,5.268835358333338
Li,Li0-1Cr3P3O13,Cr3P3O13,LiCr3P3O13,mp-aaachqea,4.887051348333334
Mg,Mg0-0.5Sr2Co2O5,Sr2Co2O5,Sr4Mg(Co2O5)2,mp-aaabfqpo,1.295605040000002
Li,Li0-2Mn7(P2O7)4,Mn7(P2O7)4,Li2Mn7(P2O7)4,mp-aaabsgxk,3.460639153333322
Zn,Zn0-0.5VS2,VS2,V2ZnS4,mp-aaadbypi,0.5952046375000001
Li,Li0-1VPO5,VPO5,LiVPO5,mp-aaaabndu,4.032565223333333
Zn,Zn0-1Ho(MoO3)2,Ho(MoO3)2,HoZn(MoO3)2,mp-aaachggc,0.6330426050000001
Mg,Mg0-1KNiIO6,KNiIO6,KMgNiIO6,mp-aaabfjat,3.325511660000001
Zn,Zn0-0.5CoS2,CoS2,Zn(CoS2)2,mp-aaadbdgn,1.0047305075
Ca,Ca0-0.25AgRuO3,AgRuO3,CaAg4(RuO3)4,mp-aaabseeq,2.091617385000002
Li,Li0-1Bi(PO3)4,Bi(PO3)4,LiBi(PO3)4,mp-aaabcsbc,5.019703478333331
Li,Li7-11Ni13O24,Li7Ni13O24,Li11Ni13O24,mp-aaabreer,3.772234513333335
Y,Y0-0.67FeSiO4,FeSiO4,Y2Fe3(SiO4)3,mp-aaacnbbf,3.685113895972224
Li,Li0-1TiO2,TiO2,LiTiO2,mp-aaaaaapa,1.431707528333331
Mg,Mg0-1Fe3(P2O7)2,Fe3(P2O7)2,MgFe3(P2O7)2,mp-aaaabnxy,2.437273189999989
Mg,Mg0-1Na2Eu2Ti3O10,Na2Eu2Ti3O10,Na2Eu2MgTi3O10,mp-aaaaaweu,0.21940007000001
Li,Li0-1VCoO4,VCoO4,LiVCoO4,mp-aaabrwtd,3.91997867333333
Ca,Ca0-1Te,Te,CaTe,mp-aaaaaptu,1.570363379999999
Li,Li0-1CuPO4,CuPO4,LiCuPO4,mp-aaabqwrn,4.011077263333331
Mg,Mg0-0.5GdMoClO4,GdMoClO4,Gd2MgMo2(ClO4)2,mp-aaabfuzg,0.953686565000002
Li,Li0-1TiO2,TiO2,LiTiO2,mp-aaaddere,1.524724563333334
Mg,Mg0-1Fe6O7F5,Fe6O7F5,MgFe6O7F5,mp-aaabrafz,2.401295019999996
Li,Li0-2NiH12(SO7)2,NiH12(SO7)2,Li2NiH12(SO7)2,mp-aaackris,4.465767995833336
Mg,Mg0-1CuP4(RuO7)2,CuP4(RuO7)2,MgCuP4(RuO7)2,mp-aaacrbao,1.325672174999998
Y,Y0-1Rb2CuF6,Rb2CuF6,Rb2YCuF6,mp-aaacqqrm,3.668664995555554
Li,Li2-3C,Li2C,Li3C,mp-aaacqxbb,0.837677993333334
Li,Li0-1VOF3,VOF3,LiVOF3,mp-aaabqwrt,4.045270888333332
Li,Li0-1V4O5F7,V4O5F7,LiV4O5F7,mp-aaabqzvc,3.4704425833333272
Mg,Mg0-0.5TiZnO3,TiZnO3,MgTi2Zn2O6,mp-aaaaauxy,0.266520080000003
Li,Li0-4Mn2NbNi3(PO4)6,Mn2NbNi3(PO4)6,Li4Mn2NbNi3(PO4)6,mp-aaacoyme,3.453628375833337
Ca,Ca0-0.5CrO2,CrO2,CaCr2O4,mp-aaachozx,5.5466400775
Ca,Ca0-0.5TiO2,TiO2,CaTi2O4,mp-aaacyvrp,1.31064925
Mg,Mg0-0.33V2O5,V2O5,MgV6O15,mp-aaaablhn,2.4892531700000062
Li,Li0-4Ni7(PO4)6,Ni7(PO4)6,Li4Ni7(PO4)6,mp-aaaabvxp,4.210608743333329
Ca,Ca0.25-0.5TiS2,Ca(TiS2)4,Ca(TiS2)2,mp-aaadaxrp,1.369599865
Zn,Zn0-1VBiO5,VBiO5,VZnBiO5,mp-aaadacsi,2.71444588875
Li,Li0-3VCrP2(O4F)2,VCrP2(O4F)2,Li3VCrP2(O4F)2,mp-aaabrnwl,3.398723149999999
Mg,Mg0-1BiMoO5,BiMoO5,MgBiMoO5,mp-aaachkri,3.02762610875
Mg,Mg0-1Cr3(P2O7)2,Cr3(P2O7)2,MgCr3(P2O7)2,mp-aaaabmuk,1.536109839999999
Li,Li0-1CrPO4,CrPO4,LiCrPO4,mp-aaabcsbn,3.45681235166666
Mg,Mg0-0.5BaWO4,BaWO4,Ba2Mg(WO4)2,mp-aaackihn,0.334554770000001
Li,Li4-5Ti2V5O12,Li4Ti2V5O12,Li5Ti2V5O12,mp-aaabrfdk,1.821959553333333
Li,Li0-0.25TlNiO3,TlNiO3,LiTl4(NiO3)4,mp-aaaabaqj,1.503900673333338
Zn,Zn0-1Zr5Sb3,Zr5Sb3,Zr5ZnSb3,mp-aaaaadxx,0.565490844999999
Mg,Mg0-1V(GeO3)2,V(GeO3)2,MgV(GeO3)2,mp-aaabscue,2.017040947499997
Li,Li0.4-1.6NiO2,Li2(NiO2)5,Li8(NiO2)5,mp-aaabrjup,3.065886653333331
Mg,Mg0-0.5AgSbO3,AgSbO3,MgAg2(SbO3)2,mp-aaabfbrz,1.111679329999998
Mg,Mg0-1Nb2O5,Nb2O5,MgNb2O5,mp-aaaaacjj,0.441934100000002
Li,Li0-1Fe(PO3)4,Fe(PO3)4,LiFe(PO3)4,mp-aaabesyf,6.042174743333309
Li,Li0-0.5CuCO3,CuCO3,LiCu2(CO3)2,mp-aaabrhdr,3.923507368333337
Mg,Mg0-1Fe5CuO8,Fe5CuO8,MgFe5CuO8,mp-aaaacdxb,1.032093050000004
Ca,Ca0-1.5Fe2(WO4)3,Fe2(WO4)3,Ca3Fe4(WO4)6,mp-aaachisa,2.755123683333331
Li,Li3-5Mn3(BO3)4,Li3Mn3(BO3)4,Li5Mn3(BO3)4,mp-aaabrpwi,3.298350808333329
Zn,Zn0-1VF5,VF5,VZnF5,mp-aaadedha,1.979230022499998
Mg,Mg0-1La2CrO6,La2CrO6,La2MgCrO6,mp-aaadbirz,3.476004234999995
Mg,Mg0-1Fe7(Ni3O8)2,Fe7(Ni3O8)2,MgFe7(Ni3O8)2,mp-aaabqyjb,0.6967948650000051
Li,Li0-6Mn3Sb(PO4)6,Mn3Sb(PO4)6,Li6Mn3Sb(PO4)6,mp-aaabscwh,3.908013398333333
Li,Li0-3Mo15Se19,Mo15Se19,Li3Mo15Se19,mp-aaabgllq,1.567536918333345
Li,Li0-1Sb(PO3)4,Sb(PO3)4,LiSb(PO3)4,mp-aaabmhms,5.080469228333347
Y,Y0-1BaCu4O7,BaCu4O7,BaYCu4O7,mp-aaachqop,3.529962547222218
Li,Li0-1.33MnNi(PO4)2,MnNi(PO4)2,Li4Mn3Ni3(PO4)6,mp-aaabrxou,3.759833933333344
Li,Li1-3VF6,LiVF6,Li3VF6,mp-aaabrgfg,4.332639462500002
Li,Li0-1CoPO4,CoPO4,LiCoPO4,mp-aaabsftx,4.408243143333334
Mg,Mg0-0.5CuO2F,CuO2F,MgCu2(O2F)2,mp-aaacesxw,1.889648675000001
Mg,Mg0-0.5Cu2O3,Cu2O3,Mg(Cu2O3)2,mp-aaachooi,3.3143101975
Li,Li0-1Fe(PO3)4,Fe(PO3)4,LiFe(PO3)4,mp-aaaabvdy,5.315603548333347
Zn,Zn0-3Ge3(MoO6)2,Ge3(MoO6)2,Zn3Ge3(MoO6)2,mp-aaaczqfs,0.8627094512500001
Mg,Mg0-0.5MoPO5,MoPO5,MgMo2(PO5)2,mp-aaabcsuc,1.882058205000004
Li,Li0-2Mn3SnO8,Mn3SnO8,Li2Mn3SnO8,mp-aaabwjbj,3.905928695833336
Li,Li0-3V4(OF3)3,V4(OF3)3,Li3V4(OF3)3,mp-aaabrfca,2.935099069999992
Li,Li4.5-6FeO4,Li9(FeO4)2,Li6FeO4,mp-aaabsbsn,2.286055730000001
Mg,Mg6-7VH16,Mg6VH16,Mg7VH16,mp-aaacptzk,0.360109554999998
Li,Li0-1.25NiO2,NiO2,Li5(NiO2)4,mp-aaaablqa,3.461818140333334
Ca,Ca0-1PrV2O6,PrV2O6,CaPrV2O6,mp-aaachllx,2.875560387500004
Li,Li0-1Sb(PO3)4,Sb(PO3)4,LiSb(PO3)4,mp-aaachmtq,4.489101543333324
Li,Li3-4VF6,Li3VF6,Li4VF6,mp-aaabrrpv,0.8973682083333301
Ca,Ca0-1LaFeSbO6,LaFeSbO6,CaLaFeSbO6,mp-aaachkjr,3.749965609999999
Zn,Zn0-1Cr(Si2O5)2,Cr(Si2O5)2,ZnCr(Si2O5)2,mp-aaacnapl,1.82821577
Li,Li4-6Fe2C4SO16,Li4Fe2C4SO16,Li6Fe2C4SO16,mp-aaabsmfz,3.488504268333334
Li,Li1-2NiO2,LiNiO2,Li2NiO2,mp-aaaablls,3.259315803333334
Mg,Mg0-1Zr(MoO4)2,Zr(MoO4)2,MgZr(MoO4)2,mp-aaabdbcy,0.787598495000002
Mg,Mg0-0.25NiO2,NiO2,Mg(NiO2)4,mp-aaadavfy,2.590131369999999
Zn,Zn0-0.5NiO2,NiO2,Zn(NiO2)2,mp-aaachpyo,2.463677164999996
Mg,Mg0-1Mn4ZnO8,Mn4ZnO8,MgMn4ZnO8,mp-aaachmsb,2.419356129999994
Zn,Zn0-2Mo3O8,Mo3O8,Zn2Mo3O8,mp-aaacxiel,1.579918456249999
Mg,Mg0-0.5Na2V2O5,Na2V2O5,Na4MgV4O10,mp-aaacuwlm,0.196112569999987
Li,Li2-4Ti2Fe3O10,Li2Ti2Fe3O10,Li4Ti2Fe3O10,mp-aaabrkgq,3.307200895833336
Li,Li0-4V3Co(PO4)4,V3Co(PO4)4,Li4V3Co(PO4)4,mp-aaabsbxr,2.738780853333328
Ca,Ca0-0.5Ge,Ge,CaGe2,mp-aaacitih,1.194819889999999
Mg,Mg0-1Ti2(PO4)3,Ti2(PO4)3,MgTi2(PO4)3,mp-aaabsbtx,2.603313405000013
Li,Li1-2Cu(PO3)4,LiCu(PO3)4,Li2Cu(PO3)4,mp-aaabmhoa,5.397232808333347
Zn,Zn0-1FeNiP2O9,FeNiP2O9,ZnFeNiP2O9,mp-aaachjvf,2.57271798
Mg,Mg0-0.5WO2,WO2,Mg(WO2)2,mp-aaachgji,1.368768506666666
Li,Li0-9P8W3O29,P8W3O29,Li9P8W3O29,mp-aaabseqe,3.609460312222221
Mg,Mg0-0.5W2O3,W2O3,Mg(W2O3)2,mp-aaadabsw,1.7665753950000012
Li,Li0-1MoP2O7,MoP2O7,LiMoP2O7,mp-aaaabmym,3.146628045833329
Y,Y0-2W2O7,W2O7,Y2W2O7,mp-aaacpbsy,2.923280783055555
Ca,Ca0-0.5VO2,VO2,CaV2O4,mp-aaacptgr,2.54234080375
Li,Li0-1Cr2(PO3)5,Cr2(PO3)5,LiCr2(PO3)5,mp-aaabydrc,3.330665333333319
Li,Li1-2FeSiO4,LiFeSiO4,Li2FeSiO4,mp-aaabrebb,2.792892350833338
Y,Y0.33-0.67CrO3,YCr3O9,Y2Cr3O9,mp-aaadbrfm,2.10667417222223
Li,Li1-2FeO3,LiFeO3,Li2FeO3,mp-aaabrbtd,3.784825368333334
Ca,Ca0-0.5CrO2,CrO2,CaCr2O4,mp-aaachhjl,3.837103744999999
Li,Li0-1V3OF11,V3OF11,LiV3OF11,mp-aaabskil,4.308334833333338
Li,Li0-2V2(SO4)3,V2(SO4)3,Li2V2(SO4)3,mp-aaabrvqj,2.678340250833334
Li,Li0-1V2(OF)3,V2(OF)3,LiV2(OF)3,mp-aaabwkwj,3.326765216666662
Li,Li4-6Mn5SbO12,Li4Mn5SbO12,Li6Mn5SbO12,mp-aaacozqv,2.690329913333333
Zn,Zn0-0.5CrO2,CrO2,ZnCr2O4,mp-aaadbayy,1.383134192500002
Ca,Ca0-2Cr9O13,Cr9O13,Ca2Cr9O13,mp-aaachncc,2.435695857499996
Ca,Ca0-1V4O9,V4O9,CaV4O9,mp-aaaczyxd,3.817617407499997
Zn,Zn0-1SrNi(PO4)2,SrNi(PO4)2,SrZnNi(PO4)2,mp-aaadqjmm,2.771617863749995
Mg,Mg2-3Ca,CaMg2,CaMg3,mp-aaachdor,0.04892589
Li,Li0-1BiP2O7,BiP2O7,LiBiP2O7,mp-aaaabmuc,4.821789003333326
Zn,Zn0-1VBiO5,VBiO5,VZnBiO5,mp-aaaczoyi,2.83134480875
Li,Li0-1V4OF11,V4OF11,LiV4OF11,mp-aaabrmws,2.7768945683333373
Li,Li0-1Sn4(PO4)3,Sn4(PO4)3,LiSn4(PO4)3,mp-aaaabnde,3.93069426833333
Li,Li0-2Cr3(CoO6)2,Cr3(CoO6)2,Li2Cr3(CoO6)2,mp-aaabrzca,4.74963052083334
Li,Li0-1CrPO4,CrPO4,LiCrPO4,mp-aaabngrb,3.297318635833332
Ca,Ca0-1V2O5,V2O5,CaV2O5,mp-aaaablkh,3.194323724999999
Al,Al0-1CrO3,CrO3,AlCrO3,mp-aaadbccs,2.727672965833333
Li,Li1-2MnFeO4,LiMnFeO4,Li2MnFeO4,mp-aaabqwoe,2.708853593333335
Mg,Mg0-1V3CoO8,V3CoO8,MgV3CoO8,mp-aaabqwzy,1.516025930000002
Zn,Zn0-1Pr(CoO3)2,Pr(CoO3)2,PrZn(CoO3)2,mp-aaadaixq,2.010583414999999
Li,Li0-1.5V(CO3)2,V(CO3)2,Li3V2(CO3)4,mp-aaabrlls,2.954002850000008
Li,Li2-4Ni3TeO8,Li2Ni3TeO8,Li4Ni3TeO8,mp-aaabrdhu,3.680825623333331
Mg,Mg0-0.5SnO2,SnO2,Mg(SnO2)2,mp-aaachpjx,1.094792399999996
Zn,Zn0-0.5CoO2,CoO2,Zn(CoO2)2,mp-aaachptv,1.7162865924999982
Ca,Ca1-2BiAsO6,CaBiAsO6,Ca2BiAsO6,mp-aaacyrdc,4.129638497499999
Li,Li1-2Ni(PO3)5,LiNi(PO3)5,Li2Ni(PO3)5,mp-aaabocxo,5.82735563333333
Mg,Mg0-1MnSbO4,MnSbO4,MgMnSbO4,mp-aaabqzqt,1.529762726250003
Mg,Mg0-0.5ZnFeSiO5,ZnFeSiO5,MgZn2Fe2(SiO5)2,mp-aaactlch,3.247110974999996
Li,Li0-2Mn3F8,Mn3F8,Li2Mn3F8,mp-aaabqviu,4.22596502583333
Li,Li0-3Cr3(NiO6)2,Cr3(NiO6)2,Li3Cr3(NiO6)2,mp-aaabsegh,4.111951858333332
Ca,Ca0-0.5NiO2,NiO2,Ca(NiO2)2,mp-aaachgii,3.903806800833332
